solid 
 facet normal  0.000000e+00 -3.355772e-02  9.994368e-01
   outer loop
     vertex -1.134000e+02  4.354278e+02 -1.004149e+02
     vertex -1.154000e+02  4.350182e+02 -1.004286e+02
     vertex -1.134000e+02  4.350182e+02 -1.004286e+02
   endloop
 endfacet
 facet normal  0.000000e+00 -3.355772e-02  9.994368e-01
   outer loop
     vertex -1.134000e+02  4.354278e+02 -1.004149e+02
     vertex -1.154000e+02  4.354278e+02 -1.004149e+02
     vertex -1.154000e+02  4.350182e+02 -1.004286e+02
   endloop
 endfacet
 facet normal  0.000000e+00 -2.717635e-01  9.623641e-01
   outer loop
     vertex -1.134000e+02  4.358222e+02 -1.003035e+02
     vertex -1.154000e+02  4.358222e+02 -1.003035e+02
     vertex -1.154000e+02  4.354278e+02 -1.004149e+02
   endloop
 endfacet
 facet normal  0.000000e+00 -2.717635e-01  9.623641e-01
   outer loop
     vertex -1.134000e+02  4.358222e+02 -1.003035e+02
     vertex -1.154000e+02  4.354278e+02 -1.004149e+02
     vertex -1.134000e+02  4.354278e+02 -1.004149e+02
   endloop
 endfacet
 facet normal  0.000000e+00 -6.878675e-01  7.258363e-01
   outer loop
     vertex -1.134000e+02  4.361785e+02 -1.001010e+02
     vertex -1.154000e+02  4.364760e+02 -9.981907e+01
     vertex -1.154000e+02  4.361785e+02 -1.001010e+02
   endloop
 endfacet
 facet normal  0.000000e+00 -4.941753e-01  8.693623e-01
   outer loop
     vertex -1.134000e+02  4.361785e+02 -1.001010e+02
     vertex -1.154000e+02  4.361785e+02 -1.001010e+02
     vertex -1.154000e+02  4.358222e+02 -1.003035e+02
   endloop
 endfacet
 facet normal  0.000000e+00 -4.941753e-01  8.693623e-01
   outer loop
     vertex -1.134000e+02  4.361785e+02 -1.001010e+02
     vertex -1.154000e+02  4.358222e+02 -1.003035e+02
     vertex -1.134000e+02  4.358222e+02 -1.003035e+02
   endloop
 endfacet
 facet normal  5.157377e-15 -6.878675e-01  7.258363e-01
   outer loop
     vertex -1.134000e+02  4.364760e+02 -9.981907e+01
     vertex -1.154000e+02  4.364760e+02 -9.981907e+01
     vertex -1.134000e+02  4.361785e+02 -1.001010e+02
   endloop
 endfacet
 facet normal  3.837836e-15 -8.415833e-01  5.401273e-01
   outer loop
     vertex -1.134000e+02  4.366974e+02 -9.947416e+01
     vertex -1.154000e+02  4.366974e+02 -9.947416e+01
     vertex -1.154000e+02  4.364760e+02 -9.981907e+01
   endloop
 endfacet
 facet normal  3.826490e-15 -8.415833e-01  5.401273e-01
   outer loop
     vertex -1.134000e+02  4.366974e+02 -9.947416e+01
     vertex -1.154000e+02  4.364760e+02 -9.981907e+01
     vertex -1.134000e+02  4.364760e+02 -9.981907e+01
   endloop
 endfacet
 facet normal  0.000000e+00 -9.463894e-01  3.230282e-01
   outer loop
     vertex -1.134000e+02  4.368297e+02 -9.908631e+01
     vertex -1.154000e+02  4.368297e+02 -9.908631e+01
     vertex -1.154000e+02  4.366974e+02 -9.947416e+01
   endloop
 endfacet
 facet normal  2.294201e-15 -9.463894e-01  3.230282e-01
   outer loop
     vertex -1.134000e+02  4.368297e+02 -9.908631e+01
     vertex -1.154000e+02  4.366974e+02 -9.947416e+01
     vertex -1.134000e+02  4.366974e+02 -9.947416e+01
   endloop
 endfacet
 facet normal  6.192788e-16 -9.961947e-01  8.715574e-02
   outer loop
     vertex -1.134000e+02  4.368655e+02 -9.867805e+01
     vertex -1.154000e+02  4.368655e+02 -9.867805e+01
     vertex -1.154000e+02  4.368297e+02 -9.908631e+01
   endloop
 endfacet
 facet normal  0.000000e+00 -9.961947e-01  8.715574e-02
   outer loop
     vertex -1.134000e+02  4.368655e+02 -9.867805e+01
     vertex -1.154000e+02  4.368297e+02 -9.908631e+01
     vertex -1.134000e+02  4.368297e+02 -9.908631e+01
   endloop
 endfacet
 facet normal -1.092686e-15 -9.881048e-01 -1.537818e-01
   outer loop
     vertex -1.134000e+02  4.368024e+02 -9.827310e+01
     vertex -1.154000e+02  4.368024e+02 -9.827310e+01
     vertex -1.154000e+02  4.368655e+02 -9.867805e+01
   endloop
 endfacet
 facet normal -1.092073e-15 -9.881048e-01 -1.537818e-01
   outer loop
     vertex -1.134000e+02  4.368024e+02 -9.827310e+01
     vertex -1.154000e+02  4.368655e+02 -9.867805e+01
     vertex -1.134000e+02  4.368655e+02 -9.867805e+01
   endloop
 endfacet
 facet normal -2.741147e-15 -9.225899e-01 -3.857822e-01
   outer loop
     vertex -1.134000e+02  4.366443e+02 -9.789500e+01
     vertex -1.154000e+02  4.366443e+02 -9.789500e+01
     vertex -1.154000e+02  4.368024e+02 -9.827310e+01
   endloop
 endfacet
 facet normal -2.742882e-15 -9.225899e-01 -3.857822e-01
   outer loop
     vertex -1.134000e+02  4.366443e+02 -9.789500e+01
     vertex -1.154000e+02  4.368024e+02 -9.827310e+01
     vertex -1.134000e+02  4.368024e+02 -9.827310e+01
   endloop
 endfacet
 facet normal -0.000000e+00 -8.034574e-01 -5.953623e-01
   outer loop
     vertex -1.134000e+02  4.364003e+02 -9.756572e+01
     vertex -1.154000e+02  4.364003e+02 -9.756572e+01
     vertex -1.154000e+02  4.366443e+02 -9.789500e+01
   endloop
 endfacet
 facet normal -4.232843e-15 -8.034574e-01 -5.953623e-01
   outer loop
     vertex -1.134000e+02  4.364003e+02 -9.756572e+01
     vertex -1.154000e+02  4.366443e+02 -9.789500e+01
     vertex -1.134000e+02  4.366443e+02 -9.789500e+01
   endloop
 endfacet
 facet normal -5.473610e-15 -6.376309e-01 -7.703421e-01
   outer loop
     vertex -1.134000e+02  4.360846e+02 -9.730440e+01
     vertex -1.154000e+02  4.360846e+02 -9.730440e+01
     vertex -1.154000e+02  4.364003e+02 -9.756572e+01
   endloop
 endfacet
 facet normal  0.000000e+00 -6.376309e-01 -7.703421e-01
   outer loop
     vertex -1.134000e+02  4.360846e+02 -9.730440e+01
     vertex -1.154000e+02  4.364003e+02 -9.756572e+01
     vertex -1.134000e+02  4.364003e+02 -9.756572e+01
   endloop
 endfacet
 facet normal -6.398809e-15 -4.347475e-01 -9.005524e-01
   outer loop
     vertex -1.134000e+02  4.357156e+02 -9.712623e+01
     vertex -1.154000e+02  4.357156e+02 -9.712623e+01
     vertex -1.154000e+02  4.360846e+02 -9.730440e+01
   endloop
 endfacet
 facet normal -6.400058e-15 -4.347475e-01 -9.005524e-01
   outer loop
     vertex -1.134000e+02  4.357156e+02 -9.712623e+01
     vertex -1.154000e+02  4.360846e+02 -9.730440e+01
     vertex -1.134000e+02  4.360846e+02 -9.730440e+01
   endloop
 endfacet
 facet normal -6.952134e-15 -2.065983e-01 -9.784259e-01
   outer loop
     vertex -1.134000e+02  4.353146e+02 -9.704156e+01
     vertex -1.154000e+02  4.353146e+02 -9.704156e+01
     vertex -1.154000e+02  4.357156e+02 -9.712623e+01
   endloop
 endfacet
 facet normal -6.950327e-15 -2.065983e-01 -9.784259e-01
   outer loop
     vertex -1.134000e+02  4.353146e+02 -9.704156e+01
     vertex -1.154000e+02  4.357156e+02 -9.712623e+01
     vertex -1.134000e+02  4.357156e+02 -9.712623e+01
   endloop
 endfacet
 facet normal  0.000000e+00 -3.355772e-02  9.994368e-01
   outer loop
     vertex -1.134000e+02  4.427941e+02 -1.206798e+02
     vertex -1.154000e+02  4.423845e+02 -1.206935e+02
     vertex -1.134000e+02  4.423845e+02 -1.206935e+02
   endloop
 endfacet
 facet normal -7.101425e-15 -3.355772e-02  9.994368e-01
   outer loop
     vertex -1.134000e+02  4.427941e+02 -1.206798e+02
     vertex -1.154000e+02  4.427941e+02 -1.206798e+02
     vertex -1.154000e+02  4.423845e+02 -1.206935e+02
   endloop
 endfacet
 facet normal  0.000000e+00 -2.717635e-01  9.623641e-01
   outer loop
     vertex -1.134000e+02  4.431885e+02 -1.205684e+02
     vertex -1.154000e+02  4.431885e+02 -1.205684e+02
     vertex -1.154000e+02  4.427941e+02 -1.206798e+02
   endloop
 endfacet
 facet normal -6.831808e-15 -2.717635e-01  9.623641e-01
   outer loop
     vertex -1.134000e+02  4.431885e+02 -1.205684e+02
     vertex -1.154000e+02  4.427941e+02 -1.206798e+02
     vertex -1.134000e+02  4.427941e+02 -1.206798e+02
   endloop
 endfacet
 facet normal -1.439299e-14 -6.878675e-01  7.258363e-01
   outer loop
     vertex -1.134000e+02  4.435447e+02 -1.203659e+02
     vertex -1.154000e+02  4.438422e+02 -1.200840e+02
     vertex -1.154000e+02  4.435447e+02 -1.203659e+02
   endloop
 endfacet
 facet normal -7.868117e-15 -4.941753e-01  8.693623e-01
   outer loop
     vertex -1.134000e+02  4.435447e+02 -1.203659e+02
     vertex -1.154000e+02  4.435447e+02 -1.203659e+02
     vertex -1.154000e+02  4.431885e+02 -1.205684e+02
   endloop
 endfacet
 facet normal  0.000000e+00 -4.941753e-01  8.693623e-01
   outer loop
     vertex -1.134000e+02  4.435447e+02 -1.203659e+02
     vertex -1.154000e+02  4.431885e+02 -1.205684e+02
     vertex -1.134000e+02  4.431885e+02 -1.205684e+02
   endloop
 endfacet
 facet normal  0.000000e+00 -6.878675e-01  7.258363e-01
   outer loop
     vertex -1.134000e+02  4.438422e+02 -1.200840e+02
     vertex -1.154000e+02  4.438422e+02 -1.200840e+02
     vertex -1.134000e+02  4.435447e+02 -1.203659e+02
   endloop
 endfacet
 facet normal  3.837836e-15 -8.415833e-01  5.401273e-01
   outer loop
     vertex -1.134000e+02  4.440636e+02 -1.197391e+02
     vertex -1.154000e+02  4.440636e+02 -1.197391e+02
     vertex -1.154000e+02  4.438422e+02 -1.200840e+02
   endloop
 endfacet
 facet normal  0.000000e+00 -8.415833e-01  5.401273e-01
   outer loop
     vertex -1.134000e+02  4.440636e+02 -1.197391e+02
     vertex -1.154000e+02  4.438422e+02 -1.200840e+02
     vertex -1.134000e+02  4.438422e+02 -1.200840e+02
   endloop
 endfacet
 facet normal  0.000000e+00 -9.463894e-01  3.230282e-01
   outer loop
     vertex -1.134000e+02  4.441959e+02 -1.193512e+02
     vertex -1.154000e+02  4.441959e+02 -1.193512e+02
     vertex -1.154000e+02  4.440636e+02 -1.197391e+02
   endloop
 endfacet
 facet normal  2.294201e-15 -9.463894e-01  3.230282e-01
   outer loop
     vertex -1.134000e+02  4.441959e+02 -1.193512e+02
     vertex -1.154000e+02  4.440636e+02 -1.197391e+02
     vertex -1.134000e+02  4.440636e+02 -1.197391e+02
   endloop
 endfacet
 facet normal  6.192788e-16 -9.961947e-01  8.715574e-02
   outer loop
     vertex -1.134000e+02  4.442317e+02 -1.189430e+02
     vertex -1.154000e+02  4.442317e+02 -1.189430e+02
     vertex -1.154000e+02  4.441959e+02 -1.193512e+02
   endloop
 endfacet
 facet normal  0.000000e+00 -9.961947e-01  8.715574e-02
   outer loop
     vertex -1.134000e+02  4.442317e+02 -1.189430e+02
     vertex -1.154000e+02  4.441959e+02 -1.193512e+02
     vertex -1.134000e+02  4.441959e+02 -1.193512e+02
   endloop
 endfacet
 facet normal -0.000000e+00 -9.881048e-01 -1.537818e-01
   outer loop
     vertex -1.134000e+02  4.441686e+02 -1.185380e+02
     vertex -1.154000e+02  4.441686e+02 -1.185380e+02
     vertex -1.154000e+02  4.442317e+02 -1.189430e+02
   endloop
 endfacet
 facet normal -1.092073e-15 -9.881048e-01 -1.537818e-01
   outer loop
     vertex -1.134000e+02  4.441686e+02 -1.185380e+02
     vertex -1.154000e+02  4.442317e+02 -1.189430e+02
     vertex -1.134000e+02  4.442317e+02 -1.189430e+02
   endloop
 endfacet
 facet normal -2.741147e-15 -9.225899e-01 -3.857822e-01
   outer loop
     vertex -1.134000e+02  4.440105e+02 -1.181599e+02
     vertex -1.154000e+02  4.440105e+02 -1.181599e+02
     vertex -1.154000e+02  4.441686e+02 -1.185380e+02
   endloop
 endfacet
 facet normal  0.000000e+00 -9.225899e-01 -3.857822e-01
   outer loop
     vertex -1.134000e+02  4.440105e+02 -1.181599e+02
     vertex -1.154000e+02  4.441686e+02 -1.185380e+02
     vertex -1.134000e+02  4.441686e+02 -1.185380e+02
   endloop
 endfacet
 facet normal -0.000000e+00 -8.034574e-01 -5.953623e-01
   outer loop
     vertex -1.134000e+02  4.437665e+02 -1.178306e+02
     vertex -1.154000e+02  4.437665e+02 -1.178306e+02
     vertex -1.154000e+02  4.440105e+02 -1.181599e+02
   endloop
 endfacet
 facet normal -4.232843e-15 -8.034574e-01 -5.953623e-01
   outer loop
     vertex -1.134000e+02  4.437665e+02 -1.178306e+02
     vertex -1.154000e+02  4.440105e+02 -1.181599e+02
     vertex -1.134000e+02  4.440105e+02 -1.181599e+02
   endloop
 endfacet
 facet normal -5.473610e-15 -6.376309e-01 -7.703421e-01
   outer loop
     vertex -1.134000e+02  4.434508e+02 -1.175693e+02
     vertex -1.154000e+02  4.434508e+02 -1.175693e+02
     vertex -1.154000e+02  4.437665e+02 -1.178306e+02
   endloop
 endfacet
 facet normal  0.000000e+00 -6.376309e-01 -7.703421e-01
   outer loop
     vertex -1.134000e+02  4.434508e+02 -1.175693e+02
     vertex -1.154000e+02  4.437665e+02 -1.178306e+02
     vertex -1.134000e+02  4.437665e+02 -1.178306e+02
   endloop
 endfacet
 facet normal  1.875508e-14 -4.347475e-01 -9.005524e-01
   outer loop
     vertex -1.134000e+02  4.430818e+02 -1.173911e+02
     vertex -1.154000e+02  4.430818e+02 -1.173911e+02
     vertex -1.154000e+02  4.434508e+02 -1.175693e+02
   endloop
 endfacet
 facet normal -6.400058e-15 -4.347475e-01 -9.005524e-01
   outer loop
     vertex -1.134000e+02  4.430818e+02 -1.173911e+02
     vertex -1.154000e+02  4.434508e+02 -1.175693e+02
     vertex -1.134000e+02  4.434508e+02 -1.175693e+02
   endloop
 endfacet
 facet normal -0.000000e+00 -2.065983e-01 -9.784259e-01
   outer loop
     vertex -1.134000e+02  4.426808e+02 -1.173065e+02
     vertex -1.154000e+02  4.426808e+02 -1.173065e+02
     vertex -1.154000e+02  4.430818e+02 -1.173911e+02
   endloop
 endfacet
 facet normal  1.282551e-14 -2.065983e-01 -9.784259e-01
   outer loop
     vertex -1.134000e+02  4.426808e+02 -1.173065e+02
     vertex -1.154000e+02  4.430818e+02 -1.173911e+02
     vertex -1.134000e+02  4.430818e+02 -1.173911e+02
   endloop
 endfacet
 facet normal  1.305262e-01 -0.000000e+00  9.914449e-01
   outer loop
     vertex -1.346795e+02  3.805000e+02 -9.977696e+01
     vertex -1.346795e+02  3.825000e+02 -9.977696e+01
     vertex -1.347227e+02  3.825000e+02 -9.977127e+01
   endloop
 endfacet
 facet normal  2.164396e-01 -0.000000e+00  9.762960e-01
   outer loop
     vertex -1.346795e+02  3.805000e+02 -9.977696e+01
     vertex -1.346369e+02  3.825000e+02 -9.978640e+01
     vertex -1.346795e+02  3.825000e+02 -9.977696e+01
   endloop
 endfacet
 facet normal  2.164396e-01 -3.075926e-15  9.762960e-01
   outer loop
     vertex -1.346795e+02  3.805000e+02 -9.977696e+01
     vertex -1.346369e+02  3.805000e+02 -9.978640e+01
     vertex -1.346369e+02  3.825000e+02 -9.978640e+01
   endloop
 endfacet
 facet normal  1.305262e-01  1.854889e-15  9.914449e-01
   outer loop
     vertex -1.347227e+02  3.805000e+02 -9.977127e+01
     vertex -1.346795e+02  3.805000e+02 -9.977696e+01
     vertex -1.347227e+02  3.825000e+02 -9.977127e+01
   endloop
 endfacet
 facet normal  4.361939e-02  6.198688e-16  9.990482e-01
   outer loop
     vertex -1.347663e+02  3.805000e+02 -9.976937e+01
     vertex -1.347227e+02  3.825000e+02 -9.977127e+01
     vertex -1.347663e+02  3.825000e+02 -9.976937e+01
   endloop
 endfacet
 facet normal  4.361939e-02  6.198457e-16  9.990482e-01
   outer loop
     vertex -1.347663e+02  3.805000e+02 -9.976937e+01
     vertex -1.347227e+02  3.805000e+02 -9.977127e+01
     vertex -1.347227e+02  3.825000e+02 -9.977127e+01
   endloop
 endfacet
 facet normal -1.205367e-01 -8.766217e-15  9.927089e-01
   outer loop
     vertex -1.520932e+02  3.805000e+02 -7.165060e+01
     vertex -1.525000e+02  3.825000e+02 -7.170000e+01
     vertex -1.525000e+02  3.805000e+02 -7.170000e+01
   endloop
 endfacet
 facet normal -1.205367e-01 -1.712929e-15  9.927089e-01
   outer loop
     vertex -1.520932e+02  3.805000e+02 -7.165060e+01
     vertex -1.520932e+02  3.825000e+02 -7.165060e+01
     vertex -1.525000e+02  3.825000e+02 -7.170000e+01
   endloop
 endfacet
 facet normal -3.546049e-01 -1.168293e-14  9.350162e-01
   outer loop
     vertex -1.517100e+02  3.805000e+02 -7.150528e+01
     vertex -1.517100e+02  3.825000e+02 -7.150528e+01
     vertex -1.520932e+02  3.825000e+02 -7.165060e+01
   endloop
 endfacet
 facet normal -3.546049e-01 -5.037083e-15  9.350162e-01
   outer loop
     vertex -1.517100e+02  3.805000e+02 -7.150528e+01
     vertex -1.520932e+02  3.825000e+02 -7.165060e+01
     vertex -1.520932e+02  3.805000e+02 -7.165060e+01
   endloop
 endfacet
 facet normal -5.680647e-01  0.000000e+00  8.229839e-01
   outer loop
     vertex -1.513727e+02  3.805000e+02 -7.127247e+01
     vertex -1.513727e+02  3.825000e+02 -7.127247e+01
     vertex -1.517100e+02  3.825000e+02 -7.150528e+01
   endloop
 endfacet
 facet normal -5.680647e-01 -1.391759e-14  8.229839e-01
   outer loop
     vertex -1.513727e+02  3.805000e+02 -7.127247e+01
     vertex -1.517100e+02  3.825000e+02 -7.150528e+01
     vertex -1.517100e+02  3.805000e+02 -7.150528e+01
   endloop
 endfacet
 facet normal -7.485107e-01  4.711770e-15  6.631227e-01
   outer loop
     vertex -1.511009e+02  3.805000e+02 -7.096571e+01
     vertex -1.511009e+02  3.825000e+02 -7.096571e+01
     vertex -1.513727e+02  3.825000e+02 -7.127247e+01
   endloop
 endfacet
 facet normal -7.485107e-01  0.000000e+00  6.631227e-01
   outer loop
     vertex -1.511009e+02  3.805000e+02 -7.096571e+01
     vertex -1.513727e+02  3.825000e+02 -7.127247e+01
     vertex -1.513727e+02  3.805000e+02 -7.127247e+01
   endloop
 endfacet
 facet normal -8.854560e-01 -1.258309e-14  4.647232e-01
   outer loop
     vertex -1.509105e+02  3.805000e+02 -7.060283e+01
     vertex -1.509105e+02  3.825000e+02 -7.060283e+01
     vertex -1.511009e+02  3.825000e+02 -7.096571e+01
   endloop
 endfacet
 facet normal -8.854560e-01  3.301617e-15  4.647232e-01
   outer loop
     vertex -1.509105e+02  3.805000e+02 -7.060283e+01
     vertex -1.511009e+02  3.825000e+02 -7.096571e+01
     vertex -1.511009e+02  3.805000e+02 -7.096571e+01
   endloop
 endfacet
 facet normal -9.709418e-01 -2.929627e-14  2.393157e-01
   outer loop
     vertex -1.508124e+02  3.805000e+02 -7.020491e+01
     vertex -1.508124e+02  3.825000e+02 -7.020491e+01
     vertex -1.509105e+02  3.825000e+02 -7.060283e+01
   endloop
 endfacet
 facet normal -9.709418e-01 -1.379907e-14  2.393157e-01
   outer loop
     vertex -1.508124e+02  3.805000e+02 -7.020491e+01
     vertex -1.509105e+02  3.825000e+02 -7.060283e+01
     vertex -1.509105e+02  3.805000e+02 -7.060283e+01
   endloop
 endfacet
 facet normal -1.000000e+00 -2.842171e-14 -3.942142e-27
   outer loop
     vertex -1.508124e+02  3.805000e+02 -6.979509e+01
     vertex -1.508124e+02  3.825000e+02 -6.979509e+01
     vertex -1.508124e+02  3.825000e+02 -7.020491e+01
   endloop
 endfacet
 facet normal -1.000000e+00 -2.842171e-14 -0.000000e+00
   outer loop
     vertex -1.508124e+02  3.805000e+02 -6.979509e+01
     vertex -1.508124e+02  3.825000e+02 -7.020491e+01
     vertex -1.508124e+02  3.805000e+02 -7.020491e+01
   endloop
 endfacet
 facet normal -9.709418e-01  1.700440e-15 -2.393157e-01
   outer loop
     vertex -1.509105e+02  3.805000e+02 -6.939717e+01
     vertex -1.509105e+02  3.825000e+02 -6.939717e+01
     vertex -1.508124e+02  3.825000e+02 -6.979509e+01
   endloop
 endfacet
 facet normal -9.709418e-01 -2.759813e-14 -2.393157e-01
   outer loop
     vertex -1.509105e+02  3.805000e+02 -6.939717e+01
     vertex -1.508124e+02  3.825000e+02 -6.979509e+01
     vertex -1.508124e+02  3.805000e+02 -6.979509e+01
   endloop
 endfacet
 facet normal -8.854560e-01  0.000000e+00 -4.647232e-01
   outer loop
     vertex -1.511009e+02  3.805000e+02 -6.903429e+01
     vertex -1.511009e+02  3.825000e+02 -6.903429e+01
     vertex -1.509105e+02  3.825000e+02 -6.939717e+01
   endloop
 endfacet
 facet normal -8.854560e-01  3.301617e-15 -4.647232e-01
   outer loop
     vertex -1.511009e+02  3.805000e+02 -6.903429e+01
     vertex -1.509105e+02  3.825000e+02 -6.939717e+01
     vertex -1.509105e+02  3.805000e+02 -6.939717e+01
   endloop
 endfacet
 facet normal -7.485107e-01  4.711770e-15 -6.631227e-01
   outer loop
     vertex -1.513727e+02  3.805000e+02 -6.872753e+01
     vertex -1.513727e+02  3.825000e+02 -6.872753e+01
     vertex -1.511009e+02  3.825000e+02 -6.903429e+01
   endloop
 endfacet
 facet normal -7.485107e-01  0.000000e+00 -6.631227e-01
   outer loop
     vertex -1.513727e+02  3.805000e+02 -6.872753e+01
     vertex -1.511009e+02  3.825000e+02 -6.903429e+01
     vertex -1.511009e+02  3.805000e+02 -6.903429e+01
   endloop
 endfacet
 facet normal -5.680647e-01 -5.847652e-15 -8.229839e-01
   outer loop
     vertex -1.517100e+02  3.805000e+02 -6.849472e+01
     vertex -1.517100e+02  3.825000e+02 -6.849472e+01
     vertex -1.513727e+02  3.825000e+02 -6.872753e+01
   endloop
 endfacet
 facet normal -5.680647e-01  5.841323e-15 -8.229839e-01
   outer loop
     vertex -1.517100e+02  3.805000e+02 -6.849472e+01
     vertex -1.513727e+02  3.825000e+02 -6.872753e+01
     vertex -1.513727e+02  3.805000e+02 -6.872753e+01
   endloop
 endfacet
 facet normal -3.546049e-01  1.168293e-14 -9.350162e-01
   outer loop
     vertex -1.520932e+02  3.805000e+02 -6.834940e+01
     vertex -1.520932e+02  3.825000e+02 -6.834940e+01
     vertex -1.517100e+02  3.825000e+02 -6.849472e+01
   endloop
 endfacet
 facet normal -3.546049e-01 -6.637097e-15 -9.350162e-01
   outer loop
     vertex -1.520932e+02  3.805000e+02 -6.834940e+01
     vertex -1.517100e+02  3.825000e+02 -6.849472e+01
     vertex -1.517100e+02  3.805000e+02 -6.849472e+01
   endloop
 endfacet
 facet normal -1.205367e-01  0.000000e+00 -9.927089e-01
   outer loop
     vertex -1.525000e+02  3.805000e+02 -6.830000e+01
     vertex -1.525000e+02  3.825000e+02 -6.830000e+01
     vertex -1.520932e+02  3.825000e+02 -6.834940e+01
   endloop
 endfacet
 facet normal -1.205367e-01  8.766217e-15 -9.927089e-01
   outer loop
     vertex -1.525000e+02  3.805000e+02 -6.830000e+01
     vertex -1.520932e+02  3.825000e+02 -6.834940e+01
     vertex -1.520932e+02  3.805000e+02 -6.834940e+01
   endloop
 endfacet
 facet normal -1.205367e-01  0.000000e+00  9.927089e-01
   outer loop
     vertex -1.304425e+02  3.805000e+02 -1.091506e+02
     vertex -1.308494e+02  3.825000e+02 -1.092000e+02
     vertex -1.308494e+02  3.805000e+02 -1.092000e+02
   endloop
 endfacet
 facet normal -1.205367e-01  7.053621e-15  9.927089e-01
   outer loop
     vertex -1.304425e+02  3.805000e+02 -1.091506e+02
     vertex -1.304425e+02  3.825000e+02 -1.091506e+02
     vertex -1.308494e+02  3.825000e+02 -1.092000e+02
   endloop
 endfacet
 facet normal -3.546049e-01  6.643690e-15  9.350162e-01
   outer loop
     vertex -1.300593e+02  3.805000e+02 -1.090053e+02
     vertex -1.300593e+02  3.825000e+02 -1.090053e+02
     vertex -1.304425e+02  3.825000e+02 -1.091506e+02
   endloop
 endfacet
 facet normal -3.546049e-01  6.645563e-15  9.350162e-01
   outer loop
     vertex -1.300593e+02  3.805000e+02 -1.090053e+02
     vertex -1.304425e+02  3.825000e+02 -1.091506e+02
     vertex -1.304425e+02  3.805000e+02 -1.091506e+02
   endloop
 endfacet
 facet normal -5.680647e-01  0.000000e+00  8.229839e-01
   outer loop
     vertex -1.297221e+02  3.805000e+02 -1.087725e+02
     vertex -1.297221e+02  3.825000e+02 -1.087725e+02
     vertex -1.300593e+02  3.825000e+02 -1.090053e+02
   endloop
 endfacet
 facet normal -5.680647e-01  5.841323e-15  8.229839e-01
   outer loop
     vertex -1.297221e+02  3.805000e+02 -1.087725e+02
     vertex -1.300593e+02  3.825000e+02 -1.090053e+02
     vertex -1.300593e+02  3.805000e+02 -1.090053e+02
   endloop
 endfacet
 facet normal -7.485107e-01  4.711770e-15  6.631227e-01
   outer loop
     vertex -1.294503e+02  3.805000e+02 -1.084657e+02
     vertex -1.294503e+02  3.825000e+02 -1.084657e+02
     vertex -1.297221e+02  3.825000e+02 -1.087725e+02
   endloop
 endfacet
 facet normal -7.485107e-01  0.000000e+00  6.631227e-01
   outer loop
     vertex -1.294503e+02  3.805000e+02 -1.084657e+02
     vertex -1.297221e+02  3.825000e+02 -1.087725e+02
     vertex -1.297221e+02  3.805000e+02 -1.087725e+02
   endloop
 endfacet
 facet normal -8.854560e-01  0.000000e+00  4.647232e-01
   outer loop
     vertex -1.292598e+02  3.805000e+02 -1.081028e+02
     vertex -1.292598e+02  3.825000e+02 -1.081028e+02
     vertex -1.294503e+02  3.825000e+02 -1.084657e+02
   endloop
 endfacet
 facet normal -8.854560e-01  3.301617e-15  4.647232e-01
   outer loop
     vertex -1.292598e+02  3.805000e+02 -1.081028e+02
     vertex -1.294503e+02  3.825000e+02 -1.084657e+02
     vertex -1.294503e+02  3.805000e+02 -1.084657e+02
   endloop
 endfacet
 facet normal -9.709418e-01  0.000000e+00  2.393157e-01
   outer loop
     vertex -1.291618e+02  3.805000e+02 -1.077049e+02
     vertex -1.291618e+02  3.825000e+02 -1.077049e+02
     vertex -1.292598e+02  3.825000e+02 -1.081028e+02
   endloop
 endfacet
 facet normal -9.709418e-01  0.000000e+00  2.393157e-01
   outer loop
     vertex -1.291618e+02  3.805000e+02 -1.077049e+02
     vertex -1.292598e+02  3.825000e+02 -1.081028e+02
     vertex -1.292598e+02  3.805000e+02 -1.081028e+02
   endloop
 endfacet
 facet normal -1.000000e+00  0.000000e+00  0.000000e+00
   outer loop
     vertex -1.291618e+02  3.805000e+02 -1.072951e+02
     vertex -1.291618e+02  3.825000e+02 -1.072951e+02
     vertex -1.291618e+02  3.825000e+02 -1.077049e+02
   endloop
 endfacet
 facet normal -1.000000e+00  0.000000e+00  0.000000e+00
   outer loop
     vertex -1.291618e+02  3.805000e+02 -1.072951e+02
     vertex -1.291618e+02  3.825000e+02 -1.077049e+02
     vertex -1.291618e+02  3.805000e+02 -1.077049e+02
   endloop
 endfacet
 facet normal -9.709418e-01  0.000000e+00 -2.393157e-01
   outer loop
     vertex -1.292598e+02  3.805000e+02 -1.068972e+02
     vertex -1.292598e+02  3.825000e+02 -1.068972e+02
     vertex -1.291618e+02  3.825000e+02 -1.072951e+02
   endloop
 endfacet
 facet normal -9.709418e-01  0.000000e+00 -2.393157e-01
   outer loop
     vertex -1.292598e+02  3.805000e+02 -1.068972e+02
     vertex -1.291618e+02  3.825000e+02 -1.072951e+02
     vertex -1.291618e+02  3.805000e+02 -1.072951e+02
   endloop
 endfacet
 facet normal -8.854560e-01  3.302057e-15 -4.647232e-01
   outer loop
     vertex -1.294503e+02  3.805000e+02 -1.065343e+02
     vertex -1.294503e+02  3.825000e+02 -1.065343e+02
     vertex -1.292598e+02  3.825000e+02 -1.068972e+02
   endloop
 endfacet
 facet normal -8.854560e-01  0.000000e+00 -4.647232e-01
   outer loop
     vertex -1.294503e+02  3.805000e+02 -1.065343e+02
     vertex -1.292598e+02  3.825000e+02 -1.068972e+02
     vertex -1.292598e+02  3.805000e+02 -1.068972e+02
   endloop
 endfacet
 facet normal -7.485107e-01 -4.711770e-15 -6.631227e-01
   outer loop
     vertex -1.297221e+02  3.805000e+02 -1.062275e+02
     vertex -1.297221e+02  3.825000e+02 -1.062275e+02
     vertex -1.294503e+02  3.825000e+02 -1.065343e+02
   endloop
 endfacet
 facet normal -7.485107e-01  4.706921e-15 -6.631227e-01
   outer loop
     vertex -1.297221e+02  3.805000e+02 -1.062275e+02
     vertex -1.294503e+02  3.825000e+02 -1.065343e+02
     vertex -1.294503e+02  3.805000e+02 -1.065343e+02
   endloop
 endfacet
 facet normal -5.680647e-01  0.000000e+00 -8.229839e-01
   outer loop
     vertex -1.300593e+02  3.805000e+02 -1.059947e+02
     vertex -1.300593e+02  3.825000e+02 -1.059947e+02
     vertex -1.297221e+02  3.825000e+02 -1.062275e+02
   endloop
 endfacet
 facet normal -5.680647e-01 -5.841323e-15 -8.229839e-01
   outer loop
     vertex -1.300593e+02  3.805000e+02 -1.059947e+02
     vertex -1.297221e+02  3.825000e+02 -1.062275e+02
     vertex -1.297221e+02  3.805000e+02 -1.062275e+02
   endloop
 endfacet
 facet normal -3.546049e-01  6.643690e-15 -9.350162e-01
   outer loop
     vertex -1.304425e+02  3.805000e+02 -1.058494e+02
     vertex -1.304425e+02  3.825000e+02 -1.058494e+02
     vertex -1.300593e+02  3.825000e+02 -1.059947e+02
   endloop
 endfacet
 facet normal -3.546049e-01  0.000000e+00 -9.350162e-01
   outer loop
     vertex -1.304425e+02  3.805000e+02 -1.058494e+02
     vertex -1.300593e+02  3.825000e+02 -1.059947e+02
     vertex -1.300593e+02  3.805000e+02 -1.059947e+02
   endloop
 endfacet
 facet normal -1.205367e-01  0.000000e+00 -9.927089e-01
   outer loop
     vertex -1.308494e+02  3.805000e+02 -1.058000e+02
     vertex -1.308494e+02  3.825000e+02 -1.058000e+02
     vertex -1.304425e+02  3.825000e+02 -1.058494e+02
   endloop
 endfacet
 facet normal -1.205367e-01  7.051916e-15 -9.927089e-01
   outer loop
     vertex -1.308494e+02  3.805000e+02 -1.058000e+02
     vertex -1.304425e+02  3.825000e+02 -1.058494e+02
     vertex -1.304425e+02  3.805000e+02 -1.058494e+02
   endloop
 endfacet
 facet normal -1.205367e-01  7.056149e-15  9.927089e-01
   outer loop
     vertex -1.304425e+02  3.805000e+02 -8.415060e+01
     vertex -1.308494e+02  3.825000e+02 -8.420000e+01
     vertex -1.308494e+02  3.805000e+02 -8.420000e+01
   endloop
 endfacet
 facet normal -1.205367e-01 -1.712929e-15  9.927089e-01
   outer loop
     vertex -1.304425e+02  3.805000e+02 -8.415060e+01
     vertex -1.304425e+02  3.825000e+02 -8.415060e+01
     vertex -1.308494e+02  3.825000e+02 -8.420000e+01
   endloop
 endfacet
 facet normal -3.546049e-01 -5.039239e-15  9.350162e-01
   outer loop
     vertex -1.300593e+02  3.805000e+02 -8.400528e+01
     vertex -1.300593e+02  3.825000e+02 -8.400528e+01
     vertex -1.304425e+02  3.825000e+02 -8.415060e+01
   endloop
 endfacet
 facet normal -3.546049e-01 -5.037083e-15  9.350162e-01
   outer loop
     vertex -1.300593e+02  3.805000e+02 -8.400528e+01
     vertex -1.304425e+02  3.825000e+02 -8.415060e+01
     vertex -1.304425e+02  3.805000e+02 -8.415060e+01
   endloop
 endfacet
 facet normal -5.680647e-01 -8.072686e-15  8.229839e-01
   outer loop
     vertex -1.297221e+02  3.805000e+02 -8.377247e+01
     vertex -1.297221e+02  3.825000e+02 -8.377247e+01
     vertex -1.300593e+02  3.825000e+02 -8.400528e+01
   endloop
 endfacet
 facet normal -5.680647e-01 -8.076264e-15  8.229839e-01
   outer loop
     vertex -1.297221e+02  3.805000e+02 -8.377247e+01
     vertex -1.300593e+02  3.825000e+02 -8.400528e+01
     vertex -1.300593e+02  3.805000e+02 -8.400528e+01
   endloop
 endfacet
 facet normal -7.485107e-01 -1.063698e-14  6.631227e-01
   outer loop
     vertex -1.294503e+02  3.805000e+02 -8.346571e+01
     vertex -1.294503e+02  3.825000e+02 -8.346571e+01
     vertex -1.297221e+02  3.825000e+02 -8.377247e+01
   endloop
 endfacet
 facet normal -7.485107e-01 -1.064983e-14  6.631227e-01
   outer loop
     vertex -1.294503e+02  3.805000e+02 -8.346571e+01
     vertex -1.297221e+02  3.825000e+02 -8.377247e+01
     vertex -1.297221e+02  3.805000e+02 -8.377247e+01
   endloop
 endfacet
 facet normal -8.854560e-01 -1.258309e-14  4.647232e-01
   outer loop
     vertex -1.292598e+02  3.805000e+02 -8.310283e+01
     vertex -1.292598e+02  3.825000e+02 -8.310283e+01
     vertex -1.294503e+02  3.825000e+02 -8.346571e+01
   endloop
 endfacet
 facet normal -8.854560e-01 -1.258001e-14  4.647232e-01
   outer loop
     vertex -1.292598e+02  3.805000e+02 -8.310283e+01
     vertex -1.294503e+02  3.825000e+02 -8.346571e+01
     vertex -1.294503e+02  3.805000e+02 -8.346571e+01
   endloop
 endfacet
 facet normal -9.709418e-01 -1.379791e-14  2.393157e-01
   outer loop
     vertex -1.291618e+02  3.805000e+02 -8.270491e+01
     vertex -1.291618e+02  3.825000e+02 -8.270491e+01
     vertex -1.292598e+02  3.825000e+02 -8.310283e+01
   endloop
 endfacet
 facet normal -9.709418e-01 -1.379907e-14  2.393157e-01
   outer loop
     vertex -1.291618e+02  3.805000e+02 -8.270491e+01
     vertex -1.292598e+02  3.825000e+02 -8.310283e+01
     vertex -1.292598e+02  3.805000e+02 -8.310283e+01
   endloop
 endfacet
 facet normal -1.000000e+00 -1.421085e-14  0.000000e+00
   outer loop
     vertex -1.291618e+02  3.805000e+02 -8.229509e+01
     vertex -1.291618e+02  3.825000e+02 -8.229509e+01
     vertex -1.291618e+02  3.825000e+02 -8.270491e+01
   endloop
 endfacet
 facet normal -1.000000e+00 -1.421085e-14 -0.000000e+00
   outer loop
     vertex -1.291618e+02  3.805000e+02 -8.229509e+01
     vertex -1.291618e+02  3.825000e+02 -8.270491e+01
     vertex -1.291618e+02  3.805000e+02 -8.270491e+01
   endloop
 endfacet
 facet normal -9.709418e-01 -1.379791e-14 -2.393157e-01
   outer loop
     vertex -1.292598e+02  3.805000e+02 -8.189717e+01
     vertex -1.292598e+02  3.825000e+02 -8.189717e+01
     vertex -1.291618e+02  3.825000e+02 -8.229509e+01
   endloop
 endfacet
 facet normal -9.709418e-01 -1.209746e-14 -2.393157e-01
   outer loop
     vertex -1.292598e+02  3.805000e+02 -8.189717e+01
     vertex -1.291618e+02  3.825000e+02 -8.229509e+01
     vertex -1.291618e+02  3.805000e+02 -8.229509e+01
   endloop
 endfacet
 facet normal -8.854560e-01 -9.281030e-15 -4.647232e-01
   outer loop
     vertex -1.294503e+02  3.805000e+02 -8.153429e+01
     vertex -1.294503e+02  3.825000e+02 -8.153429e+01
     vertex -1.292598e+02  3.825000e+02 -8.189717e+01
   endloop
 endfacet
 facet normal -8.854560e-01 -1.258001e-14 -4.647232e-01
   outer loop
     vertex -1.294503e+02  3.805000e+02 -8.153429e+01
     vertex -1.292598e+02  3.825000e+02 -8.189717e+01
     vertex -1.292598e+02  3.805000e+02 -8.189717e+01
   endloop
 endfacet
 facet normal -7.485107e-01 -1.063698e-14 -6.631227e-01
   outer loop
     vertex -1.297221e+02  3.805000e+02 -8.122753e+01
     vertex -1.297221e+02  3.825000e+02 -8.122753e+01
     vertex -1.294503e+02  3.825000e+02 -8.153429e+01
   endloop
 endfacet
 facet normal -7.485107e-01 -5.925980e-15 -6.631227e-01
   outer loop
     vertex -1.297221e+02  3.805000e+02 -8.122753e+01
     vertex -1.294503e+02  3.825000e+02 -8.153429e+01
     vertex -1.294503e+02  3.805000e+02 -8.153429e+01
   endloop
 endfacet
 facet normal -5.680647e-01  0.000000e+00 -8.229839e-01
   outer loop
     vertex -1.300593e+02  3.805000e+02 -8.099472e+01
     vertex -1.300593e+02  3.825000e+02 -8.099472e+01
     vertex -1.297221e+02  3.825000e+02 -8.122753e+01
   endloop
 endfacet
 facet normal -5.680647e-01 -8.076264e-15 -8.229839e-01
   outer loop
     vertex -1.300593e+02  3.805000e+02 -8.099472e+01
     vertex -1.297221e+02  3.825000e+02 -8.122753e+01
     vertex -1.297221e+02  3.805000e+02 -8.122753e+01
   endloop
 endfacet
 facet normal -3.546049e-01  0.000000e+00 -9.350162e-01
   outer loop
     vertex -1.304425e+02  3.805000e+02 -8.084940e+01
     vertex -1.304425e+02  3.825000e+02 -8.084940e+01
     vertex -1.300593e+02  3.825000e+02 -8.099472e+01
   endloop
 endfacet
 facet normal -3.546049e-01  0.000000e+00 -9.350162e-01
   outer loop
     vertex -1.304425e+02  3.805000e+02 -8.084940e+01
     vertex -1.300593e+02  3.825000e+02 -8.099472e+01
     vertex -1.300593e+02  3.805000e+02 -8.099472e+01
   endloop
 endfacet
 facet normal -1.205367e-01  0.000000e+00 -9.927089e-01
   outer loop
     vertex -1.308494e+02  3.805000e+02 -8.080000e+01
     vertex -1.308494e+02  3.825000e+02 -8.080000e+01
     vertex -1.304425e+02  3.825000e+02 -8.084940e+01
   endloop
 endfacet
 facet normal -1.205367e-01  0.000000e+00 -9.927089e-01
   outer loop
     vertex -1.308494e+02  3.805000e+02 -8.080000e+01
     vertex -1.304425e+02  3.825000e+02 -8.084940e+01
     vertex -1.304425e+02  3.805000e+02 -8.084940e+01
   endloop
 endfacet
 facet normal  8.506517e-01  1.582402e-14  5.257296e-01
   outer loop
     vertex -1.295018e+02  3.805000e+02 -7.816748e+01
     vertex -1.271594e+02  3.825000e+02 -8.195763e+01
     vertex -1.295018e+02  3.825000e+02 -7.816748e+01
   endloop
 endfacet
 facet normal  7.583172e-01  1.540826e-14  6.518858e-01
   outer loop
     vertex -1.295018e+02  3.805000e+02 -7.816748e+01
     vertex -1.295018e+02  3.825000e+02 -7.816748e+01
     vertex -1.324064e+02  3.825000e+02 -7.478873e+01
   endloop
 endfacet
 facet normal  8.506517e-01  0.000000e+00  5.257296e-01
   outer loop
     vertex -1.295018e+02  3.805000e+02 -7.816748e+01
     vertex -1.271594e+02  3.805000e+02 -8.195763e+01
     vertex -1.271594e+02  3.825000e+02 -8.195763e+01
   endloop
 endfacet
 facet normal  6.474486e-01 -0.000000e+00  7.621091e-01
   outer loop
     vertex -1.324064e+02  3.805000e+02 -7.478873e+01
     vertex -1.324064e+02  3.825000e+02 -7.478873e+01
     vertex -1.358020e+02  3.825000e+02 -7.190397e+01
   endloop
 endfacet
 facet normal  7.583172e-01 -0.000000e+00  6.518858e-01
   outer loop
     vertex -1.324064e+02  3.805000e+02 -7.478873e+01
     vertex -1.295018e+02  3.805000e+02 -7.816748e+01
     vertex -1.324064e+02  3.825000e+02 -7.478873e+01
   endloop
 endfacet
 facet normal  5.207556e-01  1.346633e-14  8.537058e-01
   outer loop
     vertex -1.358020e+02  3.805000e+02 -7.190397e+01
     vertex -1.358020e+02  3.825000e+02 -7.190397e+01
     vertex -1.396058e+02  3.825000e+02 -6.958370e+01
   endloop
 endfacet
 facet normal  6.474486e-01  1.461591e-14  7.621091e-01
   outer loop
     vertex -1.358020e+02  3.805000e+02 -7.190397e+01
     vertex -1.324064e+02  3.805000e+02 -7.478873e+01
     vertex -1.358020e+02  3.825000e+02 -7.190397e+01
   endloop
 endfacet
 facet normal  3.813349e-01 -5.419095e-15  9.244370e-01
   outer loop
     vertex -1.396058e+02  3.805000e+02 -6.958370e+01
     vertex -1.396058e+02  3.825000e+02 -6.958370e+01
     vertex -1.437247e+02  3.825000e+02 -6.788463e+01
   endloop
 endfacet
 facet normal  5.207556e-01 -7.400383e-15  8.537058e-01
   outer loop
     vertex -1.396058e+02  3.805000e+02 -6.958370e+01
     vertex -1.358020e+02  3.805000e+02 -7.190397e+01
     vertex -1.396058e+02  3.825000e+02 -6.958370e+01
   endloop
 endfacet
 facet normal  2.325939e-01 -0.000000e+00  9.725739e-01
   outer loop
     vertex -1.437247e+02  3.805000e+02 -6.788463e+01
     vertex -1.437247e+02  3.825000e+02 -6.788463e+01
     vertex -1.480580e+02  3.825000e+02 -6.684828e+01
   endloop
 endfacet
 facet normal  3.813349e-01 -0.000000e+00  9.244370e-01
   outer loop
     vertex -1.437247e+02  3.805000e+02 -6.788463e+01
     vertex -1.396058e+02  3.805000e+02 -6.958370e+01
     vertex -1.437247e+02  3.825000e+02 -6.788463e+01
   endloop
 endfacet
 facet normal  7.816815e-02  5.972850e-15  9.969402e-01
   outer loop
     vertex -1.480580e+02  3.805000e+02 -6.684828e+01
     vertex -1.480580e+02  3.825000e+02 -6.684828e+01
     vertex -1.525000e+02  3.825000e+02 -6.650000e+01
   endloop
 endfacet
 facet normal  2.325939e-01  3.605195e-15  9.725739e-01
   outer loop
     vertex -1.480580e+02  3.805000e+02 -6.684828e+01
     vertex -1.437247e+02  3.805000e+02 -6.788463e+01
     vertex -1.480580e+02  3.825000e+02 -6.684828e+01
   endloop
 endfacet
 facet normal  7.816815e-02 -0.000000e+00  9.969402e-01
   outer loop
     vertex -1.525000e+02  3.805000e+02 -6.650000e+01
     vertex -1.480580e+02  3.805000e+02 -6.684828e+01
     vertex -1.525000e+02  3.825000e+02 -6.650000e+01
   endloop
 endfacet
 facet normal  7.101425e-15 -3.355772e-02  9.994368e-01
   outer loop
     vertex -1.134000e+02  4.758670e+02 -1.079505e+02
     vertex -1.154000e+02  4.789992e+02 -1.078454e+02
     vertex -1.154000e+02  4.758670e+02 -1.079505e+02
   endloop
 endfacet
 facet normal  1.515662e-14 -3.355772e-02  9.994368e-01
   outer loop
     vertex -1.134000e+02  4.789992e+02 -1.078454e+02
     vertex -1.154000e+02  4.789992e+02 -1.078454e+02
     vertex -1.134000e+02  4.758670e+02 -1.079505e+02
   endloop
 endfacet
 facet normal  1.456199e-14 -2.717635e-01  9.623641e-01
   outer loop
     vertex -1.134000e+02  4.820152e+02 -1.069937e+02
     vertex -1.154000e+02  4.820152e+02 -1.069937e+02
     vertex -1.154000e+02  4.789992e+02 -1.078454e+02
   endloop
 endfacet
 facet normal  2.139708e-14 -2.717635e-01  9.623641e-01
   outer loop
     vertex -1.134000e+02  4.820152e+02 -1.069937e+02
     vertex -1.154000e+02  4.789992e+02 -1.078454e+02
     vertex -1.134000e+02  4.789992e+02 -1.078454e+02
   endloop
 endfacet
 facet normal  1.235438e-14 -4.941753e-01  8.693623e-01
   outer loop
     vertex -1.134000e+02  4.847397e+02 -1.054449e+02
     vertex -1.154000e+02  4.847397e+02 -1.054449e+02
     vertex -1.154000e+02  4.820152e+02 -1.069937e+02
   endloop
 endfacet
 facet normal  2.026346e-14 -4.941753e-01  8.693623e-01
   outer loop
     vertex -1.134000e+02  4.847397e+02 -1.054449e+02
     vertex -1.154000e+02  4.820152e+02 -1.069937e+02
     vertex -1.134000e+02  4.820152e+02 -1.069937e+02
   endloop
 endfacet
 facet normal  1.031475e-14 -6.878675e-01  7.258363e-01
   outer loop
     vertex -1.134000e+02  4.870144e+02 -1.032892e+02
     vertex -1.154000e+02  4.870144e+02 -1.032892e+02
     vertex -1.154000e+02  4.847397e+02 -1.054449e+02
   endloop
 endfacet
 facet normal  1.034429e-14 -6.878675e-01  7.258363e-01
   outer loop
     vertex -1.134000e+02  4.870144e+02 -1.032892e+02
     vertex -1.154000e+02  4.847397e+02 -1.054449e+02
     vertex -1.134000e+02  4.847397e+02 -1.054449e+02
   endloop
 endfacet
 facet normal  7.675671e-15 -8.415833e-01  5.401273e-01
   outer loop
     vertex -1.134000e+02  4.887072e+02 -1.006517e+02
     vertex -1.154000e+02  4.887072e+02 -1.006517e+02
     vertex -1.154000e+02  4.870144e+02 -1.032892e+02
   endloop
 endfacet
 facet normal  7.793640e-15 -8.415833e-01  5.401273e-01
   outer loop
     vertex -1.134000e+02  4.887072e+02 -1.006517e+02
     vertex -1.154000e+02  4.870144e+02 -1.032892e+02
     vertex -1.134000e+02  4.870144e+02 -1.032892e+02
   endloop
 endfacet
 facet normal  6.885759e-15 -9.463894e-01  3.230282e-01
   outer loop
     vertex -1.134000e+02  4.897195e+02 -9.768578e+01
     vertex -1.154000e+02  4.897195e+02 -9.768578e+01
     vertex -1.154000e+02  4.887072e+02 -1.006517e+02
   endloop
 endfacet
 facet normal  4.534481e-15 -9.463894e-01  3.230282e-01
   outer loop
     vertex -1.134000e+02  4.897195e+02 -9.768578e+01
     vertex -1.154000e+02  4.887072e+02 -1.006517e+02
     vertex -1.134000e+02  4.887072e+02 -1.006517e+02
   endloop
 endfacet
 facet normal  1.238558e-15 -9.961947e-01  8.715574e-02
   outer loop
     vertex -1.134000e+02  4.899927e+02 -9.456375e+01
     vertex -1.154000e+02  4.899927e+02 -9.456375e+01
     vertex -1.154000e+02  4.897195e+02 -9.768578e+01
   endloop
 endfacet
 facet normal  1.859846e-15 -9.961947e-01  8.715574e-02
   outer loop
     vertex -1.134000e+02  4.899927e+02 -9.456375e+01
     vertex -1.154000e+02  4.897195e+02 -9.768578e+01
     vertex -1.134000e+02  4.897195e+02 -9.768578e+01
   endloop
 endfacet
 facet normal  5.507457e-14 -9.881048e-01 -1.537818e-01
   outer loop
     vertex -1.134000e+02  4.895107e+02 -9.146707e+01
     vertex -1.154000e+02  4.895107e+02 -9.146707e+01
     vertex -1.154000e+02  4.899927e+02 -9.456375e+01
   endloop
 endfacet
 facet normal -2.196389e-15 -9.881048e-01 -1.537818e-01
   outer loop
     vertex -1.134000e+02  4.895107e+02 -9.146707e+01
     vertex -1.154000e+02  4.899927e+02 -9.456375e+01
     vertex -1.134000e+02  4.899927e+02 -9.456375e+01
   endloop
 endfacet
 facet normal  1.799814e-14 -9.225899e-01 -3.857822e-01
   outer loop
     vertex -1.134000e+02  4.883017e+02 -8.857572e+01
     vertex -1.154000e+02  4.883017e+02 -8.857572e+01
     vertex -1.154000e+02  4.895107e+02 -9.146707e+01
   endloop
 endfacet
 facet normal  4.973759e-14 -9.225899e-01 -3.857822e-01
   outer loop
     vertex -1.134000e+02  4.883017e+02 -8.857572e+01
     vertex -1.154000e+02  4.895107e+02 -9.146707e+01
     vertex -1.134000e+02  4.895107e+02 -9.146707e+01
   endloop
 endfacet
 facet normal  1.437503e-14 -8.034574e-01 -5.953623e-01
   outer loop
     vertex -1.134000e+02  4.864359e+02 -8.605772e+01
     vertex -1.154000e+02  4.864359e+02 -8.605772e+01
     vertex -1.154000e+02  4.883017e+02 -8.857572e+01
   endloop
 endfacet
 facet normal  1.020258e-14 -8.034574e-01 -5.953623e-01
   outer loop
     vertex -1.134000e+02  4.864359e+02 -8.605772e+01
     vertex -1.154000e+02  4.883017e+02 -8.857572e+01
     vertex -1.134000e+02  4.883017e+02 -8.857572e+01
   endloop
 endfacet
 facet normal -1.094722e-14 -6.376309e-01 -7.703421e-01
   outer loop
     vertex -1.134000e+02  4.840217e+02 -8.405942e+01
     vertex -1.154000e+02  4.840217e+02 -8.405942e+01
     vertex -1.154000e+02  4.864359e+02 -8.605772e+01
   endloop
 endfacet
 facet normal  7.226830e-15 -6.376309e-01 -7.703421e-01
   outer loop
     vertex -1.134000e+02  4.840217e+02 -8.405942e+01
     vertex -1.154000e+02  4.864359e+02 -8.605772e+01
     vertex -1.134000e+02  4.864359e+02 -8.605772e+01
   endloop
 endfacet
 facet normal -1.279762e-14 -4.347475e-01 -9.005524e-01
   outer loop
     vertex -1.134000e+02  4.811994e+02 -8.269694e+01
     vertex -1.154000e+02  4.811994e+02 -8.269694e+01
     vertex -1.154000e+02  4.840217e+02 -8.405942e+01
   endloop
 endfacet
 facet normal -1.282408e-14 -4.347475e-01 -9.005524e-01
   outer loop
     vertex -1.134000e+02  4.811994e+02 -8.269694e+01
     vertex -1.154000e+02  4.840217e+02 -8.405942e+01
     vertex -1.134000e+02  4.840217e+02 -8.405942e+01
   endloop
 endfacet
 facet normal -1.390427e-14 -2.065983e-01 -9.784259e-01
   outer loop
     vertex -1.134000e+02  4.781330e+02 -8.204947e+01
     vertex -1.154000e+02  4.781330e+02 -8.204947e+01
     vertex -1.154000e+02  4.811994e+02 -8.269694e+01
   endloop
 endfacet
 facet normal -1.388685e-14 -2.065983e-01 -9.784259e-01
   outer loop
     vertex -1.134000e+02  4.781330e+02 -8.204947e+01
     vertex -1.154000e+02  4.811994e+02 -8.269694e+01
     vertex -1.134000e+02  4.811994e+02 -8.269694e+01
   endloop
 endfacet
 facet normal -1.417342e-14 -7.265797e-02 -9.973569e-01
   outer loop
     vertex -1.134000e+02  3.926970e+02 -1.075639e+02
     vertex -1.154000e+02  3.937932e+02 -1.076438e+02
     vertex -1.134000e+02  3.937932e+02 -1.076438e+02
   endloop
 endfacet
 facet normal -7.086647e-15 -7.265797e-02 -9.973569e-01
   outer loop
     vertex -1.134000e+02  3.926970e+02 -1.075639e+02
     vertex -1.154000e+02  3.926970e+02 -1.075639e+02
     vertex -1.154000e+02  3.937932e+02 -1.076438e+02
   endloop
 endfacet
 facet normal -0.000000e+00 -4.361939e-02 -9.990482e-01
   outer loop
     vertex -1.134000e+02  3.915990e+02 -1.075160e+02
     vertex -1.154000e+02  3.915990e+02 -1.075160e+02
     vertex -1.154000e+02  3.926970e+02 -1.075639e+02
   endloop
 endfacet
 facet normal -7.099335e-15 -4.361939e-02 -9.990482e-01
   outer loop
     vertex -1.134000e+02  3.915990e+02 -1.075160e+02
     vertex -1.154000e+02  3.926970e+02 -1.075639e+02
     vertex -1.134000e+02  3.926970e+02 -1.075639e+02
   endloop
 endfacet
 facet normal -7.104676e-15 -1.454390e-02 -9.998942e-01
   outer loop
     vertex -1.134000e+02  3.905000e+02 -1.075000e+02
     vertex -1.154000e+02  3.905000e+02 -1.075000e+02
     vertex -1.154000e+02  3.915990e+02 -1.075160e+02
   endloop
 endfacet
 facet normal  0.000000e+00 -1.454390e-02 -9.998942e-01
   outer loop
     vertex -1.134000e+02  3.905000e+02 -1.075000e+02
     vertex -1.154000e+02  3.915990e+02 -1.075160e+02
     vertex -1.134000e+02  3.915990e+02 -1.075160e+02
   endloop
 endfacet
 facet normal  3.207269e-15  4.755397e-01  8.796942e-01
   outer loop
     vertex -1.134000e+02  4.178212e+02 -8.875617e+01
     vertex -1.154000e+02  4.228310e+02 -9.146432e+01
     vertex -1.154000e+02  4.178212e+02 -8.875617e+01
   endloop
 endfacet
 facet normal  3.337547e-14  4.755397e-01  8.796942e-01
   outer loop
     vertex -1.134000e+02  4.178212e+02 -8.875617e+01
     vertex -1.134000e+02  4.228310e+02 -9.146432e+01
     vertex -1.154000e+02  4.228310e+02 -9.146432e+01
   endloop
 endfacet
 facet normal -2.795927e-15  3.938733e-01  9.191648e-01
   outer loop
     vertex -1.134000e+02  4.125867e+02 -8.651310e+01
     vertex -1.154000e+02  4.178212e+02 -8.875617e+01
     vertex -1.154000e+02  4.125867e+02 -8.651310e+01
   endloop
 endfacet
 facet normal  2.710642e-15  3.089663e-01  9.510730e-01
   outer loop
     vertex -1.134000e+02  4.125867e+02 -8.651310e+01
     vertex -1.154000e+02  4.125867e+02 -8.651310e+01
     vertex -1.154000e+02  4.071704e+02 -8.475356e+01
   endloop
 endfacet
 facet normal  1.216489e-14  3.938733e-01  9.191648e-01
   outer loop
     vertex -1.134000e+02  4.125867e+02 -8.651310e+01
     vertex -1.134000e+02  4.178212e+02 -8.875617e+01
     vertex -1.154000e+02  4.178212e+02 -8.875617e+01
   endloop
 endfacet
 facet normal  1.259180e-14  2.215173e-01  9.751564e-01
   outer loop
     vertex -1.134000e+02  4.071704e+02 -8.475356e+01
     vertex -1.154000e+02  4.071704e+02 -8.475356e+01
     vertex -1.154000e+02  4.016170e+02 -8.349204e+01
   endloop
 endfacet
 facet normal  1.756270e-14  3.089663e-01  9.510730e-01
   outer loop
     vertex -1.134000e+02  4.071704e+02 -8.475356e+01
     vertex -1.134000e+02  4.125867e+02 -8.651310e+01
     vertex -1.154000e+02  4.071704e+02 -8.475356e+01
   endloop
 endfacet
 facet normal  1.175024e-14  1.322458e-01  9.912170e-01
   outer loop
     vertex -1.134000e+02  4.016170e+02 -8.349204e+01
     vertex -1.154000e+02  4.016170e+02 -8.349204e+01
     vertex -1.154000e+02  3.959721e+02 -8.273892e+01
   endloop
 endfacet
 facet normal  2.455060e-14  2.215173e-01  9.751564e-01
   outer loop
     vertex -1.134000e+02  4.016170e+02 -8.349204e+01
     vertex -1.134000e+02  4.071704e+02 -8.475356e+01
     vertex -1.154000e+02  4.016170e+02 -8.349204e+01
   endloop
 endfacet
 facet normal  1.408604e-14  1.322458e-01  9.912170e-01
   outer loop
     vertex -1.134000e+02  3.959721e+02 -8.273892e+01
     vertex -1.134000e+02  4.016170e+02 -8.349204e+01
     vertex -1.154000e+02  3.959721e+02 -8.273892e+01
   endloop
 endfacet
 facet normal -7.082488e-15  8.029049e-02 -9.967715e-01
   outer loop
     vertex -1.134000e+02  4.815618e+02 -1.231325e+02
     vertex -1.154000e+02  4.770000e+02 -1.235000e+02
     vertex -1.154000e+02  4.815618e+02 -1.231325e+02
   endloop
 endfacet
 facet normal -7.083602e-15  8.029049e-02 -9.967715e-01
   outer loop
     vertex -1.134000e+02  4.815618e+02 -1.231325e+02
     vertex -1.134000e+02  4.770000e+02 -1.235000e+02
     vertex -1.154000e+02  4.770000e+02 -1.235000e+02
   endloop
 endfacet
 facet normal -1.379971e-14  2.388011e-01 -9.710685e-01
   outer loop
     vertex -1.134000e+02  4.860059e+02 -1.220397e+02
     vertex -1.154000e+02  4.815618e+02 -1.231325e+02
     vertex -1.154000e+02  4.860059e+02 -1.220397e+02
   endloop
 endfacet
 facet normal -6.889530e-15  2.388011e-01 -9.710685e-01
   outer loop
     vertex -1.134000e+02  4.860059e+02 -1.220397e+02
     vertex -1.134000e+02  4.815618e+02 -1.231325e+02
     vertex -1.154000e+02  4.815618e+02 -1.231325e+02
   endloop
 endfacet
 facet normal -6.539305e-15  3.911539e-01 -9.203253e-01
   outer loop
     vertex -1.134000e+02  4.902179e+02 -1.202495e+02
     vertex -1.154000e+02  4.860059e+02 -1.220397e+02
     vertex -1.154000e+02  4.902179e+02 -1.202495e+02
   endloop
 endfacet
 facet normal -1.309981e-14  3.911539e-01 -9.203253e-01
   outer loop
     vertex -1.134000e+02  4.902179e+02 -1.202495e+02
     vertex -1.134000e+02  4.860059e+02 -1.220397e+02
     vertex -1.154000e+02  4.860059e+02 -1.220397e+02
   endloop
 endfacet
 facet normal -1.202026e-14  5.334203e-01 -8.458503e-01
   outer loop
     vertex -1.134000e+02  4.940889e+02 -1.178083e+02
     vertex -1.154000e+02  4.902179e+02 -1.202495e+02
     vertex -1.154000e+02  4.940889e+02 -1.178083e+02
   endloop
 endfacet
 facet normal -6.016210e-15  5.334203e-01 -8.458503e-01
   outer loop
     vertex -1.134000e+02  4.940889e+02 -1.178083e+02
     vertex -1.134000e+02  4.902179e+02 -1.202495e+02
     vertex -1.154000e+02  4.902179e+02 -1.202495e+02
   endloop
 endfacet
 facet normal -1.065195e-14  6.619318e-01 -7.495641e-01
   outer loop
     vertex -1.134000e+02  4.975194e+02 -1.147789e+02
     vertex -1.154000e+02  4.940889e+02 -1.178083e+02
     vertex -1.154000e+02  4.975194e+02 -1.147789e+02
   endloop
 endfacet
 facet normal -1.067392e-14  6.619318e-01 -7.495641e-01
   outer loop
     vertex -1.134000e+02  4.975194e+02 -1.147789e+02
     vertex -1.134000e+02  4.940889e+02 -1.178083e+02
     vertex -1.154000e+02  4.940889e+02 -1.178083e+02
   endloop
 endfacet
 facet normal -4.504481e-15  7.733745e-01 -6.339494e-01
   outer loop
     vertex -1.134000e+02  5.004207e+02 -1.112395e+02
     vertex -1.154000e+02  4.975194e+02 -1.147789e+02
     vertex -1.154000e+02  5.004207e+02 -1.112395e+02
   endloop
 endfacet
 facet normal -8.927279e-15  7.733745e-01 -6.339494e-01
   outer loop
     vertex -1.134000e+02  5.004207e+02 -1.112395e+02
     vertex -1.134000e+02  4.975194e+02 -1.147789e+02
     vertex -1.154000e+02  4.975194e+02 -1.147789e+02
   endloop
 endfacet
 facet normal -3.566836e-15  8.648749e-01 -5.019875e-01
   outer loop
     vertex -1.134000e+02  5.027180e+02 -1.072814e+02
     vertex -1.154000e+02  5.004207e+02 -1.112395e+02
     vertex -1.154000e+02  5.027180e+02 -1.072814e+02
   endloop
 endfacet
 facet normal -3.493283e-15  8.648749e-01 -5.019875e-01
   outer loop
     vertex -1.134000e+02  5.027180e+02 -1.072814e+02
     vertex -1.134000e+02  5.004207e+02 -1.112395e+02
     vertex -1.154000e+02  5.004207e+02 -1.112395e+02
   endloop
 endfacet
 facet normal  0.000000e+00  9.340733e-01 -3.570812e-01
   outer loop
     vertex -1.134000e+02  5.043522e+02 -1.030065e+02
     vertex -1.154000e+02  5.027180e+02 -1.072814e+02
     vertex -1.154000e+02  5.043522e+02 -1.030065e+02
   endloop
 endfacet
 facet normal  0.000000e+00  9.791855e-01 -2.029672e-01
   outer loop
     vertex -1.134000e+02  5.043522e+02 -1.030065e+02
     vertex -1.154000e+02  5.043522e+02 -1.030065e+02
     vertex -1.154000e+02  5.052811e+02 -9.852524e+01
   endloop
 endfacet
 facet normal -2.522927e-15  9.340733e-01 -3.570812e-01
   outer loop
     vertex -1.134000e+02  5.043522e+02 -1.030065e+02
     vertex -1.134000e+02  5.027180e+02 -1.072814e+02
     vertex -1.154000e+02  5.027180e+02 -1.072814e+02
   endloop
 endfacet
 facet normal  3.099344e-16  9.990482e-01 -4.361939e-02
   outer loop
     vertex -1.134000e+02  5.052811e+02 -9.852524e+01
     vertex -1.154000e+02  5.052811e+02 -9.852524e+01
     vertex -1.154000e+02  5.054808e+02 -9.395304e+01
   endloop
 endfacet
 facet normal  1.442169e-15  9.791855e-01 -2.029672e-01
   outer loop
     vertex -1.134000e+02  5.052811e+02 -9.852524e+01
     vertex -1.134000e+02  5.043522e+02 -1.030065e+02
     vertex -1.154000e+02  5.052811e+02 -9.852524e+01
   endloop
 endfacet
 facet normal -8.302919e-16  9.931492e-01  1.168532e-01
   outer loop
     vertex -1.134000e+02  5.054808e+02 -9.395304e+01
     vertex -1.154000e+02  5.054808e+02 -9.395304e+01
     vertex -1.154000e+02  5.049460e+02 -8.940783e+01
   endloop
 endfacet
 facet normal  3.099344e-16  9.990482e-01 -4.361939e-02
   outer loop
     vertex -1.134000e+02  5.054808e+02 -9.395304e+01
     vertex -1.134000e+02  5.052811e+02 -9.852524e+01
     vertex -1.154000e+02  5.054808e+02 -9.395304e+01
   endloop
 endfacet
 facet normal -3.898216e-15  9.616406e-01  2.743126e-01
   outer loop
     vertex -1.134000e+02  5.049460e+02 -8.940783e+01
     vertex -1.154000e+02  5.049460e+02 -8.940783e+01
     vertex -1.154000e+02  5.036906e+02 -8.500683e+01
   endloop
 endfacet
 facet normal -1.660584e-15  9.931492e-01  1.168532e-01
   outer loop
     vertex -1.134000e+02  5.049460e+02 -8.940783e+01
     vertex -1.134000e+02  5.054808e+02 -9.395304e+01
     vertex -1.154000e+02  5.049460e+02 -8.940783e+01
   endloop
 endfacet
 facet normal  1.667817e-14  9.053349e-01  4.246985e-01
   outer loop
     vertex -1.134000e+02  5.036906e+02 -8.500683e+01
     vertex -1.154000e+02  5.036906e+02 -8.500683e+01
     vertex -1.154000e+02  5.017469e+02 -8.086351e+01
   endloop
 endfacet
 facet normal  2.148414e-14  9.616406e-01  2.743126e-01
   outer loop
     vertex -1.134000e+02  5.036906e+02 -8.500683e+01
     vertex -1.134000e+02  5.049460e+02 -8.940783e+01
     vertex -1.154000e+02  5.036906e+02 -8.500683e+01
   endloop
 endfacet
 facet normal  7.433726e-15  8.256839e-01  5.641330e-01
   outer loop
     vertex -1.134000e+02  5.017469e+02 -8.086351e+01
     vertex -1.154000e+02  5.017469e+02 -8.086351e+01
     vertex -1.154000e+02  4.991651e+02 -7.708472e+01
   endloop
 endfacet
 facet normal  1.366051e-14  9.053349e-01  4.246985e-01
   outer loop
     vertex -1.134000e+02  5.017469e+02 -8.086351e+01
     vertex -1.134000e+02  5.036906e+02 -8.500683e+01
     vertex -1.154000e+02  5.017469e+02 -8.086351e+01
   endloop
 endfacet
 facet normal  1.015256e-15  7.247417e-01  6.890206e-01
   outer loop
     vertex -1.134000e+02  4.991651e+02 -7.708472e+01
     vertex -1.154000e+02  4.991651e+02 -7.708472e+01
     vertex -1.154000e+02  4.960118e+02 -7.376790e+01
   endloop
 endfacet
 facet normal  7.433726e-15  8.256839e-01  5.641330e-01
   outer loop
     vertex -1.134000e+02  4.991651e+02 -7.708472e+01
     vertex -1.134000e+02  5.017469e+02 -8.086351e+01
     vertex -1.154000e+02  4.991651e+02 -7.708472e+01
   endloop
 endfacet
 facet normal -3.880530e-15  7.247417e-01  6.890206e-01
   outer loop
     vertex -1.134000e+02  4.960118e+02 -7.376790e+01
     vertex -1.134000e+02  4.991651e+02 -7.708472e+01
     vertex -1.154000e+02  4.960118e+02 -7.376790e+01
   endloop
 endfacet
 facet normal -1.108632e-14  6.051112e-01  7.961410e-01
   outer loop
     vertex -1.134000e+02  4.960118e+02 -7.376790e+01
     vertex -1.154000e+02  4.960118e+02 -7.376790e+01
     vertex -1.154000e+02  4.923682e+02 -7.099857e+01
   endloop
 endfacet
 facet normal -1.697077e-14  6.051112e-01  7.961410e-01
   outer loop
     vertex -1.134000e+02  4.923682e+02 -7.099857e+01
     vertex -1.134000e+02  4.960118e+02 -7.376790e+01
     vertex -1.154000e+02  4.923682e+02 -7.099857e+01
   endloop
 endfacet
 facet normal -1.881656e-14  4.698770e-01  8.827319e-01
   outer loop
     vertex -1.134000e+02  4.923682e+02 -7.099857e+01
     vertex -1.154000e+02  4.923682e+02 -7.099857e+01
     vertex -1.154000e+02  4.883283e+02 -6.884815e+01
   endloop
 endfacet
 facet normal  7.892856e-15  4.698770e-01  8.827319e-01
   outer loop
     vertex -1.134000e+02  4.883283e+02 -6.884815e+01
     vertex -1.134000e+02  4.923682e+02 -7.099857e+01
     vertex -1.154000e+02  4.883283e+02 -6.884815e+01
   endloop
 endfacet
 facet normal -1.843637e-15  3.225266e-01  9.465604e-01
   outer loop
     vertex -1.134000e+02  4.883283e+02 -6.884815e+01
     vertex -1.154000e+02  4.883283e+02 -6.884815e+01
     vertex -1.154000e+02  4.839963e+02 -6.737209e+01
   endloop
 endfacet
 facet normal  1.160780e-14  3.225266e-01  9.465604e-01
   outer loop
     vertex -1.134000e+02  4.839963e+02 -6.737209e+01
     vertex -1.134000e+02  4.883283e+02 -6.884815e+01
     vertex -1.154000e+02  4.839963e+02 -6.737209e+01
   endloop
 endfacet
 facet normal  2.479040e-15  1.668593e-01  9.859807e-01
   outer loop
     vertex -1.134000e+02  4.839963e+02 -6.737209e+01
     vertex -1.154000e+02  4.839963e+02 -6.737209e+01
     vertex -1.154000e+02  4.794839e+02 -6.660845e+01
   endloop
 endfacet
 facet normal  7.005814e-15  1.668593e-01  9.859807e-01
   outer loop
     vertex -1.134000e+02  4.794839e+02 -6.660845e+01
     vertex -1.134000e+02  4.839963e+02 -6.737209e+01
     vertex -1.154000e+02  4.794839e+02 -6.660845e+01
   endloop
 endfacet
 facet normal  8.401212e-02  8.274192e-15 -9.964647e-01
   outer loop
     vertex -1.525000e+02  3.805000e+02 -7.325000e+01
     vertex -1.561416e+02  3.825000e+02 -7.355702e+01
     vertex -1.525000e+02  3.825000e+02 -7.325000e+01
   endloop
 endfacet
 facet normal  2.496645e-01  0.000000e+00 -9.683324e-01
   outer loop
     vertex -1.561416e+02  3.805000e+02 -7.355702e+01
     vertex -1.596804e+02  3.825000e+02 -7.446943e+01
     vertex -1.561416e+02  3.825000e+02 -7.355702e+01
   endloop
 endfacet
 facet normal  8.401212e-02  0.000000e+00 -9.964647e-01
   outer loop
     vertex -1.561416e+02  3.805000e+02 -7.355702e+01
     vertex -1.561416e+02  3.825000e+02 -7.355702e+01
     vertex -1.525000e+02  3.805000e+02 -7.325000e+01
   endloop
 endfacet
 facet normal  4.082684e-01  1.228812e-14 -9.128620e-01
   outer loop
     vertex -1.596804e+02  3.805000e+02 -7.446943e+01
     vertex -1.630165e+02  3.825000e+02 -7.596146e+01
     vertex -1.596804e+02  3.825000e+02 -7.446943e+01
   endloop
 endfacet
 facet normal  2.496645e-01  1.042836e-14 -9.683324e-01
   outer loop
     vertex -1.596804e+02  3.805000e+02 -7.446943e+01
     vertex -1.596804e+02  3.825000e+02 -7.446943e+01
     vertex -1.561416e+02  3.805000e+02 -7.355702e+01
   endloop
 endfacet
 facet normal  4.082684e-01  1.228812e-14 -9.128620e-01
   outer loop
     vertex -1.630165e+02  3.805000e+02 -7.596146e+01
     vertex -1.630165e+02  3.825000e+02 -7.596146e+01
     vertex -1.596804e+02  3.805000e+02 -7.446943e+01
   endloop
 endfacet
 facet normal -9.890953e-01  0.000000e+00  1.472769e-01
   outer loop
     vertex -1.313645e+02  3.805000e+02 -1.001334e+02
     vertex -1.307858e+02  3.825000e+02 -9.624693e+01
     vertex -1.313645e+02  3.825000e+02 -1.001334e+02
   endloop
 endfacet
 facet normal -9.994525e-01  0.000000e+00 -3.308578e-02
   outer loop
     vertex -1.307858e+02  3.805000e+02 -9.624693e+01
     vertex -1.309158e+02  3.825000e+02 -9.231973e+01
     vertex -1.307858e+02  3.825000e+02 -9.624693e+01
   endloop
 endfacet
 facet normal -9.890953e-01  0.000000e+00  1.472769e-01
   outer loop
     vertex -1.307858e+02  3.805000e+02 -9.624693e+01
     vertex -1.307858e+02  3.825000e+02 -9.624693e+01
     vertex -1.313645e+02  3.805000e+02 -1.001334e+02
   endloop
 endfacet
 facet normal -9.994525e-01  1.396799e-14 -3.308578e-02
   outer loop
     vertex -1.309158e+02  3.805000e+02 -9.231973e+01
     vertex -1.309158e+02  3.825000e+02 -9.231973e+01
     vertex -1.307858e+02  3.805000e+02 -9.624693e+01
   endloop
 endfacet
 facet normal -9.771896e-01  1.508970e-15 -2.123686e-01
   outer loop
     vertex -1.317502e+02  3.805000e+02 -8.848001e+01
     vertex -1.317502e+02  3.825000e+02 -8.848001e+01
     vertex -1.309158e+02  3.825000e+02 -9.231973e+01
   endloop
 endfacet
 facet normal -9.230333e-01  2.733601e-15 -3.847202e-01
   outer loop
     vertex -1.317502e+02  3.805000e+02 -8.848001e+01
     vertex -1.332619e+02  3.825000e+02 -8.485308e+01
     vertex -1.317502e+02  3.825000e+02 -8.848001e+01
   endloop
 endfacet
 facet normal -9.771896e-01  1.237552e-14 -2.123686e-01
   outer loop
     vertex -1.317502e+02  3.805000e+02 -8.848001e+01
     vertex -1.309158e+02  3.825000e+02 -9.231973e+01
     vertex -1.309158e+02  3.805000e+02 -9.231973e+01
   endloop
 endfacet
 facet normal -9.230333e-01 -7.649889e-15 -3.847202e-01
   outer loop
     vertex -1.332619e+02  3.805000e+02 -8.485308e+01
     vertex -1.332619e+02  3.825000e+02 -8.485308e+01
     vertex -1.317502e+02  3.805000e+02 -8.848001e+01
   endloop
 endfacet
 facet normal -8.387509e-01 -4.181341e-15 -5.445152e-01
   outer loop
     vertex -1.354015e+02  3.805000e+02 -8.155734e+01
     vertex -1.354015e+02  3.825000e+02 -8.155734e+01
     vertex -1.332619e+02  3.825000e+02 -8.485308e+01
   endloop
 endfacet
 facet normal -8.387509e-01 -4.181683e-15 -5.445152e-01
   outer loop
     vertex -1.354015e+02  3.805000e+02 -8.155734e+01
     vertex -1.332619e+02  3.825000e+02 -8.485308e+01
     vertex -1.332619e+02  3.805000e+02 -8.485308e+01
   endloop
 endfacet
 facet normal -7.270935e-01 -5.763222e-16 -6.865384e-01
   outer loop
     vertex -1.380992e+02  3.805000e+02 -7.870033e+01
     vertex -1.380992e+02  3.825000e+02 -7.870033e+01
     vertex -1.354015e+02  3.825000e+02 -8.155734e+01
   endloop
 endfacet
 facet normal -7.270935e-01 -5.650923e-16 -6.865384e-01
   outer loop
     vertex -1.380992e+02  3.805000e+02 -7.870033e+01
     vertex -1.354015e+02  3.825000e+02 -8.155734e+01
     vertex -1.354015e+02  3.805000e+02 -8.155734e+01
   endloop
 endfacet
 facet normal -5.917052e-01  3.047506e-15 -8.061544e-01
   outer loop
     vertex -1.412669e+02  3.805000e+02 -7.637531e+01
     vertex -1.412669e+02  3.825000e+02 -7.637531e+01
     vertex -1.380992e+02  3.825000e+02 -7.870033e+01
   endloop
 endfacet
 facet normal -5.917052e-01  3.051498e-15 -8.061544e-01
   outer loop
     vertex -1.412669e+02  3.805000e+02 -7.637531e+01
     vertex -1.380992e+02  3.825000e+02 -7.870033e+01
     vertex -1.380992e+02  3.805000e+02 -7.870033e+01
   endloop
 endfacet
 facet normal -4.370049e-01 -5.848554e-15 -8.994591e-01
   outer loop
     vertex -1.448011e+02  3.805000e+02 -7.465817e+01
     vertex -1.448011e+02  3.825000e+02 -7.465817e+01
     vertex -1.412669e+02  3.825000e+02 -7.637531e+01
   endloop
 endfacet
 facet normal -4.370049e-01  6.555071e-15 -8.994591e-01
   outer loop
     vertex -1.448011e+02  3.805000e+02 -7.465817e+01
     vertex -1.412669e+02  3.825000e+02 -7.637531e+01
     vertex -1.412669e+02  3.805000e+02 -7.637531e+01
   endloop
 endfacet
 facet normal -2.680416e-01 -4.581878e-15 -9.634074e-01
   outer loop
     vertex -1.485867e+02  3.805000e+02 -7.360494e+01
     vertex -1.485867e+02  3.825000e+02 -7.360494e+01
     vertex -1.448011e+02  3.825000e+02 -7.465817e+01
   endloop
 endfacet
 facet normal -2.680416e-01  2.260369e-15 -9.634074e-01
   outer loop
     vertex -1.485867e+02  3.805000e+02 -7.360494e+01
     vertex -1.448011e+02  3.825000e+02 -7.465817e+01
     vertex -1.448011e+02  3.805000e+02 -7.465817e+01
   endloop
 endfacet
 facet normal -9.032991e-02  5.792714e-15 -9.959119e-01
   outer loop
     vertex -1.525000e+02  3.805000e+02 -7.325000e+01
     vertex -1.525000e+02  3.825000e+02 -7.325000e+01
     vertex -1.485867e+02  3.825000e+02 -7.360494e+01
   endloop
 endfacet
 facet normal -9.032991e-02  3.249281e-15 -9.959119e-01
   outer loop
     vertex -1.525000e+02  3.805000e+02 -7.325000e+01
     vertex -1.485867e+02  3.825000e+02 -7.360494e+01
     vertex -1.485867e+02  3.805000e+02 -7.360494e+01
   endloop
 endfacet
 facet normal  1.000000e+00  5.227939e-15 -1.216765e-14
   outer loop
     vertex -1.134000e+02  4.864359e+02 -8.605772e+01
     vertex -1.134000e+02  4.991651e+02 -7.708472e+01
     vertex -1.134000e+02  4.960118e+02 -7.376790e+01
   endloop
 endfacet
 facet normal  1.000000e+00  1.434758e-15 -6.186596e-15
   outer loop
     vertex -1.134000e+02  4.883017e+02 -8.857572e+01
     vertex -1.134000e+02  5.036906e+02 -8.500683e+01
     vertex -1.134000e+02  5.017469e+02 -8.086351e+01
   endloop
 endfacet
 facet normal  1.000000e+00  3.130630e-15 -9.143123e-15
   outer loop
     vertex -1.134000e+02  4.883017e+02 -8.857572e+01
     vertex -1.134000e+02  5.017469e+02 -8.086351e+01
     vertex -1.134000e+02  4.991651e+02 -7.708472e+01
   endloop
 endfacet
 facet normal  1.000000e+00  3.026562e-15 -9.044738e-15
   outer loop
     vertex -1.134000e+02  4.883017e+02 -8.857572e+01
     vertex -1.134000e+02  4.991651e+02 -7.708472e+01
     vertex -1.134000e+02  4.864359e+02 -8.605772e+01
   endloop
 endfacet
 facet normal  1.000000e+00  3.083939e-15 -1.049710e-14
   outer loop
     vertex -1.134000e+02  4.840217e+02 -8.405942e+01
     vertex -1.134000e+02  4.864359e+02 -8.605772e+01
     vertex -1.134000e+02  4.960118e+02 -7.376790e+01
   endloop
 endfacet
 facet normal  1.000000e+00  3.422524e-15 -1.089157e-14
   outer loop
     vertex -1.134000e+02  4.840217e+02 -8.405942e+01
     vertex -1.134000e+02  4.960118e+02 -7.376790e+01
     vertex -1.134000e+02  4.923682e+02 -7.099857e+01
   endloop
 endfacet
 facet normal  1.000000e+00  1.792282e-15 -9.849761e-15
   outer loop
     vertex -1.134000e+02  4.840217e+02 -8.405942e+01
     vertex -1.134000e+02  4.923682e+02 -7.099857e+01
     vertex -1.134000e+02  4.883283e+02 -6.884815e+01
   endloop
 endfacet
 facet normal  1.000000e+00  1.659974e-15 -1.244250e-14
   outer loop
     vertex -1.134000e+02  4.895107e+02 -9.146707e+01
     vertex -1.134000e+02  5.049460e+02 -8.940783e+01
     vertex -1.134000e+02  5.036906e+02 -8.500683e+01
   endloop
 endfacet
 facet normal  1.000000e+00  4.156320e-15 -1.792182e-14
   outer loop
     vertex -1.134000e+02  4.895107e+02 -9.146707e+01
     vertex -1.134000e+02  5.036906e+02 -8.500683e+01
     vertex -1.134000e+02  4.883017e+02 -8.857572e+01
   endloop
 endfacet
 facet normal  1.000000e+00  3.499561e-15 -8.984486e-15
   outer loop
     vertex -1.134000e+02  4.811994e+02 -8.269694e+01
     vertex -1.134000e+02  4.883283e+02 -6.884815e+01
     vertex -1.134000e+02  4.839963e+02 -6.737209e+01
   endloop
 endfacet
 facet normal  1.000000e+00  9.321533e-15 -1.198147e-14
   outer loop
     vertex -1.134000e+02  4.811994e+02 -8.269694e+01
     vertex -1.134000e+02  4.840217e+02 -8.405942e+01
     vertex -1.134000e+02  4.883283e+02 -6.884815e+01
   endloop
 endfacet
 facet normal  1.000000e+00  1.287418e-15 -9.380506e-15
   outer loop
     vertex -1.134000e+02  4.899927e+02 -9.456375e+01
     vertex -1.134000e+02  5.052811e+02 -9.852524e+01
     vertex -1.134000e+02  5.054808e+02 -9.395304e+01
   endloop
 endfacet
 facet normal  1.000000e+00  1.281440e-15 -9.228906e-15
   outer loop
     vertex -1.134000e+02  4.899927e+02 -9.456375e+01
     vertex -1.134000e+02  5.054808e+02 -9.395304e+01
     vertex -1.134000e+02  5.049460e+02 -8.940783e+01
   endloop
 endfacet
 facet normal  1.000000e+00  1.199564e-15 -8.991447e-15
   outer loop
     vertex -1.134000e+02  4.899927e+02 -9.456375e+01
     vertex -1.134000e+02  5.049460e+02 -8.940783e+01
     vertex -1.134000e+02  4.895107e+02 -9.146707e+01
   endloop
 endfacet
 facet normal  1.000000e+00  6.439837e-15 -1.068706e-14
   outer loop
     vertex -1.134000e+02  4.781330e+02 -8.204947e+01
     vertex -1.134000e+02  4.794839e+02 -6.660845e+01
     vertex -1.134000e+02  4.751508e+02 -6.656005e+01
   endloop
 endfacet
 facet normal  1.000000e+00  1.415096e-15 -1.024745e-14
   outer loop
     vertex -1.134000e+02  4.781330e+02 -8.204947e+01
     vertex -1.134000e+02  4.839963e+02 -6.737209e+01
     vertex -1.134000e+02  4.794839e+02 -6.660845e+01
   endloop
 endfacet
 facet normal  1.000000e+00 -6.159338e-15 -7.221619e-15
   outer loop
     vertex -1.134000e+02  4.781330e+02 -8.204947e+01
     vertex -1.134000e+02  4.811994e+02 -8.269694e+01
     vertex -1.134000e+02  4.839963e+02 -6.737209e+01
   endloop
 endfacet
 facet normal  1.000000e+00  1.298681e-15 -9.782631e-15
   outer loop
     vertex -1.134000e+02  4.897195e+02 -9.768578e+01
     vertex -1.134000e+02  5.043522e+02 -1.030065e+02
     vertex -1.134000e+02  5.052811e+02 -9.852524e+01
   endloop
 endfacet
 facet normal  1.000000e+00  1.329039e-15 -9.219881e-15
   outer loop
     vertex -1.134000e+02  4.897195e+02 -9.768578e+01
     vertex -1.134000e+02  5.052811e+02 -9.852524e+01
     vertex -1.134000e+02  4.899927e+02 -9.456375e+01
   endloop
 endfacet
 facet normal  1.000000e+00  1.554580e-15 -1.095018e-14
   outer loop
     vertex -1.134000e+02  4.750008e+02 -8.215464e+01
     vertex -1.134000e+02  4.751508e+02 -6.656005e+01
     vertex -1.134000e+02  4.708605e+02 -6.716915e+01
   endloop
 endfacet
 facet normal  1.000000e+00  4.905789e-15 -1.098241e-14
   outer loop
     vertex -1.134000e+02  4.750008e+02 -8.215464e+01
     vertex -1.134000e+02  4.781330e+02 -8.204947e+01
     vertex -1.134000e+02  4.751508e+02 -6.656005e+01
   endloop
 endfacet
 facet normal  1.000000e+00  7.759839e-16 -1.122122e-14
   outer loop
     vertex -1.134000e+02  4.887072e+02 -1.006517e+02
     vertex -1.134000e+02  5.004207e+02 -1.112395e+02
     vertex -1.134000e+02  5.027180e+02 -1.072814e+02
   endloop
 endfacet
 facet normal  1.000000e+00  1.157319e-15 -1.041533e-14
   outer loop
     vertex -1.134000e+02  4.887072e+02 -1.006517e+02
     vertex -1.134000e+02  5.027180e+02 -1.072814e+02
     vertex -1.134000e+02  5.043522e+02 -1.030065e+02
   endloop
 endfacet
 facet normal  1.000000e+00  1.219967e-15 -9.999105e-15
   outer loop
     vertex -1.134000e+02  4.887072e+02 -1.006517e+02
     vertex -1.134000e+02  5.043522e+02 -1.030065e+02
     vertex -1.134000e+02  4.897195e+02 -9.768578e+01
   endloop
 endfacet
 facet normal  1.000000e+00 -4.055108e-15 -9.260983e-15
   outer loop
     vertex -1.134000e+02  4.719848e+02 -8.300633e+01
     vertex -1.134000e+02  4.708605e+02 -6.716915e+01
     vertex -1.134000e+02  4.667121e+02 -6.842165e+01
   endloop
 endfacet
 facet normal  1.000000e+00  6.272716e-15 -5.527191e-15
   outer loop
     vertex -1.134000e+02  4.719848e+02 -8.300633e+01
     vertex -1.134000e+02  4.667121e+02 -6.842165e+01
     vertex -1.134000e+02  4.628015e+02 -7.028862e+01
   endloop
 endfacet
 facet normal  1.000000e+00  1.172254e-14 -8.140863e-15
   outer loop
     vertex -1.134000e+02  4.719848e+02 -8.300633e+01
     vertex -1.134000e+02  4.750008e+02 -8.215464e+01
     vertex -1.134000e+02  4.708605e+02 -6.716915e+01
   endloop
 endfacet
 facet normal  1.000000e+00  6.243881e-15 -9.133278e-15
   outer loop
     vertex -1.134000e+02  4.870144e+02 -1.032892e+02
     vertex -1.134000e+02  4.975194e+02 -1.147789e+02
     vertex -1.134000e+02  5.004207e+02 -1.112395e+02
   endloop
 endfacet
 facet normal  1.000000e+00  1.307451e-14  2.384862e-15
   outer loop
     vertex -1.134000e+02  4.870144e+02 -1.032892e+02
     vertex -1.134000e+02  5.004207e+02 -1.112395e+02
     vertex -1.134000e+02  4.887072e+02 -1.006517e+02
   endloop
 endfacet
 facet normal  1.000000e+00 -3.343017e-15 -1.247061e-14
   outer loop
     vertex -1.134000e+02  4.692603e+02 -8.455505e+01
     vertex -1.134000e+02  4.719848e+02 -8.300633e+01
     vertex -1.134000e+02  4.628015e+02 -7.028862e+01
   endloop
 endfacet
 facet normal  1.000000e+00  5.701080e-15 -8.376113e-15
   outer loop
     vertex -1.134000e+02  4.592192e+02 -7.272687e+01
     vertex -1.134000e+02  4.692603e+02 -8.455505e+01
     vertex -1.134000e+02  4.628015e+02 -7.028862e+01
   endloop
 endfacet
 facet normal  1.000000e+00 -2.505361e-15 -1.713261e-14
   outer loop
     vertex -1.134000e+02  4.847397e+02 -1.054449e+02
     vertex -1.134000e+02  4.975194e+02 -1.147789e+02
     vertex -1.134000e+02  4.870144e+02 -1.032892e+02
   endloop
 endfacet
 facet normal  1.000000e+00 -1.481903e-16 -1.390527e-14
   outer loop
     vertex -1.134000e+02  4.940889e+02 -1.178083e+02
     vertex -1.134000e+02  4.975194e+02 -1.147789e+02
     vertex -1.134000e+02  4.847397e+02 -1.054449e+02
   endloop
 endfacet
 facet normal  1.000000e+00 -6.346687e-16 -1.375462e-14
   outer loop
     vertex -1.134000e+02  4.560479e+02 -7.568005e+01
     vertex -1.134000e+02  4.692603e+02 -8.455505e+01
     vertex -1.134000e+02  4.592192e+02 -7.272687e+01
   endloop
 endfacet
 facet normal  1.000000e+00 -1.471716e-16 -1.302888e-14
   outer loop
     vertex -1.134000e+02  4.560479e+02 -7.568005e+01
     vertex -1.134000e+02  4.669856e+02 -8.671080e+01
     vertex -1.134000e+02  4.692603e+02 -8.455505e+01
   endloop
 endfacet
 facet normal  1.000000e+00  5.889712e-15 -9.339380e-15
   outer loop
     vertex -1.134000e+02  4.902179e+02 -1.202495e+02
     vertex -1.134000e+02  4.940889e+02 -1.178083e+02
     vertex -1.134000e+02  4.847397e+02 -1.054449e+02
   endloop
 endfacet
 facet normal  1.000000e+00  1.100340e-15 -1.111159e-14
   outer loop
     vertex -1.134000e+02  4.902179e+02 -1.202495e+02
     vertex -1.134000e+02  4.847397e+02 -1.054449e+02
     vertex -1.134000e+02  4.820152e+02 -1.069937e+02
   endloop
 endfacet
 facet normal  1.000000e+00  4.884283e-15 -8.039896e-15
   outer loop
     vertex -1.134000e+02  4.533611e+02 -7.907988e+01
     vertex -1.134000e+02  4.669856e+02 -8.671080e+01
     vertex -1.134000e+02  4.560479e+02 -7.568005e+01
   endloop
 endfacet
 facet normal  1.000000e+00  6.905171e-15 -4.431732e-15
   outer loop
     vertex -1.134000e+02  4.533611e+02 -7.907988e+01
     vertex -1.134000e+02  4.652928e+02 -8.934828e+01
     vertex -1.134000e+02  4.669856e+02 -8.671080e+01
   endloop
 endfacet
 facet normal  1.000000e+00  3.968335e-15 -9.336887e-15
   outer loop
     vertex -1.134000e+02  4.860059e+02 -1.220397e+02
     vertex -1.134000e+02  4.902179e+02 -1.202495e+02
     vertex -1.134000e+02  4.820152e+02 -1.069937e+02
   endloop
 endfacet
 facet normal  1.000000e+00  7.112939e-15 -8.502819e-15
   outer loop
     vertex -1.134000e+02  4.860059e+02 -1.220397e+02
     vertex -1.134000e+02  4.820152e+02 -1.069937e+02
     vertex -1.134000e+02  4.789992e+02 -1.078454e+02
   endloop
 endfacet
 facet normal  1.000000e+00  6.593675e-16 -1.168929e-14
   outer loop
     vertex -1.134000e+02  4.512207e+02 -8.284776e+01
     vertex -1.134000e+02  4.652928e+02 -8.934828e+01
     vertex -1.134000e+02  4.533611e+02 -7.907988e+01
   endloop
 endfacet
 facet normal  1.000000e+00  1.410148e-15 -1.006402e-14
   outer loop
     vertex -1.134000e+02  4.512207e+02 -8.284776e+01
     vertex -1.134000e+02  4.642805e+02 -9.231422e+01
     vertex -1.134000e+02  4.652928e+02 -8.934828e+01
   endloop
 endfacet
 facet normal  1.000000e+00  5.486114e-15 -9.305873e-15
   outer loop
     vertex -1.134000e+02  4.815618e+02 -1.231325e+02
     vertex -1.134000e+02  4.860059e+02 -1.220397e+02
     vertex -1.134000e+02  4.789992e+02 -1.078454e+02
   endloop
 endfacet
 facet normal  1.000000e+00  1.578385e-15 -9.831921e-15
   outer loop
     vertex -1.134000e+02  4.493352e+02 -8.604121e+01
     vertex -1.134000e+02  4.642805e+02 -9.231422e+01
     vertex -1.134000e+02  4.512207e+02 -8.284776e+01
   endloop
 endfacet
 facet normal  1.000000e+00  1.817346e-15 -9.262602e-15
   outer loop
     vertex -1.134000e+02  4.493352e+02 -8.604121e+01
     vertex -1.134000e+02  4.640073e+02 -9.543625e+01
     vertex -1.134000e+02  4.642805e+02 -9.231422e+01
   endloop
 endfacet
 facet normal  1.000000e+00  3.367233e-16 -1.002850e-14
   outer loop
     vertex -1.134000e+02  4.770000e+02 -1.235000e+02
     vertex -1.134000e+02  4.789992e+02 -1.078454e+02
     vertex -1.134000e+02  4.758670e+02 -1.079505e+02
   endloop
 endfacet
 facet normal  1.000000e+00  8.126975e-16 -1.008929e-14
   outer loop
     vertex -1.134000e+02  4.770000e+02 -1.235000e+02
     vertex -1.134000e+02  4.815618e+02 -1.231325e+02
     vertex -1.134000e+02  4.789992e+02 -1.078454e+02
   endloop
 endfacet
 facet normal  1.000000e+00  2.550979e-15 -9.867159e-15
   outer loop
     vertex -1.134000e+02  4.770000e+02 -1.235000e+02
     vertex -1.134000e+02  4.758670e+02 -1.079505e+02
     vertex -1.134000e+02  4.728006e+02 -1.073031e+02
   endloop
 endfacet
 facet normal  1.000000e+00  3.298885e-15 -8.664723e-15
   outer loop
     vertex -1.134000e+02  4.468925e+02 -8.883165e+01
     vertex -1.134000e+02  4.644893e+02 -9.853293e+01
     vertex -1.134000e+02  4.640073e+02 -9.543625e+01
   endloop
 endfacet
 facet normal  1.000000e+00  4.965290e-15 -4.346492e-15
   outer loop
     vertex -1.134000e+02  4.468925e+02 -8.883165e+01
     vertex -1.134000e+02  4.640073e+02 -9.543625e+01
     vertex -1.134000e+02  4.493352e+02 -8.604121e+01
   endloop
 endfacet
 facet normal  1.000000e+00  7.274639e-16 -1.332892e-14
   outer loop
     vertex -1.134000e+02  4.439766e+02 -9.112312e+01
     vertex -1.134000e+02  4.644893e+02 -9.853293e+01
     vertex -1.134000e+02  4.468925e+02 -8.883165e+01
   endloop
 endfacet
 facet normal  1.000000e+00 -2.814704e-14  9.273834e-14
   outer loop
     vertex -1.134000e+02  4.366443e+02 -9.789500e+01
     vertex -1.134000e+02  4.406878e+02 -9.283685e+01
     vertex -1.134000e+02  4.371391e+02 -9.391392e+01
   endloop
 endfacet
 facet normal  1.000000e+00  2.028862e-13  6.402319e-14
   outer loop
     vertex -1.134000e+02  4.366443e+02 -9.789500e+01
     vertex -1.134000e+02  4.371391e+02 -9.391392e+01
     vertex -1.134000e+02  4.364003e+02 -9.756572e+01
   endloop
 endfacet
 facet normal  1.000000e+00  7.449392e-14  8.999847e-14
   outer loop
     vertex -1.134000e+02  4.360846e+02 -9.730440e+01
     vertex -1.134000e+02  4.364003e+02 -9.756572e+01
     vertex -1.134000e+02  4.371391e+02 -9.391392e+01
   endloop
 endfacet
 facet normal  1.000000e+00  2.991759e-15 -9.752878e-15
   outer loop
     vertex -1.134000e+02  4.580000e+02 -1.235000e+02
     vertex -1.134000e+02  4.770000e+02 -1.235000e+02
     vertex -1.134000e+02  4.728006e+02 -1.073031e+02
   endloop
 endfacet
 facet normal  1.000000e+00 -7.679497e-15 -5.690510e-15
   outer loop
     vertex -1.134000e+02  4.580000e+02 -1.235000e+02
     vertex -1.134000e+02  4.675641e+02 -1.039423e+02
     vertex -1.134000e+02  4.656983e+02 -1.014243e+02
   endloop
 endfacet
 facet normal  1.000000e+00  7.004919e-15 -1.287149e-14
   outer loop
     vertex -1.134000e+02  4.580000e+02 -1.235000e+02
     vertex -1.134000e+02  4.699783e+02 -1.059406e+02
     vertex -1.134000e+02  4.675641e+02 -1.039423e+02
   endloop
 endfacet
 facet normal  1.000000e+00  4.636583e-15 -1.125591e-14
   outer loop
     vertex -1.134000e+02  4.580000e+02 -1.235000e+02
     vertex -1.134000e+02  4.728006e+02 -1.073031e+02
     vertex -1.134000e+02  4.699783e+02 -1.059406e+02
   endloop
 endfacet
 facet normal  1.000000e+00  5.768742e-14  2.412207e-14
   outer loop
     vertex -1.134000e+02  4.368024e+02 -9.827310e+01
     vertex -1.134000e+02  4.406878e+02 -9.283685e+01
     vertex -1.134000e+02  4.366443e+02 -9.789500e+01
   endloop
 endfacet
 facet normal  1.000000e+00  4.750035e-14  9.839400e-14
   outer loop
     vertex -1.134000e+02  4.357156e+02 -9.712623e+01
     vertex -1.134000e+02  4.360846e+02 -9.730440e+01
     vertex -1.134000e+02  4.371391e+02 -9.391392e+01
   endloop
 endfacet
 facet normal  1.000000e+00  7.508726e-14  1.168607e-14
   outer loop
     vertex -1.134000e+02  4.368655e+02 -9.867805e+01
     vertex -1.134000e+02  4.406878e+02 -9.283685e+01
     vertex -1.134000e+02  4.368024e+02 -9.827310e+01
   endloop
 endfacet
 facet normal  1.000000e+00 -1.845552e-14  1.334442e-13
   outer loop
     vertex -1.134000e+02  4.353146e+02 -9.704156e+01
     vertex -1.134000e+02  4.371391e+02 -9.391392e+01
     vertex -1.134000e+02  4.334526e+02 -9.431728e+01
   endloop
 endfacet
 facet normal  1.000000e+00  2.306300e-14  1.092237e-13
   outer loop
     vertex -1.134000e+02  4.353146e+02 -9.704156e+01
     vertex -1.134000e+02  4.357156e+02 -9.712623e+01
     vertex -1.134000e+02  4.371391e+02 -9.391392e+01
   endloop
 endfacet
 facet normal  1.000000e+00 -4.367064e-14  8.380829e-14
   outer loop
     vertex -1.134000e+02  4.368297e+02 -9.908631e+01
     vertex -1.134000e+02  4.439766e+02 -9.112312e+01
     vertex -1.134000e+02  4.406878e+02 -9.283685e+01
   endloop
 endfacet
 facet normal  1.000000e+00  1.072898e-13 -9.386639e-15
   outer loop
     vertex -1.134000e+02  4.368297e+02 -9.908631e+01
     vertex -1.134000e+02  4.406878e+02 -9.283685e+01
     vertex -1.134000e+02  4.368655e+02 -9.867805e+01
   endloop
 endfacet
 facet normal  1.000000e+00 -4.794116e-15  1.427813e-13
   outer loop
     vertex -1.134000e+02  4.349050e+02 -9.705532e+01
     vertex -1.134000e+02  4.353146e+02 -9.704156e+01
     vertex -1.134000e+02  4.334526e+02 -9.431728e+01
   endloop
 endfacet
 facet normal  1.000000e+00  1.590257e-14  2.868050e-14
   outer loop
     vertex -1.134000e+02  4.366974e+02 -9.947416e+01
     vertex -1.134000e+02  4.644893e+02 -9.853293e+01
     vertex -1.134000e+02  4.439766e+02 -9.112312e+01
   endloop
 endfacet
 facet normal  1.000000e+00  8.021751e-14 -2.738039e-14
   outer loop
     vertex -1.134000e+02  4.366974e+02 -9.947416e+01
     vertex -1.134000e+02  4.439766e+02 -9.112312e+01
     vertex -1.134000e+02  4.368297e+02 -9.908631e+01
   endloop
 endfacet
 facet normal  1.000000e+00 -3.569196e-14  1.263918e-13
   outer loop
     vertex -1.134000e+02  4.345106e+02 -9.716669e+01
     vertex -1.134000e+02  4.349050e+02 -9.705532e+01
     vertex -1.134000e+02  4.334526e+02 -9.431728e+01
   endloop
 endfacet
 facet normal  1.000000e+00 -6.554477e-14  1.153076e-13
   outer loop
     vertex -1.134000e+02  4.341543e+02 -9.736922e+01
     vertex -1.134000e+02  4.345106e+02 -9.716669e+01
     vertex -1.134000e+02  4.334526e+02 -9.431728e+01
   endloop
 endfacet
 facet normal  1.000000e+00 -1.406781e-13  9.803321e-14
   outer loop
     vertex -1.134000e+02  4.338568e+02 -9.765112e+01
     vertex -1.134000e+02  4.341543e+02 -9.736922e+01
     vertex -1.134000e+02  4.334526e+02 -9.431728e+01
   endloop
 endfacet
 facet normal  1.000000e+00 -5.530451e-14  3.549438e-14
   outer loop
     vertex -1.134000e+02  4.297550e+02 -9.403306e+01
     vertex -1.134000e+02  4.336355e+02 -9.799602e+01
     vertex -1.134000e+02  4.338568e+02 -9.765112e+01
   endloop
 endfacet
 facet normal  1.000000e+00 -6.788857e-14  2.317219e-14
   outer loop
     vertex -1.134000e+02  4.297550e+02 -9.403306e+01
     vertex -1.134000e+02  4.335031e+02 -9.838388e+01
     vertex -1.134000e+02  4.336355e+02 -9.799602e+01
   endloop
 endfacet
 facet normal  1.000000e+00  1.668820e-14  1.171136e-13
   outer loop
     vertex -1.134000e+02  4.297550e+02 -9.403306e+01
     vertex -1.134000e+02  4.338568e+02 -9.765112e+01
     vertex -1.134000e+02  4.334526e+02 -9.431728e+01
   endloop
 endfacet
 facet normal  1.000000e+00 -8.604813e-14  7.528236e-15
   outer loop
     vertex -1.134000e+02  4.334674e+02 -9.879214e+01
     vertex -1.134000e+02  4.335031e+02 -9.838388e+01
     vertex -1.134000e+02  4.297550e+02 -9.403306e+01
   endloop
 endfacet
 facet normal  1.000000e+00 -1.195509e-13 -1.860608e-14
   outer loop
     vertex -1.134000e+02  4.335304e+02 -9.919709e+01
     vertex -1.134000e+02  4.334674e+02 -9.879214e+01
     vertex -1.134000e+02  4.297550e+02 -9.403306e+01
   endloop
 endfacet
 facet normal  1.000000e+00  3.286896e-14  9.282776e-14
   outer loop
     vertex -1.134000e+02  4.261734e+02 -9.307105e+01
     vertex -1.134000e+02  4.335304e+02 -9.919709e+01
     vertex -1.134000e+02  4.297550e+02 -9.403306e+01
   endloop
 endfacet
 facet normal  1.000000e+00 -6.815924e-14 -2.850088e-14
   outer loop
     vertex -1.134000e+02  4.261734e+02 -9.307105e+01
     vertex -1.134000e+02  4.336885e+02 -9.957519e+01
     vertex -1.134000e+02  4.335304e+02 -9.919709e+01
   endloop
 endfacet
 facet normal  1.000000e+00  4.110880e-14 -2.270407e-14
   outer loop
     vertex -1.134000e+02  4.440105e+02 -1.181599e+02
     vertex -1.134000e+02  4.580000e+02 -1.235000e+02
     vertex -1.134000e+02  4.656983e+02 -1.014243e+02
   endloop
 endfacet
 facet normal  1.000000e+00  1.500757e-14  1.112061e-14
   outer loop
     vertex -1.134000e+02  4.440105e+02 -1.181599e+02
     vertex -1.134000e+02  4.656983e+02 -1.014243e+02
     vertex -1.134000e+02  4.437665e+02 -1.178306e+02
   endloop
 endfacet
 facet normal  1.000000e+00  2.858763e-14 -7.705839e-15
   outer loop
     vertex -1.134000e+02  4.434508e+02 -1.175693e+02
     vertex -1.134000e+02  4.656983e+02 -1.014243e+02
     vertex -1.134000e+02  4.644893e+02 -9.853293e+01
   endloop
 endfacet
 facet normal  1.000000e+00  1.668955e-14  5.443551e-15
   outer loop
     vertex -1.134000e+02  4.434508e+02 -1.175693e+02
     vertex -1.134000e+02  4.644893e+02 -9.853293e+01
     vertex -1.134000e+02  4.366974e+02 -9.947416e+01
   endloop
 endfacet
 facet normal  1.000000e+00  1.225286e-14  1.480307e-14
   outer loop
     vertex -1.134000e+02  4.434508e+02 -1.175693e+02
     vertex -1.134000e+02  4.437665e+02 -1.178306e+02
     vertex -1.134000e+02  4.656983e+02 -1.014243e+02
   endloop
 endfacet
 facet normal  1.000000e+00  5.922957e-14  2.476692e-14
   outer loop
     vertex -1.134000e+02  4.441686e+02 -1.185380e+02
     vertex -1.134000e+02  4.580000e+02 -1.235000e+02
     vertex -1.134000e+02  4.440105e+02 -1.181599e+02
   endloop
 endfacet
 facet normal  1.000000e+00 -4.742935e-14 -1.848697e-14
   outer loop
     vertex -1.134000e+02  4.430818e+02 -1.173911e+02
     vertex -1.134000e+02  4.434508e+02 -1.175693e+02
     vertex -1.134000e+02  4.366974e+02 -9.947416e+01
   endloop
 endfacet
 facet normal  1.000000e+00  1.589268e-15 -1.019991e-15
   outer loop
     vertex -1.134000e+02  4.430818e+02 -1.173911e+02
     vertex -1.134000e+02  4.366974e+02 -9.947416e+01
     vertex -1.134000e+02  4.364760e+02 -9.981907e+01
   endloop
 endfacet
 facet normal  1.000000e+00  5.332156e-14  8.298601e-15
   outer loop
     vertex -1.134000e+02  4.442317e+02 -1.189430e+02
     vertex -1.134000e+02  4.580000e+02 -1.235000e+02
     vertex -1.134000e+02  4.441686e+02 -1.185380e+02
   endloop
 endfacet
 facet normal  1.000000e+00 -3.709750e-16 -1.756895e-15
   outer loop
     vertex -1.134000e+02  4.426808e+02 -1.173065e+02
     vertex -1.134000e+02  4.430818e+02 -1.173911e+02
     vertex -1.134000e+02  4.364760e+02 -9.981907e+01
   endloop
 endfacet
 facet normal  1.000000e+00  1.152661e-15 -1.216286e-15
   outer loop
     vertex -1.134000e+02  4.426808e+02 -1.173065e+02
     vertex -1.134000e+02  4.364760e+02 -9.981907e+01
     vertex -1.134000e+02  4.361785e+02 -1.001010e+02
   endloop
 endfacet
 facet normal  1.000000e+00  4.915160e-14 -4.300208e-15
   outer loop
     vertex -1.134000e+02  4.441959e+02 -1.193512e+02
     vertex -1.134000e+02  4.580000e+02 -1.235000e+02
     vertex -1.134000e+02  4.442317e+02 -1.189430e+02
   endloop
 endfacet
 facet normal  1.000000e+00  6.719547e-14  2.212512e-14
   outer loop
     vertex -1.134000e+02  4.422712e+02 -1.173202e+02
     vertex -1.134000e+02  4.361785e+02 -1.001010e+02
     vertex -1.134000e+02  4.358222e+02 -1.003035e+02
   endloop
 endfacet
 facet normal  1.000000e+00  5.477015e-17 -1.631198e-15
   outer loop
     vertex -1.134000e+02  4.422712e+02 -1.173202e+02
     vertex -1.134000e+02  4.426808e+02 -1.173065e+02
     vertex -1.134000e+02  4.361785e+02 -1.001010e+02
   endloop
 endfacet
 facet normal  1.000000e+00  4.575068e-14 -1.561594e-14
   outer loop
     vertex -1.134000e+02  4.440636e+02 -1.197391e+02
     vertex -1.134000e+02  4.580000e+02 -1.235000e+02
     vertex -1.134000e+02  4.441959e+02 -1.193512e+02
   endloop
 endfacet
 facet normal  1.000000e+00  8.521193e-16 -3.017510e-15
   outer loop
     vertex -1.134000e+02  4.418768e+02 -1.174316e+02
     vertex -1.134000e+02  4.358222e+02 -1.003035e+02
     vertex -1.134000e+02  4.354278e+02 -1.004149e+02
   endloop
 endfacet
 facet normal  1.000000e+00  8.521193e-16 -3.017510e-15
   outer loop
     vertex -1.134000e+02  4.418768e+02 -1.174316e+02
     vertex -1.134000e+02  4.422712e+02 -1.173202e+02
     vertex -1.134000e+02  4.358222e+02 -1.003035e+02
   endloop
 endfacet
 facet normal  1.000000e+00  4.258859e-14 -2.733332e-14
   outer loop
     vertex -1.134000e+02  4.438422e+02 -1.200840e+02
     vertex -1.134000e+02  4.580000e+02 -1.235000e+02
     vertex -1.134000e+02  4.440636e+02 -1.197391e+02
   endloop
 endfacet
 facet normal  1.000000e+00  6.719547e-14  2.212512e-14
   outer loop
     vertex -1.134000e+02  4.415205e+02 -1.176341e+02
     vertex -1.134000e+02  4.418768e+02 -1.174316e+02
     vertex -1.134000e+02  4.354278e+02 -1.004149e+02
   endloop
 endfacet
 facet normal  1.000000e+00  5.477015e-17 -1.631198e-15
   outer loop
     vertex -1.134000e+02  4.415205e+02 -1.176341e+02
     vertex -1.134000e+02  4.354278e+02 -1.004149e+02
     vertex -1.134000e+02  4.350182e+02 -1.004286e+02
   endloop
 endfacet
 facet normal  1.000000e+00  3.920262e-14 -4.136652e-14
   outer loop
     vertex -1.134000e+02  4.435447e+02 -1.203659e+02
     vertex -1.134000e+02  4.580000e+02 -1.235000e+02
     vertex -1.134000e+02  4.438422e+02 -1.200840e+02
   endloop
 endfacet
 facet normal  1.000000e+00  1.152661e-15 -1.216286e-15
   outer loop
     vertex -1.134000e+02  4.412230e+02 -1.179160e+02
     vertex -1.134000e+02  4.415205e+02 -1.176341e+02
     vertex -1.134000e+02  4.350182e+02 -1.004286e+02
   endloop
 endfacet
 facet normal  1.000000e+00 -3.709750e-16 -1.756895e-15
   outer loop
     vertex -1.134000e+02  4.412230e+02 -1.179160e+02
     vertex -1.134000e+02  4.350182e+02 -1.004286e+02
     vertex -1.134000e+02  4.346173e+02 -1.003440e+02
   endloop
 endfacet
 facet normal  1.000000e+00  2.385793e-14 -1.121396e-13
   outer loop
     vertex -1.134000e+02  4.431885e+02 -1.205684e+02
     vertex -1.134000e+02  4.580000e+02 -1.235000e+02
     vertex -1.134000e+02  4.435447e+02 -1.203659e+02
   endloop
 endfacet
 facet normal  1.000000e+00  2.707596e-14 -9.588091e-14
   outer loop
     vertex -1.134000e+02  4.427941e+02 -1.206798e+02
     vertex -1.134000e+02  4.580000e+02 -1.235000e+02
     vertex -1.134000e+02  4.431885e+02 -1.205684e+02
   endloop
 endfacet
 facet normal  1.000000e+00 -1.511044e-13  1.321992e-14
   outer loop
     vertex -1.134000e+02  4.360258e+02 -1.234874e+02
     vertex -1.134000e+02  4.408336e+02 -1.190570e+02
     vertex -1.134000e+02  4.408693e+02 -1.186488e+02
   endloop
 endfacet
 facet normal  1.000000e+00 -1.214975e-13 -1.890904e-14
   outer loop
     vertex -1.134000e+02  4.360258e+02 -1.234874e+02
     vertex -1.134000e+02  4.408966e+02 -1.194620e+02
     vertex -1.134000e+02  4.408336e+02 -1.190570e+02
   endloop
 endfacet
 facet normal  1.000000e+00 -1.019078e-13 -4.261287e-14
   outer loop
     vertex -1.134000e+02  4.360258e+02 -1.234874e+02
     vertex -1.134000e+02  4.410547e+02 -1.198401e+02
     vertex -1.134000e+02  4.408966e+02 -1.194620e+02
   endloop
 endfacet
 facet normal  1.000000e+00 -8.638699e-14 -6.401279e-14
   outer loop
     vertex -1.134000e+02  4.360258e+02 -1.234874e+02
     vertex -1.134000e+02  4.412987e+02 -1.201694e+02
     vertex -1.134000e+02  4.410547e+02 -1.198401e+02
   endloop
 endfacet
 facet normal  1.000000e+00 -3.307911e-14 -1.487273e-13
   outer loop
     vertex -1.134000e+02  4.360258e+02 -1.234874e+02
     vertex -1.134000e+02  4.416144e+02 -1.204307e+02
     vertex -1.134000e+02  4.412987e+02 -1.201694e+02
   endloop
 endfacet
 facet normal  1.000000e+00 -5.364618e-14 -1.111247e-13
   outer loop
     vertex -1.134000e+02  4.360258e+02 -1.234874e+02
     vertex -1.134000e+02  4.419835e+02 -1.206089e+02
     vertex -1.134000e+02  4.416144e+02 -1.204307e+02
   endloop
 endfacet
 facet normal  1.000000e+00 -3.264311e-14 -1.545940e-13
   outer loop
     vertex -1.134000e+02  4.360258e+02 -1.234874e+02
     vertex -1.134000e+02  4.423845e+02 -1.206935e+02
     vertex -1.134000e+02  4.419835e+02 -1.206089e+02
   endloop
 endfacet
 facet normal  1.000000e+00  1.807428e-15 -2.321227e-13
   outer loop
     vertex -1.134000e+02  4.360258e+02 -1.234874e+02
     vertex -1.134000e+02  4.580000e+02 -1.235000e+02
     vertex -1.134000e+02  4.427941e+02 -1.206798e+02
   endloop
 endfacet
 facet normal  1.000000e+00  8.321124e-15 -2.478249e-13
   outer loop
     vertex -1.134000e+02  4.360258e+02 -1.234874e+02
     vertex -1.134000e+02  4.427941e+02 -1.206798e+02
     vertex -1.134000e+02  4.423845e+02 -1.206935e+02
   endloop
 endfacet
 facet normal  1.000000e+00 -9.348086e-14  5.999592e-14
   outer loop
     vertex -1.134000e+02  4.312344e+02 -1.230575e+02
     vertex -1.134000e+02  4.410017e+02 -1.182609e+02
     vertex -1.134000e+02  4.412230e+02 -1.179160e+02
   endloop
 endfacet
 facet normal  1.000000e+00 -7.690921e-14  2.625118e-14
   outer loop
     vertex -1.134000e+02  4.312344e+02 -1.230575e+02
     vertex -1.134000e+02  4.408693e+02 -1.186488e+02
     vertex -1.134000e+02  4.410017e+02 -1.182609e+02
   endloop
 endfacet
 facet normal  1.000000e+00 -5.175220e-14 -2.107237e-14
   outer loop
     vertex -1.134000e+02  4.312344e+02 -1.230575e+02
     vertex -1.134000e+02  4.412230e+02 -1.179160e+02
     vertex -1.134000e+02  4.346173e+02 -1.003440e+02
   endloop
 endfacet
 facet normal  1.000000e+00 -3.200281e-15 -1.348328e-13
   outer loop
     vertex -1.134000e+02  4.312344e+02 -1.230575e+02
     vertex -1.134000e+02  4.360258e+02 -1.234874e+02
     vertex -1.134000e+02  4.408693e+02 -1.186488e+02
   endloop
 endfacet
 facet normal  1.000000e+00 -3.211500e-15 -2.830181e-14
   outer loop
     vertex -1.134000e+02  4.265365e+02 -1.220223e+02
     vertex -1.134000e+02  4.312344e+02 -1.230575e+02
     vertex -1.134000e+02  4.346173e+02 -1.003440e+02
   endloop
 endfacet
 facet normal  1.000000e+00 -1.206897e-14 -2.500012e-14
   outer loop
     vertex -1.134000e+02  4.265365e+02 -1.220223e+02
     vertex -1.134000e+02  4.346173e+02 -1.003440e+02
     vertex -1.134000e+02  4.342482e+02 -1.001658e+02
   endloop
 endfacet
 facet normal  1.000000e+00 -4.665152e-14 -1.979484e-15
   outer loop
     vertex -1.134000e+02  4.220082e+02 -1.203986e+02
     vertex -1.134000e+02  4.342482e+02 -1.001658e+02
     vertex -1.134000e+02  4.339325e+02 -9.990447e+01
   endloop
 endfacet
 facet normal  1.000000e+00 -3.741433e-15 -2.793836e-14
   outer loop
     vertex -1.134000e+02  4.220082e+02 -1.203986e+02
     vertex -1.134000e+02  4.265365e+02 -1.220223e+02
     vertex -1.134000e+02  4.342482e+02 -1.001658e+02
   endloop
 endfacet
 facet normal  1.000000e+00 -1.861307e-14 -1.379229e-14
   outer loop
     vertex -1.134000e+02  4.177228e+02 -1.182127e+02
     vertex -1.134000e+02  4.339325e+02 -9.990447e+01
     vertex -1.134000e+02  4.336885e+02 -9.957519e+01
   endloop
 endfacet
 facet normal  1.000000e+00 -3.784025e-15 -2.692156e-14
   outer loop
     vertex -1.134000e+02  4.177228e+02 -1.182127e+02
     vertex -1.134000e+02  4.220082e+02 -1.203986e+02
     vertex -1.134000e+02  4.339325e+02 -9.990447e+01
   endloop
 endfacet
 facet normal  1.000000e+00 -6.040436e-15 -2.456253e-14
   outer loop
     vertex -1.134000e+02  4.137500e+02 -1.155000e+02
     vertex -1.134000e+02  4.177228e+02 -1.182127e+02
     vertex -1.134000e+02  4.336885e+02 -9.957519e+01
   endloop
 endfacet
 facet normal  1.000000e+00 -3.421761e-14  1.071642e-14
   outer loop
     vertex -1.134000e+02  4.137500e+02 -1.155000e+02
     vertex -1.134000e+02  4.336885e+02 -9.957519e+01
     vertex -1.134000e+02  4.261734e+02 -9.307105e+01
   endloop
 endfacet
 facet normal  1.000000e+00  3.588419e-15 -1.022435e-14
   outer loop
     vertex -1.134000e+02  4.137500e+02 -1.155000e+02
     vertex -1.134000e+02  4.261734e+02 -9.307105e+01
     vertex -1.134000e+02  4.228310e+02 -9.146432e+01
   endloop
 endfacet
 facet normal  1.000000e+00  6.815629e-16 -9.234050e-15
   outer loop
     vertex -1.134000e+02  4.092390e+02 -1.124741e+02
     vertex -1.134000e+02  4.228310e+02 -9.146432e+01
     vertex -1.134000e+02  4.178212e+02 -8.875617e+01
   endloop
 endfacet
 facet normal  1.000000e+00  2.804637e-16 -8.974564e-15
   outer loop
     vertex -1.134000e+02  4.092390e+02 -1.124741e+02
     vertex -1.134000e+02  4.137500e+02 -1.155000e+02
     vertex -1.134000e+02  4.228310e+02 -9.146432e+01
   endloop
 endfacet
 facet normal  1.000000e+00  1.582410e-15 -8.978089e-15
   outer loop
     vertex -1.134000e+02  4.043407e+02 -1.101262e+02
     vertex -1.134000e+02  4.178212e+02 -8.875617e+01
     vertex -1.134000e+02  4.125867e+02 -8.651310e+01
   endloop
 endfacet
 facet normal  1.000000e+00  2.254585e-15 -9.212819e-15
   outer loop
     vertex -1.134000e+02  4.043407e+02 -1.101262e+02
     vertex -1.134000e+02  4.125867e+02 -8.651310e+01
     vertex -1.134000e+02  4.071704e+02 -8.475356e+01
   endloop
 endfacet
 facet normal  1.000000e+00  3.745982e-15 -1.034290e-14
   outer loop
     vertex -1.134000e+02  4.043407e+02 -1.101262e+02
     vertex -1.134000e+02  4.092390e+02 -1.124741e+02
     vertex -1.134000e+02  4.178212e+02 -8.875617e+01
   endloop
 endfacet
 facet normal  1.000000e+00  7.739719e-15 -1.098792e-14
   outer loop
     vertex -1.134000e+02  3.991564e+02 -1.085049e+02
     vertex -1.134000e+02  4.071704e+02 -8.475356e+01
     vertex -1.134000e+02  4.016170e+02 -8.349204e+01
   endloop
 endfacet
 facet normal  1.000000e+00  2.589502e-15 -9.250171e-15
   outer loop
     vertex -1.134000e+02  3.991564e+02 -1.085049e+02
     vertex -1.134000e+02  4.043407e+02 -1.101262e+02
     vertex -1.134000e+02  4.071704e+02 -8.475356e+01
   endloop
 endfacet
 facet normal  1.000000e+00  1.209169e-15 -9.806082e-15
   outer loop
     vertex -1.134000e+02  3.937932e+02 -1.076438e+02
     vertex -1.134000e+02  4.016170e+02 -8.349204e+01
     vertex -1.134000e+02  3.959721e+02 -8.273892e+01
   endloop
 endfacet
 facet normal  1.000000e+00  3.600479e-15 -1.058073e-14
   outer loop
     vertex -1.134000e+02  3.937932e+02 -1.076438e+02
     vertex -1.134000e+02  3.991564e+02 -1.085049e+02
     vertex -1.134000e+02  4.016170e+02 -8.349204e+01
   endloop
 endfacet
 facet normal  1.000000e+00 -7.021959e-16 -9.638860e-15
   outer loop
     vertex -1.134000e+02  3.926970e+02 -1.075639e+02
     vertex -1.134000e+02  3.937932e+02 -1.076438e+02
     vertex -1.134000e+02  3.959721e+02 -8.273892e+01
   endloop
 endfacet
 facet normal  1.000000e+00 -7.021959e-16 -9.638860e-15
   outer loop
     vertex -1.134000e+02  3.926970e+02 -1.075639e+02
     vertex -1.134000e+02  3.959721e+02 -8.273892e+01
     vertex -1.134000e+02  3.941506e+02 -8.260622e+01
   endloop
 endfacet
 facet normal  1.000000e+00  1.511132e-14 -1.067584e-14
   outer loop
     vertex -1.134000e+02  3.915990e+02 -1.075160e+02
     vertex -1.134000e+02  3.941506e+02 -8.260622e+01
     vertex -1.134000e+02  3.923261e+02 -8.252656e+01
   endloop
 endfacet
 facet normal  1.000000e+00  1.248763e-14 -1.040708e-14
   outer loop
     vertex -1.134000e+02  3.915990e+02 -1.075160e+02
     vertex -1.134000e+02  3.926970e+02 -1.075639e+02
     vertex -1.134000e+02  3.941506e+02 -8.260622e+01
   endloop
 endfacet
 facet normal  1.000000e+00  1.277676e-14 -1.060791e-14
   outer loop
     vertex -1.134000e+02  3.905000e+02 -1.075000e+02
     vertex -1.134000e+02  3.915990e+02 -1.075160e+02
     vertex -1.134000e+02  3.923261e+02 -8.252656e+01
   endloop
 endfacet
 facet normal  1.000000e+00 -7.914418e-15 -9.094947e-15
   outer loop
     vertex -1.134000e+02  3.905000e+02 -1.075000e+02
     vertex -1.134000e+02  3.923261e+02 -8.252656e+01
     vertex -1.134000e+02  3.905000e+02 -8.250000e+01
   endloop
 endfacet
 facet normal  1.000000e+00  4.591199e-14 -2.046363e-14
   outer loop
     vertex -1.134000e+02  3.840000e+02 -1.075000e+02
     vertex -1.134000e+02  3.905000e+02 -8.250000e+01
     vertex -1.134000e+02  3.840000e+02 -8.250000e+01
   endloop
 endfacet
 facet normal  1.000000e+00  2.186285e-15 -9.094947e-15
   outer loop
     vertex -1.134000e+02  3.840000e+02 -1.075000e+02
     vertex -1.134000e+02  3.905000e+02 -1.075000e+02
     vertex -1.134000e+02  3.905000e+02 -8.250000e+01
   endloop
 endfacet
 facet normal -1.000000e+00 -5.227939e-15  1.216765e-14
   outer loop
     vertex -1.154000e+02  4.864359e+02 -8.605772e+01
     vertex -1.154000e+02  4.960118e+02 -7.376790e+01
     vertex -1.154000e+02  4.991651e+02 -7.708472e+01
   endloop
 endfacet
 facet normal -1.000000e+00 -3.026562e-15  9.044738e-15
   outer loop
     vertex -1.154000e+02  4.883017e+02 -8.857572e+01
     vertex -1.154000e+02  4.864359e+02 -8.605772e+01
     vertex -1.154000e+02  4.991651e+02 -7.708472e+01
   endloop
 endfacet
 facet normal -1.000000e+00 -1.434758e-15  6.186596e-15
   outer loop
     vertex -1.154000e+02  4.883017e+02 -8.857572e+01
     vertex -1.154000e+02  5.017469e+02 -8.086351e+01
     vertex -1.154000e+02  5.036906e+02 -8.500683e+01
   endloop
 endfacet
 facet normal -1.000000e+00 -3.130630e-15  9.143123e-15
   outer loop
     vertex -1.154000e+02  4.883017e+02 -8.857572e+01
     vertex -1.154000e+02  4.991651e+02 -7.708472e+01
     vertex -1.154000e+02  5.017469e+02 -8.086351e+01
   endloop
 endfacet
 facet normal -1.000000e+00 -3.083939e-15  1.049710e-14
   outer loop
     vertex -1.154000e+02  4.840217e+02 -8.405942e+01
     vertex -1.154000e+02  4.960118e+02 -7.376790e+01
     vertex -1.154000e+02  4.864359e+02 -8.605772e+01
   endloop
 endfacet
 facet normal -1.000000e+00 -3.422524e-15  1.089157e-14
   outer loop
     vertex -1.154000e+02  4.840217e+02 -8.405942e+01
     vertex -1.154000e+02  4.923682e+02 -7.099857e+01
     vertex -1.154000e+02  4.960118e+02 -7.376790e+01
   endloop
 endfacet
 facet normal -1.000000e+00 -1.792282e-15  9.849761e-15
   outer loop
     vertex -1.154000e+02  4.840217e+02 -8.405942e+01
     vertex -1.154000e+02  4.883283e+02 -6.884815e+01
     vertex -1.154000e+02  4.923682e+02 -7.099857e+01
   endloop
 endfacet
 facet normal -1.000000e+00 -1.659974e-15  1.244250e-14
   outer loop
     vertex -1.154000e+02  4.895107e+02 -9.146707e+01
     vertex -1.154000e+02  5.036906e+02 -8.500683e+01
     vertex -1.154000e+02  5.049460e+02 -8.940783e+01
   endloop
 endfacet
 facet normal -1.000000e+00 -4.156320e-15  1.792182e-14
   outer loop
     vertex -1.154000e+02  4.895107e+02 -9.146707e+01
     vertex -1.154000e+02  4.883017e+02 -8.857572e+01
     vertex -1.154000e+02  5.036906e+02 -8.500683e+01
   endloop
 endfacet
 facet normal -1.000000e+00 -3.499561e-15  8.984486e-15
   outer loop
     vertex -1.154000e+02  4.811994e+02 -8.269694e+01
     vertex -1.154000e+02  4.839963e+02 -6.737209e+01
     vertex -1.154000e+02  4.883283e+02 -6.884815e+01
   endloop
 endfacet
 facet normal -1.000000e+00 -9.321533e-15  1.198147e-14
   outer loop
     vertex -1.154000e+02  4.811994e+02 -8.269694e+01
     vertex -1.154000e+02  4.883283e+02 -6.884815e+01
     vertex -1.154000e+02  4.840217e+02 -8.405942e+01
   endloop
 endfacet
 facet normal -1.000000e+00 -1.287418e-15  9.380506e-15
   outer loop
     vertex -1.154000e+02  4.899927e+02 -9.456375e+01
     vertex -1.154000e+02  5.054808e+02 -9.395304e+01
     vertex -1.154000e+02  5.052811e+02 -9.852524e+01
   endloop
 endfacet
 facet normal -1.000000e+00 -1.281440e-15  9.228906e-15
   outer loop
     vertex -1.154000e+02  4.899927e+02 -9.456375e+01
     vertex -1.154000e+02  5.049460e+02 -8.940783e+01
     vertex -1.154000e+02  5.054808e+02 -9.395304e+01
   endloop
 endfacet
 facet normal -1.000000e+00 -1.199564e-15  8.991447e-15
   outer loop
     vertex -1.154000e+02  4.899927e+02 -9.456375e+01
     vertex -1.154000e+02  4.895107e+02 -9.146707e+01
     vertex -1.154000e+02  5.049460e+02 -8.940783e+01
   endloop
 endfacet
 facet normal -1.000000e+00 -3.163436e-15  1.040041e-14
   outer loop
     vertex -1.154000e+02  4.781330e+02 -8.204947e+01
     vertex -1.154000e+02  4.751508e+02 -6.656005e+01
     vertex -1.154000e+02  4.794839e+02 -6.660845e+01
   endloop
 endfacet
 facet normal -1.000000e+00 -4.518440e-15  1.051896e-14
   outer loop
     vertex -1.154000e+02  4.781330e+02 -8.204947e+01
     vertex -1.154000e+02  4.794839e+02 -6.660845e+01
     vertex -1.154000e+02  4.839963e+02 -6.737209e+01
   endloop
 endfacet
 facet normal -1.000000e+00  1.696848e-15  8.036078e-15
   outer loop
     vertex -1.154000e+02  4.781330e+02 -8.204947e+01
     vertex -1.154000e+02  4.839963e+02 -6.737209e+01
     vertex -1.154000e+02  4.811994e+02 -8.269694e+01
   endloop
 endfacet
 facet normal -1.000000e+00 -1.298681e-15  9.782631e-15
   outer loop
     vertex -1.154000e+02  4.897195e+02 -9.768578e+01
     vertex -1.154000e+02  5.052811e+02 -9.852524e+01
     vertex -1.154000e+02  5.043522e+02 -1.030065e+02
   endloop
 endfacet
 facet normal -1.000000e+00 -1.329039e-15  9.219881e-15
   outer loop
     vertex -1.154000e+02  4.897195e+02 -9.768578e+01
     vertex -1.154000e+02  4.899927e+02 -9.456375e+01
     vertex -1.154000e+02  5.052811e+02 -9.852524e+01
   endloop
 endfacet
 facet normal -1.000000e+00 -1.554580e-15  1.095018e-14
   outer loop
     vertex -1.154000e+02  4.750008e+02 -8.215464e+01
     vertex -1.154000e+02  4.708605e+02 -6.716915e+01
     vertex -1.154000e+02  4.751508e+02 -6.656005e+01
   endloop
 endfacet
 facet normal -1.000000e+00 -3.672866e-16  1.093876e-14
   outer loop
     vertex -1.154000e+02  4.750008e+02 -8.215464e+01
     vertex -1.154000e+02  4.751508e+02 -6.656005e+01
     vertex -1.154000e+02  4.781330e+02 -8.204947e+01
   endloop
 endfacet
 facet normal -1.000000e+00 -7.759839e-16  1.122122e-14
   outer loop
     vertex -1.154000e+02  4.887072e+02 -1.006517e+02
     vertex -1.154000e+02  5.027180e+02 -1.072814e+02
     vertex -1.154000e+02  5.004207e+02 -1.112395e+02
   endloop
 endfacet
 facet normal -1.000000e+00 -1.157319e-15  1.041533e-14
   outer loop
     vertex -1.154000e+02  4.887072e+02 -1.006517e+02
     vertex -1.154000e+02  5.043522e+02 -1.030065e+02
     vertex -1.154000e+02  5.027180e+02 -1.072814e+02
   endloop
 endfacet
 facet normal -1.000000e+00 -1.219967e-15  9.999105e-15
   outer loop
     vertex -1.154000e+02  4.887072e+02 -1.006517e+02
     vertex -1.154000e+02  4.897195e+02 -9.768578e+01
     vertex -1.154000e+02  5.043522e+02 -1.030065e+02
   endloop
 endfacet
 facet normal -1.000000e+00  4.055108e-15  9.260983e-15
   outer loop
     vertex -1.154000e+02  4.719848e+02 -8.300633e+01
     vertex -1.154000e+02  4.667121e+02 -6.842165e+01
     vertex -1.154000e+02  4.708605e+02 -6.716915e+01
   endloop
 endfacet
 facet normal -1.000000e+00 -6.272716e-15  5.527191e-15
   outer loop
     vertex -1.154000e+02  4.719848e+02 -8.300633e+01
     vertex -1.154000e+02  4.628015e+02 -7.028862e+01
     vertex -1.154000e+02  4.667121e+02 -6.842165e+01
   endloop
 endfacet
 facet normal -1.000000e+00 -1.172254e-14  8.140863e-15
   outer loop
     vertex -1.154000e+02  4.719848e+02 -8.300633e+01
     vertex -1.154000e+02  4.708605e+02 -6.716915e+01
     vertex -1.154000e+02  4.750008e+02 -8.215464e+01
   endloop
 endfacet
 facet normal -1.000000e+00 -6.243881e-15  9.133278e-15
   outer loop
     vertex -1.154000e+02  4.870144e+02 -1.032892e+02
     vertex -1.154000e+02  5.004207e+02 -1.112395e+02
     vertex -1.154000e+02  4.975194e+02 -1.147789e+02
   endloop
 endfacet
 facet normal -1.000000e+00 -1.307451e-14 -2.384862e-15
   outer loop
     vertex -1.154000e+02  4.870144e+02 -1.032892e+02
     vertex -1.154000e+02  4.887072e+02 -1.006517e+02
     vertex -1.154000e+02  5.004207e+02 -1.112395e+02
   endloop
 endfacet
 facet normal -1.000000e+00  3.343017e-15  1.247061e-14
   outer loop
     vertex -1.154000e+02  4.692603e+02 -8.455505e+01
     vertex -1.154000e+02  4.628015e+02 -7.028862e+01
     vertex -1.154000e+02  4.719848e+02 -8.300633e+01
   endloop
 endfacet
 facet normal -1.000000e+00 -5.701080e-15  8.376113e-15
   outer loop
     vertex -1.154000e+02  4.592192e+02 -7.272687e+01
     vertex -1.154000e+02  4.628015e+02 -7.028862e+01
     vertex -1.154000e+02  4.692603e+02 -8.455505e+01
   endloop
 endfacet
 facet normal -1.000000e+00  2.505361e-15  1.713261e-14
   outer loop
     vertex -1.154000e+02  4.847397e+02 -1.054449e+02
     vertex -1.154000e+02  4.870144e+02 -1.032892e+02
     vertex -1.154000e+02  4.975194e+02 -1.147789e+02
   endloop
 endfacet
 facet normal -1.000000e+00  1.481903e-16  1.390527e-14
   outer loop
     vertex -1.154000e+02  4.940889e+02 -1.178083e+02
     vertex -1.154000e+02  4.847397e+02 -1.054449e+02
     vertex -1.154000e+02  4.975194e+02 -1.147789e+02
   endloop
 endfacet
 facet normal -1.000000e+00  6.346687e-16  1.375462e-14
   outer loop
     vertex -1.154000e+02  4.560479e+02 -7.568005e+01
     vertex -1.154000e+02  4.592192e+02 -7.272687e+01
     vertex -1.154000e+02  4.692603e+02 -8.455505e+01
   endloop
 endfacet
 facet normal -1.000000e+00  1.471716e-16  1.302888e-14
   outer loop
     vertex -1.154000e+02  4.560479e+02 -7.568005e+01
     vertex -1.154000e+02  4.692603e+02 -8.455505e+01
     vertex -1.154000e+02  4.669856e+02 -8.671080e+01
   endloop
 endfacet
 facet normal -1.000000e+00 -5.889712e-15  9.339380e-15
   outer loop
     vertex -1.154000e+02  4.902179e+02 -1.202495e+02
     vertex -1.154000e+02  4.847397e+02 -1.054449e+02
     vertex -1.154000e+02  4.940889e+02 -1.178083e+02
   endloop
 endfacet
 facet normal -1.000000e+00 -1.100340e-15  1.111159e-14
   outer loop
     vertex -1.154000e+02  4.902179e+02 -1.202495e+02
     vertex -1.154000e+02  4.820152e+02 -1.069937e+02
     vertex -1.154000e+02  4.847397e+02 -1.054449e+02
   endloop
 endfacet
 facet normal -1.000000e+00 -4.884283e-15  8.039896e-15
   outer loop
     vertex -1.154000e+02  4.533611e+02 -7.907988e+01
     vertex -1.154000e+02  4.560479e+02 -7.568005e+01
     vertex -1.154000e+02  4.669856e+02 -8.671080e+01
   endloop
 endfacet
 facet normal -1.000000e+00 -6.905171e-15  4.431732e-15
   outer loop
     vertex -1.154000e+02  4.533611e+02 -7.907988e+01
     vertex -1.154000e+02  4.669856e+02 -8.671080e+01
     vertex -1.154000e+02  4.652928e+02 -8.934828e+01
   endloop
 endfacet
 facet normal -1.000000e+00 -3.968335e-15  9.336887e-15
   outer loop
     vertex -1.154000e+02  4.860059e+02 -1.220397e+02
     vertex -1.154000e+02  4.820152e+02 -1.069937e+02
     vertex -1.154000e+02  4.902179e+02 -1.202495e+02
   endloop
 endfacet
 facet normal -1.000000e+00 -7.112939e-15  8.502819e-15
   outer loop
     vertex -1.154000e+02  4.860059e+02 -1.220397e+02
     vertex -1.154000e+02  4.789992e+02 -1.078454e+02
     vertex -1.154000e+02  4.820152e+02 -1.069937e+02
   endloop
 endfacet
 facet normal -1.000000e+00 -2.282464e-15  1.036176e-14
   outer loop
     vertex -1.154000e+02  4.512207e+02 -8.284776e+01
     vertex -1.154000e+02  4.652928e+02 -8.934828e+01
     vertex -1.154000e+02  4.642805e+02 -9.231422e+01
   endloop
 endfacet
 facet normal -1.000000e+00 -2.839412e-15  9.156098e-15
   outer loop
     vertex -1.154000e+02  4.512207e+02 -8.284776e+01
     vertex -1.154000e+02  4.533611e+02 -7.907988e+01
     vertex -1.154000e+02  4.652928e+02 -8.934828e+01
   endloop
 endfacet
 facet normal -1.000000e+00 -5.486114e-15  9.305873e-15
   outer loop
     vertex -1.154000e+02  4.815618e+02 -1.231325e+02
     vertex -1.154000e+02  4.789992e+02 -1.078454e+02
     vertex -1.154000e+02  4.860059e+02 -1.220397e+02
   endloop
 endfacet
 facet normal -1.000000e+00 -2.734525e-15  9.342845e-15
   outer loop
     vertex -1.154000e+02  4.493352e+02 -8.604121e+01
     vertex -1.154000e+02  4.642805e+02 -9.231422e+01
     vertex -1.154000e+02  4.640073e+02 -9.543625e+01
   endloop
 endfacet
 facet normal -1.000000e+00 -2.340401e-15  1.028183e-14
   outer loop
     vertex -1.154000e+02  4.493352e+02 -8.604121e+01
     vertex -1.154000e+02  4.512207e+02 -8.284776e+01
     vertex -1.154000e+02  4.642805e+02 -9.231422e+01
   endloop
 endfacet
 facet normal -1.000000e+00  2.155907e-15  1.021013e-14
   outer loop
     vertex -1.154000e+02  4.770000e+02 -1.235000e+02
     vertex -1.154000e+02  4.728006e+02 -1.073031e+02
     vertex -1.154000e+02  4.758670e+02 -1.079505e+02
   endloop
 endfacet
 facet normal -1.000000e+00 -4.862687e-15  9.698714e-15
   outer loop
     vertex -1.154000e+02  4.770000e+02 -1.235000e+02
     vertex -1.154000e+02  4.758670e+02 -1.079505e+02
     vertex -1.154000e+02  4.789992e+02 -1.078454e+02
   endloop
 endfacet
 facet normal -1.000000e+00 -3.886392e-15  9.574037e-15
   outer loop
     vertex -1.154000e+02  4.770000e+02 -1.235000e+02
     vertex -1.154000e+02  4.789992e+02 -1.078454e+02
     vertex -1.154000e+02  4.815618e+02 -1.231325e+02
   endloop
 endfacet
 facet normal -1.000000e+00 -4.182265e-15  8.527239e-15
   outer loop
     vertex -1.154000e+02  4.468925e+02 -8.883165e+01
     vertex -1.154000e+02  4.640073e+02 -9.543625e+01
     vertex -1.154000e+02  4.644893e+02 -9.853293e+01
   endloop
 endfacet
 facet normal -1.000000e+00 -5.585951e-15  4.889804e-15
   outer loop
     vertex -1.154000e+02  4.468925e+02 -8.883165e+01
     vertex -1.154000e+02  4.493352e+02 -8.604121e+01
     vertex -1.154000e+02  4.640073e+02 -9.543625e+01
   endloop
 endfacet
 facet normal -1.000000e+00 -1.202084e-15  1.393287e-14
   outer loop
     vertex -1.154000e+02  4.439766e+02 -9.112312e+01
     vertex -1.154000e+02  4.468925e+02 -8.883165e+01
     vertex -1.154000e+02  4.644893e+02 -9.853293e+01
   endloop
 endfacet
 facet normal -1.000000e+00 -4.503526e-15  1.483813e-14
   outer loop
     vertex -1.154000e+02  4.366443e+02 -9.789500e+01
     vertex -1.154000e+02  4.371391e+02 -9.391392e+01
     vertex -1.154000e+02  4.406878e+02 -9.283685e+01
   endloop
 endfacet
 facet normal -1.000000e+00 -8.325203e-14  2.462579e-14
   outer loop
     vertex -1.154000e+02  4.366443e+02 -9.789500e+01
     vertex -1.154000e+02  4.364003e+02 -9.756572e+01
     vertex -1.154000e+02  4.371391e+02 -9.391392e+01
   endloop
 endfacet
 facet normal -1.000000e+00  5.518068e-15  6.666553e-15
   outer loop
     vertex -1.154000e+02  4.360846e+02 -9.730440e+01
     vertex -1.154000e+02  4.371391e+02 -9.391392e+01
     vertex -1.154000e+02  4.364003e+02 -9.756572e+01
   endloop
 endfacet
 facet normal -1.000000e+00 -2.991759e-15  8.875499e-15
   outer loop
     vertex -1.154000e+02  4.580000e+02 -1.235000e+02
     vertex -1.154000e+02  4.728006e+02 -1.073031e+02
     vertex -1.154000e+02  4.770000e+02 -1.235000e+02
   endloop
 endfacet
 facet normal -1.000000e+00  7.088766e-15  5.252779e-15
   outer loop
     vertex -1.154000e+02  4.580000e+02 -1.235000e+02
     vertex -1.154000e+02  4.656983e+02 -1.014243e+02
     vertex -1.154000e+02  4.675641e+02 -1.039423e+02
   endloop
 endfacet
 facet normal -1.000000e+00 -7.433055e-15  1.235425e-14
   outer loop
     vertex -1.154000e+02  4.580000e+02 -1.235000e+02
     vertex -1.154000e+02  4.675641e+02 -1.039423e+02
     vertex -1.154000e+02  4.699783e+02 -1.059406e+02
   endloop
 endfacet
 facet normal -1.000000e+00 -4.930490e-15  1.064710e-14
   outer loop
     vertex -1.154000e+02  4.580000e+02 -1.235000e+02
     vertex -1.154000e+02  4.699783e+02 -1.059406e+02
     vertex -1.154000e+02  4.728006e+02 -1.073031e+02
   endloop
 endfacet
 facet normal -1.000000e+00 -2.163920e-14  2.853644e-14
   outer loop
     vertex -1.154000e+02  4.368024e+02 -9.827310e+01
     vertex -1.154000e+02  4.366443e+02 -9.789500e+01
     vertex -1.154000e+02  4.406878e+02 -9.283685e+01
   endloop
 endfacet
 facet normal -1.000000e+00  3.518544e-15  7.288445e-15
   outer loop
     vertex -1.154000e+02  4.357156e+02 -9.712623e+01
     vertex -1.154000e+02  4.371391e+02 -9.391392e+01
     vertex -1.154000e+02  4.360846e+02 -9.730440e+01
   endloop
 endfacet
 facet normal -1.000000e+00  1.501745e-14  2.337213e-15
   outer loop
     vertex -1.154000e+02  4.368655e+02 -9.867805e+01
     vertex -1.154000e+02  4.368024e+02 -9.827310e+01
     vertex -1.154000e+02  4.406878e+02 -9.283685e+01
   endloop
 endfacet
 facet normal -1.000000e+00  3.055562e-15  7.304741e-15
   outer loop
     vertex -1.154000e+02  4.353146e+02 -9.704156e+01
     vertex -1.154000e+02  4.334526e+02 -9.431728e+01
     vertex -1.154000e+02  4.371391e+02 -9.391392e+01
   endloop
 endfacet
 facet normal -1.000000e+00  1.708370e-15  8.090645e-15
   outer loop
     vertex -1.154000e+02  4.353146e+02 -9.704156e+01
     vertex -1.154000e+02  4.371391e+02 -9.391392e+01
     vertex -1.154000e+02  4.357156e+02 -9.712623e+01
   endloop
 endfacet
 facet normal -1.000000e+00 -8.734129e-15  1.676166e-14
   outer loop
     vertex -1.154000e+02  4.368297e+02 -9.908631e+01
     vertex -1.154000e+02  4.406878e+02 -9.283685e+01
     vertex -1.154000e+02  4.439766e+02 -9.112312e+01
   endloop
 endfacet
 facet normal -1.000000e+00  2.145795e-14 -1.877328e-15
   outer loop
     vertex -1.154000e+02  4.368297e+02 -9.908631e+01
     vertex -1.154000e+02  4.368655e+02 -9.867805e+01
     vertex -1.154000e+02  4.406878e+02 -9.283685e+01
   endloop
 endfacet
 facet normal -1.000000e+00 -1.712184e-16  5.099333e-15
   outer loop
     vertex -1.154000e+02  4.349050e+02 -9.705532e+01
     vertex -1.154000e+02  4.334526e+02 -9.431728e+01
     vertex -1.154000e+02  4.353146e+02 -9.704156e+01
   endloop
 endfacet
 facet normal -1.000000e+00 -2.404462e-15  1.060431e-14
   outer loop
     vertex -1.154000e+02  4.366974e+02 -9.947416e+01
     vertex -1.154000e+02  4.439766e+02 -9.112312e+01
     vertex -1.154000e+02  4.644893e+02 -9.853293e+01
   endloop
 endfacet
 facet normal -1.000000e+00  1.604350e-14 -5.476079e-15
   outer loop
     vertex -1.154000e+02  4.366974e+02 -9.947416e+01
     vertex -1.154000e+02  4.368297e+02 -9.908631e+01
     vertex -1.154000e+02  4.439766e+02 -9.112312e+01
   endloop
 endfacet
 facet normal -1.000000e+00 -1.274713e-15  4.513991e-15
   outer loop
     vertex -1.154000e+02  4.345106e+02 -9.716669e+01
     vertex -1.154000e+02  4.334526e+02 -9.431728e+01
     vertex -1.154000e+02  4.349050e+02 -9.705532e+01
   endloop
 endfacet
 facet normal -1.000000e+00 -2.340884e-15  4.118127e-15
   outer loop
     vertex -1.154000e+02  4.341543e+02 -9.736922e+01
     vertex -1.154000e+02  4.334526e+02 -9.431728e+01
     vertex -1.154000e+02  4.345106e+02 -9.716669e+01
   endloop
 endfacet
 facet normal -1.000000e+00  3.560287e-14  1.284199e-14
   outer loop
     vertex -1.154000e+02  4.338568e+02 -9.765112e+01
     vertex -1.154000e+02  4.334526e+02 -9.431728e+01
     vertex -1.154000e+02  4.341543e+02 -9.736922e+01
   endloop
 endfacet
 facet normal -1.000000e+00 -1.357771e-14  4.634439e-15
   outer loop
     vertex -1.154000e+02  4.297550e+02 -9.403306e+01
     vertex -1.154000e+02  4.336355e+02 -9.799602e+01
     vertex -1.154000e+02  4.335031e+02 -9.838388e+01
   endloop
 endfacet
 facet normal -1.000000e+00  1.435730e-14  3.198813e-14
   outer loop
     vertex -1.154000e+02  4.297550e+02 -9.403306e+01
     vertex -1.154000e+02  4.338568e+02 -9.765112e+01
     vertex -1.154000e+02  4.336355e+02 -9.799602e+01
   endloop
 endfacet
 facet normal -1.000000e+00 -7.097349e-15  7.664659e-15
   outer loop
     vertex -1.154000e+02  4.297550e+02 -9.403306e+01
     vertex -1.154000e+02  4.334526e+02 -9.431728e+01
     vertex -1.154000e+02  4.338568e+02 -9.765112e+01
   endloop
 endfacet
 facet normal -1.000000e+00 -1.720963e-14  1.505647e-15
   outer loop
     vertex -1.154000e+02  4.334674e+02 -9.879214e+01
     vertex -1.154000e+02  4.297550e+02 -9.403306e+01
     vertex -1.154000e+02  4.335031e+02 -9.838388e+01
   endloop
 endfacet
 facet normal -1.000000e+00 -2.391018e-14 -3.721216e-15
   outer loop
     vertex -1.154000e+02  4.335304e+02 -9.919709e+01
     vertex -1.154000e+02  4.297550e+02 -9.403306e+01
     vertex -1.154000e+02  4.334674e+02 -9.879214e+01
   endloop
 endfacet
 facet normal -1.000000e+00 -5.275747e-15  9.902380e-15
   outer loop
     vertex -1.154000e+02  4.261734e+02 -9.307105e+01
     vertex -1.154000e+02  4.297550e+02 -9.403306e+01
     vertex -1.154000e+02  4.335304e+02 -9.919709e+01
   endloop
 endfacet
 facet normal -1.000000e+00  2.727009e-14  4.898792e-14
   outer loop
     vertex -1.154000e+02  4.261734e+02 -9.307105e+01
     vertex -1.154000e+02  4.335304e+02 -9.919709e+01
     vertex -1.154000e+02  4.336885e+02 -9.957519e+01
   endloop
 endfacet
 facet normal -1.000000e+00 -3.673106e-15  9.005681e-15
   outer loop
     vertex -1.154000e+02  4.440105e+02 -1.181599e+02
     vertex -1.154000e+02  4.656983e+02 -1.014243e+02
     vertex -1.154000e+02  4.580000e+02 -1.235000e+02
   endloop
 endfacet
 facet normal -1.000000e+00  2.084384e-15  1.544530e-15
   outer loop
     vertex -1.154000e+02  4.440105e+02 -1.181599e+02
     vertex -1.154000e+02  4.437665e+02 -1.178306e+02
     vertex -1.154000e+02  4.656983e+02 -1.014243e+02
   endloop
 endfacet
 facet normal -1.000000e+00 -8.495388e-15  1.610743e-14
   outer loop
     vertex -1.154000e+02  4.434508e+02 -1.175693e+02
     vertex -1.154000e+02  4.644893e+02 -9.853293e+01
     vertex -1.154000e+02  4.656983e+02 -1.014243e+02
   endloop
 endfacet
 facet normal -1.000000e+00 -2.361243e-15  9.328165e-15
   outer loop
     vertex -1.154000e+02  4.434508e+02 -1.175693e+02
     vertex -1.154000e+02  4.366974e+02 -9.947416e+01
     vertex -1.154000e+02  4.644893e+02 -9.853293e+01
   endloop
 endfacet
 facet normal -1.000000e+00  1.701786e-15  2.055981e-15
   outer loop
     vertex -1.154000e+02  4.434508e+02 -1.175693e+02
     vertex -1.154000e+02  4.656983e+02 -1.014243e+02
     vertex -1.154000e+02  4.437665e+02 -1.178306e+02
   endloop
 endfacet
 facet normal -1.000000e+00  8.610652e-15  4.118545e-14
   outer loop
     vertex -1.154000e+02  4.441686e+02 -1.185380e+02
     vertex -1.154000e+02  4.440105e+02 -1.181599e+02
     vertex -1.154000e+02  4.580000e+02 -1.235000e+02
   endloop
 endfacet
 facet normal -1.000000e+00  5.297875e-14  2.998222e-14
   outer loop
     vertex -1.154000e+02  4.430818e+02 -1.173911e+02
     vertex -1.154000e+02  4.366974e+02 -9.947416e+01
     vertex -1.154000e+02  4.434508e+02 -1.175693e+02
   endloop
 endfacet
 facet normal -1.000000e+00  3.015483e-14  2.184929e-14
   outer loop
     vertex -1.154000e+02  4.430818e+02 -1.173911e+02
     vertex -1.154000e+02  4.364760e+02 -9.981907e+01
     vertex -1.154000e+02  4.366974e+02 -9.947416e+01
   endloop
 endfacet
 facet normal -1.000000e+00 -6.529171e-15 -1.016155e-15
   outer loop
     vertex -1.154000e+02  4.442317e+02 -1.189430e+02
     vertex -1.154000e+02  4.441686e+02 -1.185380e+02
     vertex -1.154000e+02  4.580000e+02 -1.235000e+02
   endloop
 endfacet
 facet normal -1.000000e+00  2.411337e-15  1.141982e-14
   outer loop
     vertex -1.154000e+02  4.426808e+02 -1.173065e+02
     vertex -1.154000e+02  4.364760e+02 -9.981907e+01
     vertex -1.154000e+02  4.430818e+02 -1.173911e+02
   endloop
 endfacet
 facet normal -1.000000e+00 -7.492300e-15  7.905858e-15
   outer loop
     vertex -1.154000e+02  4.426808e+02 -1.173065e+02
     vertex -1.154000e+02  4.361785e+02 -1.001010e+02
     vertex -1.154000e+02  4.364760e+02 -9.981907e+01
   endloop
 endfacet
 facet normal -1.000000e+00 -6.018563e-15  5.265561e-16
   outer loop
     vertex -1.154000e+02  4.441959e+02 -1.193512e+02
     vertex -1.154000e+02  4.442317e+02 -1.189430e+02
     vertex -1.154000e+02  4.580000e+02 -1.235000e+02
   endloop
 endfacet
 facet normal -1.000000e+00 -3.560060e-16  1.060279e-14
   outer loop
     vertex -1.154000e+02  4.422712e+02 -1.173202e+02
     vertex -1.154000e+02  4.361785e+02 -1.001010e+02
     vertex -1.154000e+02  4.426808e+02 -1.173065e+02
   endloop
 endfacet
 facet normal -1.000000e+00 -7.149172e-14 -1.456708e-14
   outer loop
     vertex -1.154000e+02  4.422712e+02 -1.173202e+02
     vertex -1.154000e+02  4.358222e+02 -1.003035e+02
     vertex -1.154000e+02  4.361785e+02 -1.001010e+02
   endloop
 endfacet
 facet normal -1.000000e+00 -5.602124e-15  1.912156e-15
   outer loop
     vertex -1.154000e+02  4.440636e+02 -1.197391e+02
     vertex -1.154000e+02  4.441959e+02 -1.193512e+02
     vertex -1.154000e+02  4.580000e+02 -1.235000e+02
   endloop
 endfacet
 facet normal -1.000000e+00 -3.195448e-15  1.131566e-14
   outer loop
     vertex -1.154000e+02  4.418768e+02 -1.174316e+02
     vertex -1.154000e+02  4.354278e+02 -1.004149e+02
     vertex -1.154000e+02  4.358222e+02 -1.003035e+02
   endloop
 endfacet
 facet normal -1.000000e+00 -3.195448e-15  1.131566e-14
   outer loop
     vertex -1.154000e+02  4.418768e+02 -1.174316e+02
     vertex -1.154000e+02  4.358222e+02 -1.003035e+02
     vertex -1.154000e+02  4.422712e+02 -1.173202e+02
   endloop
 endfacet
 facet normal -1.000000e+00  4.262643e-15  3.846687e-14
   outer loop
     vertex -1.154000e+02  4.438422e+02 -1.200840e+02
     vertex -1.154000e+02  4.440636e+02 -1.197391e+02
     vertex -1.154000e+02  4.580000e+02 -1.235000e+02
   endloop
 endfacet
 facet normal -1.000000e+00 -7.149172e-14 -1.456708e-14
   outer loop
     vertex -1.154000e+02  4.415205e+02 -1.176341e+02
     vertex -1.154000e+02  4.354278e+02 -1.004149e+02
     vertex -1.154000e+02  4.418768e+02 -1.174316e+02
   endloop
 endfacet
 facet normal -1.000000e+00 -3.464364e-14 -1.529165e-15
   outer loop
     vertex -1.154000e+02  4.415205e+02 -1.176341e+02
     vertex -1.154000e+02  4.350182e+02 -1.004286e+02
     vertex -1.154000e+02  4.354278e+02 -1.004149e+02
   endloop
 endfacet
 facet normal -1.000000e+00 -4.000268e-15  4.221074e-15
   outer loop
     vertex -1.154000e+02  4.435447e+02 -1.203659e+02
     vertex -1.154000e+02  4.438422e+02 -1.200840e+02
     vertex -1.154000e+02  4.580000e+02 -1.235000e+02
   endloop
 endfacet
 facet normal -1.000000e+00  4.090709e-14  2.589133e-14
   outer loop
     vertex -1.154000e+02  4.412230e+02 -1.179160e+02
     vertex -1.154000e+02  4.346173e+02 -1.003440e+02
     vertex -1.154000e+02  4.350182e+02 -1.004286e+02
   endloop
 endfacet
 facet normal -1.000000e+00 -8.068630e-15  8.514001e-15
   outer loop
     vertex -1.154000e+02  4.412230e+02 -1.179160e+02
     vertex -1.154000e+02  4.350182e+02 -1.004286e+02
     vertex -1.154000e+02  4.415205e+02 -1.176341e+02
   endloop
 endfacet
 facet normal -1.000000e+00  7.454695e-15  5.705387e-14
   outer loop
     vertex -1.154000e+02  4.431885e+02 -1.205684e+02
     vertex -1.154000e+02  4.435447e+02 -1.203659e+02
     vertex -1.154000e+02  4.580000e+02 -1.235000e+02
   endloop
 endfacet
 facet normal -1.000000e+00 -2.256330e-15  7.990076e-15
   outer loop
     vertex -1.154000e+02  4.427941e+02 -1.206798e+02
     vertex -1.154000e+02  4.431885e+02 -1.205684e+02
     vertex -1.154000e+02  4.580000e+02 -1.235000e+02
   endloop
 endfacet
 facet normal -1.000000e+00  7.254024e-16  3.435423e-15
   outer loop
     vertex -1.154000e+02  4.360258e+02 -1.234874e+02
     vertex -1.154000e+02  4.419835e+02 -1.206089e+02
     vertex -1.154000e+02  4.423845e+02 -1.206935e+02
   endloop
 endfacet
 facet normal -1.000000e+00  1.192137e-15  2.469438e-15
   outer loop
     vertex -1.154000e+02  4.360258e+02 -1.234874e+02
     vertex -1.154000e+02  4.416144e+02 -1.204307e+02
     vertex -1.154000e+02  4.419835e+02 -1.206089e+02
   endloop
 endfacet
 facet normal -1.000000e+00 -3.428849e-14  6.733837e-14
   outer loop
     vertex -1.154000e+02  4.360258e+02 -1.234874e+02
     vertex -1.154000e+02  4.412987e+02 -1.201694e+02
     vertex -1.154000e+02  4.416144e+02 -1.204307e+02
   endloop
 endfacet
 facet normal -1.000000e+00  5.514063e-15  4.085923e-15
   outer loop
     vertex -1.154000e+02  4.360258e+02 -1.234874e+02
     vertex -1.154000e+02  4.410547e+02 -1.198401e+02
     vertex -1.154000e+02  4.412987e+02 -1.201694e+02
   endloop
 endfacet
 facet normal -1.000000e+00 -1.441126e-14  3.155881e-14
   outer loop
     vertex -1.154000e+02  4.360258e+02 -1.234874e+02
     vertex -1.154000e+02  4.408966e+02 -1.194620e+02
     vertex -1.154000e+02  4.410547e+02 -1.198401e+02
   endloop
 endfacet
 facet normal -1.000000e+00  1.034022e-14  1.609280e-15
   outer loop
     vertex -1.154000e+02  4.360258e+02 -1.234874e+02
     vertex -1.154000e+02  4.408336e+02 -1.190570e+02
     vertex -1.154000e+02  4.408966e+02 -1.194620e+02
   endloop
 endfacet
 facet normal -1.000000e+00  1.285995e-14 -1.125100e-15
   outer loop
     vertex -1.154000e+02  4.360258e+02 -1.234874e+02
     vertex -1.154000e+02  4.408693e+02 -1.186488e+02
     vertex -1.154000e+02  4.408336e+02 -1.190570e+02
   endloop
 endfacet
 facet normal -1.000000e+00 -1.934558e-15  9.724989e-15
   outer loop
     vertex -1.154000e+02  4.360258e+02 -1.234874e+02
     vertex -1.154000e+02  4.427941e+02 -1.206798e+02
     vertex -1.154000e+02  4.580000e+02 -1.235000e+02
   endloop
 endfacet
 facet normal -1.000000e+00 -1.849139e-16  5.507219e-15
   outer loop
     vertex -1.154000e+02  4.360258e+02 -1.234874e+02
     vertex -1.154000e+02  4.423845e+02 -1.206935e+02
     vertex -1.154000e+02  4.427941e+02 -1.206798e+02
   endloop
 endfacet
 facet normal -1.000000e+00  1.747937e-15 -5.966178e-16
   outer loop
     vertex -1.154000e+02  4.312344e+02 -1.230575e+02
     vertex -1.154000e+02  4.410017e+02 -1.182609e+02
     vertex -1.154000e+02  4.408693e+02 -1.186488e+02
   endloop
 endfacet
 facet normal -1.000000e+00 -2.742207e-14  5.880209e-14
   outer loop
     vertex -1.154000e+02  4.312344e+02 -1.230575e+02
     vertex -1.154000e+02  4.412230e+02 -1.179160e+02
     vertex -1.154000e+02  4.410017e+02 -1.182609e+02
   endloop
 endfacet
 facet normal -1.000000e+00 -2.150123e-15  9.705052e-15
   outer loop
     vertex -1.154000e+02  4.312344e+02 -1.230575e+02
     vertex -1.154000e+02  4.346173e+02 -1.003440e+02
     vertex -1.154000e+02  4.412230e+02 -1.179160e+02
   endloop
 endfacet
 facet normal -1.000000e+00 -7.197249e-15  1.895225e-14
   outer loop
     vertex -1.154000e+02  4.312344e+02 -1.230575e+02
     vertex -1.154000e+02  4.408693e+02 -1.186488e+02
     vertex -1.154000e+02  4.360258e+02 -1.234874e+02
   endloop
 endfacet
 facet normal -1.000000e+00 -9.265302e-16  9.522816e-15
   outer loop
     vertex -1.154000e+02  4.265365e+02 -1.220223e+02
     vertex -1.154000e+02  4.346173e+02 -1.003440e+02
     vertex -1.154000e+02  4.312344e+02 -1.230575e+02
   endloop
 endfacet
 facet normal -1.000000e+00  3.754791e-15  7.777815e-15
   outer loop
     vertex -1.154000e+02  4.265365e+02 -1.220223e+02
     vertex -1.154000e+02  4.342482e+02 -1.001658e+02
     vertex -1.154000e+02  4.346173e+02 -1.003440e+02
   endloop
 endfacet
 facet normal -1.000000e+00  3.464254e-14 -1.252894e-14
   outer loop
     vertex -1.154000e+02  4.220082e+02 -1.203986e+02
     vertex -1.154000e+02  4.339325e+02 -9.990447e+01
     vertex -1.154000e+02  4.342482e+02 -1.001658e+02
   endloop
 endfacet
 facet normal -1.000000e+00 -2.674177e-15  1.004617e-14
   outer loop
     vertex -1.154000e+02  4.220082e+02 -1.203986e+02
     vertex -1.154000e+02  4.342482e+02 -1.001658e+02
     vertex -1.154000e+02  4.265365e+02 -1.220223e+02
   endloop
 endfacet
 facet normal -1.000000e+00  3.818065e-15  2.829188e-15
   outer loop
     vertex -1.154000e+02  4.177228e+02 -1.182127e+02
     vertex -1.154000e+02  4.336885e+02 -9.957519e+01
     vertex -1.154000e+02  4.339325e+02 -9.990447e+01
   endloop
 endfacet
 facet normal -1.000000e+00 -4.671341e-15  1.034550e-14
   outer loop
     vertex -1.154000e+02  4.177228e+02 -1.182127e+02
     vertex -1.154000e+02  4.339325e+02 -9.990447e+01
     vertex -1.154000e+02  4.220082e+02 -1.203986e+02
   endloop
 endfacet
 facet normal -1.000000e+00 -5.407037e-15  1.123169e-14
   outer loop
     vertex -1.154000e+02  4.137500e+02 -1.155000e+02
     vertex -1.154000e+02  4.261734e+02 -9.307105e+01
     vertex -1.154000e+02  4.336885e+02 -9.957519e+01
   endloop
 endfacet
 facet normal -1.000000e+00 -3.588419e-15  1.022435e-14
   outer loop
     vertex -1.154000e+02  4.137500e+02 -1.155000e+02
     vertex -1.154000e+02  4.228310e+02 -9.146432e+01
     vertex -1.154000e+02  4.261734e+02 -9.307105e+01
   endloop
 endfacet
 facet normal -1.000000e+00 -4.142761e-15  9.648763e-15
   outer loop
     vertex -1.154000e+02  4.137500e+02 -1.155000e+02
     vertex -1.154000e+02  4.336885e+02 -9.957519e+01
     vertex -1.154000e+02  4.177228e+02 -1.182127e+02
   endloop
 endfacet
 facet normal -1.000000e+00 -6.815629e-16  9.234050e-15
   outer loop
     vertex -1.154000e+02  4.092390e+02 -1.124741e+02
     vertex -1.154000e+02  4.178212e+02 -8.875617e+01
     vertex -1.154000e+02  4.228310e+02 -9.146432e+01
   endloop
 endfacet
 facet normal -1.000000e+00 -2.804637e-16  8.974564e-15
   outer loop
     vertex -1.154000e+02  4.092390e+02 -1.124741e+02
     vertex -1.154000e+02  4.228310e+02 -9.146432e+01
     vertex -1.154000e+02  4.137500e+02 -1.155000e+02
   endloop
 endfacet
 facet normal -1.000000e+00 -1.582410e-15  8.978089e-15
   outer loop
     vertex -1.154000e+02  4.043407e+02 -1.101262e+02
     vertex -1.154000e+02  4.125867e+02 -8.651310e+01
     vertex -1.154000e+02  4.178212e+02 -8.875617e+01
   endloop
 endfacet
 facet normal -1.000000e+00 -2.254585e-15  9.212819e-15
   outer loop
     vertex -1.154000e+02  4.043407e+02 -1.101262e+02
     vertex -1.154000e+02  4.071704e+02 -8.475356e+01
     vertex -1.154000e+02  4.125867e+02 -8.651310e+01
   endloop
 endfacet
 facet normal -1.000000e+00 -3.745982e-15  1.034290e-14
   outer loop
     vertex -1.154000e+02  4.043407e+02 -1.101262e+02
     vertex -1.154000e+02  4.178212e+02 -8.875617e+01
     vertex -1.154000e+02  4.092390e+02 -1.124741e+02
   endloop
 endfacet
 facet normal -1.000000e+00 -2.589502e-15  9.250171e-15
   outer loop
     vertex -1.154000e+02  3.991564e+02 -1.085049e+02
     vertex -1.154000e+02  4.071704e+02 -8.475356e+01
     vertex -1.154000e+02  4.043407e+02 -1.101262e+02
   endloop
 endfacet
 facet normal -1.000000e+00 -7.739719e-15  1.098792e-14
   outer loop
     vertex -1.154000e+02  3.991564e+02 -1.085049e+02
     vertex -1.154000e+02  4.016170e+02 -8.349204e+01
     vertex -1.154000e+02  4.071704e+02 -8.475356e+01
   endloop
 endfacet
 facet normal -1.000000e+00 -3.600479e-15  1.058073e-14
   outer loop
     vertex -1.154000e+02  3.937932e+02 -1.076438e+02
     vertex -1.154000e+02  4.016170e+02 -8.349204e+01
     vertex -1.154000e+02  3.991564e+02 -1.085049e+02
   endloop
 endfacet
 facet normal -1.000000e+00 -1.209169e-15  9.806082e-15
   outer loop
     vertex -1.154000e+02  3.937932e+02 -1.076438e+02
     vertex -1.154000e+02  3.959721e+02 -8.273892e+01
     vertex -1.154000e+02  4.016170e+02 -8.349204e+01
   endloop
 endfacet
 facet normal -1.000000e+00  7.021959e-16  9.638860e-15
   outer loop
     vertex -1.154000e+02  3.926970e+02 -1.075639e+02
     vertex -1.154000e+02  3.941506e+02 -8.260622e+01
     vertex -1.154000e+02  3.959721e+02 -8.273892e+01
   endloop
 endfacet
 facet normal -1.000000e+00  7.021959e-16  9.638860e-15
   outer loop
     vertex -1.154000e+02  3.926970e+02 -1.075639e+02
     vertex -1.154000e+02  3.959721e+02 -8.273892e+01
     vertex -1.154000e+02  3.937932e+02 -1.076438e+02
   endloop
 endfacet
 facet normal -1.000000e+00 -1.511132e-14  1.067584e-14
   outer loop
     vertex -1.154000e+02  3.915990e+02 -1.075160e+02
     vertex -1.154000e+02  3.923261e+02 -8.252656e+01
     vertex -1.154000e+02  3.941506e+02 -8.260622e+01
   endloop
 endfacet
 facet normal -1.000000e+00  7.927662e-15  1.000547e-14
   outer loop
     vertex -1.154000e+02  3.915990e+02 -1.075160e+02
     vertex -1.154000e+02  3.905000e+02 -8.250000e+01
     vertex -1.154000e+02  3.923261e+02 -8.252656e+01
   endloop
 endfacet
 facet normal -1.000000e+00 -1.248763e-14  1.040708e-14
   outer loop
     vertex -1.154000e+02  3.915990e+02 -1.075160e+02
     vertex -1.154000e+02  3.941506e+02 -8.260622e+01
     vertex -1.154000e+02  3.926970e+02 -1.075639e+02
   endloop
 endfacet
 facet normal -1.000000e+00 -2.186285e-15  9.094947e-15
   outer loop
     vertex -1.154000e+02  3.905000e+02 -1.075000e+02
     vertex -1.154000e+02  3.840000e+02 -8.250000e+01
     vertex -1.154000e+02  3.905000e+02 -8.250000e+01
   endloop
 endfacet
 facet normal -1.000000e+00 -1.279877e-14  9.094947e-15
   outer loop
     vertex -1.154000e+02  3.905000e+02 -1.075000e+02
     vertex -1.154000e+02  3.905000e+02 -8.250000e+01
     vertex -1.154000e+02  3.915990e+02 -1.075160e+02
   endloop
 endfacet
 facet normal -1.000000e+00 -2.186285e-15  9.094947e-15
   outer loop
     vertex -1.154000e+02  3.840000e+02 -1.075000e+02
     vertex -1.154000e+02  3.840000e+02 -8.250000e+01
     vertex -1.154000e+02  3.905000e+02 -1.075000e+02
   endloop
 endfacet
 facet normal -1.563194e-13 -1.749028e-14  1.000000e+00
   outer loop
     vertex -1.154000e+02  3.905000e+02 -8.250000e+01
     vertex -1.154000e+02  3.840000e+02 -8.250000e+01
     vertex -1.134000e+02  3.840000e+02 -8.250000e+01
   endloop
 endfacet
 facet normal -0.000000e+00  3.060799e-14  1.000000e+00
   outer loop
     vertex -1.154000e+02  3.905000e+02 -8.250000e+01
     vertex -1.134000e+02  3.840000e+02 -8.250000e+01
     vertex -1.134000e+02  3.905000e+02 -8.250000e+01
   endloop
 endfacet
 facet normal -7.105427e-15 -3.216141e-14 -1.000000e+00
   outer loop
     vertex -1.134000e+02  4.580000e+02 -1.235000e+02
     vertex -1.154000e+02  4.770000e+02 -1.235000e+02
     vertex -1.134000e+02  4.770000e+02 -1.235000e+02
   endloop
 endfacet
 facet normal  8.928245e-28 -3.141347e-14 -1.000000e+00
   outer loop
     vertex -1.154000e+02  4.580000e+02 -1.235000e+02
     vertex -1.154000e+02  4.770000e+02 -1.235000e+02
     vertex -1.134000e+02  4.580000e+02 -1.235000e+02
   endloop
 endfacet
 facet normal  7.104984e-15  1.116873e-02  9.999376e-01
   outer loop
     vertex -1.134000e+02  4.794839e+02 -6.660845e+01
     vertex -1.154000e+02  4.794839e+02 -6.660845e+01
     vertex -1.154000e+02  4.751508e+02 -6.656005e+01
   endloop
 endfacet
 facet normal  6.079917e-15 -1.405590e-01  9.900723e-01
   outer loop
     vertex -1.134000e+02  4.751508e+02 -6.656005e+01
     vertex -1.154000e+02  4.751508e+02 -6.656005e+01
     vertex -1.154000e+02  4.708605e+02 -6.716915e+01
   endloop
 endfacet
 facet normal  1.484484e-14  1.116873e-02  9.999376e-01
   outer loop
     vertex -1.134000e+02  4.751508e+02 -6.656005e+01
     vertex -1.134000e+02  4.794839e+02 -6.660845e+01
     vertex -1.154000e+02  4.751508e+02 -6.656005e+01
   endloop
 endfacet
 facet normal  2.563808e-15 -2.890373e-01  9.573178e-01
   outer loop
     vertex -1.134000e+02  4.708605e+02 -6.716915e+01
     vertex -1.154000e+02  4.708605e+02 -6.716915e+01
     vertex -1.154000e+02  4.667121e+02 -6.842165e+01
   endloop
 endfacet
 facet normal  1.615476e-14 -1.405590e-01  9.900723e-01
   outer loop
     vertex -1.134000e+02  4.708605e+02 -6.716915e+01
     vertex -1.134000e+02  4.751508e+02 -6.656005e+01
     vertex -1.154000e+02  4.708605e+02 -6.716915e+01
   endloop
 endfacet
 facet normal -1.050712e-14 -4.308334e-01  9.024315e-01
   outer loop
     vertex -1.134000e+02  4.667121e+02 -6.842165e+01
     vertex -1.154000e+02  4.667121e+02 -6.842165e+01
     vertex -1.154000e+02  4.628015e+02 -7.028862e+01
   endloop
 endfacet
 facet normal  7.953179e-15 -2.890373e-01  9.573178e-01
   outer loop
     vertex -1.134000e+02  4.667121e+02 -6.842165e+01
     vertex -1.134000e+02  4.708605e+02 -6.716915e+01
     vertex -1.154000e+02  4.667121e+02 -6.842165e+01
   endloop
 endfacet
 facet normal  1.663717e-14 -5.626692e-01  8.266822e-01
   outer loop
     vertex -1.134000e+02  4.628015e+02 -7.028862e+01
     vertex -1.154000e+02  4.628015e+02 -7.028862e+01
     vertex -1.154000e+02  4.592192e+02 -7.272687e+01
   endloop
 endfacet
 facet normal  3.379871e-14 -4.308334e-01  9.024315e-01
   outer loop
     vertex -1.134000e+02  4.628015e+02 -7.028862e+01
     vertex -1.134000e+02  4.667121e+02 -6.842165e+01
     vertex -1.154000e+02  4.628015e+02 -7.028862e+01
   endloop
 endfacet
 facet normal -8.448206e-15 -6.814969e-01  7.318210e-01
   outer loop
     vertex -1.134000e+02  4.592192e+02 -7.272687e+01
     vertex -1.154000e+02  4.592192e+02 -7.272687e+01
     vertex -1.154000e+02  4.560479e+02 -7.568005e+01
   endloop
 endfacet
 facet normal  1.989671e-14 -5.626692e-01  8.266822e-01
   outer loop
     vertex -1.134000e+02  4.592192e+02 -7.272687e+01
     vertex -1.134000e+02  4.628015e+02 -7.028862e+01
     vertex -1.154000e+02  4.592192e+02 -7.272687e+01
   endloop
 endfacet
 facet normal -5.758204e-15 -7.845692e-01  6.200412e-01
   outer loop
     vertex -1.134000e+02  4.560479e+02 -7.568005e+01
     vertex -1.154000e+02  4.560479e+02 -7.568005e+01
     vertex -1.154000e+02  4.533611e+02 -7.907988e+01
   endloop
 endfacet
 facet normal  2.795110e-14 -6.814969e-01  7.318210e-01
   outer loop
     vertex -1.134000e+02  4.560479e+02 -7.568005e+01
     vertex -1.134000e+02  4.592192e+02 -7.272687e+01
     vertex -1.154000e+02  4.560479e+02 -7.568005e+01
   endloop
 endfacet
 facet normal  3.465809e-14 -8.695034e-01  4.939269e-01
   outer loop
     vertex -1.134000e+02  4.533611e+02 -7.907988e+01
     vertex -1.154000e+02  4.533611e+02 -7.907988e+01
     vertex -1.154000e+02  4.512207e+02 -8.284776e+01
   endloop
 endfacet
 facet normal  6.967900e-14 -7.845692e-01  6.200412e-01
   outer loop
     vertex -1.134000e+02  4.533611e+02 -7.907988e+01
     vertex -1.134000e+02  4.560479e+02 -7.568005e+01
     vertex -1.154000e+02  4.533611e+02 -7.907988e+01
   endloop
 endfacet
 facet normal  6.289913e-15 -8.695034e-01  4.939269e-01
   outer loop
     vertex -1.134000e+02  4.512207e+02 -8.284776e+01
     vertex -1.134000e+02  4.533611e+02 -7.907988e+01
     vertex -1.154000e+02  4.512207e+02 -8.284776e+01
   endloop
 endfacet
 facet normal  4.039982e-14  4.332528e-01  9.012725e-01
   outer loop
     vertex -1.134000e+02  4.228310e+02 -9.146432e+01
     vertex -1.154000e+02  4.261734e+02 -9.307105e+01
     vertex -1.154000e+02  4.228310e+02 -9.146432e+01
   endloop
 endfacet
 facet normal  1.803400e-14  2.594045e-01  9.657688e-01
   outer loop
     vertex -1.134000e+02  4.261734e+02 -9.307105e+01
     vertex -1.154000e+02  4.297550e+02 -9.403306e+01
     vertex -1.154000e+02  4.261734e+02 -9.307105e+01
   endloop
 endfacet
 facet normal -1.033752e-14  4.332528e-01  9.012725e-01
   outer loop
     vertex -1.134000e+02  4.261734e+02 -9.307105e+01
     vertex -1.154000e+02  4.261734e+02 -9.307105e+01
     vertex -1.134000e+02  4.228310e+02 -9.146432e+01
   endloop
 endfacet
 facet normal  1.471912e-14  7.663710e-02  9.970591e-01
   outer loop
     vertex -1.134000e+02  4.297550e+02 -9.403306e+01
     vertex -1.154000e+02  4.334526e+02 -9.431728e+01
     vertex -1.154000e+02  4.297550e+02 -9.403306e+01
   endloop
 endfacet
 facet normal -1.531558e-15  2.594045e-01  9.657688e-01
   outer loop
     vertex -1.134000e+02  4.297550e+02 -9.403306e+01
     vertex -1.154000e+02  4.297550e+02 -9.403306e+01
     vertex -1.134000e+02  4.261734e+02 -9.307105e+01
   endloop
 endfacet
 facet normal  1.721784e-14 -1.087653e-01  9.940675e-01
   outer loop
     vertex -1.134000e+02  4.334526e+02 -9.431728e+01
     vertex -1.154000e+02  4.371391e+02 -9.391392e+01
     vertex -1.154000e+02  4.334526e+02 -9.431728e+01
   endloop
 endfacet
 facet normal  1.199090e-14  7.663710e-02  9.970591e-01
   outer loop
     vertex -1.134000e+02  4.334526e+02 -9.431728e+01
     vertex -1.154000e+02  4.334526e+02 -9.431728e+01
     vertex -1.134000e+02  4.297550e+02 -9.403306e+01
   endloop
 endfacet
 facet normal  1.103525e-14 -1.087653e-01  9.940675e-01
   outer loop
     vertex -1.134000e+02  4.371391e+02 -9.391392e+01
     vertex -1.154000e+02  4.371391e+02 -9.391392e+01
     vertex -1.134000e+02  4.334526e+02 -9.431728e+01
   endloop
 endfacet
 facet normal  1.603158e-14 -2.904280e-01  9.568968e-01
   outer loop
     vertex -1.134000e+02  4.406878e+02 -9.283685e+01
     vertex -1.154000e+02  4.406878e+02 -9.283685e+01
     vertex -1.154000e+02  4.371391e+02 -9.391392e+01
   endloop
 endfacet
 facet normal  5.328787e-15 -2.904280e-01  9.568968e-01
   outer loop
     vertex -1.134000e+02  4.406878e+02 -9.283685e+01
     vertex -1.154000e+02  4.371391e+02 -9.391392e+01
     vertex -1.134000e+02  4.371391e+02 -9.391392e+01
   endloop
 endfacet
 facet normal  2.991256e-14 -4.621050e-01  8.868252e-01
   outer loop
     vertex -1.134000e+02  4.439766e+02 -9.112312e+01
     vertex -1.154000e+02  4.439766e+02 -9.112312e+01
     vertex -1.154000e+02  4.406878e+02 -9.283685e+01
   endloop
 endfacet
 facet normal -1.556724e-15 -4.621050e-01  8.868252e-01
   outer loop
     vertex -1.134000e+02  4.439766e+02 -9.112312e+01
     vertex -1.154000e+02  4.406878e+02 -9.283685e+01
     vertex -1.134000e+02  4.406878e+02 -9.283685e+01
   endloop
 endfacet
 facet normal  5.346306e-14 -6.178933e-01  7.862619e-01
   outer loop
     vertex -1.134000e+02  4.468925e+02 -8.883165e+01
     vertex -1.154000e+02  4.468925e+02 -8.883165e+01
     vertex -1.154000e+02  4.439766e+02 -9.112312e+01
   endloop
 endfacet
 facet normal  8.741605e-15 -6.178933e-01  7.862619e-01
   outer loop
     vertex -1.134000e+02  4.468925e+02 -8.883165e+01
     vertex -1.154000e+02  4.439766e+02 -9.112312e+01
     vertex -1.134000e+02  4.439766e+02 -9.112312e+01
   endloop
 endfacet
 facet normal  2.729386e-15 -7.524367e-01  6.586646e-01
   outer loop
     vertex -1.134000e+02  4.493352e+02 -8.604121e+01
     vertex -1.154000e+02  4.493352e+02 -8.604121e+01
     vertex -1.154000e+02  4.468925e+02 -8.883165e+01
   endloop
 endfacet
 facet normal  2.478784e-14 -7.524367e-01  6.586646e-01
   outer loop
     vertex -1.134000e+02  4.493352e+02 -8.604121e+01
     vertex -1.154000e+02  4.468925e+02 -8.883165e+01
     vertex -1.134000e+02  4.468925e+02 -8.883165e+01
   endloop
 endfacet
 facet normal  1.129317e-14 -8.611090e-01  5.084203e-01
   outer loop
     vertex -1.134000e+02  4.512207e+02 -8.284776e+01
     vertex -1.154000e+02  4.512207e+02 -8.284776e+01
     vertex -1.154000e+02  4.493352e+02 -8.604121e+01
   endloop
 endfacet
 facet normal -4.574374e-14 -8.611090e-01  5.084203e-01
   outer loop
     vertex -1.134000e+02  4.512207e+02 -8.284776e+01
     vertex -1.154000e+02  4.493352e+02 -8.604121e+01
     vertex -1.134000e+02  4.493352e+02 -8.604121e+01
   endloop
 endfacet
 facet normal  1.417200e-14  7.265797e-02  9.973569e-01
   outer loop
     vertex -1.134000e+02  3.941506e+02 -8.260622e+01
     vertex -1.134000e+02  3.959721e+02 -8.273892e+01
     vertex -1.154000e+02  3.959721e+02 -8.273892e+01
   endloop
 endfacet
 facet normal  1.417329e-14  7.265797e-02  9.973569e-01
   outer loop
     vertex -1.134000e+02  3.941506e+02 -8.260622e+01
     vertex -1.154000e+02  3.959721e+02 -8.273892e+01
     vertex -1.154000e+02  3.941506e+02 -8.260622e+01
   endloop
 endfacet
 facet normal  7.098665e-15  4.361939e-02  9.990482e-01
   outer loop
     vertex -1.134000e+02  3.923261e+02 -8.252656e+01
     vertex -1.154000e+02  3.941506e+02 -8.260622e+01
     vertex -1.154000e+02  3.923261e+02 -8.252656e+01
   endloop
 endfacet
 facet normal  1.420240e-14  4.361939e-02  9.990482e-01
   outer loop
     vertex -1.134000e+02  3.923261e+02 -8.252656e+01
     vertex -1.134000e+02  3.941506e+02 -8.260622e+01
     vertex -1.154000e+02  3.941506e+02 -8.260622e+01
   endloop
 endfacet
 facet normal  0.000000e+00  1.454390e-02  9.998942e-01
   outer loop
     vertex -1.134000e+02  3.905000e+02 -8.250000e+01
     vertex -1.154000e+02  3.923261e+02 -8.252656e+01
     vertex -1.154000e+02  3.905000e+02 -8.250000e+01
   endloop
 endfacet
 facet normal  7.105000e-15  1.454390e-02  9.998942e-01
   outer loop
     vertex -1.134000e+02  3.905000e+02 -8.250000e+01
     vertex -1.134000e+02  3.923261e+02 -8.252656e+01
     vertex -1.154000e+02  3.923261e+02 -8.252656e+01
   endloop
 endfacet
 facet normal -7.105427e-15 -1.553449e-29 -1.000000e+00
   outer loop
     vertex -1.154000e+02  3.840000e+02 -1.075000e+02
     vertex -1.154000e+02  3.905000e+02 -1.075000e+02
     vertex -1.134000e+02  3.905000e+02 -1.075000e+02
   endloop
 endfacet
 facet normal  1.563194e-13 -5.028456e-14 -1.000000e+00
   outer loop
     vertex -1.154000e+02  3.840000e+02 -1.075000e+02
     vertex -1.134000e+02  3.905000e+02 -1.075000e+02
     vertex -1.134000e+02  3.840000e+02 -1.075000e+02
   endloop
 endfacet
 facet normal -2.714290e-14 -5.570690e-01 -8.304662e-01
   outer loop
     vertex -1.134000e+02  4.092390e+02 -1.124741e+02
     vertex -1.154000e+02  4.137500e+02 -1.155000e+02
     vertex -1.134000e+02  4.137500e+02 -1.155000e+02
   endloop
 endfacet
 facet normal  2.015610e-14 -5.570690e-01 -8.304662e-01
   outer loop
     vertex -1.134000e+02  4.092390e+02 -1.124741e+02
     vertex -1.154000e+02  4.092390e+02 -1.124741e+02
     vertex -1.154000e+02  4.137500e+02 -1.155000e+02
   endloop
 endfacet
 facet normal  2.885751e-14 -4.322357e-01 -9.017606e-01
   outer loop
     vertex -1.134000e+02  4.043407e+02 -1.101262e+02
     vertex -1.154000e+02  4.043407e+02 -1.101262e+02
     vertex -1.154000e+02  4.092390e+02 -1.124741e+02
   endloop
 endfacet
 facet normal -2.616184e-15 -4.322357e-01 -9.017606e-01
   outer loop
     vertex -1.134000e+02  4.043407e+02 -1.101262e+02
     vertex -1.154000e+02  4.092390e+02 -1.124741e+02
     vertex -1.134000e+02  4.092390e+02 -1.124741e+02
   endloop
 endfacet
 facet normal -3.378623e-15 -2.984698e-01 -9.544191e-01
   outer loop
     vertex -1.134000e+02  3.991564e+02 -1.085049e+02
     vertex -1.154000e+02  3.991564e+02 -1.085049e+02
     vertex -1.154000e+02  4.043407e+02 -1.101262e+02
   endloop
 endfacet
 facet normal  3.433741e-15 -2.984698e-01 -9.544191e-01
   outer loop
     vertex -1.134000e+02  3.991564e+02 -1.085049e+02
     vertex -1.154000e+02  4.043407e+02 -1.101262e+02
     vertex -1.134000e+02  4.043407e+02 -1.101262e+02
   endloop
 endfacet
 facet normal -1.403113e-14 -1.585356e-01 -9.873533e-01
   outer loop
     vertex -1.134000e+02  3.937932e+02 -1.076438e+02
     vertex -1.154000e+02  3.937932e+02 -1.076438e+02
     vertex -1.154000e+02  3.991564e+02 -1.085049e+02
   endloop
 endfacet
 facet normal -1.201809e-14 -1.585356e-01 -9.873533e-01
   outer loop
     vertex -1.134000e+02  3.937932e+02 -1.076438e+02
     vertex -1.154000e+02  3.991564e+02 -1.085049e+02
     vertex -1.134000e+02  3.991564e+02 -1.085049e+02
   endloop
 endfacet
 facet normal -2.548998e-14 -5.638932e-01 -8.258477e-01
   outer loop
     vertex -1.134000e+02  4.137500e+02 -1.155000e+02
     vertex -1.154000e+02  4.137500e+02 -1.155000e+02
     vertex -1.154000e+02  4.177228e+02 -1.182127e+02
   endloop
 endfacet
 facet normal -2.404016e-14 -4.543932e-01 -8.908012e-01
   outer loop
     vertex -1.134000e+02  4.177228e+02 -1.182127e+02
     vertex -1.154000e+02  4.177228e+02 -1.182127e+02
     vertex -1.154000e+02  4.220082e+02 -1.203986e+02
   endloop
 endfacet
 facet normal -2.017978e-15 -5.638932e-01 -8.258477e-01
   outer loop
     vertex -1.134000e+02  4.177228e+02 -1.182127e+02
     vertex -1.134000e+02  4.137500e+02 -1.155000e+02
     vertex -1.154000e+02  4.177228e+02 -1.182127e+02
   endloop
 endfacet
 facet normal -5.541981e-15 -3.375280e-01 -9.413155e-01
   outer loop
     vertex -1.134000e+02  4.220082e+02 -1.203986e+02
     vertex -1.154000e+02  4.220082e+02 -1.203986e+02
     vertex -1.154000e+02  4.265365e+02 -1.220223e+02
   endloop
 endfacet
 facet normal  1.393698e-14 -4.543932e-01 -8.908012e-01
   outer loop
     vertex -1.134000e+02  4.220082e+02 -1.203986e+02
     vertex -1.134000e+02  4.177228e+02 -1.182127e+02
     vertex -1.154000e+02  4.220082e+02 -1.203986e+02
   endloop
 endfacet
 facet normal -2.246257e-14 -2.151917e-01 -9.765718e-01
   outer loop
     vertex -1.134000e+02  4.265365e+02 -1.220223e+02
     vertex -1.154000e+02  4.265365e+02 -1.220223e+02
     vertex -1.154000e+02  4.312344e+02 -1.230575e+02
   endloop
 endfacet
 facet normal -1.425600e-14 -3.375280e-01 -9.413155e-01
   outer loop
     vertex -1.134000e+02  4.265365e+02 -1.220223e+02
     vertex -1.134000e+02  4.220082e+02 -1.203986e+02
     vertex -1.154000e+02  4.265365e+02 -1.220223e+02
   endloop
 endfacet
 facet normal -1.997057e-15 -8.936725e-02 -9.959987e-01
   outer loop
     vertex -1.134000e+02  4.312344e+02 -1.230575e+02
     vertex -1.154000e+02  4.312344e+02 -1.230575e+02
     vertex -1.154000e+02  4.360258e+02 -1.234874e+02
   endloop
 endfacet
 facet normal  5.293269e-15 -2.151917e-01 -9.765718e-01
   outer loop
     vertex -1.134000e+02  4.312344e+02 -1.230575e+02
     vertex -1.134000e+02  4.265365e+02 -1.220223e+02
     vertex -1.154000e+02  4.312344e+02 -1.230575e+02
   endloop
 endfacet
 facet normal -3.442329e-13 -8.936725e-02 -9.959987e-01
   outer loop
     vertex -1.134000e+02  4.360258e+02 -1.234874e+02
     vertex -1.134000e+02  4.312344e+02 -1.230575e+02
     vertex -1.154000e+02  4.360258e+02 -1.234874e+02
   endloop
 endfacet
 facet normal -1.420285e-14  3.355772e-02 -9.994368e-01
   outer loop
     vertex -1.134000e+02  4.781330e+02 -8.204947e+01
     vertex -1.154000e+02  4.750008e+02 -8.215464e+01
     vertex -1.154000e+02  4.781330e+02 -8.204947e+01
   endloop
 endfacet
 facet normal -6.838008e-15  2.717635e-01 -9.623641e-01
   outer loop
     vertex -1.134000e+02  4.750008e+02 -8.215464e+01
     vertex -1.154000e+02  4.719848e+02 -8.300633e+01
     vertex -1.154000e+02  4.750008e+02 -8.215464e+01
   endloop
 endfacet
 facet normal -7.101425e-15  3.355772e-02 -9.994368e-01
   outer loop
     vertex -1.134000e+02  4.750008e+02 -8.215464e+01
     vertex -1.154000e+02  4.750008e+02 -8.215464e+01
     vertex -1.134000e+02  4.781330e+02 -8.204947e+01
   endloop
 endfacet
 facet normal -1.853157e-14  4.941753e-01 -8.693623e-01
   outer loop
     vertex -1.134000e+02  4.719848e+02 -8.300633e+01
     vertex -1.154000e+02  4.692603e+02 -8.455505e+01
     vertex -1.154000e+02  4.719848e+02 -8.300633e+01
   endloop
 endfacet
 facet normal -2.051402e-14  2.717635e-01 -9.623641e-01
   outer loop
     vertex -1.134000e+02  4.719848e+02 -8.300633e+01
     vertex -1.154000e+02  4.719848e+02 -8.300633e+01
     vertex -1.134000e+02  4.750008e+02 -8.215464e+01
   endloop
 endfacet
 facet normal -1.031475e-14  6.878675e-01 -7.258363e-01
   outer loop
     vertex -1.134000e+02  4.692603e+02 -8.455505e+01
     vertex -1.154000e+02  4.669856e+02 -8.671080e+01
     vertex -1.154000e+02  4.692603e+02 -8.455505e+01
   endloop
 endfacet
 facet normal -1.235438e-14  4.941753e-01 -8.693623e-01
   outer loop
     vertex -1.134000e+02  4.692603e+02 -8.455505e+01
     vertex -1.154000e+02  4.692603e+02 -8.455505e+01
     vertex -1.134000e+02  4.719848e+02 -8.300633e+01
   endloop
 endfacet
 facet normal -7.675671e-15  8.415833e-01 -5.401273e-01
   outer loop
     vertex -1.134000e+02  4.669856e+02 -8.671080e+01
     vertex -1.154000e+02  4.652928e+02 -8.934828e+01
     vertex -1.154000e+02  4.669856e+02 -8.671080e+01
   endloop
 endfacet
 facet normal -1.031475e-14  6.878675e-01 -7.258363e-01
   outer loop
     vertex -1.134000e+02  4.669856e+02 -8.671080e+01
     vertex -1.154000e+02  4.669856e+02 -8.671080e+01
     vertex -1.134000e+02  4.692603e+02 -8.455505e+01
   endloop
 endfacet
 facet normal -3.148851e-14  9.463894e-01 -3.230282e-01
   outer loop
     vertex -1.134000e+02  4.652928e+02 -8.934828e+01
     vertex -1.154000e+02  4.642805e+02 -9.231422e+01
     vertex -1.154000e+02  4.652928e+02 -8.934828e+01
   endloop
 endfacet
 facet normal -3.159491e-14  8.415833e-01 -5.401273e-01
   outer loop
     vertex -1.134000e+02  4.652928e+02 -8.934828e+01
     vertex -1.154000e+02  4.652928e+02 -8.934828e+01
     vertex -1.134000e+02  4.669856e+02 -8.671080e+01
   endloop
 endfacet
 facet normal -1.857836e-15  9.961947e-01 -8.715574e-02
   outer loop
     vertex -1.134000e+02  4.642805e+02 -9.231422e+01
     vertex -1.154000e+02  4.640073e+02 -9.543625e+01
     vertex -1.154000e+02  4.642805e+02 -9.231422e+01
   endloop
 endfacet
 facet normal -6.885759e-15  9.463894e-01 -3.230282e-01
   outer loop
     vertex -1.134000e+02  4.642805e+02 -9.231422e+01
     vertex -1.154000e+02  4.642805e+02 -9.231422e+01
     vertex -1.134000e+02  4.652928e+02 -8.934828e+01
   endloop
 endfacet
 facet normal -1.857836e-15  9.961947e-01 -8.715574e-02
   outer loop
     vertex -1.134000e+02  4.640073e+02 -9.543625e+01
     vertex -1.154000e+02  4.640073e+02 -9.543625e+01
     vertex -1.134000e+02  4.642805e+02 -9.231422e+01
   endloop
 endfacet
 facet normal -2.480557e-14  9.881048e-01  1.537818e-01
   outer loop
     vertex -1.134000e+02  4.644893e+02 -9.853293e+01
     vertex -1.154000e+02  4.644893e+02 -9.853293e+01
     vertex -1.154000e+02  4.640073e+02 -9.543625e+01
   endloop
 endfacet
 facet normal -1.799814e-14  9.225899e-01  3.857822e-01
   outer loop
     vertex -1.134000e+02  4.644893e+02 -9.853293e+01
     vertex -1.154000e+02  4.656983e+02 -1.014243e+02
     vertex -1.154000e+02  4.644893e+02 -9.853293e+01
   endloop
 endfacet
 facet normal  3.259159e-15  9.881048e-01  1.537818e-01
   outer loop
     vertex -1.134000e+02  4.644893e+02 -9.853293e+01
     vertex -1.154000e+02  4.640073e+02 -9.543625e+01
     vertex -1.134000e+02  4.640073e+02 -9.543625e+01
   endloop
 endfacet
 facet normal  1.269091e-14  8.034574e-01  5.953623e-01
   outer loop
     vertex -1.134000e+02  4.656983e+02 -1.014243e+02
     vertex -1.154000e+02  4.675641e+02 -1.039423e+02
     vertex -1.154000e+02  4.656983e+02 -1.014243e+02
   endloop
 endfacet
 facet normal  8.223442e-15  9.225899e-01  3.857822e-01
   outer loop
     vertex -1.134000e+02  4.656983e+02 -1.014243e+02
     vertex -1.154000e+02  4.656983e+02 -1.014243e+02
     vertex -1.134000e+02  4.644893e+02 -9.853293e+01
   endloop
 endfacet
 facet normal -1.014472e-14  8.034574e-01  5.953623e-01
   outer loop
     vertex -1.134000e+02  4.675641e+02 -1.039423e+02
     vertex -1.154000e+02  4.675641e+02 -1.039423e+02
     vertex -1.134000e+02  4.656983e+02 -1.014243e+02
   endloop
 endfacet
 facet normal  1.094722e-14  6.376309e-01  7.703421e-01
   outer loop
     vertex -1.134000e+02  4.699783e+02 -1.059406e+02
     vertex -1.154000e+02  4.699783e+02 -1.059406e+02
     vertex -1.154000e+02  4.675641e+02 -1.039423e+02
   endloop
 endfacet
 facet normal -1.700431e-15  6.376309e-01  7.703421e-01
   outer loop
     vertex -1.134000e+02  4.699783e+02 -1.059406e+02
     vertex -1.154000e+02  4.675641e+02 -1.039423e+02
     vertex -1.134000e+02  4.675641e+02 -1.039423e+02
   endloop
 endfacet
 facet normal  1.919643e-14  4.347475e-01  9.005524e-01
   outer loop
     vertex -1.134000e+02  4.728006e+02 -1.073031e+02
     vertex -1.154000e+02  4.728006e+02 -1.073031e+02
     vertex -1.154000e+02  4.699783e+02 -1.059406e+02
   endloop
 endfacet
 facet normal  1.282408e-14  4.347475e-01  9.005524e-01
   outer loop
     vertex -1.134000e+02  4.728006e+02 -1.073031e+02
     vertex -1.154000e+02  4.699783e+02 -1.059406e+02
     vertex -1.134000e+02  4.699783e+02 -1.059406e+02
   endloop
 endfacet
 facet normal  6.952134e-15  2.065983e-01  9.784259e-01
   outer loop
     vertex -1.134000e+02  4.758670e+02 -1.079505e+02
     vertex -1.154000e+02  4.758670e+02 -1.079505e+02
     vertex -1.154000e+02  4.728006e+02 -1.073031e+02
   endloop
 endfacet
 facet normal  2.086570e-14  2.065983e-01  9.784259e-01
   outer loop
     vertex -1.134000e+02  4.758670e+02 -1.079505e+02
     vertex -1.154000e+02  4.728006e+02 -1.073031e+02
     vertex -1.134000e+02  4.728006e+02 -1.073031e+02
   endloop
 endfacet
 facet normal  1.563194e-13 -9.542703e-13 -1.000000e+00
   outer loop
     vertex -1.154376e+02  3.836662e+02 -1.075000e+02
     vertex -1.154000e+02  3.840000e+02 -1.075000e+02
     vertex -1.134000e+02  3.840000e+02 -1.075000e+02
   endloop
 endfacet
 facet normal -6.090366e-15  3.717936e-14 -1.000000e+00
   outer loop
     vertex -1.154376e+02  3.836662e+02 -1.075000e+02
     vertex -1.134000e+02  3.840000e+02 -1.075000e+02
     vertex -1.134878e+02  3.832212e+02 -1.075000e+02
   endloop
 endfacet
 facet normal -1.583378e-14 -3.287919e-14 -1.000000e+00
   outer loop
     vertex -1.155485e+02  3.833492e+02 -1.075000e+02
     vertex -1.134878e+02  3.832212e+02 -1.075000e+02
     vertex -1.137466e+02  3.824814e+02 -1.075000e+02
   endloop
 endfacet
 facet normal -1.349826e-14  4.723247e-15 -1.000000e+00
   outer loop
     vertex -1.155485e+02  3.833492e+02 -1.075000e+02
     vertex -1.154376e+02  3.836662e+02 -1.075000e+02
     vertex -1.134878e+02  3.832212e+02 -1.075000e+02
   endloop
 endfacet
 facet normal  1.064429e-14  3.613996e-14 -1.000000e+00
   outer loop
     vertex -1.157273e+02  3.830648e+02 -1.075000e+02
     vertex -1.137466e+02  3.824814e+02 -1.075000e+02
     vertex -1.141636e+02  3.818178e+02 -1.075000e+02
   endloop
 endfacet
 facet normal  0.000000e+00  0.000000e+00 -1.000000e+00
   outer loop
     vertex -1.157273e+02  3.830648e+02 -1.075000e+02
     vertex -1.155485e+02  3.833492e+02 -1.075000e+02
     vertex -1.137466e+02  3.824814e+02 -1.075000e+02
   endloop
 endfacet
 facet normal -1.011217e-14  1.011217e-14 -1.000000e+00
   outer loop
     vertex -1.159648e+02  3.828273e+02 -1.075000e+02
     vertex -1.157273e+02  3.830648e+02 -1.075000e+02
     vertex -1.141636e+02  3.818178e+02 -1.075000e+02
   endloop
 endfacet
 facet normal -1.932183e-14 -6.320464e-15 -1.000000e+00
   outer loop
     vertex -1.147178e+02  3.812636e+02 -1.075000e+02
     vertex -1.159648e+02  3.828273e+02 -1.075000e+02
     vertex -1.141636e+02  3.818178e+02 -1.075000e+02
   endloop
 endfacet
 facet normal -3.709097e-14 -2.049088e-14 -1.000000e+00
   outer loop
     vertex -1.162492e+02  3.826485e+02 -1.075000e+02
     vertex -1.159648e+02  3.828273e+02 -1.075000e+02
     vertex -1.147178e+02  3.812636e+02 -1.075000e+02
   endloop
 endfacet
 facet normal -4.072067e-14 -1.172361e-14 -1.000000e+00
   outer loop
     vertex -1.153814e+02  3.808466e+02 -1.075000e+02
     vertex -1.165662e+02  3.825376e+02 -1.075000e+02
     vertex -1.162492e+02  3.826485e+02 -1.075000e+02
   endloop
 endfacet
 facet normal -2.024383e-14 -1.862485e-15 -1.000000e+00
   outer loop
     vertex -1.153814e+02  3.808466e+02 -1.075000e+02
     vertex -1.162492e+02  3.826485e+02 -1.075000e+02
     vertex -1.147178e+02  3.812636e+02 -1.075000e+02
   endloop
 endfacet
 facet normal -4.723247e-15  1.349826e-14 -1.000000e+00
   outer loop
     vertex -1.161212e+02  3.805878e+02 -1.075000e+02
     vertex -1.165662e+02  3.825376e+02 -1.075000e+02
     vertex -1.153814e+02  3.808466e+02 -1.075000e+02
   endloop
 endfacet
 facet normal  4.257533e-14  0.000000e+00 -1.000000e+00
   outer loop
     vertex -1.169000e+02  3.805000e+02 -1.075000e+02
     vertex -1.169000e+02  3.825000e+02 -1.075000e+02
     vertex -1.165662e+02  3.825376e+02 -1.075000e+02
   endloop
 endfacet
 facet normal -1.939027e-14  1.015061e-14 -1.000000e+00
   outer loop
     vertex -1.169000e+02  3.805000e+02 -1.075000e+02
     vertex -1.165662e+02  3.825376e+02 -1.075000e+02
     vertex -1.161212e+02  3.805878e+02 -1.075000e+02
   endloop
 endfacet
 facet normal -1.563194e-13 -6.336053e-16  1.000000e+00
   outer loop
     vertex -1.154000e+02  3.840000e+02 -8.250000e+01
     vertex -1.134878e+02  3.832212e+02 -8.250000e+01
     vertex -1.134000e+02  3.840000e+02 -8.250000e+01
   endloop
 endfacet
 facet normal  1.349826e-14 -4.723247e-15  1.000000e+00
   outer loop
     vertex -1.154376e+02  3.836662e+02 -8.250000e+01
     vertex -1.137466e+02  3.824814e+02 -8.250000e+01
     vertex -1.134878e+02  3.832212e+02 -8.250000e+01
   endloop
 endfacet
 facet normal  2.321106e-13  9.530801e-13  1.000000e+00
   outer loop
     vertex -1.154376e+02  3.836662e+02 -8.250000e+01
     vertex -1.134878e+02  3.832212e+02 -8.250000e+01
     vertex -1.154000e+02  3.840000e+02 -8.250000e+01
   endloop
 endfacet
 facet normal  1.349826e-14 -4.723247e-15  1.000000e+00
   outer loop
     vertex -1.155485e+02  3.833492e+02 -8.250000e+01
     vertex -1.137466e+02  3.824814e+02 -8.250000e+01
     vertex -1.154376e+02  3.836662e+02 -8.250000e+01
   endloop
 endfacet
 facet normal  1.210881e-14 -7.608471e-15  1.000000e+00
   outer loop
     vertex -1.141636e+02  3.818178e+02 -8.250000e+01
     vertex -1.137466e+02  3.824814e+02 -8.250000e+01
     vertex -1.155485e+02  3.833492e+02 -8.250000e+01
   endloop
 endfacet
 facet normal  1.210881e-14 -7.608471e-15  1.000000e+00
   outer loop
     vertex -1.157273e+02  3.830648e+02 -8.250000e+01
     vertex -1.141636e+02  3.818178e+02 -8.250000e+01
     vertex -1.155485e+02  3.833492e+02 -8.250000e+01
   endloop
 endfacet
 facet normal  1.011217e-14 -1.011217e-14  1.000000e+00
   outer loop
     vertex -1.159648e+02  3.828273e+02 -8.250000e+01
     vertex -1.141636e+02  3.818178e+02 -8.250000e+01
     vertex -1.157273e+02  3.830648e+02 -8.250000e+01
   endloop
 endfacet
 facet normal  1.932183e-14  6.320464e-15  1.000000e+00
   outer loop
     vertex -1.147178e+02  3.812636e+02 -8.250000e+01
     vertex -1.141636e+02  3.818178e+02 -8.250000e+01
     vertex -1.159648e+02  3.828273e+02 -8.250000e+01
   endloop
 endfacet
 facet normal  2.361623e-15 -6.749132e-15  1.000000e+00
   outer loop
     vertex -1.153814e+02  3.808466e+02 -8.250000e+01
     vertex -1.162492e+02  3.826485e+02 -8.250000e+01
     vertex -1.165662e+02  3.825376e+02 -8.250000e+01
   endloop
 endfacet
 facet normal  3.804236e-15 -6.054406e-15  1.000000e+00
   outer loop
     vertex -1.153814e+02  3.808466e+02 -8.250000e+01
     vertex -1.159648e+02  3.828273e+02 -8.250000e+01
     vertex -1.162492e+02  3.826485e+02 -8.250000e+01
   endloop
 endfacet
 facet normal  3.804236e-15 -6.054406e-15  1.000000e+00
   outer loop
     vertex -1.153814e+02  3.808466e+02 -8.250000e+01
     vertex -1.147178e+02  3.812636e+02 -8.250000e+01
     vertex -1.159648e+02  3.828273e+02 -8.250000e+01
   endloop
 endfacet
 facet normal  1.778909e-14  4.060244e-15  1.000000e+00
   outer loop
     vertex -1.161212e+02  3.805878e+02 -8.250000e+01
     vertex -1.153814e+02  3.808466e+02 -8.250000e+01
     vertex -1.165662e+02  3.825376e+02 -8.250000e+01
   endloop
 endfacet
 facet normal  0.000000e+00  0.000000e+00  1.000000e+00
   outer loop
     vertex -1.169000e+02  3.805000e+02 -8.250000e+01
     vertex -1.165662e+02  3.825376e+02 -8.250000e+01
     vertex -1.169000e+02  3.825000e+02 -8.250000e+01
   endloop
 endfacet
 facet normal  0.000000e+00  0.000000e+00  1.000000e+00
   outer loop
     vertex -1.169000e+02  3.805000e+02 -8.250000e+01
     vertex -1.161212e+02  3.805878e+02 -8.250000e+01
     vertex -1.165662e+02  3.825376e+02 -8.250000e+01
   endloop
 endfacet
 facet normal  1.119645e-01 -9.937122e-01 -1.018311e-15
   outer loop
     vertex -1.169000e+02  3.805000e+02 -8.250000e+01
     vertex -1.169000e+02  3.805000e+02 -1.075000e+02
     vertex -1.161212e+02  3.805878e+02 -1.075000e+02
   endloop
 endfacet
 facet normal  3.302791e-01 -9.438833e-01 -7.671639e-15
   outer loop
     vertex -1.161212e+02  3.805878e+02 -8.250000e+01
     vertex -1.161212e+02  3.805878e+02 -1.075000e+02
     vertex -1.153814e+02  3.808466e+02 -1.075000e+02
   endloop
 endfacet
 facet normal  1.119645e-01 -9.937122e-01 -5.664480e-15
   outer loop
     vertex -1.161212e+02  3.805878e+02 -8.250000e+01
     vertex -1.169000e+02  3.805000e+02 -8.250000e+01
     vertex -1.161212e+02  3.805878e+02 -1.075000e+02
   endloop
 endfacet
 facet normal  5.320321e-01 -8.467242e-01 -7.066457e-15
   outer loop
     vertex -1.153814e+02  3.808466e+02 -8.250000e+01
     vertex -1.153814e+02  3.808466e+02 -1.075000e+02
     vertex -1.147178e+02  3.812636e+02 -1.075000e+02
   endloop
 endfacet
 facet normal  3.302791e-01 -9.438833e-01 -5.337755e-15
   outer loop
     vertex -1.153814e+02  3.808466e+02 -8.250000e+01
     vertex -1.161212e+02  3.805878e+02 -8.250000e+01
     vertex -1.153814e+02  3.808466e+02 -1.075000e+02
   endloop
 endfacet
 facet normal  7.071068e-01 -7.071068e-01 -7.234986e-15
   outer loop
     vertex -1.147178e+02  3.812636e+02 -8.250000e+01
     vertex -1.147178e+02  3.812636e+02 -1.075000e+02
     vertex -1.141636e+02  3.818178e+02 -1.075000e+02
   endloop
 endfacet
 facet normal  5.320321e-01 -8.467242e-01 -5.443654e-15
   outer loop
     vertex -1.147178e+02  3.812636e+02 -8.250000e+01
     vertex -1.153814e+02  3.808466e+02 -8.250000e+01
     vertex -1.147178e+02  3.812636e+02 -1.075000e+02
   endloop
 endfacet
 facet normal  8.467242e-01 -5.320321e-01 -9.873227e-15
   outer loop
     vertex -1.141636e+02  3.818178e+02 -8.250000e+01
     vertex -1.141636e+02  3.818178e+02 -1.075000e+02
     vertex -1.137466e+02  3.824814e+02 -1.075000e+02
   endloop
 endfacet
 facet normal  7.071068e-01 -7.071068e-01 -8.842761e-15
   outer loop
     vertex -1.141636e+02  3.818178e+02 -8.250000e+01
     vertex -1.147178e+02  3.812636e+02 -8.250000e+01
     vertex -1.141636e+02  3.818178e+02 -1.075000e+02
   endloop
 endfacet
 facet normal  9.438833e-01 -3.302791e-01 -1.115958e-14
   outer loop
     vertex -1.137466e+02  3.824814e+02 -8.250000e+01
     vertex -1.137466e+02  3.824814e+02 -1.075000e+02
     vertex -1.134878e+02  3.832212e+02 -1.075000e+02
   endloop
 endfacet
 facet normal  8.467242e-01 -5.320321e-01 -1.108293e-14
   outer loop
     vertex -1.137466e+02  3.824814e+02 -8.250000e+01
     vertex -1.141636e+02  3.818178e+02 -8.250000e+01
     vertex -1.137466e+02  3.824814e+02 -1.075000e+02
   endloop
 endfacet
 facet normal  9.937122e-01 -1.119645e-01 -1.129720e-14
   outer loop
     vertex -1.134878e+02  3.832212e+02 -8.250000e+01
     vertex -1.134878e+02  3.832212e+02 -1.075000e+02
     vertex -1.134000e+02  3.840000e+02 -1.075000e+02
   endloop
 endfacet
 facet normal  9.438833e-01 -3.302791e-01 -1.073071e-14
   outer loop
     vertex -1.134878e+02  3.832212e+02 -8.250000e+01
     vertex -1.137466e+02  3.824814e+02 -8.250000e+01
     vertex -1.134878e+02  3.832212e+02 -1.075000e+02
   endloop
 endfacet
 facet normal  9.937122e-01 -1.119645e-01 -2.008038e-14
   outer loop
     vertex -1.134000e+02  3.840000e+02 -8.250000e+01
     vertex -1.134878e+02  3.832212e+02 -8.250000e+01
     vertex -1.134000e+02  3.840000e+02 -1.075000e+02
   endloop
 endfacet
 facet normal -1.119645e-01  9.937122e-01  3.341435e-15
   outer loop
     vertex -1.165662e+02  3.825376e+02 -8.250000e+01
     vertex -1.169000e+02  3.825000e+02 -1.075000e+02
     vertex -1.169000e+02  3.825000e+02 -8.250000e+01
   endloop
 endfacet
 facet normal -1.119645e-01  9.937122e-01  5.600835e-15
   outer loop
     vertex -1.165662e+02  3.825376e+02 -8.250000e+01
     vertex -1.165662e+02  3.825376e+02 -1.075000e+02
     vertex -1.169000e+02  3.825000e+02 -1.075000e+02
   endloop
 endfacet
 facet normal -3.302791e-01  9.438833e-01  3.191612e-15
   outer loop
     vertex -1.162492e+02  3.826485e+02 -8.250000e+01
     vertex -1.162492e+02  3.826485e+02 -1.075000e+02
     vertex -1.165662e+02  3.825376e+02 -1.075000e+02
   endloop
 endfacet
 facet normal -3.302791e-01  9.438833e-01  7.483988e-15
   outer loop
     vertex -1.162492e+02  3.826485e+02 -8.250000e+01
     vertex -1.165662e+02  3.825376e+02 -1.075000e+02
     vertex -1.165662e+02  3.825376e+02 -8.250000e+01
   endloop
 endfacet
 facet normal -5.320321e-01  8.467242e-01  6.764031e-15
   outer loop
     vertex -1.159648e+02  3.828273e+02 -8.250000e+01
     vertex -1.159648e+02  3.828273e+02 -1.075000e+02
     vertex -1.162492e+02  3.826485e+02 -1.075000e+02
   endloop
 endfacet
 facet normal -5.320321e-01  8.467242e-01  5.140542e-15
   outer loop
     vertex -1.159648e+02  3.828273e+02 -8.250000e+01
     vertex -1.162492e+02  3.826485e+02 -1.075000e+02
     vertex -1.162492e+02  3.826485e+02 -8.250000e+01
   endloop
 endfacet
 facet normal -7.071068e-01  7.071068e-01  7.234986e-15
   outer loop
     vertex -1.157273e+02  3.830648e+02 -8.250000e+01
     vertex -1.157273e+02  3.830648e+02 -1.075000e+02
     vertex -1.159648e+02  3.828273e+02 -1.075000e+02
   endloop
 endfacet
 facet normal -7.071068e-01  7.071068e-01  8.039276e-15
   outer loop
     vertex -1.157273e+02  3.830648e+02 -8.250000e+01
     vertex -1.159648e+02  3.828273e+02 -1.075000e+02
     vertex -1.159648e+02  3.828273e+02 -8.250000e+01
   endloop
 endfacet
 facet normal -8.467242e-01  5.320321e-01  9.144833e-15
   outer loop
     vertex -1.155485e+02  3.833492e+02 -8.250000e+01
     vertex -1.155485e+02  3.833492e+02 -1.075000e+02
     vertex -1.157273e+02  3.830648e+02 -1.075000e+02
   endloop
 endfacet
 facet normal -8.467242e-01  5.320321e-01  8.663975e-15
   outer loop
     vertex -1.155485e+02  3.833492e+02 -8.250000e+01
     vertex -1.157273e+02  3.830648e+02 -1.075000e+02
     vertex -1.157273e+02  3.830648e+02 -8.250000e+01
   endloop
 endfacet
 facet normal -9.438833e-01  3.302791e-01  9.872072e-15
   outer loop
     vertex -1.154376e+02  3.836662e+02 -8.250000e+01
     vertex -1.154376e+02  3.836662e+02 -1.075000e+02
     vertex -1.155485e+02  3.833492e+02 -1.075000e+02
   endloop
 endfacet
 facet normal -9.438833e-01  3.302791e-01  1.019432e-14
   outer loop
     vertex -1.154376e+02  3.836662e+02 -8.250000e+01
     vertex -1.155485e+02  3.833492e+02 -1.075000e+02
     vertex -1.155485e+02  3.833492e+02 -8.250000e+01
   endloop
 endfacet
 facet normal -9.937122e-01  1.119645e-01  9.801493e-15
   outer loop
     vertex -1.154000e+02  3.840000e+02 -8.250000e+01
     vertex -1.154000e+02  3.840000e+02 -1.075000e+02
     vertex -1.154376e+02  3.836662e+02 -1.075000e+02
   endloop
 endfacet
 facet normal -9.937122e-01  1.119645e-01  9.857182e-15
   outer loop
     vertex -1.154000e+02  3.840000e+02 -8.250000e+01
     vertex -1.154376e+02  3.836662e+02 -1.075000e+02
     vertex -1.154376e+02  3.836662e+02 -8.250000e+01
   endloop
 endfacet
 facet normal -4.246462e-14  0.000000e+00 -1.000000e+00
   outer loop
     vertex -1.262702e+02  3.825000e+02 -1.075000e+02
     vertex -1.169000e+02  3.825000e+02 -1.075000e+02
     vertex -1.169000e+02  3.805000e+02 -1.075000e+02
   endloop
 endfacet
 facet normal -4.246462e-14  0.000000e+00 -1.000000e+00
   outer loop
     vertex -1.262702e+02  3.805000e+02 -1.075000e+02
     vertex -1.262702e+02  3.825000e+02 -1.075000e+02
     vertex -1.169000e+02  3.805000e+02 -1.075000e+02
   endloop
 endfacet
 facet normal  1.516594e-14 -1.077605e-28  1.000000e+00
   outer loop
     vertex -1.262702e+02  3.805000e+02 -8.250000e+01
     vertex -1.169000e+02  3.805000e+02 -8.250000e+01
     vertex -1.169000e+02  3.825000e+02 -8.250000e+01
   endloop
 endfacet
 facet normal  1.516594e-14  0.000000e+00  1.000000e+00
   outer loop
     vertex -1.262702e+02  3.825000e+02 -8.250000e+01
     vertex -1.262702e+02  3.805000e+02 -8.250000e+01
     vertex -1.169000e+02  3.825000e+02 -8.250000e+01
   endloop
 endfacet
 facet normal  2.173569e-14 -1.000000e+00 -1.564326e-15
   outer loop
     vertex -1.297221e+02  3.805000e+02 -8.122753e+01
     vertex -1.271594e+02  3.805000e+02 -8.195763e+01
     vertex -1.295018e+02  3.805000e+02 -7.816748e+01
   endloop
 endfacet
 facet normal  2.966995e-14 -1.000000e+00  2.628528e-14
   outer loop
     vertex -1.294503e+02  3.805000e+02 -8.153429e+01
     vertex -1.271594e+02  3.805000e+02 -8.195763e+01
     vertex -1.297221e+02  3.805000e+02 -8.122753e+01
   endloop
 endfacet
 facet normal -1.605591e-13 -1.000000e+00  1.155550e-14
   outer loop
     vertex -1.300593e+02  3.805000e+02 -8.099472e+01
     vertex -1.297221e+02  3.805000e+02 -8.122753e+01
     vertex -1.295018e+02  3.805000e+02 -7.816748e+01
   endloop
 endfacet
 facet normal  5.953294e-14 -1.000000e+00  1.878898e-13
   outer loop
     vertex -1.292598e+02  3.805000e+02 -8.189717e+01
     vertex -1.271594e+02  3.805000e+02 -8.195763e+01
     vertex -1.294503e+02  3.805000e+02 -8.153429e+01
   endloop
 endfacet
 facet normal  1.309253e-13 -1.000000e+00 -4.592305e-14
   outer loop
     vertex -1.304425e+02  3.805000e+02 -8.084940e+01
     vertex -1.300593e+02  3.805000e+02 -8.099472e+01
     vertex -1.295018e+02  3.805000e+02 -7.816748e+01
   endloop
 endfacet
 facet normal  5.037079e-14 -1.000000e+00 -1.304375e-13
   outer loop
     vertex -1.291618e+02  3.805000e+02 -8.229509e+01
     vertex -1.271594e+02  3.805000e+02 -8.195763e+01
     vertex -1.292598e+02  3.805000e+02 -8.189717e+01
   endloop
 endfacet
 facet normal  0.000000e+00 -1.000000e+00  0.000000e+00
   outer loop
     vertex -1.308494e+02  3.805000e+02 -8.080000e+01
     vertex -1.304425e+02  3.805000e+02 -8.084940e+01
     vertex -1.295018e+02  3.805000e+02 -7.816748e+01
   endloop
 endfacet
 facet normal  2.838807e-14 -1.000000e+00  0.000000e+00
   outer loop
     vertex -1.291618e+02  3.805000e+02 -8.270491e+01
     vertex -1.271594e+02  3.805000e+02 -8.195763e+01
     vertex -1.291618e+02  3.805000e+02 -8.229509e+01
   endloop
 endfacet
 facet normal  4.195951e-14 -1.000000e+00  4.354738e-14
   outer loop
     vertex -1.291618e+02  3.805000e+02 -8.270491e+01
     vertex -1.268812e+02  3.805000e+02 -8.229166e+01
     vertex -1.270387e+02  3.805000e+02 -8.213994e+01
   endloop
 endfacet
 facet normal  1.160670e-13 -1.000000e+00 -2.349379e-13
   outer loop
     vertex -1.291618e+02  3.805000e+02 -8.270491e+01
     vertex -1.270387e+02  3.805000e+02 -8.213994e+01
     vertex -1.271594e+02  3.805000e+02 -8.195763e+01
   endloop
 endfacet
 facet normal  0.000000e+00 -1.000000e+00  0.000000e+00
   outer loop
     vertex -1.312562e+02  3.805000e+02 -8.084940e+01
     vertex -1.308494e+02  3.805000e+02 -8.080000e+01
     vertex -1.295018e+02  3.805000e+02 -7.816748e+01
   endloop
 endfacet
 facet normal  3.065634e-14 -1.000000e+00  5.025677e-14
   outer loop
     vertex -1.292598e+02  3.805000e+02 -8.310283e+01
     vertex -1.266945e+02  3.805000e+02 -8.240552e+01
     vertex -1.268812e+02  3.805000e+02 -8.229166e+01
   endloop
 endfacet
 facet normal  5.218135e-14 -1.000000e+00 -1.286155e-14
   outer loop
     vertex -1.292598e+02  3.805000e+02 -8.310283e+01
     vertex -1.268812e+02  3.805000e+02 -8.229166e+01
     vertex -1.291618e+02  3.805000e+02 -8.270491e+01
   endloop
 endfacet
 facet normal  0.000000e+00 -1.000000e+00  0.000000e+00
   outer loop
     vertex -1.316394e+02  3.805000e+02 -8.099472e+01
     vertex -1.295018e+02  3.805000e+02 -7.816748e+01
     vertex -1.324064e+02  3.805000e+02 -7.478873e+01
   endloop
 endfacet
 facet normal  0.000000e+00 -1.000000e+00  0.000000e+00
   outer loop
     vertex -1.316394e+02  3.805000e+02 -8.099472e+01
     vertex -1.312562e+02  3.805000e+02 -8.084940e+01
     vertex -1.295018e+02  3.805000e+02 -7.816748e+01
   endloop
 endfacet
 facet normal  1.938483e-14 -1.000000e+00  5.684572e-14
   outer loop
     vertex -1.294503e+02  3.805000e+02 -8.346571e+01
     vertex -1.264876e+02  3.805000e+02 -8.247609e+01
     vertex -1.266945e+02  3.805000e+02 -8.240552e+01
   endloop
 endfacet
 facet normal  5.169189e-14 -1.000000e+00 -2.713000e-14
   outer loop
     vertex -1.294503e+02  3.805000e+02 -8.346571e+01
     vertex -1.266945e+02  3.805000e+02 -8.240552e+01
     vertex -1.292598e+02  3.805000e+02 -8.310283e+01
   endloop
 endfacet
 facet normal  0.000000e+00 -1.000000e+00  0.000000e+00
   outer loop
     vertex -1.319767e+02  3.805000e+02 -8.122753e+01
     vertex -1.316394e+02  3.805000e+02 -8.099472e+01
     vertex -1.324064e+02  3.805000e+02 -7.478873e+01
   endloop
 endfacet
 facet normal  2.127871e-13 -1.000000e+00 -4.432098e-13
   outer loop
     vertex -1.297221e+02  3.805000e+02 -8.377247e+01
     vertex -1.262702e+02  3.805000e+02 -8.250000e+01
     vertex -1.264876e+02  3.805000e+02 -8.247609e+01
   endloop
 endfacet
 facet normal  5.450050e-14 -1.000000e+00 -4.828323e-14
   outer loop
     vertex -1.297221e+02  3.805000e+02 -8.377247e+01
     vertex -1.264876e+02  3.805000e+02 -8.247609e+01
     vertex -1.294503e+02  3.805000e+02 -8.346571e+01
   endloop
 endfacet
 facet normal  1.300556e-14 -1.000000e+00 -4.395925e-15
   outer loop
     vertex -1.380992e+02  3.805000e+02 -7.870033e+01
     vertex -1.324064e+02  3.805000e+02 -7.478873e+01
     vertex -1.358020e+02  3.805000e+02 -7.190397e+01
   endloop
 endfacet
 facet normal  0.000000e+00 -1.000000e+00  0.000000e+00
   outer loop
     vertex -1.354015e+02  3.805000e+02 -8.155734e+01
     vertex -1.319767e+02  3.805000e+02 -8.122753e+01
     vertex -1.324064e+02  3.805000e+02 -7.478873e+01
   endloop
 endfacet
 facet normal  1.434748e-14 -1.000000e+00 -6.348926e-15
   outer loop
     vertex -1.354015e+02  3.805000e+02 -8.155734e+01
     vertex -1.324064e+02  3.805000e+02 -7.478873e+01
     vertex -1.380992e+02  3.805000e+02 -7.870033e+01
   endloop
 endfacet
 facet normal  0.000000e+00 -1.000000e+00  0.000000e+00
   outer loop
     vertex -1.354015e+02  3.805000e+02 -8.155734e+01
     vertex -1.322484e+02  3.805000e+02 -8.153429e+01
     vertex -1.319767e+02  3.805000e+02 -8.122753e+01
   endloop
 endfacet
 facet normal -1.149335e-15 -1.000000e+00  1.572477e-13
   outer loop
     vertex -1.354015e+02  3.805000e+02 -8.155734e+01
     vertex -1.324389e+02  3.805000e+02 -8.189717e+01
     vertex -1.322484e+02  3.805000e+02 -8.153429e+01
   endloop
 endfacet
 facet normal -1.865914e-14 -1.000000e+00  4.599066e-15
   outer loop
     vertex -1.354015e+02  3.805000e+02 -8.155734e+01
     vertex -1.325370e+02  3.805000e+02 -8.229509e+01
     vertex -1.324389e+02  3.805000e+02 -8.189717e+01
   endloop
 endfacet
 facet normal -1.984360e-14 -1.000000e+00  0.000000e+00
   outer loop
     vertex -1.354015e+02  3.805000e+02 -8.155734e+01
     vertex -1.325370e+02  3.805000e+02 -8.270491e+01
     vertex -1.325370e+02  3.805000e+02 -8.229509e+01
   endloop
 endfacet
 facet normal  0.000000e+00 -1.000000e+00  0.000000e+00
   outer loop
     vertex -1.412669e+02  3.805000e+02 -7.637531e+01
     vertex -1.380992e+02  3.805000e+02 -7.870033e+01
     vertex -1.358020e+02  3.805000e+02 -7.190397e+01
   endloop
 endfacet
 facet normal -1.712259e-14 -1.000000e+00  2.092715e-14
   outer loop
     vertex -1.412669e+02  3.805000e+02 -7.637531e+01
     vertex -1.358020e+02  3.805000e+02 -7.190397e+01
     vertex -1.396058e+02  3.805000e+02 -6.958370e+01
   endloop
 endfacet
 facet normal  0.000000e+00 -1.000000e+00  0.000000e+00
   outer loop
     vertex -1.332619e+02  3.805000e+02 -8.485308e+01
     vertex -1.324389e+02  3.805000e+02 -8.310283e+01
     vertex -1.325370e+02  3.805000e+02 -8.270491e+01
   endloop
 endfacet
 facet normal  1.574173e-13 -1.000000e+00 -7.402548e-14
   outer loop
     vertex -1.332619e+02  3.805000e+02 -8.485308e+01
     vertex -1.322484e+02  3.805000e+02 -8.346571e+01
     vertex -1.324389e+02  3.805000e+02 -8.310283e+01
   endloop
 endfacet
 facet normal  2.534691e-14 -1.000000e+00  2.245540e-14
   outer loop
     vertex -1.332619e+02  3.805000e+02 -8.485308e+01
     vertex -1.319767e+02  3.805000e+02 -8.377247e+01
     vertex -1.322484e+02  3.805000e+02 -8.346571e+01
   endloop
 endfacet
 facet normal  1.993934e-14 -1.000000e+00  2.888712e-14
   outer loop
     vertex -1.332619e+02  3.805000e+02 -8.485308e+01
     vertex -1.316394e+02  3.805000e+02 -8.400528e+01
     vertex -1.319767e+02  3.805000e+02 -8.377247e+01
   endloop
 endfacet
 facet normal  1.473375e-14 -1.000000e+00  3.884971e-14
   outer loop
     vertex -1.332619e+02  3.805000e+02 -8.485308e+01
     vertex -1.312562e+02  3.805000e+02 -8.415060e+01
     vertex -1.316394e+02  3.805000e+02 -8.400528e+01
   endloop
 endfacet
 facet normal -1.748026e-14 -1.000000e+00  5.899360e-15
   outer loop
     vertex -1.332619e+02  3.805000e+02 -8.485308e+01
     vertex -1.325370e+02  3.805000e+02 -8.270491e+01
     vertex -1.354015e+02  3.805000e+02 -8.155734e+01
   endloop
 endfacet
 facet normal  7.269050e-15 -1.000000e+00  1.496142e-14
   outer loop
     vertex -1.448011e+02  3.805000e+02 -7.465817e+01
     vertex -1.412669e+02  3.805000e+02 -7.637531e+01
     vertex -1.396058e+02  3.805000e+02 -6.958370e+01
   endloop
 endfacet
 facet normal  2.590308e-14 -1.000000e+00 -4.116642e-15
   outer loop
     vertex -1.448011e+02  3.805000e+02 -7.465817e+01
     vertex -1.396058e+02  3.805000e+02 -6.958370e+01
     vertex -1.437247e+02  3.805000e+02 -6.788463e+01
   endloop
 endfacet
 facet normal  8.134831e-14 -1.000000e+00 -1.132354e-13
   outer loop
     vertex -1.511009e+02  3.805000e+02 -6.903429e+01
     vertex -1.480580e+02  3.805000e+02 -6.684828e+01
     vertex -1.513727e+02  3.805000e+02 -6.872753e+01
   endloop
 endfacet
 facet normal  0.000000e+00 -1.000000e+00  0.000000e+00
   outer loop
     vertex -1.517100e+02  3.805000e+02 -6.849472e+01
     vertex -1.480580e+02  3.805000e+02 -6.684828e+01
     vertex -1.525000e+02  3.805000e+02 -6.650000e+01
   endloop
 endfacet
 facet normal -6.658776e-14 -1.000000e+00  1.476964e-13
   outer loop
     vertex -1.517100e+02  3.805000e+02 -6.849472e+01
     vertex -1.513727e+02  3.805000e+02 -6.872753e+01
     vertex -1.480580e+02  3.805000e+02 -6.684828e+01
   endloop
 endfacet
 facet normal  0.000000e+00 -1.000000e+00  0.000000e+00
   outer loop
     vertex -1.317502e+02  3.805000e+02 -8.848001e+01
     vertex -1.304425e+02  3.805000e+02 -8.415060e+01
     vertex -1.308494e+02  3.805000e+02 -8.420000e+01
   endloop
 endfacet
 facet normal  0.000000e+00 -1.000000e+00  0.000000e+00
   outer loop
     vertex -1.317502e+02  3.805000e+02 -8.848001e+01
     vertex -1.300593e+02  3.805000e+02 -8.400528e+01
     vertex -1.304425e+02  3.805000e+02 -8.415060e+01
   endloop
 endfacet
 facet normal  0.000000e+00 -1.000000e+00  0.000000e+00
   outer loop
     vertex -1.317502e+02  3.805000e+02 -8.848001e+01
     vertex -1.297221e+02  3.805000e+02 -8.377247e+01
     vertex -1.300593e+02  3.805000e+02 -8.400528e+01
   endloop
 endfacet
 facet normal  0.000000e+00 -1.000000e+00  0.000000e+00
   outer loop
     vertex -1.317502e+02  3.805000e+02 -8.848001e+01
     vertex -1.308494e+02  3.805000e+02 -8.420000e+01
     vertex -1.312562e+02  3.805000e+02 -8.415060e+01
   endloop
 endfacet
 facet normal  2.952008e-14 -1.000000e+00 -3.368667e-15
   outer loop
     vertex -1.317502e+02  3.805000e+02 -8.848001e+01
     vertex -1.312562e+02  3.805000e+02 -8.415060e+01
     vertex -1.332619e+02  3.805000e+02 -8.485308e+01
   endloop
 endfacet
 facet normal  5.873102e-14 -1.000000e+00 -2.530364e-14
   outer loop
     vertex -1.317502e+02  3.805000e+02 -8.848001e+01
     vertex -1.262702e+02  3.805000e+02 -8.250000e+01
     vertex -1.297221e+02  3.805000e+02 -8.377247e+01
   endloop
 endfacet
 facet normal  0.000000e+00 -1.000000e+00  0.000000e+00
   outer loop
     vertex -1.509105e+02  3.805000e+02 -6.939717e+01
     vertex -1.480580e+02  3.805000e+02 -6.684828e+01
     vertex -1.511009e+02  3.805000e+02 -6.903429e+01
   endloop
 endfacet
 facet normal  0.000000e+00 -1.000000e+00  0.000000e+00
   outer loop
     vertex -1.520932e+02  3.805000e+02 -6.834940e+01
     vertex -1.517100e+02  3.805000e+02 -6.849472e+01
     vertex -1.525000e+02  3.805000e+02 -6.650000e+01
   endloop
 endfacet
 facet normal  0.000000e+00 -1.000000e+00  0.000000e+00
   outer loop
     vertex -1.508124e+02  3.805000e+02 -6.979509e+01
     vertex -1.480580e+02  3.805000e+02 -6.684828e+01
     vertex -1.509105e+02  3.805000e+02 -6.939717e+01
   endloop
 endfacet
 facet normal  0.000000e+00 -1.000000e+00  0.000000e+00
   outer loop
     vertex -1.525000e+02  3.805000e+02 -6.830000e+01
     vertex -1.520932e+02  3.805000e+02 -6.834940e+01
     vertex -1.525000e+02  3.805000e+02 -6.650000e+01
   endloop
 endfacet
 facet normal  0.000000e+00 -1.000000e+00  0.000000e+00
   outer loop
     vertex -1.508124e+02  3.805000e+02 -7.020491e+01
     vertex -1.480580e+02  3.805000e+02 -6.684828e+01
     vertex -1.508124e+02  3.805000e+02 -6.979509e+01
   endloop
 endfacet
 facet normal  0.000000e+00 -1.000000e+00  0.000000e+00
   outer loop
     vertex -1.529068e+02  3.805000e+02 -6.834940e+01
     vertex -1.525000e+02  3.805000e+02 -6.830000e+01
     vertex -1.525000e+02  3.805000e+02 -6.650000e+01
   endloop
 endfacet
 facet normal  0.000000e+00 -1.000000e+00  0.000000e+00
   outer loop
     vertex -1.532900e+02  3.805000e+02 -6.849472e+01
     vertex -1.529068e+02  3.805000e+02 -6.834940e+01
     vertex -1.525000e+02  3.805000e+02 -6.650000e+01
   endloop
 endfacet
 facet normal -1.060219e-13 -1.000000e+00 -1.009999e-13
   outer loop
     vertex -1.485867e+02  3.805000e+02 -7.360494e+01
     vertex -1.509105e+02  3.805000e+02 -7.060283e+01
     vertex -1.511009e+02  3.805000e+02 -7.096571e+01
   endloop
 endfacet
 facet normal  1.585342e-13 -1.000000e+00  1.037777e-13
   outer loop
     vertex -1.485867e+02  3.805000e+02 -7.360494e+01
     vertex -1.508124e+02  3.805000e+02 -7.020491e+01
     vertex -1.509105e+02  3.805000e+02 -7.060283e+01
   endloop
 endfacet
 facet normal  0.000000e+00 -1.000000e+00  0.000000e+00
   outer loop
     vertex -1.485867e+02  3.805000e+02 -7.360494e+01
     vertex -1.448011e+02  3.805000e+02 -7.465817e+01
     vertex -1.437247e+02  3.805000e+02 -6.788463e+01
   endloop
 endfacet
 facet normal  0.000000e+00 -1.000000e+00  0.000000e+00
   outer loop
     vertex -1.485867e+02  3.805000e+02 -7.360494e+01
     vertex -1.437247e+02  3.805000e+02 -6.788463e+01
     vertex -1.480580e+02  3.805000e+02 -6.684828e+01
   endloop
 endfacet
 facet normal  0.000000e+00 -1.000000e+00  0.000000e+00
   outer loop
     vertex -1.485867e+02  3.805000e+02 -7.360494e+01
     vertex -1.480580e+02  3.805000e+02 -6.684828e+01
     vertex -1.508124e+02  3.805000e+02 -7.020491e+01
   endloop
 endfacet
 facet normal  0.000000e+00 -1.000000e+00  0.000000e+00
   outer loop
     vertex -1.513727e+02  3.805000e+02 -7.127247e+01
     vertex -1.485867e+02  3.805000e+02 -7.360494e+01
     vertex -1.511009e+02  3.805000e+02 -7.096571e+01
   endloop
 endfacet
 facet normal  1.013406e-14 -1.000000e+00 -1.468173e-14
   outer loop
     vertex -1.563972e+02  3.805000e+02 -6.676771e+01
     vertex -1.536273e+02  3.805000e+02 -6.872753e+01
     vertex -1.532900e+02  3.805000e+02 -6.849472e+01
   endloop
 endfacet
 facet normal  1.261476e-14 -1.000000e+00 -1.117571e-14
   outer loop
     vertex -1.563972e+02  3.805000e+02 -6.676771e+01
     vertex -1.538991e+02  3.805000e+02 -6.903429e+01
     vertex -1.536273e+02  3.805000e+02 -6.872753e+01
   endloop
 endfacet
 facet normal  1.499379e-14 -1.000000e+00 -5.938429e-15
   outer loop
     vertex -1.563972e+02  3.805000e+02 -6.676771e+01
     vertex -1.532900e+02  3.805000e+02 -6.849472e+01
     vertex -1.525000e+02  3.805000e+02 -6.650000e+01
   endloop
 endfacet
 facet normal  0.000000e+00 -1.000000e+00  0.000000e+00
   outer loop
     vertex -1.517100e+02  3.805000e+02 -7.150528e+01
     vertex -1.485867e+02  3.805000e+02 -7.360494e+01
     vertex -1.513727e+02  3.805000e+02 -7.127247e+01
   endloop
 endfacet
 facet normal  2.515339e-14 -1.000000e+00  5.466483e-15
   outer loop
     vertex -1.309158e+02  3.805000e+02 -9.231973e+01
     vertex -1.262702e+02  3.805000e+02 -8.250000e+01
     vertex -1.317502e+02  3.805000e+02 -8.848001e+01
   endloop
 endfacet
 facet normal -6.066374e-15 -1.000000e+00  2.023598e-14
   outer loop
     vertex -1.309158e+02  3.805000e+02 -9.231973e+01
     vertex -1.169000e+02  3.805000e+02 -8.250000e+01
     vertex -1.262702e+02  3.805000e+02 -8.250000e+01
   endloop
 endfacet
 facet normal  1.541441e-14 -1.000000e+00 -8.090105e-15
   outer loop
     vertex -1.540895e+02  3.805000e+02 -6.939717e+01
     vertex -1.538991e+02  3.805000e+02 -6.903429e+01
     vertex -1.563972e+02  3.805000e+02 -6.676771e+01
   endloop
 endfacet
 facet normal -1.078521e-13 -1.000000e+00 -1.162697e-13
   outer loop
     vertex -1.541876e+02  3.805000e+02 -6.979509e+01
     vertex -1.540895e+02  3.805000e+02 -6.939717e+01
     vertex -1.563972e+02  3.805000e+02 -6.676771e+01
   endloop
 endfacet
 facet normal  2.414916e-13 -1.000000e+00  1.387018e-13
   outer loop
     vertex -1.541876e+02  3.805000e+02 -7.020491e+01
     vertex -1.541876e+02  3.805000e+02 -6.979509e+01
     vertex -1.563972e+02  3.805000e+02 -6.676771e+01
   endloop
 endfacet
 facet normal  0.000000e+00 -1.000000e+00  0.000000e+00
   outer loop
     vertex -1.525000e+02  3.805000e+02 -7.325000e+01
     vertex -1.485867e+02  3.805000e+02 -7.360494e+01
     vertex -1.517100e+02  3.805000e+02 -7.150528e+01
   endloop
 endfacet
 facet normal  0.000000e+00 -1.000000e+00  0.000000e+00
   outer loop
     vertex -1.525000e+02  3.805000e+02 -7.325000e+01
     vertex -1.520932e+02  3.805000e+02 -7.165060e+01
     vertex -1.525000e+02  3.805000e+02 -7.170000e+01
   endloop
 endfacet
 facet normal  0.000000e+00 -1.000000e+00  0.000000e+00
   outer loop
     vertex -1.525000e+02  3.805000e+02 -7.325000e+01
     vertex -1.517100e+02  3.805000e+02 -7.150528e+01
     vertex -1.520932e+02  3.805000e+02 -7.165060e+01
   endloop
 endfacet
 facet normal  0.000000e+00 -1.000000e+00  0.000000e+00
   outer loop
     vertex -1.525000e+02  3.805000e+02 -7.325000e+01
     vertex -1.529068e+02  3.805000e+02 -7.165060e+01
     vertex -1.532900e+02  3.805000e+02 -7.150528e+01
   endloop
 endfacet
 facet normal  0.000000e+00 -1.000000e+00  0.000000e+00
   outer loop
     vertex -1.525000e+02  3.805000e+02 -7.325000e+01
     vertex -1.525000e+02  3.805000e+02 -7.170000e+01
     vertex -1.529068e+02  3.805000e+02 -7.165060e+01
   endloop
 endfacet
 facet normal  8.187289e-15 -1.000000e+00 -7.446296e-29
   outer loop
     vertex -1.307858e+02  3.805000e+02 -9.624693e+01
     vertex -1.169000e+02  3.805000e+02 -1.075000e+02
     vertex -1.169000e+02  3.805000e+02 -8.250000e+01
   endloop
 endfacet
 facet normal  7.927483e-15 -1.000000e+00  2.624306e-16
   outer loop
     vertex -1.307858e+02  3.805000e+02 -9.624693e+01
     vertex -1.169000e+02  3.805000e+02 -8.250000e+01
     vertex -1.309158e+02  3.805000e+02 -9.231973e+01
   endloop
 endfacet
 facet normal -2.316996e-14 -1.000000e+00 -3.143219e-14
   outer loop
     vertex -1.602211e+02  3.805000e+02 -6.756582e+01
     vertex -1.541876e+02  3.805000e+02 -7.020491e+01
     vertex -1.563972e+02  3.805000e+02 -6.676771e+01
   endloop
 endfacet
 facet normal -1.517918e-13 -1.000000e+00  1.054395e-13
   outer loop
     vertex -1.561416e+02  3.805000e+02 -7.355702e+01
     vertex -1.540895e+02  3.805000e+02 -7.060283e+01
     vertex -1.541876e+02  3.805000e+02 -7.020491e+01
   endloop
 endfacet
 facet normal  2.569052e-13 -1.000000e+00 -1.784547e-13
   outer loop
     vertex -1.561416e+02  3.805000e+02 -7.355702e+01
     vertex -1.538991e+02  3.805000e+02 -7.096571e+01
     vertex -1.540895e+02  3.805000e+02 -7.060283e+01
   endloop
 endfacet
 facet normal -8.075670e-14 -1.000000e+00  1.137595e-13
   outer loop
     vertex -1.561416e+02  3.805000e+02 -7.355702e+01
     vertex -1.536273e+02  3.805000e+02 -7.127247e+01
     vertex -1.538991e+02  3.805000e+02 -7.096571e+01
   endloop
 endfacet
 facet normal  9.760118e-15 -1.000000e+00  1.413997e-14
   outer loop
     vertex -1.561416e+02  3.805000e+02 -7.355702e+01
     vertex -1.532900e+02  3.805000e+02 -7.150528e+01
     vertex -1.536273e+02  3.805000e+02 -7.127247e+01
   endloop
 endfacet
 facet normal  1.503543e-14 -1.000000e+00  6.808198e-15
   outer loop
     vertex -1.561416e+02  3.805000e+02 -7.355702e+01
     vertex -1.525000e+02  3.805000e+02 -7.325000e+01
     vertex -1.532900e+02  3.805000e+02 -7.150528e+01
   endloop
 endfacet
 facet normal -1.596823e-15 -1.000000e+00  1.788831e-14
   outer loop
     vertex -1.561416e+02  3.805000e+02 -7.355702e+01
     vertex -1.541876e+02  3.805000e+02 -7.020491e+01
     vertex -1.602211e+02  3.805000e+02 -6.756582e+01
   endloop
 endfacet
 facet normal  1.274375e-12 -1.000000e+00 -1.699621e-12
   outer loop
     vertex -1.642677e+02  3.805000e+02 -6.915501e+01
     vertex -1.639000e+02  3.805000e+02 -6.887932e+01
     vertex -1.640999e+02  3.805000e+02 -6.899576e+01
   endloop
 endfacet
 facet normal -4.325071e-13 -1.000000e+00  5.768304e-13
   outer loop
     vertex -1.643944e+02  3.805000e+02 -6.934856e+01
     vertex -1.639000e+02  3.805000e+02 -6.887932e+01
     vertex -1.642677e+02  3.805000e+02 -6.915501e+01
   endloop
 endfacet
 facet normal  1.836290e-14 -1.000000e+00 -2.734247e-15
   outer loop
     vertex -1.262702e+02  3.805000e+02 -1.075000e+02
     vertex -1.307858e+02  3.805000e+02 -9.624693e+01
     vertex -1.313645e+02  3.805000e+02 -1.001334e+02
   endloop
 endfacet
 facet normal -4.290089e-28 -1.000000e+00 -1.010274e-14
   outer loop
     vertex -1.262702e+02  3.805000e+02 -1.075000e+02
     vertex -1.169000e+02  3.805000e+02 -1.075000e+02
     vertex -1.307858e+02  3.805000e+02 -9.624693e+01
   endloop
 endfacet
 facet normal -1.782588e-14 -1.000000e+00  6.837708e-15
   outer loop
     vertex -1.596804e+02  3.805000e+02 -7.446943e+01
     vertex -1.561416e+02  3.805000e+02 -7.355702e+01
     vertex -1.602211e+02  3.805000e+02 -6.756582e+01
   endloop
 endfacet
 facet normal  1.217108e-14 -1.000000e+00  9.187124e-15
   outer loop
     vertex -1.596804e+02  3.805000e+02 -7.446943e+01
     vertex -1.602211e+02  3.805000e+02 -6.756582e+01
     vertex -1.639000e+02  3.805000e+02 -6.887932e+01
   endloop
 endfacet
 facet normal -1.062161e-12 -1.000000e+00  1.236887e-13
   outer loop
     vertex -1.645000e+02  3.805000e+02 -6.979583e+01
     vertex -1.643944e+02  3.805000e+02 -6.934856e+01
     vertex -1.644732e+02  3.805000e+02 -6.956605e+01
   endloop
 endfacet
 facet normal  3.036409e-13 -1.000000e+00 -1.987796e-13
   outer loop
     vertex -1.645000e+02  3.805000e+02 -6.979583e+01
     vertex -1.639000e+02  3.805000e+02 -6.887932e+01
     vertex -1.643944e+02  3.805000e+02 -6.934856e+01
   endloop
 endfacet
 facet normal  0.000000e+00 -1.000000e+00  0.000000e+00
   outer loop
     vertex -1.645000e+02  3.805000e+02 -6.979583e+01
     vertex -1.596804e+02  3.805000e+02 -7.446943e+01
     vertex -1.639000e+02  3.805000e+02 -6.887932e+01
   endloop
 endfacet
 facet normal  4.773463e-12 -1.000000e+00  3.959450e-11
   outer loop
     vertex -1.347663e+02  3.805000e+02 -9.976937e+01
     vertex -1.346369e+02  3.805000e+02 -9.978640e+01
     vertex -1.346795e+02  3.805000e+02 -9.977696e+01
   endloop
 endfacet
 facet normal  3.903303e-12 -1.000000e+00  2.964853e-11
   outer loop
     vertex -1.347663e+02  3.805000e+02 -9.976937e+01
     vertex -1.346795e+02  3.805000e+02 -9.977696e+01
     vertex -1.347227e+02  3.805000e+02 -9.977127e+01
   endloop
 endfacet
 facet normal -1.971813e-13 -1.000000e+00  1.838711e-12
   outer loop
     vertex -1.348723e+02  3.805000e+02 -9.978074e+01
     vertex -1.346369e+02  3.805000e+02 -9.978640e+01
     vertex -1.347663e+02  3.805000e+02 -9.976937e+01
   endloop
 endfacet
 facet normal -2.631023e-13 -1.000000e+00 -8.995803e-13
   outer loop
     vertex -1.349735e+02  3.805000e+02 -9.981433e+01
     vertex -1.346369e+02  3.805000e+02 -9.978640e+01
     vertex -1.348723e+02  3.805000e+02 -9.978074e+01
   endloop
 endfacet
 facet normal -3.928093e-13 -1.000000e+00  6.640800e-13
   outer loop
     vertex -1.350653e+02  3.805000e+02 -9.986861e+01
     vertex -1.346369e+02  3.805000e+02 -9.978640e+01
     vertex -1.349735e+02  3.805000e+02 -9.981433e+01
   endloop
 endfacet
 facet normal -3.346008e-13 -1.000000e+00  3.607472e-13
   outer loop
     vertex -1.351435e+02  3.805000e+02 -9.994112e+01
     vertex -1.346369e+02  3.805000e+02 -9.978640e+01
     vertex -1.350653e+02  3.805000e+02 -9.986861e+01
   endloop
 endfacet
 facet normal -3.287574e-14 -1.000000e+00 -6.271523e-13
   outer loop
     vertex -1.352045e+02  3.805000e+02 -1.000286e+02
     vertex -1.346369e+02  3.805000e+02 -9.978640e+01
     vertex -1.351435e+02  3.805000e+02 -9.994112e+01
   endloop
 endfacet
 facet normal  0.000000e+00 -1.000000e+00  0.000000e+00
   outer loop
     vertex -1.352456e+02  3.805000e+02 -1.001270e+02
     vertex -1.319798e+02  3.805000e+02 -1.004984e+02
     vertex -1.346369e+02  3.805000e+02 -9.978640e+01
   endloop
 endfacet
 facet normal -1.265374e-12 -1.000000e+00  2.261743e-12
   outer loop
     vertex -1.352456e+02  3.805000e+02 -1.001270e+02
     vertex -1.346369e+02  3.805000e+02 -9.978640e+01
     vertex -1.352045e+02  3.805000e+02 -1.000286e+02
   endloop
 endfacet
 facet normal -8.366646e-13 -1.000000e+00 -2.254891e-13
   outer loop
     vertex -1.297221e+02  3.805000e+02 -1.062275e+02
     vertex -1.313645e+02  3.805000e+02 -1.001334e+02
     vertex -1.314037e+02  3.805000e+02 -1.002401e+02
   endloop
 endfacet
 facet normal  3.656856e-14 -1.000000e+00  9.855577e-15
   outer loop
     vertex -1.297221e+02  3.805000e+02 -1.062275e+02
     vertex -1.262702e+02  3.805000e+02 -1.075000e+02
     vertex -1.313645e+02  3.805000e+02 -1.001334e+02
   endloop
 endfacet
 facet normal  7.568517e-15 -1.000000e+00 -6.881252e-14
   outer loop
     vertex -1.297221e+02  3.805000e+02 -1.062275e+02
     vertex -1.264876e+02  3.805000e+02 -1.075239e+02
     vertex -1.262702e+02  3.805000e+02 -1.075000e+02
   endloop
 endfacet
 facet normal -1.165278e-13 -1.000000e+00 -4.637396e-13
   outer loop
     vertex -1.294503e+02  3.805000e+02 -1.065343e+02
     vertex -1.266945e+02  3.805000e+02 -1.075945e+02
     vertex -1.264876e+02  3.805000e+02 -1.075239e+02
   endloop
 endfacet
 facet normal  5.450050e-14 -1.000000e+00  4.828323e-14
   outer loop
     vertex -1.294503e+02  3.805000e+02 -1.065343e+02
     vertex -1.264876e+02  3.805000e+02 -1.075239e+02
     vertex -1.297221e+02  3.805000e+02 -1.062275e+02
   endloop
 endfacet
 facet normal  6.506953e-13 -1.000000e+00  1.717639e-13
   outer loop
     vertex -1.300593e+02  3.805000e+02 -1.059947e+02
     vertex -1.314037e+02  3.805000e+02 -1.002401e+02
     vertex -1.314659e+02  3.805000e+02 -1.003351e+02
   endloop
 endfacet
 facet normal  2.171938e-13 -1.000000e+00  7.049412e-14
   outer loop
     vertex -1.300593e+02  3.805000e+02 -1.059947e+02
     vertex -1.297221e+02  3.805000e+02 -1.062275e+02
     vertex -1.314037e+02  3.805000e+02 -1.002401e+02
   endloop
 endfacet
 facet normal  4.598452e-14 -1.000000e+00 -7.538516e-14
   outer loop
     vertex -1.292598e+02  3.805000e+02 -1.068972e+02
     vertex -1.268812e+02  3.805000e+02 -1.077083e+02
     vertex -1.266945e+02  3.805000e+02 -1.075945e+02
   endloop
 endfacet
 facet normal  7.753784e-14 -1.000000e+00  4.069500e-14
   outer loop
     vertex -1.292598e+02  3.805000e+02 -1.068972e+02
     vertex -1.266945e+02  3.805000e+02 -1.075945e+02
     vertex -1.294503e+02  3.805000e+02 -1.065343e+02
   endloop
 endfacet
 facet normal -5.878433e-13 -1.000000e+00 -1.090997e-13
   outer loop
     vertex -1.304425e+02  3.805000e+02 -1.058494e+02
     vertex -1.314659e+02  3.805000e+02 -1.003351e+02
     vertex -1.315481e+02  3.805000e+02 -1.004137e+02
   endloop
 endfacet
 facet normal -5.535045e-15 -1.000000e+00  9.331674e-15
   outer loop
     vertex -1.304425e+02  3.805000e+02 -1.058494e+02
     vertex -1.315481e+02  3.805000e+02 -1.004137e+02
     vertex -1.316458e+02  3.805000e+02 -1.004717e+02
   endloop
 endfacet
 facet normal -1.595733e-13 -1.000000e+00 -2.961571e-14
   outer loop
     vertex -1.304425e+02  3.805000e+02 -1.058494e+02
     vertex -1.300593e+02  3.805000e+02 -1.059947e+02
     vertex -1.314659e+02  3.805000e+02 -1.003351e+02
   endloop
 endfacet
 facet normal  1.314593e-13 -1.000000e+00  1.752546e-13
   outer loop
     vertex -1.291618e+02  3.805000e+02 -1.072951e+02
     vertex -1.268812e+02  3.805000e+02 -1.077083e+02
     vertex -1.292598e+02  3.805000e+02 -1.068972e+02
   endloop
 endfacet
 facet normal  4.552595e-14 -1.000000e+00 -3.014518e-14
   outer loop
     vertex -1.291618e+02  3.805000e+02 -1.072951e+02
     vertex -1.271594e+02  3.805000e+02 -1.080424e+02
     vertex -1.270387e+02  3.805000e+02 -1.078601e+02
   endloop
 endfacet
 facet normal  1.982119e-13 -1.000000e+00  5.436266e-13
   outer loop
     vertex -1.291618e+02  3.805000e+02 -1.072951e+02
     vertex -1.270387e+02  3.805000e+02 -1.078601e+02
     vertex -1.268812e+02  3.805000e+02 -1.077083e+02
   endloop
 endfacet
 facet normal -5.043084e-13 -1.000000e+00 -6.471085e-14
   outer loop
     vertex -1.308494e+02  3.805000e+02 -1.058000e+02
     vertex -1.316458e+02  3.805000e+02 -1.004717e+02
     vertex -1.317541e+02  3.805000e+02 -1.005061e+02
   endloop
 endfacet
 facet normal  1.319289e-15 -1.000000e+00  1.086532e-14
   outer loop
     vertex -1.308494e+02  3.805000e+02 -1.058000e+02
     vertex -1.304425e+02  3.805000e+02 -1.058494e+02
     vertex -1.316458e+02  3.805000e+02 -1.004717e+02
   endloop
 endfacet
 facet normal  5.012582e-15 -1.000000e+00 -1.387018e-13
   outer loop
     vertex -1.291618e+02  3.805000e+02 -1.077049e+02
     vertex -1.271594e+02  3.805000e+02 -1.080424e+02
     vertex -1.291618e+02  3.805000e+02 -1.072951e+02
   endloop
 endfacet
 facet normal -2.554520e-15 -1.000000e+00  2.103836e-14
   outer loop
     vertex -1.312562e+02  3.805000e+02 -1.058494e+02
     vertex -1.308494e+02  3.805000e+02 -1.058000e+02
     vertex -1.317541e+02  3.805000e+02 -1.005061e+02
   endloop
 endfacet
 facet normal  4.964251e-13 -1.000000e+00  6.753323e-14
   outer loop
     vertex -1.312562e+02  3.805000e+02 -1.058494e+02
     vertex -1.317541e+02  3.805000e+02 -1.005061e+02
     vertex -1.318674e+02  3.805000e+02 -1.005151e+02
   endloop
 endfacet
 facet normal  1.030690e-12 -1.000000e+00  1.287456e-13
   outer loop
     vertex -1.312562e+02  3.805000e+02 -1.058494e+02
     vertex -1.318674e+02  3.805000e+02 -1.005151e+02
     vertex -1.319798e+02  3.805000e+02 -1.004984e+02
   endloop
 endfacet
 facet normal  2.725589e-14 -1.000000e+00 -6.717973e-15
   outer loop
     vertex -1.292598e+02  3.805000e+02 -1.081028e+02
     vertex -1.271594e+02  3.805000e+02 -1.080424e+02
     vertex -1.291618e+02  3.805000e+02 -1.077049e+02
   endloop
 endfacet
 facet normal  1.449377e-13 -1.000000e+00  8.975360e-15
   outer loop
     vertex -1.316394e+02  3.805000e+02 -1.059947e+02
     vertex -1.312562e+02  3.805000e+02 -1.058494e+02
     vertex -1.319798e+02  3.805000e+02 -1.004984e+02
   endloop
 endfacet
 facet normal  2.747761e-14 -1.000000e+00 -1.442136e-14
   outer loop
     vertex -1.294503e+02  3.805000e+02 -1.084657e+02
     vertex -1.271594e+02  3.805000e+02 -1.080424e+02
     vertex -1.292598e+02  3.805000e+02 -1.081028e+02
   endloop
 endfacet
 facet normal -8.646836e-14 -1.000000e+00 -1.188944e-13
   outer loop
     vertex -1.362146e+02  3.805000e+02 -1.026673e+02
     vertex -1.319767e+02  3.805000e+02 -1.062275e+02
     vertex -1.316394e+02  3.805000e+02 -1.059947e+02
   endloop
 endfacet
 facet normal  7.689775e-15 -1.000000e+00 -6.812547e-15
   outer loop
     vertex -1.362146e+02  3.805000e+02 -1.026673e+02
     vertex -1.322484e+02  3.805000e+02 -1.065343e+02
     vertex -1.319767e+02  3.805000e+02 -1.062275e+02
   endloop
 endfacet
 facet normal  0.000000e+00 -1.000000e+00  0.000000e+00
   outer loop
     vertex -1.362146e+02  3.805000e+02 -1.026673e+02
     vertex -1.316394e+02  3.805000e+02 -1.059947e+02
     vertex -1.319798e+02  3.805000e+02 -1.004984e+02
   endloop
 endfacet
 facet normal  0.000000e+00 -1.000000e+00  0.000000e+00
   outer loop
     vertex -1.362146e+02  3.805000e+02 -1.026673e+02
     vertex -1.319798e+02  3.805000e+02 -1.004984e+02
     vertex -1.352456e+02  3.805000e+02 -1.001270e+02
   endloop
 endfacet
 facet normal  0.000000e+00 -1.000000e+00  0.000000e+00
   outer loop
     vertex -1.634566e+02  3.805000e+02 -7.608518e+01
     vertex -1.632294e+02  3.805000e+02 -7.604880e+01
     vertex -1.630165e+02  3.805000e+02 -7.596146e+01
   endloop
 endfacet
 facet normal  0.000000e+00 -1.000000e+00  0.000000e+00
   outer loop
     vertex -1.645000e+02  3.805000e+02 -7.508612e+01
     vertex -1.630165e+02  3.805000e+02 -7.596146e+01
     vertex -1.596804e+02  3.805000e+02 -7.446943e+01
   endloop
 endfacet
 facet normal  0.000000e+00 -1.000000e+00  0.000000e+00
   outer loop
     vertex -1.645000e+02  3.805000e+02 -7.508612e+01
     vertex -1.596804e+02  3.805000e+02 -7.446943e+01
     vertex -1.645000e+02  3.805000e+02 -6.979583e+01
   endloop
 endfacet
 facet normal  0.000000e+00 -1.000000e+00  0.000000e+00
   outer loop
     vertex -1.644735e+02  3.805000e+02 -7.531469e+01
     vertex -1.630165e+02  3.805000e+02 -7.596146e+01
     vertex -1.645000e+02  3.805000e+02 -7.508612e+01
   endloop
 endfacet
 facet normal  1.387626e-13 -1.000000e+00  3.126062e-13
   outer loop
     vertex -1.643955e+02  3.805000e+02 -7.553116e+01
     vertex -1.630165e+02  3.805000e+02 -7.596146e+01
     vertex -1.644735e+02  3.805000e+02 -7.531469e+01
   endloop
 endfacet
 facet normal  2.709387e-14 -1.000000e+00 -9.637332e-14
   outer loop
     vertex -1.642701e+02  3.805000e+02 -7.572406e+01
     vertex -1.634566e+02  3.805000e+02 -7.608518e+01
     vertex -1.630165e+02  3.805000e+02 -7.596146e+01
   endloop
 endfacet
 facet normal  7.474719e-13 -1.000000e+00  7.806788e-13
   outer loop
     vertex -1.642701e+02  3.805000e+02 -7.572406e+01
     vertex -1.641039e+02  3.805000e+02 -7.588319e+01
     vertex -1.639057e+02  3.805000e+02 -7.600012e+01
   endloop
 endfacet
 facet normal -5.492460e-13 -1.000000e+00 -9.308611e-13
   outer loop
     vertex -1.642701e+02  3.805000e+02 -7.572406e+01
     vertex -1.639057e+02  3.805000e+02 -7.600012e+01
     vertex -1.636861e+02  3.805000e+02 -7.606866e+01
   endloop
 endfacet
 facet normal  2.820906e-13 -1.000000e+00  4.780866e-13
   outer loop
     vertex -1.642701e+02  3.805000e+02 -7.572406e+01
     vertex -1.636861e+02  3.805000e+02 -7.606866e+01
     vertex -1.634566e+02  3.805000e+02 -7.608518e+01
   endloop
 endfacet
 facet normal  5.171122e-14 -1.000000e+00  3.362278e-14
   outer loop
     vertex -1.642701e+02  3.805000e+02 -7.572406e+01
     vertex -1.630165e+02  3.805000e+02 -7.596146e+01
     vertex -1.643955e+02  3.805000e+02 -7.553116e+01
   endloop
 endfacet
 facet normal  2.448394e-14 -1.000000e+00  1.779002e-15
   outer loop
     vertex -1.292328e+02  3.805000e+02 -1.114587e+02
     vertex -1.271594e+02  3.805000e+02 -1.080424e+02
     vertex -1.294503e+02  3.805000e+02 -1.084657e+02
   endloop
 endfacet
 facet normal -1.563646e-13 -1.000000e+00 -1.370766e-13
   outer loop
     vertex -1.292328e+02  3.805000e+02 -1.114587e+02
     vertex -1.308494e+02  3.805000e+02 -1.092000e+02
     vertex -1.312562e+02  3.805000e+02 -1.091506e+02
   endloop
 endfacet
 facet normal  1.313608e-13 -1.000000e+00  6.884829e-14
   outer loop
     vertex -1.292328e+02  3.805000e+02 -1.114587e+02
     vertex -1.304425e+02  3.805000e+02 -1.091506e+02
     vertex -1.308494e+02  3.805000e+02 -1.092000e+02
   endloop
 endfacet
 facet normal  0.000000e+00 -1.000000e+00  0.000000e+00
   outer loop
     vertex -1.292328e+02  3.805000e+02 -1.114587e+02
     vertex -1.300593e+02  3.805000e+02 -1.090053e+02
     vertex -1.304425e+02  3.805000e+02 -1.091506e+02
   endloop
 endfacet
 facet normal  0.000000e+00 -1.000000e+00  0.000000e+00
   outer loop
     vertex -1.292328e+02  3.805000e+02 -1.114587e+02
     vertex -1.297221e+02  3.805000e+02 -1.087725e+02
     vertex -1.300593e+02  3.805000e+02 -1.090053e+02
   endloop
 endfacet
 facet normal  0.000000e+00 -1.000000e+00  0.000000e+00
   outer loop
     vertex -1.292328e+02  3.805000e+02 -1.114587e+02
     vertex -1.294503e+02  3.805000e+02 -1.084657e+02
     vertex -1.297221e+02  3.805000e+02 -1.087725e+02
   endloop
 endfacet
 facet normal  4.791902e-14 -1.000000e+00  1.314946e-13
   outer loop
     vertex -1.375553e+02  3.805000e+02 -1.050327e+02
     vertex -1.324389e+02  3.805000e+02 -1.068972e+02
     vertex -1.322484e+02  3.805000e+02 -1.065343e+02
   endloop
 endfacet
 facet normal  0.000000e+00 -1.000000e+00  0.000000e+00
   outer loop
     vertex -1.375553e+02  3.805000e+02 -1.050327e+02
     vertex -1.325370e+02  3.805000e+02 -1.072951e+02
     vertex -1.324389e+02  3.805000e+02 -1.068972e+02
   endloop
 endfacet
 facet normal  0.000000e+00 -1.000000e+00  0.000000e+00
   outer loop
     vertex -1.375553e+02  3.805000e+02 -1.050327e+02
     vertex -1.325370e+02  3.805000e+02 -1.077049e+02
     vertex -1.325370e+02  3.805000e+02 -1.072951e+02
   endloop
 endfacet
 facet normal  9.231018e-15 -1.000000e+00 -5.231767e-15
   outer loop
     vertex -1.375553e+02  3.805000e+02 -1.050327e+02
     vertex -1.322484e+02  3.805000e+02 -1.065343e+02
     vertex -1.362146e+02  3.805000e+02 -1.026673e+02
   endloop
 endfacet
 facet normal  1.158476e-14 -1.000000e+00  1.026320e-14
   outer loop
     vertex -1.317637e+02  3.805000e+02 -1.145514e+02
     vertex -1.319767e+02  3.805000e+02 -1.087725e+02
     vertex -1.322484e+02  3.805000e+02 -1.084657e+02
   endloop
 endfacet
 facet normal  6.966719e-15 -1.000000e+00  1.009303e-14
   outer loop
     vertex -1.317637e+02  3.805000e+02 -1.145514e+02
     vertex -1.316394e+02  3.805000e+02 -1.090053e+02
     vertex -1.319767e+02  3.805000e+02 -1.087725e+02
   endloop
 endfacet
 facet normal  3.854246e-15 -1.000000e+00  1.016281e-14
   outer loop
     vertex -1.317637e+02  3.805000e+02 -1.145514e+02
     vertex -1.312562e+02  3.805000e+02 -1.091506e+02
     vertex -1.316394e+02  3.805000e+02 -1.090053e+02
   endloop
 endfacet
 facet normal  1.084359e-14 -1.000000e+00  9.506002e-15
   outer loop
     vertex -1.317637e+02  3.805000e+02 -1.145514e+02
     vertex -1.292328e+02  3.805000e+02 -1.114587e+02
     vertex -1.312562e+02  3.805000e+02 -1.091506e+02
   endloop
 endfacet
 facet normal -9.983426e-15 -1.000000e+00 -1.874822e-14
   outer loop
     vertex -1.392368e+02  3.805000e+02 -1.071692e+02
     vertex -1.325370e+02  3.805000e+02 -1.077049e+02
     vertex -1.375553e+02  3.805000e+02 -1.050327e+02
   endloop
 endfacet
 facet normal -8.654834e-15 -1.000000e+00 -2.133225e-15
   outer loop
     vertex -1.392368e+02  3.805000e+02 -1.071692e+02
     vertex -1.324389e+02  3.805000e+02 -1.081028e+02
     vertex -1.325370e+02  3.805000e+02 -1.077049e+02
   endloop
 endfacet
 facet normal -1.752194e-12 -1.000000e+00  6.820405e-13
   outer loop
     vertex -1.394695e+02  3.805000e+02 -1.076003e+02
     vertex -1.392368e+02  3.805000e+02 -1.071692e+02
     vertex -1.393800e+02  3.805000e+02 -1.073703e+02
   endloop
 endfacet
 facet normal -1.403344e-14 -1.000000e+00 -1.640098e-13
   outer loop
     vertex -1.395000e+02  3.805000e+02 -1.078452e+02
     vertex -1.322484e+02  3.805000e+02 -1.084657e+02
     vertex -1.324389e+02  3.805000e+02 -1.081028e+02
   endloop
 endfacet
 facet normal  8.047015e-16 -1.000000e+00  9.404601e-15
   outer loop
     vertex -1.395000e+02  3.805000e+02 -1.078452e+02
     vertex -1.317637e+02  3.805000e+02 -1.145514e+02
     vertex -1.322484e+02  3.805000e+02 -1.084657e+02
   endloop
 endfacet
 facet normal -7.937499e-15 -1.000000e+00  3.089667e-15
   outer loop
     vertex -1.395000e+02  3.805000e+02 -1.078452e+02
     vertex -1.324389e+02  3.805000e+02 -1.081028e+02
     vertex -1.392368e+02  3.805000e+02 -1.071692e+02
   endloop
 endfacet
 facet normal -1.752194e-12 -1.000000e+00  6.820405e-13
   outer loop
     vertex -1.395000e+02  3.805000e+02 -1.078452e+02
     vertex -1.392368e+02  3.805000e+02 -1.071692e+02
     vertex -1.394695e+02  3.805000e+02 -1.076003e+02
   endloop
 endfacet
 facet normal -1.316192e-14 -1.000000e+00 -6.707371e-15
   outer loop
     vertex -1.347024e+02  3.805000e+02 -1.172597e+02
     vertex -1.317637e+02  3.805000e+02 -1.145514e+02
     vertex -1.395000e+02  3.805000e+02 -1.078452e+02
   endloop
 endfacet
 facet normal -1.280856e-14 -1.000000e+00  4.358496e-14
   outer loop
     vertex -1.395000e+02  3.805000e+02 -1.186696e+02
     vertex -1.379909e+02  3.805000e+02 -1.195303e+02
     vertex -1.347024e+02  3.805000e+02 -1.172597e+02
   endloop
 endfacet
 facet normal  0.000000e+00 -1.000000e+00  0.000000e+00
   outer loop
     vertex -1.395000e+02  3.805000e+02 -1.186696e+02
     vertex -1.347024e+02  3.805000e+02 -1.172597e+02
     vertex -1.395000e+02  3.805000e+02 -1.078452e+02
   endloop
 endfacet
 facet normal  1.384642e-13 -1.000000e+00 -2.083270e-12
   outer loop
     vertex -1.386667e+02  3.805000e+02 -1.196556e+02
     vertex -1.384337e+02  3.805000e+02 -1.196674e+02
     vertex -1.382042e+02  3.805000e+02 -1.196249e+02
   endloop
 endfacet
 facet normal  4.700795e-14 -1.000000e+00 -7.072604e-13
   outer loop
     vertex -1.386667e+02  3.805000e+02 -1.196556e+02
     vertex -1.382042e+02  3.805000e+02 -1.196249e+02
     vertex -1.379909e+02  3.805000e+02 -1.195303e+02
   endloop
 endfacet
 facet normal -1.974179e-12 -1.000000e+00 -7.224686e-13
   outer loop
     vertex -1.393926e+02  3.805000e+02 -1.191205e+02
     vertex -1.395000e+02  3.805000e+02 -1.186696e+02
     vertex -1.394728e+02  3.805000e+02 -1.189014e+02
   endloop
 endfacet
 facet normal -1.094925e-13 -1.000000e+00 -1.259313e-13
   outer loop
     vertex -1.390934e+02  3.805000e+02 -1.194745e+02
     vertex -1.379909e+02  3.805000e+02 -1.195303e+02
     vertex -1.395000e+02  3.805000e+02 -1.186696e+02
   endloop
 endfacet
 facet normal -1.336489e-12 -1.000000e+00 -2.834961e-12
   outer loop
     vertex -1.390934e+02  3.805000e+02 -1.194745e+02
     vertex -1.388907e+02  3.805000e+02 -1.195901e+02
     vertex -1.386667e+02  3.805000e+02 -1.196556e+02
   endloop
 endfacet
 facet normal -9.904160e-14 -1.000000e+00  8.054183e-14
   outer loop
     vertex -1.390934e+02  3.805000e+02 -1.194745e+02
     vertex -1.386667e+02  3.805000e+02 -1.196556e+02
     vertex -1.379909e+02  3.805000e+02 -1.195303e+02
   endloop
 endfacet
 facet normal -1.284657e-12 -1.000000e+00 -5.581964e-13
   outer loop
     vertex -1.392638e+02  3.805000e+02 -1.193151e+02
     vertex -1.395000e+02  3.805000e+02 -1.186696e+02
     vertex -1.393926e+02  3.805000e+02 -1.191205e+02
   endloop
 endfacet
 facet normal -1.253213e-13 -1.000000e+00 -1.339273e-13
   outer loop
     vertex -1.392638e+02  3.805000e+02 -1.193151e+02
     vertex -1.390934e+02  3.805000e+02 -1.194745e+02
     vertex -1.395000e+02  3.805000e+02 -1.186696e+02
   endloop
 endfacet
 facet normal -2.173569e-14  1.000000e+00  1.564326e-15
   outer loop
     vertex -1.297221e+02  3.825000e+02 -8.122753e+01
     vertex -1.295018e+02  3.825000e+02 -7.816748e+01
     vertex -1.271594e+02  3.825000e+02 -8.195763e+01
   endloop
 endfacet
 facet normal  4.094558e-14  1.000000e+00  2.215783e-13
   outer loop
     vertex -1.294503e+02  3.825000e+02 -8.153429e+01
     vertex -1.297221e+02  3.825000e+02 -8.122753e+01
     vertex -1.271594e+02  3.825000e+02 -8.195763e+01
   endloop
 endfacet
 facet normal  1.605591e-13  1.000000e+00 -1.155550e-14
   outer loop
     vertex -1.300593e+02  3.825000e+02 -8.099472e+01
     vertex -1.295018e+02  3.825000e+02 -7.816748e+01
     vertex -1.297221e+02  3.825000e+02 -8.122753e+01
   endloop
 endfacet
 facet normal -3.205533e-14  1.000000e+00 -1.734684e-13
   outer loop
     vertex -1.292598e+02  3.825000e+02 -8.189717e+01
     vertex -1.294503e+02  3.825000e+02 -8.153429e+01
     vertex -1.271594e+02  3.825000e+02 -8.195763e+01
   endloop
 endfacet
 facet normal  7.094472e-15  1.000000e+00  1.870658e-14
   outer loop
     vertex -1.304425e+02  3.825000e+02 -8.084940e+01
     vertex -1.295018e+02  3.825000e+02 -7.816748e+01
     vertex -1.300593e+02  3.825000e+02 -8.099472e+01
   endloop
 endfacet
 facet normal -2.725589e-14  1.000000e+00 -6.717973e-15
   outer loop
     vertex -1.291618e+02  3.825000e+02 -8.229509e+01
     vertex -1.292598e+02  3.825000e+02 -8.189717e+01
     vertex -1.271594e+02  3.825000e+02 -8.195763e+01
   endloop
 endfacet
 facet normal -1.315445e-13  1.000000e+00  6.733529e-14
   outer loop
     vertex -1.308494e+02  3.825000e+02 -8.080000e+01
     vertex -1.295018e+02  3.825000e+02 -7.816748e+01
     vertex -1.304425e+02  3.825000e+02 -8.084940e+01
   endloop
 endfacet
 facet normal  7.054103e-14  1.000000e+00 -2.650830e-13
   outer loop
     vertex -1.291618e+02  3.825000e+02 -8.270491e+01
     vertex -1.271594e+02  3.825000e+02 -8.195763e+01
     vertex -1.270387e+02  3.825000e+02 -8.213994e+01
   endloop
 endfacet
 facet normal  0.000000e+00  1.000000e+00  0.000000e+00
   outer loop
     vertex -1.291618e+02  3.825000e+02 -8.270491e+01
     vertex -1.270387e+02  3.825000e+02 -8.213994e+01
     vertex -1.268812e+02  3.825000e+02 -8.229166e+01
   endloop
 endfacet
 facet normal -2.838807e-14  1.000000e+00  0.000000e+00
   outer loop
     vertex -1.291618e+02  3.825000e+02 -8.270491e+01
     vertex -1.291618e+02  3.825000e+02 -8.229509e+01
     vertex -1.271594e+02  3.825000e+02 -8.195763e+01
   endloop
 endfacet
 facet normal  0.000000e+00  1.000000e+00  0.000000e+00
   outer loop
     vertex -1.312562e+02  3.825000e+02 -8.084940e+01
     vertex -1.295018e+02  3.825000e+02 -7.816748e+01
     vertex -1.308494e+02  3.825000e+02 -8.080000e+01
   endloop
 endfacet
 facet normal  0.000000e+00  1.000000e+00  0.000000e+00
   outer loop
     vertex -1.292598e+02  3.825000e+02 -8.310283e+01
     vertex -1.291618e+02  3.825000e+02 -8.270491e+01
     vertex -1.268812e+02  3.825000e+02 -8.229166e+01
   endloop
 endfacet
 facet normal  0.000000e+00  1.000000e+00  0.000000e+00
   outer loop
     vertex -1.292598e+02  3.825000e+02 -8.310283e+01
     vertex -1.268812e+02  3.825000e+02 -8.229166e+01
     vertex -1.266945e+02  3.825000e+02 -8.240552e+01
   endloop
 endfacet
 facet normal  1.244380e-14  1.000000e+00  1.069729e-14
   outer loop
     vertex -1.316394e+02  3.825000e+02 -8.099472e+01
     vertex -1.324064e+02  3.825000e+02 -7.478873e+01
     vertex -1.295018e+02  3.825000e+02 -7.816748e+01
   endloop
 endfacet
 facet normal  1.972854e-13  1.000000e+00 -1.290541e-13
   outer loop
     vertex -1.316394e+02  3.825000e+02 -8.099472e+01
     vertex -1.295018e+02  3.825000e+02 -7.816748e+01
     vertex -1.312562e+02  3.825000e+02 -8.084940e+01
   endloop
 endfacet
 facet normal  9.692414e-15  1.000000e+00  2.842286e-14
   outer loop
     vertex -1.294503e+02  3.825000e+02 -8.346571e+01
     vertex -1.266945e+02  3.825000e+02 -8.240552e+01
     vertex -1.264876e+02  3.825000e+02 -8.247609e+01
   endloop
 endfacet
 facet normal -4.966507e-14  1.000000e+00  1.827107e-13
   outer loop
     vertex -1.294503e+02  3.825000e+02 -8.346571e+01
     vertex -1.292598e+02  3.825000e+02 -8.310283e+01
     vertex -1.266945e+02  3.825000e+02 -8.240552e+01
   endloop
 endfacet
 facet normal -1.611139e-13  1.000000e+00 -1.075165e-14
   outer loop
     vertex -1.319767e+02  3.825000e+02 -8.122753e+01
     vertex -1.324064e+02  3.825000e+02 -7.478873e+01
     vertex -1.316394e+02  3.825000e+02 -8.099472e+01
   endloop
 endfacet
 facet normal -4.066528e-13  1.000000e+00  1.058451e-12
   outer loop
     vertex -1.297221e+02  3.825000e+02 -8.377247e+01
     vertex -1.264876e+02  3.825000e+02 -8.247609e+01
     vertex -1.262702e+02  3.825000e+02 -8.250000e+01
   endloop
 endfacet
 facet normal  2.725025e-14  1.000000e+00 -2.414161e-14
   outer loop
     vertex -1.297221e+02  3.825000e+02 -8.377247e+01
     vertex -1.294503e+02  3.825000e+02 -8.346571e+01
     vertex -1.264876e+02  3.825000e+02 -8.247609e+01
   endloop
 endfacet
 facet normal -1.300556e-14  1.000000e+00  4.395925e-15
   outer loop
     vertex -1.380992e+02  3.825000e+02 -7.870033e+01
     vertex -1.358020e+02  3.825000e+02 -7.190397e+01
     vertex -1.324064e+02  3.825000e+02 -7.478873e+01
   endloop
 endfacet
 facet normal  0.000000e+00  1.000000e+00  0.000000e+00
   outer loop
     vertex -1.354015e+02  3.825000e+02 -8.155734e+01
     vertex -1.324064e+02  3.825000e+02 -7.478873e+01
     vertex -1.319767e+02  3.825000e+02 -8.122753e+01
   endloop
 endfacet
 facet normal -1.434748e-14  1.000000e+00  6.348926e-15
   outer loop
     vertex -1.354015e+02  3.825000e+02 -8.155734e+01
     vertex -1.380992e+02  3.825000e+02 -7.870033e+01
     vertex -1.324064e+02  3.825000e+02 -7.478873e+01
   endloop
 endfacet
 facet normal  0.000000e+00  1.000000e+00  0.000000e+00
   outer loop
     vertex -1.354015e+02  3.825000e+02 -8.155734e+01
     vertex -1.319767e+02  3.825000e+02 -8.122753e+01
     vertex -1.322484e+02  3.825000e+02 -8.153429e+01
   endloop
 endfacet
 facet normal -0.000000e+00  1.000000e+00  0.000000e+00
   outer loop
     vertex -1.354015e+02  3.825000e+02 -8.155734e+01
     vertex -1.322484e+02  3.825000e+02 -8.153429e+01
     vertex -1.324389e+02  3.825000e+02 -8.189717e+01
   endloop
 endfacet
 facet normal  0.000000e+00  1.000000e+00  0.000000e+00
   outer loop
     vertex -1.354015e+02  3.825000e+02 -8.155734e+01
     vertex -1.324389e+02  3.825000e+02 -8.189717e+01
     vertex -1.325370e+02  3.825000e+02 -8.229509e+01
   endloop
 endfacet
 facet normal  0.000000e+00  1.000000e+00  0.000000e+00
   outer loop
     vertex -1.354015e+02  3.825000e+02 -8.155734e+01
     vertex -1.325370e+02  3.825000e+02 -8.229509e+01
     vertex -1.325370e+02  3.825000e+02 -8.270491e+01
   endloop
 endfacet
 facet normal -0.000000e+00  1.000000e+00  0.000000e+00
   outer loop
     vertex -1.412669e+02  3.825000e+02 -7.637531e+01
     vertex -1.358020e+02  3.825000e+02 -7.190397e+01
     vertex -1.380992e+02  3.825000e+02 -7.870033e+01
   endloop
 endfacet
 facet normal  8.561293e-15  1.000000e+00 -1.046357e-14
   outer loop
     vertex -1.412669e+02  3.825000e+02 -7.637531e+01
     vertex -1.396058e+02  3.825000e+02 -6.958370e+01
     vertex -1.358020e+02  3.825000e+02 -7.190397e+01
   endloop
 endfacet
 facet normal  0.000000e+00  1.000000e+00 -0.000000e+00
   outer loop
     vertex -1.332619e+02  3.825000e+02 -8.485308e+01
     vertex -1.354015e+02  3.825000e+02 -8.155734e+01
     vertex -1.325370e+02  3.825000e+02 -8.270491e+01
   endloop
 endfacet
 facet normal  0.000000e+00  1.000000e+00  0.000000e+00
   outer loop
     vertex -1.332619e+02  3.825000e+02 -8.485308e+01
     vertex -1.325370e+02  3.825000e+02 -8.270491e+01
     vertex -1.324389e+02  3.825000e+02 -8.310283e+01
   endloop
 endfacet
 facet normal  0.000000e+00  1.000000e+00  0.000000e+00
   outer loop
     vertex -1.332619e+02  3.825000e+02 -8.485308e+01
     vertex -1.324389e+02  3.825000e+02 -8.310283e+01
     vertex -1.322484e+02  3.825000e+02 -8.346571e+01
   endloop
 endfacet
 facet normal  0.000000e+00  1.000000e+00  0.000000e+00
   outer loop
     vertex -1.332619e+02  3.825000e+02 -8.485308e+01
     vertex -1.322484e+02  3.825000e+02 -8.346571e+01
     vertex -1.319767e+02  3.825000e+02 -8.377247e+01
   endloop
 endfacet
 facet normal  0.000000e+00  1.000000e+00  0.000000e+00
   outer loop
     vertex -1.332619e+02  3.825000e+02 -8.485308e+01
     vertex -1.319767e+02  3.825000e+02 -8.377247e+01
     vertex -1.316394e+02  3.825000e+02 -8.400528e+01
   endloop
 endfacet
 facet normal  0.000000e+00  1.000000e+00  0.000000e+00
   outer loop
     vertex -1.332619e+02  3.825000e+02 -8.485308e+01
     vertex -1.316394e+02  3.825000e+02 -8.400528e+01
     vertex -1.312562e+02  3.825000e+02 -8.415060e+01
   endloop
 endfacet
 facet normal  1.074067e-14  1.000000e+00 -1.099661e-14
   outer loop
     vertex -1.448011e+02  3.825000e+02 -7.465817e+01
     vertex -1.396058e+02  3.825000e+02 -6.958370e+01
     vertex -1.412669e+02  3.825000e+02 -7.637531e+01
   endloop
 endfacet
 facet normal  0.000000e+00  1.000000e+00  0.000000e+00
   outer loop
     vertex -1.448011e+02  3.825000e+02 -7.465817e+01
     vertex -1.437247e+02  3.825000e+02 -6.788463e+01
     vertex -1.396058e+02  3.825000e+02 -6.958370e+01
   endloop
 endfacet
 facet normal -1.141546e-14  1.000000e+00 -1.011322e-14
   outer loop
     vertex -1.511009e+02  3.825000e+02 -6.903429e+01
     vertex -1.513727e+02  3.825000e+02 -6.872753e+01
     vertex -1.480580e+02  3.825000e+02 -6.684828e+01
   endloop
 endfacet
 facet normal -9.415524e-15  1.000000e+00 -1.364074e-14
   outer loop
     vertex -1.517100e+02  3.825000e+02 -6.849472e+01
     vertex -1.480580e+02  3.825000e+02 -6.684828e+01
     vertex -1.513727e+02  3.825000e+02 -6.872753e+01
   endloop
 endfacet
 facet normal -1.320708e-14  1.000000e+00 -5.230789e-15
   outer loop
     vertex -1.517100e+02  3.825000e+02 -6.849472e+01
     vertex -1.525000e+02  3.825000e+02 -6.650000e+01
     vertex -1.480580e+02  3.825000e+02 -6.684828e+01
   endloop
 endfacet
 facet normal -1.378110e-13  1.000000e+00  1.572622e-14
   outer loop
     vertex -1.317502e+02  3.825000e+02 -8.848001e+01
     vertex -1.312562e+02  3.825000e+02 -8.415060e+01
     vertex -1.308494e+02  3.825000e+02 -8.420000e+01
   endloop
 endfacet
 facet normal  1.450400e-13  1.000000e+00 -4.381015e-14
   outer loop
     vertex -1.317502e+02  3.825000e+02 -8.848001e+01
     vertex -1.308494e+02  3.825000e+02 -8.420000e+01
     vertex -1.304425e+02  3.825000e+02 -8.415060e+01
   endloop
 endfacet
 facet normal -1.428525e-14  1.000000e+00 -5.920331e-15
   outer loop
     vertex -1.317502e+02  3.825000e+02 -8.848001e+01
     vertex -1.297221e+02  3.825000e+02 -8.377247e+01
     vertex -1.262702e+02  3.825000e+02 -8.250000e+01
   endloop
 endfacet
 facet normal  0.000000e+00  1.000000e+00  0.000000e+00
   outer loop
     vertex -1.317502e+02  3.825000e+02 -8.848001e+01
     vertex -1.304425e+02  3.825000e+02 -8.415060e+01
     vertex -1.300593e+02  3.825000e+02 -8.400528e+01
   endloop
 endfacet
 facet normal -2.280067e-13  1.000000e+00  8.615931e-14
   outer loop
     vertex -1.317502e+02  3.825000e+02 -8.848001e+01
     vertex -1.300593e+02  3.825000e+02 -8.400528e+01
     vertex -1.297221e+02  3.825000e+02 -8.377247e+01
   endloop
 endfacet
 facet normal  0.000000e+00  1.000000e+00 -0.000000e+00
   outer loop
     vertex -1.317502e+02  3.825000e+02 -8.848001e+01
     vertex -1.332619e+02  3.825000e+02 -8.485308e+01
     vertex -1.312562e+02  3.825000e+02 -8.415060e+01
   endloop
 endfacet
 facet normal -1.356586e-14  1.000000e+00 -7.119911e-15
   outer loop
     vertex -1.509105e+02  3.825000e+02 -6.939717e+01
     vertex -1.511009e+02  3.825000e+02 -6.903429e+01
     vertex -1.480580e+02  3.825000e+02 -6.684828e+01
   endloop
 endfacet
 facet normal -0.000000e+00  1.000000e+00 -0.000000e+00
   outer loop
     vertex -1.520932e+02  3.825000e+02 -6.834940e+01
     vertex -1.525000e+02  3.825000e+02 -6.650000e+01
     vertex -1.517100e+02  3.825000e+02 -6.849472e+01
   endloop
 endfacet
 facet normal -1.633118e-14  1.000000e+00 -4.025274e-15
   outer loop
     vertex -1.508124e+02  3.825000e+02 -6.979509e+01
     vertex -1.509105e+02  3.825000e+02 -6.939717e+01
     vertex -1.480580e+02  3.825000e+02 -6.684828e+01
   endloop
 endfacet
 facet normal  1.435550e-13  1.000000e+00  3.157968e-14
   outer loop
     vertex -1.525000e+02  3.825000e+02 -6.830000e+01
     vertex -1.525000e+02  3.825000e+02 -6.650000e+01
     vertex -1.520932e+02  3.825000e+02 -6.834940e+01
   endloop
 endfacet
 facet normal -1.690311e-13  1.000000e+00  1.387018e-13
   outer loop
     vertex -1.508124e+02  3.825000e+02 -7.020491e+01
     vertex -1.508124e+02  3.825000e+02 -6.979509e+01
     vertex -1.480580e+02  3.825000e+02 -6.684828e+01
   endloop
 endfacet
 facet normal -1.435550e-13  1.000000e+00  3.157968e-14
   outer loop
     vertex -1.529068e+02  3.825000e+02 -6.834940e+01
     vertex -1.525000e+02  3.825000e+02 -6.650000e+01
     vertex -1.525000e+02  3.825000e+02 -6.830000e+01
   endloop
 endfacet
 facet normal  0.000000e+00  1.000000e+00  0.000000e+00
   outer loop
     vertex -1.532900e+02  3.825000e+02 -6.849472e+01
     vertex -1.525000e+02  3.825000e+02 -6.650000e+01
     vertex -1.529068e+02  3.825000e+02 -6.834940e+01
   endloop
 endfacet
 facet normal -2.915504e-14  1.000000e+00  1.530175e-14
   outer loop
     vertex -1.485867e+02  3.825000e+02 -7.360494e+01
     vertex -1.511009e+02  3.825000e+02 -7.096571e+01
     vertex -1.509105e+02  3.825000e+02 -7.060283e+01
   endloop
 endfacet
 facet normal -1.770879e-13  1.000000e+00 -9.920457e-14
   outer loop
     vertex -1.485867e+02  3.825000e+02 -7.360494e+01
     vertex -1.509105e+02  3.825000e+02 -7.060283e+01
     vertex -1.508124e+02  3.825000e+02 -7.020491e+01
   endloop
 endfacet
 facet normal -0.000000e+00  1.000000e+00  0.000000e+00
   outer loop
     vertex -1.485867e+02  3.825000e+02 -7.360494e+01
     vertex -1.437247e+02  3.825000e+02 -6.788463e+01
     vertex -1.448011e+02  3.825000e+02 -7.465817e+01
   endloop
 endfacet
 facet normal -1.090158e-14  1.000000e+00  9.265932e-15
   outer loop
     vertex -1.485867e+02  3.825000e+02 -7.360494e+01
     vertex -1.480580e+02  3.825000e+02 -6.684828e+01
     vertex -1.437247e+02  3.825000e+02 -6.788463e+01
   endloop
 endfacet
 facet normal -1.133323e-14  1.000000e+00  9.299706e-15
   outer loop
     vertex -1.485867e+02  3.825000e+02 -7.360494e+01
     vertex -1.508124e+02  3.825000e+02 -7.020491e+01
     vertex -1.480580e+02  3.825000e+02 -6.684828e+01
   endloop
 endfacet
 facet normal -2.342915e-14  1.000000e+00  2.075642e-14
   outer loop
     vertex -1.513727e+02  3.825000e+02 -7.127247e+01
     vertex -1.511009e+02  3.825000e+02 -7.096571e+01
     vertex -1.485867e+02  3.825000e+02 -7.360494e+01
   endloop
 endfacet
 facet normal -2.026813e-14  1.000000e+00  2.936345e-14
   outer loop
     vertex -1.563972e+02  3.825000e+02 -6.676771e+01
     vertex -1.532900e+02  3.825000e+02 -6.849472e+01
     vertex -1.536273e+02  3.825000e+02 -6.872753e+01
   endloop
 endfacet
 facet normal -2.522953e-14  1.000000e+00  2.235141e-14
   outer loop
     vertex -1.563972e+02  3.825000e+02 -6.676771e+01
     vertex -1.536273e+02  3.825000e+02 -6.872753e+01
     vertex -1.538991e+02  3.825000e+02 -6.903429e+01
   endloop
 endfacet
 facet normal -2.998757e-14  1.000000e+00  1.187686e-14
   outer loop
     vertex -1.563972e+02  3.825000e+02 -6.676771e+01
     vertex -1.525000e+02  3.825000e+02 -6.650000e+01
     vertex -1.532900e+02  3.825000e+02 -6.849472e+01
   endloop
 endfacet
 facet normal -1.844025e-14  1.000000e+00  2.671532e-14
   outer loop
     vertex -1.517100e+02  3.825000e+02 -7.150528e+01
     vertex -1.513727e+02  3.825000e+02 -7.127247e+01
     vertex -1.485867e+02  3.825000e+02 -7.360494e+01
   endloop
 endfacet
 facet normal -2.982694e-14  1.000000e+00  8.321882e-15
   outer loop
     vertex -1.309158e+02  3.825000e+02 -9.231973e+01
     vertex -1.317502e+02  3.825000e+02 -8.848001e+01
     vertex -1.262702e+02  3.825000e+02 -8.250000e+01
   endloop
 endfacet
 facet normal  6.066374e-15  1.000000e+00 -8.658587e-15
   outer loop
     vertex -1.309158e+02  3.825000e+02 -9.231973e+01
     vertex -1.262702e+02  3.825000e+02 -8.250000e+01
     vertex -1.169000e+02  3.825000e+02 -8.250000e+01
   endloop
 endfacet
 facet normal -3.082881e-14  1.000000e+00  1.618021e-14
   outer loop
     vertex -1.540895e+02  3.825000e+02 -6.939717e+01
     vertex -1.563972e+02  3.825000e+02 -6.676771e+01
     vertex -1.538991e+02  3.825000e+02 -6.903429e+01
   endloop
 endfacet
 facet normal -3.846310e-14  1.000000e+00  9.480303e-15
   outer loop
     vertex -1.541876e+02  3.825000e+02 -6.979509e+01
     vertex -1.563972e+02  3.825000e+02 -6.676771e+01
     vertex -1.540895e+02  3.825000e+02 -6.939717e+01
   endloop
 endfacet
 facet normal  1.385869e-13  1.000000e+00  1.387018e-13
   outer loop
     vertex -1.541876e+02  3.825000e+02 -7.020491e+01
     vertex -1.563972e+02  3.825000e+02 -6.676771e+01
     vertex -1.541876e+02  3.825000e+02 -6.979509e+01
   endloop
 endfacet
 facet normal  0.000000e+00  1.000000e+00  0.000000e+00
   outer loop
     vertex -1.525000e+02  3.825000e+02 -7.325000e+01
     vertex -1.532900e+02  3.825000e+02 -7.150528e+01
     vertex -1.529068e+02  3.825000e+02 -7.165060e+01
   endloop
 endfacet
 facet normal  0.000000e+00  1.000000e+00  0.000000e+00
   outer loop
     vertex -1.525000e+02  3.825000e+02 -7.325000e+01
     vertex -1.529068e+02  3.825000e+02 -7.165060e+01
     vertex -1.525000e+02  3.825000e+02 -7.170000e+01
   endloop
 endfacet
 facet normal  0.000000e+00  1.000000e+00 -0.000000e+00
   outer loop
     vertex -1.525000e+02  3.825000e+02 -7.325000e+01
     vertex -1.525000e+02  3.825000e+02 -7.170000e+01
     vertex -1.520932e+02  3.825000e+02 -7.165060e+01
   endloop
 endfacet
 facet normal  0.000000e+00  1.000000e+00  0.000000e+00
   outer loop
     vertex -1.525000e+02  3.825000e+02 -7.325000e+01
     vertex -1.520932e+02  3.825000e+02 -7.165060e+01
     vertex -1.517100e+02  3.825000e+02 -7.150528e+01
   endloop
 endfacet
 facet normal -2.790541e-14  1.000000e+00  1.263586e-14
   outer loop
     vertex -1.525000e+02  3.825000e+02 -7.325000e+01
     vertex -1.517100e+02  3.825000e+02 -7.150528e+01
     vertex -1.485867e+02  3.825000e+02 -7.360494e+01
   endloop
 endfacet
 facet normal -9.911096e-15  1.000000e+00  1.414619e-14
   outer loop
     vertex -1.307858e+02  3.825000e+02 -9.624693e+01
     vertex -1.309158e+02  3.825000e+02 -9.231973e+01
     vertex -1.169000e+02  3.825000e+02 -8.250000e+01
   endloop
 endfacet
 facet normal  1.842643e-15  1.000000e+00  2.273737e-15
   outer loop
     vertex -1.307858e+02  3.825000e+02 -9.624693e+01
     vertex -1.169000e+02  3.825000e+02 -8.250000e+01
     vertex -1.169000e+02  3.825000e+02 -1.075000e+02
   endloop
 endfacet
 facet normal  1.708334e-14  1.000000e+00  6.059490e-14
   outer loop
     vertex -1.602211e+02  3.825000e+02 -6.756582e+01
     vertex -1.563972e+02  3.825000e+02 -6.676771e+01
     vertex -1.541876e+02  3.825000e+02 -7.020491e+01
   endloop
 endfacet
 facet normal  0.000000e+00  1.000000e+00  0.000000e+00
   outer loop
     vertex -1.561416e+02  3.825000e+02 -7.355702e+01
     vertex -1.532900e+02  3.825000e+02 -7.150528e+01
     vertex -1.525000e+02  3.825000e+02 -7.325000e+01
   endloop
 endfacet
 facet normal -1.341753e-14  1.000000e+00 -9.136189e-15
   outer loop
     vertex -1.561416e+02  3.825000e+02 -7.355702e+01
     vertex -1.602211e+02  3.825000e+02 -6.756582e+01
     vertex -1.541876e+02  3.825000e+02 -7.020491e+01
   endloop
 endfacet
 facet normal  1.517918e-13  1.000000e+00 -1.054395e-13
   outer loop
     vertex -1.561416e+02  3.825000e+02 -7.355702e+01
     vertex -1.541876e+02  3.825000e+02 -7.020491e+01
     vertex -1.540895e+02  3.825000e+02 -7.060283e+01
   endloop
 endfacet
 facet normal  0.000000e+00  1.000000e+00  0.000000e+00
   outer loop
     vertex -1.561416e+02  3.825000e+02 -7.355702e+01
     vertex -1.540895e+02  3.825000e+02 -7.060283e+01
     vertex -1.538991e+02  3.825000e+02 -7.096571e+01
   endloop
 endfacet
 facet normal  0.000000e+00  1.000000e+00  0.000000e+00
   outer loop
     vertex -1.561416e+02  3.825000e+02 -7.355702e+01
     vertex -1.538991e+02  3.825000e+02 -7.096571e+01
     vertex -1.536273e+02  3.825000e+02 -7.127247e+01
   endloop
 endfacet
 facet normal  0.000000e+00  1.000000e+00  0.000000e+00
   outer loop
     vertex -1.561416e+02  3.825000e+02 -7.355702e+01
     vertex -1.536273e+02  3.825000e+02 -7.127247e+01
     vertex -1.532900e+02  3.825000e+02 -7.150528e+01
   endloop
 endfacet
 facet normal  0.000000e+00  1.000000e+00  0.000000e+00
   outer loop
     vertex -1.642677e+02  3.825000e+02 -6.915501e+01
     vertex -1.640999e+02  3.825000e+02 -6.899576e+01
     vertex -1.639000e+02  3.825000e+02 -6.887932e+01
   endloop
 endfacet
 facet normal -0.000000e+00  1.000000e+00 -0.000000e+00
   outer loop
     vertex -1.262702e+02  3.825000e+02 -1.075000e+02
     vertex -1.307858e+02  3.825000e+02 -9.624693e+01
     vertex -1.169000e+02  3.825000e+02 -1.075000e+02
   endloop
 endfacet
 facet normal -5.316838e-14  1.000000e+00 -2.133490e-14
   outer loop
     vertex -1.262702e+02  3.825000e+02 -1.075000e+02
     vertex -1.313645e+02  3.825000e+02 -1.001334e+02
     vertex -1.307858e+02  3.825000e+02 -9.624693e+01
   endloop
 endfacet
 facet normal  0.000000e+00  1.000000e+00  0.000000e+00
   outer loop
     vertex -1.644732e+02  3.825000e+02 -6.956605e+01
     vertex -1.643944e+02  3.825000e+02 -6.934856e+01
     vertex -1.642677e+02  3.825000e+02 -6.915501e+01
   endloop
 endfacet
 facet normal  0.000000e+00  1.000000e+00 -0.000000e+00
   outer loop
     vertex -1.596804e+02  3.825000e+02 -7.446943e+01
     vertex -1.602211e+02  3.825000e+02 -6.756582e+01
     vertex -1.561416e+02  3.825000e+02 -7.355702e+01
   endloop
 endfacet
 facet normal  0.000000e+00  1.000000e+00  0.000000e+00
   outer loop
     vertex -1.596804e+02  3.825000e+02 -7.446943e+01
     vertex -1.639000e+02  3.825000e+02 -6.887932e+01
     vertex -1.602211e+02  3.825000e+02 -6.756582e+01
   endloop
 endfacet
 facet normal  9.133717e-14  1.000000e+00 -1.218155e-13
   outer loop
     vertex -1.645000e+02  3.825000e+02 -6.979583e+01
     vertex -1.642677e+02  3.825000e+02 -6.915501e+01
     vertex -1.639000e+02  3.825000e+02 -6.887932e+01
   endloop
 endfacet
 facet normal  6.448332e-13  1.000000e+00 -3.224683e-13
   outer loop
     vertex -1.645000e+02  3.825000e+02 -6.979583e+01
     vertex -1.644732e+02  3.825000e+02 -6.956605e+01
     vertex -1.642677e+02  3.825000e+02 -6.915501e+01
   endloop
 endfacet
 facet normal -4.400276e-14  1.000000e+00 -3.321469e-14
   outer loop
     vertex -1.645000e+02  3.825000e+02 -6.979583e+01
     vertex -1.639000e+02  3.825000e+02 -6.887932e+01
     vertex -1.596804e+02  3.825000e+02 -7.446943e+01
   endloop
 endfacet
 facet normal -7.139548e-12  1.000000e+00 -4.424629e-11
   outer loop
     vertex -1.347227e+02  3.825000e+02 -9.977127e+01
     vertex -1.346795e+02  3.825000e+02 -9.977696e+01
     vertex -1.346369e+02  3.825000e+02 -9.978640e+01
   endloop
 endfacet
 facet normal  0.000000e+00  1.000000e+00  0.000000e+00
   outer loop
     vertex -1.348723e+02  3.825000e+02 -9.978074e+01
     vertex -1.347663e+02  3.825000e+02 -9.976937e+01
     vertex -1.347227e+02  3.825000e+02 -9.977127e+01
   endloop
 endfacet
 facet normal  0.000000e+00  1.000000e+00  0.000000e+00
   outer loop
     vertex -1.350653e+02  3.825000e+02 -9.986861e+01
     vertex -1.349735e+02  3.825000e+02 -9.981433e+01
     vertex -1.348723e+02  3.825000e+02 -9.978074e+01
   endloop
 endfacet
 facet normal  0.000000e+00  1.000000e+00  0.000000e+00
   outer loop
     vertex -1.350653e+02  3.825000e+02 -9.986861e+01
     vertex -1.348723e+02  3.825000e+02 -9.978074e+01
     vertex -1.347227e+02  3.825000e+02 -9.977127e+01
   endloop
 endfacet
 facet normal  4.609376e-13  1.000000e+00 -1.141792e-12
   outer loop
     vertex -1.351435e+02  3.825000e+02 -9.994112e+01
     vertex -1.347227e+02  3.825000e+02 -9.977127e+01
     vertex -1.346369e+02  3.825000e+02 -9.978640e+01
   endloop
 endfacet
 facet normal  0.000000e+00  1.000000e+00  0.000000e+00
   outer loop
     vertex -1.351435e+02  3.825000e+02 -9.994112e+01
     vertex -1.350653e+02  3.825000e+02 -9.986861e+01
     vertex -1.347227e+02  3.825000e+02 -9.977127e+01
   endloop
 endfacet
 facet normal  2.061713e-12  1.000000e+00 -1.438889e-12
   outer loop
     vertex -1.352456e+02  3.825000e+02 -1.001270e+02
     vertex -1.352045e+02  3.825000e+02 -1.000286e+02
     vertex -1.351435e+02  3.825000e+02 -9.994112e+01
   endloop
 endfacet
 facet normal -0.000000e+00  1.000000e+00  0.000000e+00
   outer loop
     vertex -1.352456e+02  3.825000e+02 -1.001270e+02
     vertex -1.346369e+02  3.825000e+02 -9.978640e+01
     vertex -1.319798e+02  3.825000e+02 -1.004984e+02
   endloop
 endfacet
 facet normal  2.471120e-13  1.000000e+00 -4.416907e-13
   outer loop
     vertex -1.352456e+02  3.825000e+02 -1.001270e+02
     vertex -1.351435e+02  3.825000e+02 -9.994112e+01
     vertex -1.346369e+02  3.825000e+02 -9.978640e+01
   endloop
 endfacet
 facet normal -2.928723e-14  1.000000e+00  1.076203e-14
   outer loop
     vertex -1.297221e+02  3.825000e+02 -1.062275e+02
     vertex -1.314037e+02  3.825000e+02 -1.002401e+02
     vertex -1.313645e+02  3.825000e+02 -1.001334e+02
   endloop
 endfacet
 facet normal  7.635633e-15  1.000000e+00  2.071310e-14
   outer loop
     vertex -1.297221e+02  3.825000e+02 -1.062275e+02
     vertex -1.313645e+02  3.825000e+02 -1.001334e+02
     vertex -1.262702e+02  3.825000e+02 -1.075000e+02
   endloop
 endfacet
 facet normal -2.014343e-13  1.000000e+00 -5.464285e-13
   outer loop
     vertex -1.297221e+02  3.825000e+02 -1.062275e+02
     vertex -1.262702e+02  3.825000e+02 -1.075000e+02
     vertex -1.264876e+02  3.825000e+02 -1.075239e+02
   endloop
 endfacet
 facet normal  2.725025e-14  1.000000e+00  2.414161e-14
   outer loop
     vertex -1.294503e+02  3.825000e+02 -1.065343e+02
     vertex -1.297221e+02  3.825000e+02 -1.062275e+02
     vertex -1.264876e+02  3.825000e+02 -1.075239e+02
   endloop
 endfacet
 facet normal  1.456050e-13  1.000000e+00  3.784710e-13
   outer loop
     vertex -1.294503e+02  3.825000e+02 -1.065343e+02
     vertex -1.264876e+02  3.825000e+02 -1.075239e+02
     vertex -1.266945e+02  3.825000e+02 -1.075945e+02
   endloop
 endfacet
 facet normal -1.928069e-13  1.000000e+00 -3.516356e-14
   outer loop
     vertex -1.300593e+02  3.825000e+02 -1.059947e+02
     vertex -1.314037e+02  3.825000e+02 -1.002401e+02
     vertex -1.297221e+02  3.825000e+02 -1.062275e+02
   endloop
 endfacet
 facet normal -1.111559e-14  1.000000e+00  7.281148e-15
   outer loop
     vertex -1.300593e+02  3.825000e+02 -1.059947e+02
     vertex -1.314659e+02  3.825000e+02 -1.003351e+02
     vertex -1.314037e+02  3.825000e+02 -1.002401e+02
   endloop
 endfacet
 facet normal -1.532817e-14  1.000000e+00  2.512839e-14
   outer loop
     vertex -1.292598e+02  3.825000e+02 -1.068972e+02
     vertex -1.266945e+02  3.825000e+02 -1.075945e+02
     vertex -1.268812e+02  3.825000e+02 -1.077083e+02
   endloop
 endfacet
 facet normal -7.551102e-14  1.000000e+00 -1.962757e-13
   outer loop
     vertex -1.292598e+02  3.825000e+02 -1.068972e+02
     vertex -1.294503e+02  3.825000e+02 -1.065343e+02
     vertex -1.266945e+02  3.825000e+02 -1.075945e+02
   endloop
 endfacet
 facet normal -1.107009e-14  1.000000e+00  1.866335e-14
   outer loop
     vertex -1.304425e+02  3.825000e+02 -1.058494e+02
     vertex -1.316458e+02  3.825000e+02 -1.004717e+02
     vertex -1.315481e+02  3.825000e+02 -1.004137e+02
   endloop
 endfacet
 facet normal -1.674592e-14  1.000000e+00  1.750898e-14
   outer loop
     vertex -1.304425e+02  3.825000e+02 -1.058494e+02
     vertex -1.315481e+02  3.825000e+02 -1.004137e+02
     vertex -1.314659e+02  3.825000e+02 -1.003351e+02
   endloop
 endfacet
 facet normal  1.679843e-13  1.000000e+00  5.179364e-14
   outer loop
     vertex -1.304425e+02  3.825000e+02 -1.058494e+02
     vertex -1.314659e+02  3.825000e+02 -1.003351e+02
     vertex -1.300593e+02  3.825000e+02 -1.059947e+02
   endloop
 endfacet
 facet normal -2.609068e-14  1.000000e+00 -6.430774e-15
   outer loop
     vertex -1.291618e+02  3.825000e+02 -1.072951e+02
     vertex -1.292598e+02  3.825000e+02 -1.068972e+02
     vertex -1.268812e+02  3.825000e+02 -1.077083e+02
   endloop
 endfacet
 facet normal -7.812620e-14  1.000000e+00 -2.935870e-13
   outer loop
     vertex -1.291618e+02  3.825000e+02 -1.072951e+02
     vertex -1.268812e+02  3.825000e+02 -1.077083e+02
     vertex -1.270387e+02  3.825000e+02 -1.078601e+02
   endloop
 endfacet
 facet normal  7.054103e-14  1.000000e+00  2.650830e-13
   outer loop
     vertex -1.291618e+02  3.825000e+02 -1.072951e+02
     vertex -1.270387e+02  3.825000e+02 -1.078601e+02
     vertex -1.271594e+02  3.825000e+02 -1.080424e+02
   endloop
 endfacet
 facet normal -6.470981e-15  1.000000e+00  2.036904e-14
   outer loop
     vertex -1.308494e+02  3.825000e+02 -1.058000e+02
     vertex -1.317541e+02  3.825000e+02 -1.005061e+02
     vertex -1.316458e+02  3.825000e+02 -1.004717e+02
   endloop
 endfacet
 facet normal  2.638578e-15  1.000000e+00  2.173065e-14
   outer loop
     vertex -1.308494e+02  3.825000e+02 -1.058000e+02
     vertex -1.316458e+02  3.825000e+02 -1.004717e+02
     vertex -1.304425e+02  3.825000e+02 -1.058494e+02
   endloop
 endfacet
 facet normal -2.838807e-14  1.000000e+00  0.000000e+00
   outer loop
     vertex -1.291618e+02  3.825000e+02 -1.077049e+02
     vertex -1.291618e+02  3.825000e+02 -1.072951e+02
     vertex -1.271594e+02  3.825000e+02 -1.080424e+02
   endloop
 endfacet
 facet normal -5.145371e-13  1.000000e+00 -5.895210e-14
   outer loop
     vertex -1.312562e+02  3.825000e+02 -1.058494e+02
     vertex -1.319798e+02  3.825000e+02 -1.004984e+02
     vertex -1.318674e+02  3.825000e+02 -1.005151e+02
   endloop
 endfacet
 facet normal  0.000000e+00  1.000000e+00  0.000000e+00
   outer loop
     vertex -1.312562e+02  3.825000e+02 -1.058494e+02
     vertex -1.318674e+02  3.825000e+02 -1.005151e+02
     vertex -1.317541e+02  3.825000e+02 -1.005061e+02
   endloop
 endfacet
 facet normal -2.763148e-13  1.000000e+00 -2.574698e-14
   outer loop
     vertex -1.312562e+02  3.825000e+02 -1.058494e+02
     vertex -1.317541e+02  3.825000e+02 -1.005061e+02
     vertex -1.308494e+02  3.825000e+02 -1.058000e+02
   endloop
 endfacet
 facet normal -2.725589e-14  1.000000e+00  6.717973e-15
   outer loop
     vertex -1.292598e+02  3.825000e+02 -1.081028e+02
     vertex -1.291618e+02  3.825000e+02 -1.077049e+02
     vertex -1.271594e+02  3.825000e+02 -1.080424e+02
   endloop
 endfacet
 facet normal -3.832219e-15  1.000000e+00  1.010473e-14
   outer loop
     vertex -1.316394e+02  3.825000e+02 -1.059947e+02
     vertex -1.319798e+02  3.825000e+02 -1.004984e+02
     vertex -1.312562e+02  3.825000e+02 -1.058494e+02
   endloop
 endfacet
 facet normal -3.205533e-14  1.000000e+00  1.734684e-13
   outer loop
     vertex -1.294503e+02  3.825000e+02 -1.084657e+02
     vertex -1.292598e+02  3.825000e+02 -1.081028e+02
     vertex -1.271594e+02  3.825000e+02 -1.080424e+02
   endloop
 endfacet
 facet normal -1.814390e-14  1.000000e+00  9.218471e-15
   outer loop
     vertex -1.362146e+02  3.825000e+02 -1.026673e+02
     vertex -1.319798e+02  3.825000e+02 -1.004984e+02
     vertex -1.316394e+02  3.825000e+02 -1.059947e+02
   endloop
 endfacet
 facet normal -1.209964e-14  1.000000e+00  1.752936e-14
   outer loop
     vertex -1.362146e+02  3.825000e+02 -1.026673e+02
     vertex -1.316394e+02  3.825000e+02 -1.059947e+02
     vertex -1.319767e+02  3.825000e+02 -1.062275e+02
   endloop
 endfacet
 facet normal -1.537955e-14  1.000000e+00  1.362509e-14
   outer loop
     vertex -1.362146e+02  3.825000e+02 -1.026673e+02
     vertex -1.319767e+02  3.825000e+02 -1.062275e+02
     vertex -1.322484e+02  3.825000e+02 -1.065343e+02
   endloop
 endfacet
 facet normal -2.439096e-15  1.000000e+00 -2.144596e-14
   outer loop
     vertex -1.362146e+02  3.825000e+02 -1.026673e+02
     vertex -1.352456e+02  3.825000e+02 -1.001270e+02
     vertex -1.319798e+02  3.825000e+02 -1.004984e+02
   endloop
 endfacet
 facet normal -1.652084e-14  1.000000e+00  3.693954e-14
   outer loop
     vertex -1.645000e+02  3.825000e+02 -7.508612e+01
     vertex -1.596804e+02  3.825000e+02 -7.446943e+01
     vertex -1.630165e+02  3.825000e+02 -7.596146e+01
   endloop
 endfacet
 facet normal -1.571624e-14  1.000000e+00  3.830317e-14
   outer loop
     vertex -1.645000e+02  3.825000e+02 -7.508612e+01
     vertex -1.630165e+02  3.825000e+02 -7.596146e+01
     vertex -1.632294e+02  3.825000e+02 -7.604880e+01
   endloop
 endfacet
 facet normal -1.179423e-14  1.000000e+00 -4.435458e-28
   outer loop
     vertex -1.645000e+02  3.825000e+02 -7.508612e+01
     vertex -1.645000e+02  3.825000e+02 -6.979583e+01
     vertex -1.596804e+02  3.825000e+02 -7.446943e+01
   endloop
 endfacet
 facet normal -0.000000e+00  1.000000e+00  0.000000e+00
   outer loop
     vertex -1.636861e+02  3.825000e+02 -7.606866e+01
     vertex -1.632294e+02  3.825000e+02 -7.604880e+01
     vertex -1.634566e+02  3.825000e+02 -7.608518e+01
   endloop
 endfacet
 facet normal  0.000000e+00  1.000000e+00  0.000000e+00
   outer loop
     vertex -1.639057e+02  3.825000e+02 -7.600012e+01
     vertex -1.632294e+02  3.825000e+02 -7.604880e+01
     vertex -1.636861e+02  3.825000e+02 -7.606866e+01
   endloop
 endfacet
 facet normal  2.090445e-12  1.000000e+00  4.908026e-13
   outer loop
     vertex -1.643955e+02  3.825000e+02 -7.553116e+01
     vertex -1.644735e+02  3.825000e+02 -7.531469e+01
     vertex -1.645000e+02  3.825000e+02 -7.508612e+01
   endloop
 endfacet
 facet normal  1.637590e-14  1.000000e+00  2.275251e-13
   outer loop
     vertex -1.642701e+02  3.825000e+02 -7.572406e+01
     vertex -1.632294e+02  3.825000e+02 -7.604880e+01
     vertex -1.639057e+02  3.825000e+02 -7.600012e+01
   endloop
 endfacet
 facet normal -6.153939e-14  1.000000e+00 -2.217887e-14
   outer loop
     vertex -1.642701e+02  3.825000e+02 -7.572406e+01
     vertex -1.645000e+02  3.825000e+02 -7.508612e+01
     vertex -1.632294e+02  3.825000e+02 -7.604880e+01
   endloop
 endfacet
 facet normal  5.492460e-13  1.000000e+00  9.308611e-13
   outer loop
     vertex -1.642701e+02  3.825000e+02 -7.572406e+01
     vertex -1.639057e+02  3.825000e+02 -7.600012e+01
     vertex -1.641039e+02  3.825000e+02 -7.588319e+01
   endloop
 endfacet
 facet normal  0.000000e+00  1.000000e+00  0.000000e+00
   outer loop
     vertex -1.642701e+02  3.825000e+02 -7.572406e+01
     vertex -1.643955e+02  3.825000e+02 -7.553116e+01
     vertex -1.645000e+02  3.825000e+02 -7.508612e+01
   endloop
 endfacet
 facet normal  6.693194e-15  1.000000e+00  5.512342e-14
   outer loop
     vertex -1.292328e+02  3.825000e+02 -1.114587e+02
     vertex -1.312562e+02  3.825000e+02 -1.091506e+02
     vertex -1.308494e+02  3.825000e+02 -1.092000e+02
   endloop
 endfacet
 facet normal -2.627216e-13  1.000000e+00 -1.376966e-13
   outer loop
     vertex -1.292328e+02  3.825000e+02 -1.114587e+02
     vertex -1.308494e+02  3.825000e+02 -1.092000e+02
     vertex -1.304425e+02  3.825000e+02 -1.091506e+02
   endloop
 endfacet
 facet normal  2.474894e-13  1.000000e+00  1.297132e-13
   outer loop
     vertex -1.292328e+02  3.825000e+02 -1.114587e+02
     vertex -1.304425e+02  3.825000e+02 -1.091506e+02
     vertex -1.300593e+02  3.825000e+02 -1.090053e+02
   endloop
 endfacet
 facet normal -2.994284e-13  1.000000e+00 -5.453404e-14
   outer loop
     vertex -1.292328e+02  3.825000e+02 -1.114587e+02
     vertex -1.300593e+02  3.825000e+02 -1.090053e+02
     vertex -1.297221e+02  3.825000e+02 -1.087725e+02
   endloop
 endfacet
 facet normal  0.000000e+00  1.000000e+00  0.000000e+00
   outer loop
     vertex -1.292328e+02  3.825000e+02 -1.114587e+02
     vertex -1.297221e+02  3.825000e+02 -1.087725e+02
     vertex -1.294503e+02  3.825000e+02 -1.084657e+02
   endloop
 endfacet
 facet normal  0.000000e+00  1.000000e+00 -0.000000e+00
   outer loop
     vertex -1.292328e+02  3.825000e+02 -1.114587e+02
     vertex -1.294503e+02  3.825000e+02 -1.084657e+02
     vertex -1.271594e+02  3.825000e+02 -1.080424e+02
   endloop
 endfacet
 facet normal -3.370931e-15  1.000000e+00  2.594176e-14
   outer loop
     vertex -1.375553e+02  3.825000e+02 -1.050327e+02
     vertex -1.362146e+02  3.825000e+02 -1.026673e+02
     vertex -1.322484e+02  3.825000e+02 -1.065343e+02
   endloop
 endfacet
 facet normal -9.326352e-15  1.000000e+00  4.894847e-15
   outer loop
     vertex -1.375553e+02  3.825000e+02 -1.050327e+02
     vertex -1.322484e+02  3.825000e+02 -1.065343e+02
     vertex -1.324389e+02  3.825000e+02 -1.068972e+02
   endloop
 endfacet
 facet normal -1.019445e-14  1.000000e+00  2.512706e-15
   outer loop
     vertex -1.375553e+02  3.825000e+02 -1.050327e+02
     vertex -1.324389e+02  3.825000e+02 -1.068972e+02
     vertex -1.325370e+02  3.825000e+02 -1.072951e+02
   endloop
 endfacet
 facet normal -1.132726e-14  1.000000e+00  0.000000e+00
   outer loop
     vertex -1.375553e+02  3.825000e+02 -1.050327e+02
     vertex -1.325370e+02  3.825000e+02 -1.072951e+02
     vertex -1.325370e+02  3.825000e+02 -1.077049e+02
   endloop
 endfacet
 facet normal -3.990319e-14  1.000000e+00  1.427483e-14
   outer loop
     vertex -1.317637e+02  3.825000e+02 -1.145514e+02
     vertex -1.312562e+02  3.825000e+02 -1.091506e+02
     vertex -1.292328e+02  3.825000e+02 -1.114587e+02
   endloop
 endfacet
 facet normal  1.158476e-14  1.000000e+00  1.026320e-14
   outer loop
     vertex -1.317637e+02  3.825000e+02 -1.145514e+02
     vertex -1.322484e+02  3.825000e+02 -1.084657e+02
     vertex -1.319767e+02  3.825000e+02 -1.087725e+02
   endloop
 endfacet
 facet normal  6.966719e-15  1.000000e+00  1.009303e-14
   outer loop
     vertex -1.317637e+02  3.825000e+02 -1.145514e+02
     vertex -1.319767e+02  3.825000e+02 -1.087725e+02
     vertex -1.316394e+02  3.825000e+02 -1.090053e+02
   endloop
 endfacet
 facet normal  3.854246e-15  1.000000e+00  1.016281e-14
   outer loop
     vertex -1.317637e+02  3.825000e+02 -1.145514e+02
     vertex -1.316394e+02  3.825000e+02 -1.090053e+02
     vertex -1.312562e+02  3.825000e+02 -1.091506e+02
   endloop
 endfacet
 facet normal  2.001533e-15  1.000000e+00  2.503060e-14
   outer loop
     vertex -1.392368e+02  3.825000e+02 -1.071692e+02
     vertex -1.375553e+02  3.825000e+02 -1.050327e+02
     vertex -1.325370e+02  3.825000e+02 -1.077049e+02
   endloop
 endfacet
 facet normal  0.000000e+00  1.000000e+00  0.000000e+00
   outer loop
     vertex -1.392368e+02  3.825000e+02 -1.071692e+02
     vertex -1.325370e+02  3.825000e+02 -1.077049e+02
     vertex -1.324389e+02  3.825000e+02 -1.081028e+02
   endloop
 endfacet
 facet normal -8.760969e-13  1.000000e+00  3.410202e-13
   outer loop
     vertex -1.395000e+02  3.825000e+02 -1.078452e+02
     vertex -1.394695e+02  3.825000e+02 -1.076003e+02
     vertex -1.393800e+02  3.825000e+02 -1.073703e+02
   endloop
 endfacet
 facet normal -2.605835e-13  1.000000e+00  1.855118e-13
   outer loop
     vertex -1.395000e+02  3.825000e+02 -1.078452e+02
     vertex -1.393800e+02  3.825000e+02 -1.073703e+02
     vertex -1.392368e+02  3.825000e+02 -1.071692e+02
   endloop
 endfacet
 facet normal  8.207356e-15  1.000000e+00  4.307553e-15
   outer loop
     vertex -1.395000e+02  3.825000e+02 -1.078452e+02
     vertex -1.324389e+02  3.825000e+02 -1.081028e+02
     vertex -1.322484e+02  3.825000e+02 -1.084657e+02
   endloop
 endfacet
 facet normal  8.697271e-15  1.000000e+00  1.003322e-14
   outer loop
     vertex -1.395000e+02  3.825000e+02 -1.078452e+02
     vertex -1.322484e+02  3.825000e+02 -1.084657e+02
     vertex -1.317637e+02  3.825000e+02 -1.145514e+02
   endloop
 endfacet
 facet normal  1.096186e-14  1.000000e+00  7.981293e-14
   outer loop
     vertex -1.395000e+02  3.825000e+02 -1.078452e+02
     vertex -1.392368e+02  3.825000e+02 -1.071692e+02
     vertex -1.324389e+02  3.825000e+02 -1.081028e+02
   endloop
 endfacet
 facet normal -9.375582e-15  1.000000e+00 -1.081572e-14
   outer loop
     vertex -1.347024e+02  3.825000e+02 -1.172597e+02
     vertex -1.395000e+02  3.825000e+02 -1.078452e+02
     vertex -1.317637e+02  3.825000e+02 -1.145514e+02
   endloop
 endfacet
 facet normal -0.000000e+00  1.000000e+00  0.000000e+00
   outer loop
     vertex -1.395000e+02  3.825000e+02 -1.186696e+02
     vertex -1.347024e+02  3.825000e+02 -1.172597e+02
     vertex -1.379909e+02  3.825000e+02 -1.195303e+02
   endloop
 endfacet
 facet normal  1.543268e-15  1.000000e+00 -5.251431e-15
   outer loop
     vertex -1.395000e+02  3.825000e+02 -1.186696e+02
     vertex -1.395000e+02  3.825000e+02 -1.078452e+02
     vertex -1.347024e+02  3.825000e+02 -1.172597e+02
   endloop
 endfacet
 facet normal  3.918907e-14  1.000000e+00 -8.842221e-14
   outer loop
     vertex -1.394728e+02  3.825000e+02 -1.189014e+02
     vertex -1.379909e+02  3.825000e+02 -1.195303e+02
     vertex -1.382042e+02  3.825000e+02 -1.196249e+02
   endloop
 endfacet
 facet normal  2.998784e-13  1.000000e+00  5.257780e-13
   outer loop
     vertex -1.394728e+02  3.825000e+02 -1.189014e+02
     vertex -1.395000e+02  3.825000e+02 -1.186696e+02
     vertex -1.379909e+02  3.825000e+02 -1.195303e+02
   endloop
 endfacet
 facet normal  0.000000e+00  1.000000e+00  0.000000e+00
   outer loop
     vertex -1.390934e+02  3.825000e+02 -1.194745e+02
     vertex -1.384337e+02  3.825000e+02 -1.196674e+02
     vertex -1.386667e+02  3.825000e+02 -1.196556e+02
   endloop
 endfacet
 facet normal  8.157330e-13  1.000000e+00  1.921917e-12
   outer loop
     vertex -1.390934e+02  3.825000e+02 -1.194745e+02
     vertex -1.386667e+02  3.825000e+02 -1.196556e+02
     vertex -1.388907e+02  3.825000e+02 -1.195901e+02
   endloop
 endfacet
 facet normal  2.081737e-14  1.000000e+00 -1.122905e-13
   outer loop
     vertex -1.392638e+02  3.825000e+02 -1.193151e+02
     vertex -1.382042e+02  3.825000e+02 -1.196249e+02
     vertex -1.384337e+02  3.825000e+02 -1.196674e+02
   endloop
 endfacet
 facet normal  1.581226e-14  1.000000e+00 -1.294089e-13
   outer loop
     vertex -1.392638e+02  3.825000e+02 -1.193151e+02
     vertex -1.394728e+02  3.825000e+02 -1.189014e+02
     vertex -1.382042e+02  3.825000e+02 -1.196249e+02
   endloop
 endfacet
 facet normal -8.764981e-13  1.000000e+00 -5.801616e-13
   outer loop
     vertex -1.392638e+02  3.825000e+02 -1.193151e+02
     vertex -1.393926e+02  3.825000e+02 -1.191205e+02
     vertex -1.394728e+02  3.825000e+02 -1.189014e+02
   endloop
 endfacet
 facet normal -1.516162e-13  1.000000e+00 -5.185546e-13
   outer loop
     vertex -1.392638e+02  3.825000e+02 -1.193151e+02
     vertex -1.384337e+02  3.825000e+02 -1.196674e+02
     vertex -1.390934e+02  3.825000e+02 -1.194745e+02
   endloop
 endfacet
 facet normal -1.000000e+00  0.000000e+00 -3.760701e-14
   outer loop
     vertex -1.645000e+02  3.825000e+02 -7.508612e+01
     vertex -1.645000e+02  3.805000e+02 -6.979583e+01
     vertex -1.645000e+02  3.825000e+02 -6.979583e+01
   endloop
 endfacet
 facet normal -1.000000e+00  0.000000e+00 -3.760701e-14
   outer loop
     vertex -1.645000e+02  3.805000e+02 -7.508612e+01
     vertex -1.645000e+02  3.805000e+02 -6.979583e+01
     vertex -1.645000e+02  3.825000e+02 -7.508612e+01
   endloop
 endfacet
 facet normal -6.853238e-02  0.000000e+00  9.976489e-01
   outer loop
     vertex -1.525000e+02  3.805000e+02 -6.650000e+01
     vertex -1.525000e+02  3.825000e+02 -6.650000e+01
     vertex -1.563972e+02  3.825000e+02 -6.676771e+01
   endloop
 endfacet
 facet normal -2.043096e-01  0.000000e+00  9.789063e-01
   outer loop
     vertex -1.563972e+02  3.805000e+02 -6.676771e+01
     vertex -1.563972e+02  3.825000e+02 -6.676771e+01
     vertex -1.602211e+02  3.825000e+02 -6.756582e+01
   endloop
 endfacet
 facet normal -6.853238e-02  0.000000e+00  9.976489e-01
   outer loop
     vertex -1.563972e+02  3.805000e+02 -6.676771e+01
     vertex -1.525000e+02  3.805000e+02 -6.650000e+01
     vertex -1.563972e+02  3.825000e+02 -6.676771e+01
   endloop
 endfacet
 facet normal -3.362486e-01 -6.691702e-15  9.417733e-01
   outer loop
     vertex -1.602211e+02  3.805000e+02 -6.756582e+01
     vertex -1.602211e+02  3.825000e+02 -6.756582e+01
     vertex -1.639000e+02  3.825000e+02 -6.887932e+01
   endloop
 endfacet
 facet normal -2.043096e-01 -6.955548e-15  9.789063e-01
   outer loop
     vertex -1.602211e+02  3.805000e+02 -6.756582e+01
     vertex -1.563972e+02  3.805000e+02 -6.676771e+01
     vertex -1.602211e+02  3.825000e+02 -6.756582e+01
   endloop
 endfacet
 facet normal -3.362486e-01 -6.691702e-15  9.417733e-01
   outer loop
     vertex -1.639000e+02  3.805000e+02 -6.887932e+01
     vertex -1.602211e+02  3.805000e+02 -6.756582e+01
     vertex -1.639000e+02  3.825000e+02 -6.887932e+01
   endloop
 endfacet
 facet normal  5.681830e-01  1.400179e-14 -8.229022e-01
   outer loop
     vertex -1.347024e+02  3.805000e+02 -1.172597e+02
     vertex -1.379909e+02  3.805000e+02 -1.195303e+02
     vertex -1.379909e+02  3.825000e+02 -1.195303e+02
   endloop
 endfacet
 facet normal  5.681830e-01  8.074367e-15 -8.229022e-01
   outer loop
     vertex -1.347024e+02  3.805000e+02 -1.172597e+02
     vertex -1.379909e+02  3.825000e+02 -1.195303e+02
     vertex -1.347024e+02  3.825000e+02 -1.172597e+02
   endloop
 endfacet
 facet normal  6.777013e-01  0.000000e+00 -7.353373e-01
   outer loop
     vertex -1.317637e+02  3.805000e+02 -1.145514e+02
     vertex -1.347024e+02  3.825000e+02 -1.172597e+02
     vertex -1.317637e+02  3.825000e+02 -1.145514e+02
   endloop
 endfacet
 facet normal  6.777013e-01  9.667905e-15 -7.353373e-01
   outer loop
     vertex -1.317637e+02  3.805000e+02 -1.145514e+02
     vertex -1.347024e+02  3.805000e+02 -1.172597e+02
     vertex -1.347024e+02  3.825000e+02 -1.172597e+02
   endloop
 endfacet
 facet normal  7.738947e-01 -4.499969e-15 -6.333143e-01
   outer loop
     vertex -1.292328e+02  3.805000e+02 -1.114587e+02
     vertex -1.317637e+02  3.825000e+02 -1.145514e+02
     vertex -1.292328e+02  3.825000e+02 -1.114587e+02
   endloop
 endfacet
 facet normal  7.738947e-01  0.000000e+00 -6.333143e-01
   outer loop
     vertex -1.292328e+02  3.805000e+02 -1.114587e+02
     vertex -1.317637e+02  3.805000e+02 -1.145514e+02
     vertex -1.317637e+02  3.825000e+02 -1.145514e+02
   endloop
 endfacet
 facet normal  8.548718e-01 -9.760804e-15 -5.188392e-01
   outer loop
     vertex -1.271594e+02  3.805000e+02 -1.080424e+02
     vertex -1.292328e+02  3.825000e+02 -1.114587e+02
     vertex -1.271594e+02  3.825000e+02 -1.080424e+02
   endloop
 endfacet
 facet normal  8.548718e-01 -3.667137e-15 -5.188392e-01
   outer loop
     vertex -1.271594e+02  3.805000e+02 -1.080424e+02
     vertex -1.292328e+02  3.805000e+02 -1.114587e+02
     vertex -1.292328e+02  3.825000e+02 -1.114587e+02
   endloop
 endfacet
 facet normal -1.000000e+00  0.000000e+00 -4.201145e-14
   outer loop
     vertex -1.395000e+02  3.825000e+02 -1.186696e+02
     vertex -1.395000e+02  3.805000e+02 -1.078452e+02
     vertex -1.395000e+02  3.825000e+02 -1.078452e+02
   endloop
 endfacet
 facet normal -1.000000e+00  0.000000e+00 -4.201145e-14
   outer loop
     vertex -1.395000e+02  3.805000e+02 -1.186696e+02
     vertex -1.395000e+02  3.805000e+02 -1.078452e+02
     vertex -1.395000e+02  3.825000e+02 -1.186696e+02
   endloop
 endfacet
 facet normal  1.205367e-01  0.000000e+00 -9.927089e-01
   outer loop
     vertex -1.312562e+02  3.805000e+02 -8.084940e+01
     vertex -1.308494e+02  3.825000e+02 -8.080000e+01
     vertex -1.308494e+02  3.805000e+02 -8.080000e+01
   endloop
 endfacet
 facet normal  1.205367e-01  0.000000e+00 -9.927089e-01
   outer loop
     vertex -1.312562e+02  3.805000e+02 -8.084940e+01
     vertex -1.312562e+02  3.825000e+02 -8.084940e+01
     vertex -1.308494e+02  3.825000e+02 -8.080000e+01
   endloop
 endfacet
 facet normal  3.546049e-01  0.000000e+00 -9.350162e-01
   outer loop
     vertex -1.312562e+02  3.805000e+02 -8.084940e+01
     vertex -1.316394e+02  3.825000e+02 -8.099472e+01
     vertex -1.312562e+02  3.825000e+02 -8.084940e+01
   endloop
 endfacet
 facet normal  5.680647e-01  0.000000e+00 -8.229839e-01
   outer loop
     vertex -1.316394e+02  3.805000e+02 -8.099472e+01
     vertex -1.319767e+02  3.825000e+02 -8.122753e+01
     vertex -1.316394e+02  3.825000e+02 -8.099472e+01
   endloop
 endfacet
 facet normal  3.546049e-01  0.000000e+00 -9.350162e-01
   outer loop
     vertex -1.316394e+02  3.805000e+02 -8.099472e+01
     vertex -1.316394e+02  3.825000e+02 -8.099472e+01
     vertex -1.312562e+02  3.805000e+02 -8.084940e+01
   endloop
 endfacet
 facet normal  7.485107e-01  1.534875e-14 -6.631227e-01
   outer loop
     vertex -1.319767e+02  3.805000e+02 -8.122753e+01
     vertex -1.322484e+02  3.825000e+02 -8.153429e+01
     vertex -1.319767e+02  3.825000e+02 -8.122753e+01
   endloop
 endfacet
 facet normal  5.680647e-01  1.392034e-14 -8.229839e-01
   outer loop
     vertex -1.319767e+02  3.805000e+02 -8.122753e+01
     vertex -1.319767e+02  3.825000e+02 -8.122753e+01
     vertex -1.316394e+02  3.805000e+02 -8.099472e+01
   endloop
 endfacet
 facet normal  8.854560e-01  1.258309e-14 -4.647232e-01
   outer loop
     vertex -1.322484e+02  3.805000e+02 -8.153429e+01
     vertex -1.324389e+02  3.825000e+02 -8.189717e+01
     vertex -1.322484e+02  3.825000e+02 -8.153429e+01
   endloop
 endfacet
 facet normal  7.485107e-01  1.063698e-14 -6.631227e-01
   outer loop
     vertex -1.322484e+02  3.805000e+02 -8.153429e+01
     vertex -1.322484e+02  3.825000e+02 -8.153429e+01
     vertex -1.319767e+02  3.805000e+02 -8.122753e+01
   endloop
 endfacet
 facet normal  9.709418e-01  1.379791e-14 -2.393157e-01
   outer loop
     vertex -1.324389e+02  3.805000e+02 -8.189717e+01
     vertex -1.325370e+02  3.825000e+02 -8.229509e+01
     vertex -1.324389e+02  3.825000e+02 -8.189717e+01
   endloop
 endfacet
 facet normal  8.854560e-01  1.258309e-14 -4.647232e-01
   outer loop
     vertex -1.324389e+02  3.805000e+02 -8.189717e+01
     vertex -1.324389e+02  3.825000e+02 -8.189717e+01
     vertex -1.322484e+02  3.805000e+02 -8.153429e+01
   endloop
 endfacet
 facet normal  9.709418e-01  1.379791e-14 -2.393157e-01
   outer loop
     vertex -1.325370e+02  3.805000e+02 -8.229509e+01
     vertex -1.325370e+02  3.825000e+02 -8.229509e+01
     vertex -1.324389e+02  3.805000e+02 -8.189717e+01
   endloop
 endfacet
 facet normal  1.000000e+00  1.421085e-14  0.000000e+00
   outer loop
     vertex -1.325370e+02  3.805000e+02 -8.270491e+01
     vertex -1.325370e+02  3.825000e+02 -8.270491e+01
     vertex -1.325370e+02  3.825000e+02 -8.229509e+01
   endloop
 endfacet
 facet normal  9.709418e-01  1.379791e-14  2.393157e-01
   outer loop
     vertex -1.325370e+02  3.805000e+02 -8.270491e+01
     vertex -1.324389e+02  3.825000e+02 -8.310283e+01
     vertex -1.325370e+02  3.825000e+02 -8.270491e+01
   endloop
 endfacet
 facet normal  1.000000e+00  1.421085e-14 -0.000000e+00
   outer loop
     vertex -1.325370e+02  3.805000e+02 -8.270491e+01
     vertex -1.325370e+02  3.825000e+02 -8.229509e+01
     vertex -1.325370e+02  3.805000e+02 -8.229509e+01
   endloop
 endfacet
 facet normal  8.854560e-01  9.281030e-15  4.647232e-01
   outer loop
     vertex -1.324389e+02  3.805000e+02 -8.310283e+01
     vertex -1.322484e+02  3.825000e+02 -8.346571e+01
     vertex -1.324389e+02  3.825000e+02 -8.310283e+01
   endloop
 endfacet
 facet normal  9.709418e-01  1.209747e-14  2.393157e-01
   outer loop
     vertex -1.324389e+02  3.805000e+02 -8.310283e+01
     vertex -1.324389e+02  3.825000e+02 -8.310283e+01
     vertex -1.325370e+02  3.805000e+02 -8.270491e+01
   endloop
 endfacet
 facet normal  8.854560e-01  1.258309e-14  4.647232e-01
   outer loop
     vertex -1.322484e+02  3.805000e+02 -8.346571e+01
     vertex -1.322484e+02  3.825000e+02 -8.346571e+01
     vertex -1.324389e+02  3.805000e+02 -8.310283e+01
   endloop
 endfacet
 facet normal  7.485107e-01  1.063698e-14  6.631227e-01
   outer loop
     vertex -1.319767e+02  3.805000e+02 -8.377247e+01
     vertex -1.319767e+02  3.825000e+02 -8.377247e+01
     vertex -1.322484e+02  3.825000e+02 -8.346571e+01
   endloop
 endfacet
 facet normal  5.680647e-01  8.072686e-15  8.229839e-01
   outer loop
     vertex -1.319767e+02  3.805000e+02 -8.377247e+01
     vertex -1.316394e+02  3.825000e+02 -8.400528e+01
     vertex -1.319767e+02  3.825000e+02 -8.377247e+01
   endloop
 endfacet
 facet normal  7.485107e-01  1.064983e-14  6.631227e-01
   outer loop
     vertex -1.319767e+02  3.805000e+02 -8.377247e+01
     vertex -1.322484e+02  3.825000e+02 -8.346571e+01
     vertex -1.322484e+02  3.805000e+02 -8.346571e+01
   endloop
 endfacet
 facet normal  3.546049e-01  1.007848e-14  9.350162e-01
   outer loop
     vertex -1.316394e+02  3.805000e+02 -8.400528e+01
     vertex -1.312562e+02  3.825000e+02 -8.415060e+01
     vertex -1.316394e+02  3.825000e+02 -8.400528e+01
   endloop
 endfacet
 facet normal  5.680647e-01  1.614537e-14  8.229839e-01
   outer loop
     vertex -1.316394e+02  3.805000e+02 -8.400528e+01
     vertex -1.316394e+02  3.825000e+02 -8.400528e+01
     vertex -1.319767e+02  3.805000e+02 -8.377247e+01
   endloop
 endfacet
 facet normal  1.205367e-01  1.712929e-15  9.927089e-01
   outer loop
     vertex -1.312562e+02  3.805000e+02 -8.415060e+01
     vertex -1.308494e+02  3.825000e+02 -8.420000e+01
     vertex -1.312562e+02  3.825000e+02 -8.415060e+01
   endloop
 endfacet
 facet normal  3.546049e-01  5.039239e-15  9.350162e-01
   outer loop
     vertex -1.312562e+02  3.805000e+02 -8.415060e+01
     vertex -1.312562e+02  3.825000e+02 -8.415060e+01
     vertex -1.316394e+02  3.805000e+02 -8.400528e+01
   endloop
 endfacet
 facet normal  1.205367e-01  7.053621e-15  9.927089e-01
   outer loop
     vertex -1.308494e+02  3.805000e+02 -8.420000e+01
     vertex -1.308494e+02  3.825000e+02 -8.420000e+01
     vertex -1.312562e+02  3.805000e+02 -8.415060e+01
   endloop
 endfacet
 facet normal  1.205367e-01  0.000000e+00 -9.927089e-01
   outer loop
     vertex -1.312562e+02  3.805000e+02 -1.058494e+02
     vertex -1.308494e+02  3.825000e+02 -1.058000e+02
     vertex -1.308494e+02  3.805000e+02 -1.058000e+02
   endloop
 endfacet
 facet normal  1.205367e-01  7.053621e-15 -9.927089e-01
   outer loop
     vertex -1.312562e+02  3.805000e+02 -1.058494e+02
     vertex -1.312562e+02  3.825000e+02 -1.058494e+02
     vertex -1.308494e+02  3.825000e+02 -1.058000e+02
   endloop
 endfacet
 facet normal  3.546049e-01  6.643690e-15 -9.350162e-01
   outer loop
     vertex -1.312562e+02  3.805000e+02 -1.058494e+02
     vertex -1.316394e+02  3.825000e+02 -1.059947e+02
     vertex -1.312562e+02  3.825000e+02 -1.058494e+02
   endloop
 endfacet
 facet normal  5.680647e-01  5.847652e-15 -8.229839e-01
   outer loop
     vertex -1.316394e+02  3.805000e+02 -1.059947e+02
     vertex -1.319767e+02  3.825000e+02 -1.062275e+02
     vertex -1.316394e+02  3.825000e+02 -1.059947e+02
   endloop
 endfacet
 facet normal  3.546049e-01  6.643690e-15 -9.350162e-01
   outer loop
     vertex -1.316394e+02  3.805000e+02 -1.059947e+02
     vertex -1.316394e+02  3.825000e+02 -1.059947e+02
     vertex -1.312562e+02  3.805000e+02 -1.058494e+02
   endloop
 endfacet
 facet normal  7.485107e-01  0.000000e+00 -6.631227e-01
   outer loop
     vertex -1.319767e+02  3.805000e+02 -1.062275e+02
     vertex -1.322484e+02  3.825000e+02 -1.065343e+02
     vertex -1.319767e+02  3.825000e+02 -1.062275e+02
   endloop
 endfacet
 facet normal  5.680647e-01  0.000000e+00 -8.229839e-01
   outer loop
     vertex -1.319767e+02  3.805000e+02 -1.062275e+02
     vertex -1.319767e+02  3.825000e+02 -1.062275e+02
     vertex -1.316394e+02  3.805000e+02 -1.059947e+02
   endloop
 endfacet
 facet normal  8.854560e-01  0.000000e+00 -4.647232e-01
   outer loop
     vertex -1.322484e+02  3.805000e+02 -1.065343e+02
     vertex -1.324389e+02  3.825000e+02 -1.068972e+02
     vertex -1.322484e+02  3.825000e+02 -1.065343e+02
   endloop
 endfacet
 facet normal  7.485107e-01  0.000000e+00 -6.631227e-01
   outer loop
     vertex -1.322484e+02  3.805000e+02 -1.065343e+02
     vertex -1.322484e+02  3.825000e+02 -1.065343e+02
     vertex -1.319767e+02  3.805000e+02 -1.062275e+02
   endloop
 endfacet
 facet normal  9.709418e-01  1.700440e-15 -2.393157e-01
   outer loop
     vertex -1.324389e+02  3.805000e+02 -1.068972e+02
     vertex -1.325370e+02  3.825000e+02 -1.072951e+02
     vertex -1.324389e+02  3.825000e+02 -1.068972e+02
   endloop
 endfacet
 facet normal  8.854560e-01  3.302057e-15 -4.647232e-01
   outer loop
     vertex -1.324389e+02  3.805000e+02 -1.068972e+02
     vertex -1.324389e+02  3.825000e+02 -1.068972e+02
     vertex -1.322484e+02  3.805000e+02 -1.065343e+02
   endloop
 endfacet
 facet normal  1.000000e+00 -0.000000e+00  0.000000e+00
   outer loop
     vertex -1.325370e+02  3.805000e+02 -1.072951e+02
     vertex -1.325370e+02  3.825000e+02 -1.077049e+02
     vertex -1.325370e+02  3.825000e+02 -1.072951e+02
   endloop
 endfacet
 facet normal  9.709418e-01  3.400880e-15 -2.393157e-01
   outer loop
     vertex -1.325370e+02  3.805000e+02 -1.072951e+02
     vertex -1.325370e+02  3.825000e+02 -1.072951e+02
     vertex -1.324389e+02  3.805000e+02 -1.068972e+02
   endloop
 endfacet
 facet normal  9.709418e-01 -0.000000e+00  2.393157e-01
   outer loop
     vertex -1.325370e+02  3.805000e+02 -1.077049e+02
     vertex -1.324389e+02  3.825000e+02 -1.081028e+02
     vertex -1.325370e+02  3.825000e+02 -1.077049e+02
   endloop
 endfacet
 facet normal  1.000000e+00  0.000000e+00  0.000000e+00
   outer loop
     vertex -1.325370e+02  3.805000e+02 -1.077049e+02
     vertex -1.325370e+02  3.825000e+02 -1.077049e+02
     vertex -1.325370e+02  3.805000e+02 -1.072951e+02
   endloop
 endfacet
 facet normal  8.854560e-01 -0.000000e+00  4.647232e-01
   outer loop
     vertex -1.324389e+02  3.805000e+02 -1.081028e+02
     vertex -1.322484e+02  3.825000e+02 -1.084657e+02
     vertex -1.324389e+02  3.825000e+02 -1.081028e+02
   endloop
 endfacet
 facet normal  9.709418e-01 -0.000000e+00  2.393157e-01
   outer loop
     vertex -1.324389e+02  3.805000e+02 -1.081028e+02
     vertex -1.324389e+02  3.825000e+02 -1.081028e+02
     vertex -1.325370e+02  3.805000e+02 -1.077049e+02
   endloop
 endfacet
 facet normal  8.854560e-01 -3.302057e-15  4.647232e-01
   outer loop
     vertex -1.322484e+02  3.805000e+02 -1.084657e+02
     vertex -1.322484e+02  3.825000e+02 -1.084657e+02
     vertex -1.324389e+02  3.805000e+02 -1.081028e+02
   endloop
 endfacet
 facet normal  7.485107e-01 -9.423540e-15  6.631227e-01
   outer loop
     vertex -1.319767e+02  3.805000e+02 -1.087725e+02
     vertex -1.319767e+02  3.825000e+02 -1.087725e+02
     vertex -1.322484e+02  3.825000e+02 -1.084657e+02
   endloop
 endfacet
 facet normal  5.680647e-01 -1.169530e-14  8.229839e-01
   outer loop
     vertex -1.319767e+02  3.805000e+02 -1.087725e+02
     vertex -1.316394e+02  3.825000e+02 -1.090053e+02
     vertex -1.319767e+02  3.825000e+02 -1.087725e+02
   endloop
 endfacet
 facet normal  7.485107e-01 -4.706921e-15  6.631227e-01
   outer loop
     vertex -1.319767e+02  3.805000e+02 -1.087725e+02
     vertex -1.322484e+02  3.825000e+02 -1.084657e+02
     vertex -1.322484e+02  3.805000e+02 -1.084657e+02
   endloop
 endfacet
 facet normal  5.680647e-01 -0.000000e+00  8.229839e-01
   outer loop
     vertex -1.316394e+02  3.805000e+02 -1.090053e+02
     vertex -1.316394e+02  3.825000e+02 -1.090053e+02
     vertex -1.319767e+02  3.805000e+02 -1.087725e+02
   endloop
 endfacet
 facet normal  3.546049e-01  1.168293e-14  9.350162e-01
   outer loop
     vertex -1.312562e+02  3.805000e+02 -1.091506e+02
     vertex -1.312562e+02  3.825000e+02 -1.091506e+02
     vertex -1.316394e+02  3.825000e+02 -1.090053e+02
   endloop
 endfacet
 facet normal  1.205367e-01  8.766550e-15  9.927089e-01
   outer loop
     vertex -1.312562e+02  3.805000e+02 -1.091506e+02
     vertex -1.308494e+02  3.825000e+02 -1.092000e+02
     vertex -1.312562e+02  3.825000e+02 -1.091506e+02
   endloop
 endfacet
 facet normal  3.546049e-01  0.000000e+00  9.350162e-01
   outer loop
     vertex -1.312562e+02  3.805000e+02 -1.091506e+02
     vertex -1.316394e+02  3.825000e+02 -1.090053e+02
     vertex -1.316394e+02  3.805000e+02 -1.090053e+02
   endloop
 endfacet
 facet normal  1.205367e-01 -0.000000e+00  9.927089e-01
   outer loop
     vertex -1.308494e+02  3.805000e+02 -1.092000e+02
     vertex -1.308494e+02  3.825000e+02 -1.092000e+02
     vertex -1.312562e+02  3.805000e+02 -1.091506e+02
   endloop
 endfacet
 facet normal  1.205367e-01  0.000000e+00 -9.927089e-01
   outer loop
     vertex -1.525000e+02  3.805000e+02 -6.830000e+01
     vertex -1.529068e+02  3.825000e+02 -6.834940e+01
     vertex -1.525000e+02  3.825000e+02 -6.830000e+01
   endloop
 endfacet
 facet normal  3.546049e-01  0.000000e+00 -9.350162e-01
   outer loop
     vertex -1.529068e+02  3.805000e+02 -6.834940e+01
     vertex -1.532900e+02  3.825000e+02 -6.849472e+01
     vertex -1.529068e+02  3.825000e+02 -6.834940e+01
   endloop
 endfacet
 facet normal  1.205367e-01  0.000000e+00 -9.927089e-01
   outer loop
     vertex -1.529068e+02  3.805000e+02 -6.834940e+01
     vertex -1.529068e+02  3.825000e+02 -6.834940e+01
     vertex -1.525000e+02  3.805000e+02 -6.830000e+01
   endloop
 endfacet
 facet normal  5.680647e-01  0.000000e+00 -8.229839e-01
   outer loop
     vertex -1.532900e+02  3.805000e+02 -6.849472e+01
     vertex -1.536273e+02  3.825000e+02 -6.872753e+01
     vertex -1.532900e+02  3.825000e+02 -6.849472e+01
   endloop
 endfacet
 facet normal  3.546049e-01  0.000000e+00 -9.350162e-01
   outer loop
     vertex -1.532900e+02  3.805000e+02 -6.849472e+01
     vertex -1.532900e+02  3.825000e+02 -6.849472e+01
     vertex -1.529068e+02  3.805000e+02 -6.834940e+01
   endloop
 endfacet
 facet normal  7.485107e-01  0.000000e+00 -6.631227e-01
   outer loop
     vertex -1.536273e+02  3.805000e+02 -6.872753e+01
     vertex -1.538991e+02  3.825000e+02 -6.903429e+01
     vertex -1.536273e+02  3.825000e+02 -6.872753e+01
   endloop
 endfacet
 facet normal  5.680647e-01  0.000000e+00 -8.229839e-01
   outer loop
     vertex -1.536273e+02  3.805000e+02 -6.872753e+01
     vertex -1.536273e+02  3.825000e+02 -6.872753e+01
     vertex -1.532900e+02  3.805000e+02 -6.849472e+01
   endloop
 endfacet
 facet normal  8.854560e-01  3.302057e-15 -4.647232e-01
   outer loop
     vertex -1.538991e+02  3.805000e+02 -6.903429e+01
     vertex -1.540895e+02  3.825000e+02 -6.939717e+01
     vertex -1.538991e+02  3.825000e+02 -6.903429e+01
   endloop
 endfacet
 facet normal  7.485107e-01  4.711770e-15 -6.631227e-01
   outer loop
     vertex -1.538991e+02  3.805000e+02 -6.903429e+01
     vertex -1.538991e+02  3.825000e+02 -6.903429e+01
     vertex -1.536273e+02  3.805000e+02 -6.872753e+01
   endloop
 endfacet
 facet normal  9.709418e-01  0.000000e+00 -2.393157e-01
   outer loop
     vertex -1.540895e+02  3.805000e+02 -6.939717e+01
     vertex -1.541876e+02  3.825000e+02 -6.979509e+01
     vertex -1.540895e+02  3.825000e+02 -6.939717e+01
   endloop
 endfacet
 facet normal  8.854560e-01  0.000000e+00 -4.647232e-01
   outer loop
     vertex -1.540895e+02  3.805000e+02 -6.939717e+01
     vertex -1.540895e+02  3.825000e+02 -6.939717e+01
     vertex -1.538991e+02  3.805000e+02 -6.903429e+01
   endloop
 endfacet
 facet normal  1.000000e+00 -0.000000e+00  0.000000e+00
   outer loop
     vertex -1.541876e+02  3.805000e+02 -6.979509e+01
     vertex -1.541876e+02  3.825000e+02 -7.020491e+01
     vertex -1.541876e+02  3.825000e+02 -6.979509e+01
   endloop
 endfacet
 facet normal  9.709418e-01  1.700440e-15 -2.393157e-01
   outer loop
     vertex -1.541876e+02  3.805000e+02 -6.979509e+01
     vertex -1.541876e+02  3.825000e+02 -6.979509e+01
     vertex -1.540895e+02  3.805000e+02 -6.939717e+01
   endloop
 endfacet
 facet normal  9.709418e-01 -0.000000e+00  2.393157e-01
   outer loop
     vertex -1.541876e+02  3.805000e+02 -7.020491e+01
     vertex -1.540895e+02  3.825000e+02 -7.060283e+01
     vertex -1.541876e+02  3.825000e+02 -7.020491e+01
   endloop
 endfacet
 facet normal  1.000000e+00  0.000000e+00  0.000000e+00
   outer loop
     vertex -1.541876e+02  3.805000e+02 -7.020491e+01
     vertex -1.541876e+02  3.825000e+02 -7.020491e+01
     vertex -1.541876e+02  3.805000e+02 -6.979509e+01
   endloop
 endfacet
 facet normal  8.854560e-01  1.258309e-14  4.647232e-01
   outer loop
     vertex -1.540895e+02  3.805000e+02 -7.060283e+01
     vertex -1.538991e+02  3.825000e+02 -7.096571e+01
     vertex -1.540895e+02  3.825000e+02 -7.060283e+01
   endloop
 endfacet
 facet normal  9.709418e-01  1.379791e-14  2.393157e-01
   outer loop
     vertex -1.540895e+02  3.805000e+02 -7.060283e+01
     vertex -1.540895e+02  3.825000e+02 -7.060283e+01
     vertex -1.541876e+02  3.805000e+02 -7.020491e+01
   endloop
 endfacet
 facet normal  7.485107e-01 -0.000000e+00  6.631227e-01
   outer loop
     vertex -1.538991e+02  3.805000e+02 -7.096571e+01
     vertex -1.536273e+02  3.825000e+02 -7.127247e+01
     vertex -1.538991e+02  3.825000e+02 -7.096571e+01
   endloop
 endfacet
 facet normal  8.854560e-01 -0.000000e+00  4.647232e-01
   outer loop
     vertex -1.538991e+02  3.805000e+02 -7.096571e+01
     vertex -1.538991e+02  3.825000e+02 -7.096571e+01
     vertex -1.540895e+02  3.805000e+02 -7.060283e+01
   endloop
 endfacet
 facet normal  5.680647e-01  2.225034e-15  8.229839e-01
   outer loop
     vertex -1.536273e+02  3.805000e+02 -7.127247e+01
     vertex -1.532900e+02  3.825000e+02 -7.150528e+01
     vertex -1.536273e+02  3.825000e+02 -7.127247e+01
   endloop
 endfacet
 facet normal  7.485107e-01  5.925208e-15  6.631227e-01
   outer loop
     vertex -1.536273e+02  3.805000e+02 -7.127247e+01
     vertex -1.536273e+02  3.825000e+02 -7.127247e+01
     vertex -1.538991e+02  3.805000e+02 -7.096571e+01
   endloop
 endfacet
 facet normal  5.680647e-01  8.072686e-15  8.229839e-01
   outer loop
     vertex -1.532900e+02  3.805000e+02 -7.150528e+01
     vertex -1.532900e+02  3.825000e+02 -7.150528e+01
     vertex -1.536273e+02  3.805000e+02 -7.127247e+01
   endloop
 endfacet
 facet normal  3.546049e-01 -1.604451e-15  9.350162e-01
   outer loop
     vertex -1.529068e+02  3.805000e+02 -7.165060e+01
     vertex -1.529068e+02  3.825000e+02 -7.165060e+01
     vertex -1.532900e+02  3.825000e+02 -7.150528e+01
   endloop
 endfacet
 facet normal  3.546049e-01  5.037083e-15  9.350162e-01
   outer loop
     vertex -1.529068e+02  3.805000e+02 -7.165060e+01
     vertex -1.532900e+02  3.825000e+02 -7.150528e+01
     vertex -1.532900e+02  3.805000e+02 -7.150528e+01
   endloop
 endfacet
 facet normal  1.205367e-01 -5.340692e-15  9.927089e-01
   outer loop
     vertex -1.525000e+02  3.805000e+02 -7.170000e+01
     vertex -1.525000e+02  3.825000e+02 -7.170000e+01
     vertex -1.529068e+02  3.825000e+02 -7.165060e+01
   endloop
 endfacet
 facet normal  1.205367e-01 -5.341847e-15  9.927089e-01
   outer loop
     vertex -1.525000e+02  3.805000e+02 -7.170000e+01
     vertex -1.529068e+02  3.825000e+02 -7.165060e+01
     vertex -1.529068e+02  3.805000e+02 -7.165060e+01
   endloop
 endfacet
 facet normal -9.931703e-01  0.000000e+00 -1.166739e-01
   outer loop
     vertex -1.394728e+02  3.805000e+02 -1.189014e+02
     vertex -1.395000e+02  3.825000e+02 -1.186696e+02
     vertex -1.394728e+02  3.825000e+02 -1.189014e+02
   endloop
 endfacet
 facet normal -9.931703e-01  0.000000e+00 -1.166739e-01
   outer loop
     vertex -1.394728e+02  3.805000e+02 -1.189014e+02
     vertex -1.395000e+02  3.805000e+02 -1.186696e+02
     vertex -1.395000e+02  3.825000e+02 -1.186696e+02
   endloop
 endfacet
 facet normal -9.390910e-01 -2.441913e-15 -3.436687e-01
   outer loop
     vertex -1.393926e+02  3.805000e+02 -1.191205e+02
     vertex -1.394728e+02  3.825000e+02 -1.189014e+02
     vertex -1.393926e+02  3.825000e+02 -1.191205e+02
   endloop
 endfacet
 facet normal -9.390910e-01  0.000000e+00 -3.436687e-01
   outer loop
     vertex -1.393926e+02  3.805000e+02 -1.191205e+02
     vertex -1.394728e+02  3.805000e+02 -1.189014e+02
     vertex -1.394728e+02  3.825000e+02 -1.189014e+02
   endloop
 endfacet
 facet normal -8.338770e-01 -1.185010e-14 -5.519503e-01
   outer loop
     vertex -1.392638e+02  3.805000e+02 -1.193151e+02
     vertex -1.393926e+02  3.825000e+02 -1.191205e+02
     vertex -1.392638e+02  3.825000e+02 -1.193151e+02
   endloop
 endfacet
 facet normal -8.338770e-01 -3.925188e-15 -5.519503e-01
   outer loop
     vertex -1.392638e+02  3.805000e+02 -1.193151e+02
     vertex -1.393926e+02  3.805000e+02 -1.191205e+02
     vertex -1.393926e+02  3.825000e+02 -1.191205e+02
   endloop
 endfacet
 facet normal -6.832574e-01 -9.709672e-15 -7.301776e-01
   outer loop
     vertex -1.390934e+02  3.805000e+02 -1.194745e+02
     vertex -1.392638e+02  3.825000e+02 -1.193151e+02
     vertex -1.390934e+02  3.825000e+02 -1.194745e+02
   endloop
 endfacet
 facet normal -6.832574e-01 -9.708892e-15 -7.301776e-01
   outer loop
     vertex -1.390934e+02  3.805000e+02 -1.194745e+02
     vertex -1.392638e+02  3.805000e+02 -1.193151e+02
     vertex -1.392638e+02  3.825000e+02 -1.193151e+02
   endloop
 endfacet
 facet normal -4.954337e-01 -7.040536e-15 -8.686458e-01
   outer loop
     vertex -1.388907e+02  3.805000e+02 -1.195901e+02
     vertex -1.390934e+02  3.825000e+02 -1.194745e+02
     vertex -1.388907e+02  3.825000e+02 -1.195901e+02
   endloop
 endfacet
 facet normal -4.954337e-01 -7.040062e-15 -8.686458e-01
   outer loop
     vertex -1.388907e+02  3.805000e+02 -1.195901e+02
     vertex -1.390934e+02  3.805000e+02 -1.194745e+02
     vertex -1.390934e+02  3.825000e+02 -1.194745e+02
   endloop
 endfacet
 facet normal -2.806330e-01  2.831862e-15 -9.598152e-01
   outer loop
     vertex -1.386667e+02  3.805000e+02 -1.196556e+02
     vertex -1.388907e+02  3.825000e+02 -1.195901e+02
     vertex -1.386667e+02  3.825000e+02 -1.196556e+02
   endloop
 endfacet
 facet normal -2.806330e-01 -3.988377e-15 -9.598152e-01
   outer loop
     vertex -1.386667e+02  3.805000e+02 -1.196556e+02
     vertex -1.388907e+02  3.805000e+02 -1.195901e+02
     vertex -1.388907e+02  3.825000e+02 -1.195901e+02
   endloop
 endfacet
 facet normal -5.055146e-02  0.000000e+00 -9.987215e-01
   outer loop
     vertex -1.384337e+02  3.805000e+02 -1.196674e+02
     vertex -1.386667e+02  3.825000e+02 -1.196556e+02
     vertex -1.384337e+02  3.825000e+02 -1.196674e+02
   endloop
 endfacet
 facet normal -5.055146e-02  6.377501e-15 -9.987215e-01
   outer loop
     vertex -1.384337e+02  3.805000e+02 -1.196674e+02
     vertex -1.386667e+02  3.805000e+02 -1.196556e+02
     vertex -1.386667e+02  3.825000e+02 -1.196556e+02
   endloop
 endfacet
 facet normal  1.822826e-01 -4.395992e-15 -9.832462e-01
   outer loop
     vertex -1.382042e+02  3.805000e+02 -1.196249e+02
     vertex -1.384337e+02  3.825000e+02 -1.196674e+02
     vertex -1.382042e+02  3.825000e+02 -1.196249e+02
   endloop
 endfacet
 facet normal  1.822826e-01  0.000000e+00 -9.832462e-01
   outer loop
     vertex -1.382042e+02  3.805000e+02 -1.196249e+02
     vertex -1.384337e+02  3.805000e+02 -1.196674e+02
     vertex -1.384337e+02  3.825000e+02 -1.196674e+02
   endloop
 endfacet
 facet normal  4.051912e-01  1.225412e-14 -9.142320e-01
   outer loop
     vertex -1.379909e+02  3.805000e+02 -1.195303e+02
     vertex -1.382042e+02  3.825000e+02 -1.196249e+02
     vertex -1.379909e+02  3.825000e+02 -1.195303e+02
   endloop
 endfacet
 facet normal  4.051912e-01 -7.359727e-16 -9.142320e-01
   outer loop
     vertex -1.379909e+02  3.805000e+02 -1.195303e+02
     vertex -1.382042e+02  3.805000e+02 -1.196249e+02
     vertex -1.382042e+02  3.825000e+02 -1.196249e+02
   endloop
 endfacet
 facet normal -9.933599e-01  0.000000e+00 -1.150482e-01
   outer loop
     vertex -1.645000e+02  3.805000e+02 -7.508612e+01
     vertex -1.645000e+02  3.825000e+02 -7.508612e+01
     vertex -1.644735e+02  3.825000e+02 -7.531469e+01
   endloop
 endfacet
 facet normal -9.933599e-01 -1.411649e-14 -1.150482e-01
   outer loop
     vertex -1.644735e+02  3.805000e+02 -7.531469e+01
     vertex -1.645000e+02  3.805000e+02 -7.508612e+01
     vertex -1.644735e+02  3.825000e+02 -7.531469e+01
   endloop
 endfacet
 facet normal -9.407671e-01 -2.409120e-15 -3.390535e-01
   outer loop
     vertex -1.643955e+02  3.805000e+02 -7.553116e+01
     vertex -1.644735e+02  3.825000e+02 -7.531469e+01
     vertex -1.643955e+02  3.825000e+02 -7.553116e+01
   endloop
 endfacet
 facet normal -9.407671e-01 -1.337439e-14 -3.390535e-01
   outer loop
     vertex -1.643955e+02  3.805000e+02 -7.553116e+01
     vertex -1.644735e+02  3.805000e+02 -7.531469e+01
     vertex -1.644735e+02  3.825000e+02 -7.531469e+01
   endloop
 endfacet
 facet normal -8.383659e-01 -1.191390e-14 -5.451078e-01
   outer loop
     vertex -1.642701e+02  3.805000e+02 -7.572406e+01
     vertex -1.643955e+02  3.825000e+02 -7.553116e+01
     vertex -1.642701e+02  3.825000e+02 -7.572406e+01
   endloop
 endfacet
 facet normal -8.383659e-01 -3.875105e-15 -5.451078e-01
   outer loop
     vertex -1.642701e+02  3.805000e+02 -7.572406e+01
     vertex -1.643955e+02  3.805000e+02 -7.553116e+01
     vertex -1.643955e+02  3.825000e+02 -7.553116e+01
   endloop
 endfacet
 facet normal -6.915780e-01 -9.827915e-15 -7.223018e-01
   outer loop
     vertex -1.641039e+02  3.805000e+02 -7.588319e+01
     vertex -1.642701e+02  3.825000e+02 -7.572406e+01
     vertex -1.641039e+02  3.825000e+02 -7.588319e+01
   endloop
 endfacet
 facet normal -6.915780e-01 -9.831005e-15 -7.223018e-01
   outer loop
     vertex -1.641039e+02  3.805000e+02 -7.588319e+01
     vertex -1.642701e+02  3.805000e+02 -7.572406e+01
     vertex -1.642701e+02  3.825000e+02 -7.572406e+01
   endloop
 endfacet
 facet normal -5.081749e-01  0.000000e+00 -8.612539e-01
   outer loop
     vertex -1.639057e+02  3.805000e+02 -7.600012e+01
     vertex -1.641039e+02  3.825000e+02 -7.588319e+01
     vertex -1.639057e+02  3.825000e+02 -7.600012e+01
   endloop
 endfacet
 facet normal -5.081749e-01 -7.222471e-15 -8.612539e-01
   outer loop
     vertex -1.639057e+02  3.805000e+02 -7.600012e+01
     vertex -1.641039e+02  3.805000e+02 -7.588319e+01
     vertex -1.641039e+02  3.825000e+02 -7.588319e+01
   endloop
 endfacet
 facet normal -2.978668e-01 -4.232942e-15 -9.546074e-01
   outer loop
     vertex -1.636861e+02  3.805000e+02 -7.606866e+01
     vertex -1.639057e+02  3.825000e+02 -7.600012e+01
     vertex -1.636861e+02  3.825000e+02 -7.606866e+01
   endloop
 endfacet
 facet normal -2.978668e-01  0.000000e+00 -9.546074e-01
   outer loop
     vertex -1.636861e+02  3.805000e+02 -7.606866e+01
     vertex -1.639057e+02  3.805000e+02 -7.600012e+01
     vertex -1.639057e+02  3.825000e+02 -7.600012e+01
   endloop
 endfacet
 facet normal -7.178837e-02  0.000000e+00 -9.974199e-01
   outer loop
     vertex -1.634566e+02  3.805000e+02 -7.608518e+01
     vertex -1.636861e+02  3.825000e+02 -7.606866e+01
     vertex -1.634566e+02  3.825000e+02 -7.608518e+01
   endloop
 endfacet
 facet normal -7.178837e-02 -1.019665e-15 -9.974199e-01
   outer loop
     vertex -1.634566e+02  3.805000e+02 -7.608518e+01
     vertex -1.636861e+02  3.805000e+02 -7.606866e+01
     vertex -1.636861e+02  3.825000e+02 -7.606866e+01
   endloop
 endfacet
 facet normal  1.580909e-01  4.769467e-15 -9.874246e-01
   outer loop
     vertex -1.632294e+02  3.805000e+02 -7.604880e+01
     vertex -1.634566e+02  3.825000e+02 -7.608518e+01
     vertex -1.632294e+02  3.825000e+02 -7.604880e+01
   endloop
 endfacet
 facet normal  1.580909e-01  0.000000e+00 -9.874246e-01
   outer loop
     vertex -1.632294e+02  3.805000e+02 -7.604880e+01
     vertex -1.634566e+02  3.805000e+02 -7.608518e+01
     vertex -1.634566e+02  3.825000e+02 -7.608518e+01
   endloop
 endfacet
 facet normal  3.796001e-01  1.196803e-14 -9.251507e-01
   outer loop
     vertex -1.630165e+02  3.805000e+02 -7.596146e+01
     vertex -1.632294e+02  3.825000e+02 -7.604880e+01
     vertex -1.630165e+02  3.825000e+02 -7.596146e+01
   endloop
 endfacet
 facet normal  3.796001e-01  1.176102e-15 -9.251507e-01
   outer loop
     vertex -1.630165e+02  3.805000e+02 -7.596146e+01
     vertex -1.632294e+02  3.805000e+02 -7.604880e+01
     vertex -1.632294e+02  3.825000e+02 -7.604880e+01
   endloop
 endfacet
 facet normal -5.033270e-01 -6.139771e-15  8.640960e-01
   outer loop
     vertex -1.639000e+02  3.805000e+02 -6.887932e+01
     vertex -1.639000e+02  3.825000e+02 -6.887932e+01
     vertex -1.640999e+02  3.825000e+02 -6.899576e+01
   endloop
 endfacet
 facet normal -6.884144e-01  0.000000e+00  7.253176e-01
   outer loop
     vertex -1.640999e+02  3.805000e+02 -6.899576e+01
     vertex -1.640999e+02  3.825000e+02 -6.899576e+01
     vertex -1.642677e+02  3.825000e+02 -6.915501e+01
   endloop
 endfacet
 facet normal -5.033270e-01  0.000000e+00  8.640960e-01
   outer loop
     vertex -1.640999e+02  3.805000e+02 -6.899576e+01
     vertex -1.639000e+02  3.805000e+02 -6.887932e+01
     vertex -1.640999e+02  3.825000e+02 -6.899576e+01
   endloop
 endfacet
 facet normal -8.366600e-01 -3.891803e-15  5.477226e-01
   outer loop
     vertex -1.642677e+02  3.805000e+02 -6.915501e+01
     vertex -1.642677e+02  3.825000e+02 -6.915501e+01
     vertex -1.643944e+02  3.825000e+02 -6.934856e+01
   endloop
 endfacet
 facet normal -6.884144e-01 -5.153692e-15  7.253176e-01
   outer loop
     vertex -1.642677e+02  3.805000e+02 -6.915501e+01
     vertex -1.640999e+02  3.805000e+02 -6.899576e+01
     vertex -1.642677e+02  3.825000e+02 -6.915501e+01
   endloop
 endfacet
 facet normal -9.401303e-01  2.421637e-15  3.408152e-01
   outer loop
     vertex -1.643944e+02  3.805000e+02 -6.934856e+01
     vertex -1.643944e+02  3.825000e+02 -6.934856e+01
     vertex -1.644732e+02  3.825000e+02 -6.956605e+01
   endloop
 endfacet
 facet normal -8.366600e-01  3.891803e-15  5.477226e-01
   outer loop
     vertex -1.643944e+02  3.805000e+02 -6.934856e+01
     vertex -1.642677e+02  3.805000e+02 -6.915501e+01
     vertex -1.643944e+02  3.825000e+02 -6.934856e+01
   endloop
 endfacet
 facet normal -9.932879e-01 -1.575922e-14  1.156685e-01
   outer loop
     vertex -1.644732e+02  3.805000e+02 -6.956605e+01
     vertex -1.644732e+02  3.825000e+02 -6.956605e+01
     vertex -1.645000e+02  3.825000e+02 -6.979583e+01
   endloop
 endfacet
 facet normal -9.401303e-01 -1.820333e-14  3.408152e-01
   outer loop
     vertex -1.644732e+02  3.805000e+02 -6.956605e+01
     vertex -1.643944e+02  3.805000e+02 -6.934856e+01
     vertex -1.644732e+02  3.825000e+02 -6.956605e+01
   endloop
 endfacet
 facet normal -9.932879e-01  0.000000e+00  1.156685e-01
   outer loop
     vertex -1.645000e+02  3.805000e+02 -6.979583e+01
     vertex -1.644732e+02  3.805000e+02 -6.956605e+01
     vertex -1.645000e+02  3.825000e+02 -6.979583e+01
   endloop
 endfacet
 facet normal  1.093282e-01  0.000000e+00 -9.940057e-01
   outer loop
     vertex -1.262702e+02  3.805000e+02 -1.075000e+02
     vertex -1.264876e+02  3.825000e+02 -1.075239e+02
     vertex -1.262702e+02  3.825000e+02 -1.075000e+02
   endloop
 endfacet
 facet normal  3.227575e-01 -2.476213e-14 -9.464817e-01
   outer loop
     vertex -1.264876e+02  3.805000e+02 -1.075239e+02
     vertex -1.266945e+02  3.825000e+02 -1.075945e+02
     vertex -1.264876e+02  3.825000e+02 -1.075239e+02
   endloop
 endfacet
 facet normal  1.093282e-01 -2.274215e-14 -9.940057e-01
   outer loop
     vertex -1.264876e+02  3.805000e+02 -1.075239e+02
     vertex -1.264876e+02  3.825000e+02 -1.075239e+02
     vertex -1.262702e+02  3.805000e+02 -1.075000e+02
   endloop
 endfacet
 facet normal  5.207556e-01  0.000000e+00 -8.537058e-01
   outer loop
     vertex -1.266945e+02  3.805000e+02 -1.075945e+02
     vertex -1.268812e+02  3.825000e+02 -1.077083e+02
     vertex -1.266945e+02  3.825000e+02 -1.075945e+02
   endloop
 endfacet
 facet normal  3.227575e-01  0.000000e+00 -9.464817e-01
   outer loop
     vertex -1.266945e+02  3.805000e+02 -1.075945e+02
     vertex -1.266945e+02  3.825000e+02 -1.075945e+02
     vertex -1.264876e+02  3.805000e+02 -1.075239e+02
   endloop
 endfacet
 facet normal  6.938561e-01 -1.516357e-14 -7.201137e-01
   outer loop
     vertex -1.268812e+02  3.805000e+02 -1.077083e+02
     vertex -1.270387e+02  3.825000e+02 -1.078601e+02
     vertex -1.268812e+02  3.825000e+02 -1.077083e+02
   endloop
 endfacet
 facet normal  5.207556e-01 -1.583208e-14 -8.537058e-01
   outer loop
     vertex -1.268812e+02  3.805000e+02 -1.077083e+02
     vertex -1.268812e+02  3.825000e+02 -1.077083e+02
     vertex -1.266945e+02  3.805000e+02 -1.075945e+02
   endloop
 endfacet
 facet normal  8.337829e-01  0.000000e+00 -5.520925e-01
   outer loop
     vertex -1.270387e+02  3.805000e+02 -1.078601e+02
     vertex -1.271594e+02  3.825000e+02 -1.080424e+02
     vertex -1.270387e+02  3.825000e+02 -1.078601e+02
   endloop
 endfacet
 facet normal  6.938561e-01  0.000000e+00 -7.201137e-01
   outer loop
     vertex -1.270387e+02  3.805000e+02 -1.078601e+02
     vertex -1.270387e+02  3.825000e+02 -1.078601e+02
     vertex -1.268812e+02  3.805000e+02 -1.077083e+02
   endloop
 endfacet
 facet normal  8.337829e-01 -9.847237e-15 -5.520925e-01
   outer loop
     vertex -1.271594e+02  3.805000e+02 -1.080424e+02
     vertex -1.271594e+02  3.825000e+02 -1.080424e+02
     vertex -1.270387e+02  3.805000e+02 -1.078601e+02
   endloop
 endfacet
 facet normal  8.337829e-01  0.000000e+00  5.520925e-01
   outer loop
     vertex -1.270387e+02  3.805000e+02 -8.213994e+01
     vertex -1.271594e+02  3.825000e+02 -8.195763e+01
     vertex -1.271594e+02  3.805000e+02 -8.195763e+01
   endloop
 endfacet
 facet normal  8.337829e-01 -2.001530e-15  5.520925e-01
   outer loop
     vertex -1.270387e+02  3.805000e+02 -8.213994e+01
     vertex -1.270387e+02  3.825000e+02 -8.213994e+01
     vertex -1.271594e+02  3.825000e+02 -8.195763e+01
   endloop
 endfacet
 facet normal  6.938561e-01 -4.557001e-15  7.201137e-01
   outer loop
     vertex -1.268812e+02  3.805000e+02 -8.229166e+01
     vertex -1.268812e+02  3.825000e+02 -8.229166e+01
     vertex -1.270387e+02  3.825000e+02 -8.213994e+01
   endloop
 endfacet
 facet normal  6.938561e-01  1.904054e-16  7.201137e-01
   outer loop
     vertex -1.268812e+02  3.805000e+02 -8.229166e+01
     vertex -1.270387e+02  3.825000e+02 -8.213994e+01
     vertex -1.270387e+02  3.805000e+02 -8.213994e+01
   endloop
 endfacet
 facet normal  5.207556e-01 -1.006926e-14  8.537058e-01
   outer loop
     vertex -1.266945e+02  3.805000e+02 -8.240552e+01
     vertex -1.266945e+02  3.825000e+02 -8.240552e+01
     vertex -1.268812e+02  3.825000e+02 -8.229166e+01
   endloop
 endfacet
 facet normal  5.207556e-01  1.031363e-15  8.537058e-01
   outer loop
     vertex -1.266945e+02  3.805000e+02 -8.240552e+01
     vertex -1.268812e+02  3.825000e+02 -8.229166e+01
     vertex -1.268812e+02  3.805000e+02 -8.229166e+01
   endloop
 endfacet
 facet normal  3.227575e-01 -1.162149e-14  9.464817e-01
   outer loop
     vertex -1.264876e+02  3.805000e+02 -8.247609e+01
     vertex -1.264876e+02  3.825000e+02 -8.247609e+01
     vertex -1.266945e+02  3.825000e+02 -8.240552e+01
   endloop
 endfacet
 facet normal  3.227575e-01 -3.094088e-16  9.464817e-01
   outer loop
     vertex -1.264876e+02  3.805000e+02 -8.247609e+01
     vertex -1.266945e+02  3.825000e+02 -8.240552e+01
     vertex -1.266945e+02  3.805000e+02 -8.240552e+01
   endloop
 endfacet
 facet normal  1.093282e-01 -0.000000e+00  9.940057e-01
   outer loop
     vertex -1.262702e+02  3.805000e+02 -8.250000e+01
     vertex -1.262702e+02  3.825000e+02 -8.250000e+01
     vertex -1.264876e+02  3.825000e+02 -8.247609e+01
   endloop
 endfacet
 facet normal  1.093282e-01  8.488909e-16  9.940057e-01
   outer loop
     vertex -1.262702e+02  3.805000e+02 -8.250000e+01
     vertex -1.264876e+02  3.825000e+02 -8.247609e+01
     vertex -1.264876e+02  3.805000e+02 -8.247609e+01
   endloop
 endfacet
 facet normal  2.588190e-01 -3.672661e-15  9.659258e-01
   outer loop
     vertex -1.319798e+02  3.805000e+02 -1.004984e+02
     vertex -1.346369e+02  3.825000e+02 -9.978640e+01
     vertex -1.346369e+02  3.805000e+02 -9.978640e+01
   endloop
 endfacet
 facet normal  2.588190e-01 -0.000000e+00  9.659258e-01
   outer loop
     vertex -1.319798e+02  3.805000e+02 -1.004984e+02
     vertex -1.319798e+02  3.825000e+02 -1.004984e+02
     vertex -1.346369e+02  3.825000e+02 -9.978640e+01
   endloop
 endfacet
 facet normal -7.857971e-01 -8.789191e-15  6.184843e-01
   outer loop
     vertex -1.392368e+02  3.805000e+02 -1.071692e+02
     vertex -1.375553e+02  3.825000e+02 -1.050327e+02
     vertex -1.392368e+02  3.825000e+02 -1.071692e+02
   endloop
 endfacet
 facet normal -8.699875e-01  0.000000e+00  4.930737e-01
   outer loop
     vertex -1.375553e+02  3.805000e+02 -1.050327e+02
     vertex -1.362146e+02  3.825000e+02 -1.026673e+02
     vertex -1.375553e+02  3.825000e+02 -1.050327e+02
   endloop
 endfacet
 facet normal -7.857971e-01  0.000000e+00  6.184843e-01
   outer loop
     vertex -1.375553e+02  3.805000e+02 -1.050327e+02
     vertex -1.375553e+02  3.825000e+02 -1.050327e+02
     vertex -1.392368e+02  3.805000e+02 -1.071692e+02
   endloop
 endfacet
 facet normal -9.343284e-01  0.000000e+00  3.564133e-01
   outer loop
     vertex -1.362146e+02  3.805000e+02 -1.026673e+02
     vertex -1.352456e+02  3.825000e+02 -1.001270e+02
     vertex -1.362146e+02  3.825000e+02 -1.026673e+02
   endloop
 endfacet
 facet normal -8.699875e-01  0.000000e+00  4.930737e-01
   outer loop
     vertex -1.362146e+02  3.805000e+02 -1.026673e+02
     vertex -1.362146e+02  3.825000e+02 -1.026673e+02
     vertex -1.375553e+02  3.805000e+02 -1.050327e+02
   endloop
 endfacet
 facet normal -9.343284e-01 -1.327761e-14  3.564133e-01
   outer loop
     vertex -1.352456e+02  3.805000e+02 -1.001270e+02
     vertex -1.352456e+02  3.825000e+02 -1.001270e+02
     vertex -1.362146e+02  3.805000e+02 -1.026673e+02
   endloop
 endfacet
 facet normal -1.066275e-01 -1.515052e-15  9.942990e-01
   outer loop
     vertex -1.348723e+02  3.805000e+02 -9.978074e+01
     vertex -1.347663e+02  3.805000e+02 -9.976937e+01
     vertex -1.347663e+02  3.825000e+02 -9.976937e+01
   endloop
 endfacet
 facet normal -1.066275e-01 -1.515267e-15  9.942990e-01
   outer loop
     vertex -1.348723e+02  3.805000e+02 -9.978074e+01
     vertex -1.347663e+02  3.825000e+02 -9.976937e+01
     vertex -1.348723e+02  3.825000e+02 -9.978074e+01
   endloop
 endfacet
 facet normal -3.150332e-01  0.000000e+00  9.490806e-01
   outer loop
     vertex -1.349735e+02  3.805000e+02 -9.981433e+01
     vertex -1.348723e+02  3.825000e+02 -9.978074e+01
     vertex -1.349735e+02  3.825000e+02 -9.981433e+01
   endloop
 endfacet
 facet normal -3.150332e-01 -4.478046e-15  9.490806e-01
   outer loop
     vertex -1.349735e+02  3.805000e+02 -9.981433e+01
     vertex -1.348723e+02  3.805000e+02 -9.978074e+01
     vertex -1.348723e+02  3.825000e+02 -9.978074e+01
   endloop
 endfacet
 facet normal -5.091120e-01  0.000000e+00  8.607003e-01
   outer loop
     vertex -1.350653e+02  3.805000e+02 -9.986861e+01
     vertex -1.349735e+02  3.825000e+02 -9.981433e+01
     vertex -1.350653e+02  3.825000e+02 -9.986861e+01
   endloop
 endfacet
 facet normal -5.091120e-01  0.000000e+00  8.607003e-01
   outer loop
     vertex -1.350653e+02  3.805000e+02 -9.986861e+01
     vertex -1.349735e+02  3.805000e+02 -9.981433e+01
     vertex -1.349735e+02  3.825000e+02 -9.981433e+01
   endloop
 endfacet
 facet normal -6.800376e-01 -9.663915e-15  7.331773e-01
   outer loop
     vertex -1.351435e+02  3.805000e+02 -9.994112e+01
     vertex -1.350653e+02  3.825000e+02 -9.986861e+01
     vertex -1.351435e+02  3.825000e+02 -9.994112e+01
   endloop
 endfacet
 facet normal -6.800376e-01  0.000000e+00  7.331773e-01
   outer loop
     vertex -1.351435e+02  3.805000e+02 -9.994112e+01
     vertex -1.350653e+02  3.805000e+02 -9.986861e+01
     vertex -1.350653e+02  3.825000e+02 -9.986861e+01
   endloop
 endfacet
 facet normal -9.227423e-01  0.000000e+00  3.854175e-01
   outer loop
     vertex -1.352045e+02  3.805000e+02 -1.000286e+02
     vertex -1.352045e+02  3.825000e+02 -1.000286e+02
     vertex -1.352456e+02  3.825000e+02 -1.001270e+02
   endloop
 endfacet
 facet normal -8.200366e-01  0.000000e+00  5.723111e-01
   outer loop
     vertex -1.352045e+02  3.805000e+02 -1.000286e+02
     vertex -1.351435e+02  3.825000e+02 -9.994112e+01
     vertex -1.352045e+02  3.825000e+02 -1.000286e+02
   endloop
 endfacet
 facet normal -8.200366e-01 -1.165268e-14  5.723111e-01
   outer loop
     vertex -1.352045e+02  3.805000e+02 -1.000286e+02
     vertex -1.351435e+02  3.805000e+02 -9.994112e+01
     vertex -1.351435e+02  3.825000e+02 -9.994112e+01
   endloop
 endfacet
 facet normal -9.227423e-01 -1.311296e-14  3.854175e-01
   outer loop
     vertex -1.352456e+02  3.805000e+02 -1.001270e+02
     vertex -1.352045e+02  3.805000e+02 -1.000286e+02
     vertex -1.352456e+02  3.825000e+02 -1.001270e+02
   endloop
 endfacet
 facet normal  1.473800e-01  0.000000e+00  9.890799e-01
   outer loop
     vertex -1.318674e+02  3.805000e+02 -1.005151e+02
     vertex -1.319798e+02  3.825000e+02 -1.004984e+02
     vertex -1.319798e+02  3.805000e+02 -1.004984e+02
   endloop
 endfacet
 facet normal  1.473800e-01 -0.000000e+00  9.890799e-01
   outer loop
     vertex -1.318674e+02  3.805000e+02 -1.005151e+02
     vertex -1.318674e+02  3.825000e+02 -1.005151e+02
     vertex -1.319798e+02  3.825000e+02 -1.004984e+02
   endloop
 endfacet
 facet normal -7.975750e-02  0.000000e+00  9.968143e-01
   outer loop
     vertex -1.317541e+02  3.805000e+02 -1.005061e+02
     vertex -1.317541e+02  3.825000e+02 -1.005061e+02
     vertex -1.318674e+02  3.825000e+02 -1.005151e+02
   endloop
 endfacet
 facet normal -7.975750e-02  0.000000e+00  9.968143e-01
   outer loop
     vertex -1.317541e+02  3.805000e+02 -1.005061e+02
     vertex -1.318674e+02  3.825000e+02 -1.005151e+02
     vertex -1.318674e+02  3.805000e+02 -1.005151e+02
   endloop
 endfacet
 facet normal -3.027754e-01  0.000000e+00  9.530619e-01
   outer loop
     vertex -1.316458e+02  3.805000e+02 -1.004717e+02
     vertex -1.316458e+02  3.825000e+02 -1.004717e+02
     vertex -1.317541e+02  3.825000e+02 -1.005061e+02
   endloop
 endfacet
 facet normal -3.027754e-01  0.000000e+00  9.530619e-01
   outer loop
     vertex -1.316458e+02  3.805000e+02 -1.004717e+02
     vertex -1.317541e+02  3.825000e+02 -1.005061e+02
     vertex -1.317541e+02  3.805000e+02 -1.005061e+02
   endloop
 endfacet
 facet normal -5.101546e-01 -6.111255e-15  8.600827e-01
   outer loop
     vertex -1.315481e+02  3.805000e+02 -1.004137e+02
     vertex -1.315481e+02  3.825000e+02 -1.004137e+02
     vertex -1.316458e+02  3.825000e+02 -1.004717e+02
   endloop
 endfacet
 facet normal -5.101546e-01  0.000000e+00  8.600827e-01
   outer loop
     vertex -1.315481e+02  3.805000e+02 -1.004137e+02
     vertex -1.316458e+02  3.825000e+02 -1.004717e+02
     vertex -1.316458e+02  3.805000e+02 -1.004717e+02
   endloop
 endfacet
 facet normal -6.911837e-01  0.000000e+00  7.226791e-01
   outer loop
     vertex -1.314659e+02  3.805000e+02 -1.003351e+02
     vertex -1.314659e+02  3.825000e+02 -1.003351e+02
     vertex -1.315481e+02  3.825000e+02 -1.004137e+02
   endloop
 endfacet
 facet normal -6.911837e-01 -5.136944e-15  7.226791e-01
   outer loop
     vertex -1.314659e+02  3.805000e+02 -1.003351e+02
     vertex -1.315481e+02  3.825000e+02 -1.004137e+02
     vertex -1.315481e+02  3.805000e+02 -1.004137e+02
   endloop
 endfacet
 facet normal -8.365122e-01  0.000000e+00  5.479482e-01
   outer loop
     vertex -1.314037e+02  3.805000e+02 -1.002401e+02
     vertex -1.314037e+02  3.825000e+02 -1.002401e+02
     vertex -1.314659e+02  3.825000e+02 -1.003351e+02
   endloop
 endfacet
 facet normal -8.365122e-01  0.000000e+00  5.479482e-01
   outer loop
     vertex -1.314037e+02  3.805000e+02 -1.002401e+02
     vertex -1.314659e+02  3.825000e+02 -1.003351e+02
     vertex -1.314659e+02  3.805000e+02 -1.003351e+02
   endloop
 endfacet
 facet normal -9.386339e-01  0.000000e+00  3.449151e-01
   outer loop
     vertex -1.313645e+02  3.805000e+02 -1.001334e+02
     vertex -1.313645e+02  3.825000e+02 -1.001334e+02
     vertex -1.314037e+02  3.825000e+02 -1.002401e+02
   endloop
 endfacet
 facet normal -9.386339e-01  0.000000e+00  3.449151e-01
   outer loop
     vertex -1.313645e+02  3.805000e+02 -1.001334e+02
     vertex -1.314037e+02  3.825000e+02 -1.002401e+02
     vertex -1.314037e+02  3.805000e+02 -1.002401e+02
   endloop
 endfacet
 facet normal -8.146481e-01  0.000000e+00  5.799555e-01
   outer loop
     vertex -1.393800e+02  3.805000e+02 -1.073703e+02
     vertex -1.392368e+02  3.825000e+02 -1.071692e+02
     vertex -1.393800e+02  3.825000e+02 -1.073703e+02
   endloop
 endfacet
 facet normal -8.146481e-01 -8.243566e-15  5.799555e-01
   outer loop
     vertex -1.393800e+02  3.805000e+02 -1.073703e+02
     vertex -1.392368e+02  3.805000e+02 -1.071692e+02
     vertex -1.392368e+02  3.825000e+02 -1.071692e+02
   endloop
 endfacet
 facet normal -9.318911e-01 -1.066556e-14  3.627381e-01
   outer loop
     vertex -1.394695e+02  3.805000e+02 -1.076003e+02
     vertex -1.393800e+02  3.825000e+02 -1.073703e+02
     vertex -1.394695e+02  3.825000e+02 -1.076003e+02
   endloop
 endfacet
 facet normal -9.318911e-01  0.000000e+00  3.627381e-01
   outer loop
     vertex -1.394695e+02  3.805000e+02 -1.076003e+02
     vertex -1.393800e+02  3.805000e+02 -1.073703e+02
     vertex -1.393800e+02  3.825000e+02 -1.073703e+02
   endloop
 endfacet
 facet normal -9.923546e-01  0.000000e+00  1.234193e-01
   outer loop
     vertex -1.395000e+02  3.805000e+02 -1.078452e+02
     vertex -1.394695e+02  3.825000e+02 -1.076003e+02
     vertex -1.395000e+02  3.825000e+02 -1.078452e+02
   endloop
 endfacet
 facet normal -9.923546e-01 -1.322625e-14  1.234193e-01
   outer loop
     vertex -1.395000e+02  3.805000e+02 -1.078452e+02
     vertex -1.394695e+02  3.805000e+02 -1.076003e+02
     vertex -1.394695e+02  3.825000e+02 -1.076003e+02
   endloop
 endfacet
 facet normal  0.000000e+00  3.355772e-02 -9.994368e-01
   outer loop
     vertex -1.134000e+02  4.422712e+02 -1.173202e+02
     vertex -1.154000e+02  4.426808e+02 -1.173065e+02
     vertex -1.134000e+02  4.426808e+02 -1.173065e+02
   endloop
 endfacet
 facet normal  0.000000e+00  3.355772e-02 -9.994368e-01
   outer loop
     vertex -1.134000e+02  4.422712e+02 -1.173202e+02
     vertex -1.154000e+02  4.422712e+02 -1.173202e+02
     vertex -1.154000e+02  4.426808e+02 -1.173065e+02
   endloop
 endfacet
 facet normal  0.000000e+00  2.717635e-01 -9.623641e-01
   outer loop
     vertex -1.134000e+02  4.418768e+02 -1.174316e+02
     vertex -1.154000e+02  4.418768e+02 -1.174316e+02
     vertex -1.154000e+02  4.422712e+02 -1.173202e+02
   endloop
 endfacet
 facet normal  0.000000e+00  2.717635e-01 -9.623641e-01
   outer loop
     vertex -1.134000e+02  4.418768e+02 -1.174316e+02
     vertex -1.154000e+02  4.422712e+02 -1.173202e+02
     vertex -1.134000e+02  4.422712e+02 -1.173202e+02
   endloop
 endfacet
 facet normal  0.000000e+00  4.941753e-01 -8.693623e-01
   outer loop
     vertex -1.134000e+02  4.415205e+02 -1.176341e+02
     vertex -1.154000e+02  4.415205e+02 -1.176341e+02
     vertex -1.154000e+02  4.418768e+02 -1.174316e+02
   endloop
 endfacet
 facet normal  0.000000e+00  4.941753e-01 -8.693623e-01
   outer loop
     vertex -1.134000e+02  4.415205e+02 -1.176341e+02
     vertex -1.154000e+02  4.418768e+02 -1.174316e+02
     vertex -1.134000e+02  4.418768e+02 -1.174316e+02
   endloop
 endfacet
 facet normal  0.000000e+00  6.878675e-01 -7.258363e-01
   outer loop
     vertex -1.134000e+02  4.412230e+02 -1.179160e+02
     vertex -1.154000e+02  4.412230e+02 -1.179160e+02
     vertex -1.154000e+02  4.415205e+02 -1.176341e+02
   endloop
 endfacet
 facet normal  0.000000e+00  6.878675e-01 -7.258363e-01
   outer loop
     vertex -1.134000e+02  4.412230e+02 -1.179160e+02
     vertex -1.154000e+02  4.415205e+02 -1.176341e+02
     vertex -1.134000e+02  4.415205e+02 -1.176341e+02
   endloop
 endfacet
 facet normal  0.000000e+00  8.415833e-01 -5.401273e-01
   outer loop
     vertex -1.134000e+02  4.410017e+02 -1.182609e+02
     vertex -1.154000e+02  4.410017e+02 -1.182609e+02
     vertex -1.154000e+02  4.412230e+02 -1.179160e+02
   endloop
 endfacet
 facet normal  0.000000e+00  8.415833e-01 -5.401273e-01
   outer loop
     vertex -1.134000e+02  4.410017e+02 -1.182609e+02
     vertex -1.154000e+02  4.412230e+02 -1.179160e+02
     vertex -1.134000e+02  4.412230e+02 -1.179160e+02
   endloop
 endfacet
 facet normal  0.000000e+00  9.463894e-01 -3.230282e-01
   outer loop
     vertex -1.134000e+02  4.408693e+02 -1.186488e+02
     vertex -1.154000e+02  4.408693e+02 -1.186488e+02
     vertex -1.154000e+02  4.410017e+02 -1.182609e+02
   endloop
 endfacet
 facet normal  0.000000e+00  9.463894e-01 -3.230282e-01
   outer loop
     vertex -1.134000e+02  4.408693e+02 -1.186488e+02
     vertex -1.154000e+02  4.410017e+02 -1.182609e+02
     vertex -1.134000e+02  4.410017e+02 -1.182609e+02
   endloop
 endfacet
 facet normal  0.000000e+00  9.961947e-01 -8.715574e-02
   outer loop
     vertex -1.134000e+02  4.408336e+02 -1.190570e+02
     vertex -1.154000e+02  4.408336e+02 -1.190570e+02
     vertex -1.154000e+02  4.408693e+02 -1.186488e+02
   endloop
 endfacet
 facet normal  0.000000e+00  9.961947e-01 -8.715574e-02
   outer loop
     vertex -1.134000e+02  4.408336e+02 -1.190570e+02
     vertex -1.154000e+02  4.408693e+02 -1.186488e+02
     vertex -1.134000e+02  4.408693e+02 -1.186488e+02
   endloop
 endfacet
 facet normal  0.000000e+00  9.881048e-01  1.537818e-01
   outer loop
     vertex -1.134000e+02  4.408966e+02 -1.194620e+02
     vertex -1.154000e+02  4.408966e+02 -1.194620e+02
     vertex -1.154000e+02  4.408336e+02 -1.190570e+02
   endloop
 endfacet
 facet normal  0.000000e+00  9.881048e-01  1.537818e-01
   outer loop
     vertex -1.134000e+02  4.408966e+02 -1.194620e+02
     vertex -1.154000e+02  4.408336e+02 -1.190570e+02
     vertex -1.134000e+02  4.408336e+02 -1.190570e+02
   endloop
 endfacet
 facet normal  0.000000e+00  9.225899e-01  3.857822e-01
   outer loop
     vertex -1.134000e+02  4.410547e+02 -1.198401e+02
     vertex -1.154000e+02  4.410547e+02 -1.198401e+02
     vertex -1.154000e+02  4.408966e+02 -1.194620e+02
   endloop
 endfacet
 facet normal  0.000000e+00  9.225899e-01  3.857822e-01
   outer loop
     vertex -1.134000e+02  4.410547e+02 -1.198401e+02
     vertex -1.154000e+02  4.408966e+02 -1.194620e+02
     vertex -1.134000e+02  4.408966e+02 -1.194620e+02
   endloop
 endfacet
 facet normal  0.000000e+00  6.376309e-01  7.703421e-01
   outer loop
     vertex -1.134000e+02  4.412987e+02 -1.201694e+02
     vertex -1.154000e+02  4.416144e+02 -1.204307e+02
     vertex -1.154000e+02  4.412987e+02 -1.201694e+02
   endloop
 endfacet
 facet normal  0.000000e+00  8.034574e-01  5.953623e-01
   outer loop
     vertex -1.134000e+02  4.412987e+02 -1.201694e+02
     vertex -1.154000e+02  4.412987e+02 -1.201694e+02
     vertex -1.154000e+02  4.410547e+02 -1.198401e+02
   endloop
 endfacet
 facet normal  0.000000e+00  8.034574e-01  5.953623e-01
   outer loop
     vertex -1.134000e+02  4.412987e+02 -1.201694e+02
     vertex -1.154000e+02  4.410547e+02 -1.198401e+02
     vertex -1.134000e+02  4.410547e+02 -1.198401e+02
   endloop
 endfacet
 facet normal  0.000000e+00  4.347475e-01  9.005524e-01
   outer loop
     vertex -1.134000e+02  4.416144e+02 -1.204307e+02
     vertex -1.154000e+02  4.419835e+02 -1.206089e+02
     vertex -1.154000e+02  4.416144e+02 -1.204307e+02
   endloop
 endfacet
 facet normal  0.000000e+00  6.376309e-01  7.703421e-01
   outer loop
     vertex -1.134000e+02  4.416144e+02 -1.204307e+02
     vertex -1.154000e+02  4.416144e+02 -1.204307e+02
     vertex -1.134000e+02  4.412987e+02 -1.201694e+02
   endloop
 endfacet
 facet normal  0.000000e+00  4.347475e-01  9.005524e-01
   outer loop
     vertex -1.134000e+02  4.419835e+02 -1.206089e+02
     vertex -1.154000e+02  4.419835e+02 -1.206089e+02
     vertex -1.134000e+02  4.416144e+02 -1.204307e+02
   endloop
 endfacet
 facet normal  0.000000e+00  2.065983e-01  9.784259e-01
   outer loop
     vertex -1.134000e+02  4.423845e+02 -1.206935e+02
     vertex -1.154000e+02  4.423845e+02 -1.206935e+02
     vertex -1.154000e+02  4.419835e+02 -1.206089e+02
   endloop
 endfacet
 facet normal  0.000000e+00  2.065983e-01  9.784259e-01
   outer loop
     vertex -1.134000e+02  4.423845e+02 -1.206935e+02
     vertex -1.154000e+02  4.419835e+02 -1.206089e+02
     vertex -1.134000e+02  4.419835e+02 -1.206089e+02
   endloop
 endfacet
 facet normal -7.101652e-15  3.355772e-02 -9.994368e-01
   outer loop
     vertex -1.134000e+02  4.349050e+02 -9.705532e+01
     vertex -1.154000e+02  4.353146e+02 -9.704156e+01
     vertex -1.134000e+02  4.353146e+02 -9.704156e+01
   endloop
 endfacet
 facet normal  0.000000e+00  3.355772e-02 -9.994368e-01
   outer loop
     vertex -1.134000e+02  4.349050e+02 -9.705532e+01
     vertex -1.154000e+02  4.349050e+02 -9.705532e+01
     vertex -1.154000e+02  4.353146e+02 -9.704156e+01
   endloop
 endfacet
 facet normal -6.838008e-15  2.717635e-01 -9.623641e-01
   outer loop
     vertex -1.134000e+02  4.345106e+02 -9.716669e+01
     vertex -1.154000e+02  4.345106e+02 -9.716669e+01
     vertex -1.154000e+02  4.349050e+02 -9.705532e+01
   endloop
 endfacet
 facet normal  0.000000e+00  2.717635e-01 -9.623641e-01
   outer loop
     vertex -1.134000e+02  4.345106e+02 -9.716669e+01
     vertex -1.154000e+02  4.349050e+02 -9.705532e+01
     vertex -1.134000e+02  4.349050e+02 -9.705532e+01
   endloop
 endfacet
 facet normal  0.000000e+00  4.941753e-01 -8.693623e-01
   outer loop
     vertex -1.134000e+02  4.341543e+02 -9.736922e+01
     vertex -1.154000e+02  4.341543e+02 -9.736922e+01
     vertex -1.154000e+02  4.345106e+02 -9.716669e+01
   endloop
 endfacet
 facet normal -6.163019e-15  4.941753e-01 -8.693623e-01
   outer loop
     vertex -1.134000e+02  4.341543e+02 -9.736922e+01
     vertex -1.154000e+02  4.345106e+02 -9.716669e+01
     vertex -1.134000e+02  4.345106e+02 -9.716669e+01
   endloop
 endfacet
 facet normal  0.000000e+00  6.878675e-01 -7.258363e-01
   outer loop
     vertex -1.134000e+02  4.338568e+02 -9.765112e+01
     vertex -1.154000e+02  4.338568e+02 -9.765112e+01
     vertex -1.154000e+02  4.341543e+02 -9.736922e+01
   endloop
 endfacet
 facet normal  0.000000e+00  6.878675e-01 -7.258363e-01
   outer loop
     vertex -1.134000e+02  4.338568e+02 -9.765112e+01
     vertex -1.154000e+02  4.341543e+02 -9.736922e+01
     vertex -1.134000e+02  4.341543e+02 -9.736922e+01
   endloop
 endfacet
 facet normal -3.837836e-15  8.415833e-01 -5.401273e-01
   outer loop
     vertex -1.134000e+02  4.336355e+02 -9.799602e+01
     vertex -1.154000e+02  4.336355e+02 -9.799602e+01
     vertex -1.154000e+02  4.338568e+02 -9.765112e+01
   endloop
 endfacet
 facet normal  0.000000e+00  8.415833e-01 -5.401273e-01
   outer loop
     vertex -1.134000e+02  4.336355e+02 -9.799602e+01
     vertex -1.154000e+02  4.338568e+02 -9.765112e+01
     vertex -1.134000e+02  4.338568e+02 -9.765112e+01
   endloop
 endfacet
 facet normal  0.000000e+00  9.463894e-01 -3.230282e-01
   outer loop
     vertex -1.134000e+02  4.335031e+02 -9.838388e+01
     vertex -1.154000e+02  4.335031e+02 -9.838388e+01
     vertex -1.154000e+02  4.336355e+02 -9.799602e+01
   endloop
 endfacet
 facet normal -2.294201e-15  9.463894e-01 -3.230282e-01
   outer loop
     vertex -1.134000e+02  4.335031e+02 -9.838388e+01
     vertex -1.154000e+02  4.336355e+02 -9.799602e+01
     vertex -1.134000e+02  4.336355e+02 -9.799602e+01
   endloop
 endfacet
 facet normal  0.000000e+00  9.881048e-01  1.537818e-01
   outer loop
     vertex -1.134000e+02  4.334674e+02 -9.879214e+01
     vertex -1.154000e+02  4.335304e+02 -9.919709e+01
     vertex -1.154000e+02  4.334674e+02 -9.879214e+01
   endloop
 endfacet
 facet normal  0.000000e+00  9.961947e-01 -8.715574e-02
   outer loop
     vertex -1.134000e+02  4.334674e+02 -9.879214e+01
     vertex -1.154000e+02  4.334674e+02 -9.879214e+01
     vertex -1.154000e+02  4.335031e+02 -9.838388e+01
   endloop
 endfacet
 facet normal  0.000000e+00  9.961947e-01 -8.715574e-02
   outer loop
     vertex -1.134000e+02  4.334674e+02 -9.879214e+01
     vertex -1.154000e+02  4.335031e+02 -9.838388e+01
     vertex -1.134000e+02  4.335031e+02 -9.838388e+01
   endloop
 endfacet
 facet normal  0.000000e+00  9.881048e-01  1.537818e-01
   outer loop
     vertex -1.134000e+02  4.335304e+02 -9.919709e+01
     vertex -1.154000e+02  4.335304e+02 -9.919709e+01
     vertex -1.134000e+02  4.334674e+02 -9.879214e+01
   endloop
 endfacet
 facet normal  0.000000e+00  9.225899e-01  3.857822e-01
   outer loop
     vertex -1.134000e+02  4.336885e+02 -9.957519e+01
     vertex -1.154000e+02  4.336885e+02 -9.957519e+01
     vertex -1.154000e+02  4.335304e+02 -9.919709e+01
   endloop
 endfacet
 facet normal  0.000000e+00  9.225899e-01  3.857822e-01
   outer loop
     vertex -1.134000e+02  4.336885e+02 -9.957519e+01
     vertex -1.154000e+02  4.335304e+02 -9.919709e+01
     vertex -1.134000e+02  4.335304e+02 -9.919709e+01
   endloop
 endfacet
 facet normal  0.000000e+00  8.034574e-01  5.953623e-01
   outer loop
     vertex -1.134000e+02  4.339325e+02 -9.990447e+01
     vertex -1.154000e+02  4.339325e+02 -9.990447e+01
     vertex -1.154000e+02  4.336885e+02 -9.957519e+01
   endloop
 endfacet
 facet normal  0.000000e+00  8.034574e-01  5.953623e-01
   outer loop
     vertex -1.134000e+02  4.339325e+02 -9.990447e+01
     vertex -1.154000e+02  4.336885e+02 -9.957519e+01
     vertex -1.134000e+02  4.336885e+02 -9.957519e+01
   endloop
 endfacet
 facet normal  0.000000e+00  6.376309e-01  7.703421e-01
   outer loop
     vertex -1.134000e+02  4.342482e+02 -1.001658e+02
     vertex -1.154000e+02  4.342482e+02 -1.001658e+02
     vertex -1.154000e+02  4.339325e+02 -9.990447e+01
   endloop
 endfacet
 facet normal  0.000000e+00  6.376309e-01  7.703421e-01
   outer loop
     vertex -1.134000e+02  4.342482e+02 -1.001658e+02
     vertex -1.154000e+02  4.339325e+02 -9.990447e+01
     vertex -1.134000e+02  4.339325e+02 -9.990447e+01
   endloop
 endfacet
 facet normal  0.000000e+00  2.065983e-01  9.784259e-01
   outer loop
     vertex -1.134000e+02  4.346173e+02 -1.003440e+02
     vertex -1.154000e+02  4.350182e+02 -1.004286e+02
     vertex -1.154000e+02  4.346173e+02 -1.003440e+02
   endloop
 endfacet
 facet normal  0.000000e+00  4.347475e-01  9.005524e-01
   outer loop
     vertex -1.134000e+02  4.346173e+02 -1.003440e+02
     vertex -1.154000e+02  4.346173e+02 -1.003440e+02
     vertex -1.154000e+02  4.342482e+02 -1.001658e+02
   endloop
 endfacet
 facet normal  0.000000e+00  4.347475e-01  9.005524e-01
   outer loop
     vertex -1.134000e+02  4.346173e+02 -1.003440e+02
     vertex -1.154000e+02  4.342482e+02 -1.001658e+02
     vertex -1.134000e+02  4.342482e+02 -1.001658e+02
   endloop
 endfacet
 facet normal  0.000000e+00  2.065983e-01  9.784259e-01
   outer loop
     vertex -1.134000e+02  4.350182e+02 -1.004286e+02
     vertex -1.154000e+02  4.350182e+02 -1.004286e+02
     vertex -1.134000e+02  4.346173e+02 -1.003440e+02
   endloop
 endfacet
 facet normal -3.481500e-13 -5.716351e-04 -9.999998e-01
   outer loop
     vertex -1.154000e+02  4.580000e+02 -1.235000e+02
     vertex -1.134000e+02  4.360258e+02 -1.234874e+02
     vertex -1.154000e+02  4.360258e+02 -1.234874e+02
   endloop
 endfacet
 facet normal  1.624685e-17 -5.716351e-04 -9.999998e-01
   outer loop
     vertex -1.154000e+02  4.580000e+02 -1.235000e+02
     vertex -1.134000e+02  4.580000e+02 -1.235000e+02
     vertex -1.134000e+02  4.360258e+02 -1.234874e+02
   endloop
 endfacet
endsolid
