solid 
 facet normal  2.097071e-15 -2.065983e-01 -9.784259e-01
   outer loop
     vertex -1.896000e+02  4.657124e+02 -8.706701e+01
     vertex -1.840000e+02  4.654176e+02 -8.700476e+01
     vertex -1.896000e+02  4.654176e+02 -8.700476e+01
   endloop
 endfacet
 facet normal  0.000000e+00 -2.065983e-01 -9.784259e-01
   outer loop
     vertex -1.896000e+02  4.657124e+02 -8.706701e+01
     vertex -1.840000e+02  4.657124e+02 -8.706701e+01
     vertex -1.840000e+02  4.654176e+02 -8.700476e+01
   endloop
 endfacet
 facet normal  0.000000e+00 -4.347475e-01 -9.005524e-01
   outer loop
     vertex -1.896000e+02  4.659838e+02 -8.719802e+01
     vertex -1.840000e+02  4.659838e+02 -8.719802e+01
     vertex -1.840000e+02  4.657124e+02 -8.706701e+01
   endloop
 endfacet
 facet normal  0.000000e+00 -6.376309e-01 -7.703421e-01
   outer loop
     vertex -1.896000e+02  4.659838e+02 -8.719802e+01
     vertex -1.840000e+02  4.662160e+02 -8.739017e+01
     vertex -1.840000e+02  4.659838e+02 -8.719802e+01
   endloop
 endfacet
 facet normal  0.000000e+00 -4.347475e-01 -9.005524e-01
   outer loop
     vertex -1.896000e+02  4.659838e+02 -8.719802e+01
     vertex -1.840000e+02  4.657124e+02 -8.706701e+01
     vertex -1.896000e+02  4.657124e+02 -8.706701e+01
   endloop
 endfacet
 facet normal  6.472342e-15 -6.376309e-01 -7.703421e-01
   outer loop
     vertex -1.896000e+02  4.662160e+02 -8.739017e+01
     vertex -1.840000e+02  4.662160e+02 -8.739017e+01
     vertex -1.896000e+02  4.659838e+02 -8.719802e+01
   endloop
 endfacet
 facet normal  8.155583e-15 -8.034574e-01 -5.953623e-01
   outer loop
     vertex -1.896000e+02  4.663954e+02 -8.763228e+01
     vertex -1.840000e+02  4.663954e+02 -8.763228e+01
     vertex -1.840000e+02  4.662160e+02 -8.739017e+01
   endloop
 endfacet
 facet normal  8.153906e-15 -8.034574e-01 -5.953623e-01
   outer loop
     vertex -1.896000e+02  4.663954e+02 -8.763228e+01
     vertex -1.840000e+02  4.662160e+02 -8.739017e+01
     vertex -1.896000e+02  4.662160e+02 -8.739017e+01
   endloop
 endfacet
 facet normal  9.364851e-15 -9.225899e-01 -3.857822e-01
   outer loop
     vertex -1.896000e+02  4.665116e+02 -8.791030e+01
     vertex -1.840000e+02  4.665116e+02 -8.791030e+01
     vertex -1.840000e+02  4.663954e+02 -8.763228e+01
   endloop
 endfacet
 facet normal  9.362806e-15 -9.225899e-01 -3.857822e-01
   outer loop
     vertex -1.896000e+02  4.665116e+02 -8.791030e+01
     vertex -1.840000e+02  4.663954e+02 -8.763228e+01
     vertex -1.896000e+02  4.663954e+02 -8.763228e+01
   endloop
 endfacet
 facet normal  0.000000e+00 -9.881048e-01 -1.537818e-01
   outer loop
     vertex -1.896000e+02  4.665580e+02 -8.820805e+01
     vertex -1.840000e+02  4.665580e+02 -8.820805e+01
     vertex -1.840000e+02  4.665116e+02 -8.791030e+01
   endloop
 endfacet
 facet normal  1.002996e-14 -9.881048e-01 -1.537818e-01
   outer loop
     vertex -1.896000e+02  4.665580e+02 -8.820805e+01
     vertex -1.840000e+02  4.665116e+02 -8.791030e+01
     vertex -1.896000e+02  4.665116e+02 -8.791030e+01
   endloop
 endfacet
 facet normal  1.011198e-14 -9.961947e-01  8.715574e-02
   outer loop
     vertex -1.896000e+02  4.665317e+02 -8.850825e+01
     vertex -1.840000e+02  4.665317e+02 -8.850825e+01
     vertex -1.840000e+02  4.665580e+02 -8.820805e+01
   endloop
 endfacet
 facet normal  0.000000e+00 -9.961947e-01  8.715574e-02
   outer loop
     vertex -1.896000e+02  4.665317e+02 -8.850825e+01
     vertex -1.840000e+02  4.665580e+02 -8.820805e+01
     vertex -1.896000e+02  4.665580e+02 -8.820805e+01
   endloop
 endfacet
 facet normal  1.042616e-14 -9.463894e-01  3.230282e-01
   outer loop
     vertex -1.896000e+02  4.664343e+02 -8.879343e+01
     vertex -1.840000e+02  4.664343e+02 -8.879343e+01
     vertex -1.840000e+02  4.665317e+02 -8.850825e+01
   endloop
 endfacet
 facet normal  9.913240e-15 -8.415833e-01  5.401273e-01
   outer loop
     vertex -1.896000e+02  4.664343e+02 -8.879343e+01
     vertex -1.840000e+02  4.662716e+02 -8.904704e+01
     vertex -1.840000e+02  4.664343e+02 -8.879343e+01
   endloop
 endfacet
 facet normal  9.607464e-15 -9.463894e-01  3.230282e-01
   outer loop
     vertex -1.896000e+02  4.664343e+02 -8.879343e+01
     vertex -1.840000e+02  4.665317e+02 -8.850825e+01
     vertex -1.896000e+02  4.665317e+02 -8.850825e+01
   endloop
 endfacet
 facet normal  1.708517e-14 -8.415833e-01  5.401273e-01
   outer loop
     vertex -1.896000e+02  4.662716e+02 -8.904704e+01
     vertex -1.840000e+02  4.662716e+02 -8.904704e+01
     vertex -1.896000e+02  4.664343e+02 -8.879343e+01
   endloop
 endfacet
 facet normal  0.000000e+00 -6.878675e-01  7.258363e-01
   outer loop
     vertex -1.896000e+02  4.660529e+02 -8.925432e+01
     vertex -1.840000e+02  4.660529e+02 -8.925432e+01
     vertex -1.840000e+02  4.662716e+02 -8.904704e+01
   endloop
 endfacet
 facet normal  1.396403e-14 -6.878675e-01  7.258363e-01
   outer loop
     vertex -1.896000e+02  4.660529e+02 -8.925432e+01
     vertex -1.840000e+02  4.662716e+02 -8.904704e+01
     vertex -1.896000e+02  4.662716e+02 -8.904704e+01
   endloop
 endfacet
 facet normal  1.003236e-14 -4.941753e-01  8.693623e-01
   outer loop
     vertex -1.896000e+02  4.657909e+02 -8.940324e+01
     vertex -1.840000e+02  4.657909e+02 -8.940324e+01
     vertex -1.840000e+02  4.660529e+02 -8.925432e+01
   endloop
 endfacet
 facet normal  5.517130e-15 -2.717635e-01  9.623641e-01
   outer loop
     vertex -1.896000e+02  4.657909e+02 -8.940324e+01
     vertex -1.840000e+02  4.655009e+02 -8.948513e+01
     vertex -1.840000e+02  4.657909e+02 -8.940324e+01
   endloop
 endfacet
 facet normal  0.000000e+00 -4.941753e-01  8.693623e-01
   outer loop
     vertex -1.896000e+02  4.657909e+02 -8.940324e+01
     vertex -1.840000e+02  4.660529e+02 -8.925432e+01
     vertex -1.896000e+02  4.660529e+02 -8.925432e+01
   endloop
 endfacet
 facet normal  7.959276e-15 -2.717635e-01  9.623641e-01
   outer loop
     vertex -1.896000e+02  4.655009e+02 -8.948513e+01
     vertex -1.840000e+02  4.655009e+02 -8.948513e+01
     vertex -1.896000e+02  4.657909e+02 -8.940324e+01
   endloop
 endfacet
 facet normal  2.876855e-15 -3.355772e-02  9.994368e-01
   outer loop
     vertex -1.896000e+02  4.651997e+02 -8.949524e+01
     vertex -1.840000e+02  4.651997e+02 -8.949524e+01
     vertex -1.840000e+02  4.655009e+02 -8.948513e+01
   endloop
 endfacet
 facet normal  3.217565e-15 -3.355772e-02  9.994368e-01
   outer loop
     vertex -1.896000e+02  4.651997e+02 -8.949524e+01
     vertex -1.840000e+02  4.655009e+02 -8.948513e+01
     vertex -1.896000e+02  4.655009e+02 -8.948513e+01
   endloop
 endfacet
 facet normal  0.000000e+00 -2.065983e-01 -9.784259e-01
   outer loop
     vertex -1.896000e+02  4.657124e+02 -1.005670e+02
     vertex -1.840000e+02  4.654176e+02 -1.005048e+02
     vertex -1.896000e+02  4.654176e+02 -1.005048e+02
   endloop
 endfacet
 facet normal  4.580004e-15 -2.065983e-01 -9.784259e-01
   outer loop
     vertex -1.896000e+02  4.657124e+02 -1.005670e+02
     vertex -1.840000e+02  4.657124e+02 -1.005670e+02
     vertex -1.840000e+02  4.654176e+02 -1.005048e+02
   endloop
 endfacet
 facet normal  4.412953e-15 -4.347475e-01 -9.005524e-01
   outer loop
     vertex -1.896000e+02  4.659838e+02 -1.006980e+02
     vertex -1.840000e+02  4.659838e+02 -1.006980e+02
     vertex -1.840000e+02  4.657124e+02 -1.005670e+02
   endloop
 endfacet
 facet normal  6.472342e-15 -6.376309e-01 -7.703421e-01
   outer loop
     vertex -1.896000e+02  4.659838e+02 -1.006980e+02
     vertex -1.840000e+02  4.662160e+02 -1.008902e+02
     vertex -1.840000e+02  4.659838e+02 -1.006980e+02
   endloop
 endfacet
 facet normal  6.698292e-15 -4.347475e-01 -9.005524e-01
   outer loop
     vertex -1.896000e+02  4.659838e+02 -1.006980e+02
     vertex -1.840000e+02  4.657124e+02 -1.005670e+02
     vertex -1.896000e+02  4.657124e+02 -1.005670e+02
   endloop
 endfacet
 facet normal  6.472342e-15 -6.376309e-01 -7.703421e-01
   outer loop
     vertex -1.896000e+02  4.662160e+02 -1.008902e+02
     vertex -1.840000e+02  4.662160e+02 -1.008902e+02
     vertex -1.896000e+02  4.659838e+02 -1.006980e+02
   endloop
 endfacet
 facet normal  0.000000e+00 -8.034574e-01 -5.953623e-01
   outer loop
     vertex -1.896000e+02  4.663954e+02 -1.011323e+02
     vertex -1.840000e+02  4.663954e+02 -1.011323e+02
     vertex -1.840000e+02  4.662160e+02 -1.008902e+02
   endloop
 endfacet
 facet normal  8.158018e-15 -8.034574e-01 -5.953623e-01
   outer loop
     vertex -1.896000e+02  4.663954e+02 -1.011323e+02
     vertex -1.840000e+02  4.662160e+02 -1.008902e+02
     vertex -1.896000e+02  4.662160e+02 -1.008902e+02
   endloop
 endfacet
 facet normal  8.385869e-15 -9.225899e-01 -3.857822e-01
   outer loop
     vertex -1.896000e+02  4.665116e+02 -1.014103e+02
     vertex -1.840000e+02  4.665116e+02 -1.014103e+02
     vertex -1.840000e+02  4.663954e+02 -1.011323e+02
   endloop
 endfacet
 facet normal  0.000000e+00 -9.225899e-01 -3.857822e-01
   outer loop
     vertex -1.896000e+02  4.665116e+02 -1.014103e+02
     vertex -1.840000e+02  4.663954e+02 -1.011323e+02
     vertex -1.896000e+02  4.663954e+02 -1.011323e+02
   endloop
 endfacet
 facet normal  9.639622e-15 -9.881048e-01 -1.537818e-01
   outer loop
     vertex -1.896000e+02  4.665580e+02 -1.017081e+02
     vertex -1.840000e+02  4.665580e+02 -1.017081e+02
     vertex -1.840000e+02  4.665116e+02 -1.014103e+02
   endloop
 endfacet
 facet normal  9.639331e-15 -9.881048e-01 -1.537818e-01
   outer loop
     vertex -1.896000e+02  4.665580e+02 -1.017081e+02
     vertex -1.840000e+02  4.665116e+02 -1.014103e+02
     vertex -1.896000e+02  4.665116e+02 -1.014103e+02
   endloop
 endfacet
 facet normal  0.000000e+00 -9.961947e-01  8.715574e-02
   outer loop
     vertex -1.896000e+02  4.665317e+02 -1.020082e+02
     vertex -1.840000e+02  4.665317e+02 -1.020082e+02
     vertex -1.840000e+02  4.665580e+02 -1.017081e+02
   endloop
 endfacet
 facet normal  1.033322e-14 -9.961947e-01  8.715574e-02
   outer loop
     vertex -1.896000e+02  4.665317e+02 -1.020082e+02
     vertex -1.840000e+02  4.665580e+02 -1.017081e+02
     vertex -1.896000e+02  4.665580e+02 -1.017081e+02
   endloop
 endfacet
 facet normal  9.606430e-15 -9.463894e-01  3.230282e-01
   outer loop
     vertex -1.896000e+02  4.664343e+02 -1.022934e+02
     vertex -1.840000e+02  4.664343e+02 -1.022934e+02
     vertex -1.840000e+02  4.665317e+02 -1.020082e+02
   endloop
 endfacet
 facet normal  8.542584e-15 -8.415833e-01  5.401273e-01
   outer loop
     vertex -1.896000e+02  4.664343e+02 -1.022934e+02
     vertex -1.840000e+02  4.662716e+02 -1.025470e+02
     vertex -1.840000e+02  4.664343e+02 -1.022934e+02
   endloop
 endfacet
 facet normal  0.000000e+00 -9.463894e-01  3.230282e-01
   outer loop
     vertex -1.896000e+02  4.664343e+02 -1.022934e+02
     vertex -1.840000e+02  4.665317e+02 -1.020082e+02
     vertex -1.896000e+02  4.665317e+02 -1.020082e+02
   endloop
 endfacet
 facet normal  8.542584e-15 -8.415833e-01  5.401273e-01
   outer loop
     vertex -1.896000e+02  4.662716e+02 -1.025470e+02
     vertex -1.840000e+02  4.662716e+02 -1.025470e+02
     vertex -1.896000e+02  4.664343e+02 -1.022934e+02
   endloop
 endfacet
 facet normal  1.841920e-15 -6.878675e-01  7.258363e-01
   outer loop
     vertex -1.896000e+02  4.660529e+02 -1.027543e+02
     vertex -1.840000e+02  4.660529e+02 -1.027543e+02
     vertex -1.840000e+02  4.662716e+02 -1.025470e+02
   endloop
 endfacet
 facet normal  6.982013e-15 -6.878675e-01  7.258363e-01
   outer loop
     vertex -1.896000e+02  4.660529e+02 -1.027543e+02
     vertex -1.840000e+02  4.662716e+02 -1.025470e+02
     vertex -1.896000e+02  4.662716e+02 -1.025470e+02
   endloop
 endfacet
 facet normal  7.222321e-15 -4.941753e-01  8.693623e-01
   outer loop
     vertex -1.896000e+02  4.657909e+02 -1.029032e+02
     vertex -1.840000e+02  4.657909e+02 -1.029032e+02
     vertex -1.840000e+02  4.660529e+02 -1.027543e+02
   endloop
 endfacet
 facet normal  5.200711e-15 -2.717635e-01  9.623641e-01
   outer loop
     vertex -1.896000e+02  4.657909e+02 -1.029032e+02
     vertex -1.840000e+02  4.655009e+02 -1.029851e+02
     vertex -1.840000e+02  4.657909e+02 -1.029032e+02
   endloop
 endfacet
 facet normal  2.203981e-15 -4.941753e-01  8.693623e-01
   outer loop
     vertex -1.896000e+02  4.657909e+02 -1.029032e+02
     vertex -1.840000e+02  4.660529e+02 -1.027543e+02
     vertex -1.896000e+02  4.660529e+02 -1.027543e+02
   endloop
 endfacet
 facet normal  2.442146e-15 -2.717635e-01  9.623641e-01
   outer loop
     vertex -1.896000e+02  4.655009e+02 -1.029851e+02
     vertex -1.840000e+02  4.655009e+02 -1.029851e+02
     vertex -1.896000e+02  4.657909e+02 -1.029032e+02
   endloop
 endfacet
 facet normal  2.536223e-15 -3.355772e-02  9.994368e-01
   outer loop
     vertex -1.896000e+02  4.651997e+02 -1.029952e+02
     vertex -1.840000e+02  4.651997e+02 -1.029952e+02
     vertex -1.840000e+02  4.655009e+02 -1.029851e+02
   endloop
 endfacet
 facet normal  2.536274e-15 -3.355772e-02  9.994368e-01
   outer loop
     vertex -1.896000e+02  4.651997e+02 -1.029952e+02
     vertex -1.840000e+02  4.655009e+02 -1.029851e+02
     vertex -1.896000e+02  4.655009e+02 -1.029851e+02
   endloop
 endfacet
 facet normal  2.097071e-15 -2.065983e-01 -9.784259e-01
   outer loop
     vertex -1.896000e+02  4.774038e+02 -1.073170e+02
     vertex -1.840000e+02  4.771089e+02 -1.072548e+02
     vertex -1.896000e+02  4.771089e+02 -1.072548e+02
   endloop
 endfacet
 facet normal -3.858063e-16 -2.065983e-01 -9.784259e-01
   outer loop
     vertex -1.896000e+02  4.774038e+02 -1.073170e+02
     vertex -1.840000e+02  4.774038e+02 -1.073170e+02
     vertex -1.840000e+02  4.771089e+02 -1.072548e+02
   endloop
 endfacet
 facet normal  2.127664e-15 -4.347475e-01 -9.005524e-01
   outer loop
     vertex -1.896000e+02  4.776752e+02 -1.074480e+02
     vertex -1.840000e+02  4.776752e+02 -1.074480e+02
     vertex -1.840000e+02  4.774038e+02 -1.073170e+02
   endloop
 endfacet
 facet normal  4.517482e-15 -6.376309e-01 -7.703421e-01
   outer loop
     vertex -1.896000e+02  4.776752e+02 -1.074480e+02
     vertex -1.840000e+02  4.779073e+02 -1.076402e+02
     vertex -1.840000e+02  4.776752e+02 -1.074480e+02
   endloop
 endfacet
 facet normal  2.125854e-15 -4.347475e-01 -9.005524e-01
   outer loop
     vertex -1.896000e+02  4.776752e+02 -1.074480e+02
     vertex -1.840000e+02  4.774038e+02 -1.073170e+02
     vertex -1.896000e+02  4.774038e+02 -1.073170e+02
   endloop
 endfacet
 facet normal  0.000000e+00 -6.376309e-01 -7.703421e-01
   outer loop
     vertex -1.896000e+02  4.779073e+02 -1.076402e+02
     vertex -1.840000e+02  4.779073e+02 -1.076402e+02
     vertex -1.896000e+02  4.776752e+02 -1.074480e+02
   endloop
 endfacet
 facet normal  8.155583e-15 -8.034574e-01 -5.953623e-01
   outer loop
     vertex -1.896000e+02  4.780867e+02 -1.078823e+02
     vertex -1.840000e+02  4.780867e+02 -1.078823e+02
     vertex -1.840000e+02  4.779073e+02 -1.076402e+02
   endloop
 endfacet
 facet normal  0.000000e+00 -8.034574e-01 -5.953623e-01
   outer loop
     vertex -1.896000e+02  4.780867e+02 -1.078823e+02
     vertex -1.840000e+02  4.779073e+02 -1.076402e+02
     vertex -1.896000e+02  4.779073e+02 -1.076402e+02
   endloop
 endfacet
 facet normal -9.789812e-16 -9.225899e-01 -3.857822e-01
   outer loop
     vertex -1.896000e+02  4.782030e+02 -1.081603e+02
     vertex -1.840000e+02  4.782030e+02 -1.081603e+02
     vertex -1.840000e+02  4.780867e+02 -1.078823e+02
   endloop
 endfacet
 facet normal -3.902449e-16 -9.881048e-01 -1.537818e-01
   outer loop
     vertex -1.896000e+02  4.782030e+02 -1.081603e+02
     vertex -1.840000e+02  4.782493e+02 -1.084581e+02
     vertex -1.840000e+02  4.782030e+02 -1.081603e+02
   endloop
 endfacet
 facet normal  9.362806e-15 -9.225899e-01 -3.857822e-01
   outer loop
     vertex -1.896000e+02  4.782030e+02 -1.081603e+02
     vertex -1.840000e+02  4.780867e+02 -1.078823e+02
     vertex -1.896000e+02  4.780867e+02 -1.078823e+02
   endloop
 endfacet
 facet normal  0.000000e+00 -9.881048e-01 -1.537818e-01
   outer loop
     vertex -1.896000e+02  4.782493e+02 -1.084581e+02
     vertex -1.840000e+02  4.782493e+02 -1.084581e+02
     vertex -1.896000e+02  4.782030e+02 -1.081603e+02
   endloop
 endfacet
 facet normal  1.033316e-14 -9.961947e-01  8.715574e-02
   outer loop
     vertex -1.896000e+02  4.782230e+02 -1.087582e+02
     vertex -1.840000e+02  4.782230e+02 -1.087582e+02
     vertex -1.840000e+02  4.782493e+02 -1.084581e+02
   endloop
 endfacet
 facet normal  0.000000e+00 -9.961947e-01  8.715574e-02
   outer loop
     vertex -1.896000e+02  4.782230e+02 -1.087582e+02
     vertex -1.840000e+02  4.782493e+02 -1.084581e+02
     vertex -1.896000e+02  4.782493e+02 -1.084581e+02
   endloop
 endfacet
 facet normal  0.000000e+00 -9.463894e-01  3.230282e-01
   outer loop
     vertex -1.896000e+02  4.781257e+02 -1.090434e+02
     vertex -1.840000e+02  4.781257e+02 -1.090434e+02
     vertex -1.840000e+02  4.782230e+02 -1.087582e+02
   endloop
 endfacet
 facet normal  1.042573e-14 -9.463894e-01  3.230282e-01
   outer loop
     vertex -1.896000e+02  4.781257e+02 -1.090434e+02
     vertex -1.840000e+02  4.782230e+02 -1.087582e+02
     vertex -1.896000e+02  4.782230e+02 -1.087582e+02
   endloop
 endfacet
 facet normal  0.000000e+00 -8.415833e-01  5.401273e-01
   outer loop
     vertex -1.896000e+02  4.779629e+02 -1.092970e+02
     vertex -1.840000e+02  4.779629e+02 -1.092970e+02
     vertex -1.840000e+02  4.781257e+02 -1.090434e+02
   endloop
 endfacet
 facet normal  0.000000e+00 -8.415833e-01  5.401273e-01
   outer loop
     vertex -1.896000e+02  4.779629e+02 -1.092970e+02
     vertex -1.840000e+02  4.781257e+02 -1.090434e+02
     vertex -1.896000e+02  4.781257e+02 -1.090434e+02
   endloop
 endfacet
 facet normal  8.824195e-15 -6.878675e-01  7.258363e-01
   outer loop
     vertex -1.896000e+02  4.777442e+02 -1.095043e+02
     vertex -1.840000e+02  4.777442e+02 -1.095043e+02
     vertex -1.840000e+02  4.779629e+02 -1.092970e+02
   endloop
 endfacet
 facet normal  7.222321e-15 -4.941753e-01  8.693623e-01
   outer loop
     vertex -1.896000e+02  4.777442e+02 -1.095043e+02
     vertex -1.840000e+02  4.774822e+02 -1.096532e+02
     vertex -1.840000e+02  4.777442e+02 -1.095043e+02
   endloop
 endfacet
 facet normal  0.000000e+00 -6.878675e-01  7.258363e-01
   outer loop
     vertex -1.896000e+02  4.777442e+02 -1.095043e+02
     vertex -1.840000e+02  4.779629e+02 -1.092970e+02
     vertex -1.896000e+02  4.779629e+02 -1.092970e+02
   endloop
 endfacet
 facet normal  5.200711e-15 -2.717635e-01  9.623641e-01
   outer loop
     vertex -1.896000e+02  4.774822e+02 -1.096532e+02
     vertex -1.840000e+02  4.771922e+02 -1.097351e+02
     vertex -1.840000e+02  4.774822e+02 -1.096532e+02
   endloop
 endfacet
 facet normal  7.222321e-15 -4.941753e-01  8.693623e-01
   outer loop
     vertex -1.896000e+02  4.774822e+02 -1.096532e+02
     vertex -1.840000e+02  4.774822e+02 -1.096532e+02
     vertex -1.896000e+02  4.777442e+02 -1.095043e+02
   endloop
 endfacet
 facet normal  2.758565e-15 -2.717635e-01  9.623641e-01
   outer loop
     vertex -1.896000e+02  4.771922e+02 -1.097351e+02
     vertex -1.840000e+02  4.771922e+02 -1.097351e+02
     vertex -1.896000e+02  4.774822e+02 -1.096532e+02
   endloop
 endfacet
 facet normal  5.753709e-15 -3.355772e-02  9.994368e-01
   outer loop
     vertex -1.896000e+02  4.768911e+02 -1.097452e+02
     vertex -1.840000e+02  4.768911e+02 -1.097452e+02
     vertex -1.840000e+02  4.771922e+02 -1.097351e+02
   endloop
 endfacet
 facet normal  3.405171e-16 -3.355772e-02  9.994368e-01
   outer loop
     vertex -1.896000e+02  4.768911e+02 -1.097452e+02
     vertex -1.840000e+02  4.771922e+02 -1.097351e+02
     vertex -1.896000e+02  4.771922e+02 -1.097351e+02
   endloop
 endfacet
 facet normal  2.097071e-15 -2.065983e-01 -9.784259e-01
   outer loop
     vertex -1.896000e+02  4.890951e+02 -1.005670e+02
     vertex -1.840000e+02  4.888003e+02 -1.005048e+02
     vertex -1.896000e+02  4.888003e+02 -1.005048e+02
   endloop
 endfacet
 facet normal  2.097099e-15 -2.065983e-01 -9.784259e-01
   outer loop
     vertex -1.896000e+02  4.890951e+02 -1.005670e+02
     vertex -1.840000e+02  4.890951e+02 -1.005670e+02
     vertex -1.840000e+02  4.888003e+02 -1.005048e+02
   endloop
 endfacet
 facet normal  4.412953e-15 -4.347475e-01 -9.005524e-01
   outer loop
     vertex -1.896000e+02  4.893665e+02 -1.006980e+02
     vertex -1.840000e+02  4.893665e+02 -1.006980e+02
     vertex -1.840000e+02  4.890951e+02 -1.005670e+02
   endloop
 endfacet
 facet normal  6.472342e-15 -6.376309e-01 -7.703421e-01
   outer loop
     vertex -1.896000e+02  4.893665e+02 -1.006980e+02
     vertex -1.840000e+02  4.895986e+02 -1.008902e+02
     vertex -1.840000e+02  4.893665e+02 -1.006980e+02
   endloop
 endfacet
 facet normal  4.412073e-15 -4.347475e-01 -9.005524e-01
   outer loop
     vertex -1.896000e+02  4.893665e+02 -1.006980e+02
     vertex -1.840000e+02  4.890951e+02 -1.005670e+02
     vertex -1.896000e+02  4.890951e+02 -1.005670e+02
   endloop
 endfacet
 facet normal  6.472342e-15 -6.376309e-01 -7.703421e-01
   outer loop
     vertex -1.896000e+02  4.895986e+02 -1.008902e+02
     vertex -1.840000e+02  4.895986e+02 -1.008902e+02
     vertex -1.896000e+02  4.893665e+02 -1.006980e+02
   endloop
 endfacet
 facet normal  8.155583e-15 -8.034574e-01 -5.953623e-01
   outer loop
     vertex -1.896000e+02  4.897780e+02 -1.011323e+02
     vertex -1.840000e+02  4.897780e+02 -1.011323e+02
     vertex -1.840000e+02  4.895986e+02 -1.008902e+02
   endloop
 endfacet
 facet normal  8.153906e-15 -8.034574e-01 -5.953623e-01
   outer loop
     vertex -1.896000e+02  4.897780e+02 -1.011323e+02
     vertex -1.840000e+02  4.895986e+02 -1.008902e+02
     vertex -1.896000e+02  4.895986e+02 -1.008902e+02
   endloop
 endfacet
 facet normal  8.385869e-15 -9.225899e-01 -3.857822e-01
   outer loop
     vertex -1.896000e+02  4.898943e+02 -1.014103e+02
     vertex -1.840000e+02  4.898943e+02 -1.014103e+02
     vertex -1.840000e+02  4.897780e+02 -1.011323e+02
   endloop
 endfacet
 facet normal  9.639622e-15 -9.881048e-01 -1.537818e-01
   outer loop
     vertex -1.896000e+02  4.898943e+02 -1.014103e+02
     vertex -1.840000e+02  4.899406e+02 -1.017081e+02
     vertex -1.840000e+02  4.898943e+02 -1.014103e+02
   endloop
 endfacet
 facet normal  9.362806e-15 -9.225899e-01 -3.857822e-01
   outer loop
     vertex -1.896000e+02  4.898943e+02 -1.014103e+02
     vertex -1.840000e+02  4.897780e+02 -1.011323e+02
     vertex -1.896000e+02  4.897780e+02 -1.011323e+02
   endloop
 endfacet
 facet normal  1.966949e-14 -9.881048e-01 -1.537818e-01
   outer loop
     vertex -1.896000e+02  4.899406e+02 -1.017081e+02
     vertex -1.840000e+02  4.899406e+02 -1.017081e+02
     vertex -1.896000e+02  4.898943e+02 -1.014103e+02
   endloop
 endfacet
 facet normal  0.000000e+00 -9.961947e-01  8.715574e-02
   outer loop
     vertex -1.896000e+02  4.899144e+02 -1.020082e+02
     vertex -1.840000e+02  4.899144e+02 -1.020082e+02
     vertex -1.840000e+02  4.899406e+02 -1.017081e+02
   endloop
 endfacet
 facet normal  2.044542e-14 -9.961947e-01  8.715574e-02
   outer loop
     vertex -1.896000e+02  4.899144e+02 -1.020082e+02
     vertex -1.840000e+02  4.899406e+02 -1.017081e+02
     vertex -1.896000e+02  4.899406e+02 -1.017081e+02
   endloop
 endfacet
 facet normal  1.921286e-14 -9.463894e-01  3.230282e-01
   outer loop
     vertex -1.896000e+02  4.898170e+02 -1.022934e+02
     vertex -1.840000e+02  4.898170e+02 -1.022934e+02
     vertex -1.840000e+02  4.899144e+02 -1.020082e+02
   endloop
 endfacet
 facet normal  0.000000e+00 -9.463894e-01  3.230282e-01
   outer loop
     vertex -1.896000e+02  4.898170e+02 -1.022934e+02
     vertex -1.840000e+02  4.899144e+02 -1.020082e+02
     vertex -1.896000e+02  4.899144e+02 -1.020082e+02
   endloop
 endfacet
 facet normal  0.000000e+00 -8.415833e-01  5.401273e-01
   outer loop
     vertex -1.896000e+02  4.896543e+02 -1.025470e+02
     vertex -1.840000e+02  4.896543e+02 -1.025470e+02
     vertex -1.840000e+02  4.898170e+02 -1.022934e+02
   endloop
 endfacet
 facet normal  1.708496e-14 -8.415833e-01  5.401273e-01
   outer loop
     vertex -1.896000e+02  4.896543e+02 -1.025470e+02
     vertex -1.840000e+02  4.898170e+02 -1.022934e+02
     vertex -1.896000e+02  4.898170e+02 -1.022934e+02
   endloop
 endfacet
 facet normal  0.000000e+00 -6.878675e-01  7.258363e-01
   outer loop
     vertex -1.896000e+02  4.894355e+02 -1.027543e+02
     vertex -1.840000e+02  4.894355e+02 -1.027543e+02
     vertex -1.840000e+02  4.896543e+02 -1.025470e+02
   endloop
 endfacet
 facet normal  0.000000e+00 -4.941753e-01  8.693623e-01
   outer loop
     vertex -1.896000e+02  4.894355e+02 -1.027543e+02
     vertex -1.840000e+02  4.891736e+02 -1.029032e+02
     vertex -1.840000e+02  4.894355e+02 -1.027543e+02
   endloop
 endfacet
 facet normal  0.000000e+00 -6.878675e-01  7.258363e-01
   outer loop
     vertex -1.896000e+02  4.894355e+02 -1.027543e+02
     vertex -1.840000e+02  4.896543e+02 -1.025470e+02
     vertex -1.896000e+02  4.896543e+02 -1.025470e+02
   endloop
 endfacet
 facet normal  0.000000e+00 -2.717635e-01  9.623641e-01
   outer loop
     vertex -1.896000e+02  4.891736e+02 -1.029032e+02
     vertex -1.840000e+02  4.888836e+02 -1.029851e+02
     vertex -1.840000e+02  4.891736e+02 -1.029032e+02
   endloop
 endfacet
 facet normal  0.000000e+00 -4.941753e-01  8.693623e-01
   outer loop
     vertex -1.896000e+02  4.891736e+02 -1.029032e+02
     vertex -1.840000e+02  4.891736e+02 -1.029032e+02
     vertex -1.896000e+02  4.894355e+02 -1.027543e+02
   endloop
 endfacet
 facet normal  2.758565e-15 -2.717635e-01  9.623641e-01
   outer loop
     vertex -1.896000e+02  4.888836e+02 -1.029851e+02
     vertex -1.840000e+02  4.888836e+02 -1.029851e+02
     vertex -1.896000e+02  4.891736e+02 -1.029032e+02
   endloop
 endfacet
 facet normal  5.413078e-15 -3.355772e-02  9.994368e-01
   outer loop
     vertex -1.896000e+02  4.885824e+02 -1.029952e+02
     vertex -1.840000e+02  4.885824e+02 -1.029952e+02
     vertex -1.840000e+02  4.888836e+02 -1.029851e+02
   endloop
 endfacet
 facet normal  3.405171e-16 -3.355772e-02  9.994368e-01
   outer loop
     vertex -1.896000e+02  4.885824e+02 -1.029952e+02
     vertex -1.840000e+02  4.888836e+02 -1.029851e+02
     vertex -1.896000e+02  4.888836e+02 -1.029851e+02
   endloop
 endfacet
 facet normal  2.097071e-15 -2.065983e-01 -9.784259e-01
   outer loop
     vertex -1.896000e+02  4.890951e+02 -8.706701e+01
     vertex -1.840000e+02  4.888003e+02 -8.700476e+01
     vertex -1.896000e+02  4.888003e+02 -8.700476e+01
   endloop
 endfacet
 facet normal  2.097099e-15 -2.065983e-01 -9.784259e-01
   outer loop
     vertex -1.896000e+02  4.890951e+02 -8.706701e+01
     vertex -1.840000e+02  4.890951e+02 -8.706701e+01
     vertex -1.840000e+02  4.888003e+02 -8.700476e+01
   endloop
 endfacet
 facet normal  2.127664e-15 -4.347475e-01 -9.005524e-01
   outer loop
     vertex -1.896000e+02  4.893665e+02 -8.719802e+01
     vertex -1.840000e+02  4.893665e+02 -8.719802e+01
     vertex -1.840000e+02  4.890951e+02 -8.706701e+01
   endloop
 endfacet
 facet normal  4.412073e-15 -4.347475e-01 -9.005524e-01
   outer loop
     vertex -1.896000e+02  4.893665e+02 -8.719802e+01
     vertex -1.840000e+02  4.890951e+02 -8.706701e+01
     vertex -1.896000e+02  4.890951e+02 -8.706701e+01
   endloop
 endfacet
 facet normal -1.954861e-15 -6.376309e-01 -7.703421e-01
   outer loop
     vertex -1.896000e+02  4.895986e+02 -8.739017e+01
     vertex -1.840000e+02  4.895986e+02 -8.739017e+01
     vertex -1.840000e+02  4.893665e+02 -8.719802e+01
   endloop
 endfacet
 facet normal  4.514871e-15 -6.376309e-01 -7.703421e-01
   outer loop
     vertex -1.896000e+02  4.895986e+02 -8.739017e+01
     vertex -1.840000e+02  4.893665e+02 -8.719802e+01
     vertex -1.896000e+02  4.893665e+02 -8.719802e+01
   endloop
 endfacet
 facet normal  8.155583e-15 -8.034574e-01 -5.953623e-01
   outer loop
     vertex -1.896000e+02  4.897780e+02 -8.763228e+01
     vertex -1.840000e+02  4.897780e+02 -8.763228e+01
     vertex -1.840000e+02  4.895986e+02 -8.739017e+01
   endloop
 endfacet
 facet normal -1.513181e-15 -8.034574e-01 -5.953623e-01
   outer loop
     vertex -1.896000e+02  4.897780e+02 -8.763228e+01
     vertex -1.840000e+02  4.895986e+02 -8.739017e+01
     vertex -1.896000e+02  4.895986e+02 -8.739017e+01
   endloop
 endfacet
 facet normal  0.000000e+00 -9.225899e-01 -3.857822e-01
   outer loop
     vertex -1.896000e+02  4.898943e+02 -8.791030e+01
     vertex -1.840000e+02  4.898943e+02 -8.791030e+01
     vertex -1.840000e+02  4.897780e+02 -8.763228e+01
   endloop
 endfacet
 facet normal  9.366918e-15 -9.225899e-01 -3.857822e-01
   outer loop
     vertex -1.896000e+02  4.898943e+02 -8.791030e+01
     vertex -1.840000e+02  4.897780e+02 -8.763228e+01
     vertex -1.896000e+02  4.897780e+02 -8.763228e+01
   endloop
 endfacet
 facet normal  0.000000e+00 -9.881048e-01 -1.537818e-01
   outer loop
     vertex -1.896000e+02  4.899406e+02 -8.820805e+01
     vertex -1.840000e+02  4.899406e+02 -8.820805e+01
     vertex -1.840000e+02  4.898943e+02 -8.791030e+01
   endloop
 endfacet
 facet normal  0.000000e+00 -9.881048e-01 -1.537818e-01
   outer loop
     vertex -1.896000e+02  4.899406e+02 -8.820805e+01
     vertex -1.840000e+02  4.898943e+02 -8.791030e+01
     vertex -1.896000e+02  4.898943e+02 -8.791030e+01
   endloop
 endfacet
 facet normal  0.000000e+00 -9.961947e-01  8.715574e-02
   outer loop
     vertex -1.896000e+02  4.899144e+02 -8.850825e+01
     vertex -1.840000e+02  4.899144e+02 -8.850825e+01
     vertex -1.840000e+02  4.899406e+02 -8.820805e+01
   endloop
 endfacet
 facet normal  0.000000e+00 -9.961947e-01  8.715574e-02
   outer loop
     vertex -1.896000e+02  4.899144e+02 -8.850825e+01
     vertex -1.840000e+02  4.899406e+02 -8.820805e+01
     vertex -1.896000e+02  4.899406e+02 -8.820805e+01
   endloop
 endfacet
 facet normal  0.000000e+00 -9.463894e-01  3.230282e-01
   outer loop
     vertex -1.896000e+02  4.898170e+02 -8.879343e+01
     vertex -1.840000e+02  4.898170e+02 -8.879343e+01
     vertex -1.840000e+02  4.899144e+02 -8.850825e+01
   endloop
 endfacet
 facet normal  0.000000e+00 -9.463894e-01  3.230282e-01
   outer loop
     vertex -1.896000e+02  4.898170e+02 -8.879343e+01
     vertex -1.840000e+02  4.899144e+02 -8.850825e+01
     vertex -1.896000e+02  4.899144e+02 -8.850825e+01
   endloop
 endfacet
 facet normal  0.000000e+00 -8.415833e-01  5.401273e-01
   outer loop
     vertex -1.896000e+02  4.896543e+02 -8.904704e+01
     vertex -1.840000e+02  4.896543e+02 -8.904704e+01
     vertex -1.840000e+02  4.898170e+02 -8.879343e+01
   endloop
 endfacet
 facet normal  0.000000e+00 -8.415833e-01  5.401273e-01
   outer loop
     vertex -1.896000e+02  4.896543e+02 -8.904704e+01
     vertex -1.840000e+02  4.898170e+02 -8.879343e+01
     vertex -1.896000e+02  4.898170e+02 -8.879343e+01
   endloop
 endfacet
 facet normal  6.982275e-15 -6.878675e-01  7.258363e-01
   outer loop
     vertex -1.896000e+02  4.894355e+02 -8.925432e+01
     vertex -1.840000e+02  4.894355e+02 -8.925432e+01
     vertex -1.840000e+02  4.896543e+02 -8.904704e+01
   endloop
 endfacet
 facet normal  0.000000e+00 -6.878675e-01  7.258363e-01
   outer loop
     vertex -1.896000e+02  4.894355e+02 -8.925432e+01
     vertex -1.840000e+02  4.896543e+02 -8.904704e+01
     vertex -1.896000e+02  4.896543e+02 -8.904704e+01
   endloop
 endfacet
 facet normal  5.016181e-15 -4.941753e-01  8.693623e-01
   outer loop
     vertex -1.896000e+02  4.891736e+02 -8.940324e+01
     vertex -1.840000e+02  4.891736e+02 -8.940324e+01
     vertex -1.840000e+02  4.894355e+02 -8.925432e+01
   endloop
 endfacet
 facet normal  5.016523e-15 -4.941753e-01  8.693623e-01
   outer loop
     vertex -1.896000e+02  4.891736e+02 -8.940324e+01
     vertex -1.840000e+02  4.894355e+02 -8.925432e+01
     vertex -1.896000e+02  4.894355e+02 -8.925432e+01
   endloop
 endfacet
 facet normal  5.200711e-15 -2.717635e-01  9.623641e-01
   outer loop
     vertex -1.896000e+02  4.888836e+02 -8.948513e+01
     vertex -1.840000e+02  4.888836e+02 -8.948513e+01
     vertex -1.840000e+02  4.891736e+02 -8.940324e+01
   endloop
 endfacet
 facet normal  2.759088e-15 -2.717635e-01  9.623641e-01
   outer loop
     vertex -1.896000e+02  4.888836e+02 -8.948513e+01
     vertex -1.840000e+02  4.891736e+02 -8.940324e+01
     vertex -1.896000e+02  4.891736e+02 -8.940324e+01
   endloop
 endfacet
 facet normal  2.876855e-15 -3.355772e-02  9.994368e-01
   outer loop
     vertex -1.896000e+02  4.885824e+02 -8.949524e+01
     vertex -1.840000e+02  4.885824e+02 -8.949524e+01
     vertex -1.840000e+02  4.888836e+02 -8.948513e+01
   endloop
 endfacet
 facet normal  2.877048e-15 -3.355772e-02  9.994368e-01
   outer loop
     vertex -1.896000e+02  4.885824e+02 -8.949524e+01
     vertex -1.840000e+02  4.888836e+02 -8.948513e+01
     vertex -1.896000e+02  4.888836e+02 -8.948513e+01
   endloop
 endfacet
 facet normal  0.000000e+00 -2.065983e-01 -9.784259e-01
   outer loop
     vertex -1.896000e+02  4.774038e+02 -8.031701e+01
     vertex -1.840000e+02  4.771089e+02 -8.025476e+01
     vertex -1.896000e+02  4.771089e+02 -8.025476e+01
   endloop
 endfacet
 facet normal  2.097099e-15 -2.065983e-01 -9.784259e-01
   outer loop
     vertex -1.896000e+02  4.774038e+02 -8.031701e+01
     vertex -1.840000e+02  4.774038e+02 -8.031701e+01
     vertex -1.840000e+02  4.771089e+02 -8.025476e+01
   endloop
 endfacet
 facet normal  0.000000e+00 -4.347475e-01 -9.005524e-01
   outer loop
     vertex -1.896000e+02  4.776752e+02 -8.044802e+01
     vertex -1.840000e+02  4.776752e+02 -8.044802e+01
     vertex -1.840000e+02  4.774038e+02 -8.031701e+01
   endloop
 endfacet
 facet normal  0.000000e+00 -6.376309e-01 -7.703421e-01
   outer loop
     vertex -1.896000e+02  4.776752e+02 -8.044802e+01
     vertex -1.840000e+02  4.779073e+02 -8.064017e+01
     vertex -1.840000e+02  4.776752e+02 -8.044802e+01
   endloop
 endfacet
 facet normal  4.412073e-15 -4.347475e-01 -9.005524e-01
   outer loop
     vertex -1.896000e+02  4.776752e+02 -8.044802e+01
     vertex -1.840000e+02  4.774038e+02 -8.031701e+01
     vertex -1.896000e+02  4.774038e+02 -8.031701e+01
   endloop
 endfacet
 facet normal  6.472342e-15 -6.376309e-01 -7.703421e-01
   outer loop
     vertex -1.896000e+02  4.779073e+02 -8.064017e+01
     vertex -1.840000e+02  4.779073e+02 -8.064017e+01
     vertex -1.896000e+02  4.776752e+02 -8.044802e+01
   endloop
 endfacet
 facet normal  8.155583e-15 -8.034574e-01 -5.953623e-01
   outer loop
     vertex -1.896000e+02  4.780867e+02 -8.088228e+01
     vertex -1.840000e+02  4.780867e+02 -8.088228e+01
     vertex -1.840000e+02  4.779073e+02 -8.064017e+01
   endloop
 endfacet
 facet normal  8.158018e-15 -8.034574e-01 -5.953623e-01
   outer loop
     vertex -1.896000e+02  4.780867e+02 -8.088228e+01
     vertex -1.840000e+02  4.779073e+02 -8.064017e+01
     vertex -1.896000e+02  4.779073e+02 -8.064017e+01
   endloop
 endfacet
 facet normal  9.364851e-15 -9.225899e-01 -3.857822e-01
   outer loop
     vertex -1.896000e+02  4.782030e+02 -8.116030e+01
     vertex -1.840000e+02  4.782030e+02 -8.116030e+01
     vertex -1.840000e+02  4.780867e+02 -8.088228e+01
   endloop
 endfacet
 facet normal  9.362806e-15 -9.225899e-01 -3.857822e-01
   outer loop
     vertex -1.896000e+02  4.782030e+02 -8.116030e+01
     vertex -1.840000e+02  4.780867e+02 -8.088228e+01
     vertex -1.896000e+02  4.780867e+02 -8.088228e+01
   endloop
 endfacet
 facet normal  1.002987e-14 -9.881048e-01 -1.537818e-01
   outer loop
     vertex -1.896000e+02  4.782493e+02 -8.145805e+01
     vertex -1.840000e+02  4.782493e+02 -8.145805e+01
     vertex -1.840000e+02  4.782030e+02 -8.116030e+01
   endloop
 endfacet
 facet normal  1.002996e-14 -9.881048e-01 -1.537818e-01
   outer loop
     vertex -1.896000e+02  4.782493e+02 -8.145805e+01
     vertex -1.840000e+02  4.782030e+02 -8.116030e+01
     vertex -1.896000e+02  4.782030e+02 -8.116030e+01
   endloop
 endfacet
 facet normal  1.011198e-14 -9.961947e-01  8.715574e-02
   outer loop
     vertex -1.896000e+02  4.782230e+02 -8.175825e+01
     vertex -1.840000e+02  4.782230e+02 -8.175825e+01
     vertex -1.840000e+02  4.782493e+02 -8.145805e+01
   endloop
 endfacet
 facet normal  1.011220e-14 -9.961947e-01  8.715574e-02
   outer loop
     vertex -1.896000e+02  4.782230e+02 -8.175825e+01
     vertex -1.840000e+02  4.782493e+02 -8.145805e+01
     vertex -1.896000e+02  4.782493e+02 -8.145805e+01
   endloop
 endfacet
 facet normal  0.000000e+00 -9.463894e-01  3.230282e-01
   outer loop
     vertex -1.896000e+02  4.781257e+02 -8.204343e+01
     vertex -1.840000e+02  4.781257e+02 -8.204343e+01
     vertex -1.840000e+02  4.782230e+02 -8.175825e+01
   endloop
 endfacet
 facet normal  0.000000e+00 -8.415833e-01  5.401273e-01
   outer loop
     vertex -1.896000e+02  4.781257e+02 -8.204343e+01
     vertex -1.840000e+02  4.779629e+02 -8.229704e+01
     vertex -1.840000e+02  4.781257e+02 -8.204343e+01
   endloop
 endfacet
 facet normal  9.605408e-15 -9.463894e-01  3.230282e-01
   outer loop
     vertex -1.896000e+02  4.781257e+02 -8.204343e+01
     vertex -1.840000e+02  4.782230e+02 -8.175825e+01
     vertex -1.896000e+02  4.782230e+02 -8.175825e+01
   endloop
 endfacet
 facet normal  8.542584e-15 -8.415833e-01  5.401273e-01
   outer loop
     vertex -1.896000e+02  4.779629e+02 -8.229704e+01
     vertex -1.840000e+02  4.779629e+02 -8.229704e+01
     vertex -1.896000e+02  4.781257e+02 -8.204343e+01
   endloop
 endfacet
 facet normal  0.000000e+00 -6.878675e-01  7.258363e-01
   outer loop
     vertex -1.896000e+02  4.777442e+02 -8.250432e+01
     vertex -1.840000e+02  4.777442e+02 -8.250432e+01
     vertex -1.840000e+02  4.779629e+02 -8.229704e+01
   endloop
 endfacet
 facet normal  6.982013e-15 -6.878675e-01  7.258363e-01
   outer loop
     vertex -1.896000e+02  4.777442e+02 -8.250432e+01
     vertex -1.840000e+02  4.779629e+02 -8.229704e+01
     vertex -1.896000e+02  4.779629e+02 -8.229704e+01
   endloop
 endfacet
 facet normal  2.206139e-15 -4.941753e-01  8.693623e-01
   outer loop
     vertex -1.896000e+02  4.774822e+02 -8.265324e+01
     vertex -1.840000e+02  4.774822e+02 -8.265324e+01
     vertex -1.840000e+02  4.777442e+02 -8.250432e+01
   endloop
 endfacet
 facet normal  2.442146e-15 -2.717635e-01  9.623641e-01
   outer loop
     vertex -1.896000e+02  4.774822e+02 -8.265324e+01
     vertex -1.840000e+02  4.771922e+02 -8.273513e+01
     vertex -1.840000e+02  4.774822e+02 -8.265324e+01
   endloop
 endfacet
 facet normal  0.000000e+00 -4.941753e-01  8.693623e-01
   outer loop
     vertex -1.896000e+02  4.774822e+02 -8.265324e+01
     vertex -1.840000e+02  4.777442e+02 -8.250432e+01
     vertex -1.896000e+02  4.777442e+02 -8.250432e+01
   endloop
 endfacet
 facet normal  0.000000e+00 -2.717635e-01  9.623641e-01
   outer loop
     vertex -1.896000e+02  4.771922e+02 -8.273513e+01
     vertex -1.840000e+02  4.771922e+02 -8.273513e+01
     vertex -1.896000e+02  4.774822e+02 -8.265324e+01
   endloop
 endfacet
 facet normal  2.536223e-15 -3.355772e-02  9.994368e-01
   outer loop
     vertex -1.896000e+02  4.768911e+02 -8.274524e+01
     vertex -1.840000e+02  4.768911e+02 -8.274524e+01
     vertex -1.840000e+02  4.771922e+02 -8.273513e+01
   endloop
 endfacet
 facet normal  0.000000e+00 -3.355772e-02  9.994368e-01
   outer loop
     vertex -1.896000e+02  4.768911e+02 -8.274524e+01
     vertex -1.840000e+02  4.771922e+02 -8.273513e+01
     vertex -1.896000e+02  4.771922e+02 -8.273513e+01
   endloop
 endfacet
 facet normal  3.355314e-15 -2.065983e-01 -9.784259e-01
   outer loop
     vertex -1.896000e+02  4.712998e+02 -1.036156e+02
     vertex -1.861000e+02  4.705333e+02 -1.034537e+02
     vertex -1.896000e+02  4.705333e+02 -1.034537e+02
   endloop
 endfacet
 facet normal  0.000000e+00 -2.065983e-01 -9.784259e-01
   outer loop
     vertex -1.896000e+02  4.712998e+02 -1.036156e+02
     vertex -1.861000e+02  4.712998e+02 -1.036156e+02
     vertex -1.861000e+02  4.705333e+02 -1.034537e+02
   endloop
 endfacet
 facet normal  7.060725e-15 -4.347475e-01 -9.005524e-01
   outer loop
     vertex -1.896000e+02  4.720054e+02 -1.039562e+02
     vertex -1.861000e+02  4.720054e+02 -1.039562e+02
     vertex -1.861000e+02  4.712998e+02 -1.036156e+02
   endloop
 endfacet
 facet normal  0.000000e+00 -4.347475e-01 -9.005524e-01
   outer loop
     vertex -1.896000e+02  4.720054e+02 -1.039562e+02
     vertex -1.861000e+02  4.712998e+02 -1.036156e+02
     vertex -1.896000e+02  4.712998e+02 -1.036156e+02
   endloop
 endfacet
 facet normal  0.000000e+00 -6.376309e-01 -7.703421e-01
   outer loop
     vertex -1.896000e+02  4.726090e+02 -1.044558e+02
     vertex -1.861000e+02  4.726090e+02 -1.044558e+02
     vertex -1.861000e+02  4.720054e+02 -1.039562e+02
   endloop
 endfacet
 facet normal  0.000000e+00 -8.034574e-01 -5.953623e-01
   outer loop
     vertex -1.896000e+02  4.726090e+02 -1.044558e+02
     vertex -1.861000e+02  4.730754e+02 -1.050853e+02
     vertex -1.861000e+02  4.726090e+02 -1.044558e+02
   endloop
 endfacet
 facet normal  1.034429e-14 -6.376309e-01 -7.703421e-01
   outer loop
     vertex -1.896000e+02  4.726090e+02 -1.044558e+02
     vertex -1.861000e+02  4.720054e+02 -1.039562e+02
     vertex -1.896000e+02  4.720054e+02 -1.039562e+02
   endloop
 endfacet
 facet normal  2.609787e-14 -8.034574e-01 -5.953623e-01
   outer loop
     vertex -1.896000e+02  4.730754e+02 -1.050853e+02
     vertex -1.861000e+02  4.730754e+02 -1.050853e+02
     vertex -1.896000e+02  4.726090e+02 -1.044558e+02
   endloop
 endfacet
 facet normal  0.000000e+00 -9.225899e-01 -3.857822e-01
   outer loop
     vertex -1.896000e+02  4.733777e+02 -1.058081e+02
     vertex -1.861000e+02  4.733777e+02 -1.058081e+02
     vertex -1.861000e+02  4.730754e+02 -1.050853e+02
   endloop
 endfacet
 facet normal  2.997009e-14 -9.225899e-01 -3.857822e-01
   outer loop
     vertex -1.896000e+02  4.733777e+02 -1.058081e+02
     vertex -1.861000e+02  4.730754e+02 -1.050853e+02
     vertex -1.896000e+02  4.730754e+02 -1.050853e+02
   endloop
 endfacet
 facet normal  1.604779e-14 -9.881048e-01 -1.537818e-01
   outer loop
     vertex -1.896000e+02  4.734982e+02 -1.065823e+02
     vertex -1.861000e+02  4.734982e+02 -1.065823e+02
     vertex -1.861000e+02  4.733777e+02 -1.058081e+02
   endloop
 endfacet
 facet normal  0.000000e+00 -9.881048e-01 -1.537818e-01
   outer loop
     vertex -1.896000e+02  4.734982e+02 -1.065823e+02
     vertex -1.861000e+02  4.733777e+02 -1.058081e+02
     vertex -1.896000e+02  4.733777e+02 -1.058081e+02
   endloop
 endfacet
 facet normal  0.000000e+00 -9.961947e-01  8.715574e-02
   outer loop
     vertex -1.896000e+02  4.734299e+02 -1.073628e+02
     vertex -1.861000e+02  4.734299e+02 -1.073628e+02
     vertex -1.861000e+02  4.734982e+02 -1.065823e+02
   endloop
 endfacet
 facet normal  0.000000e+00 -9.463894e-01  3.230282e-01
   outer loop
     vertex -1.896000e+02  4.734299e+02 -1.073628e+02
     vertex -1.861000e+02  4.731768e+02 -1.081043e+02
     vertex -1.861000e+02  4.734299e+02 -1.073628e+02
   endloop
 endfacet
 facet normal  1.617939e-14 -9.961947e-01  8.715574e-02
   outer loop
     vertex -1.896000e+02  4.734299e+02 -1.073628e+02
     vertex -1.861000e+02  4.734982e+02 -1.065823e+02
     vertex -1.896000e+02  4.734982e+02 -1.065823e+02
   endloop
 endfacet
 facet normal  0.000000e+00 -9.463894e-01  3.230282e-01
   outer loop
     vertex -1.896000e+02  4.731768e+02 -1.081043e+02
     vertex -1.861000e+02  4.731768e+02 -1.081043e+02
     vertex -1.896000e+02  4.734299e+02 -1.073628e+02
   endloop
 endfacet
 facet normal  0.000000e+00 -8.415833e-01  5.401273e-01
   outer loop
     vertex -1.896000e+02  4.727536e+02 -1.087636e+02
     vertex -1.861000e+02  4.727536e+02 -1.087636e+02
     vertex -1.861000e+02  4.731768e+02 -1.081043e+02
   endloop
 endfacet
 facet normal  0.000000e+00 -8.415833e-01  5.401273e-01
   outer loop
     vertex -1.896000e+02  4.727536e+02 -1.087636e+02
     vertex -1.861000e+02  4.731768e+02 -1.081043e+02
     vertex -1.896000e+02  4.731768e+02 -1.081043e+02
   endloop
 endfacet
 facet normal  0.000000e+00 -6.878675e-01  7.258363e-01
   outer loop
     vertex -1.896000e+02  4.721849e+02 -1.093026e+02
     vertex -1.861000e+02  4.721849e+02 -1.093026e+02
     vertex -1.861000e+02  4.727536e+02 -1.087636e+02
   endloop
 endfacet
 facet normal  0.000000e+00 -6.878675e-01  7.258363e-01
   outer loop
     vertex -1.896000e+02  4.721849e+02 -1.093026e+02
     vertex -1.861000e+02  4.727536e+02 -1.087636e+02
     vertex -1.896000e+02  4.727536e+02 -1.087636e+02
   endloop
 endfacet
 facet normal  0.000000e+00 -4.941753e-01  8.693623e-01
   outer loop
     vertex -1.896000e+02  4.715038e+02 -1.096898e+02
     vertex -1.861000e+02  4.715038e+02 -1.096898e+02
     vertex -1.861000e+02  4.721849e+02 -1.093026e+02
   endloop
 endfacet
 facet normal  0.000000e+00 -4.941753e-01  8.693623e-01
   outer loop
     vertex -1.896000e+02  4.715038e+02 -1.096898e+02
     vertex -1.861000e+02  4.721849e+02 -1.093026e+02
     vertex -1.896000e+02  4.721849e+02 -1.093026e+02
   endloop
 endfacet
 facet normal  0.000000e+00 -2.717635e-01  9.623641e-01
   outer loop
     vertex -1.896000e+02  4.707498e+02 -1.099027e+02
     vertex -1.861000e+02  4.707498e+02 -1.099027e+02
     vertex -1.861000e+02  4.715038e+02 -1.096898e+02
   endloop
 endfacet
 facet normal  0.000000e+00 -2.717635e-01  9.623641e-01
   outer loop
     vertex -1.896000e+02  4.707498e+02 -1.099027e+02
     vertex -1.861000e+02  4.715038e+02 -1.096898e+02
     vertex -1.896000e+02  4.715038e+02 -1.096898e+02
   endloop
 endfacet
 facet normal -3.512947e-15 -3.355772e-02  9.994368e-01
   outer loop
     vertex -1.896000e+02  4.699667e+02 -1.099290e+02
     vertex -1.861000e+02  4.699667e+02 -1.099290e+02
     vertex -1.861000e+02  4.707498e+02 -1.099027e+02
   endloop
 endfacet
 facet normal  0.000000e+00 -3.355772e-02  9.994368e-01
   outer loop
     vertex -1.896000e+02  4.699667e+02 -1.099290e+02
     vertex -1.861000e+02  4.707498e+02 -1.099027e+02
     vertex -1.896000e+02  4.707498e+02 -1.099027e+02
   endloop
 endfacet
 facet normal  0.000000e+00 -2.065983e-01 -9.784259e-01
   outer loop
     vertex -1.896000e+02  4.847998e+02 -1.036156e+02
     vertex -1.861000e+02  4.840333e+02 -1.034537e+02
     vertex -1.896000e+02  4.840333e+02 -1.034537e+02
   endloop
 endfacet
 facet normal  0.000000e+00 -2.065983e-01 -9.784259e-01
   outer loop
     vertex -1.896000e+02  4.847998e+02 -1.036156e+02
     vertex -1.861000e+02  4.847998e+02 -1.036156e+02
     vertex -1.861000e+02  4.840333e+02 -1.034537e+02
   endloop
 endfacet
 facet normal  0.000000e+00 -4.347475e-01 -9.005524e-01
   outer loop
     vertex -1.896000e+02  4.855054e+02 -1.039562e+02
     vertex -1.861000e+02  4.855054e+02 -1.039562e+02
     vertex -1.861000e+02  4.847998e+02 -1.036156e+02
   endloop
 endfacet
 facet normal  0.000000e+00 -4.347475e-01 -9.005524e-01
   outer loop
     vertex -1.896000e+02  4.855054e+02 -1.039562e+02
     vertex -1.861000e+02  4.847998e+02 -1.036156e+02
     vertex -1.896000e+02  4.847998e+02 -1.036156e+02
   endloop
 endfacet
 facet normal  0.000000e+00 -6.376309e-01 -7.703421e-01
   outer loop
     vertex -1.896000e+02  4.861090e+02 -1.044558e+02
     vertex -1.861000e+02  4.861090e+02 -1.044558e+02
     vertex -1.861000e+02  4.855054e+02 -1.039562e+02
   endloop
 endfacet
 facet normal  0.000000e+00 -8.034574e-01 -5.953623e-01
   outer loop
     vertex -1.896000e+02  4.861090e+02 -1.044558e+02
     vertex -1.861000e+02  4.865754e+02 -1.050853e+02
     vertex -1.861000e+02  4.861090e+02 -1.044558e+02
   endloop
 endfacet
 facet normal  0.000000e+00 -6.376309e-01 -7.703421e-01
   outer loop
     vertex -1.896000e+02  4.861090e+02 -1.044558e+02
     vertex -1.861000e+02  4.855054e+02 -1.039562e+02
     vertex -1.896000e+02  4.855054e+02 -1.039562e+02
   endloop
 endfacet
 facet normal  1.304893e-14 -8.034574e-01 -5.953623e-01
   outer loop
     vertex -1.896000e+02  4.865754e+02 -1.050853e+02
     vertex -1.861000e+02  4.865754e+02 -1.050853e+02
     vertex -1.896000e+02  4.861090e+02 -1.044558e+02
   endloop
 endfacet
 facet normal  1.498376e-14 -9.225899e-01 -3.857822e-01
   outer loop
     vertex -1.896000e+02  4.868777e+02 -1.058081e+02
     vertex -1.861000e+02  4.868777e+02 -1.058081e+02
     vertex -1.861000e+02  4.865754e+02 -1.050853e+02
   endloop
 endfacet
 facet normal  1.497998e-14 -9.225899e-01 -3.857822e-01
   outer loop
     vertex -1.896000e+02  4.868777e+02 -1.058081e+02
     vertex -1.861000e+02  4.865754e+02 -1.050853e+02
     vertex -1.896000e+02  4.865754e+02 -1.050853e+02
   endloop
 endfacet
 facet normal  0.000000e+00 -9.881048e-01 -1.537818e-01
   outer loop
     vertex -1.896000e+02  4.869982e+02 -1.065823e+02
     vertex -1.861000e+02  4.869982e+02 -1.065823e+02
     vertex -1.861000e+02  4.868777e+02 -1.058081e+02
   endloop
 endfacet
 facet normal  1.604781e-14 -9.881048e-01 -1.537818e-01
   outer loop
     vertex -1.896000e+02  4.869982e+02 -1.065823e+02
     vertex -1.861000e+02  4.868777e+02 -1.058081e+02
     vertex -1.896000e+02  4.868777e+02 -1.058081e+02
   endloop
 endfacet
 facet normal  0.000000e+00 -9.961947e-01  8.715574e-02
   outer loop
     vertex -1.896000e+02  4.869299e+02 -1.073628e+02
     vertex -1.861000e+02  4.869299e+02 -1.073628e+02
     vertex -1.861000e+02  4.869982e+02 -1.065823e+02
   endloop
 endfacet
 facet normal  0.000000e+00 -9.463894e-01  3.230282e-01
   outer loop
     vertex -1.896000e+02  4.869299e+02 -1.073628e+02
     vertex -1.861000e+02  4.866768e+02 -1.081043e+02
     vertex -1.861000e+02  4.869299e+02 -1.073628e+02
   endloop
 endfacet
 facet normal  0.000000e+00 -9.961947e-01  8.715574e-02
   outer loop
     vertex -1.896000e+02  4.869299e+02 -1.073628e+02
     vertex -1.861000e+02  4.869982e+02 -1.065823e+02
     vertex -1.896000e+02  4.869982e+02 -1.065823e+02
   endloop
 endfacet
 facet normal  1.537029e-14 -9.463894e-01  3.230282e-01
   outer loop
     vertex -1.896000e+02  4.866768e+02 -1.081043e+02
     vertex -1.861000e+02  4.866768e+02 -1.081043e+02
     vertex -1.896000e+02  4.869299e+02 -1.073628e+02
   endloop
 endfacet
 facet normal  0.000000e+00 -8.415833e-01  5.401273e-01
   outer loop
     vertex -1.896000e+02  4.862536e+02 -1.087636e+02
     vertex -1.861000e+02  4.862536e+02 -1.087636e+02
     vertex -1.861000e+02  4.866768e+02 -1.081043e+02
   endloop
 endfacet
 facet normal  1.366417e-14 -8.415833e-01  5.401273e-01
   outer loop
     vertex -1.896000e+02  4.862536e+02 -1.087636e+02
     vertex -1.861000e+02  4.866768e+02 -1.081043e+02
     vertex -1.896000e+02  4.866768e+02 -1.081043e+02
   endloop
 endfacet
 facet normal  1.117164e-14 -6.878675e-01  7.258363e-01
   outer loop
     vertex -1.896000e+02  4.856849e+02 -1.093026e+02
     vertex -1.861000e+02  4.856849e+02 -1.093026e+02
     vertex -1.861000e+02  4.862536e+02 -1.087636e+02
   endloop
 endfacet
 facet normal  0.000000e+00 -6.878675e-01  7.258363e-01
   outer loop
     vertex -1.896000e+02  4.856849e+02 -1.093026e+02
     vertex -1.861000e+02  4.862536e+02 -1.087636e+02
     vertex -1.896000e+02  4.862536e+02 -1.087636e+02
   endloop
 endfacet
 facet normal  0.000000e+00 -4.941753e-01  8.693623e-01
   outer loop
     vertex -1.896000e+02  4.850038e+02 -1.096898e+02
     vertex -1.861000e+02  4.850038e+02 -1.096898e+02
     vertex -1.861000e+02  4.856849e+02 -1.093026e+02
   endloop
 endfacet
 facet normal  8.036559e-15 -4.941753e-01  8.693623e-01
   outer loop
     vertex -1.896000e+02  4.850038e+02 -1.096898e+02
     vertex -1.861000e+02  4.856849e+02 -1.093026e+02
     vertex -1.896000e+02  4.856849e+02 -1.093026e+02
   endloop
 endfacet
 facet normal  0.000000e+00 -2.717635e-01  9.623641e-01
   outer loop
     vertex -1.896000e+02  4.842498e+02 -1.099027e+02
     vertex -1.861000e+02  4.842498e+02 -1.099027e+02
     vertex -1.861000e+02  4.850038e+02 -1.096898e+02
   endloop
 endfacet
 facet normal  0.000000e+00 -2.717635e-01  9.623641e-01
   outer loop
     vertex -1.896000e+02  4.842498e+02 -1.099027e+02
     vertex -1.861000e+02  4.850038e+02 -1.096898e+02
     vertex -1.896000e+02  4.850038e+02 -1.096898e+02
   endloop
 endfacet
 facet normal  0.000000e+00 -3.355772e-02  9.994368e-01
   outer loop
     vertex -1.896000e+02  4.834667e+02 -1.099290e+02
     vertex -1.861000e+02  4.834667e+02 -1.099290e+02
     vertex -1.861000e+02  4.842498e+02 -1.099027e+02
   endloop
 endfacet
 facet normal  0.000000e+00 -3.355772e-02  9.994368e-01
   outer loop
     vertex -1.896000e+02  4.834667e+02 -1.099290e+02
     vertex -1.861000e+02  4.842498e+02 -1.099027e+02
     vertex -1.896000e+02  4.842498e+02 -1.099027e+02
   endloop
 endfacet
 facet normal  0.000000e+00 -2.065983e-01 -9.784259e-01
   outer loop
     vertex -1.896000e+02  4.915498e+02 -9.192423e+01
     vertex -1.861000e+02  4.907833e+02 -9.176237e+01
     vertex -1.896000e+02  4.907833e+02 -9.176237e+01
   endloop
 endfacet
 facet normal  0.000000e+00 -2.065983e-01 -9.784259e-01
   outer loop
     vertex -1.896000e+02  4.915498e+02 -9.192423e+01
     vertex -1.861000e+02  4.915498e+02 -9.192423e+01
     vertex -1.861000e+02  4.907833e+02 -9.176237e+01
   endloop
 endfacet
 facet normal  0.000000e+00 -4.347475e-01 -9.005524e-01
   outer loop
     vertex -1.896000e+02  4.922554e+02 -9.226485e+01
     vertex -1.861000e+02  4.922554e+02 -9.226485e+01
     vertex -1.861000e+02  4.915498e+02 -9.192423e+01
   endloop
 endfacet
 facet normal  0.000000e+00 -4.347475e-01 -9.005524e-01
   outer loop
     vertex -1.896000e+02  4.922554e+02 -9.226485e+01
     vertex -1.861000e+02  4.915498e+02 -9.192423e+01
     vertex -1.896000e+02  4.915498e+02 -9.192423e+01
   endloop
 endfacet
 facet normal  0.000000e+00 -6.376309e-01 -7.703421e-01
   outer loop
     vertex -1.896000e+02  4.928590e+02 -9.276443e+01
     vertex -1.861000e+02  4.928590e+02 -9.276443e+01
     vertex -1.861000e+02  4.922554e+02 -9.226485e+01
   endloop
 endfacet
 facet normal  0.000000e+00 -8.034574e-01 -5.953623e-01
   outer loop
     vertex -1.896000e+02  4.928590e+02 -9.276443e+01
     vertex -1.861000e+02  4.933254e+02 -9.339393e+01
     vertex -1.861000e+02  4.928590e+02 -9.276443e+01
   endloop
 endfacet
 facet normal  0.000000e+00 -6.376309e-01 -7.703421e-01
   outer loop
     vertex -1.896000e+02  4.928590e+02 -9.276443e+01
     vertex -1.861000e+02  4.922554e+02 -9.226485e+01
     vertex -1.896000e+02  4.922554e+02 -9.226485e+01
   endloop
 endfacet
 facet normal  1.304893e-14 -8.034574e-01 -5.953623e-01
   outer loop
     vertex -1.896000e+02  4.933254e+02 -9.339393e+01
     vertex -1.861000e+02  4.933254e+02 -9.339393e+01
     vertex -1.896000e+02  4.928590e+02 -9.276443e+01
   endloop
 endfacet
 facet normal -1.566370e-15 -9.225899e-01 -3.857822e-01
   outer loop
     vertex -1.896000e+02  4.936277e+02 -9.411677e+01
     vertex -1.861000e+02  4.936277e+02 -9.411677e+01
     vertex -1.861000e+02  4.933254e+02 -9.339393e+01
   endloop
 endfacet
 facet normal  1.497998e-14 -9.225899e-01 -3.857822e-01
   outer loop
     vertex -1.896000e+02  4.936277e+02 -9.411677e+01
     vertex -1.861000e+02  4.933254e+02 -9.339393e+01
     vertex -1.896000e+02  4.933254e+02 -9.339393e+01
   endloop
 endfacet
 facet normal  0.000000e+00 -9.881048e-01 -1.537818e-01
   outer loop
     vertex -1.896000e+02  4.937482e+02 -9.489094e+01
     vertex -1.861000e+02  4.937482e+02 -9.489094e+01
     vertex -1.861000e+02  4.936277e+02 -9.411677e+01
   endloop
 endfacet
 facet normal -6.224790e-16 -9.881048e-01 -1.537818e-01
   outer loop
     vertex -1.896000e+02  4.937482e+02 -9.489094e+01
     vertex -1.861000e+02  4.936277e+02 -9.411677e+01
     vertex -1.896000e+02  4.936277e+02 -9.411677e+01
   endloop
 endfacet
 facet normal  1.617917e-14 -9.961947e-01  8.715574e-02
   outer loop
     vertex -1.896000e+02  4.936799e+02 -9.567144e+01
     vertex -1.861000e+02  4.936799e+02 -9.567144e+01
     vertex -1.861000e+02  4.937482e+02 -9.489094e+01
   endloop
 endfacet
 facet normal  1.537029e-14 -9.463894e-01  3.230282e-01
   outer loop
     vertex -1.896000e+02  4.936799e+02 -9.567144e+01
     vertex -1.861000e+02  4.934268e+02 -9.641293e+01
     vertex -1.861000e+02  4.936799e+02 -9.567144e+01
   endloop
 endfacet
 facet normal  0.000000e+00 -9.961947e-01  8.715574e-02
   outer loop
     vertex -1.896000e+02  4.936799e+02 -9.567144e+01
     vertex -1.861000e+02  4.937482e+02 -9.489094e+01
     vertex -1.896000e+02  4.937482e+02 -9.489094e+01
   endloop
 endfacet
 facet normal  1.668186e-14 -9.463894e-01  3.230282e-01
   outer loop
     vertex -1.896000e+02  4.934268e+02 -9.641293e+01
     vertex -1.861000e+02  4.934268e+02 -9.641293e+01
     vertex -1.896000e+02  4.936799e+02 -9.567144e+01
   endloop
 endfacet
 facet normal  0.000000e+00 -8.415833e-01  5.401273e-01
   outer loop
     vertex -1.896000e+02  4.930036e+02 -9.707230e+01
     vertex -1.861000e+02  4.930036e+02 -9.707230e+01
     vertex -1.861000e+02  4.934268e+02 -9.641293e+01
   endloop
 endfacet
 facet normal  1.585044e-14 -8.415833e-01  5.401273e-01
   outer loop
     vertex -1.896000e+02  4.930036e+02 -9.707230e+01
     vertex -1.861000e+02  4.934268e+02 -9.641293e+01
     vertex -1.896000e+02  4.934268e+02 -9.641293e+01
   endloop
 endfacet
 facet normal  0.000000e+00 -6.878675e-01  7.258363e-01
   outer loop
     vertex -1.896000e+02  4.924349e+02 -9.761124e+01
     vertex -1.861000e+02  4.924349e+02 -9.761124e+01
     vertex -1.861000e+02  4.930036e+02 -9.707230e+01
   endloop
 endfacet
 facet normal  0.000000e+00 -6.878675e-01  7.258363e-01
   outer loop
     vertex -1.896000e+02  4.924349e+02 -9.761124e+01
     vertex -1.861000e+02  4.930036e+02 -9.707230e+01
     vertex -1.896000e+02  4.930036e+02 -9.707230e+01
   endloop
 endfacet
 facet normal  0.000000e+00 -4.941753e-01  8.693623e-01
   outer loop
     vertex -1.896000e+02  4.917538e+02 -9.799842e+01
     vertex -1.861000e+02  4.917538e+02 -9.799842e+01
     vertex -1.861000e+02  4.924349e+02 -9.761124e+01
   endloop
 endfacet
 facet normal  0.000000e+00 -4.941753e-01  8.693623e-01
   outer loop
     vertex -1.896000e+02  4.917538e+02 -9.799842e+01
     vertex -1.861000e+02  4.924349e+02 -9.761124e+01
     vertex -1.896000e+02  4.924349e+02 -9.761124e+01
   endloop
 endfacet
 facet normal  0.000000e+00 -2.717635e-01  9.623641e-01
   outer loop
     vertex -1.896000e+02  4.909998e+02 -9.821134e+01
     vertex -1.861000e+02  4.909998e+02 -9.821134e+01
     vertex -1.861000e+02  4.917538e+02 -9.799842e+01
   endloop
 endfacet
 facet normal  0.000000e+00 -2.717635e-01  9.623641e-01
   outer loop
     vertex -1.896000e+02  4.909998e+02 -9.821134e+01
     vertex -1.861000e+02  4.917538e+02 -9.799842e+01
     vertex -1.896000e+02  4.917538e+02 -9.799842e+01
   endloop
 endfacet
 facet normal  4.057957e-15 -3.355772e-02  9.994368e-01
   outer loop
     vertex -1.896000e+02  4.902167e+02 -9.823763e+01
     vertex -1.861000e+02  4.902167e+02 -9.823763e+01
     vertex -1.861000e+02  4.909998e+02 -9.821134e+01
   endloop
 endfacet
 facet normal  0.000000e+00 -3.355772e-02  9.994368e-01
   outer loop
     vertex -1.896000e+02  4.902167e+02 -9.823763e+01
     vertex -1.861000e+02  4.909998e+02 -9.821134e+01
     vertex -1.896000e+02  4.909998e+02 -9.821134e+01
   endloop
 endfacet
 facet normal  0.000000e+00 -2.065983e-01 -9.784259e-01
   outer loop
     vertex -1.896000e+02  4.847998e+02 -8.023289e+01
     vertex -1.861000e+02  4.840333e+02 -8.007102e+01
     vertex -1.896000e+02  4.840333e+02 -8.007102e+01
   endloop
 endfacet
 facet normal  0.000000e+00 -2.065983e-01 -9.784259e-01
   outer loop
     vertex -1.896000e+02  4.847998e+02 -8.023289e+01
     vertex -1.861000e+02  4.847998e+02 -8.023289e+01
     vertex -1.861000e+02  4.840333e+02 -8.007102e+01
   endloop
 endfacet
 facet normal  0.000000e+00 -4.347475e-01 -9.005524e-01
   outer loop
     vertex -1.896000e+02  4.855054e+02 -8.057351e+01
     vertex -1.861000e+02  4.855054e+02 -8.057351e+01
     vertex -1.861000e+02  4.847998e+02 -8.023289e+01
   endloop
 endfacet
 facet normal  0.000000e+00 -4.347475e-01 -9.005524e-01
   outer loop
     vertex -1.896000e+02  4.855054e+02 -8.057351e+01
     vertex -1.861000e+02  4.847998e+02 -8.023289e+01
     vertex -1.896000e+02  4.847998e+02 -8.023289e+01
   endloop
 endfacet
 facet normal  1.035575e-14 -6.376309e-01 -7.703421e-01
   outer loop
     vertex -1.896000e+02  4.861090e+02 -8.107309e+01
     vertex -1.861000e+02  4.861090e+02 -8.107309e+01
     vertex -1.861000e+02  4.855054e+02 -8.057351e+01
   endloop
 endfacet
 facet normal  1.304893e-14 -8.034574e-01 -5.953623e-01
   outer loop
     vertex -1.896000e+02  4.861090e+02 -8.107309e+01
     vertex -1.861000e+02  4.865754e+02 -8.170259e+01
     vertex -1.861000e+02  4.861090e+02 -8.107309e+01
   endloop
 endfacet
 facet normal  0.000000e+00 -6.376309e-01 -7.703421e-01
   outer loop
     vertex -1.896000e+02  4.861090e+02 -8.107309e+01
     vertex -1.861000e+02  4.855054e+02 -8.057351e+01
     vertex -1.896000e+02  4.855054e+02 -8.057351e+01
   endloop
 endfacet
 facet normal  1.304893e-14 -8.034574e-01 -5.953623e-01
   outer loop
     vertex -1.896000e+02  4.865754e+02 -8.170259e+01
     vertex -1.861000e+02  4.865754e+02 -8.170259e+01
     vertex -1.896000e+02  4.861090e+02 -8.107309e+01
   endloop
 endfacet
 facet normal  1.498376e-14 -9.225899e-01 -3.857822e-01
   outer loop
     vertex -1.896000e+02  4.868777e+02 -8.242543e+01
     vertex -1.861000e+02  4.868777e+02 -8.242543e+01
     vertex -1.861000e+02  4.865754e+02 -8.170259e+01
   endloop
 endfacet
 facet normal  1.499010e-14 -9.225899e-01 -3.857822e-01
   outer loop
     vertex -1.896000e+02  4.868777e+02 -8.242543e+01
     vertex -1.861000e+02  4.865754e+02 -8.170259e+01
     vertex -1.896000e+02  4.865754e+02 -8.170259e+01
   endloop
 endfacet
 facet normal  0.000000e+00 -9.881048e-01 -1.537818e-01
   outer loop
     vertex -1.896000e+02  4.869982e+02 -8.319959e+01
     vertex -1.861000e+02  4.869982e+02 -8.319959e+01
     vertex -1.861000e+02  4.868777e+02 -8.242543e+01
   endloop
 endfacet
 facet normal  1.604781e-14 -9.881048e-01 -1.537818e-01
   outer loop
     vertex -1.896000e+02  4.869982e+02 -8.319959e+01
     vertex -1.861000e+02  4.868777e+02 -8.242543e+01
     vertex -1.896000e+02  4.868777e+02 -8.242543e+01
   endloop
 endfacet
 facet normal  1.617917e-14 -9.961947e-01  8.715574e-02
   outer loop
     vertex -1.896000e+02  4.869299e+02 -8.398010e+01
     vertex -1.861000e+02  4.869299e+02 -8.398010e+01
     vertex -1.861000e+02  4.869982e+02 -8.319959e+01
   endloop
 endfacet
 facet normal  1.537029e-14 -9.463894e-01  3.230282e-01
   outer loop
     vertex -1.896000e+02  4.869299e+02 -8.398010e+01
     vertex -1.861000e+02  4.866768e+02 -8.472159e+01
     vertex -1.861000e+02  4.869299e+02 -8.398010e+01
   endloop
 endfacet
 facet normal  0.000000e+00 -9.961947e-01  8.715574e-02
   outer loop
     vertex -1.896000e+02  4.869299e+02 -8.398010e+01
     vertex -1.861000e+02  4.869982e+02 -8.319959e+01
     vertex -1.896000e+02  4.869982e+02 -8.319959e+01
   endloop
 endfacet
 facet normal  1.537029e-14 -9.463894e-01  3.230282e-01
   outer loop
     vertex -1.896000e+02  4.866768e+02 -8.472159e+01
     vertex -1.861000e+02  4.866768e+02 -8.472159e+01
     vertex -1.896000e+02  4.869299e+02 -8.398010e+01
   endloop
 endfacet
 facet normal  0.000000e+00 -8.415833e-01  5.401273e-01
   outer loop
     vertex -1.896000e+02  4.862536e+02 -8.538096e+01
     vertex -1.861000e+02  4.862536e+02 -8.538096e+01
     vertex -1.861000e+02  4.866768e+02 -8.472159e+01
   endloop
 endfacet
 facet normal  1.366417e-14 -8.415833e-01  5.401273e-01
   outer loop
     vertex -1.896000e+02  4.862536e+02 -8.538096e+01
     vertex -1.861000e+02  4.866768e+02 -8.472159e+01
     vertex -1.896000e+02  4.866768e+02 -8.472159e+01
   endloop
 endfacet
 facet normal  1.117164e-14 -6.878675e-01  7.258363e-01
   outer loop
     vertex -1.896000e+02  4.856849e+02 -8.591989e+01
     vertex -1.861000e+02  4.856849e+02 -8.591989e+01
     vertex -1.861000e+02  4.862536e+02 -8.538096e+01
   endloop
 endfacet
 facet normal  0.000000e+00 -6.878675e-01  7.258363e-01
   outer loop
     vertex -1.896000e+02  4.856849e+02 -8.591989e+01
     vertex -1.861000e+02  4.862536e+02 -8.538096e+01
     vertex -1.896000e+02  4.862536e+02 -8.538096e+01
   endloop
 endfacet
 facet normal  0.000000e+00 -4.941753e-01  8.693623e-01
   outer loop
     vertex -1.896000e+02  4.850038e+02 -8.630707e+01
     vertex -1.861000e+02  4.850038e+02 -8.630707e+01
     vertex -1.861000e+02  4.856849e+02 -8.591989e+01
   endloop
 endfacet
 facet normal  8.016315e-15 -4.941753e-01  8.693623e-01
   outer loop
     vertex -1.896000e+02  4.850038e+02 -8.630707e+01
     vertex -1.861000e+02  4.856849e+02 -8.591989e+01
     vertex -1.896000e+02  4.856849e+02 -8.591989e+01
   endloop
 endfacet
 facet normal  0.000000e+00 -2.717635e-01  9.623641e-01
   outer loop
     vertex -1.896000e+02  4.842498e+02 -8.652000e+01
     vertex -1.861000e+02  4.842498e+02 -8.652000e+01
     vertex -1.861000e+02  4.850038e+02 -8.630707e+01
   endloop
 endfacet
 facet normal  0.000000e+00 -2.717635e-01  9.623641e-01
   outer loop
     vertex -1.896000e+02  4.842498e+02 -8.652000e+01
     vertex -1.861000e+02  4.850038e+02 -8.630707e+01
     vertex -1.896000e+02  4.850038e+02 -8.630707e+01
   endloop
 endfacet
 facet normal  0.000000e+00 -3.355772e-02  9.994368e-01
   outer loop
     vertex -1.896000e+02  4.834667e+02 -8.654629e+01
     vertex -1.861000e+02  4.834667e+02 -8.654629e+01
     vertex -1.861000e+02  4.842498e+02 -8.652000e+01
   endloop
 endfacet
 facet normal  0.000000e+00 -3.355772e-02  9.994368e-01
   outer loop
     vertex -1.896000e+02  4.834667e+02 -8.654629e+01
     vertex -1.861000e+02  4.842498e+02 -8.652000e+01
     vertex -1.896000e+02  4.842498e+02 -8.652000e+01
   endloop
 endfacet
 facet normal  0.000000e+00 -2.065983e-01 -9.784259e-01
   outer loop
     vertex -1.896000e+02  4.712998e+02 -8.023289e+01
     vertex -1.861000e+02  4.705333e+02 -8.007102e+01
     vertex -1.896000e+02  4.705333e+02 -8.007102e+01
   endloop
 endfacet
 facet normal  0.000000e+00 -2.065983e-01 -9.784259e-01
   outer loop
     vertex -1.896000e+02  4.712998e+02 -8.023289e+01
     vertex -1.861000e+02  4.712998e+02 -8.023289e+01
     vertex -1.861000e+02  4.705333e+02 -8.007102e+01
   endloop
 endfacet
 facet normal  0.000000e+00 -4.347475e-01 -9.005524e-01
   outer loop
     vertex -1.896000e+02  4.720054e+02 -8.057351e+01
     vertex -1.861000e+02  4.720054e+02 -8.057351e+01
     vertex -1.861000e+02  4.712998e+02 -8.023289e+01
   endloop
 endfacet
 facet normal  0.000000e+00 -4.347475e-01 -9.005524e-01
   outer loop
     vertex -1.896000e+02  4.720054e+02 -8.057351e+01
     vertex -1.861000e+02  4.712998e+02 -8.023289e+01
     vertex -1.896000e+02  4.712998e+02 -8.023289e+01
   endloop
 endfacet
 facet normal  0.000000e+00 -6.376309e-01 -7.703421e-01
   outer loop
     vertex -1.896000e+02  4.726090e+02 -8.107309e+01
     vertex -1.861000e+02  4.726090e+02 -8.107309e+01
     vertex -1.861000e+02  4.720054e+02 -8.057351e+01
   endloop
 endfacet
 facet normal  0.000000e+00 -8.034574e-01 -5.953623e-01
   outer loop
     vertex -1.896000e+02  4.726090e+02 -8.107309e+01
     vertex -1.861000e+02  4.730754e+02 -8.170259e+01
     vertex -1.861000e+02  4.726090e+02 -8.107309e+01
   endloop
 endfacet
 facet normal  0.000000e+00 -6.376309e-01 -7.703421e-01
   outer loop
     vertex -1.896000e+02  4.726090e+02 -8.107309e+01
     vertex -1.861000e+02  4.720054e+02 -8.057351e+01
     vertex -1.896000e+02  4.720054e+02 -8.057351e+01
   endloop
 endfacet
 facet normal  2.609787e-14 -8.034574e-01 -5.953623e-01
   outer loop
     vertex -1.896000e+02  4.730754e+02 -8.170259e+01
     vertex -1.861000e+02  4.730754e+02 -8.170259e+01
     vertex -1.896000e+02  4.726090e+02 -8.107309e+01
   endloop
 endfacet
 facet normal  0.000000e+00 -9.225899e-01 -3.857822e-01
   outer loop
     vertex -1.896000e+02  4.733777e+02 -8.242543e+01
     vertex -1.861000e+02  4.733777e+02 -8.242543e+01
     vertex -1.861000e+02  4.730754e+02 -8.170259e+01
   endloop
 endfacet
 facet normal  2.997009e-14 -9.225899e-01 -3.857822e-01
   outer loop
     vertex -1.896000e+02  4.733777e+02 -8.242543e+01
     vertex -1.861000e+02  4.730754e+02 -8.170259e+01
     vertex -1.896000e+02  4.730754e+02 -8.170259e+01
   endloop
 endfacet
 facet normal  0.000000e+00 -9.881048e-01 -1.537818e-01
   outer loop
     vertex -1.896000e+02  4.734982e+02 -8.319959e+01
     vertex -1.861000e+02  4.734982e+02 -8.319959e+01
     vertex -1.861000e+02  4.733777e+02 -8.242543e+01
   endloop
 endfacet
 facet normal  0.000000e+00 -9.881048e-01 -1.537818e-01
   outer loop
     vertex -1.896000e+02  4.734982e+02 -8.319959e+01
     vertex -1.861000e+02  4.733777e+02 -8.242543e+01
     vertex -1.896000e+02  4.733777e+02 -8.242543e+01
   endloop
 endfacet
 facet normal  0.000000e+00 -9.961947e-01  8.715574e-02
   outer loop
     vertex -1.896000e+02  4.734299e+02 -8.398010e+01
     vertex -1.861000e+02  4.734299e+02 -8.398010e+01
     vertex -1.861000e+02  4.734982e+02 -8.319959e+01
   endloop
 endfacet
 facet normal  0.000000e+00 -9.463894e-01  3.230282e-01
   outer loop
     vertex -1.896000e+02  4.734299e+02 -8.398010e+01
     vertex -1.861000e+02  4.731768e+02 -8.472159e+01
     vertex -1.861000e+02  4.734299e+02 -8.398010e+01
   endloop
 endfacet
 facet normal  0.000000e+00 -9.961947e-01  8.715574e-02
   outer loop
     vertex -1.896000e+02  4.734299e+02 -8.398010e+01
     vertex -1.861000e+02  4.734982e+02 -8.319959e+01
     vertex -1.896000e+02  4.734982e+02 -8.319959e+01
   endloop
 endfacet
 facet normal  3.074058e-14 -9.463894e-01  3.230282e-01
   outer loop
     vertex -1.896000e+02  4.731768e+02 -8.472159e+01
     vertex -1.861000e+02  4.731768e+02 -8.472159e+01
     vertex -1.896000e+02  4.734299e+02 -8.398010e+01
   endloop
 endfacet
 facet normal  1.366813e-14 -8.415833e-01  5.401273e-01
   outer loop
     vertex -1.896000e+02  4.727536e+02 -8.538096e+01
     vertex -1.861000e+02  4.727536e+02 -8.538096e+01
     vertex -1.861000e+02  4.731768e+02 -8.472159e+01
   endloop
 endfacet
 facet normal  2.732835e-14 -8.415833e-01  5.401273e-01
   outer loop
     vertex -1.896000e+02  4.727536e+02 -8.538096e+01
     vertex -1.861000e+02  4.731768e+02 -8.472159e+01
     vertex -1.896000e+02  4.731768e+02 -8.472159e+01
   endloop
 endfacet
 facet normal  0.000000e+00 -6.878675e-01  7.258363e-01
   outer loop
     vertex -1.896000e+02  4.721849e+02 -8.591989e+01
     vertex -1.861000e+02  4.721849e+02 -8.591989e+01
     vertex -1.861000e+02  4.727536e+02 -8.538096e+01
   endloop
 endfacet
 facet normal  1.117426e-14 -6.878675e-01  7.258363e-01
   outer loop
     vertex -1.896000e+02  4.721849e+02 -8.591989e+01
     vertex -1.861000e+02  4.727536e+02 -8.538096e+01
     vertex -1.896000e+02  4.727536e+02 -8.538096e+01
   endloop
 endfacet
 facet normal  8.025890e-15 -4.941753e-01  8.693623e-01
   outer loop
     vertex -1.896000e+02  4.715038e+02 -8.630707e+01
     vertex -1.861000e+02  4.715038e+02 -8.630707e+01
     vertex -1.861000e+02  4.721849e+02 -8.591989e+01
   endloop
 endfacet
 facet normal  0.000000e+00 -4.941753e-01  8.693623e-01
   outer loop
     vertex -1.896000e+02  4.715038e+02 -8.630707e+01
     vertex -1.861000e+02  4.721849e+02 -8.591989e+01
     vertex -1.896000e+02  4.721849e+02 -8.591989e+01
   endloop
 endfacet
 facet normal  4.413704e-15 -2.717635e-01  9.623641e-01
   outer loop
     vertex -1.896000e+02  4.707498e+02 -8.652000e+01
     vertex -1.861000e+02  4.707498e+02 -8.652000e+01
     vertex -1.861000e+02  4.715038e+02 -8.630707e+01
   endloop
 endfacet
 facet normal  4.413022e-15 -2.717635e-01  9.623641e-01
   outer loop
     vertex -1.896000e+02  4.707498e+02 -8.652000e+01
     vertex -1.861000e+02  4.715038e+02 -8.630707e+01
     vertex -1.896000e+02  4.715038e+02 -8.630707e+01
   endloop
 endfacet
 facet normal  5.450102e-16 -3.355772e-02  9.994368e-01
   outer loop
     vertex -1.896000e+02  4.699667e+02 -8.654629e+01
     vertex -1.861000e+02  4.699667e+02 -8.654629e+01
     vertex -1.861000e+02  4.707498e+02 -8.652000e+01
   endloop
 endfacet
 facet normal  5.453018e-16 -3.355772e-02  9.994368e-01
   outer loop
     vertex -1.896000e+02  4.699667e+02 -8.654629e+01
     vertex -1.861000e+02  4.707498e+02 -8.652000e+01
     vertex -1.896000e+02  4.707498e+02 -8.652000e+01
   endloop
 endfacet
 facet normal  3.355314e-15 -2.065983e-01 -9.784259e-01
   outer loop
     vertex -1.896000e+02  4.645498e+02 -9.192423e+01
     vertex -1.861000e+02  4.637833e+02 -9.176237e+01
     vertex -1.896000e+02  4.637833e+02 -9.176237e+01
   endloop
 endfacet
 facet normal  0.000000e+00 -2.065983e-01 -9.784259e-01
   outer loop
     vertex -1.896000e+02  4.645498e+02 -9.192423e+01
     vertex -1.861000e+02  4.645498e+02 -9.192423e+01
     vertex -1.861000e+02  4.637833e+02 -9.176237e+01
   endloop
 endfacet
 facet normal  0.000000e+00 -4.347475e-01 -9.005524e-01
   outer loop
     vertex -1.896000e+02  4.652554e+02 -9.226485e+01
     vertex -1.861000e+02  4.652554e+02 -9.226485e+01
     vertex -1.861000e+02  4.645498e+02 -9.192423e+01
   endloop
 endfacet
 facet normal  0.000000e+00 -4.347475e-01 -9.005524e-01
   outer loop
     vertex -1.896000e+02  4.652554e+02 -9.226485e+01
     vertex -1.861000e+02  4.645498e+02 -9.192423e+01
     vertex -1.896000e+02  4.645498e+02 -9.192423e+01
   endloop
 endfacet
 facet normal  0.000000e+00 -6.376309e-01 -7.703421e-01
   outer loop
     vertex -1.896000e+02  4.658590e+02 -9.276443e+01
     vertex -1.861000e+02  4.658590e+02 -9.276443e+01
     vertex -1.861000e+02  4.652554e+02 -9.226485e+01
   endloop
 endfacet
 facet normal  0.000000e+00 -8.034574e-01 -5.953623e-01
   outer loop
     vertex -1.896000e+02  4.658590e+02 -9.276443e+01
     vertex -1.861000e+02  4.663254e+02 -9.339393e+01
     vertex -1.861000e+02  4.658590e+02 -9.276443e+01
   endloop
 endfacet
 facet normal  0.000000e+00 -6.376309e-01 -7.703421e-01
   outer loop
     vertex -1.896000e+02  4.658590e+02 -9.276443e+01
     vertex -1.861000e+02  4.652554e+02 -9.226485e+01
     vertex -1.896000e+02  4.652554e+02 -9.226485e+01
   endloop
 endfacet
 facet normal  1.304893e-14 -8.034574e-01 -5.953623e-01
   outer loop
     vertex -1.896000e+02  4.663254e+02 -9.339393e+01
     vertex -1.861000e+02  4.663254e+02 -9.339393e+01
     vertex -1.896000e+02  4.658590e+02 -9.276443e+01
   endloop
 endfacet
 facet normal  0.000000e+00 -9.225899e-01 -3.857822e-01
   outer loop
     vertex -1.896000e+02  4.666277e+02 -9.411677e+01
     vertex -1.861000e+02  4.666277e+02 -9.411677e+01
     vertex -1.861000e+02  4.663254e+02 -9.339393e+01
   endloop
 endfacet
 facet normal  1.497998e-14 -9.225899e-01 -3.857822e-01
   outer loop
     vertex -1.896000e+02  4.666277e+02 -9.411677e+01
     vertex -1.861000e+02  4.663254e+02 -9.339393e+01
     vertex -1.896000e+02  4.663254e+02 -9.339393e+01
   endloop
 endfacet
 facet normal  1.604779e-14 -9.881048e-01 -1.537818e-01
   outer loop
     vertex -1.896000e+02  4.667482e+02 -9.489094e+01
     vertex -1.861000e+02  4.667482e+02 -9.489094e+01
     vertex -1.861000e+02  4.666277e+02 -9.411677e+01
   endloop
 endfacet
 facet normal  0.000000e+00 -9.881048e-01 -1.537818e-01
   outer loop
     vertex -1.896000e+02  4.667482e+02 -9.489094e+01
     vertex -1.861000e+02  4.666277e+02 -9.411677e+01
     vertex -1.896000e+02  4.666277e+02 -9.411677e+01
   endloop
 endfacet
 facet normal  0.000000e+00 -9.961947e-01  8.715574e-02
   outer loop
     vertex -1.896000e+02  4.666799e+02 -9.567144e+01
     vertex -1.861000e+02  4.666799e+02 -9.567144e+01
     vertex -1.861000e+02  4.667482e+02 -9.489094e+01
   endloop
 endfacet
 facet normal  0.000000e+00 -9.463894e-01  3.230282e-01
   outer loop
     vertex -1.896000e+02  4.666799e+02 -9.567144e+01
     vertex -1.861000e+02  4.664268e+02 -9.641293e+01
     vertex -1.861000e+02  4.666799e+02 -9.567144e+01
   endloop
 endfacet
 facet normal  1.617939e-14 -9.961947e-01  8.715574e-02
   outer loop
     vertex -1.896000e+02  4.666799e+02 -9.567144e+01
     vertex -1.861000e+02  4.667482e+02 -9.489094e+01
     vertex -1.896000e+02  4.667482e+02 -9.489094e+01
   endloop
 endfacet
 facet normal  1.311573e-15 -9.463894e-01  3.230282e-01
   outer loop
     vertex -1.896000e+02  4.664268e+02 -9.641293e+01
     vertex -1.861000e+02  4.664268e+02 -9.641293e+01
     vertex -1.896000e+02  4.666799e+02 -9.567144e+01
   endloop
 endfacet
 facet normal  0.000000e+00 -8.415833e-01  5.401273e-01
   outer loop
     vertex -1.896000e+02  4.660036e+02 -9.707230e+01
     vertex -1.861000e+02  4.660036e+02 -9.707230e+01
     vertex -1.861000e+02  4.664268e+02 -9.641293e+01
   endloop
 endfacet
 facet normal  2.206511e-15 -8.415833e-01  5.401273e-01
   outer loop
     vertex -1.896000e+02  4.660036e+02 -9.707230e+01
     vertex -1.861000e+02  4.664268e+02 -9.641293e+01
     vertex -1.896000e+02  4.664268e+02 -9.641293e+01
   endloop
 endfacet
 facet normal  0.000000e+00 -6.878675e-01  7.258363e-01
   outer loop
     vertex -1.896000e+02  4.654349e+02 -9.761124e+01
     vertex -1.861000e+02  4.654349e+02 -9.761124e+01
     vertex -1.861000e+02  4.660036e+02 -9.707230e+01
   endloop
 endfacet
 facet normal  0.000000e+00 -6.878675e-01  7.258363e-01
   outer loop
     vertex -1.896000e+02  4.654349e+02 -9.761124e+01
     vertex -1.861000e+02  4.660036e+02 -9.707230e+01
     vertex -1.896000e+02  4.660036e+02 -9.707230e+01
   endloop
 endfacet
 facet normal  0.000000e+00 -4.941753e-01  8.693623e-01
   outer loop
     vertex -1.896000e+02  4.647538e+02 -9.799842e+01
     vertex -1.861000e+02  4.647538e+02 -9.799842e+01
     vertex -1.861000e+02  4.654349e+02 -9.761124e+01
   endloop
 endfacet
 facet normal  0.000000e+00 -4.941753e-01  8.693623e-01
   outer loop
     vertex -1.896000e+02  4.647538e+02 -9.799842e+01
     vertex -1.861000e+02  4.654349e+02 -9.761124e+01
     vertex -1.896000e+02  4.654349e+02 -9.761124e+01
   endloop
 endfacet
 facet normal  0.000000e+00 -2.717635e-01  9.623641e-01
   outer loop
     vertex -1.896000e+02  4.639998e+02 -9.821134e+01
     vertex -1.861000e+02  4.639998e+02 -9.821134e+01
     vertex -1.861000e+02  4.647538e+02 -9.799842e+01
   endloop
 endfacet
 facet normal  0.000000e+00 -2.717635e-01  9.623641e-01
   outer loop
     vertex -1.896000e+02  4.639998e+02 -9.821134e+01
     vertex -1.861000e+02  4.647538e+02 -9.799842e+01
     vertex -1.896000e+02  4.647538e+02 -9.799842e+01
   endloop
 endfacet
 facet normal  0.000000e+00 -3.355772e-02  9.994368e-01
   outer loop
     vertex -1.896000e+02  4.632167e+02 -9.823763e+01
     vertex -1.861000e+02  4.632167e+02 -9.823763e+01
     vertex -1.861000e+02  4.639998e+02 -9.821134e+01
   endloop
 endfacet
 facet normal  0.000000e+00 -3.355772e-02  9.994368e-01
   outer loop
     vertex -1.896000e+02  4.632167e+02 -9.823763e+01
     vertex -1.861000e+02  4.639998e+02 -9.821134e+01
     vertex -1.896000e+02  4.639998e+02 -9.821134e+01
   endloop
 endfacet
 facet normal  0.000000e+00  2.306159e-01  9.730449e-01
   outer loop
     vertex -1.833000e+02  4.569346e+02 -8.962436e+01
     vertex -1.855000e+02  4.569629e+02 -8.963106e+01
     vertex -1.855000e+02  4.569346e+02 -8.962436e+01
   endloop
 endfacet
 facet normal  0.000000e+00  2.306159e-01  9.730449e-01
   outer loop
     vertex -1.833000e+02  4.569346e+02 -8.962436e+01
     vertex -1.833000e+02  4.569629e+02 -8.963106e+01
     vertex -1.855000e+02  4.569629e+02 -8.963106e+01
   endloop
 endfacet
 facet normal  0.000000e+00  1.736482e-01  9.848078e-01
   outer loop
     vertex -1.833000e+02  4.569059e+02 -8.961931e+01
     vertex -1.855000e+02  4.569346e+02 -8.962436e+01
     vertex -1.855000e+02  4.569059e+02 -8.961931e+01
   endloop
 endfacet
 facet normal  0.000000e+00  1.736482e-01  9.848078e-01
   outer loop
     vertex -1.833000e+02  4.569059e+02 -8.961931e+01
     vertex -1.833000e+02  4.569346e+02 -8.962436e+01
     vertex -1.855000e+02  4.569346e+02 -8.962436e+01
   endloop
 endfacet
 facet normal  6.415803e-15  1.160929e-01  9.932384e-01
   outer loop
     vertex -1.833000e+02  4.568770e+02 -8.961593e+01
     vertex -1.855000e+02  4.569059e+02 -8.961931e+01
     vertex -1.855000e+02  4.568770e+02 -8.961593e+01
   endloop
 endfacet
 facet normal  0.000000e+00  1.160929e-01  9.932384e-01
   outer loop
     vertex -1.833000e+02  4.568770e+02 -8.961593e+01
     vertex -1.833000e+02  4.569059e+02 -8.961931e+01
     vertex -1.855000e+02  4.569059e+02 -8.961931e+01
   endloop
 endfacet
 facet normal  0.000000e+00 -2.194201e-02 -9.997592e-01
   outer loop
     vertex -1.840000e+02  4.604812e+02 -9.946166e+01
     vertex -1.855000e+02  4.606770e+02 -9.946596e+01
     vertex -1.840000e+02  4.606770e+02 -9.946596e+01
   endloop
 endfacet
 facet normal -0.000000e+00 -2.194201e-02 -9.997592e-01
   outer loop
     vertex -1.840000e+02  4.604812e+02 -9.946166e+01
     vertex -1.855000e+02  4.604812e+02 -9.946166e+01
     vertex -1.855000e+02  4.606770e+02 -9.946596e+01
   endloop
 endfacet
 facet normal -9.417986e-15  1.084877e-01 -9.940978e-01
   outer loop
     vertex -1.840000e+02  4.602865e+02 -9.948291e+01
     vertex -1.855000e+02  4.602865e+02 -9.948291e+01
     vertex -1.855000e+02  4.604812e+02 -9.946166e+01
   endloop
 endfacet
 facet normal  0.000000e+00  1.084877e-01 -9.940978e-01
   outer loop
     vertex -1.840000e+02  4.602865e+02 -9.948291e+01
     vertex -1.855000e+02  4.604812e+02 -9.946166e+01
     vertex -1.840000e+02  4.604812e+02 -9.946166e+01
   endloop
 endfacet
 facet normal  0.000000e+00  2.370683e-01 -9.714930e-01
   outer loop
     vertex -1.840000e+02  4.600963e+02 -9.952933e+01
     vertex -1.855000e+02  4.600963e+02 -9.952933e+01
     vertex -1.855000e+02  4.602865e+02 -9.948291e+01
   endloop
 endfacet
 facet normal -9.200895e-15  2.370683e-01 -9.714930e-01
   outer loop
     vertex -1.840000e+02  4.600963e+02 -9.952933e+01
     vertex -1.855000e+02  4.602865e+02 -9.948291e+01
     vertex -1.840000e+02  4.602865e+02 -9.948291e+01
   endloop
 endfacet
 facet normal  0.000000e+00 -8.362174e-01  5.483980e-01
   outer loop
     vertex -1.855000e+02  4.633750e+02 -8.401774e+01
     vertex -1.840000e+02  4.614977e+02 -8.688036e+01
     vertex -1.840000e+02  4.633750e+02 -8.401774e+01
   endloop
 endfacet
 facet normal  0.000000e+00 -8.362174e-01  5.483980e-01
   outer loop
     vertex -1.855000e+02  4.633750e+02 -8.401774e+01
     vertex -1.855000e+02  4.614977e+02 -8.688036e+01
     vertex -1.840000e+02  4.614977e+02 -8.688036e+01
   endloop
 endfacet
 facet normal  0.000000e+00 -5.633946e-01  8.261879e-01
   outer loop
     vertex -1.855000e+02  4.657737e+02 -8.157537e+01
     vertex -1.840000e+02  4.657737e+02 -8.157537e+01
     vertex -1.840000e+02  4.686020e+02 -7.964670e+01
   endloop
 endfacet
 facet normal  0.000000e+00 -7.134566e-01  7.006995e-01
   outer loop
     vertex -1.855000e+02  4.657737e+02 -8.157537e+01
     vertex -1.840000e+02  4.633750e+02 -8.401774e+01
     vertex -1.840000e+02  4.657737e+02 -8.157537e+01
   endloop
 endfacet
 facet normal  0.000000e+00 -7.134566e-01  7.006995e-01
   outer loop
     vertex -1.855000e+02  4.657737e+02 -8.157537e+01
     vertex -1.855000e+02  4.633750e+02 -8.401774e+01
     vertex -1.840000e+02  4.633750e+02 -8.401774e+01
   endloop
 endfacet
 facet normal  0.000000e+00 -5.633946e-01  8.261879e-01
   outer loop
     vertex -1.855000e+02  4.686020e+02 -7.964670e+01
     vertex -1.855000e+02  4.657737e+02 -8.157537e+01
     vertex -1.840000e+02  4.686020e+02 -7.964670e+01
   endloop
 endfacet
 facet normal  0.000000e+00 -3.917738e-01  9.200616e-01
   outer loop
     vertex -1.855000e+02  4.717517e+02 -7.830554e+01
     vertex -1.840000e+02  4.686020e+02 -7.964670e+01
     vertex -1.840000e+02  4.717517e+02 -7.830554e+01
   endloop
 endfacet
 facet normal  0.000000e+00 -3.917738e-01  9.200616e-01
   outer loop
     vertex -1.855000e+02  4.717517e+02 -7.830554e+01
     vertex -1.855000e+02  4.686020e+02 -7.964670e+01
     vertex -1.840000e+02  4.686020e+02 -7.964670e+01
   endloop
 endfacet
 facet normal  8.108431e-16 -1.069838e-02  9.999428e-01
   outer loop
     vertex -1.855000e+02  4.751021e+02 -7.760322e+01
     vertex -1.840000e+02  4.751021e+02 -7.760322e+01
     vertex -1.840000e+02  4.785252e+02 -7.756659e+01
   endloop
 endfacet
 facet normal  1.554944e-14 -2.051615e-01  9.787281e-01
   outer loop
     vertex -1.855000e+02  4.751021e+02 -7.760322e+01
     vertex -1.840000e+02  4.717517e+02 -7.830554e+01
     vertex -1.840000e+02  4.751021e+02 -7.760322e+01
   endloop
 endfacet
 facet normal  0.000000e+00 -2.051615e-01  9.787281e-01
   outer loop
     vertex -1.855000e+02  4.751021e+02 -7.760322e+01
     vertex -1.855000e+02  4.717517e+02 -7.830554e+01
     vertex -1.840000e+02  4.717517e+02 -7.830554e+01
   endloop
 endfacet
 facet normal  0.000000e+00 -1.069838e-02  9.999428e-01
   outer loop
     vertex -1.855000e+02  4.785252e+02 -7.756659e+01
     vertex -1.855000e+02  4.751021e+02 -7.760322e+01
     vertex -1.840000e+02  4.785252e+02 -7.756659e+01
   endloop
 endfacet
 facet normal  0.000000e+00  1.908090e-01  9.816272e-01
   outer loop
     vertex -1.855000e+02  4.821165e+02 -7.826467e+01
     vertex -1.855000e+02  4.785252e+02 -7.756659e+01
     vertex -1.840000e+02  4.785252e+02 -7.756659e+01
   endloop
 endfacet
 facet normal -0.000000e+00  1.908090e-01  9.816272e-01
   outer loop
     vertex -1.855000e+02  4.821165e+02 -7.826467e+01
     vertex -1.840000e+02  4.785252e+02 -7.756659e+01
     vertex -1.840000e+02  4.821165e+02 -7.826467e+01
   endloop
 endfacet
 facet normal -2.173603e-14  5.735764e-01  8.191520e-01
   outer loop
     vertex -1.855000e+02  4.854842e+02 -7.969416e+01
     vertex -1.840000e+02  4.854842e+02 -7.969416e+01
     vertex -1.840000e+02  4.884810e+02 -8.179258e+01
   endloop
 endfacet
 facet normal -1.480700e-14  3.907311e-01  9.205049e-01
   outer loop
     vertex -1.855000e+02  4.854842e+02 -7.969416e+01
     vertex -1.840000e+02  4.821165e+02 -7.826467e+01
     vertex -1.840000e+02  4.854842e+02 -7.969416e+01
   endloop
 endfacet
 facet normal  0.000000e+00  3.907311e-01  9.205049e-01
   outer loop
     vertex -1.855000e+02  4.854842e+02 -7.969416e+01
     vertex -1.855000e+02  4.821165e+02 -7.826467e+01
     vertex -1.840000e+02  4.821165e+02 -7.826467e+01
   endloop
 endfacet
 facet normal -0.000000e+00  5.735764e-01  8.191520e-01
   outer loop
     vertex -1.855000e+02  4.884810e+02 -8.179258e+01
     vertex -1.855000e+02  4.854842e+02 -7.969416e+01
     vertex -1.840000e+02  4.884810e+02 -8.179258e+01
   endloop
 endfacet
 facet normal -0.000000e+00  7.313537e-01  6.819984e-01
   outer loop
     vertex -1.855000e+02  4.909761e+02 -8.446824e+01
     vertex -1.840000e+02  4.884810e+02 -8.179258e+01
     vertex -1.840000e+02  4.909761e+02 -8.446824e+01
   endloop
 endfacet
 facet normal  0.000000e+00  7.313537e-01  6.819984e-01
   outer loop
     vertex -1.855000e+02  4.909761e+02 -8.446824e+01
     vertex -1.855000e+02  4.884810e+02 -8.179258e+01
     vertex -1.840000e+02  4.884810e+02 -8.179258e+01
   endloop
 endfacet
 facet normal -3.583101e-14  9.455186e-01  3.255682e-01
   outer loop
     vertex -1.855000e+02  4.928604e+02 -8.760418e+01
     vertex -1.840000e+02  4.928604e+02 -8.760418e+01
     vertex -1.840000e+02  4.940515e+02 -9.106336e+01
   endloop
 endfacet
 facet normal -3.248288e-14  8.571673e-01  5.150381e-01
   outer loop
     vertex -1.855000e+02  4.928604e+02 -8.760418e+01
     vertex -1.840000e+02  4.909761e+02 -8.446824e+01
     vertex -1.840000e+02  4.928604e+02 -8.760418e+01
   endloop
 endfacet
 facet normal  0.000000e+00  8.571673e-01  5.150381e-01
   outer loop
     vertex -1.855000e+02  4.928604e+02 -8.760418e+01
     vertex -1.855000e+02  4.909761e+02 -8.446824e+01
     vertex -1.840000e+02  4.909761e+02 -8.446824e+01
   endloop
 endfacet
 facet normal -0.000000e+00  9.455186e-01  3.255682e-01
   outer loop
     vertex -1.855000e+02  4.940515e+02 -9.106336e+01
     vertex -1.855000e+02  4.928604e+02 -8.760418e+01
     vertex -1.840000e+02  4.940515e+02 -9.106336e+01
   endloop
 endfacet
 facet normal  0.000000e+00  9.961947e-01 -8.715574e-02
   outer loop
     vertex -1.855000e+02  4.944973e+02 -9.469458e+01
     vertex -1.840000e+02  4.944973e+02 -9.469458e+01
     vertex -1.840000e+02  4.941785e+02 -9.833916e+01
   endloop
 endfacet
 facet normal -0.000000e+00  9.925462e-01  1.218693e-01
   outer loop
     vertex -1.855000e+02  4.944973e+02 -9.469458e+01
     vertex -1.840000e+02  4.940515e+02 -9.106336e+01
     vertex -1.840000e+02  4.944973e+02 -9.469458e+01
   endloop
 endfacet
 facet normal  0.000000e+00  9.925462e-01  1.218693e-01
   outer loop
     vertex -1.855000e+02  4.944973e+02 -9.469458e+01
     vertex -1.855000e+02  4.940515e+02 -9.106336e+01
     vertex -1.840000e+02  4.940515e+02 -9.106336e+01
   endloop
 endfacet
 facet normal -2.769901e-15  9.563048e-01 -2.923717e-01
   outer loop
     vertex -1.855000e+02  4.941785e+02 -9.833916e+01
     vertex -1.840000e+02  4.941785e+02 -9.833916e+01
     vertex -1.840000e+02  4.931088e+02 -1.018378e+02
   endloop
 endfacet
 facet normal -8.257051e-16  9.961947e-01 -8.715574e-02
   outer loop
     vertex -1.855000e+02  4.941785e+02 -9.833916e+01
     vertex -1.855000e+02  4.944973e+02 -9.469458e+01
     vertex -1.840000e+02  4.941785e+02 -9.833916e+01
   endloop
 endfacet
 facet normal -2.769901e-15  9.563048e-01 -2.923717e-01
   outer loop
     vertex -1.855000e+02  4.931088e+02 -1.018378e+02
     vertex -1.855000e+02  4.941785e+02 -9.833916e+01
     vertex -1.840000e+02  4.931088e+02 -1.018378e+02
   endloop
 endfacet
 facet normal  0.000000e+00  8.746197e-01 -4.848096e-01
   outer loop
     vertex -1.855000e+02  4.913352e+02 -1.050376e+02
     vertex -1.840000e+02  4.931088e+02 -1.018378e+02
     vertex -1.840000e+02  4.913352e+02 -1.050376e+02
   endloop
 endfacet
 facet normal -4.693581e-15  8.746197e-01 -4.848096e-01
   outer loop
     vertex -1.855000e+02  4.913352e+02 -1.050376e+02
     vertex -1.855000e+02  4.931088e+02 -1.018378e+02
     vertex -1.840000e+02  4.931088e+02 -1.018378e+02
   endloop
 endfacet
 facet normal  0.000000e+00  6.018150e-01 -7.986355e-01
   outer loop
     vertex -1.855000e+02  4.889350e+02 -1.077987e+02
     vertex -1.840000e+02  4.889350e+02 -1.077987e+02
     vertex -1.840000e+02  4.860132e+02 -1.100004e+02
   endloop
 endfacet
 facet normal  0.000000e+00  7.547096e-01 -6.560590e-01
   outer loop
     vertex -1.855000e+02  4.889350e+02 -1.077987e+02
     vertex -1.840000e+02  4.913352e+02 -1.050376e+02
     vertex -1.840000e+02  4.889350e+02 -1.077987e+02
   endloop
 endfacet
 facet normal  0.000000e+00  7.547096e-01 -6.560590e-01
   outer loop
     vertex -1.855000e+02  4.889350e+02 -1.077987e+02
     vertex -1.855000e+02  4.913352e+02 -1.050376e+02
     vertex -1.840000e+02  4.913352e+02 -1.050376e+02
   endloop
 endfacet
 facet normal -3.037234e-14  6.018150e-01 -7.986355e-01
   outer loop
     vertex -1.855000e+02  4.860132e+02 -1.100004e+02
     vertex -1.855000e+02  4.889350e+02 -1.077987e+02
     vertex -1.840000e+02  4.860132e+02 -1.100004e+02
   endloop
 endfacet
 facet normal  0.000000e+00  4.226183e-01 -9.063078e-01
   outer loop
     vertex -1.855000e+02  4.826974e+02 -1.115466e+02
     vertex -1.840000e+02  4.860132e+02 -1.100004e+02
     vertex -1.840000e+02  4.826974e+02 -1.115466e+02
   endloop
 endfacet
 facet normal -2.460084e-14  4.226183e-01 -9.063078e-01
   outer loop
     vertex -1.855000e+02  4.826974e+02 -1.115466e+02
     vertex -1.855000e+02  4.860132e+02 -1.100004e+02
     vertex -1.840000e+02  4.860132e+02 -1.100004e+02
   endloop
 endfacet
 facet normal  0.000000e+00  1.745241e-02 -9.998477e-01
   outer loop
     vertex -1.855000e+02  4.791327e+02 -1.123696e+02
     vertex -1.840000e+02  4.791327e+02 -1.123696e+02
     vertex -1.840000e+02  4.754748e+02 -1.124334e+02
   endloop
 endfacet
 facet normal  0.000000e+00  2.249511e-01 -9.743701e-01
   outer loop
     vertex -1.855000e+02  4.791327e+02 -1.123696e+02
     vertex -1.840000e+02  4.826974e+02 -1.115466e+02
     vertex -1.840000e+02  4.791327e+02 -1.123696e+02
   endloop
 endfacet
 facet normal  0.000000e+00  2.249511e-01 -9.743701e-01
   outer loop
     vertex -1.855000e+02  4.791327e+02 -1.123696e+02
     vertex -1.855000e+02  4.826974e+02 -1.115466e+02
     vertex -1.840000e+02  4.826974e+02 -1.115466e+02
   endloop
 endfacet
 facet normal  8.149721e-15  1.745241e-02 -9.998477e-01
   outer loop
     vertex -1.855000e+02  4.754748e+02 -1.124334e+02
     vertex -1.855000e+02  4.791327e+02 -1.123696e+02
     vertex -1.840000e+02  4.754748e+02 -1.124334e+02
   endloop
 endfacet
 facet normal  0.000000e+00 -3.355772e-02  9.994368e-01
   outer loop
     vertex -1.840000e+02  4.783456e+02 -1.036459e+02
     vertex -1.896000e+02  4.762374e+02 -1.037167e+02
     vertex -1.840000e+02  4.762374e+02 -1.037167e+02
   endloop
 endfacet
 facet normal  3.406314e-16 -3.355772e-02  9.994368e-01
   outer loop
     vertex -1.840000e+02  4.783456e+02 -1.036459e+02
     vertex -1.896000e+02  4.783456e+02 -1.036459e+02
     vertex -1.896000e+02  4.762374e+02 -1.037167e+02
   endloop
 endfacet
 facet normal  5.200711e-15 -2.717635e-01  9.623641e-01
   outer loop
     vertex -1.840000e+02  4.803756e+02 -1.030727e+02
     vertex -1.896000e+02  4.803756e+02 -1.030727e+02
     vertex -1.896000e+02  4.783456e+02 -1.036459e+02
   endloop
 endfacet
 facet normal  2.763200e-15 -2.717635e-01  9.623641e-01
   outer loop
     vertex -1.840000e+02  4.803756e+02 -1.030727e+02
     vertex -1.896000e+02  4.783456e+02 -1.036459e+02
     vertex -1.840000e+02  4.783456e+02 -1.036459e+02
   endloop
 endfacet
 facet normal  0.000000e+00 -6.878675e-01  7.258363e-01
   outer loop
     vertex -1.840000e+02  4.822094e+02 -1.020303e+02
     vertex -1.896000e+02  4.837405e+02 -1.005793e+02
     vertex -1.896000e+02  4.822094e+02 -1.020303e+02
   endloop
 endfacet
 facet normal  0.000000e+00 -4.941753e-01  8.693623e-01
   outer loop
     vertex -1.840000e+02  4.822094e+02 -1.020303e+02
     vertex -1.896000e+02  4.822094e+02 -1.020303e+02
     vertex -1.896000e+02  4.803756e+02 -1.030727e+02
   endloop
 endfacet
 facet normal  7.218154e-15 -4.941753e-01  8.693623e-01
   outer loop
     vertex -1.840000e+02  4.822094e+02 -1.020303e+02
     vertex -1.896000e+02  4.803756e+02 -1.030727e+02
     vertex -1.840000e+02  4.803756e+02 -1.030727e+02
   endloop
 endfacet
 facet normal  6.982275e-15 -6.878675e-01  7.258363e-01
   outer loop
     vertex -1.840000e+02  4.837405e+02 -1.005793e+02
     vertex -1.896000e+02  4.837405e+02 -1.005793e+02
     vertex -1.840000e+02  4.822094e+02 -1.020303e+02
   endloop
 endfacet
 facet normal  1.042616e-14 -9.463894e-01  3.230282e-01
   outer loop
     vertex -1.840000e+02  4.848798e+02 -9.880404e+01
     vertex -1.896000e+02  4.855612e+02 -9.680773e+01
     vertex -1.896000e+02  4.848798e+02 -9.880404e+01
   endloop
 endfacet
 facet normal  9.913240e-15 -8.415833e-01  5.401273e-01
   outer loop
     vertex -1.840000e+02  4.848798e+02 -9.880404e+01
     vertex -1.896000e+02  4.848798e+02 -9.880404e+01
     vertex -1.896000e+02  4.837405e+02 -1.005793e+02
   endloop
 endfacet
 facet normal  8.533963e-15 -8.415833e-01  5.401273e-01
   outer loop
     vertex -1.840000e+02  4.848798e+02 -9.880404e+01
     vertex -1.896000e+02  4.837405e+02 -1.005793e+02
     vertex -1.840000e+02  4.837405e+02 -1.005793e+02
   endloop
 endfacet
 facet normal  0.000000e+00 -9.463894e-01  3.230282e-01
   outer loop
     vertex -1.840000e+02  4.855612e+02 -9.680773e+01
     vertex -1.896000e+02  4.855612e+02 -9.680773e+01
     vertex -1.840000e+02  4.848798e+02 -9.880404e+01
   endloop
 endfacet
 facet normal -0.000000e+00 -9.881048e-01 -1.537818e-01
   outer loop
     vertex -1.840000e+02  4.857451e+02 -9.470637e+01
     vertex -1.896000e+02  4.854207e+02 -9.262207e+01
     vertex -1.896000e+02  4.857451e+02 -9.470637e+01
   endloop
 endfacet
 facet normal  0.000000e+00 -9.961947e-01  8.715574e-02
   outer loop
     vertex -1.840000e+02  4.857451e+02 -9.470637e+01
     vertex -1.896000e+02  4.857451e+02 -9.470637e+01
     vertex -1.896000e+02  4.855612e+02 -9.680773e+01
   endloop
 endfacet
 facet normal  0.000000e+00 -9.961947e-01  8.715574e-02
   outer loop
     vertex -1.840000e+02  4.857451e+02 -9.470637e+01
     vertex -1.896000e+02  4.855612e+02 -9.680773e+01
     vertex -1.840000e+02  4.855612e+02 -9.680773e+01
   endloop
 endfacet
 facet normal -0.000000e+00 -9.881048e-01 -1.537818e-01
   outer loop
     vertex -1.840000e+02  4.854207e+02 -9.262207e+01
     vertex -1.896000e+02  4.854207e+02 -9.262207e+01
     vertex -1.840000e+02  4.857451e+02 -9.470637e+01
   endloop
 endfacet
 facet normal  8.155583e-15 -8.034574e-01 -5.953623e-01
   outer loop
     vertex -1.840000e+02  4.846069e+02 -9.067597e+01
     vertex -1.896000e+02  4.833511e+02 -8.898116e+01
     vertex -1.896000e+02  4.846069e+02 -9.067597e+01
   endloop
 endfacet
 facet normal  9.364851e-15 -9.225899e-01 -3.857822e-01
   outer loop
     vertex -1.840000e+02  4.846069e+02 -9.067597e+01
     vertex -1.896000e+02  4.846069e+02 -9.067597e+01
     vertex -1.896000e+02  4.854207e+02 -9.262207e+01
   endloop
 endfacet
 facet normal  0.000000e+00 -9.225899e-01 -3.857822e-01
   outer loop
     vertex -1.840000e+02  4.846069e+02 -9.067597e+01
     vertex -1.896000e+02  4.854207e+02 -9.262207e+01
     vertex -1.840000e+02  4.854207e+02 -9.262207e+01
   endloop
 endfacet
 facet normal -0.000000e+00 -8.034574e-01 -5.953623e-01
   outer loop
     vertex -1.840000e+02  4.833511e+02 -8.898116e+01
     vertex -1.896000e+02  4.833511e+02 -8.898116e+01
     vertex -1.840000e+02  4.846069e+02 -9.067597e+01
   endloop
 endfacet
 facet normal -1.954861e-15 -6.376309e-01 -7.703421e-01
   outer loop
     vertex -1.840000e+02  4.817261e+02 -8.763615e+01
     vertex -1.896000e+02  4.817261e+02 -8.763615e+01
     vertex -1.896000e+02  4.833511e+02 -8.898116e+01
   endloop
 endfacet
 facet normal  0.000000e+00 -6.376309e-01 -7.703421e-01
   outer loop
     vertex -1.840000e+02  4.817261e+02 -8.763615e+01
     vertex -1.896000e+02  4.833511e+02 -8.898116e+01
     vertex -1.840000e+02  4.833511e+02 -8.898116e+01
   endloop
 endfacet
 facet normal -0.000000e+00 -2.065983e-01 -9.784259e-01
   outer loop
     vertex -1.840000e+02  4.798265e+02 -8.671909e+01
     vertex -1.896000e+02  4.777626e+02 -8.628330e+01
     vertex -1.896000e+02  4.798265e+02 -8.671909e+01
   endloop
 endfacet
 facet normal -0.000000e+00 -4.347475e-01 -9.005524e-01
   outer loop
     vertex -1.840000e+02  4.798265e+02 -8.671909e+01
     vertex -1.896000e+02  4.798265e+02 -8.671909e+01
     vertex -1.896000e+02  4.817261e+02 -8.763615e+01
   endloop
 endfacet
 facet normal -2.293268e-15 -4.347475e-01 -9.005524e-01
   outer loop
     vertex -1.840000e+02  4.798265e+02 -8.671909e+01
     vertex -1.896000e+02  4.817261e+02 -8.763615e+01
     vertex -1.840000e+02  4.817261e+02 -8.763615e+01
   endloop
 endfacet
 facet normal -0.000000e+00 -2.065983e-01 -9.784259e-01
   outer loop
     vertex -1.840000e+02  4.777626e+02 -8.628330e+01
     vertex -1.896000e+02  4.777626e+02 -8.628330e+01
     vertex -1.840000e+02  4.798265e+02 -8.671909e+01
   endloop
 endfacet
 facet normal -3.333312e-03 -5.133270e-03  9.999813e-01
   outer loop
     vertex -1.855000e+02  4.750842e+02 -7.383654e+01
     vertex -1.896000e+02  4.788521e+02 -7.383086e+01
     vertex -1.896000e+02  4.749307e+02 -7.385099e+01
   endloop
 endfacet
 facet normal  0.000000e+00 -1.506169e-03  9.999989e-01
   outer loop
     vertex -1.855000e+02  4.750842e+02 -7.383654e+01
     vertex -1.855000e+02  4.788521e+02 -7.383086e+01
     vertex -1.896000e+02  4.788521e+02 -7.383086e+01
   endloop
 endfacet
 facet normal -6.394768e-03 -1.887891e-01  9.819968e-01
   outer loop
     vertex -1.855000e+02  4.713765e+02 -7.450758e+01
     vertex -1.896000e+02  4.749307e+02 -7.385099e+01
     vertex -1.896000e+02  4.710798e+02 -7.459133e+01
   endloop
 endfacet
 facet normal  3.197454e-03 -1.780953e-01  9.840080e-01
   outer loop
     vertex -1.855000e+02  4.713765e+02 -7.450758e+01
     vertex -1.855000e+02  4.750842e+02 -7.383654e+01
     vertex -1.896000e+02  4.749307e+02 -7.385099e+01
   endloop
 endfacet
 facet normal -9.184157e-03 -3.660081e-01  9.305663e-01
   outer loop
     vertex -1.855000e+02  4.678457e+02 -7.582290e+01
     vertex -1.896000e+02  4.710798e+02 -7.459133e+01
     vertex -1.896000e+02  4.674305e+02 -7.602665e+01
   endloop
 endfacet
 facet normal  6.122982e-03 -3.490805e-01  9.370727e-01
   outer loop
     vertex -1.855000e+02  4.678457e+02 -7.582290e+01
     vertex -1.855000e+02  4.713765e+02 -7.450758e+01
     vertex -1.896000e+02  4.710798e+02 -7.459133e+01
   endloop
 endfacet
 facet normal -1.170132e-02 -5.307533e-01  8.474456e-01
   outer loop
     vertex -1.855000e+02  4.646026e+02 -7.774114e+01
     vertex -1.896000e+02  4.674305e+02 -7.602665e+01
     vertex -1.896000e+02  4.641071e+02 -7.810809e+01
   endloop
 endfacet
 facet normal  8.776387e-03 -5.090831e-01  8.606726e-01
   outer loop
     vertex -1.855000e+02  4.646026e+02 -7.774114e+01
     vertex -1.855000e+02  4.678457e+02 -7.582290e+01
     vertex -1.896000e+02  4.674305e+02 -7.602665e+01
   endloop
 endfacet
 facet normal -1.394614e-02 -6.774144e-01  7.354694e-01
   outer loop
     vertex -1.855000e+02  4.617494e+02 -8.020199e+01
     vertex -1.896000e+02  4.641071e+02 -7.810809e+01
     vertex -1.896000e+02  4.612228e+02 -8.076477e+01
   endloop
 endfacet
 facet normal  1.115752e-02 -6.530717e-01  7.572139e-01
   outer loop
     vertex -1.855000e+02  4.617494e+02 -8.020199e+01
     vertex -1.855000e+02  4.646026e+02 -7.774114e+01
     vertex -1.896000e+02  4.641071e+02 -7.810809e+01
   endloop
 endfacet
 facet normal -1.591853e-02 -8.009987e-01  5.984544e-01
   outer loop
     vertex -1.855000e+02  4.593756e+02 -8.312809e+01
     vertex -1.896000e+02  4.612228e+02 -8.076477e+01
     vertex -1.896000e+02  4.588757e+02 -8.390621e+01
   endloop
 endfacet
 facet normal  1.326628e-02 -7.765201e-01  6.299528e-01
   outer loop
     vertex -1.855000e+02  4.593756e+02 -8.312809e+01
     vertex -1.855000e+02  4.617494e+02 -8.020199e+01
     vertex -1.896000e+02  4.612228e+02 -8.076477e+01
   endloop
 endfacet
 facet normal -1.761844e-02 -8.973003e-01  4.410689e-01
   outer loop
     vertex -1.855000e+02  4.575559e+02 -8.642743e+01
     vertex -1.896000e+02  4.588757e+02 -8.390621e+01
     vertex -1.896000e+02  4.571458e+02 -8.742543e+01
   endloop
 endfacet
 facet normal  1.510257e-02 -8.755490e-01  4.828932e-01
   outer loop
     vertex -1.855000e+02  4.575559e+02 -8.642743e+01
     vertex -1.855000e+02  4.593756e+02 -8.312809e+01
     vertex -1.896000e+02  4.588757e+02 -8.390621e+01
   endloop
 endfacet
 facet normal -1.904584e-02 -9.630430e-01  2.686733e-01
   outer loop
     vertex -1.855000e+02  4.563475e+02 -8.999629e+01
     vertex -1.896000e+02  4.571458e+02 -8.742543e+01
     vertex -1.896000e+02  4.560921e+02 -9.120260e+01
   endloop
 endfacet
 facet normal  1.666636e-02 -9.470477e-01  3.206601e-01
   outer loop
     vertex -1.855000e+02  4.563475e+02 -8.999629e+01
     vertex -1.855000e+02  4.575559e+02 -8.642743e+01
     vertex -1.896000e+02  4.571458e+02 -8.742543e+01
   endloop
 endfacet
 facet normal -1.427841e-02 -9.960931e-01  8.714686e-02
   outer loop
     vertex -1.833000e+02  4.558167e+02 -9.331805e+01
     vertex -1.896000e+02  4.560921e+02 -9.120260e+01
     vertex -1.896000e+02  4.557503e+02 -9.510908e+01
   endloop
 endfacet
 facet normal  0.000000e+00 -9.874703e-01  1.578047e-01
   outer loop
     vertex -1.833000e+02  4.558167e+02 -9.331805e+01
     vertex -1.833000e+02  4.563475e+02 -8.999629e+01
     vertex -1.855000e+02  4.563475e+02 -8.999629e+01
   endloop
 endfacet
 facet normal  1.261601e-02 -9.860561e-01  1.659343e-01
   outer loop
     vertex -1.833000e+02  4.558167e+02 -9.331805e+01
     vertex -1.855000e+02  4.563475e+02 -8.999629e+01
     vertex -1.896000e+02  4.560921e+02 -9.120260e+01
   endloop
 endfacet
 facet normal  1.053726e-02 -9.999445e-01  0.000000e+00
   outer loop
     vertex -1.833000e+02  4.558167e+02 -9.668195e+01
     vertex -1.833000e+02  4.558167e+02 -9.331805e+01
     vertex -1.896000e+02  4.557503e+02 -9.510908e+01
   endloop
 endfacet
 facet normal -1.694564e-02 -9.602703e-01 -2.785567e-01
   outer loop
     vertex -1.855000e+02  4.563475e+02 -1.000037e+02
     vertex -1.896000e+02  4.561321e+02 -9.901185e+01
     vertex -1.896000e+02  4.572246e+02 -1.027780e+02
   endloop
 endfacet
 facet normal  2.870975e-02 -9.948372e-01 -9.733840e-02
   outer loop
     vertex -1.855000e+02  4.563475e+02 -1.000037e+02
     vertex -1.896000e+02  4.557503e+02 -9.510908e+01
     vertex -1.896000e+02  4.561321e+02 -9.901185e+01
   endloop
 endfacet
 facet normal -2.493212e-02 -9.896052e-01 -1.416333e-01
   outer loop
     vertex -1.855000e+02  4.563475e+02 -1.000037e+02
     vertex -1.833000e+02  4.558167e+02 -9.668195e+01
     vertex -1.896000e+02  4.557503e+02 -9.510908e+01
   endloop
 endfacet
 facet normal -1.019336e-15 -9.874703e-01 -1.578047e-01
   outer loop
     vertex -1.833000e+02  4.563475e+02 -1.000037e+02
     vertex -1.833000e+02  4.558167e+02 -9.668195e+01
     vertex -1.855000e+02  4.563475e+02 -1.000037e+02
   endloop
 endfacet
 facet normal -1.524773e-02 -8.927596e-01 -4.502753e-01
   outer loop
     vertex -1.855000e+02  4.575596e+02 -1.035809e+02
     vertex -1.896000e+02  4.572246e+02 -1.027780e+02
     vertex -1.896000e+02  4.589905e+02 -1.062793e+02
   endloop
 endfacet
 facet normal  1.452575e-02 -9.470103e-01 -3.208746e-01
   outer loop
     vertex -1.855000e+02  4.575596e+02 -1.035809e+02
     vertex -1.855000e+02  4.563475e+02 -1.000037e+02
     vertex -1.896000e+02  4.572246e+02 -1.027780e+02
   endloop
 endfacet
 facet normal -1.330873e-02 -7.948428e-01 -6.066694e-01
   outer loop
     vertex -1.855000e+02  4.593858e+02 -1.068871e+02
     vertex -1.896000e+02  4.589905e+02 -1.062793e+02
     vertex -1.896000e+02  4.613698e+02 -1.093965e+02
   endloop
 endfacet
 facet normal  1.270717e-02 -8.752663e-01 -4.834744e-01
   outer loop
     vertex -1.855000e+02  4.593858e+02 -1.068871e+02
     vertex -1.855000e+02  4.575596e+02 -1.035809e+02
     vertex -1.896000e+02  4.589905e+02 -1.062793e+02
   endloop
 endfacet
 facet normal -1.112868e-02 -6.698517e-01 -7.424115e-01
   outer loop
     vertex -1.855000e+02  4.617685e+02 -1.098177e+02
     vertex -1.896000e+02  4.613698e+02 -1.093965e+02
     vertex -1.896000e+02  4.642812e+02 -1.120234e+02
   endloop
 endfacet
 facet normal  1.064751e-02 -7.758662e-01 -6.308076e-01
   outer loop
     vertex -1.855000e+02  4.617685e+02 -1.098177e+02
     vertex -1.855000e+02  4.593858e+02 -1.068871e+02
     vertex -1.896000e+02  4.613698e+02 -1.093965e+02
   endloop
 endfacet
 facet normal -8.707655e-03 -5.220410e-01 -8.528759e-01
   outer loop
     vertex -1.855000e+02  4.646324e+02 -1.122802e+02
     vertex -1.896000e+02  4.642812e+02 -1.120234e+02
     vertex -1.896000e+02  4.676258e+02 -1.140706e+02
   endloop
 endfacet
 facet normal  8.346846e-03 -6.519484e-01 -7.582174e-01
   outer loop
     vertex -1.855000e+02  4.646324e+02 -1.122802e+02
     vertex -1.855000e+02  4.617685e+02 -1.098177e+02
     vertex -1.896000e+02  4.642812e+02 -1.120234e+02
   endloop
 endfacet
 facet normal -6.045770e-03 -3.564437e-01 -9.342972e-01
   outer loop
     vertex -1.855000e+02  4.678870e+02 -1.141967e+02
     vertex -1.896000e+02  4.676258e+02 -1.140706e+02
     vertex -1.896000e+02  4.712897e+02 -1.154684e+02
   endloop
 endfacet
 facet normal  5.805282e-03 -5.074264e-01 -8.616755e-01
   outer loop
     vertex -1.855000e+02  4.678870e+02 -1.141967e+02
     vertex -1.855000e+02  4.646324e+02 -1.122802e+02
     vertex -1.896000e+02  4.676258e+02 -1.140706e+02
   endloop
 endfacet
 facet normal -3.143158e-03 -1.787003e-01 -9.838985e-01
   outer loop
     vertex -1.855000e+02  4.714295e+02 -1.155069e+02
     vertex -1.896000e+02  4.712897e+02 -1.154684e+02
     vertex -1.896000e+02  4.751479e+02 -1.161691e+02
   endloop
 endfacet
 facet normal  3.022944e-03 -3.468666e-01 -9.379096e-01
   outer loop
     vertex -1.855000e+02  4.714295e+02 -1.155069e+02
     vertex -1.855000e+02  4.678870e+02 -1.141967e+02
     vertex -1.896000e+02  4.712897e+02 -1.154684e+02
   endloop
 endfacet
 facet normal -3.412364e-15 -1.753431e-01 -9.845074e-01
   outer loop
     vertex -1.855000e+02  4.751479e+02 -1.161691e+02
     vertex -1.855000e+02  4.714295e+02 -1.155069e+02
     vertex -1.896000e+02  4.751479e+02 -1.161691e+02
   endloop
 endfacet
 facet normal  0.000000e+00 -3.355772e-02  9.994368e-01
   outer loop
     vertex -1.840000e+02  4.840114e+02 -1.083711e+02
     vertex -1.861000e+02  4.836018e+02 -1.083849e+02
     vertex -1.840000e+02  4.836018e+02 -1.083849e+02
   endloop
 endfacet
 facet normal  9.083503e-16 -3.355772e-02  9.994368e-01
   outer loop
     vertex -1.840000e+02  4.840114e+02 -1.083711e+02
     vertex -1.861000e+02  4.840114e+02 -1.083711e+02
     vertex -1.861000e+02  4.836018e+02 -1.083849e+02
   endloop
 endfacet
 facet normal  0.000000e+00 -2.717635e-01  9.623641e-01
   outer loop
     vertex -1.840000e+02  4.844058e+02 -1.082597e+02
     vertex -1.861000e+02  4.844058e+02 -1.082597e+02
     vertex -1.861000e+02  4.840114e+02 -1.083711e+02
   endloop
 endfacet
 facet normal  7.361115e-15 -2.717635e-01  9.623641e-01
   outer loop
     vertex -1.840000e+02  4.844058e+02 -1.082597e+02
     vertex -1.861000e+02  4.840114e+02 -1.083711e+02
     vertex -1.840000e+02  4.840114e+02 -1.083711e+02
   endloop
 endfacet
 facet normal  0.000000e+00 -4.941753e-01  8.693623e-01
   outer loop
     vertex -1.840000e+02  4.847621e+02 -1.080572e+02
     vertex -1.861000e+02  4.847621e+02 -1.080572e+02
     vertex -1.861000e+02  4.844058e+02 -1.082597e+02
   endloop
 endfacet
 facet normal  0.000000e+00 -4.941753e-01  8.693623e-01
   outer loop
     vertex -1.840000e+02  4.847621e+02 -1.080572e+02
     vertex -1.861000e+02  4.844058e+02 -1.082597e+02
     vertex -1.840000e+02  4.844058e+02 -1.082597e+02
   endloop
 endfacet
 facet normal  2.278022e-14 -8.415833e-01  5.401273e-01
   outer loop
     vertex -1.840000e+02  4.850596e+02 -1.077753e+02
     vertex -1.861000e+02  4.852809e+02 -1.074304e+02
     vertex -1.861000e+02  4.850596e+02 -1.077753e+02
   endloop
 endfacet
 facet normal  1.861940e-14 -6.878675e-01  7.258363e-01
   outer loop
     vertex -1.840000e+02  4.850596e+02 -1.077753e+02
     vertex -1.861000e+02  4.850596e+02 -1.077753e+02
     vertex -1.861000e+02  4.847621e+02 -1.080572e+02
   endloop
 endfacet
 facet normal  0.000000e+00 -6.878675e-01  7.258363e-01
   outer loop
     vertex -1.840000e+02  4.850596e+02 -1.077753e+02
     vertex -1.861000e+02  4.847621e+02 -1.080572e+02
     vertex -1.840000e+02  4.847621e+02 -1.080572e+02
   endloop
 endfacet
 facet normal  0.000000e+00 -9.463894e-01  3.230282e-01
   outer loop
     vertex -1.840000e+02  4.852809e+02 -1.074304e+02
     vertex -1.861000e+02  4.854133e+02 -1.070426e+02
     vertex -1.861000e+02  4.852809e+02 -1.074304e+02
   endloop
 endfacet
 facet normal  0.000000e+00 -8.415833e-01  5.401273e-01
   outer loop
     vertex -1.840000e+02  4.852809e+02 -1.074304e+02
     vertex -1.861000e+02  4.852809e+02 -1.074304e+02
     vertex -1.840000e+02  4.850596e+02 -1.077753e+02
   endloop
 endfacet
 facet normal  0.000000e+00 -9.463894e-01  3.230282e-01
   outer loop
     vertex -1.840000e+02  4.854133e+02 -1.070426e+02
     vertex -1.861000e+02  4.854133e+02 -1.070426e+02
     vertex -1.840000e+02  4.852809e+02 -1.074304e+02
   endloop
 endfacet
 facet normal  2.696529e-14 -9.961947e-01  8.715574e-02
   outer loop
     vertex -1.840000e+02  4.854490e+02 -1.066343e+02
     vertex -1.861000e+02  4.854490e+02 -1.066343e+02
     vertex -1.861000e+02  4.854133e+02 -1.070426e+02
   endloop
 endfacet
 facet normal  0.000000e+00 -9.961947e-01  8.715574e-02
   outer loop
     vertex -1.840000e+02  4.854490e+02 -1.066343e+02
     vertex -1.861000e+02  4.854133e+02 -1.070426e+02
     vertex -1.840000e+02  4.854133e+02 -1.070426e+02
   endloop
 endfacet
 facet normal  2.236232e-14 -9.225899e-01 -3.857822e-01
   outer loop
     vertex -1.840000e+02  4.853860e+02 -1.062293e+02
     vertex -1.861000e+02  4.852279e+02 -1.058512e+02
     vertex -1.861000e+02  4.853860e+02 -1.062293e+02
   endloop
 endfacet
 facet normal  2.570566e-14 -9.881048e-01 -1.537818e-01
   outer loop
     vertex -1.840000e+02  4.853860e+02 -1.062293e+02
     vertex -1.861000e+02  4.853860e+02 -1.062293e+02
     vertex -1.861000e+02  4.854490e+02 -1.066343e+02
   endloop
 endfacet
 facet normal  2.674350e-14 -9.881048e-01 -1.537818e-01
   outer loop
     vertex -1.840000e+02  4.853860e+02 -1.062293e+02
     vertex -1.861000e+02  4.854490e+02 -1.066343e+02
     vertex -1.840000e+02  4.854490e+02 -1.066343e+02
   endloop
 endfacet
 facet normal -2.610616e-15 -9.225899e-01 -3.857822e-01
   outer loop
     vertex -1.840000e+02  4.852279e+02 -1.058512e+02
     vertex -1.861000e+02  4.852279e+02 -1.058512e+02
     vertex -1.840000e+02  4.853860e+02 -1.062293e+02
   endloop
 endfacet
 facet normal  2.174822e-14 -8.034574e-01 -5.953623e-01
   outer loop
     vertex -1.840000e+02  4.849839e+02 -1.055220e+02
     vertex -1.861000e+02  4.849839e+02 -1.055220e+02
     vertex -1.861000e+02  4.852279e+02 -1.058512e+02
   endloop
 endfacet
 facet normal -4.031279e-15 -8.034574e-01 -5.953623e-01
   outer loop
     vertex -1.840000e+02  4.849839e+02 -1.055220e+02
     vertex -1.861000e+02  4.852279e+02 -1.058512e+02
     vertex -1.840000e+02  4.852279e+02 -1.058512e+02
   endloop
 endfacet
 facet normal  1.725958e-14 -6.376309e-01 -7.703421e-01
   outer loop
     vertex -1.840000e+02  4.846682e+02 -1.052607e+02
     vertex -1.861000e+02  4.846682e+02 -1.052607e+02
     vertex -1.861000e+02  4.849839e+02 -1.055220e+02
   endloop
 endfacet
 facet normal  1.725387e-14 -6.376309e-01 -7.703421e-01
   outer loop
     vertex -1.840000e+02  4.846682e+02 -1.052607e+02
     vertex -1.861000e+02  4.849839e+02 -1.055220e+02
     vertex -1.840000e+02  4.849839e+02 -1.055220e+02
   endloop
 endfacet
 facet normal -0.000000e+00 -2.065983e-01 -9.784259e-01
   outer loop
     vertex -1.840000e+02  4.842991e+02 -1.050825e+02
     vertex -1.861000e+02  4.838982e+02 -1.049978e+02
     vertex -1.861000e+02  4.842991e+02 -1.050825e+02
   endloop
 endfacet
 facet normal -0.000000e+00 -4.347475e-01 -9.005524e-01
   outer loop
     vertex -1.840000e+02  4.842991e+02 -1.050825e+02
     vertex -1.861000e+02  4.842991e+02 -1.050825e+02
     vertex -1.861000e+02  4.846682e+02 -1.052607e+02
   endloop
 endfacet
 facet normal  1.177133e-14 -4.347475e-01 -9.005524e-01
   outer loop
     vertex -1.840000e+02  4.842991e+02 -1.050825e+02
     vertex -1.861000e+02  4.846682e+02 -1.052607e+02
     vertex -1.840000e+02  4.846682e+02 -1.052607e+02
   endloop
 endfacet
 facet normal -6.621080e-15 -2.065983e-01 -9.784259e-01
   outer loop
     vertex -1.840000e+02  4.838982e+02 -1.049978e+02
     vertex -1.861000e+02  4.838982e+02 -1.049978e+02
     vertex -1.840000e+02  4.842991e+02 -1.050825e+02
   endloop
 endfacet
 facet normal  6.763478e-15 -3.355772e-02  9.994368e-01
   outer loop
     vertex -1.840000e+02  4.907614e+02 -9.667978e+01
     vertex -1.861000e+02  4.903518e+02 -9.669353e+01
     vertex -1.840000e+02  4.903518e+02 -9.669353e+01
   endloop
 endfacet
 facet normal  9.083503e-16 -3.355772e-02  9.994368e-01
   outer loop
     vertex -1.840000e+02  4.907614e+02 -9.667978e+01
     vertex -1.861000e+02  4.907614e+02 -9.667978e+01
     vertex -1.861000e+02  4.903518e+02 -9.669353e+01
   endloop
 endfacet
 facet normal  0.000000e+00 -2.717635e-01  9.623641e-01
   outer loop
     vertex -1.840000e+02  4.911558e+02 -9.656840e+01
     vertex -1.861000e+02  4.911558e+02 -9.656840e+01
     vertex -1.861000e+02  4.907614e+02 -9.667978e+01
   endloop
 endfacet
 facet normal  7.361115e-15 -2.717635e-01  9.623641e-01
   outer loop
     vertex -1.840000e+02  4.911558e+02 -9.656840e+01
     vertex -1.861000e+02  4.907614e+02 -9.667978e+01
     vertex -1.840000e+02  4.907614e+02 -9.667978e+01
   endloop
 endfacet
 facet normal  0.000000e+00 -4.941753e-01  8.693623e-01
   outer loop
     vertex -1.840000e+02  4.915121e+02 -9.636588e+01
     vertex -1.861000e+02  4.915121e+02 -9.636588e+01
     vertex -1.861000e+02  4.911558e+02 -9.656840e+01
   endloop
 endfacet
 facet normal  0.000000e+00 -4.941753e-01  8.693623e-01
   outer loop
     vertex -1.840000e+02  4.915121e+02 -9.636588e+01
     vertex -1.861000e+02  4.911558e+02 -9.656840e+01
     vertex -1.840000e+02  4.911558e+02 -9.656840e+01
   endloop
 endfacet
 facet normal  0.000000e+00 -8.415833e-01  5.401273e-01
   outer loop
     vertex -1.840000e+02  4.918096e+02 -9.608397e+01
     vertex -1.861000e+02  4.920309e+02 -9.573907e+01
     vertex -1.861000e+02  4.918096e+02 -9.608397e+01
   endloop
 endfacet
 facet normal  0.000000e+00 -6.878675e-01  7.258363e-01
   outer loop
     vertex -1.840000e+02  4.918096e+02 -9.608397e+01
     vertex -1.861000e+02  4.918096e+02 -9.608397e+01
     vertex -1.861000e+02  4.915121e+02 -9.636588e+01
   endloop
 endfacet
 facet normal  0.000000e+00 -6.878675e-01  7.258363e-01
   outer loop
     vertex -1.840000e+02  4.918096e+02 -9.608397e+01
     vertex -1.861000e+02  4.915121e+02 -9.636588e+01
     vertex -1.840000e+02  4.915121e+02 -9.636588e+01
   endloop
 endfacet
 facet normal  2.561715e-14 -9.463894e-01  3.230282e-01
   outer loop
     vertex -1.840000e+02  4.920309e+02 -9.573907e+01
     vertex -1.861000e+02  4.921633e+02 -9.535122e+01
     vertex -1.861000e+02  4.920309e+02 -9.573907e+01
   endloop
 endfacet
 facet normal  2.278022e-14 -8.415833e-01  5.401273e-01
   outer loop
     vertex -1.840000e+02  4.920309e+02 -9.573907e+01
     vertex -1.861000e+02  4.920309e+02 -9.573907e+01
     vertex -1.840000e+02  4.918096e+02 -9.608397e+01
   endloop
 endfacet
 facet normal  0.000000e+00 -9.463894e-01  3.230282e-01
   outer loop
     vertex -1.840000e+02  4.921633e+02 -9.535122e+01
     vertex -1.861000e+02  4.921633e+02 -9.535122e+01
     vertex -1.840000e+02  4.920309e+02 -9.573907e+01
   endloop
 endfacet
 facet normal  5.393058e-14 -9.961947e-01  8.715574e-02
   outer loop
     vertex -1.840000e+02  4.921990e+02 -9.494295e+01
     vertex -1.861000e+02  4.921990e+02 -9.494295e+01
     vertex -1.861000e+02  4.921633e+02 -9.535122e+01
   endloop
 endfacet
 facet normal  0.000000e+00 -9.961947e-01  8.715574e-02
   outer loop
     vertex -1.840000e+02  4.921990e+02 -9.494295e+01
     vertex -1.861000e+02  4.921633e+02 -9.535122e+01
     vertex -1.840000e+02  4.921633e+02 -9.535122e+01
   endloop
 endfacet
 facet normal  2.497294e-14 -9.225899e-01 -3.857822e-01
   outer loop
     vertex -1.840000e+02  4.921360e+02 -9.453800e+01
     vertex -1.861000e+02  4.919779e+02 -9.415990e+01
     vertex -1.861000e+02  4.921360e+02 -9.453800e+01
   endloop
 endfacet
 facet normal  2.674631e-14 -9.881048e-01 -1.537818e-01
   outer loop
     vertex -1.840000e+02  4.921360e+02 -9.453800e+01
     vertex -1.861000e+02  4.921360e+02 -9.453800e+01
     vertex -1.861000e+02  4.921990e+02 -9.494295e+01
   endloop
 endfacet
 facet normal  5.349104e-14 -9.881048e-01 -1.537818e-01
   outer loop
     vertex -1.840000e+02  4.921360e+02 -9.453800e+01
     vertex -1.861000e+02  4.921990e+02 -9.494295e+01
     vertex -1.840000e+02  4.921990e+02 -9.494295e+01
   endloop
 endfacet
 facet normal -0.000000e+00 -9.225899e-01 -3.857822e-01
   outer loop
     vertex -1.840000e+02  4.919779e+02 -9.415990e+01
     vertex -1.861000e+02  4.919779e+02 -9.415990e+01
     vertex -1.840000e+02  4.921360e+02 -9.453800e+01
   endloop
 endfacet
 facet normal  2.174822e-14 -8.034574e-01 -5.953623e-01
   outer loop
     vertex -1.840000e+02  4.917339e+02 -9.383063e+01
     vertex -1.861000e+02  4.917339e+02 -9.383063e+01
     vertex -1.861000e+02  4.919779e+02 -9.415990e+01
   endloop
 endfacet
 facet normal  0.000000e+00 -8.034574e-01 -5.953623e-01
   outer loop
     vertex -1.840000e+02  4.917339e+02 -9.383063e+01
     vertex -1.861000e+02  4.919779e+02 -9.415990e+01
     vertex -1.840000e+02  4.919779e+02 -9.415990e+01
   endloop
 endfacet
 facet normal  3.451916e-14 -6.376309e-01 -7.703421e-01
   outer loop
     vertex -1.840000e+02  4.914182e+02 -9.356931e+01
     vertex -1.861000e+02  4.914182e+02 -9.356931e+01
     vertex -1.861000e+02  4.917339e+02 -9.383063e+01
   endloop
 endfacet
 facet normal  1.725387e-14 -6.376309e-01 -7.703421e-01
   outer loop
     vertex -1.840000e+02  4.914182e+02 -9.356931e+01
     vertex -1.861000e+02  4.917339e+02 -9.383063e+01
     vertex -1.840000e+02  4.917339e+02 -9.383063e+01
   endloop
 endfacet
 facet normal  1.221334e-14 -2.065983e-01 -9.784259e-01
   outer loop
     vertex -1.840000e+02  4.910491e+02 -9.339114e+01
     vertex -1.861000e+02  4.906482e+02 -9.330647e+01
     vertex -1.861000e+02  4.910491e+02 -9.339114e+01
   endloop
 endfacet
 facet normal  1.786198e-14 -4.347475e-01 -9.005524e-01
   outer loop
     vertex -1.840000e+02  4.910491e+02 -9.339114e+01
     vertex -1.861000e+02  4.910491e+02 -9.339114e+01
     vertex -1.861000e+02  4.914182e+02 -9.356931e+01
   endloop
 endfacet
 facet normal  2.354267e-14 -4.347475e-01 -9.005524e-01
   outer loop
     vertex -1.840000e+02  4.910491e+02 -9.339114e+01
     vertex -1.861000e+02  4.914182e+02 -9.356931e+01
     vertex -1.840000e+02  4.914182e+02 -9.356931e+01
   endloop
 endfacet
 facet normal  1.221334e-14 -2.065983e-01 -9.784259e-01
   outer loop
     vertex -1.840000e+02  4.906482e+02 -9.330647e+01
     vertex -1.861000e+02  4.906482e+02 -9.330647e+01
     vertex -1.840000e+02  4.910491e+02 -9.339114e+01
   endloop
 endfacet
 facet normal  6.763478e-15 -3.355772e-02  9.994368e-01
   outer loop
     vertex -1.840000e+02  4.840114e+02 -8.498844e+01
     vertex -1.861000e+02  4.836018e+02 -8.500219e+01
     vertex -1.840000e+02  4.836018e+02 -8.500219e+01
   endloop
 endfacet
 facet normal  0.000000e+00 -3.355772e-02  9.994368e-01
   outer loop
     vertex -1.840000e+02  4.840114e+02 -8.498844e+01
     vertex -1.861000e+02  4.840114e+02 -8.498844e+01
     vertex -1.861000e+02  4.836018e+02 -8.500219e+01
   endloop
 endfacet
 facet normal  0.000000e+00 -2.717635e-01  9.623641e-01
   outer loop
     vertex -1.840000e+02  4.844058e+02 -8.487706e+01
     vertex -1.861000e+02  4.844058e+02 -8.487706e+01
     vertex -1.861000e+02  4.840114e+02 -8.498844e+01
   endloop
 endfacet
 facet normal  0.000000e+00 -2.717635e-01  9.623641e-01
   outer loop
     vertex -1.840000e+02  4.844058e+02 -8.487706e+01
     vertex -1.861000e+02  4.840114e+02 -8.498844e+01
     vertex -1.840000e+02  4.840114e+02 -8.498844e+01
   endloop
 endfacet
 facet normal  0.000000e+00 -4.941753e-01  8.693623e-01
   outer loop
     vertex -1.840000e+02  4.847621e+02 -8.467453e+01
     vertex -1.861000e+02  4.847621e+02 -8.467453e+01
     vertex -1.861000e+02  4.844058e+02 -8.487706e+01
   endloop
 endfacet
 facet normal  0.000000e+00 -4.941753e-01  8.693623e-01
   outer loop
     vertex -1.840000e+02  4.847621e+02 -8.467453e+01
     vertex -1.861000e+02  4.844058e+02 -8.487706e+01
     vertex -1.840000e+02  4.844058e+02 -8.487706e+01
   endloop
 endfacet
 facet normal  2.278022e-14 -8.415833e-01  5.401273e-01
   outer loop
     vertex -1.840000e+02  4.850596e+02 -8.439263e+01
     vertex -1.861000e+02  4.852809e+02 -8.404773e+01
     vertex -1.861000e+02  4.850596e+02 -8.439263e+01
   endloop
 endfacet
 facet normal  1.861940e-14 -6.878675e-01  7.258363e-01
   outer loop
     vertex -1.840000e+02  4.850596e+02 -8.439263e+01
     vertex -1.861000e+02  4.850596e+02 -8.439263e+01
     vertex -1.861000e+02  4.847621e+02 -8.467453e+01
   endloop
 endfacet
 facet normal  0.000000e+00 -6.878675e-01  7.258363e-01
   outer loop
     vertex -1.840000e+02  4.850596e+02 -8.439263e+01
     vertex -1.861000e+02  4.847621e+02 -8.467453e+01
     vertex -1.840000e+02  4.847621e+02 -8.467453e+01
   endloop
 endfacet
 facet normal  2.185955e-15 -9.463894e-01  3.230282e-01
   outer loop
     vertex -1.840000e+02  4.852809e+02 -8.404773e+01
     vertex -1.861000e+02  4.854133e+02 -8.365987e+01
     vertex -1.861000e+02  4.852809e+02 -8.404773e+01
   endloop
 endfacet
 facet normal  3.655081e-15 -8.415833e-01  5.401273e-01
   outer loop
     vertex -1.840000e+02  4.852809e+02 -8.404773e+01
     vertex -1.861000e+02  4.852809e+02 -8.404773e+01
     vertex -1.840000e+02  4.850596e+02 -8.439263e+01
   endloop
 endfacet
 facet normal  2.561715e-14 -9.463894e-01  3.230282e-01
   outer loop
     vertex -1.840000e+02  4.854133e+02 -8.365987e+01
     vertex -1.861000e+02  4.854133e+02 -8.365987e+01
     vertex -1.840000e+02  4.852809e+02 -8.404773e+01
   endloop
 endfacet
 facet normal  2.755508e-14 -9.961947e-01  8.715574e-02
   outer loop
     vertex -1.840000e+02  4.854490e+02 -8.325161e+01
     vertex -1.861000e+02  4.854490e+02 -8.325161e+01
     vertex -1.861000e+02  4.854133e+02 -8.365987e+01
   endloop
 endfacet
 facet normal  2.696522e-14 -9.961947e-01  8.715574e-02
   outer loop
     vertex -1.840000e+02  4.854490e+02 -8.325161e+01
     vertex -1.861000e+02  4.854133e+02 -8.365987e+01
     vertex -1.840000e+02  4.854133e+02 -8.365987e+01
   endloop
 endfacet
 facet normal  2.236232e-14 -9.225899e-01 -3.857822e-01
   outer loop
     vertex -1.840000e+02  4.853860e+02 -8.284666e+01
     vertex -1.861000e+02  4.852279e+02 -8.246856e+01
     vertex -1.861000e+02  4.853860e+02 -8.284666e+01
   endloop
 endfacet
 facet normal  2.570566e-14 -9.881048e-01 -1.537818e-01
   outer loop
     vertex -1.840000e+02  4.853860e+02 -8.284666e+01
     vertex -1.861000e+02  4.853860e+02 -8.284666e+01
     vertex -1.861000e+02  4.854490e+02 -8.325161e+01
   endloop
 endfacet
 facet normal  2.570343e-14 -9.881048e-01 -1.537818e-01
   outer loop
     vertex -1.840000e+02  4.853860e+02 -8.284666e+01
     vertex -1.861000e+02  4.854490e+02 -8.325161e+01
     vertex -1.840000e+02  4.854490e+02 -8.325161e+01
   endloop
 endfacet
 facet normal  2.236232e-14 -9.225899e-01 -3.857822e-01
   outer loop
     vertex -1.840000e+02  4.852279e+02 -8.246856e+01
     vertex -1.861000e+02  4.852279e+02 -8.246856e+01
     vertex -1.840000e+02  4.853860e+02 -8.284666e+01
   endloop
 endfacet
 facet normal -0.000000e+00 -8.034574e-01 -5.953623e-01
   outer loop
     vertex -1.840000e+02  4.849839e+02 -8.213928e+01
     vertex -1.861000e+02  4.849839e+02 -8.213928e+01
     vertex -1.861000e+02  4.852279e+02 -8.246856e+01
   endloop
 endfacet
 facet normal  1.772150e-14 -8.034574e-01 -5.953623e-01
   outer loop
     vertex -1.840000e+02  4.849839e+02 -8.213928e+01
     vertex -1.861000e+02  4.852279e+02 -8.246856e+01
     vertex -1.840000e+02  4.852279e+02 -8.246856e+01
   endloop
 endfacet
 facet normal  1.204662e-14 -6.376309e-01 -7.703421e-01
   outer loop
     vertex -1.840000e+02  4.846682e+02 -8.187797e+01
     vertex -1.861000e+02  4.846682e+02 -8.187797e+01
     vertex -1.861000e+02  4.849839e+02 -8.213928e+01
   endloop
 endfacet
 facet normal  0.000000e+00 -6.376309e-01 -7.703421e-01
   outer loop
     vertex -1.840000e+02  4.846682e+02 -8.187797e+01
     vertex -1.861000e+02  4.849839e+02 -8.213928e+01
     vertex -1.840000e+02  4.849839e+02 -8.213928e+01
   endloop
 endfacet
 facet normal -6.621080e-15 -2.065983e-01 -9.784259e-01
   outer loop
     vertex -1.840000e+02  4.842991e+02 -8.169980e+01
     vertex -1.861000e+02  4.838982e+02 -8.161513e+01
     vertex -1.861000e+02  4.842991e+02 -8.169980e+01
   endloop
 endfacet
 facet normal -6.094104e-15 -4.347475e-01 -9.005524e-01
   outer loop
     vertex -1.840000e+02  4.842991e+02 -8.169980e+01
     vertex -1.861000e+02  4.842991e+02 -8.169980e+01
     vertex -1.861000e+02  4.846682e+02 -8.187797e+01
   endloop
 endfacet
 facet normal  5.676040e-15 -4.347475e-01 -9.005524e-01
   outer loop
     vertex -1.840000e+02  4.842991e+02 -8.169980e+01
     vertex -1.861000e+02  4.846682e+02 -8.187797e+01
     vertex -1.840000e+02  4.846682e+02 -8.187797e+01
   endloop
 endfacet
 facet normal -0.000000e+00 -2.065983e-01 -9.784259e-01
   outer loop
     vertex -1.840000e+02  4.838982e+02 -8.161513e+01
     vertex -1.861000e+02  4.838982e+02 -8.161513e+01
     vertex -1.840000e+02  4.842991e+02 -8.169980e+01
   endloop
 endfacet
 facet normal  7.671523e-15 -3.355772e-02  9.994368e-01
   outer loop
     vertex -1.840000e+02  4.705114e+02 -8.498844e+01
     vertex -1.861000e+02  4.701018e+02 -8.500219e+01
     vertex -1.840000e+02  4.701018e+02 -8.500219e+01
   endloop
 endfacet
 facet normal  6.763262e-15 -3.355772e-02  9.994368e-01
   outer loop
     vertex -1.840000e+02  4.705114e+02 -8.498844e+01
     vertex -1.861000e+02  4.705114e+02 -8.498844e+01
     vertex -1.861000e+02  4.701018e+02 -8.500219e+01
   endloop
 endfacet
 facet normal  0.000000e+00 -2.717635e-01  9.623641e-01
   outer loop
     vertex -1.840000e+02  4.709058e+02 -8.487706e+01
     vertex -1.861000e+02  4.709058e+02 -8.487706e+01
     vertex -1.861000e+02  4.705114e+02 -8.498844e+01
   endloop
 endfacet
 facet normal  6.514546e-15 -2.717635e-01  9.623641e-01
   outer loop
     vertex -1.840000e+02  4.709058e+02 -8.487706e+01
     vertex -1.861000e+02  4.705114e+02 -8.498844e+01
     vertex -1.840000e+02  4.705114e+02 -8.498844e+01
   endloop
 endfacet
 facet normal  0.000000e+00 -4.941753e-01  8.693623e-01
   outer loop
     vertex -1.840000e+02  4.712621e+02 -8.467453e+01
     vertex -1.861000e+02  4.712621e+02 -8.467453e+01
     vertex -1.861000e+02  4.709058e+02 -8.487706e+01
   endloop
 endfacet
 facet normal  0.000000e+00 -4.941753e-01  8.693623e-01
   outer loop
     vertex -1.840000e+02  4.712621e+02 -8.467453e+01
     vertex -1.861000e+02  4.709058e+02 -8.487706e+01
     vertex -1.840000e+02  4.709058e+02 -8.487706e+01
   endloop
 endfacet
 facet normal  0.000000e+00 -8.415833e-01  5.401273e-01
   outer loop
     vertex -1.840000e+02  4.715596e+02 -8.439263e+01
     vertex -1.861000e+02  4.717809e+02 -8.404773e+01
     vertex -1.861000e+02  4.715596e+02 -8.439263e+01
   endloop
 endfacet
 facet normal  0.000000e+00 -6.878675e-01  7.258363e-01
   outer loop
     vertex -1.840000e+02  4.715596e+02 -8.439263e+01
     vertex -1.861000e+02  4.715596e+02 -8.439263e+01
     vertex -1.861000e+02  4.712621e+02 -8.467453e+01
   endloop
 endfacet
 facet normal  0.000000e+00 -6.878675e-01  7.258363e-01
   outer loop
     vertex -1.840000e+02  4.715596e+02 -8.439263e+01
     vertex -1.861000e+02  4.712621e+02 -8.467453e+01
     vertex -1.840000e+02  4.712621e+02 -8.467453e+01
   endloop
 endfacet
 facet normal  4.371911e-15 -9.463894e-01  3.230282e-01
   outer loop
     vertex -1.840000e+02  4.717809e+02 -8.404773e+01
     vertex -1.861000e+02  4.719133e+02 -8.365987e+01
     vertex -1.861000e+02  4.717809e+02 -8.404773e+01
   endloop
 endfacet
 facet normal  7.310163e-15 -8.415833e-01  5.401273e-01
   outer loop
     vertex -1.840000e+02  4.717809e+02 -8.404773e+01
     vertex -1.861000e+02  4.717809e+02 -8.404773e+01
     vertex -1.840000e+02  4.715596e+02 -8.439263e+01
   endloop
 endfacet
 facet normal  0.000000e+00 -9.463894e-01  3.230282e-01
   outer loop
     vertex -1.840000e+02  4.719133e+02 -8.365987e+01
     vertex -1.861000e+02  4.719133e+02 -8.365987e+01
     vertex -1.840000e+02  4.717809e+02 -8.404773e+01
   endloop
 endfacet
 facet normal  5.897893e-16 -9.961947e-01  8.715574e-02
   outer loop
     vertex -1.840000e+02  4.719490e+02 -8.325161e+01
     vertex -1.861000e+02  4.719490e+02 -8.325161e+01
     vertex -1.861000e+02  4.719133e+02 -8.365987e+01
   endloop
 endfacet
 facet normal  0.000000e+00 -9.961947e-01  8.715574e-02
   outer loop
     vertex -1.840000e+02  4.719490e+02 -8.325161e+01
     vertex -1.861000e+02  4.719133e+02 -8.365987e+01
     vertex -1.840000e+02  4.719133e+02 -8.365987e+01
   endloop
 endfacet
 facet normal  2.236232e-14 -9.225899e-01 -3.857822e-01
   outer loop
     vertex -1.840000e+02  4.718860e+02 -8.284666e+01
     vertex -1.861000e+02  4.717279e+02 -8.246856e+01
     vertex -1.861000e+02  4.718860e+02 -8.284666e+01
   endloop
 endfacet
 facet normal  2.570566e-14 -9.881048e-01 -1.537818e-01
   outer loop
     vertex -1.840000e+02  4.718860e+02 -8.284666e+01
     vertex -1.861000e+02  4.718860e+02 -8.284666e+01
     vertex -1.861000e+02  4.719490e+02 -8.325161e+01
   endloop
 endfacet
 facet normal -1.040070e-15 -9.881048e-01 -1.537818e-01
   outer loop
     vertex -1.840000e+02  4.718860e+02 -8.284666e+01
     vertex -1.861000e+02  4.719490e+02 -8.325161e+01
     vertex -1.840000e+02  4.719490e+02 -8.325161e+01
   endloop
 endfacet
 facet normal -2.610616e-15 -9.225899e-01 -3.857822e-01
   outer loop
     vertex -1.840000e+02  4.717279e+02 -8.246856e+01
     vertex -1.861000e+02  4.717279e+02 -8.246856e+01
     vertex -1.840000e+02  4.718860e+02 -8.284666e+01
   endloop
 endfacet
 facet normal  2.174822e-14 -8.034574e-01 -5.953623e-01
   outer loop
     vertex -1.840000e+02  4.714839e+02 -8.213928e+01
     vertex -1.861000e+02  4.714839e+02 -8.213928e+01
     vertex -1.861000e+02  4.717279e+02 -8.246856e+01
   endloop
 endfacet
 facet normal -4.031279e-15 -8.034574e-01 -5.953623e-01
   outer loop
     vertex -1.840000e+02  4.714839e+02 -8.213928e+01
     vertex -1.861000e+02  4.717279e+02 -8.246856e+01
     vertex -1.840000e+02  4.717279e+02 -8.246856e+01
   endloop
 endfacet
 facet normal  1.204662e-14 -6.376309e-01 -7.703421e-01
   outer loop
     vertex -1.840000e+02  4.711682e+02 -8.187797e+01
     vertex -1.861000e+02  4.711682e+02 -8.187797e+01
     vertex -1.861000e+02  4.714839e+02 -8.213928e+01
   endloop
 endfacet
 facet normal  1.727000e-14 -6.376309e-01 -7.703421e-01
   outer loop
     vertex -1.840000e+02  4.711682e+02 -8.187797e+01
     vertex -1.861000e+02  4.714839e+02 -8.213928e+01
     vertex -1.840000e+02  4.714839e+02 -8.213928e+01
   endloop
 endfacet
 facet normal -0.000000e+00 -2.065983e-01 -9.784259e-01
   outer loop
     vertex -1.840000e+02  4.707991e+02 -8.169980e+01
     vertex -1.861000e+02  4.703982e+02 -8.161513e+01
     vertex -1.861000e+02  4.707991e+02 -8.169980e+01
   endloop
 endfacet
 facet normal -0.000000e+00 -4.347475e-01 -9.005524e-01
   outer loop
     vertex -1.840000e+02  4.707991e+02 -8.169980e+01
     vertex -1.861000e+02  4.707991e+02 -8.169980e+01
     vertex -1.861000e+02  4.711682e+02 -8.187797e+01
   endloop
 endfacet
 facet normal  5.676040e-15 -4.347475e-01 -9.005524e-01
   outer loop
     vertex -1.840000e+02  4.707991e+02 -8.169980e+01
     vertex -1.861000e+02  4.711682e+02 -8.187797e+01
     vertex -1.840000e+02  4.711682e+02 -8.187797e+01
   endloop
 endfacet
 facet normal -0.000000e+00 -2.065983e-01 -9.784259e-01
   outer loop
     vertex -1.840000e+02  4.703982e+02 -8.161513e+01
     vertex -1.861000e+02  4.703982e+02 -8.161513e+01
     vertex -1.840000e+02  4.707991e+02 -8.169980e+01
   endloop
 endfacet
 facet normal  0.000000e+00 -3.355772e-02  9.994368e-01
   outer loop
     vertex -1.840000e+02  4.637614e+02 -9.667978e+01
     vertex -1.861000e+02  4.633518e+02 -9.669353e+01
     vertex -1.840000e+02  4.633518e+02 -9.669353e+01
   endloop
 endfacet
 facet normal  9.083503e-16 -3.355772e-02  9.994368e-01
   outer loop
     vertex -1.840000e+02  4.637614e+02 -9.667978e+01
     vertex -1.861000e+02  4.637614e+02 -9.667978e+01
     vertex -1.861000e+02  4.633518e+02 -9.669353e+01
   endloop
 endfacet
 facet normal  0.000000e+00 -2.717635e-01  9.623641e-01
   outer loop
     vertex -1.840000e+02  4.641558e+02 -9.656840e+01
     vertex -1.861000e+02  4.641558e+02 -9.656840e+01
     vertex -1.861000e+02  4.637614e+02 -9.667978e+01
   endloop
 endfacet
 facet normal  7.361115e-15 -2.717635e-01  9.623641e-01
   outer loop
     vertex -1.840000e+02  4.641558e+02 -9.656840e+01
     vertex -1.861000e+02  4.637614e+02 -9.667978e+01
     vertex -1.840000e+02  4.637614e+02 -9.667978e+01
   endloop
 endfacet
 facet normal  0.000000e+00 -4.941753e-01  8.693623e-01
   outer loop
     vertex -1.840000e+02  4.645121e+02 -9.636588e+01
     vertex -1.861000e+02  4.645121e+02 -9.636588e+01
     vertex -1.861000e+02  4.641558e+02 -9.656840e+01
   endloop
 endfacet
 facet normal  0.000000e+00 -4.941753e-01  8.693623e-01
   outer loop
     vertex -1.840000e+02  4.645121e+02 -9.636588e+01
     vertex -1.861000e+02  4.641558e+02 -9.656840e+01
     vertex -1.840000e+02  4.641558e+02 -9.656840e+01
   endloop
 endfacet
 facet normal  0.000000e+00 -8.415833e-01  5.401273e-01
   outer loop
     vertex -1.840000e+02  4.648096e+02 -9.608397e+01
     vertex -1.861000e+02  4.650309e+02 -9.573907e+01
     vertex -1.861000e+02  4.648096e+02 -9.608397e+01
   endloop
 endfacet
 facet normal  0.000000e+00 -6.878675e-01  7.258363e-01
   outer loop
     vertex -1.840000e+02  4.648096e+02 -9.608397e+01
     vertex -1.861000e+02  4.648096e+02 -9.608397e+01
     vertex -1.861000e+02  4.645121e+02 -9.636588e+01
   endloop
 endfacet
 facet normal  0.000000e+00 -6.878675e-01  7.258363e-01
   outer loop
     vertex -1.840000e+02  4.648096e+02 -9.608397e+01
     vertex -1.861000e+02  4.645121e+02 -9.636588e+01
     vertex -1.840000e+02  4.645121e+02 -9.636588e+01
   endloop
 endfacet
 facet normal  2.561715e-14 -9.463894e-01  3.230282e-01
   outer loop
     vertex -1.840000e+02  4.650309e+02 -9.573907e+01
     vertex -1.861000e+02  4.651633e+02 -9.535122e+01
     vertex -1.861000e+02  4.650309e+02 -9.573907e+01
   endloop
 endfacet
 facet normal  2.278022e-14 -8.415833e-01  5.401273e-01
   outer loop
     vertex -1.840000e+02  4.650309e+02 -9.573907e+01
     vertex -1.861000e+02  4.650309e+02 -9.573907e+01
     vertex -1.840000e+02  4.648096e+02 -9.608397e+01
   endloop
 endfacet
 facet normal  2.780310e-14 -9.463894e-01  3.230282e-01
   outer loop
     vertex -1.840000e+02  4.651633e+02 -9.535122e+01
     vertex -1.861000e+02  4.651633e+02 -9.535122e+01
     vertex -1.840000e+02  4.650309e+02 -9.573907e+01
   endloop
 endfacet
 facet normal  0.000000e+00 -9.961947e-01  8.715574e-02
   outer loop
     vertex -1.840000e+02  4.651990e+02 -9.494295e+01
     vertex -1.861000e+02  4.651990e+02 -9.494295e+01
     vertex -1.861000e+02  4.651633e+02 -9.535122e+01
   endloop
 endfacet
 facet normal  2.755379e-14 -9.961947e-01  8.715574e-02
   outer loop
     vertex -1.840000e+02  4.651990e+02 -9.494295e+01
     vertex -1.861000e+02  4.651633e+02 -9.535122e+01
     vertex -1.840000e+02  4.651633e+02 -9.535122e+01
   endloop
 endfacet
 facet normal  2.497294e-14 -9.225899e-01 -3.857822e-01
   outer loop
     vertex -1.840000e+02  4.651360e+02 -9.453800e+01
     vertex -1.861000e+02  4.649779e+02 -9.415990e+01
     vertex -1.861000e+02  4.651360e+02 -9.453800e+01
   endloop
 endfacet
 facet normal  2.674631e-14 -9.881048e-01 -1.537818e-01
   outer loop
     vertex -1.840000e+02  4.651360e+02 -9.453800e+01
     vertex -1.861000e+02  4.651360e+02 -9.453800e+01
     vertex -1.861000e+02  4.651990e+02 -9.494295e+01
   endloop
 endfacet
 facet normal  0.000000e+00 -9.881048e-01 -1.537818e-01
   outer loop
     vertex -1.840000e+02  4.651360e+02 -9.453800e+01
     vertex -1.861000e+02  4.651990e+02 -9.494295e+01
     vertex -1.840000e+02  4.651990e+02 -9.494295e+01
   endloop
 endfacet
 facet normal  2.497294e-14 -9.225899e-01 -3.857822e-01
   outer loop
     vertex -1.840000e+02  4.649779e+02 -9.415990e+01
     vertex -1.861000e+02  4.649779e+02 -9.415990e+01
     vertex -1.840000e+02  4.651360e+02 -9.453800e+01
   endloop
 endfacet
 facet normal  2.174822e-14 -8.034574e-01 -5.953623e-01
   outer loop
     vertex -1.840000e+02  4.647339e+02 -9.383063e+01
     vertex -1.861000e+02  4.647339e+02 -9.383063e+01
     vertex -1.861000e+02  4.649779e+02 -9.415990e+01
   endloop
 endfacet
 facet normal  2.173665e-14 -8.034574e-01 -5.953623e-01
   outer loop
     vertex -1.840000e+02  4.647339e+02 -9.383063e+01
     vertex -1.861000e+02  4.649779e+02 -9.415990e+01
     vertex -1.840000e+02  4.649779e+02 -9.415990e+01
   endloop
 endfacet
 facet normal -0.000000e+00 -6.376309e-01 -7.703421e-01
   outer loop
     vertex -1.840000e+02  4.644182e+02 -9.356931e+01
     vertex -1.861000e+02  4.644182e+02 -9.356931e+01
     vertex -1.861000e+02  4.647339e+02 -9.383063e+01
   endloop
 endfacet
 facet normal  1.727000e-14 -6.376309e-01 -7.703421e-01
   outer loop
     vertex -1.840000e+02  4.644182e+02 -9.356931e+01
     vertex -1.861000e+02  4.647339e+02 -9.383063e+01
     vertex -1.840000e+02  4.647339e+02 -9.383063e+01
   endloop
 endfacet
 facet normal -0.000000e+00 -2.065983e-01 -9.784259e-01
   outer loop
     vertex -1.840000e+02  4.640491e+02 -9.339114e+01
     vertex -1.861000e+02  4.636482e+02 -9.330647e+01
     vertex -1.861000e+02  4.640491e+02 -9.339114e+01
   endloop
 endfacet
 facet normal -0.000000e+00 -4.347475e-01 -9.005524e-01
   outer loop
     vertex -1.840000e+02  4.640491e+02 -9.339114e+01
     vertex -1.861000e+02  4.640491e+02 -9.339114e+01
     vertex -1.861000e+02  4.644182e+02 -9.356931e+01
   endloop
 endfacet
 facet normal  0.000000e+00 -4.347475e-01 -9.005524e-01
   outer loop
     vertex -1.840000e+02  4.640491e+02 -9.339114e+01
     vertex -1.861000e+02  4.644182e+02 -9.356931e+01
     vertex -1.840000e+02  4.644182e+02 -9.356931e+01
   endloop
 endfacet
 facet normal -6.621080e-15 -2.065983e-01 -9.784259e-01
   outer loop
     vertex -1.840000e+02  4.636482e+02 -9.330647e+01
     vertex -1.861000e+02  4.636482e+02 -9.330647e+01
     vertex -1.840000e+02  4.640491e+02 -9.339114e+01
   endloop
 endfacet
 facet normal  0.000000e+00 -3.355772e-02  9.994368e-01
   outer loop
     vertex -1.840000e+02  4.705114e+02 -1.083711e+02
     vertex -1.861000e+02  4.701018e+02 -1.083849e+02
     vertex -1.840000e+02  4.701018e+02 -1.083849e+02
   endloop
 endfacet
 facet normal  9.083503e-16 -3.355772e-02  9.994368e-01
   outer loop
     vertex -1.840000e+02  4.705114e+02 -1.083711e+02
     vertex -1.861000e+02  4.705114e+02 -1.083711e+02
     vertex -1.861000e+02  4.701018e+02 -1.083849e+02
   endloop
 endfacet
 facet normal  6.512389e-15 -2.717635e-01  9.623641e-01
   outer loop
     vertex -1.840000e+02  4.709058e+02 -1.082597e+02
     vertex -1.861000e+02  4.709058e+02 -1.082597e+02
     vertex -1.861000e+02  4.705114e+02 -1.083711e+02
   endloop
 endfacet
 facet normal  7.353052e-15 -2.717635e-01  9.623641e-01
   outer loop
     vertex -1.840000e+02  4.709058e+02 -1.082597e+02
     vertex -1.861000e+02  4.705114e+02 -1.083711e+02
     vertex -1.840000e+02  4.705114e+02 -1.083711e+02
   endloop
 endfacet
 facet normal  0.000000e+00 -4.941753e-01  8.693623e-01
   outer loop
     vertex -1.840000e+02  4.712621e+02 -1.080572e+02
     vertex -1.861000e+02  4.712621e+02 -1.080572e+02
     vertex -1.861000e+02  4.709058e+02 -1.082597e+02
   endloop
 endfacet
 facet normal  5.885667e-15 -4.941753e-01  8.693623e-01
   outer loop
     vertex -1.840000e+02  4.712621e+02 -1.080572e+02
     vertex -1.861000e+02  4.709058e+02 -1.082597e+02
     vertex -1.840000e+02  4.709058e+02 -1.082597e+02
   endloop
 endfacet
 facet normal  0.000000e+00 -8.415833e-01  5.401273e-01
   outer loop
     vertex -1.840000e+02  4.715596e+02 -1.077753e+02
     vertex -1.861000e+02  4.717809e+02 -1.074304e+02
     vertex -1.861000e+02  4.715596e+02 -1.077753e+02
   endloop
 endfacet
 facet normal  0.000000e+00 -6.878675e-01  7.258363e-01
   outer loop
     vertex -1.840000e+02  4.715596e+02 -1.077753e+02
     vertex -1.861000e+02  4.715596e+02 -1.077753e+02
     vertex -1.861000e+02  4.712621e+02 -1.080572e+02
   endloop
 endfacet
 facet normal  0.000000e+00 -6.878675e-01  7.258363e-01
   outer loop
     vertex -1.840000e+02  4.715596e+02 -1.077753e+02
     vertex -1.861000e+02  4.712621e+02 -1.080572e+02
     vertex -1.840000e+02  4.712621e+02 -1.080572e+02
   endloop
 endfacet
 facet normal  0.000000e+00 -9.463894e-01  3.230282e-01
   outer loop
     vertex -1.840000e+02  4.717809e+02 -1.074304e+02
     vertex -1.861000e+02  4.719133e+02 -1.070426e+02
     vertex -1.861000e+02  4.717809e+02 -1.074304e+02
   endloop
 endfacet
 facet normal  0.000000e+00 -8.415833e-01  5.401273e-01
   outer loop
     vertex -1.840000e+02  4.717809e+02 -1.074304e+02
     vertex -1.861000e+02  4.717809e+02 -1.074304e+02
     vertex -1.840000e+02  4.715596e+02 -1.077753e+02
   endloop
 endfacet
 facet normal  2.561715e-14 -9.463894e-01  3.230282e-01
   outer loop
     vertex -1.840000e+02  4.719133e+02 -1.070426e+02
     vertex -1.861000e+02  4.719133e+02 -1.070426e+02
     vertex -1.840000e+02  4.717809e+02 -1.074304e+02
   endloop
 endfacet
 facet normal  0.000000e+00 -9.961947e-01  8.715574e-02
   outer loop
     vertex -1.840000e+02  4.719490e+02 -1.066343e+02
     vertex -1.861000e+02  4.719490e+02 -1.066343e+02
     vertex -1.861000e+02  4.719133e+02 -1.070426e+02
   endloop
 endfacet
 facet normal  2.696522e-14 -9.961947e-01  8.715574e-02
   outer loop
     vertex -1.840000e+02  4.719490e+02 -1.066343e+02
     vertex -1.861000e+02  4.719133e+02 -1.070426e+02
     vertex -1.840000e+02  4.719133e+02 -1.070426e+02
   endloop
 endfacet
 facet normal -0.000000e+00 -9.225899e-01 -3.857822e-01
   outer loop
     vertex -1.840000e+02  4.718860e+02 -1.062293e+02
     vertex -1.861000e+02  4.717279e+02 -1.058512e+02
     vertex -1.861000e+02  4.718860e+02 -1.062293e+02
   endloop
 endfacet
 facet normal -0.000000e+00 -9.881048e-01 -1.537818e-01
   outer loop
     vertex -1.840000e+02  4.718860e+02 -1.062293e+02
     vertex -1.861000e+02  4.718860e+02 -1.062293e+02
     vertex -1.861000e+02  4.719490e+02 -1.066343e+02
   endloop
 endfacet
 facet normal  0.000000e+00 -9.881048e-01 -1.537818e-01
   outer loop
     vertex -1.840000e+02  4.718860e+02 -1.062293e+02
     vertex -1.861000e+02  4.719490e+02 -1.066343e+02
     vertex -1.840000e+02  4.719490e+02 -1.066343e+02
   endloop
 endfacet
 facet normal -0.000000e+00 -9.225899e-01 -3.857822e-01
   outer loop
     vertex -1.840000e+02  4.717279e+02 -1.058512e+02
     vertex -1.861000e+02  4.717279e+02 -1.058512e+02
     vertex -1.840000e+02  4.718860e+02 -1.062293e+02
   endloop
 endfacet
 facet normal  2.174822e-14 -8.034574e-01 -5.953623e-01
   outer loop
     vertex -1.840000e+02  4.714839e+02 -1.055220e+02
     vertex -1.861000e+02  4.714839e+02 -1.055220e+02
     vertex -1.861000e+02  4.717279e+02 -1.058512e+02
   endloop
 endfacet
 facet normal  0.000000e+00 -8.034574e-01 -5.953623e-01
   outer loop
     vertex -1.840000e+02  4.714839e+02 -1.055220e+02
     vertex -1.861000e+02  4.717279e+02 -1.058512e+02
     vertex -1.840000e+02  4.717279e+02 -1.058512e+02
   endloop
 endfacet
 facet normal -0.000000e+00 -6.376309e-01 -7.703421e-01
   outer loop
     vertex -1.840000e+02  4.711682e+02 -1.052607e+02
     vertex -1.861000e+02  4.711682e+02 -1.052607e+02
     vertex -1.861000e+02  4.714839e+02 -1.055220e+02
   endloop
 endfacet
 facet normal  1.725387e-14 -6.376309e-01 -7.703421e-01
   outer loop
     vertex -1.840000e+02  4.711682e+02 -1.052607e+02
     vertex -1.861000e+02  4.714839e+02 -1.055220e+02
     vertex -1.840000e+02  4.714839e+02 -1.055220e+02
   endloop
 endfacet
 facet normal -6.621080e-15 -2.065983e-01 -9.784259e-01
   outer loop
     vertex -1.840000e+02  4.707991e+02 -1.050825e+02
     vertex -1.861000e+02  4.703982e+02 -1.049978e+02
     vertex -1.861000e+02  4.707991e+02 -1.050825e+02
   endloop
 endfacet
 facet normal -6.094104e-15 -4.347475e-01 -9.005524e-01
   outer loop
     vertex -1.840000e+02  4.707991e+02 -1.050825e+02
     vertex -1.861000e+02  4.707991e+02 -1.050825e+02
     vertex -1.861000e+02  4.711682e+02 -1.052607e+02
   endloop
 endfacet
 facet normal  0.000000e+00 -4.347475e-01 -9.005524e-01
   outer loop
     vertex -1.840000e+02  4.707991e+02 -1.050825e+02
     vertex -1.861000e+02  4.711682e+02 -1.052607e+02
     vertex -1.840000e+02  4.711682e+02 -1.052607e+02
   endloop
 endfacet
 facet normal -0.000000e+00 -2.065983e-01 -9.784259e-01
   outer loop
     vertex -1.840000e+02  4.703982e+02 -1.049978e+02
     vertex -1.861000e+02  4.703982e+02 -1.049978e+02
     vertex -1.840000e+02  4.707991e+02 -1.050825e+02
   endloop
 endfacet
 facet normal  0.000000e+00  3.355772e-02 -9.994368e-01
   outer loop
     vertex -1.840000e+02  4.699886e+02 -1.050116e+02
     vertex -1.861000e+02  4.703982e+02 -1.049978e+02
     vertex -1.840000e+02  4.703982e+02 -1.049978e+02
   endloop
 endfacet
 facet normal -1.443487e-14  3.355772e-02 -9.994368e-01
   outer loop
     vertex -1.840000e+02  4.699886e+02 -1.050116e+02
     vertex -1.861000e+02  4.699886e+02 -1.050116e+02
     vertex -1.861000e+02  4.703982e+02 -1.049978e+02
   endloop
 endfacet
 facet normal  0.000000e+00  2.717635e-01 -9.623641e-01
   outer loop
     vertex -1.840000e+02  4.695942e+02 -1.051229e+02
     vertex -1.861000e+02  4.695942e+02 -1.051229e+02
     vertex -1.861000e+02  4.699886e+02 -1.050116e+02
   endloop
 endfacet
 facet normal -2.038214e-14  2.717635e-01 -9.623641e-01
   outer loop
     vertex -1.840000e+02  4.695942e+02 -1.051229e+02
     vertex -1.861000e+02  4.699886e+02 -1.050116e+02
     vertex -1.840000e+02  4.699886e+02 -1.050116e+02
   endloop
 endfacet
 facet normal  0.000000e+00  4.941753e-01 -8.693623e-01
   outer loop
     vertex -1.840000e+02  4.692379e+02 -1.053255e+02
     vertex -1.861000e+02  4.692379e+02 -1.053255e+02
     vertex -1.861000e+02  4.695942e+02 -1.051229e+02
   endloop
 endfacet
 facet normal  0.000000e+00  4.941753e-01 -8.693623e-01
   outer loop
     vertex -1.840000e+02  4.692379e+02 -1.053255e+02
     vertex -1.861000e+02  4.695942e+02 -1.051229e+02
     vertex -1.840000e+02  4.695942e+02 -1.051229e+02
   endloop
 endfacet
 facet normal  0.000000e+00  8.415833e-01 -5.401273e-01
   outer loop
     vertex -1.840000e+02  4.689404e+02 -1.056074e+02
     vertex -1.861000e+02  4.687191e+02 -1.059523e+02
     vertex -1.861000e+02  4.689404e+02 -1.056074e+02
   endloop
 endfacet
 facet normal  0.000000e+00  6.878675e-01 -7.258363e-01
   outer loop
     vertex -1.840000e+02  4.689404e+02 -1.056074e+02
     vertex -1.861000e+02  4.689404e+02 -1.056074e+02
     vertex -1.861000e+02  4.692379e+02 -1.053255e+02
   endloop
 endfacet
 facet normal  0.000000e+00  6.878675e-01 -7.258363e-01
   outer loop
     vertex -1.840000e+02  4.689404e+02 -1.056074e+02
     vertex -1.861000e+02  4.692379e+02 -1.053255e+02
     vertex -1.840000e+02  4.692379e+02 -1.053255e+02
   endloop
 endfacet
 facet normal -2.278022e-14  8.415833e-01 -5.401273e-01
   outer loop
     vertex -1.840000e+02  4.687191e+02 -1.059523e+02
     vertex -1.861000e+02  4.687191e+02 -1.059523e+02
     vertex -1.840000e+02  4.689404e+02 -1.056074e+02
   endloop
 endfacet
 facet normal -1.179579e-15  9.961947e-01 -8.715574e-02
   outer loop
     vertex -1.840000e+02  4.685867e+02 -1.063401e+02
     vertex -1.861000e+02  4.685510e+02 -1.067484e+02
     vertex -1.861000e+02  4.685867e+02 -1.063401e+02
   endloop
 endfacet
 facet normal -4.371911e-15  9.463894e-01 -3.230282e-01
   outer loop
     vertex -1.840000e+02  4.685867e+02 -1.063401e+02
     vertex -1.861000e+02  4.685867e+02 -1.063401e+02
     vertex -1.861000e+02  4.687191e+02 -1.059523e+02
   endloop
 endfacet
 facet normal -2.561474e-14  9.463894e-01 -3.230282e-01
   outer loop
     vertex -1.840000e+02  4.685867e+02 -1.063401e+02
     vertex -1.861000e+02  4.687191e+02 -1.059523e+02
     vertex -1.840000e+02  4.687191e+02 -1.059523e+02
   endloop
 endfacet
 facet normal -2.637550e-14  9.961947e-01 -8.715574e-02
   outer loop
     vertex -1.840000e+02  4.685510e+02 -1.067484e+02
     vertex -1.861000e+02  4.685510e+02 -1.067484e+02
     vertex -1.840000e+02  4.685867e+02 -1.063401e+02
   endloop
 endfacet
 facet normal  0.000000e+00  9.881048e-01  1.537818e-01
   outer loop
     vertex -1.840000e+02  4.686140e+02 -1.071533e+02
     vertex -1.861000e+02  4.686140e+02 -1.071533e+02
     vertex -1.861000e+02  4.685510e+02 -1.067484e+02
   endloop
 endfacet
 facet normal -2.778760e-14  9.881048e-01  1.537818e-01
   outer loop
     vertex -1.840000e+02  4.686140e+02 -1.071533e+02
     vertex -1.861000e+02  4.685510e+02 -1.067484e+02
     vertex -1.840000e+02  4.685510e+02 -1.067484e+02
   endloop
 endfacet
 facet normal  0.000000e+00  9.225899e-01  3.857822e-01
   outer loop
     vertex -1.840000e+02  4.687721e+02 -1.075314e+02
     vertex -1.861000e+02  4.687721e+02 -1.075314e+02
     vertex -1.861000e+02  4.686140e+02 -1.071533e+02
   endloop
 endfacet
 facet normal  0.000000e+00  9.225899e-01  3.857822e-01
   outer loop
     vertex -1.840000e+02  4.687721e+02 -1.075314e+02
     vertex -1.861000e+02  4.686140e+02 -1.071533e+02
     vertex -1.840000e+02  4.686140e+02 -1.071533e+02
   endloop
 endfacet
 facet normal -1.204662e-14  6.376309e-01  7.703421e-01
   outer loop
     vertex -1.840000e+02  4.690161e+02 -1.078607e+02
     vertex -1.861000e+02  4.693318e+02 -1.081220e+02
     vertex -1.861000e+02  4.690161e+02 -1.078607e+02
   endloop
 endfacet
 facet normal -1.771936e-14  8.034574e-01  5.953623e-01
   outer loop
     vertex -1.840000e+02  4.690161e+02 -1.078607e+02
     vertex -1.861000e+02  4.690161e+02 -1.078607e+02
     vertex -1.861000e+02  4.687721e+02 -1.075314e+02
   endloop
 endfacet
 facet normal  0.000000e+00  8.034574e-01  5.953623e-01
   outer loop
     vertex -1.840000e+02  4.690161e+02 -1.078607e+02
     vertex -1.861000e+02  4.687721e+02 -1.075314e+02
     vertex -1.840000e+02  4.687721e+02 -1.075314e+02
   endloop
 endfacet
 facet normal  0.000000e+00  6.376309e-01  7.703421e-01
   outer loop
     vertex -1.840000e+02  4.693318e+02 -1.081220e+02
     vertex -1.861000e+02  4.693318e+02 -1.081220e+02
     vertex -1.840000e+02  4.690161e+02 -1.078607e+02
   endloop
 endfacet
 facet normal  0.000000e+00  2.065983e-01  9.784259e-01
   outer loop
     vertex -1.840000e+02  4.697009e+02 -1.083002e+02
     vertex -1.861000e+02  4.701018e+02 -1.083849e+02
     vertex -1.861000e+02  4.697009e+02 -1.083002e+02
   endloop
 endfacet
 facet normal  0.000000e+00  4.347475e-01  9.005524e-01
   outer loop
     vertex -1.840000e+02  4.697009e+02 -1.083002e+02
     vertex -1.861000e+02  4.697009e+02 -1.083002e+02
     vertex -1.861000e+02  4.693318e+02 -1.081220e+02
   endloop
 endfacet
 facet normal  0.000000e+00  4.347475e-01  9.005524e-01
   outer loop
     vertex -1.840000e+02  4.697009e+02 -1.083002e+02
     vertex -1.861000e+02  4.693318e+02 -1.081220e+02
     vertex -1.840000e+02  4.693318e+02 -1.081220e+02
   endloop
 endfacet
 facet normal  0.000000e+00  2.065983e-01  9.784259e-01
   outer loop
     vertex -1.840000e+02  4.701018e+02 -1.083849e+02
     vertex -1.861000e+02  4.701018e+02 -1.083849e+02
     vertex -1.840000e+02  4.697009e+02 -1.083002e+02
   endloop
 endfacet
 facet normal -6.763478e-15  3.355772e-02 -9.994368e-01
   outer loop
     vertex -1.840000e+02  4.632386e+02 -9.332022e+01
     vertex -1.861000e+02  4.636482e+02 -9.330647e+01
     vertex -1.840000e+02  4.636482e+02 -9.330647e+01
   endloop
 endfacet
 facet normal  0.000000e+00  3.355772e-02 -9.994368e-01
   outer loop
     vertex -1.840000e+02  4.632386e+02 -9.332022e+01
     vertex -1.861000e+02  4.632386e+02 -9.332022e+01
     vertex -1.861000e+02  4.636482e+02 -9.330647e+01
   endloop
 endfacet
 facet normal  0.000000e+00  2.717635e-01 -9.623641e-01
   outer loop
     vertex -1.840000e+02  4.628442e+02 -9.343160e+01
     vertex -1.861000e+02  4.628442e+02 -9.343160e+01
     vertex -1.861000e+02  4.632386e+02 -9.332022e+01
   endloop
 endfacet
 facet normal  0.000000e+00  2.717635e-01 -9.623641e-01
   outer loop
     vertex -1.840000e+02  4.628442e+02 -9.343160e+01
     vertex -1.861000e+02  4.632386e+02 -9.332022e+01
     vertex -1.840000e+02  4.632386e+02 -9.332022e+01
   endloop
 endfacet
 facet normal  0.000000e+00  4.941753e-01 -8.693623e-01
   outer loop
     vertex -1.840000e+02  4.624879e+02 -9.363412e+01
     vertex -1.861000e+02  4.624879e+02 -9.363412e+01
     vertex -1.861000e+02  4.628442e+02 -9.343160e+01
   endloop
 endfacet
 facet normal  0.000000e+00  4.941753e-01 -8.693623e-01
   outer loop
     vertex -1.840000e+02  4.624879e+02 -9.363412e+01
     vertex -1.861000e+02  4.628442e+02 -9.343160e+01
     vertex -1.840000e+02  4.628442e+02 -9.343160e+01
   endloop
 endfacet
 facet normal -3.655081e-15  8.415833e-01 -5.401273e-01
   outer loop
     vertex -1.840000e+02  4.621904e+02 -9.391603e+01
     vertex -1.861000e+02  4.619691e+02 -9.426093e+01
     vertex -1.861000e+02  4.621904e+02 -9.391603e+01
   endloop
 endfacet
 facet normal -4.911788e-15  6.878675e-01 -7.258363e-01
   outer loop
     vertex -1.840000e+02  4.621904e+02 -9.391603e+01
     vertex -1.861000e+02  4.621904e+02 -9.391603e+01
     vertex -1.861000e+02  4.624879e+02 -9.363412e+01
   endloop
 endfacet
 facet normal  0.000000e+00  6.878675e-01 -7.258363e-01
   outer loop
     vertex -1.840000e+02  4.621904e+02 -9.391603e+01
     vertex -1.861000e+02  4.624879e+02 -9.363412e+01
     vertex -1.840000e+02  4.624879e+02 -9.363412e+01
   endloop
 endfacet
 facet normal -3.655081e-15  8.415833e-01 -5.401273e-01
   outer loop
     vertex -1.840000e+02  4.619691e+02 -9.426093e+01
     vertex -1.861000e+02  4.619691e+02 -9.426093e+01
     vertex -1.840000e+02  4.621904e+02 -9.391603e+01
   endloop
 endfacet
 facet normal  0.000000e+00  9.961947e-01 -8.715574e-02
   outer loop
     vertex -1.840000e+02  4.618367e+02 -9.464878e+01
     vertex -1.861000e+02  4.618010e+02 -9.505705e+01
     vertex -1.861000e+02  4.618367e+02 -9.464878e+01
   endloop
 endfacet
 facet normal  0.000000e+00  9.463894e-01 -3.230282e-01
   outer loop
     vertex -1.840000e+02  4.618367e+02 -9.464878e+01
     vertex -1.861000e+02  4.618367e+02 -9.464878e+01
     vertex -1.861000e+02  4.619691e+02 -9.426093e+01
   endloop
 endfacet
 facet normal -2.184953e-15  9.463894e-01 -3.230282e-01
   outer loop
     vertex -1.840000e+02  4.618367e+02 -9.464878e+01
     vertex -1.861000e+02  4.619691e+02 -9.426093e+01
     vertex -1.840000e+02  4.619691e+02 -9.426093e+01
   endloop
 endfacet
 facet normal  0.000000e+00  9.961947e-01 -8.715574e-02
   outer loop
     vertex -1.840000e+02  4.618010e+02 -9.505705e+01
     vertex -1.861000e+02  4.618010e+02 -9.505705e+01
     vertex -1.840000e+02  4.618367e+02 -9.464878e+01
   endloop
 endfacet
 facet normal -2.674631e-14  9.881048e-01  1.537818e-01
   outer loop
     vertex -1.840000e+02  4.618640e+02 -9.546200e+01
     vertex -1.861000e+02  4.618640e+02 -9.546200e+01
     vertex -1.861000e+02  4.618010e+02 -9.505705e+01
   endloop
 endfacet
 facet normal  0.000000e+00  9.881048e-01  1.537818e-01
   outer loop
     vertex -1.840000e+02  4.618640e+02 -9.546200e+01
     vertex -1.861000e+02  4.618010e+02 -9.505705e+01
     vertex -1.840000e+02  4.618010e+02 -9.505705e+01
   endloop
 endfacet
 facet normal  0.000000e+00  9.225899e-01  3.857822e-01
   outer loop
     vertex -1.840000e+02  4.620221e+02 -9.584010e+01
     vertex -1.861000e+02  4.620221e+02 -9.584010e+01
     vertex -1.861000e+02  4.618640e+02 -9.546200e+01
   endloop
 endfacet
 facet normal -2.497780e-14  9.225899e-01  3.857822e-01
   outer loop
     vertex -1.840000e+02  4.620221e+02 -9.584010e+01
     vertex -1.861000e+02  4.618640e+02 -9.546200e+01
     vertex -1.840000e+02  4.618640e+02 -9.546200e+01
   endloop
 endfacet
 facet normal  0.000000e+00  6.376309e-01  7.703421e-01
   outer loop
     vertex -1.840000e+02  4.622661e+02 -9.616937e+01
     vertex -1.861000e+02  4.625818e+02 -9.643069e+01
     vertex -1.861000e+02  4.622661e+02 -9.616937e+01
   endloop
 endfacet
 facet normal  0.000000e+00  8.034574e-01  5.953623e-01
   outer loop
     vertex -1.840000e+02  4.622661e+02 -9.616937e+01
     vertex -1.861000e+02  4.622661e+02 -9.616937e+01
     vertex -1.861000e+02  4.620221e+02 -9.584010e+01
   endloop
 endfacet
 facet normal  0.000000e+00  8.034574e-01  5.953623e-01
   outer loop
     vertex -1.840000e+02  4.622661e+02 -9.616937e+01
     vertex -1.861000e+02  4.620221e+02 -9.584010e+01
     vertex -1.840000e+02  4.620221e+02 -9.584010e+01
   endloop
 endfacet
 facet normal  0.000000e+00  6.376309e-01  7.703421e-01
   outer loop
     vertex -1.840000e+02  4.625818e+02 -9.643069e+01
     vertex -1.861000e+02  4.625818e+02 -9.643069e+01
     vertex -1.840000e+02  4.622661e+02 -9.616937e+01
   endloop
 endfacet
 facet normal  0.000000e+00  2.065983e-01  9.784259e-01
   outer loop
     vertex -1.840000e+02  4.629509e+02 -9.660886e+01
     vertex -1.861000e+02  4.633518e+02 -9.669353e+01
     vertex -1.861000e+02  4.629509e+02 -9.660886e+01
   endloop
 endfacet
 facet normal  0.000000e+00  4.347475e-01  9.005524e-01
   outer loop
     vertex -1.840000e+02  4.629509e+02 -9.660886e+01
     vertex -1.861000e+02  4.629509e+02 -9.660886e+01
     vertex -1.861000e+02  4.625818e+02 -9.643069e+01
   endloop
 endfacet
 facet normal  0.000000e+00  4.347475e-01  9.005524e-01
   outer loop
     vertex -1.840000e+02  4.629509e+02 -9.660886e+01
     vertex -1.861000e+02  4.625818e+02 -9.643069e+01
     vertex -1.840000e+02  4.625818e+02 -9.643069e+01
   endloop
 endfacet
 facet normal  0.000000e+00  2.065983e-01  9.784259e-01
   outer loop
     vertex -1.840000e+02  4.633518e+02 -9.669353e+01
     vertex -1.861000e+02  4.633518e+02 -9.669353e+01
     vertex -1.840000e+02  4.629509e+02 -9.660886e+01
   endloop
 endfacet
 facet normal  0.000000e+00  3.355772e-02 -9.994368e-01
   outer loop
     vertex -1.840000e+02  4.699886e+02 -8.162888e+01
     vertex -1.861000e+02  4.703982e+02 -8.161513e+01
     vertex -1.840000e+02  4.703982e+02 -8.161513e+01
   endloop
 endfacet
 facet normal  0.000000e+00  3.355772e-02 -9.994368e-01
   outer loop
     vertex -1.840000e+02  4.699886e+02 -8.162888e+01
     vertex -1.861000e+02  4.699886e+02 -8.162888e+01
     vertex -1.861000e+02  4.703982e+02 -8.161513e+01
   endloop
 endfacet
 facet normal  0.000000e+00  2.717635e-01 -9.623641e-01
   outer loop
     vertex -1.840000e+02  4.695942e+02 -8.174025e+01
     vertex -1.861000e+02  4.695942e+02 -8.174025e+01
     vertex -1.861000e+02  4.699886e+02 -8.162888e+01
   endloop
 endfacet
 facet normal  0.000000e+00  2.717635e-01 -9.623641e-01
   outer loop
     vertex -1.840000e+02  4.695942e+02 -8.174025e+01
     vertex -1.861000e+02  4.699886e+02 -8.162888e+01
     vertex -1.840000e+02  4.699886e+02 -8.162888e+01
   endloop
 endfacet
 facet normal  0.000000e+00  4.941753e-01 -8.693623e-01
   outer loop
     vertex -1.840000e+02  4.692379e+02 -8.194278e+01
     vertex -1.861000e+02  4.692379e+02 -8.194278e+01
     vertex -1.861000e+02  4.695942e+02 -8.174025e+01
   endloop
 endfacet
 facet normal  0.000000e+00  4.941753e-01 -8.693623e-01
   outer loop
     vertex -1.840000e+02  4.692379e+02 -8.194278e+01
     vertex -1.861000e+02  4.695942e+02 -8.174025e+01
     vertex -1.840000e+02  4.695942e+02 -8.174025e+01
   endloop
 endfacet
 facet normal  0.000000e+00  8.415833e-01 -5.401273e-01
   outer loop
     vertex -1.840000e+02  4.689404e+02 -8.222468e+01
     vertex -1.861000e+02  4.687191e+02 -8.256959e+01
     vertex -1.861000e+02  4.689404e+02 -8.222468e+01
   endloop
 endfacet
 facet normal  0.000000e+00  6.878675e-01 -7.258363e-01
   outer loop
     vertex -1.840000e+02  4.689404e+02 -8.222468e+01
     vertex -1.861000e+02  4.689404e+02 -8.222468e+01
     vertex -1.861000e+02  4.692379e+02 -8.194278e+01
   endloop
 endfacet
 facet normal  0.000000e+00  6.878675e-01 -7.258363e-01
   outer loop
     vertex -1.840000e+02  4.689404e+02 -8.222468e+01
     vertex -1.861000e+02  4.692379e+02 -8.194278e+01
     vertex -1.840000e+02  4.692379e+02 -8.194278e+01
   endloop
 endfacet
 facet normal  0.000000e+00  8.415833e-01 -5.401273e-01
   outer loop
     vertex -1.840000e+02  4.687191e+02 -8.256959e+01
     vertex -1.861000e+02  4.687191e+02 -8.256959e+01
     vertex -1.840000e+02  4.689404e+02 -8.222468e+01
   endloop
 endfacet
 facet normal -2.696529e-14  9.961947e-01 -8.715574e-02
   outer loop
     vertex -1.840000e+02  4.685867e+02 -8.295744e+01
     vertex -1.861000e+02  4.685510e+02 -8.336571e+01
     vertex -1.861000e+02  4.685867e+02 -8.295744e+01
   endloop
 endfacet
 facet normal -2.561715e-14  9.463894e-01 -3.230282e-01
   outer loop
     vertex -1.840000e+02  4.685867e+02 -8.295744e+01
     vertex -1.861000e+02  4.685867e+02 -8.295744e+01
     vertex -1.861000e+02  4.687191e+02 -8.256959e+01
   endloop
 endfacet
 facet normal  0.000000e+00  9.463894e-01 -3.230282e-01
   outer loop
     vertex -1.840000e+02  4.685867e+02 -8.295744e+01
     vertex -1.861000e+02  4.687191e+02 -8.256959e+01
     vertex -1.840000e+02  4.687191e+02 -8.256959e+01
   endloop
 endfacet
 facet normal -2.696529e-14  9.961947e-01 -8.715574e-02
   outer loop
     vertex -1.840000e+02  4.685510e+02 -8.336571e+01
     vertex -1.861000e+02  4.685510e+02 -8.336571e+01
     vertex -1.840000e+02  4.685867e+02 -8.295744e+01
   endloop
 endfacet
 facet normal -2.570566e-14  9.881048e-01  1.537818e-01
   outer loop
     vertex -1.840000e+02  4.686140e+02 -8.377065e+01
     vertex -1.861000e+02  4.686140e+02 -8.377065e+01
     vertex -1.861000e+02  4.685510e+02 -8.336571e+01
   endloop
 endfacet
 facet normal -2.674350e-14  9.881048e-01  1.537818e-01
   outer loop
     vertex -1.840000e+02  4.686140e+02 -8.377065e+01
     vertex -1.861000e+02  4.685510e+02 -8.336571e+01
     vertex -1.840000e+02  4.685510e+02 -8.336571e+01
   endloop
 endfacet
 facet normal -2.497294e-14  9.225899e-01  3.857822e-01
   outer loop
     vertex -1.840000e+02  4.687721e+02 -8.414876e+01
     vertex -1.861000e+02  4.687721e+02 -8.414876e+01
     vertex -1.861000e+02  4.686140e+02 -8.377065e+01
   endloop
 endfacet
 facet normal -2.236553e-14  9.225899e-01  3.857822e-01
   outer loop
     vertex -1.840000e+02  4.687721e+02 -8.414876e+01
     vertex -1.861000e+02  4.686140e+02 -8.377065e+01
     vertex -1.840000e+02  4.686140e+02 -8.377065e+01
   endloop
 endfacet
 facet normal  0.000000e+00  6.376309e-01  7.703421e-01
   outer loop
     vertex -1.840000e+02  4.690161e+02 -8.447803e+01
     vertex -1.861000e+02  4.693318e+02 -8.473935e+01
     vertex -1.861000e+02  4.690161e+02 -8.447803e+01
   endloop
 endfacet
 facet normal  0.000000e+00  8.034574e-01  5.953623e-01
   outer loop
     vertex -1.840000e+02  4.690161e+02 -8.447803e+01
     vertex -1.861000e+02  4.690161e+02 -8.447803e+01
     vertex -1.861000e+02  4.687721e+02 -8.414876e+01
   endloop
 endfacet
 facet normal -2.173665e-14  8.034574e-01  5.953623e-01
   outer loop
     vertex -1.840000e+02  4.690161e+02 -8.447803e+01
     vertex -1.861000e+02  4.687721e+02 -8.414876e+01
     vertex -1.840000e+02  4.687721e+02 -8.414876e+01
   endloop
 endfacet
 facet normal -1.725958e-14  6.376309e-01  7.703421e-01
   outer loop
     vertex -1.840000e+02  4.693318e+02 -8.473935e+01
     vertex -1.861000e+02  4.693318e+02 -8.473935e+01
     vertex -1.840000e+02  4.690161e+02 -8.447803e+01
   endloop
 endfacet
 facet normal  7.649897e-15  2.065983e-01  9.784259e-01
   outer loop
     vertex -1.840000e+02  4.697009e+02 -8.491752e+01
     vertex -1.861000e+02  4.701018e+02 -8.500219e+01
     vertex -1.861000e+02  4.697009e+02 -8.491752e+01
   endloop
 endfacet
 facet normal  4.203339e-16  4.347475e-01  9.005524e-01
   outer loop
     vertex -1.840000e+02  4.697009e+02 -8.491752e+01
     vertex -1.861000e+02  4.697009e+02 -8.491752e+01
     vertex -1.861000e+02  4.693318e+02 -8.473935e+01
   endloop
 endfacet
 facet normal -1.177133e-14  4.347475e-01  9.005524e-01
   outer loop
     vertex -1.840000e+02  4.697009e+02 -8.491752e+01
     vertex -1.861000e+02  4.693318e+02 -8.473935e+01
     vertex -1.840000e+02  4.693318e+02 -8.473935e+01
   endloop
 endfacet
 facet normal  1.028817e-15  2.065983e-01  9.784259e-01
   outer loop
     vertex -1.840000e+02  4.701018e+02 -8.500219e+01
     vertex -1.861000e+02  4.701018e+02 -8.500219e+01
     vertex -1.840000e+02  4.697009e+02 -8.491752e+01
   endloop
 endfacet
 facet normal  0.000000e+00  3.355772e-02 -9.994368e-01
   outer loop
     vertex -1.840000e+02  4.834886e+02 -8.162888e+01
     vertex -1.861000e+02  4.838982e+02 -8.161513e+01
     vertex -1.840000e+02  4.838982e+02 -8.161513e+01
   endloop
 endfacet
 facet normal  0.000000e+00  3.355772e-02 -9.994368e-01
   outer loop
     vertex -1.840000e+02  4.834886e+02 -8.162888e+01
     vertex -1.861000e+02  4.834886e+02 -8.162888e+01
     vertex -1.861000e+02  4.838982e+02 -8.161513e+01
   endloop
 endfacet
 facet normal  0.000000e+00  2.717635e-01 -9.623641e-01
   outer loop
     vertex -1.840000e+02  4.830942e+02 -8.174025e+01
     vertex -1.861000e+02  4.830942e+02 -8.174025e+01
     vertex -1.861000e+02  4.834886e+02 -8.162888e+01
   endloop
 endfacet
 facet normal  0.000000e+00  2.717635e-01 -9.623641e-01
   outer loop
     vertex -1.840000e+02  4.830942e+02 -8.174025e+01
     vertex -1.861000e+02  4.834886e+02 -8.162888e+01
     vertex -1.840000e+02  4.834886e+02 -8.162888e+01
   endloop
 endfacet
 facet normal -5.883039e-15  4.941753e-01 -8.693623e-01
   outer loop
     vertex -1.840000e+02  4.827379e+02 -8.194278e+01
     vertex -1.861000e+02  4.827379e+02 -8.194278e+01
     vertex -1.861000e+02  4.830942e+02 -8.174025e+01
   endloop
 endfacet
 facet normal  0.000000e+00  4.941753e-01 -8.693623e-01
   outer loop
     vertex -1.840000e+02  4.827379e+02 -8.194278e+01
     vertex -1.861000e+02  4.830942e+02 -8.174025e+01
     vertex -1.840000e+02  4.830942e+02 -8.174025e+01
   endloop
 endfacet
 facet normal  0.000000e+00  8.415833e-01 -5.401273e-01
   outer loop
     vertex -1.840000e+02  4.824404e+02 -8.222468e+01
     vertex -1.861000e+02  4.822191e+02 -8.256959e+01
     vertex -1.861000e+02  4.824404e+02 -8.222468e+01
   endloop
 endfacet
 facet normal  0.000000e+00  6.878675e-01 -7.258363e-01
   outer loop
     vertex -1.840000e+02  4.824404e+02 -8.222468e+01
     vertex -1.861000e+02  4.824404e+02 -8.222468e+01
     vertex -1.861000e+02  4.827379e+02 -8.194278e+01
   endloop
 endfacet
 facet normal -4.918160e-15  6.878675e-01 -7.258363e-01
   outer loop
     vertex -1.840000e+02  4.824404e+02 -8.222468e+01
     vertex -1.861000e+02  4.827379e+02 -8.194278e+01
     vertex -1.840000e+02  4.827379e+02 -8.194278e+01
   endloop
 endfacet
 facet normal  0.000000e+00  8.415833e-01 -5.401273e-01
   outer loop
     vertex -1.840000e+02  4.822191e+02 -8.256959e+01
     vertex -1.861000e+02  4.822191e+02 -8.256959e+01
     vertex -1.840000e+02  4.824404e+02 -8.222468e+01
   endloop
 endfacet
 facet normal -5.897893e-16  9.961947e-01 -8.715574e-02
   outer loop
     vertex -1.840000e+02  4.820867e+02 -8.295744e+01
     vertex -1.861000e+02  4.820510e+02 -8.336571e+01
     vertex -1.861000e+02  4.820867e+02 -8.295744e+01
   endloop
 endfacet
 facet normal -2.185955e-15  9.463894e-01 -3.230282e-01
   outer loop
     vertex -1.840000e+02  4.820867e+02 -8.295744e+01
     vertex -1.861000e+02  4.820867e+02 -8.295744e+01
     vertex -1.861000e+02  4.822191e+02 -8.256959e+01
   endloop
 endfacet
 facet normal  0.000000e+00  9.463894e-01 -3.230282e-01
   outer loop
     vertex -1.840000e+02  4.820867e+02 -8.295744e+01
     vertex -1.861000e+02  4.822191e+02 -8.256959e+01
     vertex -1.840000e+02  4.822191e+02 -8.256959e+01
   endloop
 endfacet
 facet normal -2.696529e-14  9.961947e-01 -8.715574e-02
   outer loop
     vertex -1.840000e+02  4.820510e+02 -8.336571e+01
     vertex -1.861000e+02  4.820510e+02 -8.336571e+01
     vertex -1.840000e+02  4.820867e+02 -8.295744e+01
   endloop
 endfacet
 facet normal -2.674631e-14  9.881048e-01  1.537818e-01
   outer loop
     vertex -1.840000e+02  4.821140e+02 -8.377065e+01
     vertex -1.861000e+02  4.821140e+02 -8.377065e+01
     vertex -1.861000e+02  4.820510e+02 -8.336571e+01
   endloop
 endfacet
 facet normal -2.674753e-14  9.881048e-01  1.537818e-01
   outer loop
     vertex -1.840000e+02  4.821140e+02 -8.377065e+01
     vertex -1.861000e+02  4.820510e+02 -8.336571e+01
     vertex -1.840000e+02  4.820510e+02 -8.336571e+01
   endloop
 endfacet
 facet normal  0.000000e+00  9.225899e-01  3.857822e-01
   outer loop
     vertex -1.840000e+02  4.822721e+02 -8.414876e+01
     vertex -1.861000e+02  4.822721e+02 -8.414876e+01
     vertex -1.861000e+02  4.821140e+02 -8.377065e+01
   endloop
 endfacet
 facet normal -2.497780e-14  9.225899e-01  3.857822e-01
   outer loop
     vertex -1.840000e+02  4.822721e+02 -8.414876e+01
     vertex -1.861000e+02  4.821140e+02 -8.377065e+01
     vertex -1.840000e+02  4.821140e+02 -8.377065e+01
   endloop
 endfacet
 facet normal  0.000000e+00  6.376309e-01  7.703421e-01
   outer loop
     vertex -1.840000e+02  4.825161e+02 -8.447803e+01
     vertex -1.861000e+02  4.828318e+02 -8.473935e+01
     vertex -1.861000e+02  4.825161e+02 -8.447803e+01
   endloop
 endfacet
 facet normal  0.000000e+00  8.034574e-01  5.953623e-01
   outer loop
     vertex -1.840000e+02  4.825161e+02 -8.447803e+01
     vertex -1.861000e+02  4.825161e+02 -8.447803e+01
     vertex -1.861000e+02  4.822721e+02 -8.414876e+01
   endloop
 endfacet
 facet normal  0.000000e+00  8.034574e-01  5.953623e-01
   outer loop
     vertex -1.840000e+02  4.825161e+02 -8.447803e+01
     vertex -1.861000e+02  4.822721e+02 -8.414876e+01
     vertex -1.840000e+02  4.822721e+02 -8.414876e+01
   endloop
 endfacet
 facet normal -1.725958e-14  6.376309e-01  7.703421e-01
   outer loop
     vertex -1.840000e+02  4.828318e+02 -8.473935e+01
     vertex -1.861000e+02  4.828318e+02 -8.473935e+01
     vertex -1.840000e+02  4.825161e+02 -8.447803e+01
   endloop
 endfacet
 facet normal  0.000000e+00  2.065983e-01  9.784259e-01
   outer loop
     vertex -1.840000e+02  4.832009e+02 -8.491752e+01
     vertex -1.861000e+02  4.836018e+02 -8.500219e+01
     vertex -1.861000e+02  4.832009e+02 -8.491752e+01
   endloop
 endfacet
 facet normal  0.000000e+00  4.347475e-01  9.005524e-01
   outer loop
     vertex -1.840000e+02  4.832009e+02 -8.491752e+01
     vertex -1.861000e+02  4.832009e+02 -8.491752e+01
     vertex -1.861000e+02  4.828318e+02 -8.473935e+01
   endloop
 endfacet
 facet normal -1.175521e-14  4.347475e-01  9.005524e-01
   outer loop
     vertex -1.840000e+02  4.832009e+02 -8.491752e+01
     vertex -1.861000e+02  4.828318e+02 -8.473935e+01
     vertex -1.840000e+02  4.828318e+02 -8.473935e+01
   endloop
 endfacet
 facet normal  6.621080e-15  2.065983e-01  9.784259e-01
   outer loop
     vertex -1.840000e+02  4.836018e+02 -8.500219e+01
     vertex -1.861000e+02  4.836018e+02 -8.500219e+01
     vertex -1.840000e+02  4.832009e+02 -8.491752e+01
   endloop
 endfacet
 facet normal  5.854424e-15  3.355772e-02 -9.994368e-01
   outer loop
     vertex -1.840000e+02  4.902386e+02 -9.332022e+01
     vertex -1.861000e+02  4.906482e+02 -9.330647e+01
     vertex -1.840000e+02  4.906482e+02 -9.330647e+01
   endloop
 endfacet
 facet normal -6.763262e-15  3.355772e-02 -9.994368e-01
   outer loop
     vertex -1.840000e+02  4.902386e+02 -9.332022e+01
     vertex -1.861000e+02  4.902386e+02 -9.332022e+01
     vertex -1.861000e+02  4.906482e+02 -9.330647e+01
   endloop
 endfacet
 facet normal  0.000000e+00  2.717635e-01 -9.623641e-01
   outer loop
     vertex -1.840000e+02  4.898442e+02 -9.343160e+01
     vertex -1.861000e+02  4.898442e+02 -9.343160e+01
     vertex -1.861000e+02  4.902386e+02 -9.332022e+01
   endloop
 endfacet
 facet normal -6.514546e-15  2.717635e-01 -9.623641e-01
   outer loop
     vertex -1.840000e+02  4.898442e+02 -9.343160e+01
     vertex -1.861000e+02  4.902386e+02 -9.332022e+01
     vertex -1.840000e+02  4.902386e+02 -9.332022e+01
   endloop
 endfacet
 facet normal  0.000000e+00  4.941753e-01 -8.693623e-01
   outer loop
     vertex -1.840000e+02  4.894879e+02 -9.363412e+01
     vertex -1.861000e+02  4.894879e+02 -9.363412e+01
     vertex -1.861000e+02  4.898442e+02 -9.343160e+01
   endloop
 endfacet
 facet normal  0.000000e+00  4.941753e-01 -8.693623e-01
   outer loop
     vertex -1.840000e+02  4.894879e+02 -9.363412e+01
     vertex -1.861000e+02  4.898442e+02 -9.343160e+01
     vertex -1.840000e+02  4.898442e+02 -9.343160e+01
   endloop
 endfacet
 facet normal  0.000000e+00  8.415833e-01 -5.401273e-01
   outer loop
     vertex -1.840000e+02  4.891904e+02 -9.391603e+01
     vertex -1.861000e+02  4.889691e+02 -9.426093e+01
     vertex -1.861000e+02  4.891904e+02 -9.391603e+01
   endloop
 endfacet
 facet normal  0.000000e+00  6.878675e-01 -7.258363e-01
   outer loop
     vertex -1.840000e+02  4.891904e+02 -9.391603e+01
     vertex -1.861000e+02  4.891904e+02 -9.391603e+01
     vertex -1.861000e+02  4.894879e+02 -9.363412e+01
   endloop
 endfacet
 facet normal  0.000000e+00  6.878675e-01 -7.258363e-01
   outer loop
     vertex -1.840000e+02  4.891904e+02 -9.391603e+01
     vertex -1.861000e+02  4.894879e+02 -9.363412e+01
     vertex -1.840000e+02  4.894879e+02 -9.363412e+01
   endloop
 endfacet
 facet normal -3.655081e-15  8.415833e-01 -5.401273e-01
   outer loop
     vertex -1.840000e+02  4.889691e+02 -9.426093e+01
     vertex -1.861000e+02  4.889691e+02 -9.426093e+01
     vertex -1.840000e+02  4.891904e+02 -9.391603e+01
   endloop
 endfacet
 facet normal  0.000000e+00  9.961947e-01 -8.715574e-02
   outer loop
     vertex -1.840000e+02  4.888367e+02 -9.464878e+01
     vertex -1.861000e+02  4.888010e+02 -9.505705e+01
     vertex -1.861000e+02  4.888367e+02 -9.464878e+01
   endloop
 endfacet
 facet normal  0.000000e+00  9.463894e-01 -3.230282e-01
   outer loop
     vertex -1.840000e+02  4.888367e+02 -9.464878e+01
     vertex -1.861000e+02  4.888367e+02 -9.464878e+01
     vertex -1.861000e+02  4.889691e+02 -9.426093e+01
   endloop
 endfacet
 facet normal -2.184953e-15  9.463894e-01 -3.230282e-01
   outer loop
     vertex -1.840000e+02  4.888367e+02 -9.464878e+01
     vertex -1.861000e+02  4.889691e+02 -9.426093e+01
     vertex -1.840000e+02  4.889691e+02 -9.426093e+01
   endloop
 endfacet
 facet normal -2.696529e-14  9.961947e-01 -8.715574e-02
   outer loop
     vertex -1.840000e+02  4.888010e+02 -9.505705e+01
     vertex -1.861000e+02  4.888010e+02 -9.505705e+01
     vertex -1.840000e+02  4.888367e+02 -9.464878e+01
   endloop
 endfacet
 facet normal -2.570566e-14  9.881048e-01  1.537818e-01
   outer loop
     vertex -1.840000e+02  4.888640e+02 -9.546200e+01
     vertex -1.861000e+02  4.888640e+02 -9.546200e+01
     vertex -1.861000e+02  4.888010e+02 -9.505705e+01
   endloop
 endfacet
 facet normal -2.674753e-14  9.881048e-01  1.537818e-01
   outer loop
     vertex -1.840000e+02  4.888640e+02 -9.546200e+01
     vertex -1.861000e+02  4.888010e+02 -9.505705e+01
     vertex -1.840000e+02  4.888010e+02 -9.505705e+01
   endloop
 endfacet
 facet normal  2.610616e-15  9.225899e-01  3.857822e-01
   outer loop
     vertex -1.840000e+02  4.890221e+02 -9.584010e+01
     vertex -1.861000e+02  4.890221e+02 -9.584010e+01
     vertex -1.861000e+02  4.888640e+02 -9.546200e+01
   endloop
 endfacet
 facet normal -2.236553e-14  9.225899e-01  3.857822e-01
   outer loop
     vertex -1.840000e+02  4.890221e+02 -9.584010e+01
     vertex -1.861000e+02  4.888640e+02 -9.546200e+01
     vertex -1.840000e+02  4.888640e+02 -9.546200e+01
   endloop
 endfacet
 facet normal  0.000000e+00  6.376309e-01  7.703421e-01
   outer loop
     vertex -1.840000e+02  4.892661e+02 -9.616937e+01
     vertex -1.861000e+02  4.895818e+02 -9.643069e+01
     vertex -1.861000e+02  4.892661e+02 -9.616937e+01
   endloop
 endfacet
 facet normal  0.000000e+00  8.034574e-01  5.953623e-01
   outer loop
     vertex -1.840000e+02  4.892661e+02 -9.616937e+01
     vertex -1.861000e+02  4.892661e+02 -9.616937e+01
     vertex -1.861000e+02  4.890221e+02 -9.584010e+01
   endloop
 endfacet
 facet normal  4.015153e-15  8.034574e-01  5.953623e-01
   outer loop
     vertex -1.840000e+02  4.892661e+02 -9.616937e+01
     vertex -1.861000e+02  4.890221e+02 -9.584010e+01
     vertex -1.840000e+02  4.890221e+02 -9.584010e+01
   endloop
 endfacet
 facet normal -1.725958e-14  6.376309e-01  7.703421e-01
   outer loop
     vertex -1.840000e+02  4.895818e+02 -9.643069e+01
     vertex -1.861000e+02  4.895818e+02 -9.643069e+01
     vertex -1.840000e+02  4.892661e+02 -9.616937e+01
   endloop
 endfacet
 facet normal  0.000000e+00  2.065983e-01  9.784259e-01
   outer loop
     vertex -1.840000e+02  4.899509e+02 -9.660886e+01
     vertex -1.861000e+02  4.903518e+02 -9.669353e+01
     vertex -1.861000e+02  4.899509e+02 -9.660886e+01
   endloop
 endfacet
 facet normal  0.000000e+00  4.347475e-01  9.005524e-01
   outer loop
     vertex -1.840000e+02  4.899509e+02 -9.660886e+01
     vertex -1.861000e+02  4.899509e+02 -9.660886e+01
     vertex -1.861000e+02  4.895818e+02 -9.643069e+01
   endloop
 endfacet
 facet normal -1.175521e-14  4.347475e-01  9.005524e-01
   outer loop
     vertex -1.840000e+02  4.899509e+02 -9.660886e+01
     vertex -1.861000e+02  4.895818e+02 -9.643069e+01
     vertex -1.840000e+02  4.895818e+02 -9.643069e+01
   endloop
 endfacet
 facet normal  6.621080e-15  2.065983e-01  9.784259e-01
   outer loop
     vertex -1.840000e+02  4.903518e+02 -9.669353e+01
     vertex -1.861000e+02  4.903518e+02 -9.669353e+01
     vertex -1.840000e+02  4.899509e+02 -9.660886e+01
   endloop
 endfacet
 facet normal -6.762470e-15  3.355772e-02 -9.994368e-01
   outer loop
     vertex -1.840000e+02  4.834886e+02 -1.050116e+02
     vertex -1.861000e+02  4.838982e+02 -1.049978e+02
     vertex -1.840000e+02  4.838982e+02 -1.049978e+02
   endloop
 endfacet
 facet normal  0.000000e+00  3.355772e-02 -9.994368e-01
   outer loop
     vertex -1.840000e+02  4.834886e+02 -1.050116e+02
     vertex -1.861000e+02  4.834886e+02 -1.050116e+02
     vertex -1.861000e+02  4.838982e+02 -1.049978e+02
   endloop
 endfacet
 facet normal  0.000000e+00  2.717635e-01 -9.623641e-01
   outer loop
     vertex -1.840000e+02  4.830942e+02 -1.051229e+02
     vertex -1.861000e+02  4.830942e+02 -1.051229e+02
     vertex -1.861000e+02  4.834886e+02 -1.050116e+02
   endloop
 endfacet
 facet normal  0.000000e+00  2.717635e-01 -9.623641e-01
   outer loop
     vertex -1.840000e+02  4.830942e+02 -1.051229e+02
     vertex -1.861000e+02  4.834886e+02 -1.050116e+02
     vertex -1.840000e+02  4.834886e+02 -1.050116e+02
   endloop
 endfacet
 facet normal -1.176608e-14  4.941753e-01 -8.693623e-01
   outer loop
     vertex -1.840000e+02  4.827379e+02 -1.053255e+02
     vertex -1.861000e+02  4.827379e+02 -1.053255e+02
     vertex -1.861000e+02  4.830942e+02 -1.051229e+02
   endloop
 endfacet
 facet normal  0.000000e+00  4.941753e-01 -8.693623e-01
   outer loop
     vertex -1.840000e+02  4.827379e+02 -1.053255e+02
     vertex -1.861000e+02  4.830942e+02 -1.051229e+02
     vertex -1.840000e+02  4.830942e+02 -1.051229e+02
   endloop
 endfacet
 facet normal  0.000000e+00  8.415833e-01 -5.401273e-01
   outer loop
     vertex -1.840000e+02  4.824404e+02 -1.056074e+02
     vertex -1.861000e+02  4.822191e+02 -1.059523e+02
     vertex -1.861000e+02  4.824404e+02 -1.056074e+02
   endloop
 endfacet
 facet normal  0.000000e+00  6.878675e-01 -7.258363e-01
   outer loop
     vertex -1.840000e+02  4.824404e+02 -1.056074e+02
     vertex -1.861000e+02  4.824404e+02 -1.056074e+02
     vertex -1.861000e+02  4.827379e+02 -1.053255e+02
   endloop
 endfacet
 facet normal -9.820195e-15  6.878675e-01 -7.258363e-01
   outer loop
     vertex -1.840000e+02  4.824404e+02 -1.056074e+02
     vertex -1.861000e+02  4.827379e+02 -1.053255e+02
     vertex -1.840000e+02  4.827379e+02 -1.053255e+02
   endloop
 endfacet
 facet normal -3.655081e-15  8.415833e-01 -5.401273e-01
   outer loop
     vertex -1.840000e+02  4.822191e+02 -1.059523e+02
     vertex -1.861000e+02  4.822191e+02 -1.059523e+02
     vertex -1.840000e+02  4.824404e+02 -1.056074e+02
   endloop
 endfacet
 facet normal  0.000000e+00  9.961947e-01 -8.715574e-02
   outer loop
     vertex -1.840000e+02  4.820867e+02 -1.063401e+02
     vertex -1.861000e+02  4.820510e+02 -1.067484e+02
     vertex -1.861000e+02  4.820867e+02 -1.063401e+02
   endloop
 endfacet
 facet normal  0.000000e+00  9.463894e-01 -3.230282e-01
   outer loop
     vertex -1.840000e+02  4.820867e+02 -1.063401e+02
     vertex -1.861000e+02  4.820867e+02 -1.063401e+02
     vertex -1.861000e+02  4.822191e+02 -1.059523e+02
   endloop
 endfacet
 facet normal -2.184953e-15  9.463894e-01 -3.230282e-01
   outer loop
     vertex -1.840000e+02  4.820867e+02 -1.063401e+02
     vertex -1.861000e+02  4.822191e+02 -1.059523e+02
     vertex -1.840000e+02  4.822191e+02 -1.059523e+02
   endloop
 endfacet
 facet normal -2.696529e-14  9.961947e-01 -8.715574e-02
   outer loop
     vertex -1.840000e+02  4.820510e+02 -1.067484e+02
     vertex -1.861000e+02  4.820510e+02 -1.067484e+02
     vertex -1.840000e+02  4.820867e+02 -1.063401e+02
   endloop
 endfacet
 facet normal -2.674631e-14  9.881048e-01  1.537818e-01
   outer loop
     vertex -1.840000e+02  4.821140e+02 -1.071533e+02
     vertex -1.861000e+02  4.821140e+02 -1.071533e+02
     vertex -1.861000e+02  4.820510e+02 -1.067484e+02
   endloop
 endfacet
 facet normal -2.674753e-14  9.881048e-01  1.537818e-01
   outer loop
     vertex -1.840000e+02  4.821140e+02 -1.071533e+02
     vertex -1.861000e+02  4.820510e+02 -1.067484e+02
     vertex -1.840000e+02  4.820510e+02 -1.067484e+02
   endloop
 endfacet
 facet normal  0.000000e+00  9.225899e-01  3.857822e-01
   outer loop
     vertex -1.840000e+02  4.822721e+02 -1.075314e+02
     vertex -1.861000e+02  4.822721e+02 -1.075314e+02
     vertex -1.861000e+02  4.821140e+02 -1.071533e+02
   endloop
 endfacet
 facet normal -2.496974e-14  9.225899e-01  3.857822e-01
   outer loop
     vertex -1.840000e+02  4.822721e+02 -1.075314e+02
     vertex -1.861000e+02  4.821140e+02 -1.071533e+02
     vertex -1.840000e+02  4.821140e+02 -1.071533e+02
   endloop
 endfacet
 facet normal  5.212961e-15  6.376309e-01  7.703421e-01
   outer loop
     vertex -1.840000e+02  4.825161e+02 -1.078607e+02
     vertex -1.861000e+02  4.828318e+02 -1.081220e+02
     vertex -1.861000e+02  4.825161e+02 -1.078607e+02
   endloop
 endfacet
 facet normal  4.028860e-15  8.034574e-01  5.953623e-01
   outer loop
     vertex -1.840000e+02  4.825161e+02 -1.078607e+02
     vertex -1.861000e+02  4.825161e+02 -1.078607e+02
     vertex -1.861000e+02  4.822721e+02 -1.075314e+02
   endloop
 endfacet
 facet normal  0.000000e+00  8.034574e-01  5.953623e-01
   outer loop
     vertex -1.840000e+02  4.825161e+02 -1.078607e+02
     vertex -1.861000e+02  4.822721e+02 -1.075314e+02
     vertex -1.840000e+02  4.822721e+02 -1.075314e+02
   endloop
 endfacet
 facet normal -1.725958e-14  6.376309e-01  7.703421e-01
   outer loop
     vertex -1.840000e+02  4.828318e+02 -1.081220e+02
     vertex -1.861000e+02  4.828318e+02 -1.081220e+02
     vertex -1.840000e+02  4.825161e+02 -1.078607e+02
   endloop
 endfacet
 facet normal  0.000000e+00  2.065983e-01  9.784259e-01
   outer loop
     vertex -1.840000e+02  4.832009e+02 -1.083002e+02
     vertex -1.861000e+02  4.836018e+02 -1.083849e+02
     vertex -1.861000e+02  4.832009e+02 -1.083002e+02
   endloop
 endfacet
 facet normal  0.000000e+00  4.347475e-01  9.005524e-01
   outer loop
     vertex -1.840000e+02  4.832009e+02 -1.083002e+02
     vertex -1.861000e+02  4.832009e+02 -1.083002e+02
     vertex -1.861000e+02  4.828318e+02 -1.081220e+02
   endloop
 endfacet
 facet normal -1.177133e-14  4.347475e-01  9.005524e-01
   outer loop
     vertex -1.840000e+02  4.832009e+02 -1.083002e+02
     vertex -1.861000e+02  4.828318e+02 -1.081220e+02
     vertex -1.840000e+02  4.828318e+02 -1.081220e+02
   endloop
 endfacet
 facet normal  0.000000e+00  2.065983e-01  9.784259e-01
   outer loop
     vertex -1.840000e+02  4.836018e+02 -1.083849e+02
     vertex -1.861000e+02  4.836018e+02 -1.083849e+02
     vertex -1.840000e+02  4.832009e+02 -1.083002e+02
   endloop
 endfacet
 facet normal  0.000000e+00  9.878548e-01  1.553799e-01
   outer loop
     vertex -1.840000e+02  4.595532e+02 -9.636372e+01
     vertex -1.833000e+02  4.599770e+02 -9.905804e+01
     vertex -1.840000e+02  4.599770e+02 -9.905804e+01
   endloop
 endfacet
 facet normal -0.000000e+00  9.878548e-01  1.553799e-01
   outer loop
     vertex -1.840000e+02  4.595532e+02 -9.636372e+01
     vertex -1.833000e+02  4.595532e+02 -9.636372e+01
     vertex -1.833000e+02  4.599770e+02 -9.905804e+01
   endloop
 endfacet
 facet normal  0.000000e+00  1.000000e+00 -2.084129e-14
   outer loop
     vertex -1.840000e+02  4.595532e+02 -9.363628e+01
     vertex -1.833000e+02  4.595532e+02 -9.363628e+01
     vertex -1.833000e+02  4.595532e+02 -9.636372e+01
   endloop
 endfacet
 facet normal  0.000000e+00  1.000000e+00 -2.084129e-14
   outer loop
     vertex -1.840000e+02  4.595532e+02 -9.363628e+01
     vertex -1.833000e+02  4.595532e+02 -9.636372e+01
     vertex -1.840000e+02  4.595532e+02 -9.636372e+01
   endloop
 endfacet
 facet normal  0.000000e+00  9.878548e-01 -1.553799e-01
   outer loop
     vertex -1.840000e+02  4.599770e+02 -9.094196e+01
     vertex -1.833000e+02  4.599770e+02 -9.094196e+01
     vertex -1.833000e+02  4.595532e+02 -9.363628e+01
   endloop
 endfacet
 facet normal  0.000000e+00  9.878548e-01 -1.553799e-01
   outer loop
     vertex -1.840000e+02  4.599770e+02 -9.094196e+01
     vertex -1.833000e+02  4.595532e+02 -9.363628e+01
     vertex -1.840000e+02  4.595532e+02 -9.363628e+01
   endloop
 endfacet
 facet normal  1.000000e+00  1.850552e-14 -7.007178e-15
   outer loop
     vertex -1.840000e+02  4.897780e+02 -8.763228e+01
     vertex -1.840000e+02  4.928604e+02 -8.760418e+01
     vertex -1.840000e+02  4.909761e+02 -8.446824e+01
   endloop
 endfacet
 facet normal  1.000000e+00  0.000000e+00 -0.000000e+00
   outer loop
     vertex -1.840000e+02  4.897780e+02 -8.763228e+01
     vertex -1.840000e+02  4.909761e+02 -8.446824e+01
     vertex -1.840000e+02  4.895986e+02 -8.739017e+01
   endloop
 endfacet
 facet normal  1.000000e+00 -0.000000e+00  0.000000e+00
   outer loop
     vertex -1.840000e+02  4.893665e+02 -8.719802e+01
     vertex -1.840000e+02  4.895986e+02 -8.739017e+01
     vertex -1.840000e+02  4.909761e+02 -8.446824e+01
   endloop
 endfacet
 facet normal  1.000000e+00  1.837161e-14  7.682112e-15
   outer loop
     vertex -1.840000e+02  4.898943e+02 -8.791030e+01
     vertex -1.840000e+02  4.928604e+02 -8.760418e+01
     vertex -1.840000e+02  4.897780e+02 -8.763228e+01
   endloop
 endfacet
 facet normal  1.000000e+00 -0.000000e+00  0.000000e+00
   outer loop
     vertex -1.840000e+02  4.890951e+02 -8.706701e+01
     vertex -1.840000e+02  4.893665e+02 -8.719802e+01
     vertex -1.840000e+02  4.909761e+02 -8.446824e+01
   endloop
 endfacet
 facet normal  1.000000e+00  0.000000e+00  0.000000e+00
   outer loop
     vertex -1.840000e+02  4.852279e+02 -8.246856e+01
     vertex -1.840000e+02  4.884810e+02 -8.179258e+01
     vertex -1.840000e+02  4.854842e+02 -7.969416e+01
   endloop
 endfacet
 facet normal  1.000000e+00  0.000000e+00 -0.000000e+00
   outer loop
     vertex -1.840000e+02  4.852279e+02 -8.246856e+01
     vertex -1.840000e+02  4.854842e+02 -7.969416e+01
     vertex -1.840000e+02  4.849839e+02 -8.213928e+01
   endloop
 endfacet
 facet normal  1.000000e+00 -0.000000e+00  0.000000e+00
   outer loop
     vertex -1.840000e+02  4.846682e+02 -8.187797e+01
     vertex -1.840000e+02  4.849839e+02 -8.213928e+01
     vertex -1.840000e+02  4.854842e+02 -7.969416e+01
   endloop
 endfacet
 facet normal  1.000000e+00  1.886148e-14  2.935472e-15
   outer loop
     vertex -1.840000e+02  4.899406e+02 -8.820805e+01
     vertex -1.840000e+02  4.928604e+02 -8.760418e+01
     vertex -1.840000e+02  4.898943e+02 -8.791030e+01
   endloop
 endfacet
 facet normal  1.000000e+00  0.000000e+00 -0.000000e+00
   outer loop
     vertex -1.840000e+02  4.853860e+02 -8.284666e+01
     vertex -1.840000e+02  4.884810e+02 -8.179258e+01
     vertex -1.840000e+02  4.852279e+02 -8.246856e+01
   endloop
 endfacet
 facet normal  1.000000e+00 -0.000000e+00  0.000000e+00
   outer loop
     vertex -1.840000e+02  4.888003e+02 -8.700476e+01
     vertex -1.840000e+02  4.890951e+02 -8.706701e+01
     vertex -1.840000e+02  4.909761e+02 -8.446824e+01
   endloop
 endfacet
 facet normal  1.000000e+00 -0.000000e+00  0.000000e+00
   outer loop
     vertex -1.840000e+02  4.842991e+02 -8.169980e+01
     vertex -1.840000e+02  4.846682e+02 -8.187797e+01
     vertex -1.840000e+02  4.854842e+02 -7.969416e+01
   endloop
 endfacet
 facet normal  1.000000e+00  1.982738e-14 -1.734671e-15
   outer loop
     vertex -1.840000e+02  4.899144e+02 -8.850825e+01
     vertex -1.840000e+02  4.928604e+02 -8.760418e+01
     vertex -1.840000e+02  4.899406e+02 -8.820805e+01
   endloop
 endfacet
 facet normal  1.000000e+00  0.000000e+00 -0.000000e+00
   outer loop
     vertex -1.840000e+02  4.854490e+02 -8.325161e+01
     vertex -1.840000e+02  4.884810e+02 -8.179258e+01
     vertex -1.840000e+02  4.853860e+02 -8.284666e+01
   endloop
 endfacet
 facet normal  1.000000e+00  0.000000e+00 -0.000000e+00
   outer loop
     vertex -1.840000e+02  4.884991e+02 -8.701487e+01
     vertex -1.840000e+02  4.909761e+02 -8.446824e+01
     vertex -1.840000e+02  4.884810e+02 -8.179258e+01
   endloop
 endfacet
 facet normal  1.000000e+00  0.000000e+00  0.000000e+00
   outer loop
     vertex -1.840000e+02  4.884991e+02 -8.701487e+01
     vertex -1.840000e+02  4.888003e+02 -8.700476e+01
     vertex -1.840000e+02  4.909761e+02 -8.446824e+01
   endloop
 endfacet
 facet normal  1.000000e+00 -6.301801e-14  3.723382e-14
   outer loop
     vertex -1.840000e+02  4.838982e+02 -8.161513e+01
     vertex -1.840000e+02  4.842991e+02 -8.169980e+01
     vertex -1.840000e+02  4.854842e+02 -7.969416e+01
   endloop
 endfacet
 facet normal  1.000000e+00  1.363285e-14  1.291049e-14
   outer loop
     vertex -1.840000e+02  4.898170e+02 -8.879343e+01
     vertex -1.840000e+02  4.940515e+02 -9.106336e+01
     vertex -1.840000e+02  4.928604e+02 -8.760418e+01
   endloop
 endfacet
 facet normal  1.000000e+00  2.155259e-14 -7.356479e-15
   outer loop
     vertex -1.840000e+02  4.898170e+02 -8.879343e+01
     vertex -1.840000e+02  4.928604e+02 -8.760418e+01
     vertex -1.840000e+02  4.899144e+02 -8.850825e+01
   endloop
 endfacet
 facet normal  1.000000e+00 -0.000000e+00  0.000000e+00
   outer loop
     vertex -1.840000e+02  4.854133e+02 -8.365987e+01
     vertex -1.840000e+02  4.884991e+02 -8.701487e+01
     vertex -1.840000e+02  4.884810e+02 -8.179258e+01
   endloop
 endfacet
 facet normal  1.000000e+00  0.000000e+00  0.000000e+00
   outer loop
     vertex -1.840000e+02  4.854133e+02 -8.365987e+01
     vertex -1.840000e+02  4.884810e+02 -8.179258e+01
     vertex -1.840000e+02  4.854490e+02 -8.325161e+01
   endloop
 endfacet
 facet normal  1.000000e+00  1.020653e-14  4.162650e-15
   outer loop
     vertex -1.840000e+02  4.834886e+02 -8.162888e+01
     vertex -1.840000e+02  4.854842e+02 -7.969416e+01
     vertex -1.840000e+02  4.821165e+02 -7.826467e+01
   endloop
 endfacet
 facet normal  1.000000e+00  1.432478e-13 -1.330646e-13
   outer loop
     vertex -1.840000e+02  4.834886e+02 -8.162888e+01
     vertex -1.840000e+02  4.838982e+02 -8.161513e+01
     vertex -1.840000e+02  4.854842e+02 -7.969416e+01
   endloop
 endfacet
 facet normal  1.000000e+00  4.993908e-15 -3.205085e-15
   outer loop
     vertex -1.840000e+02  4.896543e+02 -8.904704e+01
     vertex -1.840000e+02  4.940515e+02 -9.106336e+01
     vertex -1.840000e+02  4.898170e+02 -8.879343e+01
   endloop
 endfacet
 facet normal  1.000000e+00  0.000000e+00  0.000000e+00
   outer loop
     vertex -1.840000e+02  4.852809e+02 -8.404773e+01
     vertex -1.840000e+02  4.882091e+02 -8.709676e+01
     vertex -1.840000e+02  4.884991e+02 -8.701487e+01
   endloop
 endfacet
 facet normal  1.000000e+00 -0.000000e+00  0.000000e+00
   outer loop
     vertex -1.840000e+02  4.852809e+02 -8.404773e+01
     vertex -1.840000e+02  4.884991e+02 -8.701487e+01
     vertex -1.840000e+02  4.854133e+02 -8.365987e+01
   endloop
 endfacet
 facet normal  1.000000e+00  0.000000e+00 -0.000000e+00
   outer loop
     vertex -1.840000e+02  4.879471e+02 -8.724568e+01
     vertex -1.840000e+02  4.882091e+02 -8.709676e+01
     vertex -1.840000e+02  4.852809e+02 -8.404773e+01
   endloop
 endfacet
 facet normal  1.000000e+00  0.000000e+00 -0.000000e+00
   outer loop
     vertex -1.840000e+02  4.830942e+02 -8.174025e+01
     vertex -1.840000e+02  4.834886e+02 -8.162888e+01
     vertex -1.840000e+02  4.821165e+02 -7.826467e+01
   endloop
 endfacet
 facet normal  1.000000e+00  0.000000e+00  0.000000e+00
   outer loop
     vertex -1.840000e+02  4.850596e+02 -8.439263e+01
     vertex -1.840000e+02  4.877284e+02 -8.745296e+01
     vertex -1.840000e+02  4.879471e+02 -8.724568e+01
   endloop
 endfacet
 facet normal  1.000000e+00 -0.000000e+00  0.000000e+00
   outer loop
     vertex -1.840000e+02  4.850596e+02 -8.439263e+01
     vertex -1.840000e+02  4.879471e+02 -8.724568e+01
     vertex -1.840000e+02  4.852809e+02 -8.404773e+01
   endloop
 endfacet
 facet normal  1.000000e+00  0.000000e+00 -0.000000e+00
   outer loop
     vertex -1.840000e+02  4.827379e+02 -8.194278e+01
     vertex -1.840000e+02  4.830942e+02 -8.174025e+01
     vertex -1.840000e+02  4.821165e+02 -7.826467e+01
   endloop
 endfacet
 facet normal  1.000000e+00  0.000000e+00  0.000000e+00
   outer loop
     vertex -1.840000e+02  4.847621e+02 -8.467453e+01
     vertex -1.840000e+02  4.875657e+02 -8.770657e+01
     vertex -1.840000e+02  4.877284e+02 -8.745296e+01
   endloop
 endfacet
 facet normal  1.000000e+00 -0.000000e+00  0.000000e+00
   outer loop
     vertex -1.840000e+02  4.847621e+02 -8.467453e+01
     vertex -1.840000e+02  4.877284e+02 -8.745296e+01
     vertex -1.840000e+02  4.850596e+02 -8.439263e+01
   endloop
 endfacet
 facet normal  1.000000e+00  0.000000e+00 -0.000000e+00
   outer loop
     vertex -1.840000e+02  4.824404e+02 -8.222468e+01
     vertex -1.840000e+02  4.827379e+02 -8.194278e+01
     vertex -1.840000e+02  4.821165e+02 -7.826467e+01
   endloop
 endfacet
 facet normal  1.000000e+00  0.000000e+00  0.000000e+00
   outer loop
     vertex -1.840000e+02  4.844058e+02 -8.487706e+01
     vertex -1.840000e+02  4.874683e+02 -8.799175e+01
     vertex -1.840000e+02  4.875657e+02 -8.770657e+01
   endloop
 endfacet
 facet normal  1.000000e+00 -0.000000e+00  0.000000e+00
   outer loop
     vertex -1.840000e+02  4.844058e+02 -8.487706e+01
     vertex -1.840000e+02  4.875657e+02 -8.770657e+01
     vertex -1.840000e+02  4.847621e+02 -8.467453e+01
   endloop
 endfacet
 facet normal  1.000000e+00 -9.877358e-15  6.614241e-15
   outer loop
     vertex -1.840000e+02  4.919779e+02 -9.415990e+01
     vertex -1.840000e+02  4.944973e+02 -9.469458e+01
     vertex -1.840000e+02  4.940515e+02 -9.106336e+01
   endloop
 endfacet
 facet normal  1.000000e+00  0.000000e+00 -0.000000e+00
   outer loop
     vertex -1.840000e+02  4.919779e+02 -9.415990e+01
     vertex -1.840000e+02  4.940515e+02 -9.106336e+01
     vertex -1.840000e+02  4.917339e+02 -9.383063e+01
   endloop
 endfacet
 facet normal  1.000000e+00  1.063378e-13 -8.905666e-14
   outer loop
     vertex -1.840000e+02  4.914182e+02 -9.356931e+01
     vertex -1.840000e+02  4.917339e+02 -9.383063e+01
     vertex -1.840000e+02  4.940515e+02 -9.106336e+01
   endloop
 endfacet
 facet normal  1.000000e+00 -1.237965e-14 -5.176567e-15
   outer loop
     vertex -1.840000e+02  4.921360e+02 -9.453800e+01
     vertex -1.840000e+02  4.944973e+02 -9.469458e+01
     vertex -1.840000e+02  4.919779e+02 -9.415990e+01
   endloop
 endfacet
 facet normal  1.000000e+00  7.265094e-15  1.504919e-14
   outer loop
     vertex -1.840000e+02  4.910491e+02 -9.339114e+01
     vertex -1.840000e+02  4.914182e+02 -9.356931e+01
     vertex -1.840000e+02  4.940515e+02 -9.106336e+01
   endloop
 endfacet
 facet normal  1.000000e+00  1.109765e-14  1.010602e-14
   outer loop
     vertex -1.840000e+02  4.910491e+02 -9.339114e+01
     vertex -1.840000e+02  4.940515e+02 -9.106336e+01
     vertex -1.840000e+02  4.896543e+02 -8.904704e+01
   endloop
 endfacet
 facet normal  1.000000e+00 -1.216190e-14 -1.892794e-15
   outer loop
     vertex -1.840000e+02  4.921990e+02 -9.494295e+01
     vertex -1.840000e+02  4.944973e+02 -9.469458e+01
     vertex -1.840000e+02  4.921360e+02 -9.453800e+01
   endloop
 endfacet
 facet normal  1.000000e+00  1.481974e-15  7.018458e-15
   outer loop
     vertex -1.840000e+02  4.906482e+02 -9.330647e+01
     vertex -1.840000e+02  4.910491e+02 -9.339114e+01
     vertex -1.840000e+02  4.896543e+02 -8.904704e+01
   endloop
 endfacet
 facet normal  1.000000e+00 -5.178471e-15  5.464312e-15
   outer loop
     vertex -1.840000e+02  4.906482e+02 -9.330647e+01
     vertex -1.840000e+02  4.896543e+02 -8.904704e+01
     vertex -1.840000e+02  4.894355e+02 -8.925432e+01
   endloop
 endfacet
 facet normal  1.000000e+00 -1.248448e-14  1.092251e-15
   outer loop
     vertex -1.840000e+02  4.921633e+02 -9.535122e+01
     vertex -1.840000e+02  4.944973e+02 -9.469458e+01
     vertex -1.840000e+02  4.921990e+02 -9.494295e+01
   endloop
 endfacet
 facet normal  1.000000e+00 -2.331633e-16  6.944212e-15
   outer loop
     vertex -1.840000e+02  4.902386e+02 -9.332022e+01
     vertex -1.840000e+02  4.906482e+02 -9.330647e+01
     vertex -1.840000e+02  4.894355e+02 -8.925432e+01
   endloop
 endfacet
 facet normal  1.000000e+00 -3.572438e-15  6.284698e-15
   outer loop
     vertex -1.840000e+02  4.902386e+02 -9.332022e+01
     vertex -1.840000e+02  4.894355e+02 -8.925432e+01
     vertex -1.840000e+02  4.891736e+02 -8.940324e+01
   endloop
 endfacet
 facet normal  1.000000e+00 -1.902931e-15  6.738625e-15
   outer loop
     vertex -1.840000e+02  4.902386e+02 -9.332022e+01
     vertex -1.840000e+02  4.891736e+02 -8.940324e+01
     vertex -1.840000e+02  4.888836e+02 -8.948513e+01
   endloop
 endfacet
 facet normal  1.000000e+00 -1.347075e-14  4.597928e-15
   outer loop
     vertex -1.840000e+02  4.920309e+02 -9.573907e+01
     vertex -1.840000e+02  4.944973e+02 -9.469458e+01
     vertex -1.840000e+02  4.921633e+02 -9.535122e+01
   endloop
 endfacet
 facet normal  1.000000e+00 -1.196696e-14  1.046973e-15
   outer loop
     vertex -1.840000e+02  4.941785e+02 -9.833916e+01
     vertex -1.840000e+02  4.944973e+02 -9.469458e+01
     vertex -1.840000e+02  4.920309e+02 -9.573907e+01
   endloop
 endfacet
 facet normal  1.000000e+00 -1.902931e-15  6.738625e-15
   outer loop
     vertex -1.840000e+02  4.898442e+02 -9.343160e+01
     vertex -1.840000e+02  4.902386e+02 -9.332022e+01
     vertex -1.840000e+02  4.888836e+02 -8.948513e+01
   endloop
 endfacet
 facet normal  1.000000e+00 -2.398524e-16  7.143431e-15
   outer loop
     vertex -1.840000e+02  4.898442e+02 -9.343160e+01
     vertex -1.840000e+02  4.888836e+02 -8.948513e+01
     vertex -1.840000e+02  4.885824e+02 -8.949524e+01
   endloop
 endfacet
 facet normal  1.000000e+00 -7.447511e-15  4.779805e-15
   outer loop
     vertex -1.840000e+02  4.918096e+02 -9.608397e+01
     vertex -1.840000e+02  4.941785e+02 -9.833916e+01
     vertex -1.840000e+02  4.920309e+02 -9.573907e+01
   endloop
 endfacet
 facet normal  1.000000e+00 -3.471702e-15  6.107483e-15
   outer loop
     vertex -1.840000e+02  4.894879e+02 -9.363412e+01
     vertex -1.840000e+02  4.898442e+02 -9.343160e+01
     vertex -1.840000e+02  4.885824e+02 -8.949524e+01
   endloop
 endfacet
 facet normal  1.000000e+00  1.520221e-15  7.199594e-15
   outer loop
     vertex -1.840000e+02  4.894879e+02 -9.363412e+01
     vertex -1.840000e+02  4.885824e+02 -8.949524e+01
     vertex -1.840000e+02  4.882876e+02 -8.943299e+01
   endloop
 endfacet
 facet normal  1.000000e+00 -5.985332e-15  6.315709e-15
   outer loop
     vertex -1.840000e+02  4.915121e+02 -9.636588e+01
     vertex -1.840000e+02  4.941785e+02 -9.833916e+01
     vertex -1.840000e+02  4.918096e+02 -9.608397e+01
   endloop
 endfacet
 facet normal  1.000000e+00  0.000000e+00  0.000000e+00
   outer loop
     vertex -1.840000e+02  4.780867e+02 -8.088228e+01
     vertex -1.840000e+02  4.821165e+02 -7.826467e+01
     vertex -1.840000e+02  4.785252e+02 -7.756659e+01
   endloop
 endfacet
 facet normal  1.000000e+00  0.000000e+00 -0.000000e+00
   outer loop
     vertex -1.840000e+02  4.780867e+02 -8.088228e+01
     vertex -1.840000e+02  4.785252e+02 -7.756659e+01
     vertex -1.840000e+02  4.779073e+02 -8.064017e+01
   endloop
 endfacet
 facet normal  1.000000e+00 -0.000000e+00  0.000000e+00
   outer loop
     vertex -1.840000e+02  4.776752e+02 -8.044802e+01
     vertex -1.840000e+02  4.779073e+02 -8.064017e+01
     vertex -1.840000e+02  4.785252e+02 -7.756659e+01
   endloop
 endfacet
 facet normal  1.000000e+00 -4.630610e-15  8.146253e-15
   outer loop
     vertex -1.840000e+02  4.911558e+02 -9.656840e+01
     vertex -1.840000e+02  4.941785e+02 -9.833916e+01
     vertex -1.840000e+02  4.915121e+02 -9.636588e+01
   endloop
 endfacet
 facet normal  1.000000e+00  0.000000e+00 -0.000000e+00
   outer loop
     vertex -1.840000e+02  4.782030e+02 -8.116030e+01
     vertex -1.840000e+02  4.821165e+02 -7.826467e+01
     vertex -1.840000e+02  4.780867e+02 -8.088228e+01
   endloop
 endfacet
 facet normal  1.000000e+00 -0.000000e+00  0.000000e+00
   outer loop
     vertex -1.840000e+02  4.782030e+02 -8.116030e+01
     vertex -1.840000e+02  4.824404e+02 -8.222468e+01
     vertex -1.840000e+02  4.821165e+02 -7.826467e+01
   endloop
 endfacet
 facet normal  1.000000e+00 -0.000000e+00  0.000000e+00
   outer loop
     vertex -1.840000e+02  4.774038e+02 -8.031701e+01
     vertex -1.840000e+02  4.776752e+02 -8.044802e+01
     vertex -1.840000e+02  4.785252e+02 -7.756659e+01
   endloop
 endfacet
 facet normal  1.000000e+00 -0.000000e+00 -0.000000e+00
   outer loop
     vertex -1.840000e+02  4.782493e+02 -8.145805e+01
     vertex -1.840000e+02  4.824404e+02 -8.222468e+01
     vertex -1.840000e+02  4.782030e+02 -8.116030e+01
   endloop
 endfacet
 facet normal  1.000000e+00  0.000000e+00  0.000000e+00
   outer loop
     vertex -1.840000e+02  4.782493e+02 -8.145805e+01
     vertex -1.840000e+02  4.822191e+02 -8.256959e+01
     vertex -1.840000e+02  4.824404e+02 -8.222468e+01
   endloop
 endfacet
 facet normal  1.000000e+00 -0.000000e+00  0.000000e+00
   outer loop
     vertex -1.840000e+02  4.771089e+02 -8.025476e+01
     vertex -1.840000e+02  4.774038e+02 -8.031701e+01
     vertex -1.840000e+02  4.785252e+02 -7.756659e+01
   endloop
 endfacet
 facet normal  1.000000e+00  9.419031e-14  1.768318e-13
   outer loop
     vertex -1.840000e+02  4.907614e+02 -9.667978e+01
     vertex -1.840000e+02  4.941785e+02 -9.833916e+01
     vertex -1.840000e+02  4.911558e+02 -9.656840e+01
   endloop
 endfacet
 facet normal  1.000000e+00 -0.000000e+00  0.000000e+00
   outer loop
     vertex -1.840000e+02  4.782230e+02 -8.175825e+01
     vertex -1.840000e+02  4.822191e+02 -8.256959e+01
     vertex -1.840000e+02  4.782493e+02 -8.145805e+01
   endloop
 endfacet
 facet normal  1.000000e+00  0.000000e+00  0.000000e+00
   outer loop
     vertex -1.840000e+02  4.782230e+02 -8.175825e+01
     vertex -1.840000e+02  4.820867e+02 -8.295744e+01
     vertex -1.840000e+02  4.822191e+02 -8.256959e+01
   endloop
 endfacet
 facet normal  1.000000e+00  0.000000e+00 -0.000000e+00
   outer loop
     vertex -1.840000e+02  4.768078e+02 -8.026487e+01
     vertex -1.840000e+02  4.785252e+02 -7.756659e+01
     vertex -1.840000e+02  4.751021e+02 -7.760322e+01
   endloop
 endfacet
 facet normal  1.000000e+00  0.000000e+00  0.000000e+00
   outer loop
     vertex -1.840000e+02  4.768078e+02 -8.026487e+01
     vertex -1.840000e+02  4.771089e+02 -8.025476e+01
     vertex -1.840000e+02  4.785252e+02 -7.756659e+01
   endloop
 endfacet
 facet normal  1.000000e+00  0.000000e+00  0.000000e+00
   outer loop
     vertex -1.840000e+02  4.781257e+02 -8.204343e+01
     vertex -1.840000e+02  4.820510e+02 -8.336571e+01
     vertex -1.840000e+02  4.820867e+02 -8.295744e+01
   endloop
 endfacet
 facet normal  1.000000e+00 -0.000000e+00  0.000000e+00
   outer loop
     vertex -1.840000e+02  4.781257e+02 -8.204343e+01
     vertex -1.840000e+02  4.820867e+02 -8.295744e+01
     vertex -1.840000e+02  4.782230e+02 -8.175825e+01
   endloop
 endfacet
 facet normal  1.000000e+00  0.000000e+00 -0.000000e+00
   outer loop
     vertex -1.840000e+02  4.765178e+02 -8.034676e+01
     vertex -1.840000e+02  4.768078e+02 -8.026487e+01
     vertex -1.840000e+02  4.751021e+02 -7.760322e+01
   endloop
 endfacet
 facet normal  1.000000e+00  0.000000e+00  0.000000e+00
   outer loop
     vertex -1.840000e+02  4.779629e+02 -8.229704e+01
     vertex -1.840000e+02  4.821140e+02 -8.377065e+01
     vertex -1.840000e+02  4.820510e+02 -8.336571e+01
   endloop
 endfacet
 facet normal  1.000000e+00 -0.000000e+00  0.000000e+00
   outer loop
     vertex -1.840000e+02  4.779629e+02 -8.229704e+01
     vertex -1.840000e+02  4.820510e+02 -8.336571e+01
     vertex -1.840000e+02  4.781257e+02 -8.204343e+01
   endloop
 endfacet
 facet normal  1.000000e+00  0.000000e+00 -0.000000e+00
   outer loop
     vertex -1.840000e+02  4.762558e+02 -8.049568e+01
     vertex -1.840000e+02  4.765178e+02 -8.034676e+01
     vertex -1.840000e+02  4.751021e+02 -7.760322e+01
   endloop
 endfacet
 facet normal  1.000000e+00 -7.051341e-15  6.169124e-16
   outer loop
     vertex -1.840000e+02  4.833511e+02 -8.898116e+01
     vertex -1.840000e+02  4.874420e+02 -8.829195e+01
     vertex -1.840000e+02  4.874683e+02 -8.799175e+01
   endloop
 endfacet
 facet normal  1.000000e+00 -7.559366e-14  1.250253e-14
   outer loop
     vertex -1.840000e+02  4.833511e+02 -8.898116e+01
     vertex -1.840000e+02  4.844058e+02 -8.487706e+01
     vertex -1.840000e+02  4.840114e+02 -8.498844e+01
   endloop
 endfacet
 facet normal  1.000000e+00  0.000000e+00  0.000000e+00
   outer loop
     vertex -1.840000e+02  4.833511e+02 -8.898116e+01
     vertex -1.840000e+02  4.840114e+02 -8.498844e+01
     vertex -1.840000e+02  4.836018e+02 -8.500219e+01
   endloop
 endfacet
 facet normal  1.000000e+00 -5.583762e-15 -5.490161e-15
   outer loop
     vertex -1.840000e+02  4.833511e+02 -8.898116e+01
     vertex -1.840000e+02  4.874683e+02 -8.799175e+01
     vertex -1.840000e+02  4.844058e+02 -8.487706e+01
   endloop
 endfacet
 facet normal  1.000000e+00 -6.769905e-15 -1.053621e-15
   outer loop
     vertex -1.840000e+02  4.833511e+02 -8.898116e+01
     vertex -1.840000e+02  4.874884e+02 -8.858970e+01
     vertex -1.840000e+02  4.874420e+02 -8.829195e+01
   endloop
 endfacet
 facet normal  1.000000e+00 -7.902258e-15  1.091431e-14
   outer loop
     vertex -1.840000e+02  4.846069e+02 -9.067597e+01
     vertex -1.840000e+02  4.874884e+02 -8.858970e+01
     vertex -1.840000e+02  4.833511e+02 -8.898116e+01
   endloop
 endfacet
 facet normal  1.000000e+00  0.000000e+00  0.000000e+00
   outer loop
     vertex -1.840000e+02  4.846069e+02 -9.067597e+01
     vertex -1.840000e+02  4.880162e+02 -8.930198e+01
     vertex -1.840000e+02  4.877840e+02 -8.910983e+01
   endloop
 endfacet
 facet normal  1.000000e+00  0.000000e+00  0.000000e+00
   outer loop
     vertex -1.840000e+02  4.846069e+02 -9.067597e+01
     vertex -1.840000e+02  4.877840e+02 -8.910983e+01
     vertex -1.840000e+02  4.876046e+02 -8.886772e+01
   endloop
 endfacet
 facet normal  1.000000e+00  0.000000e+00  0.000000e+00
   outer loop
     vertex -1.840000e+02  4.846069e+02 -9.067597e+01
     vertex -1.840000e+02  4.876046e+02 -8.886772e+01
     vertex -1.840000e+02  4.874884e+02 -8.858970e+01
   endloop
 endfacet
 facet normal  1.000000e+00  0.000000e+00 -0.000000e+00
   outer loop
     vertex -1.840000e+02  4.760371e+02 -8.070296e+01
     vertex -1.840000e+02  4.762558e+02 -8.049568e+01
     vertex -1.840000e+02  4.751021e+02 -7.760322e+01
   endloop
 endfacet
 facet normal  1.000000e+00  3.324720e-14 -2.095347e-15
   outer loop
     vertex -1.840000e+02  4.817261e+02 -8.763615e+01
     vertex -1.840000e+02  4.833511e+02 -8.898116e+01
     vertex -1.840000e+02  4.836018e+02 -8.500219e+01
   endloop
 endfacet
 facet normal  1.000000e+00  1.271914e-13 -6.899585e-14
   outer loop
     vertex -1.840000e+02  4.817261e+02 -8.763615e+01
     vertex -1.840000e+02  4.836018e+02 -8.500219e+01
     vertex -1.840000e+02  4.832009e+02 -8.491752e+01
   endloop
 endfacet
 facet normal  1.000000e+00  0.000000e+00  0.000000e+00
   outer loop
     vertex -1.840000e+02  4.817261e+02 -8.763615e+01
     vertex -1.840000e+02  4.832009e+02 -8.491752e+01
     vertex -1.840000e+02  4.828318e+02 -8.473935e+01
   endloop
 endfacet
 facet normal  1.000000e+00  0.000000e+00  0.000000e+00
   outer loop
     vertex -1.840000e+02  4.817261e+02 -8.763615e+01
     vertex -1.840000e+02  4.828318e+02 -8.473935e+01
     vertex -1.840000e+02  4.825161e+02 -8.447803e+01
   endloop
 endfacet
 facet normal  1.000000e+00  0.000000e+00 -0.000000e+00
   outer loop
     vertex -1.840000e+02  4.758743e+02 -8.095657e+01
     vertex -1.840000e+02  4.760371e+02 -8.070296e+01
     vertex -1.840000e+02  4.751021e+02 -7.760322e+01
   endloop
 endfacet
 facet normal  1.000000e+00 -5.710613e-15  5.133638e-15
   outer loop
     vertex -1.840000e+02  4.854207e+02 -9.262207e+01
     vertex -1.840000e+02  4.894879e+02 -9.363412e+01
     vertex -1.840000e+02  4.882876e+02 -8.943299e+01
   endloop
 endfacet
 facet normal  1.000000e+00  0.000000e+00 -0.000000e+00
   outer loop
     vertex -1.840000e+02  4.854207e+02 -9.262207e+01
     vertex -1.840000e+02  4.880162e+02 -8.930198e+01
     vertex -1.840000e+02  4.846069e+02 -9.067597e+01
   endloop
 endfacet
 facet normal  1.000000e+00 -6.178372e-15  3.965273e-15
   outer loop
     vertex -1.840000e+02  4.854207e+02 -9.262207e+01
     vertex -1.840000e+02  4.889691e+02 -9.426093e+01
     vertex -1.840000e+02  4.891904e+02 -9.391603e+01
   endloop
 endfacet
 facet normal  1.000000e+00 -5.534776e-15  5.840284e-15
   outer loop
     vertex -1.840000e+02  4.854207e+02 -9.262207e+01
     vertex -1.840000e+02  4.891904e+02 -9.391603e+01
     vertex -1.840000e+02  4.894879e+02 -9.363412e+01
   endloop
 endfacet
 facet normal  1.000000e+00  0.000000e+00  0.000000e+00
   outer loop
     vertex -1.840000e+02  4.854207e+02 -9.262207e+01
     vertex -1.840000e+02  4.882876e+02 -8.943299e+01
     vertex -1.840000e+02  4.880162e+02 -8.930198e+01
   endloop
 endfacet
 facet normal  1.000000e+00  0.000000e+00 -0.000000e+00
   outer loop
     vertex -1.840000e+02  4.798265e+02 -8.671909e+01
     vertex -1.840000e+02  4.821140e+02 -8.377065e+01
     vertex -1.840000e+02  4.779629e+02 -8.229704e+01
   endloop
 endfacet
 facet normal  1.000000e+00  0.000000e+00  0.000000e+00
   outer loop
     vertex -1.840000e+02  4.798265e+02 -8.671909e+01
     vertex -1.840000e+02  4.779629e+02 -8.229704e+01
     vertex -1.840000e+02  4.777442e+02 -8.250432e+01
   endloop
 endfacet
 facet normal  1.000000e+00 -0.000000e+00  0.000000e+00
   outer loop
     vertex -1.840000e+02  4.798265e+02 -8.671909e+01
     vertex -1.840000e+02  4.817261e+02 -8.763615e+01
     vertex -1.840000e+02  4.825161e+02 -8.447803e+01
   endloop
 endfacet
 facet normal  1.000000e+00  0.000000e+00  0.000000e+00
   outer loop
     vertex -1.840000e+02  4.798265e+02 -8.671909e+01
     vertex -1.840000e+02  4.825161e+02 -8.447803e+01
     vertex -1.840000e+02  4.822721e+02 -8.414876e+01
   endloop
 endfacet
 facet normal  1.000000e+00  0.000000e+00  0.000000e+00
   outer loop
     vertex -1.840000e+02  4.798265e+02 -8.671909e+01
     vertex -1.840000e+02  4.822721e+02 -8.414876e+01
     vertex -1.840000e+02  4.821140e+02 -8.377065e+01
   endloop
 endfacet
 facet normal  1.000000e+00 -1.844364e-15  1.334905e-14
   outer loop
     vertex -1.840000e+02  4.857451e+02 -9.470637e+01
     vertex -1.840000e+02  4.889691e+02 -9.426093e+01
     vertex -1.840000e+02  4.854207e+02 -9.262207e+01
   endloop
 endfacet
 facet normal  1.000000e+00  0.000000e+00  0.000000e+00
   outer loop
     vertex -1.840000e+02  4.857451e+02 -9.470637e+01
     vertex -1.840000e+02  4.888640e+02 -9.546200e+01
     vertex -1.840000e+02  4.888010e+02 -9.505705e+01
   endloop
 endfacet
 facet normal  1.000000e+00 -0.000000e+00  0.000000e+00
   outer loop
     vertex -1.840000e+02  4.857451e+02 -9.470637e+01
     vertex -1.840000e+02  4.888010e+02 -9.505705e+01
     vertex -1.840000e+02  4.888367e+02 -9.464878e+01
   endloop
 endfacet
 facet normal  1.000000e+00  0.000000e+00  0.000000e+00
   outer loop
     vertex -1.840000e+02  4.857451e+02 -9.470637e+01
     vertex -1.840000e+02  4.888367e+02 -9.464878e+01
     vertex -1.840000e+02  4.889691e+02 -9.426093e+01
   endloop
 endfacet
 facet normal  1.000000e+00  5.653224e-15 -1.929597e-15
   outer loop
     vertex -1.840000e+02  4.717517e+02 -7.830554e+01
     vertex -1.840000e+02  4.757770e+02 -8.124175e+01
     vertex -1.840000e+02  4.758743e+02 -8.095657e+01
   endloop
 endfacet
 facet normal  1.000000e+00  8.092278e-15  1.863426e-15
   outer loop
     vertex -1.840000e+02  4.717517e+02 -7.830554e+01
     vertex -1.840000e+02  4.758743e+02 -8.095657e+01
     vertex -1.840000e+02  4.751021e+02 -7.760322e+01
   endloop
 endfacet
 facet normal  1.000000e+00  0.000000e+00  0.000000e+00
   outer loop
     vertex -1.840000e+02  4.777626e+02 -8.628330e+01
     vertex -1.840000e+02  4.777442e+02 -8.250432e+01
     vertex -1.840000e+02  4.774822e+02 -8.265324e+01
   endloop
 endfacet
 facet normal  1.000000e+00  0.000000e+00  0.000000e+00
   outer loop
     vertex -1.840000e+02  4.777626e+02 -8.628330e+01
     vertex -1.840000e+02  4.774822e+02 -8.265324e+01
     vertex -1.840000e+02  4.771922e+02 -8.273513e+01
   endloop
 endfacet
 facet normal  1.000000e+00  0.000000e+00  0.000000e+00
   outer loop
     vertex -1.840000e+02  4.777626e+02 -8.628330e+01
     vertex -1.840000e+02  4.771922e+02 -8.273513e+01
     vertex -1.840000e+02  4.768911e+02 -8.274524e+01
   endloop
 endfacet
 facet normal  1.000000e+00 -0.000000e+00 -0.000000e+00
   outer loop
     vertex -1.840000e+02  4.777626e+02 -8.628330e+01
     vertex -1.840000e+02  4.798265e+02 -8.671909e+01
     vertex -1.840000e+02  4.777442e+02 -8.250432e+01
   endloop
 endfacet
 facet normal  1.000000e+00  7.334028e-15 -2.025453e-15
   outer loop
     vertex -1.840000e+02  4.895986e+02 -1.008902e+02
     vertex -1.840000e+02  4.941785e+02 -9.833916e+01
     vertex -1.840000e+02  4.907614e+02 -9.667978e+01
   endloop
 endfacet
 facet normal  1.000000e+00  1.441203e-14 -1.252985e-14
   outer loop
     vertex -1.840000e+02  4.897780e+02 -1.011323e+02
     vertex -1.840000e+02  4.931088e+02 -1.018378e+02
     vertex -1.840000e+02  4.941785e+02 -9.833916e+01
   endloop
 endfacet
 facet normal  1.000000e+00  4.392753e-15  3.255032e-15
   outer loop
     vertex -1.840000e+02  4.897780e+02 -1.011323e+02
     vertex -1.840000e+02  4.941785e+02 -9.833916e+01
     vertex -1.840000e+02  4.895986e+02 -1.008902e+02
   endloop
 endfacet
 facet normal  1.000000e+00 -0.000000e+00  0.000000e+00
   outer loop
     vertex -1.840000e+02  4.893665e+02 -1.006980e+02
     vertex -1.840000e+02  4.895986e+02 -1.008902e+02
     vertex -1.840000e+02  4.907614e+02 -9.667978e+01
   endloop
 endfacet
 facet normal  1.000000e+00  0.000000e+00  0.000000e+00
   outer loop
     vertex -1.840000e+02  4.893665e+02 -1.006980e+02
     vertex -1.840000e+02  4.907614e+02 -9.667978e+01
     vertex -1.840000e+02  4.903518e+02 -9.669353e+01
   endloop
 endfacet
 facet normal  1.000000e+00  1.872450e-14  7.829675e-15
   outer loop
     vertex -1.840000e+02  4.898943e+02 -1.014103e+02
     vertex -1.840000e+02  4.931088e+02 -1.018378e+02
     vertex -1.840000e+02  4.897780e+02 -1.011323e+02
   endloop
 endfacet
 facet normal  1.000000e+00  0.000000e+00  0.000000e+00
   outer loop
     vertex -1.840000e+02  4.890951e+02 -1.005670e+02
     vertex -1.840000e+02  4.903518e+02 -9.669353e+01
     vertex -1.840000e+02  4.899509e+02 -9.660886e+01
   endloop
 endfacet
 facet normal  1.000000e+00 -0.000000e+00  0.000000e+00
   outer loop
     vertex -1.840000e+02  4.890951e+02 -1.005670e+02
     vertex -1.840000e+02  4.893665e+02 -1.006980e+02
     vertex -1.840000e+02  4.903518e+02 -9.669353e+01
   endloop
 endfacet
 facet normal  1.000000e+00  1.805697e-14  2.810263e-15
   outer loop
     vertex -1.840000e+02  4.899406e+02 -1.017081e+02
     vertex -1.840000e+02  4.931088e+02 -1.018378e+02
     vertex -1.840000e+02  4.898943e+02 -1.014103e+02
   endloop
 endfacet
 facet normal  1.000000e+00 -0.000000e+00  0.000000e+00
   outer loop
     vertex -1.840000e+02  4.888003e+02 -1.005048e+02
     vertex -1.840000e+02  4.890951e+02 -1.005670e+02
     vertex -1.840000e+02  4.899509e+02 -9.660886e+01
   endloop
 endfacet
 facet normal  1.000000e+00  0.000000e+00  0.000000e+00
   outer loop
     vertex -1.840000e+02  4.888003e+02 -1.005048e+02
     vertex -1.840000e+02  4.899509e+02 -9.660886e+01
     vertex -1.840000e+02  4.895818e+02 -9.643069e+01
   endloop
 endfacet
 facet normal  1.000000e+00  0.000000e+00  0.000000e+00
   outer loop
     vertex -1.840000e+02  4.855612e+02 -9.680773e+01
     vertex -1.840000e+02  4.892661e+02 -9.616937e+01
     vertex -1.840000e+02  4.890221e+02 -9.584010e+01
   endloop
 endfacet
 facet normal  1.000000e+00  0.000000e+00  0.000000e+00
   outer loop
     vertex -1.840000e+02  4.855612e+02 -9.680773e+01
     vertex -1.840000e+02  4.890221e+02 -9.584010e+01
     vertex -1.840000e+02  4.888640e+02 -9.546200e+01
   endloop
 endfacet
 facet normal  1.000000e+00  0.000000e+00  0.000000e+00
   outer loop
     vertex -1.840000e+02  4.855612e+02 -9.680773e+01
     vertex -1.840000e+02  4.888640e+02 -9.546200e+01
     vertex -1.840000e+02  4.857451e+02 -9.470637e+01
   endloop
 endfacet
 facet normal  1.000000e+00  1.787784e-14 -1.564108e-15
   outer loop
     vertex -1.840000e+02  4.899144e+02 -1.020082e+02
     vertex -1.840000e+02  4.931088e+02 -1.018378e+02
     vertex -1.840000e+02  4.899406e+02 -1.017081e+02
   endloop
 endfacet
 facet normal  1.000000e+00  0.000000e+00  0.000000e+00
   outer loop
     vertex -1.840000e+02  4.884991e+02 -1.005149e+02
     vertex -1.840000e+02  4.895818e+02 -9.643069e+01
     vertex -1.840000e+02  4.892661e+02 -9.616937e+01
   endloop
 endfacet
 facet normal  1.000000e+00  0.000000e+00  0.000000e+00
   outer loop
     vertex -1.840000e+02  4.884991e+02 -1.005149e+02
     vertex -1.840000e+02  4.888003e+02 -1.005048e+02
     vertex -1.840000e+02  4.895818e+02 -9.643069e+01
   endloop
 endfacet
 facet normal  1.000000e+00  0.000000e+00 -0.000000e+00
   outer loop
     vertex -1.840000e+02  4.884991e+02 -1.005149e+02
     vertex -1.840000e+02  4.892661e+02 -9.616937e+01
     vertex -1.840000e+02  4.855612e+02 -9.680773e+01
   endloop
 endfacet
 facet normal  1.000000e+00  1.812448e-14 -6.186371e-15
   outer loop
     vertex -1.840000e+02  4.898170e+02 -1.022934e+02
     vertex -1.840000e+02  4.931088e+02 -1.018378e+02
     vertex -1.840000e+02  4.899144e+02 -1.020082e+02
   endloop
 endfacet
 facet normal  1.000000e+00  0.000000e+00 -0.000000e+00
   outer loop
     vertex -1.840000e+02  4.882091e+02 -1.005968e+02
     vertex -1.840000e+02  4.884991e+02 -1.005149e+02
     vertex -1.840000e+02  4.855612e+02 -9.680773e+01
   endloop
 endfacet
 facet normal  1.000000e+00  1.733389e-14 -1.112488e-14
   outer loop
     vertex -1.840000e+02  4.913352e+02 -1.050376e+02
     vertex -1.840000e+02  4.898170e+02 -1.022934e+02
     vertex -1.840000e+02  4.896543e+02 -1.025470e+02
   endloop
 endfacet
 facet normal  1.000000e+00  1.319206e-14 -1.392023e-14
   outer loop
     vertex -1.840000e+02  4.913352e+02 -1.050376e+02
     vertex -1.840000e+02  4.896543e+02 -1.025470e+02
     vertex -1.840000e+02  4.894355e+02 -1.027543e+02
   endloop
 endfacet
 facet normal  1.000000e+00  1.870319e-14 -1.036735e-14
   outer loop
     vertex -1.840000e+02  4.913352e+02 -1.050376e+02
     vertex -1.840000e+02  4.931088e+02 -1.018378e+02
     vertex -1.840000e+02  4.898170e+02 -1.022934e+02
   endloop
 endfacet
 facet normal  1.000000e+00  0.000000e+00  0.000000e+00
   outer loop
     vertex -1.840000e+02  4.756544e+02 -8.635408e+01
     vertex -1.840000e+02  4.768911e+02 -8.274524e+01
     vertex -1.840000e+02  4.765962e+02 -8.268299e+01
   endloop
 endfacet
 facet normal  1.000000e+00  0.000000e+00  0.000000e+00
   outer loop
     vertex -1.840000e+02  4.756544e+02 -8.635408e+01
     vertex -1.840000e+02  4.765962e+02 -8.268299e+01
     vertex -1.840000e+02  4.763248e+02 -8.255198e+01
   endloop
 endfacet
 facet normal  1.000000e+00  0.000000e+00  0.000000e+00
   outer loop
     vertex -1.840000e+02  4.756544e+02 -8.635408e+01
     vertex -1.840000e+02  4.763248e+02 -8.255198e+01
     vertex -1.840000e+02  4.760927e+02 -8.235983e+01
   endloop
 endfacet
 facet normal  1.000000e+00  0.000000e+00  0.000000e+00
   outer loop
     vertex -1.840000e+02  4.756544e+02 -8.635408e+01
     vertex -1.840000e+02  4.777626e+02 -8.628330e+01
     vertex -1.840000e+02  4.768911e+02 -8.274524e+01
   endloop
 endfacet
 facet normal  1.000000e+00  9.607807e-15 -1.690223e-14
   outer loop
     vertex -1.840000e+02  4.891736e+02 -1.029032e+02
     vertex -1.840000e+02  4.913352e+02 -1.050376e+02
     vertex -1.840000e+02  4.894355e+02 -1.027543e+02
   endloop
 endfacet
 facet normal  1.000000e+00  6.718498e-15 -4.691881e-16
   outer loop
     vertex -1.840000e+02  4.714839e+02 -8.213928e+01
     vertex -1.840000e+02  4.757770e+02 -8.124175e+01
     vertex -1.840000e+02  4.717517e+02 -7.830554e+01
   endloop
 endfacet
 facet normal  1.000000e+00  7.210484e-15 -6.308356e-16
   outer loop
     vertex -1.840000e+02  4.717279e+02 -8.246856e+01
     vertex -1.840000e+02  4.757507e+02 -8.154195e+01
     vertex -1.840000e+02  4.757770e+02 -8.124175e+01
   endloop
 endfacet
 facet normal  1.000000e+00  5.732360e-15  4.247682e-15
   outer loop
     vertex -1.840000e+02  4.717279e+02 -8.246856e+01
     vertex -1.840000e+02  4.757770e+02 -8.124175e+01
     vertex -1.840000e+02  4.714839e+02 -8.213928e+01
   endloop
 endfacet
 facet normal  1.000000e+00  5.848260e-15 -2.070976e-14
   outer loop
     vertex -1.840000e+02  4.888836e+02 -1.029851e+02
     vertex -1.840000e+02  4.913352e+02 -1.050376e+02
     vertex -1.840000e+02  4.891736e+02 -1.029032e+02
   endloop
 endfacet
 facet normal  1.000000e+00 -0.000000e+00  0.000000e+00
   outer loop
     vertex -1.840000e+02  4.711682e+02 -8.187797e+01
     vertex -1.840000e+02  4.714839e+02 -8.213928e+01
     vertex -1.840000e+02  4.717517e+02 -7.830554e+01
   endloop
 endfacet
 facet normal  1.000000e+00  6.987098e-15  1.087424e-15
   outer loop
     vertex -1.840000e+02  4.718860e+02 -8.284666e+01
     vertex -1.840000e+02  4.757970e+02 -8.183970e+01
     vertex -1.840000e+02  4.757507e+02 -8.154195e+01
   endloop
 endfacet
 facet normal  1.000000e+00  6.444464e-15  2.694761e-15
   outer loop
     vertex -1.840000e+02  4.718860e+02 -8.284666e+01
     vertex -1.840000e+02  4.757507e+02 -8.154195e+01
     vertex -1.840000e+02  4.717279e+02 -8.246856e+01
   endloop
 endfacet
 facet normal  1.000000e+00 -0.000000e+00  0.000000e+00
   outer loop
     vertex -1.840000e+02  4.707991e+02 -8.169980e+01
     vertex -1.840000e+02  4.711682e+02 -8.187797e+01
     vertex -1.840000e+02  4.717517e+02 -7.830554e+01
   endloop
 endfacet
 facet normal  1.000000e+00  5.915684e-15  4.383524e-15
   outer loop
     vertex -1.840000e+02  4.719490e+02 -8.325161e+01
     vertex -1.840000e+02  4.760927e+02 -8.235983e+01
     vertex -1.840000e+02  4.759133e+02 -8.211772e+01
   endloop
 endfacet
 facet normal  1.000000e+00  6.403605e-15  2.677676e-15
   outer loop
     vertex -1.840000e+02  4.719490e+02 -8.325161e+01
     vertex -1.840000e+02  4.759133e+02 -8.211772e+01
     vertex -1.840000e+02  4.757970e+02 -8.183970e+01
   endloop
 endfacet
 facet normal  1.000000e+00  6.987098e-15  1.087424e-15
   outer loop
     vertex -1.840000e+02  4.719490e+02 -8.325161e+01
     vertex -1.840000e+02  4.757970e+02 -8.183970e+01
     vertex -1.840000e+02  4.718860e+02 -8.284666e+01
   endloop
 endfacet
 facet normal  1.000000e+00  0.000000e+00  0.000000e+00
   outer loop
     vertex -1.840000e+02  4.848798e+02 -9.880404e+01
     vertex -1.840000e+02  4.875657e+02 -1.012066e+02
     vertex -1.840000e+02  4.877284e+02 -1.009530e+02
   endloop
 endfacet
 facet normal  1.000000e+00  0.000000e+00  0.000000e+00
   outer loop
     vertex -1.840000e+02  4.848798e+02 -9.880404e+01
     vertex -1.840000e+02  4.877284e+02 -1.009530e+02
     vertex -1.840000e+02  4.879471e+02 -1.007457e+02
   endloop
 endfacet
 facet normal  1.000000e+00  0.000000e+00  0.000000e+00
   outer loop
     vertex -1.840000e+02  4.848798e+02 -9.880404e+01
     vertex -1.840000e+02  4.879471e+02 -1.007457e+02
     vertex -1.840000e+02  4.882091e+02 -1.005968e+02
   endloop
 endfacet
 facet normal  1.000000e+00 -0.000000e+00  0.000000e+00
   outer loop
     vertex -1.840000e+02  4.848798e+02 -9.880404e+01
     vertex -1.840000e+02  4.882091e+02 -1.005968e+02
     vertex -1.840000e+02  4.855612e+02 -9.680773e+01
   endloop
 endfacet
 facet normal  1.000000e+00 -0.000000e+00  0.000000e+00
   outer loop
     vertex -1.840000e+02  4.703982e+02 -8.161513e+01
     vertex -1.840000e+02  4.707991e+02 -8.169980e+01
     vertex -1.840000e+02  4.717517e+02 -7.830554e+01
   endloop
 endfacet
 facet normal  1.000000e+00 -0.000000e+00  0.000000e+00
   outer loop
     vertex -1.840000e+02  4.686020e+02 -7.964670e+01
     vertex -1.840000e+02  4.703982e+02 -8.161513e+01
     vertex -1.840000e+02  4.717517e+02 -7.830554e+01
   endloop
 endfacet
 facet normal  1.000000e+00  7.040784e-15 -7.725973e-16
   outer loop
     vertex -1.840000e+02  4.719133e+02 -8.365987e+01
     vertex -1.840000e+02  4.756544e+02 -8.635408e+01
     vertex -1.840000e+02  4.760927e+02 -8.235983e+01
   endloop
 endfacet
 facet normal  1.000000e+00  6.990706e-15 -6.116076e-16
   outer loop
     vertex -1.840000e+02  4.719133e+02 -8.365987e+01
     vertex -1.840000e+02  4.760927e+02 -8.235983e+01
     vertex -1.840000e+02  4.719490e+02 -8.325161e+01
   endloop
 endfacet
 facet normal  1.000000e+00  0.000000e+00 -0.000000e+00
   outer loop
     vertex -1.840000e+02  4.699886e+02 -8.162888e+01
     vertex -1.840000e+02  4.703982e+02 -8.161513e+01
     vertex -1.840000e+02  4.686020e+02 -7.964670e+01
   endloop
 endfacet
 facet normal  1.000000e+00  6.098175e-15 -2.081471e-15
   outer loop
     vertex -1.840000e+02  4.717809e+02 -8.404773e+01
     vertex -1.840000e+02  4.756544e+02 -8.635408e+01
     vertex -1.840000e+02  4.719133e+02 -8.365987e+01
   endloop
 endfacet
 facet normal  1.000000e+00  0.000000e+00 -0.000000e+00
   outer loop
     vertex -1.840000e+02  4.695942e+02 -8.174025e+01
     vertex -1.840000e+02  4.699886e+02 -8.162888e+01
     vertex -1.840000e+02  4.686020e+02 -7.964670e+01
   endloop
 endfacet
 facet normal  1.000000e+00  1.539805e-14 -9.882454e-15
   outer loop
     vertex -1.840000e+02  4.736244e+02 -8.692734e+01
     vertex -1.840000e+02  4.717809e+02 -8.404773e+01
     vertex -1.840000e+02  4.715596e+02 -8.439263e+01
   endloop
 endfacet
 facet normal  1.000000e+00 -7.136311e-15 -2.430849e-14
   outer loop
     vertex -1.840000e+02  4.736244e+02 -8.692734e+01
     vertex -1.840000e+02  4.756544e+02 -8.635408e+01
     vertex -1.840000e+02  4.717809e+02 -8.404773e+01
   endloop
 endfacet
 facet normal  1.000000e+00  0.000000e+00 -0.000000e+00
   outer loop
     vertex -1.840000e+02  4.692379e+02 -8.194278e+01
     vertex -1.840000e+02  4.695942e+02 -8.174025e+01
     vertex -1.840000e+02  4.686020e+02 -7.964670e+01
   endloop
 endfacet
 facet normal  1.000000e+00  1.199369e-14 -1.265572e-14
   outer loop
     vertex -1.840000e+02  4.712621e+02 -8.467453e+01
     vertex -1.840000e+02  4.736244e+02 -8.692734e+01
     vertex -1.840000e+02  4.715596e+02 -8.439263e+01
   endloop
 endfacet
 facet normal  1.000000e+00  0.000000e+00 -0.000000e+00
   outer loop
     vertex -1.840000e+02  4.689404e+02 -8.222468e+01
     vertex -1.840000e+02  4.692379e+02 -8.194278e+01
     vertex -1.840000e+02  4.686020e+02 -7.964670e+01
   endloop
 endfacet
 facet normal  1.000000e+00 -8.090850e-15 -1.259204e-15
   outer loop
     vertex -1.840000e+02  4.837405e+02 -1.005793e+02
     vertex -1.840000e+02  4.874884e+02 -1.020897e+02
     vertex -1.840000e+02  4.874420e+02 -1.017919e+02
   endloop
 endfacet
 facet normal  1.000000e+00 -7.464371e-15  6.530479e-16
   outer loop
     vertex -1.840000e+02  4.837405e+02 -1.005793e+02
     vertex -1.840000e+02  4.874420e+02 -1.017919e+02
     vertex -1.840000e+02  4.874683e+02 -1.014918e+02
   endloop
 endfacet
 facet normal  1.000000e+00 -7.036344e-15  2.401694e-15
   outer loop
     vertex -1.840000e+02  4.837405e+02 -1.005793e+02
     vertex -1.840000e+02  4.874683e+02 -1.014918e+02
     vertex -1.840000e+02  4.875657e+02 -1.012066e+02
   endloop
 endfacet
 facet normal  1.000000e+00 -9.098161e-15 -1.017097e-14
   outer loop
     vertex -1.840000e+02  4.837405e+02 -1.005793e+02
     vertex -1.840000e+02  4.875657e+02 -1.012066e+02
     vertex -1.840000e+02  4.848798e+02 -9.880404e+01
   endloop
 endfacet
 facet normal  1.000000e+00  2.339550e-14  2.498262e-16
   outer loop
     vertex -1.840000e+02  4.889350e+02 -1.077987e+02
     vertex -1.840000e+02  4.913352e+02 -1.050376e+02
     vertex -1.840000e+02  4.888836e+02 -1.029851e+02
   endloop
 endfacet
 facet normal  1.000000e+00  0.000000e+00  0.000000e+00
   outer loop
     vertex -1.840000e+02  4.889350e+02 -1.077987e+02
     vertex -1.840000e+02  4.888836e+02 -1.029851e+02
     vertex -1.840000e+02  4.885824e+02 -1.029952e+02
   endloop
 endfacet
 facet normal  1.000000e+00  0.000000e+00  0.000000e+00
   outer loop
     vertex -1.840000e+02  4.889350e+02 -1.077987e+02
     vertex -1.840000e+02  4.885824e+02 -1.029952e+02
     vertex -1.840000e+02  4.882876e+02 -1.029330e+02
   endloop
 endfacet
 facet normal  1.000000e+00  0.000000e+00  0.000000e+00
   outer loop
     vertex -1.840000e+02  4.717906e+02 -8.796975e+01
     vertex -1.840000e+02  4.712621e+02 -8.467453e+01
     vertex -1.840000e+02  4.709058e+02 -8.487706e+01
   endloop
 endfacet
 facet normal  1.000000e+00  0.000000e+00  0.000000e+00
   outer loop
     vertex -1.840000e+02  4.717906e+02 -8.796975e+01
     vertex -1.840000e+02  4.709058e+02 -8.487706e+01
     vertex -1.840000e+02  4.705114e+02 -8.498844e+01
   endloop
 endfacet
 facet normal  1.000000e+00  0.000000e+00  0.000000e+00
   outer loop
     vertex -1.840000e+02  4.717906e+02 -8.796975e+01
     vertex -1.840000e+02  4.705114e+02 -8.498844e+01
     vertex -1.840000e+02  4.701018e+02 -8.500219e+01
   endloop
 endfacet
 facet normal  1.000000e+00  2.840750e-14  4.555805e-15
   outer loop
     vertex -1.840000e+02  4.717906e+02 -8.796975e+01
     vertex -1.840000e+02  4.736244e+02 -8.692734e+01
     vertex -1.840000e+02  4.712621e+02 -8.467453e+01
   endloop
 endfacet
 facet normal  1.000000e+00  0.000000e+00  0.000000e+00
   outer loop
     vertex -1.840000e+02  4.657737e+02 -8.157537e+01
     vertex -1.840000e+02  4.686140e+02 -8.377065e+01
     vertex -1.840000e+02  4.685510e+02 -8.336571e+01
   endloop
 endfacet
 facet normal  1.000000e+00  0.000000e+00  0.000000e+00
   outer loop
     vertex -1.840000e+02  4.657737e+02 -8.157537e+01
     vertex -1.840000e+02  4.685510e+02 -8.336571e+01
     vertex -1.840000e+02  4.685867e+02 -8.295744e+01
   endloop
 endfacet
 facet normal  1.000000e+00  0.000000e+00  0.000000e+00
   outer loop
     vertex -1.840000e+02  4.657737e+02 -8.157537e+01
     vertex -1.840000e+02  4.685867e+02 -8.295744e+01
     vertex -1.840000e+02  4.687191e+02 -8.256959e+01
   endloop
 endfacet
 facet normal  1.000000e+00  0.000000e+00  0.000000e+00
   outer loop
     vertex -1.840000e+02  4.657737e+02 -8.157537e+01
     vertex -1.840000e+02  4.687191e+02 -8.256959e+01
     vertex -1.840000e+02  4.689404e+02 -8.222468e+01
   endloop
 endfacet
 facet normal  1.000000e+00 -0.000000e+00  0.000000e+00
   outer loop
     vertex -1.840000e+02  4.657737e+02 -8.157537e+01
     vertex -1.840000e+02  4.689404e+02 -8.222468e+01
     vertex -1.840000e+02  4.686020e+02 -7.964670e+01
   endloop
 endfacet
 facet normal  1.000000e+00  0.000000e+00  0.000000e+00
   outer loop
     vertex -1.840000e+02  4.849839e+02 -1.055220e+02
     vertex -1.840000e+02  4.880162e+02 -1.028020e+02
     vertex -1.840000e+02  4.877840e+02 -1.026098e+02
   endloop
 endfacet
 facet normal  1.000000e+00  0.000000e+00  0.000000e+00
   outer loop
     vertex -1.840000e+02  4.852279e+02 -1.058512e+02
     vertex -1.840000e+02  4.882876e+02 -1.029330e+02
     vertex -1.840000e+02  4.880162e+02 -1.028020e+02
   endloop
 endfacet
 facet normal  1.000000e+00  0.000000e+00 -0.000000e+00
   outer loop
     vertex -1.840000e+02  4.852279e+02 -1.058512e+02
     vertex -1.840000e+02  4.880162e+02 -1.028020e+02
     vertex -1.840000e+02  4.849839e+02 -1.055220e+02
   endloop
 endfacet
 facet normal  1.000000e+00  0.000000e+00  0.000000e+00
   outer loop
     vertex -1.840000e+02  4.846682e+02 -1.052607e+02
     vertex -1.840000e+02  4.877840e+02 -1.026098e+02
     vertex -1.840000e+02  4.876046e+02 -1.023677e+02
   endloop
 endfacet
 facet normal  1.000000e+00 -0.000000e+00  0.000000e+00
   outer loop
     vertex -1.840000e+02  4.846682e+02 -1.052607e+02
     vertex -1.840000e+02  4.849839e+02 -1.055220e+02
     vertex -1.840000e+02  4.877840e+02 -1.026098e+02
   endloop
 endfacet
 facet normal  1.000000e+00 -0.000000e+00  0.000000e+00
   outer loop
     vertex -1.840000e+02  4.853860e+02 -1.062293e+02
     vertex -1.840000e+02  4.889350e+02 -1.077987e+02
     vertex -1.840000e+02  4.882876e+02 -1.029330e+02
   endloop
 endfacet
 facet normal  1.000000e+00  0.000000e+00 -0.000000e+00
   outer loop
     vertex -1.840000e+02  4.853860e+02 -1.062293e+02
     vertex -1.840000e+02  4.882876e+02 -1.029330e+02
     vertex -1.840000e+02  4.852279e+02 -1.058512e+02
   endloop
 endfacet
 facet normal  1.000000e+00 -5.305049e-15  5.653303e-15
   outer loop
     vertex -1.840000e+02  4.842991e+02 -1.050825e+02
     vertex -1.840000e+02  4.874884e+02 -1.020897e+02
     vertex -1.840000e+02  4.837405e+02 -1.005793e+02
   endloop
 endfacet
 facet normal  1.000000e+00  0.000000e+00  0.000000e+00
   outer loop
     vertex -1.840000e+02  4.842991e+02 -1.050825e+02
     vertex -1.840000e+02  4.876046e+02 -1.023677e+02
     vertex -1.840000e+02  4.874884e+02 -1.020897e+02
   endloop
 endfacet
 facet normal  1.000000e+00 -0.000000e+00  0.000000e+00
   outer loop
     vertex -1.840000e+02  4.842991e+02 -1.050825e+02
     vertex -1.840000e+02  4.846682e+02 -1.052607e+02
     vertex -1.840000e+02  4.876046e+02 -1.023677e+02
   endloop
 endfacet
 facet normal  1.000000e+00 -0.000000e+00 -0.000000e+00
   outer loop
     vertex -1.840000e+02  4.854490e+02 -1.066343e+02
     vertex -1.840000e+02  4.889350e+02 -1.077987e+02
     vertex -1.840000e+02  4.853860e+02 -1.062293e+02
   endloop
 endfacet
 facet normal  1.000000e+00  0.000000e+00  0.000000e+00
   outer loop
     vertex -1.840000e+02  4.838982e+02 -1.049978e+02
     vertex -1.840000e+02  4.837405e+02 -1.005793e+02
     vertex -1.840000e+02  4.822094e+02 -1.020303e+02
   endloop
 endfacet
 facet normal  1.000000e+00 -7.141819e-14 -2.548495e-15
   outer loop
     vertex -1.840000e+02  4.838982e+02 -1.049978e+02
     vertex -1.840000e+02  4.842991e+02 -1.050825e+02
     vertex -1.840000e+02  4.837405e+02 -1.005793e+02
   endloop
 endfacet
 facet normal  1.000000e+00 -0.000000e+00  0.000000e+00
   outer loop
     vertex -1.840000e+02  4.854133e+02 -1.070426e+02
     vertex -1.840000e+02  4.889350e+02 -1.077987e+02
     vertex -1.840000e+02  4.854490e+02 -1.066343e+02
   endloop
 endfacet
 facet normal  1.000000e+00  0.000000e+00 -0.000000e+00
   outer loop
     vertex -1.840000e+02  4.834886e+02 -1.050116e+02
     vertex -1.840000e+02  4.838982e+02 -1.049978e+02
     vertex -1.840000e+02  4.822094e+02 -1.020303e+02
   endloop
 endfacet
 facet normal  1.000000e+00  0.000000e+00  0.000000e+00
   outer loop
     vertex -1.840000e+02  4.702595e+02 -8.942073e+01
     vertex -1.840000e+02  4.701018e+02 -8.500219e+01
     vertex -1.840000e+02  4.697009e+02 -8.491752e+01
   endloop
 endfacet
 facet normal  1.000000e+00  0.000000e+00 -0.000000e+00
   outer loop
     vertex -1.840000e+02  4.702595e+02 -8.942073e+01
     vertex -1.840000e+02  4.717906e+02 -8.796975e+01
     vertex -1.840000e+02  4.701018e+02 -8.500219e+01
   endloop
 endfacet
 facet normal  1.000000e+00 -0.000000e+00  0.000000e+00
   outer loop
     vertex -1.840000e+02  4.852809e+02 -1.074304e+02
     vertex -1.840000e+02  4.889350e+02 -1.077987e+02
     vertex -1.840000e+02  4.854133e+02 -1.070426e+02
   endloop
 endfacet
 facet normal  1.000000e+00  0.000000e+00 -0.000000e+00
   outer loop
     vertex -1.840000e+02  4.830942e+02 -1.051229e+02
     vertex -1.840000e+02  4.834886e+02 -1.050116e+02
     vertex -1.840000e+02  4.822094e+02 -1.020303e+02
   endloop
 endfacet
 facet normal  1.000000e+00  0.000000e+00 -0.000000e+00
   outer loop
     vertex -1.840000e+02  4.827379e+02 -1.053255e+02
     vertex -1.840000e+02  4.830942e+02 -1.051229e+02
     vertex -1.840000e+02  4.822094e+02 -1.020303e+02
   endloop
 endfacet
 facet normal  1.000000e+00  2.840750e-14  4.555805e-15
   outer loop
     vertex -1.840000e+02  4.803756e+02 -1.030727e+02
     vertex -1.840000e+02  4.827379e+02 -1.053255e+02
     vertex -1.840000e+02  4.822094e+02 -1.020303e+02
   endloop
 endfacet
 facet normal  1.000000e+00  1.199369e-14 -1.265572e-14
   outer loop
     vertex -1.840000e+02  4.824404e+02 -1.056074e+02
     vertex -1.840000e+02  4.827379e+02 -1.053255e+02
     vertex -1.840000e+02  4.803756e+02 -1.030727e+02
   endloop
 endfacet
 facet normal  1.000000e+00  0.000000e+00 -0.000000e+00
   outer loop
     vertex -1.840000e+02  4.860132e+02 -1.100004e+02
     vertex -1.840000e+02  4.889350e+02 -1.077987e+02
     vertex -1.840000e+02  4.852809e+02 -1.074304e+02
   endloop
 endfacet
 facet normal  1.000000e+00  0.000000e+00  0.000000e+00
   outer loop
     vertex -1.840000e+02  4.860132e+02 -1.100004e+02
     vertex -1.840000e+02  4.852809e+02 -1.074304e+02
     vertex -1.840000e+02  4.850596e+02 -1.077753e+02
   endloop
 endfacet
 facet normal  1.000000e+00  0.000000e+00  0.000000e+00
   outer loop
     vertex -1.840000e+02  4.860132e+02 -1.100004e+02
     vertex -1.840000e+02  4.850596e+02 -1.077753e+02
     vertex -1.840000e+02  4.847621e+02 -1.080572e+02
   endloop
 endfacet
 facet normal  1.000000e+00 -0.000000e+00  0.000000e+00
   outer loop
     vertex -1.840000e+02  4.844058e+02 -1.082597e+02
     vertex -1.840000e+02  4.860132e+02 -1.100004e+02
     vertex -1.840000e+02  4.847621e+02 -1.080572e+02
   endloop
 endfacet
 facet normal  1.000000e+00  1.539805e-14 -9.882454e-15
   outer loop
     vertex -1.840000e+02  4.822191e+02 -1.059523e+02
     vertex -1.840000e+02  4.824404e+02 -1.056074e+02
     vertex -1.840000e+02  4.803756e+02 -1.030727e+02
   endloop
 endfacet
 facet normal  1.000000e+00 -5.715847e-14 -5.277983e-14
   outer loop
     vertex -1.840000e+02  4.840114e+02 -1.083711e+02
     vertex -1.840000e+02  4.860132e+02 -1.100004e+02
     vertex -1.840000e+02  4.844058e+02 -1.082597e+02
   endloop
 endfacet
 facet normal  1.000000e+00  0.000000e+00  0.000000e+00
   outer loop
     vertex -1.840000e+02  4.662160e+02 -8.739017e+01
     vertex -1.840000e+02  4.693318e+02 -8.473935e+01
     vertex -1.840000e+02  4.690161e+02 -8.447803e+01
   endloop
 endfacet
 facet normal  1.000000e+00  5.113074e-15  6.615280e-15
   outer loop
     vertex -1.840000e+02  4.633750e+02 -8.401774e+01
     vertex -1.840000e+02  4.686140e+02 -8.377065e+01
     vertex -1.840000e+02  4.657737e+02 -8.157537e+01
   endloop
 endfacet
 facet normal  1.000000e+00  0.000000e+00  0.000000e+00
   outer loop
     vertex -1.840000e+02  4.663954e+02 -8.763228e+01
     vertex -1.840000e+02  4.697009e+02 -8.491752e+01
     vertex -1.840000e+02  4.693318e+02 -8.473935e+01
   endloop
 endfacet
 facet normal  1.000000e+00  0.000000e+00 -0.000000e+00
   outer loop
     vertex -1.840000e+02  4.663954e+02 -8.763228e+01
     vertex -1.840000e+02  4.693318e+02 -8.473935e+01
     vertex -1.840000e+02  4.662160e+02 -8.739017e+01
   endloop
 endfacet
 facet normal  1.000000e+00  0.000000e+00  0.000000e+00
   outer loop
     vertex -1.840000e+02  4.659838e+02 -8.719802e+01
     vertex -1.840000e+02  4.690161e+02 -8.447803e+01
     vertex -1.840000e+02  4.687721e+02 -8.414876e+01
   endloop
 endfacet
 facet normal  1.000000e+00 -0.000000e+00  0.000000e+00
   outer loop
     vertex -1.840000e+02  4.659838e+02 -8.719802e+01
     vertex -1.840000e+02  4.662160e+02 -8.739017e+01
     vertex -1.840000e+02  4.690161e+02 -8.447803e+01
   endloop
 endfacet
 facet normal  1.000000e+00  0.000000e+00 -0.000000e+00
   outer loop
     vertex -1.840000e+02  4.665116e+02 -8.791030e+01
     vertex -1.840000e+02  4.697009e+02 -8.491752e+01
     vertex -1.840000e+02  4.663954e+02 -8.763228e+01
   endloop
 endfacet
 facet normal  1.000000e+00 -0.000000e+00  0.000000e+00
   outer loop
     vertex -1.840000e+02  4.665116e+02 -8.791030e+01
     vertex -1.840000e+02  4.702595e+02 -8.942073e+01
     vertex -1.840000e+02  4.697009e+02 -8.491752e+01
   endloop
 endfacet
 facet normal  1.000000e+00  0.000000e+00  0.000000e+00
   outer loop
     vertex -1.840000e+02  4.657124e+02 -8.706701e+01
     vertex -1.840000e+02  4.687721e+02 -8.414876e+01
     vertex -1.840000e+02  4.686140e+02 -8.377065e+01
   endloop
 endfacet
 facet normal  1.000000e+00 -0.000000e+00  0.000000e+00
   outer loop
     vertex -1.840000e+02  4.657124e+02 -8.706701e+01
     vertex -1.840000e+02  4.659838e+02 -8.719802e+01
     vertex -1.840000e+02  4.687721e+02 -8.414876e+01
   endloop
 endfacet
 facet normal  1.000000e+00 -0.000000e+00 -0.000000e+00
   outer loop
     vertex -1.840000e+02  4.665580e+02 -8.820805e+01
     vertex -1.840000e+02  4.702595e+02 -8.942073e+01
     vertex -1.840000e+02  4.665116e+02 -8.791030e+01
   endloop
 endfacet
 facet normal  1.000000e+00  5.690312e-15 -5.623941e-15
   outer loop
     vertex -1.840000e+02  4.654176e+02 -8.700476e+01
     vertex -1.840000e+02  4.686140e+02 -8.377065e+01
     vertex -1.840000e+02  4.633750e+02 -8.401774e+01
   endloop
 endfacet
 facet normal  1.000000e+00 -0.000000e+00  0.000000e+00
   outer loop
     vertex -1.840000e+02  4.654176e+02 -8.700476e+01
     vertex -1.840000e+02  4.657124e+02 -8.706701e+01
     vertex -1.840000e+02  4.686140e+02 -8.377065e+01
   endloop
 endfacet
 facet normal  1.000000e+00 -0.000000e+00  0.000000e+00
   outer loop
     vertex -1.840000e+02  4.665317e+02 -8.850825e+01
     vertex -1.840000e+02  4.702595e+02 -8.942073e+01
     vertex -1.840000e+02  4.665580e+02 -8.820805e+01
   endloop
 endfacet
 facet normal  1.000000e+00  3.123136e-16 -9.301516e-15
   outer loop
     vertex -1.840000e+02  4.651164e+02 -8.701487e+01
     vertex -1.840000e+02  4.654176e+02 -8.700476e+01
     vertex -1.840000e+02  4.633750e+02 -8.401774e+01
   endloop
 endfacet
 facet normal  1.000000e+00 -0.000000e+00  0.000000e+00
   outer loop
     vertex -1.840000e+02  4.664343e+02 -8.879343e+01
     vertex -1.840000e+02  4.702595e+02 -8.942073e+01
     vertex -1.840000e+02  4.665317e+02 -8.850825e+01
   endloop
 endfacet
 facet normal  1.000000e+00  0.000000e+00  0.000000e+00
   outer loop
     vertex -1.840000e+02  4.664343e+02 -8.879343e+01
     vertex -1.840000e+02  4.691202e+02 -9.119596e+01
     vertex -1.840000e+02  4.702595e+02 -8.942073e+01
   endloop
 endfacet
 facet normal  1.000000e+00 -8.189139e-14 -5.706388e-14
   outer loop
     vertex -1.840000e+02  4.648264e+02 -8.709676e+01
     vertex -1.840000e+02  4.651164e+02 -8.701487e+01
     vertex -1.840000e+02  4.633750e+02 -8.401774e+01
   endloop
 endfacet
 facet normal  1.000000e+00 -0.000000e+00  0.000000e+00
   outer loop
     vertex -1.840000e+02  4.662716e+02 -8.904704e+01
     vertex -1.840000e+02  4.691202e+02 -9.119596e+01
     vertex -1.840000e+02  4.664343e+02 -8.879343e+01
   endloop
 endfacet
 facet normal  1.000000e+00  4.720942e-15 -1.671772e-14
   outer loop
     vertex -1.840000e+02  4.783456e+02 -1.036459e+02
     vertex -1.840000e+02  4.822191e+02 -1.059523e+02
     vertex -1.840000e+02  4.803756e+02 -1.030727e+02
   endloop
 endfacet
 facet normal  1.000000e+00  1.219635e-14 -4.162943e-15
   outer loop
     vertex -1.840000e+02  4.783456e+02 -1.036459e+02
     vertex -1.840000e+02  4.820867e+02 -1.063401e+02
     vertex -1.840000e+02  4.822191e+02 -1.059523e+02
   endloop
 endfacet
 facet normal  1.000000e+00  8.276466e-15 -1.456011e-14
   outer loop
     vertex -1.840000e+02  4.645645e+02 -8.724568e+01
     vertex -1.840000e+02  4.648264e+02 -8.709676e+01
     vertex -1.840000e+02  4.633750e+02 -8.401774e+01
   endloop
 endfacet
 facet normal  1.000000e+00 -0.000000e+00  0.000000e+00
   outer loop
     vertex -1.840000e+02  4.660529e+02 -8.925432e+01
     vertex -1.840000e+02  4.691202e+02 -9.119596e+01
     vertex -1.840000e+02  4.662716e+02 -8.904704e+01
   endloop
 endfacet
 facet normal  1.000000e+00 -0.000000e+00  0.000000e+00
   outer loop
     vertex -1.840000e+02  4.657909e+02 -8.940324e+01
     vertex -1.840000e+02  4.691202e+02 -9.119596e+01
     vertex -1.840000e+02  4.660529e+02 -8.925432e+01
   endloop
 endfacet
 facet normal  1.000000e+00  6.476032e-15  1.202671e-14
   outer loop
     vertex -1.840000e+02  4.684388e+02 -9.319227e+01
     vertex -1.840000e+02  4.691202e+02 -9.119596e+01
     vertex -1.840000e+02  4.657909e+02 -8.940324e+01
   endloop
 endfacet
 facet normal  1.000000e+00 -1.769111e-15  6.264747e-15
   outer loop
     vertex -1.840000e+02  4.684388e+02 -9.319227e+01
     vertex -1.840000e+02  4.657909e+02 -8.940324e+01
     vertex -1.840000e+02  4.655009e+02 -8.948513e+01
   endloop
 endfacet
 facet normal  1.000000e+00 -1.062122e-14  4.395007e-15
   outer loop
     vertex -1.840000e+02  4.826974e+02 -1.115466e+02
     vertex -1.840000e+02  4.860132e+02 -1.100004e+02
     vertex -1.840000e+02  4.840114e+02 -1.083711e+02
   endloop
 endfacet
 facet normal  1.000000e+00  0.000000e+00  0.000000e+00
   outer loop
     vertex -1.840000e+02  4.826974e+02 -1.115466e+02
     vertex -1.840000e+02  4.840114e+02 -1.083711e+02
     vertex -1.840000e+02  4.836018e+02 -1.083849e+02
   endloop
 endfacet
 facet normal  1.000000e+00  0.000000e+00  0.000000e+00
   outer loop
     vertex -1.840000e+02  4.826974e+02 -1.115466e+02
     vertex -1.840000e+02  4.836018e+02 -1.083849e+02
     vertex -1.840000e+02  4.832009e+02 -1.083002e+02
   endloop
 endfacet
 facet normal  1.000000e+00  0.000000e+00  0.000000e+00
   outer loop
     vertex -1.840000e+02  4.826974e+02 -1.115466e+02
     vertex -1.840000e+02  4.832009e+02 -1.083002e+02
     vertex -1.840000e+02  4.828318e+02 -1.081220e+02
   endloop
 endfacet
 facet normal  1.000000e+00  0.000000e+00 -0.000000e+00
   outer loop
     vertex -1.840000e+02  4.826974e+02 -1.115466e+02
     vertex -1.840000e+02  4.828318e+02 -1.081220e+02
     vertex -1.840000e+02  4.825161e+02 -1.078607e+02
   endloop
 endfacet
 facet normal  1.000000e+00  1.646565e-14 -1.737452e-14
   outer loop
     vertex -1.840000e+02  4.614977e+02 -8.688036e+01
     vertex -1.840000e+02  4.643457e+02 -8.745296e+01
     vertex -1.840000e+02  4.645645e+02 -8.724568e+01
   endloop
 endfacet
 facet normal  1.000000e+00  1.719226e-14 -1.127482e-14
   outer loop
     vertex -1.840000e+02  4.614977e+02 -8.688036e+01
     vertex -1.840000e+02  4.645645e+02 -8.724568e+01
     vertex -1.840000e+02  4.633750e+02 -8.401774e+01
   endloop
 endfacet
 facet normal  1.000000e+00  1.767778e-14 -1.134558e-14
   outer loop
     vertex -1.840000e+02  4.614977e+02 -8.688036e+01
     vertex -1.840000e+02  4.641830e+02 -8.770657e+01
     vertex -1.840000e+02  4.643457e+02 -8.745296e+01
   endloop
 endfacet
 facet normal  1.000000e+00  0.000000e+00  0.000000e+00
   outer loop
     vertex -1.840000e+02  4.613836e+02 -8.735295e+01
     vertex -1.840000e+02  4.614977e+02 -8.688036e+01
     vertex -1.840000e+02  4.614115e+02 -8.710962e+01
   endloop
 endfacet
 facet normal  1.000000e+00  0.000000e+00  0.000000e+00
   outer loop
     vertex -1.840000e+02  4.615058e+02 -8.782351e+01
     vertex -1.840000e+02  4.613836e+02 -8.735295e+01
     vertex -1.840000e+02  4.614157e+02 -8.759577e+01
   endloop
 endfacet
 facet normal  1.000000e+00  2.206580e-14  2.916013e-15
   outer loop
     vertex -1.840000e+02  4.616486e+02 -8.802250e+01
     vertex -1.840000e+02  4.641830e+02 -8.770657e+01
     vertex -1.840000e+02  4.614977e+02 -8.688036e+01
   endloop
 endfacet
 facet normal  1.000000e+00  0.000000e+00  0.000000e+00
   outer loop
     vertex -1.840000e+02  4.616486e+02 -8.802250e+01
     vertex -1.840000e+02  4.613836e+02 -8.735295e+01
     vertex -1.840000e+02  4.615058e+02 -8.782351e+01
   endloop
 endfacet
 facet normal  1.000000e+00  0.000000e+00  0.000000e+00
   outer loop
     vertex -1.840000e+02  4.616486e+02 -8.802250e+01
     vertex -1.840000e+02  4.614977e+02 -8.688036e+01
     vertex -1.840000e+02  4.613836e+02 -8.735295e+01
   endloop
 endfacet
 facet normal  1.000000e+00  2.057438e-14  1.487970e-14
   outer loop
     vertex -1.840000e+02  4.618576e+02 -8.831139e+01
     vertex -1.840000e+02  4.641830e+02 -8.770657e+01
     vertex -1.840000e+02  4.616486e+02 -8.802250e+01
   endloop
 endfacet
 facet normal  1.000000e+00  2.583678e-14 -2.260426e-15
   outer loop
     vertex -1.840000e+02  4.618576e+02 -8.831139e+01
     vertex -1.840000e+02  4.640594e+02 -8.829195e+01
     vertex -1.840000e+02  4.640856e+02 -8.799175e+01
   endloop
 endfacet
 facet normal  1.000000e+00  2.682611e-14 -9.156472e-15
   outer loop
     vertex -1.840000e+02  4.618576e+02 -8.831139e+01
     vertex -1.840000e+02  4.640856e+02 -8.799175e+01
     vertex -1.840000e+02  4.641830e+02 -8.770657e+01
   endloop
 endfacet
 facet normal  1.000000e+00  2.572398e-14  1.051055e-14
   outer loop
     vertex -1.840000e+02  4.619924e+02 -8.864144e+01
     vertex -1.840000e+02  4.640594e+02 -8.829195e+01
     vertex -1.840000e+02  4.618576e+02 -8.831139e+01
   endloop
 endfacet
 facet normal  1.000000e+00  2.679601e-14  4.170347e-15
   outer loop
     vertex -1.840000e+02  4.619924e+02 -8.864144e+01
     vertex -1.840000e+02  4.641057e+02 -8.858970e+01
     vertex -1.840000e+02  4.640594e+02 -8.829195e+01
   endloop
 endfacet
 facet normal  1.000000e+00  1.408157e-14 -1.545195e-15
   outer loop
     vertex -1.840000e+02  4.779073e+02 -1.076402e+02
     vertex -1.840000e+02  4.820867e+02 -1.063401e+02
     vertex -1.840000e+02  4.783456e+02 -1.036459e+02
   endloop
 endfacet
 facet normal  1.000000e+00  1.398141e-14 -1.223215e-15
   outer loop
     vertex -1.840000e+02  4.779073e+02 -1.076402e+02
     vertex -1.840000e+02  4.820510e+02 -1.067484e+02
     vertex -1.840000e+02  4.820867e+02 -1.063401e+02
   endloop
 endfacet
 facet normal  1.000000e+00  1.183137e-14  8.767048e-15
   outer loop
     vertex -1.840000e+02  4.780867e+02 -1.078823e+02
     vertex -1.840000e+02  4.820510e+02 -1.067484e+02
     vertex -1.840000e+02  4.779073e+02 -1.076402e+02
   endloop
 endfacet
 facet normal  1.000000e+00 -0.000000e+00  0.000000e+00
   outer loop
     vertex -1.840000e+02  4.776752e+02 -1.074480e+02
     vertex -1.840000e+02  4.779073e+02 -1.076402e+02
     vertex -1.840000e+02  4.783456e+02 -1.036459e+02
   endloop
 endfacet
 facet normal  1.000000e+00  1.280721e-14  5.355352e-15
   outer loop
     vertex -1.840000e+02  4.782030e+02 -1.081603e+02
     vertex -1.840000e+02  4.820510e+02 -1.067484e+02
     vertex -1.840000e+02  4.780867e+02 -1.078823e+02
   endloop
 endfacet
 facet normal  1.000000e+00  1.397420e-14  2.174848e-15
   outer loop
     vertex -1.840000e+02  4.782030e+02 -1.081603e+02
     vertex -1.840000e+02  4.821140e+02 -1.071533e+02
     vertex -1.840000e+02  4.820510e+02 -1.067484e+02
   endloop
 endfacet
 facet normal  1.000000e+00  2.679919e-14  4.040472e-15
   outer loop
     vertex -1.840000e+02  4.620456e+02 -8.899398e+01
     vertex -1.840000e+02  4.641057e+02 -8.858970e+01
     vertex -1.840000e+02  4.619924e+02 -8.864144e+01
   endloop
 endfacet
 facet normal  1.000000e+00  2.549966e-14  1.066272e-14
   outer loop
     vertex -1.840000e+02  4.620456e+02 -8.899398e+01
     vertex -1.840000e+02  4.642220e+02 -8.886772e+01
     vertex -1.840000e+02  4.641057e+02 -8.858970e+01
   endloop
 endfacet
 facet normal  1.000000e+00 -0.000000e+00  0.000000e+00
   outer loop
     vertex -1.840000e+02  4.774038e+02 -1.073170e+02
     vertex -1.840000e+02  4.776752e+02 -1.074480e+02
     vertex -1.840000e+02  4.783456e+02 -1.036459e+02
   endloop
 endfacet
 facet normal  1.000000e+00  1.397420e-14  2.174848e-15
   outer loop
     vertex -1.840000e+02  4.782493e+02 -1.084581e+02
     vertex -1.840000e+02  4.821140e+02 -1.071533e+02
     vertex -1.840000e+02  4.782030e+02 -1.081603e+02
   endloop
 endfacet
 facet normal  1.000000e+00  1.288893e-14  5.389522e-15
   outer loop
     vertex -1.840000e+02  4.782493e+02 -1.084581e+02
     vertex -1.840000e+02  4.822721e+02 -1.075314e+02
     vertex -1.840000e+02  4.821140e+02 -1.071533e+02
   endloop
 endfacet
 facet normal  1.000000e+00 -0.000000e+00  0.000000e+00
   outer loop
     vertex -1.840000e+02  4.771089e+02 -1.072548e+02
     vertex -1.840000e+02  4.774038e+02 -1.073170e+02
     vertex -1.840000e+02  4.783456e+02 -1.036459e+02
   endloop
 endfacet
 facet normal  1.000000e+00  0.000000e+00 -0.000000e+00
   outer loop
     vertex -1.840000e+02  4.771089e+02 -1.072548e+02
     vertex -1.840000e+02  4.783456e+02 -1.036459e+02
     vertex -1.840000e+02  4.762374e+02 -1.037167e+02
   endloop
 endfacet
 facet normal  1.000000e+00  2.625355e-14 -2.332343e-15
   outer loop
     vertex -1.840000e+02  4.620140e+02 -8.934911e+01
     vertex -1.840000e+02  4.642220e+02 -8.886772e+01
     vertex -1.840000e+02  4.620456e+02 -8.899398e+01
   endloop
 endfacet
 facet normal  1.000000e+00  2.216424e-14  1.642371e-14
   outer loop
     vertex -1.840000e+02  4.620140e+02 -8.934911e+01
     vertex -1.840000e+02  4.644014e+02 -8.910983e+01
     vertex -1.840000e+02  4.642220e+02 -8.886772e+01
   endloop
 endfacet
 facet normal  1.000000e+00  1.442097e-14 -1.261671e-15
   outer loop
     vertex -1.840000e+02  4.782230e+02 -1.087582e+02
     vertex -1.840000e+02  4.822721e+02 -1.075314e+02
     vertex -1.840000e+02  4.782493e+02 -1.084581e+02
   endloop
 endfacet
 facet normal  1.000000e+00  1.146472e-14  8.495363e-15
   outer loop
     vertex -1.840000e+02  4.782230e+02 -1.087582e+02
     vertex -1.840000e+02  4.825161e+02 -1.078607e+02
     vertex -1.840000e+02  4.822721e+02 -1.075314e+02
   endloop
 endfacet
 facet normal  1.000000e+00  0.000000e+00 -0.000000e+00
   outer loop
     vertex -1.840000e+02  4.768078e+02 -1.072649e+02
     vertex -1.840000e+02  4.771089e+02 -1.072548e+02
     vertex -1.840000e+02  4.762374e+02 -1.037167e+02
   endloop
 endfacet
 facet normal  1.000000e+00  2.464779e-14 -8.355949e-15
   outer loop
     vertex -1.840000e+02  4.618995e+02 -8.968676e+01
     vertex -1.840000e+02  4.644014e+02 -8.910983e+01
     vertex -1.840000e+02  4.620140e+02 -8.934911e+01
   endloop
 endfacet
 facet normal  1.000000e+00  1.777016e-14  2.146869e-14
   outer loop
     vertex -1.840000e+02  4.618995e+02 -8.968676e+01
     vertex -1.840000e+02  4.646335e+02 -8.930198e+01
     vertex -1.840000e+02  4.644014e+02 -8.910983e+01
   endloop
 endfacet
 facet normal  1.000000e+00  1.277787e-14  6.287412e-16
   outer loop
     vertex -1.840000e+02  4.781257e+02 -1.090434e+02
     vertex -1.840000e+02  4.826974e+02 -1.115466e+02
     vertex -1.840000e+02  4.825161e+02 -1.078607e+02
   endloop
 endfacet
 facet normal  1.000000e+00  1.425828e-14 -4.866735e-15
   outer loop
     vertex -1.840000e+02  4.781257e+02 -1.090434e+02
     vertex -1.840000e+02  4.825161e+02 -1.078607e+02
     vertex -1.840000e+02  4.782230e+02 -1.087582e+02
   endloop
 endfacet
 facet normal  1.000000e+00  0.000000e+00 -0.000000e+00
   outer loop
     vertex -1.840000e+02  4.765178e+02 -1.073468e+02
     vertex -1.840000e+02  4.768078e+02 -1.072649e+02
     vertex -1.840000e+02  4.762374e+02 -1.037167e+02
   endloop
 endfacet
 facet normal  1.000000e+00  2.282898e-14 -1.447541e-14
   outer loop
     vertex -1.840000e+02  4.617086e+02 -8.998786e+01
     vertex -1.840000e+02  4.646335e+02 -8.930198e+01
     vertex -1.840000e+02  4.618995e+02 -8.968676e+01
   endloop
 endfacet
 facet normal  1.000000e+00 -1.378517e-14 -6.715677e-17
   outer loop
     vertex -1.840000e+02  4.762558e+02 -1.074957e+02
     vertex -1.840000e+02  4.762374e+02 -1.037167e+02
     vertex -1.840000e+02  4.741735e+02 -1.032809e+02
   endloop
 endfacet
 facet normal  1.000000e+00  0.000000e+00 -0.000000e+00
   outer loop
     vertex -1.840000e+02  4.762558e+02 -1.074957e+02
     vertex -1.840000e+02  4.765178e+02 -1.073468e+02
     vertex -1.840000e+02  4.762374e+02 -1.037167e+02
   endloop
 endfacet
 facet normal  1.000000e+00 -7.912097e-15  1.396454e-15
   outer loop
     vertex -1.840000e+02  4.647339e+02 -9.383063e+01
     vertex -1.840000e+02  4.684388e+02 -9.319227e+01
     vertex -1.840000e+02  4.655009e+02 -8.948513e+01
   endloop
 endfacet
 facet normal  1.000000e+00 -1.999153e-14  7.150185e-14
   outer loop
     vertex -1.840000e+02  4.649779e+02 -9.415990e+01
     vertex -1.840000e+02  4.684388e+02 -9.319227e+01
     vertex -1.840000e+02  4.647339e+02 -9.383063e+01
   endloop
 endfacet
 facet normal  1.000000e+00 -0.000000e+00  0.000000e+00
   outer loop
     vertex -1.840000e+02  4.644182e+02 -9.356931e+01
     vertex -1.840000e+02  4.647339e+02 -9.383063e+01
     vertex -1.840000e+02  4.655009e+02 -8.948513e+01
   endloop
 endfacet
 facet normal  1.000000e+00  0.000000e+00  0.000000e+00
   outer loop
     vertex -1.840000e+02  4.644182e+02 -9.356931e+01
     vertex -1.840000e+02  4.655009e+02 -8.948513e+01
     vertex -1.840000e+02  4.651997e+02 -8.949524e+01
   endloop
 endfacet
 facet normal  1.000000e+00 -0.000000e+00  0.000000e+00
   outer loop
     vertex -1.840000e+02  4.651360e+02 -9.453800e+01
     vertex -1.840000e+02  4.682549e+02 -9.529363e+01
     vertex -1.840000e+02  4.684388e+02 -9.319227e+01
   endloop
 endfacet
 facet normal  1.000000e+00  0.000000e+00 -0.000000e+00
   outer loop
     vertex -1.840000e+02  4.651360e+02 -9.453800e+01
     vertex -1.840000e+02  4.684388e+02 -9.319227e+01
     vertex -1.840000e+02  4.649779e+02 -9.415990e+01
   endloop
 endfacet
 facet normal  1.000000e+00 -0.000000e+00  0.000000e+00
   outer loop
     vertex -1.840000e+02  4.640491e+02 -9.339114e+01
     vertex -1.840000e+02  4.644182e+02 -9.356931e+01
     vertex -1.840000e+02  4.651997e+02 -8.949524e+01
   endloop
 endfacet
 facet normal  1.000000e+00  0.000000e+00  0.000000e+00
   outer loop
     vertex -1.840000e+02  4.640491e+02 -9.339114e+01
     vertex -1.840000e+02  4.651997e+02 -8.949524e+01
     vertex -1.840000e+02  4.649049e+02 -8.943299e+01
   endloop
 endfacet
 facet normal  1.000000e+00 -4.352675e-15  4.592933e-15
   outer loop
     vertex -1.840000e+02  4.760371e+02 -1.077030e+02
     vertex -1.840000e+02  4.762558e+02 -1.074957e+02
     vertex -1.840000e+02  4.741735e+02 -1.032809e+02
   endloop
 endfacet
 facet normal  1.000000e+00 -0.000000e+00 -0.000000e+00
   outer loop
     vertex -1.840000e+02  4.651990e+02 -9.494295e+01
     vertex -1.840000e+02  4.682549e+02 -9.529363e+01
     vertex -1.840000e+02  4.651360e+02 -9.453800e+01
   endloop
 endfacet
 facet normal  1.000000e+00  1.885829e-14  2.457245e-15
   outer loop
     vertex -1.840000e+02  4.636482e+02 -9.330647e+01
     vertex -1.840000e+02  4.646335e+02 -8.930198e+01
     vertex -1.840000e+02  4.617086e+02 -8.998786e+01
   endloop
 endfacet
 facet normal  1.000000e+00 -0.000000e+00  0.000000e+00
   outer loop
     vertex -1.840000e+02  4.636482e+02 -9.330647e+01
     vertex -1.840000e+02  4.640491e+02 -9.339114e+01
     vertex -1.840000e+02  4.649049e+02 -8.943299e+01
   endloop
 endfacet
 facet normal  1.000000e+00 -9.055021e-14  2.937798e-14
   outer loop
     vertex -1.840000e+02  4.636482e+02 -9.330647e+01
     vertex -1.840000e+02  4.649049e+02 -8.943299e+01
     vertex -1.840000e+02  4.646335e+02 -8.930198e+01
   endloop
 endfacet
 facet normal  1.000000e+00  0.000000e+00  0.000000e+00
   outer loop
     vertex -1.840000e+02  4.651633e+02 -9.535122e+01
     vertex -1.840000e+02  4.682549e+02 -9.529363e+01
     vertex -1.840000e+02  4.651990e+02 -9.494295e+01
   endloop
 endfacet
 facet normal  1.000000e+00  5.702414e-15 -5.910921e-15
   outer loop
     vertex -1.840000e+02  4.632386e+02 -9.332022e+01
     vertex -1.840000e+02  4.617086e+02 -8.998786e+01
     vertex -1.840000e+02  4.614520e+02 -9.023539e+01
   endloop
 endfacet
 facet normal  1.000000e+00  2.820273e-16 -8.399510e-15
   outer loop
     vertex -1.840000e+02  4.632386e+02 -9.332022e+01
     vertex -1.840000e+02  4.636482e+02 -9.330647e+01
     vertex -1.840000e+02  4.617086e+02 -8.998786e+01
   endloop
 endfacet
 facet normal  1.000000e+00  3.687768e-15 -1.597348e-14
   outer loop
     vertex -1.840000e+02  4.791327e+02 -1.123696e+02
     vertex -1.840000e+02  4.826974e+02 -1.115466e+02
     vertex -1.840000e+02  4.781257e+02 -1.090434e+02
   endloop
 endfacet
 facet normal  1.000000e+00  1.809306e-14 -1.161211e-14
   outer loop
     vertex -1.840000e+02  4.791327e+02 -1.123696e+02
     vertex -1.840000e+02  4.781257e+02 -1.090434e+02
     vertex -1.840000e+02  4.779629e+02 -1.092970e+02
   endloop
 endfacet
 facet normal  1.000000e+00  1.288411e-14 -1.359528e-14
   outer loop
     vertex -1.840000e+02  4.791327e+02 -1.123696e+02
     vertex -1.840000e+02  4.779629e+02 -1.092970e+02
     vertex -1.840000e+02  4.777442e+02 -1.095043e+02
   endloop
 endfacet
 facet normal  1.000000e+00  8.841602e-15 -1.555431e-14
   outer loop
     vertex -1.840000e+02  4.791327e+02 -1.123696e+02
     vertex -1.840000e+02  4.777442e+02 -1.095043e+02
     vertex -1.840000e+02  4.774822e+02 -1.096532e+02
   endloop
 endfacet
 facet normal  1.000000e+00  5.044018e-15 -1.786179e-14
   outer loop
     vertex -1.840000e+02  4.791327e+02 -1.123696e+02
     vertex -1.840000e+02  4.774822e+02 -1.096532e+02
     vertex -1.840000e+02  4.771922e+02 -1.097351e+02
   endloop
 endfacet
 facet normal  1.000000e+00 -0.000000e+00  0.000000e+00
   outer loop
     vertex -1.840000e+02  4.650309e+02 -9.573907e+01
     vertex -1.840000e+02  4.685793e+02 -9.737793e+01
     vertex -1.840000e+02  4.682549e+02 -9.529363e+01
   endloop
 endfacet
 facet normal  1.000000e+00  0.000000e+00  0.000000e+00
   outer loop
     vertex -1.840000e+02  4.650309e+02 -9.573907e+01
     vertex -1.840000e+02  4.682549e+02 -9.529363e+01
     vertex -1.840000e+02  4.651633e+02 -9.535122e+01
   endloop
 endfacet
 facet normal  1.000000e+00 -4.144788e-15  7.087043e-15
   outer loop
     vertex -1.840000e+02  4.628442e+02 -9.343160e+01
     vertex -1.840000e+02  4.614520e+02 -9.023539e+01
     vertex -1.840000e+02  4.611443e+02 -9.041538e+01
   endloop
 endfacet
 facet normal  1.000000e+00  1.261044e-13  6.381808e-14
   outer loop
     vertex -1.840000e+02  4.628442e+02 -9.343160e+01
     vertex -1.840000e+02  4.632386e+02 -9.332022e+01
     vertex -1.840000e+02  4.614520e+02 -9.023539e+01
   endloop
 endfacet
 facet normal  1.000000e+00 -2.935760e-14 -6.356358e-14
   outer loop
     vertex -1.840000e+02  4.648096e+02 -9.608397e+01
     vertex -1.840000e+02  4.685793e+02 -9.737793e+01
     vertex -1.840000e+02  4.650309e+02 -9.573907e+01
   endloop
 endfacet
 facet normal  1.000000e+00  0.000000e+00  0.000000e+00
   outer loop
     vertex -1.840000e+02  4.598138e+02 -9.044446e+01
     vertex -1.840000e+02  4.598894e+02 -9.052434e+01
     vertex -1.840000e+02  4.600963e+02 -9.047067e+01
   endloop
 endfacet
 facet normal  1.000000e+00 -4.056729e-15  7.136672e-15
   outer loop
     vertex -1.840000e+02  4.624879e+02 -9.363412e+01
     vertex -1.840000e+02  4.628442e+02 -9.343160e+01
     vertex -1.840000e+02  4.611443e+02 -9.041538e+01
   endloop
 endfacet
 facet normal  1.000000e+00 -2.350356e-15  7.848966e-15
   outer loop
     vertex -1.840000e+02  4.624879e+02 -9.363412e+01
     vertex -1.840000e+02  4.611443e+02 -9.041538e+01
     vertex -1.840000e+02  4.608027e+02 -9.051766e+01
   endloop
 endfacet
 facet normal  1.000000e+00  0.000000e+00 -0.000000e+00
   outer loop
     vertex -1.840000e+02  4.599457e+02 -9.061882e+01
     vertex -1.840000e+02  4.600963e+02 -9.047067e+01
     vertex -1.840000e+02  4.598894e+02 -9.052434e+01
   endloop
 endfacet
 facet normal  1.000000e+00  0.000000e+00  0.000000e+00
   outer loop
     vertex -1.840000e+02  4.597225e+02 -9.038304e+01
     vertex -1.840000e+02  4.598138e+02 -9.044446e+01
     vertex -1.840000e+02  4.600963e+02 -9.047067e+01
   endloop
 endfacet
 facet normal  1.000000e+00  0.000000e+00 -0.000000e+00
   outer loop
     vertex -1.840000e+02  4.599800e+02 -9.072333e+01
     vertex -1.840000e+02  4.600963e+02 -9.047067e+01
     vertex -1.840000e+02  4.599457e+02 -9.061882e+01
   endloop
 endfacet
 facet normal  1.000000e+00  0.000000e+00  0.000000e+00
   outer loop
     vertex -1.840000e+02  4.599800e+02 -9.072333e+01
     vertex -1.840000e+02  4.604467e+02 -9.053644e+01
     vertex -1.840000e+02  4.600963e+02 -9.047067e+01
   endloop
 endfacet
 facet normal  1.000000e+00  0.000000e+00 -0.000000e+00
   outer loop
     vertex -1.840000e+02  4.599906e+02 -9.083281e+01
     vertex -1.840000e+02  4.604467e+02 -9.053644e+01
     vertex -1.840000e+02  4.599800e+02 -9.072333e+01
   endloop
 endfacet
 facet normal  1.000000e+00 -3.667285e-15  7.136871e-15
   outer loop
     vertex -1.840000e+02  4.599770e+02 -9.094196e+01
     vertex -1.840000e+02  4.624879e+02 -9.363412e+01
     vertex -1.840000e+02  4.608027e+02 -9.051766e+01
   endloop
 endfacet
 facet normal  1.000000e+00  0.000000e+00  0.000000e+00
   outer loop
     vertex -1.840000e+02  4.599770e+02 -9.094196e+01
     vertex -1.840000e+02  4.604467e+02 -9.053644e+01
     vertex -1.840000e+02  4.599906e+02 -9.083281e+01
   endloop
 endfacet
 facet normal  1.000000e+00  0.000000e+00  0.000000e+00
   outer loop
     vertex -1.840000e+02  4.599770e+02 -9.094196e+01
     vertex -1.840000e+02  4.608027e+02 -9.051766e+01
     vertex -1.840000e+02  4.604467e+02 -9.053644e+01
   endloop
 endfacet
 facet normal  1.000000e+00 -5.534776e-15  5.840284e-15
   outer loop
     vertex -1.840000e+02  4.645121e+02 -9.636588e+01
     vertex -1.840000e+02  4.685793e+02 -9.737793e+01
     vertex -1.840000e+02  4.648096e+02 -9.608397e+01
   endloop
 endfacet
 facet normal  1.000000e+00 -5.310841e-15  5.603988e-15
   outer loop
     vertex -1.840000e+02  4.621904e+02 -9.391603e+01
     vertex -1.840000e+02  4.624879e+02 -9.363412e+01
     vertex -1.840000e+02  4.599770e+02 -9.094196e+01
   endloop
 endfacet
 facet normal  1.000000e+00  0.000000e+00  0.000000e+00
   outer loop
     vertex -1.840000e+02  4.714839e+02 -1.055220e+02
     vertex -1.840000e+02  4.741735e+02 -1.032809e+02
     vertex -1.840000e+02  4.722739e+02 -1.023639e+02
   endloop
 endfacet
 facet normal  1.000000e+00  0.000000e+00 -0.000000e+00
   outer loop
     vertex -1.840000e+02  4.717279e+02 -1.058512e+02
     vertex -1.840000e+02  4.741735e+02 -1.032809e+02
     vertex -1.840000e+02  4.714839e+02 -1.055220e+02
   endloop
 endfacet
 facet normal  1.000000e+00 -0.000000e+00  0.000000e+00
   outer loop
     vertex -1.840000e+02  4.711682e+02 -1.052607e+02
     vertex -1.840000e+02  4.714839e+02 -1.055220e+02
     vertex -1.840000e+02  4.722739e+02 -1.023639e+02
   endloop
 endfacet
 facet normal  1.000000e+00 -5.368332e-15  4.164909e-15
   outer loop
     vertex -1.840000e+02  4.718860e+02 -1.062293e+02
     vertex -1.840000e+02  4.760371e+02 -1.077030e+02
     vertex -1.840000e+02  4.741735e+02 -1.032809e+02
   endloop
 endfacet
 facet normal  1.000000e+00  0.000000e+00 -0.000000e+00
   outer loop
     vertex -1.840000e+02  4.718860e+02 -1.062293e+02
     vertex -1.840000e+02  4.741735e+02 -1.032809e+02
     vertex -1.840000e+02  4.717279e+02 -1.058512e+02
   endloop
 endfacet
 facet normal  1.000000e+00 -0.000000e+00  0.000000e+00
   outer loop
     vertex -1.840000e+02  4.707991e+02 -1.050825e+02
     vertex -1.840000e+02  4.711682e+02 -1.052607e+02
     vertex -1.840000e+02  4.722739e+02 -1.023639e+02
   endloop
 endfacet
 facet normal  1.000000e+00 -5.953563e-15  3.820991e-15
   outer loop
     vertex -1.840000e+02  4.719490e+02 -1.066343e+02
     vertex -1.840000e+02  4.758743e+02 -1.079566e+02
     vertex -1.840000e+02  4.760371e+02 -1.077030e+02
   endloop
 endfacet
 facet normal  1.000000e+00 -7.247275e-15 -1.127916e-15
   outer loop
     vertex -1.840000e+02  4.719490e+02 -1.066343e+02
     vertex -1.840000e+02  4.760371e+02 -1.077030e+02
     vertex -1.840000e+02  4.718860e+02 -1.062293e+02
   endloop
 endfacet
 facet normal  1.000000e+00  3.324720e-14 -2.095347e-15
   outer loop
     vertex -1.840000e+02  4.703982e+02 -1.049978e+02
     vertex -1.840000e+02  4.722739e+02 -1.023639e+02
     vertex -1.840000e+02  4.706489e+02 -1.010188e+02
   endloop
 endfacet
 facet normal  1.000000e+00  1.271914e-13 -6.899585e-14
   outer loop
     vertex -1.840000e+02  4.703982e+02 -1.049978e+02
     vertex -1.840000e+02  4.707991e+02 -1.050825e+02
     vertex -1.840000e+02  4.722739e+02 -1.023639e+02
   endloop
 endfacet
 facet normal  1.000000e+00 -7.033421e-15  6.153446e-16
   outer loop
     vertex -1.840000e+02  4.719133e+02 -1.070426e+02
     vertex -1.840000e+02  4.758743e+02 -1.079566e+02
     vertex -1.840000e+02  4.719490e+02 -1.066343e+02
   endloop
 endfacet
 facet normal  1.000000e+00 -6.651527e-15  2.270345e-15
   outer loop
     vertex -1.840000e+02  4.719133e+02 -1.070426e+02
     vertex -1.840000e+02  4.757770e+02 -1.082418e+02
     vertex -1.840000e+02  4.758743e+02 -1.079566e+02
   endloop
 endfacet
 facet normal  1.000000e+00  0.000000e+00  0.000000e+00
   outer loop
     vertex -1.840000e+02  4.699886e+02 -1.050116e+02
     vertex -1.840000e+02  4.703982e+02 -1.049978e+02
     vertex -1.840000e+02  4.706489e+02 -1.010188e+02
   endloop
 endfacet
 facet normal  1.000000e+00 -6.988352e-15  6.114016e-16
   outer loop
     vertex -1.840000e+02  4.717809e+02 -1.074304e+02
     vertex -1.840000e+02  4.757507e+02 -1.085419e+02
     vertex -1.840000e+02  4.757770e+02 -1.082418e+02
   endloop
 endfacet
 facet normal  1.000000e+00 -6.651527e-15  2.270345e-15
   outer loop
     vertex -1.840000e+02  4.717809e+02 -1.074304e+02
     vertex -1.840000e+02  4.757770e+02 -1.082418e+02
     vertex -1.840000e+02  4.719133e+02 -1.070426e+02
   endloop
 endfacet
 facet normal  1.000000e+00  0.000000e+00 -0.000000e+00
   outer loop
     vertex -1.840000e+02  4.663954e+02 -1.011323e+02
     vertex -1.840000e+02  4.693931e+02 -9.932403e+01
     vertex -1.840000e+02  4.662160e+02 -1.008902e+02
   endloop
 endfacet
 facet normal  1.000000e+00  0.000000e+00  0.000000e+00
   outer loop
     vertex -1.840000e+02  4.659838e+02 -1.006980e+02
     vertex -1.840000e+02  4.693931e+02 -9.932403e+01
     vertex -1.840000e+02  4.685793e+02 -9.737793e+01
   endloop
 endfacet
 facet normal  1.000000e+00 -0.000000e+00  0.000000e+00
   outer loop
     vertex -1.840000e+02  4.659838e+02 -1.006980e+02
     vertex -1.840000e+02  4.662160e+02 -1.008902e+02
     vertex -1.840000e+02  4.693931e+02 -9.932403e+01
   endloop
 endfacet
 facet normal  1.000000e+00  0.000000e+00  0.000000e+00
   outer loop
     vertex -1.840000e+02  4.665116e+02 -1.014103e+02
     vertex -1.840000e+02  4.706489e+02 -1.010188e+02
     vertex -1.840000e+02  4.693931e+02 -9.932403e+01
   endloop
 endfacet
 facet normal  1.000000e+00  0.000000e+00 -0.000000e+00
   outer loop
     vertex -1.840000e+02  4.665116e+02 -1.014103e+02
     vertex -1.840000e+02  4.693931e+02 -9.932403e+01
     vertex -1.840000e+02  4.663954e+02 -1.011323e+02
   endloop
 endfacet
 facet normal  1.000000e+00  0.000000e+00  0.000000e+00
   outer loop
     vertex -1.840000e+02  4.695942e+02 -1.051229e+02
     vertex -1.840000e+02  4.699886e+02 -1.050116e+02
     vertex -1.840000e+02  4.706489e+02 -1.010188e+02
   endloop
 endfacet
 facet normal  1.000000e+00 -5.710613e-15  5.133638e-15
   outer loop
     vertex -1.840000e+02  4.657124e+02 -1.005670e+02
     vertex -1.840000e+02  4.685793e+02 -9.737793e+01
     vertex -1.840000e+02  4.645121e+02 -9.636588e+01
   endloop
 endfacet
 facet normal  1.000000e+00 -0.000000e+00  0.000000e+00
   outer loop
     vertex -1.840000e+02  4.657124e+02 -1.005670e+02
     vertex -1.840000e+02  4.659838e+02 -1.006980e+02
     vertex -1.840000e+02  4.685793e+02 -9.737793e+01
   endloop
 endfacet
 facet normal  1.000000e+00  0.000000e+00 -0.000000e+00
   outer loop
     vertex -1.840000e+02  4.665580e+02 -1.017081e+02
     vertex -1.840000e+02  4.706489e+02 -1.010188e+02
     vertex -1.840000e+02  4.665116e+02 -1.014103e+02
   endloop
 endfacet
 facet normal  1.000000e+00  1.571433e-14 -1.000217e-14
   outer loop
     vertex -1.840000e+02  4.754748e+02 -1.124334e+02
     vertex -1.840000e+02  4.791327e+02 -1.123696e+02
     vertex -1.840000e+02  4.771922e+02 -1.097351e+02
   endloop
 endfacet
 facet normal  1.000000e+00  0.000000e+00  0.000000e+00
   outer loop
     vertex -1.840000e+02  4.754748e+02 -1.124334e+02
     vertex -1.840000e+02  4.771922e+02 -1.097351e+02
     vertex -1.840000e+02  4.768911e+02 -1.097452e+02
   endloop
 endfacet
 facet normal  1.000000e+00  0.000000e+00  0.000000e+00
   outer loop
     vertex -1.840000e+02  4.754748e+02 -1.124334e+02
     vertex -1.840000e+02  4.768911e+02 -1.097452e+02
     vertex -1.840000e+02  4.765962e+02 -1.096830e+02
   endloop
 endfacet
 facet normal  1.000000e+00  0.000000e+00  0.000000e+00
   outer loop
     vertex -1.840000e+02  4.754748e+02 -1.124334e+02
     vertex -1.840000e+02  4.765962e+02 -1.096830e+02
     vertex -1.840000e+02  4.763248e+02 -1.095520e+02
   endloop
 endfacet
 facet normal  1.000000e+00  0.000000e+00  0.000000e+00
   outer loop
     vertex -1.840000e+02  4.754748e+02 -1.124334e+02
     vertex -1.840000e+02  4.763248e+02 -1.095520e+02
     vertex -1.840000e+02  4.760927e+02 -1.093598e+02
   endloop
 endfacet
 facet normal  1.000000e+00  0.000000e+00  0.000000e+00
   outer loop
     vertex -1.840000e+02  4.754748e+02 -1.124334e+02
     vertex -1.840000e+02  4.760927e+02 -1.093598e+02
     vertex -1.840000e+02  4.759133e+02 -1.091177e+02
   endloop
 endfacet
 facet normal  1.000000e+00 -6.980118e-15 -1.086338e-15
   outer loop
     vertex -1.840000e+02  4.715596e+02 -1.077753e+02
     vertex -1.840000e+02  4.757970e+02 -1.088397e+02
     vertex -1.840000e+02  4.757507e+02 -1.085419e+02
   endloop
 endfacet
 facet normal  1.000000e+00 -6.068935e-15  3.895037e-15
   outer loop
     vertex -1.840000e+02  4.715596e+02 -1.077753e+02
     vertex -1.840000e+02  4.757507e+02 -1.085419e+02
     vertex -1.840000e+02  4.717809e+02 -1.074304e+02
   endloop
 endfacet
 facet normal  1.000000e+00 -3.471702e-15  6.107483e-15
   outer loop
     vertex -1.840000e+02  4.654176e+02 -1.005048e+02
     vertex -1.840000e+02  4.645121e+02 -9.636588e+01
     vertex -1.840000e+02  4.641558e+02 -9.656840e+01
   endloop
 endfacet
 facet normal  1.000000e+00  1.520221e-15  7.199594e-15
   outer loop
     vertex -1.840000e+02  4.654176e+02 -1.005048e+02
     vertex -1.840000e+02  4.657124e+02 -1.005670e+02
     vertex -1.840000e+02  4.645121e+02 -9.636588e+01
   endloop
 endfacet
 facet normal  1.000000e+00  0.000000e+00  0.000000e+00
   outer loop
     vertex -1.840000e+02  4.595532e+02 -9.363628e+01
     vertex -1.840000e+02  4.618010e+02 -9.505705e+01
     vertex -1.840000e+02  4.618367e+02 -9.464878e+01
   endloop
 endfacet
 facet normal  1.000000e+00  0.000000e+00  0.000000e+00
   outer loop
     vertex -1.840000e+02  4.595532e+02 -9.363628e+01
     vertex -1.840000e+02  4.618367e+02 -9.464878e+01
     vertex -1.840000e+02  4.619691e+02 -9.426093e+01
   endloop
 endfacet
 facet normal  1.000000e+00  0.000000e+00  0.000000e+00
   outer loop
     vertex -1.840000e+02  4.595532e+02 -9.363628e+01
     vertex -1.840000e+02  4.619691e+02 -9.426093e+01
     vertex -1.840000e+02  4.621904e+02 -9.391603e+01
   endloop
 endfacet
 facet normal  1.000000e+00  1.100626e-15  1.037564e-14
   outer loop
     vertex -1.840000e+02  4.595532e+02 -9.363628e+01
     vertex -1.840000e+02  4.621904e+02 -9.391603e+01
     vertex -1.840000e+02  4.599770e+02 -9.094196e+01
   endloop
 endfacet
 facet normal  1.000000e+00 -0.000000e+00  0.000000e+00
   outer loop
     vertex -1.840000e+02  4.665317e+02 -1.020082e+02
     vertex -1.840000e+02  4.695942e+02 -1.051229e+02
     vertex -1.840000e+02  4.706489e+02 -1.010188e+02
   endloop
 endfacet
 facet normal  1.000000e+00  0.000000e+00  0.000000e+00
   outer loop
     vertex -1.840000e+02  4.665317e+02 -1.020082e+02
     vertex -1.840000e+02  4.706489e+02 -1.010188e+02
     vertex -1.840000e+02  4.665580e+02 -1.017081e+02
   endloop
 endfacet
 facet normal  1.000000e+00 -2.398524e-16  7.143431e-15
   outer loop
     vertex -1.840000e+02  4.651164e+02 -1.005149e+02
     vertex -1.840000e+02  4.654176e+02 -1.005048e+02
     vertex -1.840000e+02  4.641558e+02 -9.656840e+01
   endloop
 endfacet
 facet normal  1.000000e+00 -1.902931e-15  6.738625e-15
   outer loop
     vertex -1.840000e+02  4.651164e+02 -1.005149e+02
     vertex -1.840000e+02  4.641558e+02 -9.656840e+01
     vertex -1.840000e+02  4.637614e+02 -9.667978e+01
   endloop
 endfacet
 facet normal  1.000000e+00 -0.000000e+00  0.000000e+00
   outer loop
     vertex -1.840000e+02  4.664343e+02 -1.022934e+02
     vertex -1.840000e+02  4.695942e+02 -1.051229e+02
     vertex -1.840000e+02  4.665317e+02 -1.020082e+02
   endloop
 endfacet
 facet normal  1.000000e+00  0.000000e+00  0.000000e+00
   outer loop
     vertex -1.840000e+02  4.664343e+02 -1.022934e+02
     vertex -1.840000e+02  4.692379e+02 -1.053255e+02
     vertex -1.840000e+02  4.695942e+02 -1.051229e+02
   endloop
 endfacet
 facet normal  1.000000e+00 -9.101741e-14 -2.474699e-14
   outer loop
     vertex -1.840000e+02  4.648264e+02 -1.005968e+02
     vertex -1.840000e+02  4.651164e+02 -1.005149e+02
     vertex -1.840000e+02  4.637614e+02 -9.667978e+01
   endloop
 endfacet
 facet normal  1.000000e+00 -0.000000e+00  0.000000e+00
   outer loop
     vertex -1.840000e+02  4.662716e+02 -1.025470e+02
     vertex -1.840000e+02  4.692379e+02 -1.053255e+02
     vertex -1.840000e+02  4.664343e+02 -1.022934e+02
   endloop
 endfacet
 facet normal  1.000000e+00  0.000000e+00  0.000000e+00
   outer loop
     vertex -1.840000e+02  4.662716e+02 -1.025470e+02
     vertex -1.840000e+02  4.689404e+02 -1.056074e+02
     vertex -1.840000e+02  4.692379e+02 -1.053255e+02
   endloop
 endfacet
 facet normal  1.000000e+00  0.000000e+00 -0.000000e+00
   outer loop
     vertex -1.840000e+02  4.645645e+02 -1.007457e+02
     vertex -1.840000e+02  4.648264e+02 -1.005968e+02
     vertex -1.840000e+02  4.637614e+02 -9.667978e+01
   endloop
 endfacet
 facet normal  1.000000e+00  0.000000e+00  0.000000e+00
   outer loop
     vertex -1.840000e+02  4.645645e+02 -1.007457e+02
     vertex -1.840000e+02  4.637614e+02 -9.667978e+01
     vertex -1.840000e+02  4.633518e+02 -9.669353e+01
   endloop
 endfacet
 facet normal  1.000000e+00 -0.000000e+00  0.000000e+00
   outer loop
     vertex -1.840000e+02  4.660529e+02 -1.027543e+02
     vertex -1.840000e+02  4.689404e+02 -1.056074e+02
     vertex -1.840000e+02  4.662716e+02 -1.025470e+02
   endloop
 endfacet
 facet normal  1.000000e+00  0.000000e+00 -0.000000e+00
   outer loop
     vertex -1.840000e+02  4.687191e+02 -1.059523e+02
     vertex -1.840000e+02  4.689404e+02 -1.056074e+02
     vertex -1.840000e+02  4.660529e+02 -1.027543e+02
   endloop
 endfacet
 facet normal  1.000000e+00 -0.000000e+00  0.000000e+00
   outer loop
     vertex -1.840000e+02  4.657909e+02 -1.029032e+02
     vertex -1.840000e+02  4.687191e+02 -1.059523e+02
     vertex -1.840000e+02  4.660529e+02 -1.027543e+02
   endloop
 endfacet
 facet normal  1.000000e+00 -0.000000e+00  0.000000e+00
   outer loop
     vertex -1.840000e+02  4.655009e+02 -1.029851e+02
     vertex -1.840000e+02  4.687191e+02 -1.059523e+02
     vertex -1.840000e+02  4.657909e+02 -1.029032e+02
   endloop
 endfacet
 facet normal  1.000000e+00  0.000000e+00  0.000000e+00
   outer loop
     vertex -1.840000e+02  4.655009e+02 -1.029851e+02
     vertex -1.840000e+02  4.685867e+02 -1.063401e+02
     vertex -1.840000e+02  4.687191e+02 -1.059523e+02
   endloop
 endfacet
 facet normal  1.000000e+00  0.000000e+00  0.000000e+00
   outer loop
     vertex -1.840000e+02  4.595532e+02 -9.636372e+01
     vertex -1.840000e+02  4.622661e+02 -9.616937e+01
     vertex -1.840000e+02  4.620221e+02 -9.584010e+01
   endloop
 endfacet
 facet normal  1.000000e+00  0.000000e+00  0.000000e+00
   outer loop
     vertex -1.840000e+02  4.595532e+02 -9.636372e+01
     vertex -1.840000e+02  4.620221e+02 -9.584010e+01
     vertex -1.840000e+02  4.618640e+02 -9.546200e+01
   endloop
 endfacet
 facet normal  1.000000e+00  0.000000e+00  0.000000e+00
   outer loop
     vertex -1.840000e+02  4.595532e+02 -9.636372e+01
     vertex -1.840000e+02  4.618640e+02 -9.546200e+01
     vertex -1.840000e+02  4.618010e+02 -9.505705e+01
   endloop
 endfacet
 facet normal  1.000000e+00  0.000000e+00  0.000000e+00
   outer loop
     vertex -1.840000e+02  4.595532e+02 -9.636372e+01
     vertex -1.840000e+02  4.618010e+02 -9.505705e+01
     vertex -1.840000e+02  4.595532e+02 -9.363628e+01
   endloop
 endfacet
 facet normal  1.000000e+00 -6.914723e-15 -8.259920e-16
   outer loop
     vertex -1.840000e+02  4.720382e+02 -1.117818e+02
     vertex -1.840000e+02  4.757970e+02 -1.088397e+02
     vertex -1.840000e+02  4.715596e+02 -1.077753e+02
   endloop
 endfacet
 facet normal  1.000000e+00 -8.068000e-15  1.067049e-15
   outer loop
     vertex -1.840000e+02  4.720382e+02 -1.117818e+02
     vertex -1.840000e+02  4.754748e+02 -1.124334e+02
     vertex -1.840000e+02  4.759133e+02 -1.091177e+02
   endloop
 endfacet
 facet normal  1.000000e+00 -5.696730e-15 -2.382095e-15
   outer loop
     vertex -1.840000e+02  4.720382e+02 -1.117818e+02
     vertex -1.840000e+02  4.759133e+02 -1.091177e+02
     vertex -1.840000e+02  4.757970e+02 -1.088397e+02
   endloop
 endfacet
 facet normal  1.000000e+00  0.000000e+00  0.000000e+00
   outer loop
     vertex -1.840000e+02  4.720382e+02 -1.117818e+02
     vertex -1.840000e+02  4.715596e+02 -1.077753e+02
     vertex -1.840000e+02  4.712621e+02 -1.080572e+02
   endloop
 endfacet
 facet normal  1.000000e+00  0.000000e+00  0.000000e+00
   outer loop
     vertex -1.840000e+02  4.720382e+02 -1.117818e+02
     vertex -1.840000e+02  4.712621e+02 -1.080572e+02
     vertex -1.840000e+02  4.709058e+02 -1.082597e+02
   endloop
 endfacet
 facet normal  1.000000e+00  0.000000e+00  0.000000e+00
   outer loop
     vertex -1.840000e+02  4.720382e+02 -1.117818e+02
     vertex -1.840000e+02  4.709058e+02 -1.082597e+02
     vertex -1.840000e+02  4.705114e+02 -1.083711e+02
   endloop
 endfacet
 facet normal  1.000000e+00  2.127030e-14  6.365210e-15
   outer loop
     vertex -1.840000e+02  4.616534e+02 -9.994816e+01
     vertex -1.840000e+02  4.645645e+02 -1.007457e+02
     vertex -1.840000e+02  4.633518e+02 -9.669353e+01
   endloop
 endfacet
 facet normal  1.000000e+00  3.321844e-15  1.573187e-14
   outer loop
     vertex -1.840000e+02  4.616534e+02 -9.994816e+01
     vertex -1.840000e+02  4.633518e+02 -9.669353e+01
     vertex -1.840000e+02  4.629509e+02 -9.660886e+01
   endloop
 endfacet
 facet normal  1.000000e+00  0.000000e+00  0.000000e+00
   outer loop
     vertex -1.840000e+02  4.618677e+02 -1.002504e+02
     vertex -1.840000e+02  4.643457e+02 -1.009530e+02
     vertex -1.840000e+02  4.645645e+02 -1.007457e+02
   endloop
 endfacet
 facet normal  1.000000e+00 -3.971071e-14 -2.162261e-13
   outer loop
     vertex -1.840000e+02  4.618677e+02 -1.002504e+02
     vertex -1.840000e+02  4.645645e+02 -1.007457e+02
     vertex -1.840000e+02  4.616534e+02 -9.994816e+01
   endloop
 endfacet
 facet normal  1.000000e+00  7.106920e-15  1.472154e-14
   outer loop
     vertex -1.840000e+02  4.613715e+02 -9.970766e+01
     vertex -1.840000e+02  4.629509e+02 -9.660886e+01
     vertex -1.840000e+02  4.625818e+02 -9.643069e+01
   endloop
 endfacet
 facet normal  1.000000e+00  1.090808e-14  1.278422e-14
   outer loop
     vertex -1.840000e+02  4.613715e+02 -9.970766e+01
     vertex -1.840000e+02  4.616534e+02 -9.994816e+01
     vertex -1.840000e+02  4.629509e+02 -9.660886e+01
   endloop
 endfacet
 facet normal  1.000000e+00  0.000000e+00  0.000000e+00
   outer loop
     vertex -1.840000e+02  4.620014e+02 -1.005960e+02
     vertex -1.840000e+02  4.641830e+02 -1.012066e+02
     vertex -1.840000e+02  4.643457e+02 -1.009530e+02
   endloop
 endfacet
 facet normal  1.000000e+00 -0.000000e+00 -0.000000e+00
   outer loop
     vertex -1.840000e+02  4.620014e+02 -1.005960e+02
     vertex -1.840000e+02  4.643457e+02 -1.009530e+02
     vertex -1.840000e+02  4.618677e+02 -1.002504e+02
   endloop
 endfacet
 facet normal  1.000000e+00  1.384015e-13 -5.031956e-14
   outer loop
     vertex -1.840000e+02  4.610393e+02 -9.954359e+01
     vertex -1.840000e+02  4.625818e+02 -9.643069e+01
     vertex -1.840000e+02  4.622661e+02 -9.616937e+01
   endloop
 endfacet
 facet normal  1.000000e+00  7.245289e-15  1.467044e-14
   outer loop
     vertex -1.840000e+02  4.610393e+02 -9.954359e+01
     vertex -1.840000e+02  4.613715e+02 -9.970766e+01
     vertex -1.840000e+02  4.625818e+02 -9.643069e+01
   endloop
 endfacet
 facet normal  1.000000e+00  0.000000e+00  0.000000e+00
   outer loop
     vertex -1.840000e+02  4.620463e+02 -1.009637e+02
     vertex -1.840000e+02  4.640856e+02 -1.014918e+02
     vertex -1.840000e+02  4.641830e+02 -1.012066e+02
   endloop
 endfacet
 facet normal  1.000000e+00 -0.000000e+00 -0.000000e+00
   outer loop
     vertex -1.840000e+02  4.620463e+02 -1.009637e+02
     vertex -1.840000e+02  4.641830e+02 -1.012066e+02
     vertex -1.840000e+02  4.620014e+02 -1.005960e+02
   endloop
 endfacet
 facet normal  1.000000e+00 -0.000000e+00  0.000000e+00
   outer loop
     vertex -1.840000e+02  4.606770e+02 -9.946596e+01
     vertex -1.840000e+02  4.610393e+02 -9.954359e+01
     vertex -1.840000e+02  4.622661e+02 -9.616937e+01
   endloop
 endfacet
 facet normal  1.000000e+00  0.000000e+00  0.000000e+00
   outer loop
     vertex -1.840000e+02  4.619996e+02 -1.013313e+02
     vertex -1.840000e+02  4.640594e+02 -1.017919e+02
     vertex -1.840000e+02  4.640856e+02 -1.014918e+02
   endloop
 endfacet
 facet normal  1.000000e+00 -0.000000e+00  0.000000e+00
   outer loop
     vertex -1.840000e+02  4.619996e+02 -1.013313e+02
     vertex -1.840000e+02  4.640856e+02 -1.014918e+02
     vertex -1.840000e+02  4.620463e+02 -1.009637e+02
   endloop
 endfacet
 facet normal  1.000000e+00  0.000000e+00  0.000000e+00
   outer loop
     vertex -1.840000e+02  4.599770e+02 -9.905804e+01
     vertex -1.840000e+02  4.604812e+02 -9.946166e+01
     vertex -1.840000e+02  4.606770e+02 -9.946596e+01
   endloop
 endfacet
 facet normal  1.000000e+00  0.000000e+00 -0.000000e+00
   outer loop
     vertex -1.840000e+02  4.599770e+02 -9.905804e+01
     vertex -1.840000e+02  4.622661e+02 -9.616937e+01
     vertex -1.840000e+02  4.595532e+02 -9.636372e+01
   endloop
 endfacet
 facet normal  1.000000e+00 -0.000000e+00  0.000000e+00
   outer loop
     vertex -1.840000e+02  4.599770e+02 -9.905804e+01
     vertex -1.840000e+02  4.606770e+02 -9.946596e+01
     vertex -1.840000e+02  4.622661e+02 -9.616937e+01
   endloop
 endfacet
 facet normal  1.000000e+00  0.000000e+00  0.000000e+00
   outer loop
     vertex -1.840000e+02  4.599906e+02 -9.916719e+01
     vertex -1.840000e+02  4.602865e+02 -9.948291e+01
     vertex -1.840000e+02  4.604812e+02 -9.946166e+01
   endloop
 endfacet
 facet normal  1.000000e+00 -0.000000e+00 -0.000000e+00
   outer loop
     vertex -1.840000e+02  4.599906e+02 -9.916719e+01
     vertex -1.840000e+02  4.604812e+02 -9.946166e+01
     vertex -1.840000e+02  4.599770e+02 -9.905804e+01
   endloop
 endfacet
 facet normal  1.000000e+00 -0.000000e+00  0.000000e+00
   outer loop
     vertex -1.840000e+02  4.599800e+02 -9.927667e+01
     vertex -1.840000e+02  4.602865e+02 -9.948291e+01
     vertex -1.840000e+02  4.599906e+02 -9.916719e+01
   endloop
 endfacet
 facet normal  1.000000e+00  0.000000e+00 -0.000000e+00
   outer loop
     vertex -1.840000e+02  4.600963e+02 -9.952933e+01
     vertex -1.840000e+02  4.602865e+02 -9.948291e+01
     vertex -1.840000e+02  4.599800e+02 -9.927667e+01
   endloop
 endfacet
 facet normal  1.000000e+00 -0.000000e+00  0.000000e+00
   outer loop
     vertex -1.840000e+02  4.599457e+02 -9.938118e+01
     vertex -1.840000e+02  4.600963e+02 -9.952933e+01
     vertex -1.840000e+02  4.599800e+02 -9.927667e+01
   endloop
 endfacet
 facet normal  1.000000e+00  0.000000e+00  0.000000e+00
   outer loop
     vertex -1.840000e+02  4.618643e+02 -1.016763e+02
     vertex -1.840000e+02  4.641057e+02 -1.020897e+02
     vertex -1.840000e+02  4.640594e+02 -1.017919e+02
   endloop
 endfacet
 facet normal  1.000000e+00 -0.000000e+00  0.000000e+00
   outer loop
     vertex -1.840000e+02  4.618643e+02 -1.016763e+02
     vertex -1.840000e+02  4.640594e+02 -1.017919e+02
     vertex -1.840000e+02  4.619996e+02 -1.013313e+02
   endloop
 endfacet
 facet normal  1.000000e+00 -0.000000e+00  0.000000e+00
   outer loop
     vertex -1.840000e+02  4.598894e+02 -9.947566e+01
     vertex -1.840000e+02  4.600963e+02 -9.952933e+01
     vertex -1.840000e+02  4.599457e+02 -9.938118e+01
   endloop
 endfacet
 facet normal  1.000000e+00  0.000000e+00  0.000000e+00
   outer loop
     vertex -1.840000e+02  4.598138e+02 -9.955554e+01
     vertex -1.840000e+02  4.600963e+02 -9.952933e+01
     vertex -1.840000e+02  4.598894e+02 -9.947566e+01
   endloop
 endfacet
 facet normal  1.000000e+00  0.000000e+00  0.000000e+00
   outer loop
     vertex -1.840000e+02  4.597225e+02 -9.961696e+01
     vertex -1.840000e+02  4.600963e+02 -9.952933e+01
     vertex -1.840000e+02  4.598138e+02 -9.955554e+01
   endloop
 endfacet
 facet normal  1.000000e+00  0.000000e+00  0.000000e+00
   outer loop
     vertex -1.840000e+02  4.687998e+02 -1.104598e+02
     vertex -1.840000e+02  4.701018e+02 -1.083849e+02
     vertex -1.840000e+02  4.697009e+02 -1.083002e+02
   endloop
 endfacet
 facet normal  1.000000e+00  0.000000e+00  0.000000e+00
   outer loop
     vertex -1.840000e+02  4.687998e+02 -1.104598e+02
     vertex -1.840000e+02  4.697009e+02 -1.083002e+02
     vertex -1.840000e+02  4.693318e+02 -1.081220e+02
   endloop
 endfacet
 facet normal  1.000000e+00  0.000000e+00  0.000000e+00
   outer loop
     vertex -1.840000e+02  4.687998e+02 -1.104598e+02
     vertex -1.840000e+02  4.693318e+02 -1.081220e+02
     vertex -1.840000e+02  4.690161e+02 -1.078607e+02
   endloop
 endfacet
 facet normal  1.000000e+00  2.147789e-14  9.614187e-15
   outer loop
     vertex -1.840000e+02  4.687998e+02 -1.104598e+02
     vertex -1.840000e+02  4.720382e+02 -1.117818e+02
     vertex -1.840000e+02  4.705114e+02 -1.083711e+02
   endloop
 endfacet
 facet normal  1.000000e+00  1.417668e-13 -8.895758e-14
   outer loop
     vertex -1.840000e+02  4.687998e+02 -1.104598e+02
     vertex -1.840000e+02  4.705114e+02 -1.083711e+02
     vertex -1.840000e+02  4.701018e+02 -1.083849e+02
   endloop
 endfacet
 facet normal  1.000000e+00 -0.000000e+00  0.000000e+00
   outer loop
     vertex -1.840000e+02  4.616486e+02 -1.019775e+02
     vertex -1.840000e+02  4.641057e+02 -1.020897e+02
     vertex -1.840000e+02  4.618643e+02 -1.016763e+02
   endloop
 endfacet
 facet normal  1.000000e+00  8.876817e-13 -3.514037e-13
   outer loop
     vertex -1.840000e+02  4.614157e+02 -1.024042e+02
     vertex -1.840000e+02  4.616486e+02 -1.019775e+02
     vertex -1.840000e+02  4.615058e+02 -1.021765e+02
   endloop
 endfacet
 facet normal  1.000000e+00  3.219301e-13 -4.254331e-14
   outer loop
     vertex -1.840000e+02  4.613836e+02 -1.026470e+02
     vertex -1.840000e+02  4.616486e+02 -1.019775e+02
     vertex -1.840000e+02  4.614157e+02 -1.024042e+02
   endloop
 endfacet
 facet normal  1.000000e+00  0.000000e+00  0.000000e+00
   outer loop
     vertex -1.840000e+02  4.614977e+02 -1.031196e+02
     vertex -1.840000e+02  4.644014e+02 -1.026098e+02
     vertex -1.840000e+02  4.642220e+02 -1.023677e+02
   endloop
 endfacet
 facet normal  1.000000e+00  0.000000e+00  0.000000e+00
   outer loop
     vertex -1.840000e+02  4.614977e+02 -1.031196e+02
     vertex -1.840000e+02  4.642220e+02 -1.023677e+02
     vertex -1.840000e+02  4.641057e+02 -1.020897e+02
   endloop
 endfacet
 facet normal  1.000000e+00  0.000000e+00  0.000000e+00
   outer loop
     vertex -1.840000e+02  4.614977e+02 -1.031196e+02
     vertex -1.840000e+02  4.641057e+02 -1.020897e+02
     vertex -1.840000e+02  4.616486e+02 -1.019775e+02
   endloop
 endfacet
 facet normal  1.000000e+00  3.219301e-13 -4.254331e-14
   outer loop
     vertex -1.840000e+02  4.614977e+02 -1.031196e+02
     vertex -1.840000e+02  4.616486e+02 -1.019775e+02
     vertex -1.840000e+02  4.613836e+02 -1.026470e+02
   endloop
 endfacet
 facet normal  1.000000e+00 -8.936044e-13 -3.360573e-13
   outer loop
     vertex -1.840000e+02  4.614977e+02 -1.031196e+02
     vertex -1.840000e+02  4.613836e+02 -1.026470e+02
     vertex -1.840000e+02  4.614115e+02 -1.028904e+02
   endloop
 endfacet
 facet normal  1.000000e+00  0.000000e+00  0.000000e+00
   outer loop
     vertex -1.840000e+02  4.658890e+02 -1.085202e+02
     vertex -1.840000e+02  4.690161e+02 -1.078607e+02
     vertex -1.840000e+02  4.687721e+02 -1.075314e+02
   endloop
 endfacet
 facet normal  1.000000e+00  0.000000e+00  0.000000e+00
   outer loop
     vertex -1.840000e+02  4.658890e+02 -1.085202e+02
     vertex -1.840000e+02  4.687721e+02 -1.075314e+02
     vertex -1.840000e+02  4.686140e+02 -1.071533e+02
   endloop
 endfacet
 facet normal  1.000000e+00  0.000000e+00  0.000000e+00
   outer loop
     vertex -1.840000e+02  4.658890e+02 -1.085202e+02
     vertex -1.840000e+02  4.686140e+02 -1.071533e+02
     vertex -1.840000e+02  4.685510e+02 -1.067484e+02
   endloop
 endfacet
 facet normal  1.000000e+00  0.000000e+00  0.000000e+00
   outer loop
     vertex -1.840000e+02  4.658890e+02 -1.085202e+02
     vertex -1.840000e+02  4.685510e+02 -1.067484e+02
     vertex -1.840000e+02  4.685867e+02 -1.063401e+02
   endloop
 endfacet
 facet normal  1.000000e+00 -0.000000e+00  0.000000e+00
   outer loop
     vertex -1.840000e+02  4.658890e+02 -1.085202e+02
     vertex -1.840000e+02  4.687998e+02 -1.104598e+02
     vertex -1.840000e+02  4.690161e+02 -1.078607e+02
   endloop
 endfacet
 facet normal  1.000000e+00  3.196426e-16 -9.519793e-15
   outer loop
     vertex -1.840000e+02  4.634221e+02 -1.060405e+02
     vertex -1.840000e+02  4.655009e+02 -1.029851e+02
     vertex -1.840000e+02  4.651997e+02 -1.029952e+02
   endloop
 endfacet
 facet normal  1.000000e+00 -1.754492e-15 -8.309074e-15
   outer loop
     vertex -1.840000e+02  4.634221e+02 -1.060405e+02
     vertex -1.840000e+02  4.651997e+02 -1.029952e+02
     vertex -1.840000e+02  4.649049e+02 -1.029330e+02
   endloop
 endfacet
 facet normal  1.000000e+00 -8.871328e-14  3.318306e-14
   outer loop
     vertex -1.840000e+02  4.634221e+02 -1.060405e+02
     vertex -1.840000e+02  4.649049e+02 -1.029330e+02
     vertex -1.840000e+02  4.646335e+02 -1.028020e+02
   endloop
 endfacet
 facet normal  1.000000e+00  0.000000e+00  0.000000e+00
   outer loop
     vertex -1.840000e+02  4.634221e+02 -1.060405e+02
     vertex -1.840000e+02  4.646335e+02 -1.028020e+02
     vertex -1.840000e+02  4.644014e+02 -1.026098e+02
   endloop
 endfacet
 facet normal  1.000000e+00  0.000000e+00 -0.000000e+00
   outer loop
     vertex -1.840000e+02  4.634221e+02 -1.060405e+02
     vertex -1.840000e+02  4.644014e+02 -1.026098e+02
     vertex -1.840000e+02  4.614977e+02 -1.031196e+02
   endloop
 endfacet
 facet normal  1.000000e+00 -5.813501e-15 -5.347029e-15
   outer loop
     vertex -1.840000e+02  4.634221e+02 -1.060405e+02
     vertex -1.840000e+02  4.685867e+02 -1.063401e+02
     vertex -1.840000e+02  4.655009e+02 -1.029851e+02
   endloop
 endfacet
 facet normal  1.000000e+00 -5.134604e-15  6.353533e-15
   outer loop
     vertex -1.840000e+02  4.634221e+02 -1.060405e+02
     vertex -1.840000e+02  4.658890e+02 -1.085202e+02
     vertex -1.840000e+02  4.685867e+02 -1.063401e+02
   endloop
 endfacet
 facet normal  1.000000e+00  0.000000e+00  0.000000e+00
   outer loop
     vertex -1.840000e+02  4.600963e+02 -9.952933e+01
     vertex -1.840000e+02  4.597225e+02 -9.961696e+01
     vertex -1.840000e+02  4.596200e+02 -9.965695e+01
   endloop
 endfacet
 facet normal  1.000000e+00  0.000000e+00  0.000000e+00
   outer loop
     vertex -1.840000e+02  4.596200e+02 -9.034305e+01
     vertex -1.840000e+02  4.597225e+02 -9.038304e+01
     vertex -1.840000e+02  4.600963e+02 -9.047067e+01
   endloop
 endfacet
 facet normal -3.466477e-15  5.133299e-03 -9.999868e-01
   outer loop
     vertex -1.855000e+02  4.790693e+02 -1.161490e+02
     vertex -1.855000e+02  4.751479e+02 -1.161691e+02
     vertex -1.896000e+02  4.751479e+02 -1.161691e+02
   endloop
 endfacet
 facet normal -7.116933e-17  5.133299e-03 -9.999868e-01
   outer loop
     vertex -1.855000e+02  4.790693e+02 -1.161490e+02
     vertex -1.896000e+02  4.751479e+02 -1.161691e+02
     vertex -1.896000e+02  4.790693e+02 -1.161490e+02
   endloop
 endfacet
 facet normal  0.000000e+00  1.887930e-01 -9.820169e-01
   outer loop
     vertex -1.855000e+02  4.829202e+02 -1.154087e+02
     vertex -1.896000e+02  4.790693e+02 -1.161490e+02
     vertex -1.896000e+02  4.829202e+02 -1.154087e+02
   endloop
 endfacet
 facet normal -2.624027e-15  1.887930e-01 -9.820169e-01
   outer loop
     vertex -1.855000e+02  4.829202e+02 -1.154087e+02
     vertex -1.855000e+02  4.790693e+02 -1.161490e+02
     vertex -1.896000e+02  4.790693e+02 -1.161490e+02
   endloop
 endfacet
 facet normal -5.074642e-15  3.660236e-01 -9.306056e-01
   outer loop
     vertex -1.855000e+02  4.865695e+02 -1.139733e+02
     vertex -1.896000e+02  4.829202e+02 -1.154087e+02
     vertex -1.896000e+02  4.865695e+02 -1.139733e+02
   endloop
 endfacet
 facet normal  0.000000e+00  3.660236e-01 -9.306056e-01
   outer loop
     vertex -1.855000e+02  4.865695e+02 -1.139733e+02
     vertex -1.855000e+02  4.829202e+02 -1.154087e+02
     vertex -1.896000e+02  4.829202e+02 -1.154087e+02
   endloop
 endfacet
 facet normal  0.000000e+00  5.307896e-01 -8.475036e-01
   outer loop
     vertex -1.855000e+02  4.898929e+02 -1.118919e+02
     vertex -1.896000e+02  4.865695e+02 -1.139733e+02
     vertex -1.896000e+02  4.898929e+02 -1.118919e+02
   endloop
 endfacet
 facet normal -7.402517e-15  5.307896e-01 -8.475036e-01
   outer loop
     vertex -1.855000e+02  4.898929e+02 -1.118919e+02
     vertex -1.855000e+02  4.865695e+02 -1.139733e+02
     vertex -1.896000e+02  4.865695e+02 -1.139733e+02
   endloop
 endfacet
 facet normal  0.000000e+00  6.774803e-01 -7.355409e-01
   outer loop
     vertex -1.855000e+02  4.927772e+02 -1.092352e+02
     vertex -1.896000e+02  4.898929e+02 -1.118919e+02
     vertex -1.896000e+02  4.927772e+02 -1.092352e+02
   endloop
 endfacet
 facet normal  0.000000e+00  6.774803e-01 -7.355409e-01
   outer loop
     vertex -1.855000e+02  4.927772e+02 -1.092352e+02
     vertex -1.855000e+02  4.898929e+02 -1.118919e+02
     vertex -1.896000e+02  4.898929e+02 -1.118919e+02
   endloop
 endfacet
 facet normal -1.244233e-14  8.974396e-01 -4.411373e-01
   outer loop
     vertex -1.855000e+02  4.951243e+02 -1.060938e+02
     vertex -1.896000e+02  4.951243e+02 -1.060938e+02
     vertex -1.896000e+02  4.968542e+02 -1.025746e+02
   endloop
 endfacet
 facet normal -1.110665e-14  8.011002e-01 -5.985302e-01
   outer loop
     vertex -1.855000e+02  4.951243e+02 -1.060938e+02
     vertex -1.896000e+02  4.927772e+02 -1.092352e+02
     vertex -1.896000e+02  4.951243e+02 -1.060938e+02
   endloop
 endfacet
 facet normal  0.000000e+00  8.011002e-01 -5.985302e-01
   outer loop
     vertex -1.855000e+02  4.951243e+02 -1.060938e+02
     vertex -1.855000e+02  4.927772e+02 -1.092352e+02
     vertex -1.896000e+02  4.927772e+02 -1.092352e+02
   endloop
 endfacet
 facet normal -2.488465e-14  8.974396e-01 -4.411373e-01
   outer loop
     vertex -1.855000e+02  4.968542e+02 -1.025746e+02
     vertex -1.855000e+02  4.951243e+02 -1.060938e+02
     vertex -1.896000e+02  4.968542e+02 -1.025746e+02
   endloop
 endfacet
 facet normal -1.381149e-14  9.961947e-01 -8.715574e-02
   outer loop
     vertex -1.855000e+02  4.979079e+02 -9.879740e+01
     vertex -1.896000e+02  4.979079e+02 -9.879740e+01
     vertex -1.896000e+02  4.982497e+02 -9.489092e+01
   endloop
 endfacet
 facet normal -1.335429e-14  9.632178e-01 -2.687220e-01
   outer loop
     vertex -1.855000e+02  4.979079e+02 -9.879740e+01
     vertex -1.896000e+02  4.968542e+02 -1.025746e+02
     vertex -1.896000e+02  4.979079e+02 -9.879740e+01
   endloop
 endfacet
 facet normal -2.670983e-14  9.632178e-01 -2.687220e-01
   outer loop
     vertex -1.855000e+02  4.979079e+02 -9.879740e+01
     vertex -1.855000e+02  4.968542e+02 -1.025746e+02
     vertex -1.896000e+02  4.968542e+02 -1.025746e+02
   endloop
 endfacet
 facet normal -3.020872e-16  9.961947e-01 -8.715574e-02
   outer loop
     vertex -1.855000e+02  4.982497e+02 -9.489092e+01
     vertex -1.855000e+02  4.979079e+02 -9.879740e+01
     vertex -1.896000e+02  4.982497e+02 -9.489092e+01
   endloop
 endfacet
 facet normal  0.000000e+00  9.952474e-01  9.737854e-02
   outer loop
     vertex -1.855000e+02  4.978679e+02 -9.098815e+01
     vertex -1.896000e+02  4.982497e+02 -9.489092e+01
     vertex -1.896000e+02  4.978679e+02 -9.098815e+01
   endloop
 endfacet
 facet normal  3.452667e-16  9.952474e-01  9.737854e-02
   outer loop
     vertex -1.855000e+02  4.978679e+02 -9.098815e+01
     vertex -1.855000e+02  4.982497e+02 -9.489092e+01
     vertex -1.896000e+02  4.982497e+02 -9.489092e+01
   endloop
 endfacet
 facet normal  1.931267e-15  9.604082e-01  2.785967e-01
   outer loop
     vertex -1.855000e+02  4.967754e+02 -8.722200e+01
     vertex -1.896000e+02  4.978679e+02 -9.098815e+01
     vertex -1.896000e+02  4.967754e+02 -8.722200e+01
   endloop
 endfacet
 facet normal  0.000000e+00  9.604082e-01  2.785967e-01
   outer loop
     vertex -1.855000e+02  4.967754e+02 -8.722200e+01
     vertex -1.855000e+02  4.978679e+02 -9.098815e+01
     vertex -1.896000e+02  4.978679e+02 -9.098815e+01
   endloop
 endfacet
 facet normal  1.560864e-15  8.928634e-01  4.503276e-01
   outer loop
     vertex -1.855000e+02  4.950095e+02 -8.372072e+01
     vertex -1.896000e+02  4.967754e+02 -8.722200e+01
     vertex -1.896000e+02  4.950095e+02 -8.372072e+01
   endloop
 endfacet
 facet normal  3.093589e-15  8.928634e-01  4.503276e-01
   outer loop
     vertex -1.855000e+02  4.950095e+02 -8.372072e+01
     vertex -1.855000e+02  4.967754e+02 -8.722200e+01
     vertex -1.896000e+02  4.967754e+02 -8.722200e+01
   endloop
 endfacet
 facet normal  0.000000e+00  7.949132e-01  6.067232e-01
   outer loop
     vertex -1.855000e+02  4.926302e+02 -8.060354e+01
     vertex -1.896000e+02  4.950095e+02 -8.372072e+01
     vertex -1.896000e+02  4.926302e+02 -8.060354e+01
   endloop
 endfacet
 facet normal  2.099221e-15  7.949132e-01  6.067232e-01
   outer loop
     vertex -1.855000e+02  4.926302e+02 -8.060354e+01
     vertex -1.855000e+02  4.950095e+02 -8.372072e+01
     vertex -1.896000e+02  4.950095e+02 -8.372072e+01
   endloop
 endfacet
 facet normal  0.000000e+00  5.220608e-01  8.529083e-01
   outer loop
     vertex -1.855000e+02  4.897188e+02 -7.797662e+01
     vertex -1.896000e+02  4.897188e+02 -7.797662e+01
     vertex -1.896000e+02  4.863742e+02 -7.592941e+01
   endloop
 endfacet
 facet normal  0.000000e+00  6.698932e-01  7.424575e-01
   outer loop
     vertex -1.855000e+02  4.897188e+02 -7.797662e+01
     vertex -1.896000e+02  4.926302e+02 -8.060354e+01
     vertex -1.896000e+02  4.897188e+02 -7.797662e+01
   endloop
 endfacet
 facet normal  0.000000e+00  6.698932e-01  7.424575e-01
   outer loop
     vertex -1.855000e+02  4.897188e+02 -7.797662e+01
     vertex -1.855000e+02  4.926302e+02 -8.060354e+01
     vertex -1.896000e+02  4.926302e+02 -8.060354e+01
   endloop
 endfacet
 facet normal -1.447596e-14  5.220608e-01  8.529083e-01
   outer loop
     vertex -1.855000e+02  4.863742e+02 -7.592941e+01
     vertex -1.855000e+02  4.897188e+02 -7.797662e+01
     vertex -1.896000e+02  4.863742e+02 -7.592941e+01
   endloop
 endfacet
 facet normal -2.477558e-15  1.787012e-01  9.839034e-01
   outer loop
     vertex -1.855000e+02  4.827103e+02 -7.453162e+01
     vertex -1.896000e+02  4.827103e+02 -7.453162e+01
     vertex -1.896000e+02  4.788521e+02 -7.383086e+01
   endloop
 endfacet
 facet normal -4.941915e-15  3.564502e-01  9.343143e-01
   outer loop
     vertex -1.855000e+02  4.827103e+02 -7.453162e+01
     vertex -1.896000e+02  4.863742e+02 -7.592941e+01
     vertex -1.896000e+02  4.827103e+02 -7.453162e+01
   endloop
 endfacet
 facet normal -9.888437e-15  3.564502e-01  9.343143e-01
   outer loop
     vertex -1.855000e+02  4.827103e+02 -7.453162e+01
     vertex -1.855000e+02  4.863742e+02 -7.592941e+01
     vertex -1.896000e+02  4.863742e+02 -7.592941e+01
   endloop
 endfacet
 facet normal  0.000000e+00  1.787012e-01  9.839034e-01
   outer loop
     vertex -1.855000e+02  4.788521e+02 -7.383086e+01
     vertex -1.855000e+02  4.827103e+02 -7.453162e+01
     vertex -1.896000e+02  4.788521e+02 -7.383086e+01
   endloop
 endfacet
 facet normal  0.000000e+00  3.355772e-02 -9.994368e-01
   outer loop
     vertex -1.840000e+02  4.756544e+02 -8.635408e+01
     vertex -1.896000e+02  4.777626e+02 -8.628330e+01
     vertex -1.840000e+02  4.777626e+02 -8.628330e+01
   endloop
 endfacet
 facet normal -3.217486e-15  3.355772e-02 -9.994368e-01
   outer loop
     vertex -1.840000e+02  4.756544e+02 -8.635408e+01
     vertex -1.896000e+02  4.756544e+02 -8.635408e+01
     vertex -1.896000e+02  4.777626e+02 -8.628330e+01
   endloop
 endfacet
 facet normal -5.200711e-15  2.717635e-01 -9.623641e-01
   outer loop
     vertex -1.840000e+02  4.736244e+02 -8.692734e+01
     vertex -1.896000e+02  4.736244e+02 -8.692734e+01
     vertex -1.896000e+02  4.756544e+02 -8.635408e+01
   endloop
 endfacet
 facet normal -7.951248e-15  2.717635e-01 -9.623641e-01
   outer loop
     vertex -1.840000e+02  4.736244e+02 -8.692734e+01
     vertex -1.896000e+02  4.756544e+02 -8.635408e+01
     vertex -1.840000e+02  4.756544e+02 -8.635408e+01
   endloop
 endfacet
 facet normal  0.000000e+00  4.941753e-01 -8.693623e-01
   outer loop
     vertex -1.840000e+02  4.717906e+02 -8.796975e+01
     vertex -1.896000e+02  4.717906e+02 -8.796975e+01
     vertex -1.896000e+02  4.736244e+02 -8.692734e+01
   endloop
 endfacet
 facet normal -7.218154e-15  4.941753e-01 -8.693623e-01
   outer loop
     vertex -1.840000e+02  4.717906e+02 -8.796975e+01
     vertex -1.896000e+02  4.736244e+02 -8.692734e+01
     vertex -1.840000e+02  4.736244e+02 -8.692734e+01
   endloop
 endfacet
 facet normal -6.982275e-15  6.878675e-01 -7.258363e-01
   outer loop
     vertex -1.840000e+02  4.702595e+02 -8.942073e+01
     vertex -1.896000e+02  4.702595e+02 -8.942073e+01
     vertex -1.896000e+02  4.717906e+02 -8.796975e+01
   endloop
 endfacet
 facet normal  0.000000e+00  6.878675e-01 -7.258363e-01
   outer loop
     vertex -1.840000e+02  4.702595e+02 -8.942073e+01
     vertex -1.896000e+02  4.717906e+02 -8.796975e+01
     vertex -1.840000e+02  4.717906e+02 -8.796975e+01
   endloop
 endfacet
 facet normal  0.000000e+00  9.463894e-01 -3.230282e-01
   outer loop
     vertex -1.840000e+02  4.691202e+02 -9.119596e+01
     vertex -1.896000e+02  4.684388e+02 -9.319227e+01
     vertex -1.896000e+02  4.691202e+02 -9.119596e+01
   endloop
 endfacet
 facet normal  0.000000e+00  8.415833e-01 -5.401273e-01
   outer loop
     vertex -1.840000e+02  4.691202e+02 -9.119596e+01
     vertex -1.896000e+02  4.691202e+02 -9.119596e+01
     vertex -1.896000e+02  4.702595e+02 -8.942073e+01
   endloop
 endfacet
 facet normal -8.533963e-15  8.415833e-01 -5.401273e-01
   outer loop
     vertex -1.840000e+02  4.691202e+02 -9.119596e+01
     vertex -1.896000e+02  4.702595e+02 -8.942073e+01
     vertex -1.840000e+02  4.702595e+02 -8.942073e+01
   endloop
 endfacet
 facet normal -9.606430e-15  9.463894e-01 -3.230282e-01
   outer loop
     vertex -1.840000e+02  4.684388e+02 -9.319227e+01
     vertex -1.896000e+02  4.684388e+02 -9.319227e+01
     vertex -1.840000e+02  4.691202e+02 -9.119596e+01
   endloop
 endfacet
 facet normal -1.011198e-14  9.961947e-01 -8.715574e-02
   outer loop
     vertex -1.840000e+02  4.682549e+02 -9.529363e+01
     vertex -1.896000e+02  4.682549e+02 -9.529363e+01
     vertex -1.896000e+02  4.684388e+02 -9.319227e+01
   endloop
 endfacet
 facet normal -1.011293e-14  9.961947e-01 -8.715574e-02
   outer loop
     vertex -1.840000e+02  4.682549e+02 -9.529363e+01
     vertex -1.896000e+02  4.684388e+02 -9.319227e+01
     vertex -1.840000e+02  4.684388e+02 -9.319227e+01
   endloop
 endfacet
 facet normal -9.364851e-15  9.225899e-01  3.857822e-01
   outer loop
     vertex -1.840000e+02  4.685793e+02 -9.737793e+01
     vertex -1.896000e+02  4.693931e+02 -9.932403e+01
     vertex -1.896000e+02  4.685793e+02 -9.737793e+01
   endloop
 endfacet
 facet normal -1.002987e-14  9.881048e-01  1.537818e-01
   outer loop
     vertex -1.840000e+02  4.685793e+02 -9.737793e+01
     vertex -1.896000e+02  4.685793e+02 -9.737793e+01
     vertex -1.896000e+02  4.682549e+02 -9.529363e+01
   endloop
 endfacet
 facet normal -1.003775e-14  9.881048e-01  1.537818e-01
   outer loop
     vertex -1.840000e+02  4.685793e+02 -9.737793e+01
     vertex -1.896000e+02  4.682549e+02 -9.529363e+01
     vertex -1.840000e+02  4.682549e+02 -9.529363e+01
   endloop
 endfacet
 facet normal -1.775072e-14  9.225899e-01  3.857822e-01
   outer loop
     vertex -1.840000e+02  4.693931e+02 -9.932403e+01
     vertex -1.896000e+02  4.693931e+02 -9.932403e+01
     vertex -1.840000e+02  4.685793e+02 -9.737793e+01
   endloop
 endfacet
 facet normal -6.644760e-15  8.034574e-01  5.953623e-01
   outer loop
     vertex -1.840000e+02  4.706489e+02 -1.010188e+02
     vertex -1.896000e+02  4.706489e+02 -1.010188e+02
     vertex -1.896000e+02  4.693931e+02 -9.932403e+01
   endloop
 endfacet
 facet normal -1.481225e-14  8.034574e-01  5.953623e-01
   outer loop
     vertex -1.840000e+02  4.706489e+02 -1.010188e+02
     vertex -1.896000e+02  4.693931e+02 -9.932403e+01
     vertex -1.840000e+02  4.693931e+02 -9.932403e+01
   endloop
 endfacet
 facet normal -1.098982e-14  6.376309e-01  7.703421e-01
   outer loop
     vertex -1.840000e+02  4.722739e+02 -1.023639e+02
     vertex -1.896000e+02  4.722739e+02 -1.023639e+02
     vertex -1.896000e+02  4.706489e+02 -1.010188e+02
   endloop
 endfacet
 facet normal -4.511346e-15  6.376309e-01  7.703421e-01
   outer loop
     vertex -1.840000e+02  4.722739e+02 -1.023639e+02
     vertex -1.896000e+02  4.706489e+02 -1.010188e+02
     vertex -1.840000e+02  4.706489e+02 -1.010188e+02
   endloop
 endfacet
 facet normal -2.097099e-15  2.065983e-01  9.784259e-01
   outer loop
     vertex -1.840000e+02  4.741735e+02 -1.032809e+02
     vertex -1.896000e+02  4.762374e+02 -1.037167e+02
     vertex -1.896000e+02  4.741735e+02 -1.032809e+02
   endloop
 endfacet
 facet normal -4.412953e-15  4.347475e-01  9.005524e-01
   outer loop
     vertex -1.840000e+02  4.741735e+02 -1.032809e+02
     vertex -1.896000e+02  4.741735e+02 -1.032809e+02
     vertex -1.896000e+02  4.722739e+02 -1.023639e+02
   endloop
 endfacet
 facet normal -6.541452e-15  4.347475e-01  9.005524e-01
   outer loop
     vertex -1.840000e+02  4.741735e+02 -1.032809e+02
     vertex -1.896000e+02  4.722739e+02 -1.023639e+02
     vertex -1.840000e+02  4.722739e+02 -1.023639e+02
   endloop
 endfacet
 facet normal  0.000000e+00  2.065983e-01  9.784259e-01
   outer loop
     vertex -1.840000e+02  4.762374e+02 -1.037167e+02
     vertex -1.896000e+02  4.762374e+02 -1.037167e+02
     vertex -1.840000e+02  4.741735e+02 -1.032809e+02
   endloop
 endfacet
 facet normal -1.000000e+00  0.000000e+00  0.000000e+00
   outer loop
     vertex -1.896000e+02  4.865754e+02 -8.170259e+01
     vertex -1.896000e+02  4.861090e+02 -8.107309e+01
     vertex -1.896000e+02  4.897188e+02 -7.797662e+01
   endloop
 endfacet
 facet normal -1.000000e+00  0.000000e+00  0.000000e+00
   outer loop
     vertex -1.896000e+02  4.855054e+02 -8.057351e+01
     vertex -1.896000e+02  4.863742e+02 -7.592941e+01
     vertex -1.896000e+02  4.897188e+02 -7.797662e+01
   endloop
 endfacet
 facet normal -1.000000e+00  0.000000e+00  0.000000e+00
   outer loop
     vertex -1.896000e+02  4.855054e+02 -8.057351e+01
     vertex -1.896000e+02  4.897188e+02 -7.797662e+01
     vertex -1.896000e+02  4.861090e+02 -8.107309e+01
   endloop
 endfacet
 facet normal -1.000000e+00  0.000000e+00  0.000000e+00
   outer loop
     vertex -1.896000e+02  4.868777e+02 -8.242543e+01
     vertex -1.896000e+02  4.897188e+02 -7.797662e+01
     vertex -1.896000e+02  4.926302e+02 -8.060354e+01
   endloop
 endfacet
 facet normal -1.000000e+00  0.000000e+00  0.000000e+00
   outer loop
     vertex -1.896000e+02  4.868777e+02 -8.242543e+01
     vertex -1.896000e+02  4.865754e+02 -8.170259e+01
     vertex -1.896000e+02  4.897188e+02 -7.797662e+01
   endloop
 endfacet
 facet normal -1.000000e+00  0.000000e+00  0.000000e+00
   outer loop
     vertex -1.896000e+02  4.847998e+02 -8.023289e+01
     vertex -1.896000e+02  4.863742e+02 -7.592941e+01
     vertex -1.896000e+02  4.855054e+02 -8.057351e+01
   endloop
 endfacet
 facet normal -1.000000e+00  0.000000e+00  0.000000e+00
   outer loop
     vertex -1.896000e+02  4.869982e+02 -8.319959e+01
     vertex -1.896000e+02  4.868777e+02 -8.242543e+01
     vertex -1.896000e+02  4.926302e+02 -8.060354e+01
   endloop
 endfacet
 facet normal -1.000000e+00 -8.535028e-15 -2.038324e-15
   outer loop
     vertex -1.896000e+02  4.840333e+02 -8.007102e+01
     vertex -1.896000e+02  4.827103e+02 -7.453162e+01
     vertex -1.896000e+02  4.863742e+02 -7.592941e+01
   endloop
 endfacet
 facet normal -1.000000e+00 -3.441716e-14  1.259070e-14
   outer loop
     vertex -1.896000e+02  4.840333e+02 -8.007102e+01
     vertex -1.896000e+02  4.863742e+02 -7.592941e+01
     vertex -1.896000e+02  4.847998e+02 -8.023289e+01
   endloop
 endfacet
 facet normal -1.000000e+00 -3.495959e-15 -2.590507e-15
   outer loop
     vertex -1.896000e+02  4.897780e+02 -8.763228e+01
     vertex -1.896000e+02  4.895986e+02 -8.739017e+01
     vertex -1.896000e+02  4.950095e+02 -8.372072e+01
   endloop
 endfacet
 facet normal -1.000000e+00 -7.246809e-15  3.586594e-15
   outer loop
     vertex -1.896000e+02  4.893665e+02 -8.719802e+01
     vertex -1.896000e+02  4.926302e+02 -8.060354e+01
     vertex -1.896000e+02  4.950095e+02 -8.372072e+01
   endloop
 endfacet
 facet normal -1.000000e+00 -2.887215e-15 -3.488136e-15
   outer loop
     vertex -1.896000e+02  4.893665e+02 -8.719802e+01
     vertex -1.896000e+02  4.950095e+02 -8.372072e+01
     vertex -1.896000e+02  4.895986e+02 -8.739017e+01
   endloop
 endfacet
 facet normal -1.000000e+00 -3.932047e-15 -1.983181e-15
   outer loop
     vertex -1.896000e+02  4.898943e+02 -8.791030e+01
     vertex -1.896000e+02  4.950095e+02 -8.372072e+01
     vertex -1.896000e+02  4.967754e+02 -8.722200e+01
   endloop
 endfacet
 facet normal -1.000000e+00 -4.138865e-15 -1.730672e-15
   outer loop
     vertex -1.896000e+02  4.898943e+02 -8.791030e+01
     vertex -1.896000e+02  4.897780e+02 -8.763228e+01
     vertex -1.896000e+02  4.950095e+02 -8.372072e+01
   endloop
 endfacet
 facet normal -1.000000e+00  3.600756e-14  8.599278e-15
   outer loop
     vertex -1.896000e+02  4.832502e+02 -8.009732e+01
     vertex -1.896000e+02  4.827103e+02 -7.453162e+01
     vertex -1.896000e+02  4.840333e+02 -8.007102e+01
   endloop
 endfacet
 facet normal -1.000000e+00  0.000000e+00  0.000000e+00
   outer loop
     vertex -1.896000e+02  4.890951e+02 -8.706701e+01
     vertex -1.896000e+02  4.926302e+02 -8.060354e+01
     vertex -1.896000e+02  4.893665e+02 -8.719802e+01
   endloop
 endfacet
 facet normal -1.000000e+00  0.000000e+00  0.000000e+00
   outer loop
     vertex -1.896000e+02  4.890951e+02 -8.706701e+01
     vertex -1.896000e+02  4.869299e+02 -8.398010e+01
     vertex -1.896000e+02  4.869982e+02 -8.319959e+01
   endloop
 endfacet
 facet normal -1.000000e+00  0.000000e+00  0.000000e+00
   outer loop
     vertex -1.896000e+02  4.890951e+02 -8.706701e+01
     vertex -1.896000e+02  4.869982e+02 -8.319959e+01
     vertex -1.896000e+02  4.926302e+02 -8.060354e+01
   endloop
 endfacet
 facet normal -1.000000e+00 -4.067105e-15 -6.329762e-16
   outer loop
     vertex -1.896000e+02  4.899406e+02 -8.820805e+01
     vertex -1.896000e+02  4.898943e+02 -8.791030e+01
     vertex -1.896000e+02  4.967754e+02 -8.722200e+01
   endloop
 endfacet
 facet normal -1.000000e+00  0.000000e+00  0.000000e+00
   outer loop
     vertex -1.896000e+02  4.888003e+02 -8.700476e+01
     vertex -1.896000e+02  4.869299e+02 -8.398010e+01
     vertex -1.896000e+02  4.890951e+02 -8.706701e+01
   endloop
 endfacet
 facet normal -1.000000e+00 -4.211584e-15  3.684658e-16
   outer loop
     vertex -1.896000e+02  4.899144e+02 -8.850825e+01
     vertex -1.896000e+02  4.899406e+02 -8.820805e+01
     vertex -1.896000e+02  4.967754e+02 -8.722200e+01
   endloop
 endfacet
 facet normal -1.000000e+00  0.000000e+00  0.000000e+00
   outer loop
     vertex -1.896000e+02  4.866768e+02 -8.472159e+01
     vertex -1.896000e+02  4.869299e+02 -8.398010e+01
     vertex -1.896000e+02  4.888003e+02 -8.700476e+01
   endloop
 endfacet
 facet normal -1.000000e+00  0.000000e+00  0.000000e+00
   outer loop
     vertex -1.896000e+02  4.884991e+02 -8.701487e+01
     vertex -1.896000e+02  4.866768e+02 -8.472159e+01
     vertex -1.896000e+02  4.888003e+02 -8.700476e+01
   endloop
 endfacet
 facet normal -1.000000e+00  0.000000e+00  0.000000e+00
   outer loop
     vertex -1.896000e+02  4.882091e+02 -8.709676e+01
     vertex -1.896000e+02  4.866768e+02 -8.472159e+01
     vertex -1.896000e+02  4.884991e+02 -8.701487e+01
   endloop
 endfacet
 facet normal -1.000000e+00 -1.403610e-15  4.970440e-15
   outer loop
     vertex -1.896000e+02  4.824962e+02 -8.031024e+01
     vertex -1.896000e+02  4.827103e+02 -7.453162e+01
     vertex -1.896000e+02  4.832502e+02 -8.009732e+01
   endloop
 endfacet
 facet normal -1.000000e+00  1.717285e-14 -3.242460e-14
   outer loop
     vertex -1.896000e+02  4.933254e+02 -9.339393e+01
     vertex -1.896000e+02  4.928590e+02 -9.276443e+01
     vertex -1.896000e+02  4.978679e+02 -9.098815e+01
   endloop
 endfacet
 facet normal -1.000000e+00  4.750575e-15  1.378054e-15
   outer loop
     vertex -1.896000e+02  4.922554e+02 -9.226485e+01
     vertex -1.896000e+02  4.967754e+02 -8.722200e+01
     vertex -1.896000e+02  4.978679e+02 -9.098815e+01
   endloop
 endfacet
 facet normal -1.000000e+00 -6.249180e-15  1.123723e-14
   outer loop
     vertex -1.896000e+02  4.922554e+02 -9.226485e+01
     vertex -1.896000e+02  4.899144e+02 -8.850825e+01
     vertex -1.896000e+02  4.967754e+02 -8.722200e+01
   endloop
 endfacet
 facet normal -1.000000e+00  3.972357e-15  4.799130e-15
   outer loop
     vertex -1.896000e+02  4.922554e+02 -9.226485e+01
     vertex -1.896000e+02  4.978679e+02 -9.098815e+01
     vertex -1.896000e+02  4.928590e+02 -9.276443e+01
   endloop
 endfacet
 facet normal -1.000000e+00 -1.240065e-15 -7.403781e-15
   outer loop
     vertex -1.896000e+02  4.936277e+02 -9.411677e+01
     vertex -1.896000e+02  4.978679e+02 -9.098815e+01
     vertex -1.896000e+02  4.982497e+02 -9.489092e+01
   endloop
 endfacet
 facet normal -1.000000e+00  1.704890e-14 -3.219057e-14
   outer loop
     vertex -1.896000e+02  4.936277e+02 -9.411677e+01
     vertex -1.896000e+02  4.933254e+02 -9.339393e+01
     vertex -1.896000e+02  4.978679e+02 -9.098815e+01
   endloop
 endfacet
 facet normal -1.000000e+00  0.000000e+00  0.000000e+00
   outer loop
     vertex -1.896000e+02  4.862536e+02 -8.538096e+01
     vertex -1.896000e+02  4.866768e+02 -8.472159e+01
     vertex -1.896000e+02  4.882091e+02 -8.709676e+01
   endloop
 endfacet
 facet normal -1.000000e+00  0.000000e+00  0.000000e+00
   outer loop
     vertex -1.896000e+02  4.862536e+02 -8.538096e+01
     vertex -1.896000e+02  4.882091e+02 -8.709676e+01
     vertex -1.896000e+02  4.879471e+02 -8.724568e+01
   endloop
 endfacet
 facet normal -1.000000e+00 -4.716672e-14 -1.426173e-14
   outer loop
     vertex -1.896000e+02  4.915498e+02 -9.192423e+01
     vertex -1.896000e+02  4.899144e+02 -8.850825e+01
     vertex -1.896000e+02  4.922554e+02 -9.226485e+01
   endloop
 endfacet
 facet normal -1.000000e+00 -1.014541e-14  3.462902e-15
   outer loop
     vertex -1.896000e+02  4.915498e+02 -9.192423e+01
     vertex -1.896000e+02  4.898170e+02 -8.879343e+01
     vertex -1.896000e+02  4.899144e+02 -8.850825e+01
   endloop
 endfacet
 facet normal -1.000000e+00  0.000000e+00  0.000000e+00
   outer loop
     vertex -1.896000e+02  4.877284e+02 -8.745296e+01
     vertex -1.896000e+02  4.862536e+02 -8.538096e+01
     vertex -1.896000e+02  4.879471e+02 -8.724568e+01
   endloop
 endfacet
 facet normal -1.000000e+00  0.000000e+00  0.000000e+00
   outer loop
     vertex -1.896000e+02  4.937482e+02 -9.489094e+01
     vertex -1.896000e+02  4.936277e+02 -9.411677e+01
     vertex -1.896000e+02  4.982497e+02 -9.489092e+01
   endloop
 endfacet
 facet normal -1.000000e+00  0.000000e+00  0.000000e+00
   outer loop
     vertex -1.896000e+02  4.818151e+02 -8.069742e+01
     vertex -1.896000e+02  4.788521e+02 -7.383086e+01
     vertex -1.896000e+02  4.827103e+02 -7.453162e+01
   endloop
 endfacet
 facet normal -1.000000e+00 -4.548079e-14  6.603788e-15
   outer loop
     vertex -1.896000e+02  4.818151e+02 -8.069742e+01
     vertex -1.896000e+02  4.827103e+02 -7.453162e+01
     vertex -1.896000e+02  4.824962e+02 -8.031024e+01
   endloop
 endfacet
 facet normal -1.000000e+00  2.170540e-15  1.027943e-14
   outer loop
     vertex -1.896000e+02  4.907833e+02 -9.176237e+01
     vertex -1.896000e+02  4.898170e+02 -8.879343e+01
     vertex -1.896000e+02  4.915498e+02 -9.192423e+01
   endloop
 endfacet
 facet normal -1.000000e+00 -9.897238e-15  6.352038e-15
   outer loop
     vertex -1.896000e+02  4.907833e+02 -9.176237e+01
     vertex -1.896000e+02  4.896543e+02 -8.904704e+01
     vertex -1.896000e+02  4.898170e+02 -8.879343e+01
   endloop
 endfacet
 facet normal -1.000000e+00 -7.115755e-15  7.508529e-15
   outer loop
     vertex -1.896000e+02  4.907833e+02 -9.176237e+01
     vertex -1.896000e+02  4.894355e+02 -8.925432e+01
     vertex -1.896000e+02  4.896543e+02 -8.904704e+01
   endloop
 endfacet
 facet normal -1.000000e+00  0.000000e+00  0.000000e+00
   outer loop
     vertex -1.896000e+02  4.856849e+02 -8.591989e+01
     vertex -1.896000e+02  4.862536e+02 -8.538096e+01
     vertex -1.896000e+02  4.877284e+02 -8.745296e+01
   endloop
 endfacet
 facet normal -1.000000e+00  0.000000e+00  0.000000e+00
   outer loop
     vertex -1.896000e+02  4.856849e+02 -8.591989e+01
     vertex -1.896000e+02  4.875657e+02 -8.770657e+01
     vertex -1.896000e+02  4.874683e+02 -8.799175e+01
   endloop
 endfacet
 facet normal -1.000000e+00  0.000000e+00  0.000000e+00
   outer loop
     vertex -1.896000e+02  4.856849e+02 -8.591989e+01
     vertex -1.896000e+02  4.877284e+02 -8.745296e+01
     vertex -1.896000e+02  4.875657e+02 -8.770657e+01
   endloop
 endfacet
 facet normal -1.000000e+00  0.000000e+00  0.000000e+00
   outer loop
     vertex -1.896000e+02  4.936799e+02 -9.567144e+01
     vertex -1.896000e+02  4.982497e+02 -9.489092e+01
     vertex -1.896000e+02  4.979079e+02 -9.879740e+01
   endloop
 endfacet
 facet normal -1.000000e+00  0.000000e+00  0.000000e+00
   outer loop
     vertex -1.896000e+02  4.936799e+02 -9.567144e+01
     vertex -1.896000e+02  4.937482e+02 -9.489094e+01
     vertex -1.896000e+02  4.982497e+02 -9.489092e+01
   endloop
 endfacet
 facet normal -1.000000e+00 -3.602678e-14 -8.026948e-15
   outer loop
     vertex -1.896000e+02  4.900002e+02 -9.178866e+01
     vertex -1.896000e+02  4.894355e+02 -8.925432e+01
     vertex -1.896000e+02  4.907833e+02 -9.176237e+01
   endloop
 endfacet
 facet normal -1.000000e+00  0.000000e+00  0.000000e+00
   outer loop
     vertex -1.896000e+02  4.900002e+02 -9.178866e+01
     vertex -1.896000e+02  4.891736e+02 -8.940324e+01
     vertex -1.896000e+02  4.894355e+02 -8.925432e+01
   endloop
 endfacet
 facet normal -1.000000e+00  0.000000e+00  0.000000e+00
   outer loop
     vertex -1.896000e+02  4.900002e+02 -9.178866e+01
     vertex -1.896000e+02  4.888836e+02 -8.948513e+01
     vertex -1.896000e+02  4.891736e+02 -8.940324e+01
   endloop
 endfacet
 facet normal -1.000000e+00  0.000000e+00  0.000000e+00
   outer loop
     vertex -1.896000e+02  4.850038e+02 -8.630707e+01
     vertex -1.896000e+02  4.856849e+02 -8.591989e+01
     vertex -1.896000e+02  4.874683e+02 -8.799175e+01
   endloop
 endfacet
 facet normal -1.000000e+00  0.000000e+00  0.000000e+00
   outer loop
     vertex -1.896000e+02  4.850038e+02 -8.630707e+01
     vertex -1.896000e+02  4.874683e+02 -8.799175e+01
     vertex -1.896000e+02  4.874420e+02 -8.829195e+01
   endloop
 endfacet
 facet normal -1.000000e+00  2.262881e-14  3.060697e-14
   outer loop
     vertex -1.896000e+02  4.934268e+02 -9.641293e+01
     vertex -1.896000e+02  4.936799e+02 -9.567144e+01
     vertex -1.896000e+02  4.979079e+02 -9.879740e+01
   endloop
 endfacet
 facet normal -1.000000e+00  0.000000e+00  0.000000e+00
   outer loop
     vertex -1.896000e+02  4.892462e+02 -9.200158e+01
     vertex -1.896000e+02  4.885824e+02 -8.949524e+01
     vertex -1.896000e+02  4.888836e+02 -8.948513e+01
   endloop
 endfacet
 facet normal -1.000000e+00  0.000000e+00  0.000000e+00
   outer loop
     vertex -1.896000e+02  4.892462e+02 -9.200158e+01
     vertex -1.896000e+02  4.888836e+02 -8.948513e+01
     vertex -1.896000e+02  4.900002e+02 -9.178866e+01
   endloop
 endfacet
 facet normal -1.000000e+00  4.727887e-15 -3.034354e-15
   outer loop
     vertex -1.896000e+02  4.930036e+02 -9.707230e+01
     vertex -1.896000e+02  4.934268e+02 -9.641293e+01
     vertex -1.896000e+02  4.979079e+02 -9.879740e+01
   endloop
 endfacet
 facet normal -1.000000e+00  0.000000e+00  0.000000e+00
   outer loop
     vertex -1.896000e+02  4.885651e+02 -9.238876e+01
     vertex -1.896000e+02  4.882876e+02 -8.943299e+01
     vertex -1.896000e+02  4.885824e+02 -8.949524e+01
   endloop
 endfacet
 facet normal -1.000000e+00  0.000000e+00  0.000000e+00
   outer loop
     vertex -1.896000e+02  4.885651e+02 -9.238876e+01
     vertex -1.896000e+02  4.880162e+02 -8.930198e+01
     vertex -1.896000e+02  4.882876e+02 -8.943299e+01
   endloop
 endfacet
 facet normal -1.000000e+00  0.000000e+00  0.000000e+00
   outer loop
     vertex -1.896000e+02  4.885651e+02 -9.238876e+01
     vertex -1.896000e+02  4.885824e+02 -8.949524e+01
     vertex -1.896000e+02  4.892462e+02 -9.200158e+01
   endloop
 endfacet
 facet normal -1.000000e+00  4.896968e-15 -1.366174e-15
   outer loop
     vertex -1.896000e+02  4.924349e+02 -9.761124e+01
     vertex -1.896000e+02  4.979079e+02 -9.879740e+01
     vertex -1.896000e+02  4.968542e+02 -1.025746e+02
   endloop
 endfacet
 facet normal -1.000000e+00  4.226492e-15 -4.459785e-15
   outer loop
     vertex -1.896000e+02  4.924349e+02 -9.761124e+01
     vertex -1.896000e+02  4.930036e+02 -9.707230e+01
     vertex -1.896000e+02  4.979079e+02 -9.879740e+01
   endloop
 endfacet
 facet normal -1.000000e+00  0.000000e+00  0.000000e+00
   outer loop
     vertex -1.896000e+02  4.779073e+02 -8.064017e+01
     vertex -1.896000e+02  4.818151e+02 -8.069742e+01
     vertex -1.896000e+02  4.812464e+02 -8.123636e+01
   endloop
 endfacet
 facet normal -1.000000e+00  0.000000e+00  0.000000e+00
   outer loop
     vertex -1.896000e+02  4.780867e+02 -8.088228e+01
     vertex -1.896000e+02  4.779073e+02 -8.064017e+01
     vertex -1.896000e+02  4.812464e+02 -8.123636e+01
   endloop
 endfacet
 facet normal -1.000000e+00  0.000000e+00  0.000000e+00
   outer loop
     vertex -1.896000e+02  4.776752e+02 -8.044802e+01
     vertex -1.896000e+02  4.788521e+02 -7.383086e+01
     vertex -1.896000e+02  4.818151e+02 -8.069742e+01
   endloop
 endfacet
 facet normal -1.000000e+00  0.000000e+00  0.000000e+00
   outer loop
     vertex -1.896000e+02  4.776752e+02 -8.044802e+01
     vertex -1.896000e+02  4.818151e+02 -8.069742e+01
     vertex -1.896000e+02  4.779073e+02 -8.064017e+01
   endloop
 endfacet
 facet normal -1.000000e+00  0.000000e+00  0.000000e+00
   outer loop
     vertex -1.896000e+02  4.782030e+02 -8.116030e+01
     vertex -1.896000e+02  4.780867e+02 -8.088228e+01
     vertex -1.896000e+02  4.812464e+02 -8.123636e+01
   endloop
 endfacet
 facet normal -1.000000e+00  0.000000e+00  0.000000e+00
   outer loop
     vertex -1.896000e+02  4.782030e+02 -8.116030e+01
     vertex -1.896000e+02  4.812464e+02 -8.123636e+01
     vertex -1.896000e+02  4.808232e+02 -8.189573e+01
   endloop
 endfacet
 facet normal -1.000000e+00  0.000000e+00  0.000000e+00
   outer loop
     vertex -1.896000e+02  4.774038e+02 -8.031701e+01
     vertex -1.896000e+02  4.788521e+02 -7.383086e+01
     vertex -1.896000e+02  4.776752e+02 -8.044802e+01
   endloop
 endfacet
 facet normal -1.000000e+00  0.000000e+00  0.000000e+00
   outer loop
     vertex -1.896000e+02  4.782493e+02 -8.145805e+01
     vertex -1.896000e+02  4.782030e+02 -8.116030e+01
     vertex -1.896000e+02  4.808232e+02 -8.189573e+01
   endloop
 endfacet
 facet normal -1.000000e+00  0.000000e+00  0.000000e+00
   outer loop
     vertex -1.896000e+02  4.771089e+02 -8.025476e+01
     vertex -1.896000e+02  4.788521e+02 -7.383086e+01
     vertex -1.896000e+02  4.774038e+02 -8.031701e+01
   endloop
 endfacet
 facet normal -1.000000e+00 -1.451609e-14  3.938920e-15
   outer loop
     vertex -1.896000e+02  4.771089e+02 -8.025476e+01
     vertex -1.896000e+02  4.749307e+02 -7.385099e+01
     vertex -1.896000e+02  4.788521e+02 -7.383086e+01
   endloop
 endfacet
 facet normal -1.000000e+00  0.000000e+00  0.000000e+00
   outer loop
     vertex -1.896000e+02  4.782230e+02 -8.175825e+01
     vertex -1.896000e+02  4.782493e+02 -8.145805e+01
     vertex -1.896000e+02  4.808232e+02 -8.189573e+01
   endloop
 endfacet
 facet normal -1.000000e+00  0.000000e+00  0.000000e+00
   outer loop
     vertex -1.896000e+02  4.782230e+02 -8.175825e+01
     vertex -1.896000e+02  4.808232e+02 -8.189573e+01
     vertex -1.896000e+02  4.805701e+02 -8.263721e+01
   endloop
 endfacet
 facet normal -1.000000e+00  2.161210e-15 -3.802039e-15
   outer loop
     vertex -1.896000e+02  4.917538e+02 -9.799842e+01
     vertex -1.896000e+02  4.924349e+02 -9.761124e+01
     vertex -1.896000e+02  4.968542e+02 -1.025746e+02
   endloop
 endfacet
 facet normal -1.000000e+00 -2.946796e-16  8.776328e-15
   outer loop
     vertex -1.896000e+02  4.768078e+02 -8.026487e+01
     vertex -1.896000e+02  4.749307e+02 -7.385099e+01
     vertex -1.896000e+02  4.771089e+02 -8.025476e+01
   endloop
 endfacet
 facet normal -1.000000e+00  0.000000e+00  0.000000e+00
   outer loop
     vertex -1.896000e+02  4.781257e+02 -8.204343e+01
     vertex -1.896000e+02  4.782230e+02 -8.175825e+01
     vertex -1.896000e+02  4.805701e+02 -8.263721e+01
   endloop
 endfacet
 facet normal -1.000000e+00  0.000000e+00  0.000000e+00
   outer loop
     vertex -1.896000e+02  4.781257e+02 -8.204343e+01
     vertex -1.896000e+02  4.805701e+02 -8.263721e+01
     vertex -1.896000e+02  4.805018e+02 -8.341772e+01
   endloop
 endfacet
 facet normal -1.000000e+00 -2.311669e-15  8.186042e-15
   outer loop
     vertex -1.896000e+02  4.765178e+02 -8.034676e+01
     vertex -1.896000e+02  4.749307e+02 -7.385099e+01
     vertex -1.896000e+02  4.768078e+02 -8.026487e+01
   endloop
 endfacet
 facet normal -1.000000e+00  0.000000e+00  0.000000e+00
   outer loop
     vertex -1.896000e+02  4.779629e+02 -8.229704e+01
     vertex -1.896000e+02  4.781257e+02 -8.204343e+01
     vertex -1.896000e+02  4.805018e+02 -8.341772e+01
   endloop
 endfacet
 facet normal -1.000000e+00 -4.367684e-15  7.683710e-15
   outer loop
     vertex -1.896000e+02  4.762558e+02 -8.049568e+01
     vertex -1.896000e+02  4.749307e+02 -7.385099e+01
     vertex -1.896000e+02  4.765178e+02 -8.034676e+01
   endloop
 endfacet
 facet normal -1.000000e+00  6.769905e-15  1.053621e-15
   outer loop
     vertex -1.896000e+02  4.833511e+02 -8.898116e+01
     vertex -1.896000e+02  4.874420e+02 -8.829195e+01
     vertex -1.896000e+02  4.874884e+02 -8.858970e+01
   endloop
 endfacet
 facet normal -1.000000e+00  5.756155e-15  7.070968e-15
   outer loop
     vertex -1.896000e+02  4.833511e+02 -8.898116e+01
     vertex -1.896000e+02  4.850038e+02 -8.630707e+01
     vertex -1.896000e+02  4.874420e+02 -8.829195e+01
   endloop
 endfacet
 facet normal -1.000000e+00 -3.636024e-15  1.287583e-14
   outer loop
     vertex -1.896000e+02  4.833511e+02 -8.898116e+01
     vertex -1.896000e+02  4.842498e+02 -8.652000e+01
     vertex -1.896000e+02  4.850038e+02 -8.630707e+01
   endloop
 endfacet
 facet normal -1.000000e+00  3.635429e-14 -1.727127e-15
   outer loop
     vertex -1.896000e+02  4.833511e+02 -8.898116e+01
     vertex -1.896000e+02  4.834667e+02 -8.654629e+01
     vertex -1.896000e+02  4.842498e+02 -8.652000e+01
   endloop
 endfacet
 facet normal -1.000000e+00  7.902258e-15 -1.091431e-14
   outer loop
     vertex -1.896000e+02  4.846069e+02 -9.067597e+01
     vertex -1.896000e+02  4.833511e+02 -8.898116e+01
     vertex -1.896000e+02  4.874884e+02 -8.858970e+01
   endloop
 endfacet
 facet normal -1.000000e+00  0.000000e+00  0.000000e+00
   outer loop
     vertex -1.896000e+02  4.846069e+02 -9.067597e+01
     vertex -1.896000e+02  4.877840e+02 -8.910983e+01
     vertex -1.896000e+02  4.880162e+02 -8.930198e+01
   endloop
 endfacet
 facet normal -1.000000e+00  0.000000e+00  0.000000e+00
   outer loop
     vertex -1.896000e+02  4.846069e+02 -9.067597e+01
     vertex -1.896000e+02  4.876046e+02 -8.886772e+01
     vertex -1.896000e+02  4.877840e+02 -8.910983e+01
   endloop
 endfacet
 facet normal -1.000000e+00  0.000000e+00  0.000000e+00
   outer loop
     vertex -1.896000e+02  4.846069e+02 -9.067597e+01
     vertex -1.896000e+02  4.874884e+02 -8.858970e+01
     vertex -1.896000e+02  4.876046e+02 -8.886772e+01
   endloop
 endfacet
 facet normal -1.000000e+00  0.000000e+00  0.000000e+00
   outer loop
     vertex -1.896000e+02  4.777442e+02 -8.250432e+01
     vertex -1.896000e+02  4.779629e+02 -8.229704e+01
     vertex -1.896000e+02  4.805018e+02 -8.341772e+01
   endloop
 endfacet
 facet normal -1.000000e+00  0.000000e+00  0.000000e+00
   outer loop
     vertex -1.896000e+02  4.777442e+02 -8.250432e+01
     vertex -1.896000e+02  4.805018e+02 -8.341772e+01
     vertex -1.896000e+02  4.806223e+02 -8.419189e+01
   endloop
 endfacet
 facet normal -1.000000e+00 -3.596132e-14  5.277693e-15
   outer loop
     vertex -1.896000e+02  4.817261e+02 -8.763615e+01
     vertex -1.896000e+02  4.827002e+02 -8.638442e+01
     vertex -1.896000e+02  4.834667e+02 -8.654629e+01
   endloop
 endfacet
 facet normal -1.000000e+00 -7.968156e-15 -1.650554e-14
   outer loop
     vertex -1.896000e+02  4.817261e+02 -8.763615e+01
     vertex -1.896000e+02  4.819946e+02 -8.604380e+01
     vertex -1.896000e+02  4.827002e+02 -8.638442e+01
   endloop
 endfacet
 facet normal -1.000000e+00 -3.365801e-14  1.599032e-15
   outer loop
     vertex -1.896000e+02  4.817261e+02 -8.763615e+01
     vertex -1.896000e+02  4.834667e+02 -8.654629e+01
     vertex -1.896000e+02  4.833511e+02 -8.898116e+01
   endloop
 endfacet
 facet normal -1.000000e+00  0.000000e+00  0.000000e+00
   outer loop
     vertex -1.896000e+02  4.774822e+02 -8.265324e+01
     vertex -1.896000e+02  4.777442e+02 -8.250432e+01
     vertex -1.896000e+02  4.806223e+02 -8.419189e+01
   endloop
 endfacet
 facet normal -1.000000e+00  0.000000e+00  0.000000e+00
   outer loop
     vertex -1.896000e+02  4.854207e+02 -9.262207e+01
     vertex -1.896000e+02  4.846069e+02 -9.067597e+01
     vertex -1.896000e+02  4.880162e+02 -8.930198e+01
   endloop
 endfacet
 facet normal -1.000000e+00  0.000000e+00  0.000000e+00
   outer loop
     vertex -1.896000e+02  4.854207e+02 -9.262207e+01
     vertex -1.896000e+02  4.880162e+02 -8.930198e+01
     vertex -1.896000e+02  4.885651e+02 -9.238876e+01
   endloop
 endfacet
 facet normal -1.000000e+00 -4.752761e-15 -4.005397e-14
   outer loop
     vertex -1.896000e+02  4.854207e+02 -9.262207e+01
     vertex -1.896000e+02  4.879964e+02 -9.292770e+01
     vertex -1.896000e+02  4.875732e+02 -9.358707e+01
   endloop
 endfacet
 facet normal -1.000000e+00  0.000000e+00  0.000000e+00
   outer loop
     vertex -1.896000e+02  4.854207e+02 -9.262207e+01
     vertex -1.896000e+02  4.885651e+02 -9.238876e+01
     vertex -1.896000e+02  4.879964e+02 -9.292770e+01
   endloop
 endfacet
 facet normal -1.000000e+00 -9.524927e-15 -1.150737e-14
   outer loop
     vertex -1.896000e+02  4.798265e+02 -8.671909e+01
     vertex -1.896000e+02  4.813910e+02 -8.554423e+01
     vertex -1.896000e+02  4.819946e+02 -8.604380e+01
   endloop
 endfacet
 facet normal -1.000000e+00 -3.345495e-14  2.035955e-14
   outer loop
     vertex -1.896000e+02  4.798265e+02 -8.671909e+01
     vertex -1.896000e+02  4.809246e+02 -8.491473e+01
     vertex -1.896000e+02  4.813910e+02 -8.554423e+01
   endloop
 endfacet
 facet normal -1.000000e+00  0.000000e+00  0.000000e+00
   outer loop
     vertex -1.896000e+02  4.798265e+02 -8.671909e+01
     vertex -1.896000e+02  4.806223e+02 -8.419189e+01
     vertex -1.896000e+02  4.809246e+02 -8.491473e+01
   endloop
 endfacet
 facet normal -1.000000e+00 -7.968156e-15 -1.650554e-14
   outer loop
     vertex -1.896000e+02  4.798265e+02 -8.671909e+01
     vertex -1.896000e+02  4.819946e+02 -8.604380e+01
     vertex -1.896000e+02  4.817261e+02 -8.763615e+01
   endloop
 endfacet
 facet normal -1.000000e+00  7.622543e-15 -1.244977e-14
   outer loop
     vertex -1.896000e+02  4.857451e+02 -9.470637e+01
     vertex -1.896000e+02  4.854207e+02 -9.262207e+01
     vertex -1.896000e+02  4.875732e+02 -9.358707e+01
   endloop
 endfacet
 facet normal -1.000000e+00  0.000000e+00  0.000000e+00
   outer loop
     vertex -1.896000e+02  4.857451e+02 -9.470637e+01
     vertex -1.896000e+02  4.872518e+02 -9.510906e+01
     vertex -1.896000e+02  4.873723e+02 -9.588323e+01
   endloop
 endfacet
 facet normal -1.000000e+00  0.000000e+00  0.000000e+00
   outer loop
     vertex -1.896000e+02  4.857451e+02 -9.470637e+01
     vertex -1.896000e+02  4.873201e+02 -9.432856e+01
     vertex -1.896000e+02  4.872518e+02 -9.510906e+01
   endloop
 endfacet
 facet normal -1.000000e+00  0.000000e+00  0.000000e+00
   outer loop
     vertex -1.896000e+02  4.857451e+02 -9.470637e+01
     vertex -1.896000e+02  4.875732e+02 -9.358707e+01
     vertex -1.896000e+02  4.873201e+02 -9.432856e+01
   endloop
 endfacet
 facet normal -1.000000e+00  0.000000e+00  0.000000e+00
   outer loop
     vertex -1.896000e+02  4.777626e+02 -8.628330e+01
     vertex -1.896000e+02  4.806223e+02 -8.419189e+01
     vertex -1.896000e+02  4.798265e+02 -8.671909e+01
   endloop
 endfacet
 facet normal -1.000000e+00  0.000000e+00  0.000000e+00
   outer loop
     vertex -1.896000e+02  4.777626e+02 -8.628330e+01
     vertex -1.896000e+02  4.774822e+02 -8.265324e+01
     vertex -1.896000e+02  4.806223e+02 -8.419189e+01
   endloop
 endfacet
 facet normal -1.000000e+00  0.000000e+00  0.000000e+00
   outer loop
     vertex -1.896000e+02  4.777626e+02 -8.628330e+01
     vertex -1.896000e+02  4.771922e+02 -8.273513e+01
     vertex -1.896000e+02  4.774822e+02 -8.265324e+01
   endloop
 endfacet
 facet normal -1.000000e+00  0.000000e+00  0.000000e+00
   outer loop
     vertex -1.896000e+02  4.777626e+02 -8.628330e+01
     vertex -1.896000e+02  4.768911e+02 -8.274524e+01
     vertex -1.896000e+02  4.771922e+02 -8.273513e+01
   endloop
 endfacet
 facet normal -1.000000e+00 -3.658252e-14  8.524629e-15
   outer loop
     vertex -1.896000e+02  4.895986e+02 -1.008902e+02
     vertex -1.896000e+02  4.902167e+02 -9.823763e+01
     vertex -1.896000e+02  4.909998e+02 -9.821134e+01
   endloop
 endfacet
 facet normal -1.000000e+00 -8.393485e-15 -6.219576e-15
   outer loop
     vertex -1.896000e+02  4.897780e+02 -1.011323e+02
     vertex -1.896000e+02  4.895986e+02 -1.008902e+02
     vertex -1.896000e+02  4.909998e+02 -9.821134e+01
   endloop
 endfacet
 facet normal -1.000000e+00  3.115788e-15 -1.103357e-14
   outer loop
     vertex -1.896000e+02  4.897780e+02 -1.011323e+02
     vertex -1.896000e+02  4.909998e+02 -9.821134e+01
     vertex -1.896000e+02  4.917538e+02 -9.799842e+01
   endloop
 endfacet
 facet normal -1.000000e+00  0.000000e+00  0.000000e+00
   outer loop
     vertex -1.896000e+02  4.893665e+02 -1.006980e+02
     vertex -1.896000e+02  4.902167e+02 -9.823763e+01
     vertex -1.896000e+02  4.895986e+02 -1.008902e+02
   endloop
 endfacet
 facet normal -1.000000e+00 -8.648871e-15 -3.616537e-15
   outer loop
     vertex -1.896000e+02  4.898943e+02 -1.014103e+02
     vertex -1.896000e+02  4.897780e+02 -1.011323e+02
     vertex -1.896000e+02  4.917538e+02 -9.799842e+01
   endloop
 endfacet
 facet normal -1.000000e+00  0.000000e+00  0.000000e+00
   outer loop
     vertex -1.896000e+02  4.890951e+02 -1.005670e+02
     vertex -1.896000e+02  4.894502e+02 -9.807577e+01
     vertex -1.896000e+02  4.902167e+02 -9.823763e+01
   endloop
 endfacet
 facet normal -1.000000e+00  0.000000e+00  0.000000e+00
   outer loop
     vertex -1.896000e+02  4.890951e+02 -1.005670e+02
     vertex -1.896000e+02  4.902167e+02 -9.823763e+01
     vertex -1.896000e+02  4.893665e+02 -1.006980e+02
   endloop
 endfacet
 facet normal -1.000000e+00 -1.188946e-14 -1.850394e-15
   outer loop
     vertex -1.896000e+02  4.899406e+02 -1.017081e+02
     vertex -1.896000e+02  4.898943e+02 -1.014103e+02
     vertex -1.896000e+02  4.917538e+02 -9.799842e+01
   endloop
 endfacet
 facet normal -1.000000e+00 -9.048417e-16 -7.219332e-15
   outer loop
     vertex -1.896000e+02  4.899406e+02 -1.017081e+02
     vertex -1.896000e+02  4.917538e+02 -9.799842e+01
     vertex -1.896000e+02  4.968542e+02 -1.025746e+02
   endloop
 endfacet
 facet normal -1.000000e+00 -8.908069e-15  5.717190e-15
   outer loop
     vertex -1.896000e+02  4.726090e+02 -8.107309e+01
     vertex -1.896000e+02  4.760371e+02 -8.070296e+01
     vertex -1.896000e+02  4.758743e+02 -8.095657e+01
   endloop
 endfacet
 facet normal -1.000000e+00 -1.004947e-14  3.770303e-14
   outer loop
     vertex -1.896000e+02  4.730754e+02 -8.170259e+01
     vertex -1.896000e+02  4.726090e+02 -8.107309e+01
     vertex -1.896000e+02  4.758743e+02 -8.095657e+01
   endloop
 endfacet
 facet normal -1.000000e+00  0.000000e+00  0.000000e+00
   outer loop
     vertex -1.896000e+02  4.730754e+02 -8.170259e+01
     vertex -1.896000e+02  4.757770e+02 -8.124175e+01
     vertex -1.896000e+02  4.757507e+02 -8.154195e+01
   endloop
 endfacet
 facet normal -1.000000e+00  0.000000e+00  0.000000e+00
   outer loop
     vertex -1.896000e+02  4.730754e+02 -8.170259e+01
     vertex -1.896000e+02  4.758743e+02 -8.095657e+01
     vertex -1.896000e+02  4.757770e+02 -8.124175e+01
   endloop
 endfacet
 facet normal -1.000000e+00  0.000000e+00  0.000000e+00
   outer loop
     vertex -1.896000e+02  4.888003e+02 -1.005048e+02
     vertex -1.896000e+02  4.894502e+02 -9.807577e+01
     vertex -1.896000e+02  4.890951e+02 -1.005670e+02
   endloop
 endfacet
 facet normal -1.000000e+00  7.167363e-15  1.108971e-15
   outer loop
     vertex -1.896000e+02  4.720054e+02 -8.057351e+01
     vertex -1.896000e+02  4.710798e+02 -7.459133e+01
     vertex -1.896000e+02  4.749307e+02 -7.385099e+01
   endloop
 endfacet
 facet normal -1.000000e+00 -7.334132e-15 -8.860597e-15
   outer loop
     vertex -1.896000e+02  4.720054e+02 -8.057351e+01
     vertex -1.896000e+02  4.760371e+02 -8.070296e+01
     vertex -1.896000e+02  4.726090e+02 -8.107309e+01
   endloop
 endfacet
 facet normal -1.000000e+00 -6.818612e-15  7.194943e-15
   outer loop
     vertex -1.896000e+02  4.720054e+02 -8.057351e+01
     vertex -1.896000e+02  4.749307e+02 -7.385099e+01
     vertex -1.896000e+02  4.762558e+02 -8.049568e+01
   endloop
 endfacet
 facet normal -1.000000e+00 -6.818613e-15  7.194985e-15
   outer loop
     vertex -1.896000e+02  4.720054e+02 -8.057351e+01
     vertex -1.896000e+02  4.762558e+02 -8.049568e+01
     vertex -1.896000e+02  4.760371e+02 -8.070296e+01
   endloop
 endfacet
 facet normal -1.000000e+00  0.000000e+00  0.000000e+00
   outer loop
     vertex -1.896000e+02  4.855612e+02 -9.680773e+01
     vertex -1.896000e+02  4.876746e+02 -9.660607e+01
     vertex -1.896000e+02  4.881410e+02 -9.723557e+01
   endloop
 endfacet
 facet normal -1.000000e+00  0.000000e+00  0.000000e+00
   outer loop
     vertex -1.896000e+02  4.855612e+02 -9.680773e+01
     vertex -1.896000e+02  4.873723e+02 -9.588323e+01
     vertex -1.896000e+02  4.876746e+02 -9.660607e+01
   endloop
 endfacet
 facet normal -1.000000e+00  0.000000e+00  0.000000e+00
   outer loop
     vertex -1.896000e+02  4.855612e+02 -9.680773e+01
     vertex -1.896000e+02  4.857451e+02 -9.470637e+01
     vertex -1.896000e+02  4.873723e+02 -9.588323e+01
   endloop
 endfacet
 facet normal -1.000000e+00  0.000000e+00  0.000000e+00
   outer loop
     vertex -1.896000e+02  4.899144e+02 -1.020082e+02
     vertex -1.896000e+02  4.968542e+02 -1.025746e+02
     vertex -1.896000e+02  4.951243e+02 -1.060938e+02
   endloop
 endfacet
 facet normal -1.000000e+00  0.000000e+00  0.000000e+00
   outer loop
     vertex -1.896000e+02  4.899144e+02 -1.020082e+02
     vertex -1.896000e+02  4.899406e+02 -1.017081e+02
     vertex -1.896000e+02  4.968542e+02 -1.025746e+02
   endloop
 endfacet
 facet normal -1.000000e+00  0.000000e+00  0.000000e+00
   outer loop
     vertex -1.896000e+02  4.733777e+02 -8.242543e+01
     vertex -1.896000e+02  4.730754e+02 -8.170259e+01
     vertex -1.896000e+02  4.757507e+02 -8.154195e+01
   endloop
 endfacet
 facet normal -1.000000e+00  0.000000e+00  0.000000e+00
   outer loop
     vertex -1.896000e+02  4.733777e+02 -8.242543e+01
     vertex -1.896000e+02  4.757970e+02 -8.183970e+01
     vertex -1.896000e+02  4.759133e+02 -8.211772e+01
   endloop
 endfacet
 facet normal -1.000000e+00  0.000000e+00  0.000000e+00
   outer loop
     vertex -1.896000e+02  4.733777e+02 -8.242543e+01
     vertex -1.896000e+02  4.757507e+02 -8.154195e+01
     vertex -1.896000e+02  4.757970e+02 -8.183970e+01
   endloop
 endfacet
 facet normal -1.000000e+00  0.000000e+00  0.000000e+00
   outer loop
     vertex -1.896000e+02  4.884991e+02 -1.005149e+02
     vertex -1.896000e+02  4.894502e+02 -9.807577e+01
     vertex -1.896000e+02  4.888003e+02 -1.005048e+02
   endloop
 endfacet
 facet normal -1.000000e+00 -3.390054e-14  1.321833e-14
   outer loop
     vertex -1.896000e+02  4.884991e+02 -1.005149e+02
     vertex -1.896000e+02  4.887446e+02 -9.773515e+01
     vertex -1.896000e+02  4.894502e+02 -9.807577e+01
   endloop
 endfacet
 facet normal -1.000000e+00  0.000000e+00  0.000000e+00
   outer loop
     vertex -1.896000e+02  4.898170e+02 -1.022934e+02
     vertex -1.896000e+02  4.899144e+02 -1.020082e+02
     vertex -1.896000e+02  4.951243e+02 -1.060938e+02
   endloop
 endfacet
 facet normal -1.000000e+00  0.000000e+00  0.000000e+00
   outer loop
     vertex -1.896000e+02  4.712998e+02 -8.023289e+01
     vertex -1.896000e+02  4.710798e+02 -7.459133e+01
     vertex -1.896000e+02  4.720054e+02 -8.057351e+01
   endloop
 endfacet
 facet normal -1.000000e+00  0.000000e+00  0.000000e+00
   outer loop
     vertex -1.896000e+02  4.882091e+02 -1.005968e+02
     vertex -1.896000e+02  4.881410e+02 -9.723557e+01
     vertex -1.896000e+02  4.887446e+02 -9.773515e+01
   endloop
 endfacet
 facet normal -1.000000e+00 -1.034735e-13  1.936214e-14
   outer loop
     vertex -1.896000e+02  4.882091e+02 -1.005968e+02
     vertex -1.896000e+02  4.887446e+02 -9.773515e+01
     vertex -1.896000e+02  4.884991e+02 -1.005149e+02
   endloop
 endfacet
 facet normal -1.000000e+00  0.000000e+00  0.000000e+00
   outer loop
     vertex -1.896000e+02  4.734982e+02 -8.319959e+01
     vertex -1.896000e+02  4.733777e+02 -8.242543e+01
     vertex -1.896000e+02  4.759133e+02 -8.211772e+01
   endloop
 endfacet
 facet normal -1.000000e+00  0.000000e+00  0.000000e+00
   outer loop
     vertex -1.896000e+02  4.734982e+02 -8.319959e+01
     vertex -1.896000e+02  4.759133e+02 -8.211772e+01
     vertex -1.896000e+02  4.760927e+02 -8.235983e+01
   endloop
 endfacet
 facet normal -1.000000e+00  0.000000e+00  0.000000e+00
   outer loop
     vertex -1.896000e+02  4.896543e+02 -1.025470e+02
     vertex -1.896000e+02  4.898170e+02 -1.022934e+02
     vertex -1.896000e+02  4.951243e+02 -1.060938e+02
   endloop
 endfacet
 facet normal -1.000000e+00  0.000000e+00  0.000000e+00
   outer loop
     vertex -1.896000e+02  4.879471e+02 -1.007457e+02
     vertex -1.896000e+02  4.881410e+02 -9.723557e+01
     vertex -1.896000e+02  4.882091e+02 -1.005968e+02
   endloop
 endfacet
 facet normal -1.000000e+00  0.000000e+00  0.000000e+00
   outer loop
     vertex -1.896000e+02  4.705333e+02 -8.007102e+01
     vertex -1.896000e+02  4.710798e+02 -7.459133e+01
     vertex -1.896000e+02  4.712998e+02 -8.023289e+01
   endloop
 endfacet
 facet normal -1.000000e+00  0.000000e+00  0.000000e+00
   outer loop
     vertex -1.896000e+02  4.894355e+02 -1.027543e+02
     vertex -1.896000e+02  4.896543e+02 -1.025470e+02
     vertex -1.896000e+02  4.951243e+02 -1.060938e+02
   endloop
 endfacet
 facet normal -1.000000e+00  0.000000e+00  0.000000e+00
   outer loop
     vertex -1.896000e+02  4.756544e+02 -8.635408e+01
     vertex -1.896000e+02  4.768911e+02 -8.274524e+01
     vertex -1.896000e+02  4.777626e+02 -8.628330e+01
   endloop
 endfacet
 facet normal -1.000000e+00  0.000000e+00  0.000000e+00
   outer loop
     vertex -1.896000e+02  4.756544e+02 -8.635408e+01
     vertex -1.896000e+02  4.765962e+02 -8.268299e+01
     vertex -1.896000e+02  4.768911e+02 -8.274524e+01
   endloop
 endfacet
 facet normal -1.000000e+00  0.000000e+00  0.000000e+00
   outer loop
     vertex -1.896000e+02  4.756544e+02 -8.635408e+01
     vertex -1.896000e+02  4.763248e+02 -8.255198e+01
     vertex -1.896000e+02  4.765962e+02 -8.268299e+01
   endloop
 endfacet
 facet normal -1.000000e+00  0.000000e+00  0.000000e+00
   outer loop
     vertex -1.896000e+02  4.734299e+02 -8.398010e+01
     vertex -1.896000e+02  4.734982e+02 -8.319959e+01
     vertex -1.896000e+02  4.760927e+02 -8.235983e+01
   endloop
 endfacet
 facet normal -1.000000e+00  0.000000e+00  0.000000e+00
   outer loop
     vertex -1.896000e+02  4.734299e+02 -8.398010e+01
     vertex -1.896000e+02  4.760927e+02 -8.235983e+01
     vertex -1.896000e+02  4.763248e+02 -8.255198e+01
   endloop
 endfacet
 facet normal -1.000000e+00  0.000000e+00  0.000000e+00
   outer loop
     vertex -1.896000e+02  4.734299e+02 -8.398010e+01
     vertex -1.896000e+02  4.763248e+02 -8.255198e+01
     vertex -1.896000e+02  4.756544e+02 -8.635408e+01
   endloop
 endfacet
 facet normal -1.000000e+00  0.000000e+00  0.000000e+00
   outer loop
     vertex -1.896000e+02  4.697502e+02 -8.009732e+01
     vertex -1.896000e+02  4.674305e+02 -7.602665e+01
     vertex -1.896000e+02  4.710798e+02 -7.459133e+01
   endloop
 endfacet
 facet normal -1.000000e+00  0.000000e+00  0.000000e+00
   outer loop
     vertex -1.896000e+02  4.697502e+02 -8.009732e+01
     vertex -1.896000e+02  4.710798e+02 -7.459133e+01
     vertex -1.896000e+02  4.705333e+02 -8.007102e+01
   endloop
 endfacet
 facet normal -1.000000e+00  0.000000e+00  0.000000e+00
   outer loop
     vertex -1.896000e+02  4.731768e+02 -8.472159e+01
     vertex -1.896000e+02  4.734299e+02 -8.398010e+01
     vertex -1.896000e+02  4.756544e+02 -8.635408e+01
   endloop
 endfacet
 facet normal -1.000000e+00  0.000000e+00  0.000000e+00
   outer loop
     vertex -1.896000e+02  4.848798e+02 -9.880404e+01
     vertex -1.896000e+02  4.855612e+02 -9.680773e+01
     vertex -1.896000e+02  4.881410e+02 -9.723557e+01
   endloop
 endfacet
 facet normal -1.000000e+00  0.000000e+00  0.000000e+00
   outer loop
     vertex -1.896000e+02  4.848798e+02 -9.880404e+01
     vertex -1.896000e+02  4.877284e+02 -1.009530e+02
     vertex -1.896000e+02  4.875657e+02 -1.012066e+02
   endloop
 endfacet
 facet normal -1.000000e+00  0.000000e+00  0.000000e+00
   outer loop
     vertex -1.896000e+02  4.848798e+02 -9.880404e+01
     vertex -1.896000e+02  4.879471e+02 -1.007457e+02
     vertex -1.896000e+02  4.877284e+02 -1.009530e+02
   endloop
 endfacet
 facet normal -1.000000e+00  0.000000e+00  0.000000e+00
   outer loop
     vertex -1.896000e+02  4.848798e+02 -9.880404e+01
     vertex -1.896000e+02  4.881410e+02 -9.723557e+01
     vertex -1.896000e+02  4.879471e+02 -1.007457e+02
   endloop
 endfacet
 facet normal -1.000000e+00  0.000000e+00  0.000000e+00
   outer loop
     vertex -1.896000e+02  4.689962e+02 -8.031024e+01
     vertex -1.896000e+02  4.674305e+02 -7.602665e+01
     vertex -1.896000e+02  4.697502e+02 -8.009732e+01
   endloop
 endfacet
 facet normal -1.000000e+00 -1.927809e-15  3.391437e-15
   outer loop
     vertex -1.896000e+02  4.927772e+02 -1.092352e+02
     vertex -1.896000e+02  4.891736e+02 -1.029032e+02
     vertex -1.896000e+02  4.894355e+02 -1.027543e+02
   endloop
 endfacet
 facet normal -1.000000e+00  3.691855e-15  6.289039e-15
   outer loop
     vertex -1.896000e+02  4.927772e+02 -1.092352e+02
     vertex -1.896000e+02  4.894355e+02 -1.027543e+02
     vertex -1.896000e+02  4.951243e+02 -1.060938e+02
   endloop
 endfacet
 facet normal -1.000000e+00 -1.525375e-14  9.789844e-15
   outer loop
     vertex -1.896000e+02  4.736244e+02 -8.692734e+01
     vertex -1.896000e+02  4.727536e+02 -8.538096e+01
     vertex -1.896000e+02  4.731768e+02 -8.472159e+01
   endloop
 endfacet
 facet normal -1.000000e+00  9.800508e-15  1.487408e-14
   outer loop
     vertex -1.896000e+02  4.736244e+02 -8.692734e+01
     vertex -1.896000e+02  4.731768e+02 -8.472159e+01
     vertex -1.896000e+02  4.756544e+02 -8.635408e+01
   endloop
 endfacet
 facet normal -1.000000e+00  0.000000e+00  0.000000e+00
   outer loop
     vertex -1.896000e+02  4.683151e+02 -8.069742e+01
     vertex -1.896000e+02  4.674305e+02 -7.602665e+01
     vertex -1.896000e+02  4.689962e+02 -8.031024e+01
   endloop
 endfacet
 facet normal -1.000000e+00 -1.135718e-14  1.198407e-14
   outer loop
     vertex -1.896000e+02  4.721849e+02 -8.591989e+01
     vertex -1.896000e+02  4.727536e+02 -8.538096e+01
     vertex -1.896000e+02  4.736244e+02 -8.692734e+01
   endloop
 endfacet
 facet normal -1.000000e+00  7.464371e-15 -6.530479e-16
   outer loop
     vertex -1.896000e+02  4.837405e+02 -1.005793e+02
     vertex -1.896000e+02  4.874683e+02 -1.014918e+02
     vertex -1.896000e+02  4.874420e+02 -1.017919e+02
   endloop
 endfacet
 facet normal -1.000000e+00  7.036344e-15 -2.401694e-15
   outer loop
     vertex -1.896000e+02  4.837405e+02 -1.005793e+02
     vertex -1.896000e+02  4.875657e+02 -1.012066e+02
     vertex -1.896000e+02  4.874683e+02 -1.014918e+02
   endloop
 endfacet
 facet normal -1.000000e+00  9.098161e-15  1.017097e-14
   outer loop
     vertex -1.896000e+02  4.837405e+02 -1.005793e+02
     vertex -1.896000e+02  4.848798e+02 -9.880404e+01
     vertex -1.896000e+02  4.875657e+02 -1.012066e+02
   endloop
 endfacet
 facet normal -1.000000e+00 -5.033089e-15  3.230232e-15
   outer loop
     vertex -1.896000e+02  4.641071e+02 -7.810809e+01
     vertex -1.896000e+02  4.677464e+02 -8.123636e+01
     vertex -1.896000e+02  4.673232e+02 -8.189573e+01
   endloop
 endfacet
 facet normal -1.000000e+00 -4.095234e-15  4.321282e-15
   outer loop
     vertex -1.896000e+02  4.641071e+02 -7.810809e+01
     vertex -1.896000e+02  4.683151e+02 -8.069742e+01
     vertex -1.896000e+02  4.677464e+02 -8.123636e+01
   endloop
 endfacet
 facet normal -1.000000e+00 -7.645215e-15 -1.447826e-15
   outer loop
     vertex -1.896000e+02  4.641071e+02 -7.810809e+01
     vertex -1.896000e+02  4.674305e+02 -7.602665e+01
     vertex -1.896000e+02  4.683151e+02 -8.069742e+01
   endloop
 endfacet
 facet normal -1.000000e+00 -6.991878e-14  6.344712e-14
   outer loop
     vertex -1.896000e+02  4.861090e+02 -1.044558e+02
     vertex -1.896000e+02  4.877840e+02 -1.026098e+02
     vertex -1.896000e+02  4.880162e+02 -1.028020e+02
   endloop
 endfacet
 facet normal -1.000000e+00  0.000000e+00  0.000000e+00
   outer loop
     vertex -1.896000e+02  4.861090e+02 -1.044558e+02
     vertex -1.896000e+02  4.876046e+02 -1.023677e+02
     vertex -1.896000e+02  4.877840e+02 -1.026098e+02
   endloop
 endfacet
 facet normal -1.000000e+00 -2.387353e-15 -1.130623e-14
   outer loop
     vertex -1.896000e+02  4.865754e+02 -1.050853e+02
     vertex -1.896000e+02  4.882876e+02 -1.029330e+02
     vertex -1.896000e+02  4.885824e+02 -1.029952e+02
   endloop
 endfacet
 facet normal -1.000000e+00 -4.606094e-15 -9.541237e-15
   outer loop
     vertex -1.896000e+02  4.865754e+02 -1.050853e+02
     vertex -1.896000e+02  4.880162e+02 -1.028020e+02
     vertex -1.896000e+02  4.882876e+02 -1.029330e+02
   endloop
 endfacet
 facet normal -1.000000e+00 -9.072655e-15 -6.722841e-15
   outer loop
     vertex -1.896000e+02  4.865754e+02 -1.050853e+02
     vertex -1.896000e+02  4.861090e+02 -1.044558e+02
     vertex -1.896000e+02  4.880162e+02 -1.028020e+02
   endloop
 endfacet
 facet normal -1.000000e+00  0.000000e+00  0.000000e+00
   outer loop
     vertex -1.896000e+02  4.855054e+02 -1.039562e+02
     vertex -1.896000e+02  4.874884e+02 -1.020897e+02
     vertex -1.896000e+02  4.876046e+02 -1.023677e+02
   endloop
 endfacet
 facet normal -1.000000e+00  0.000000e+00  0.000000e+00
   outer loop
     vertex -1.896000e+02  4.855054e+02 -1.039562e+02
     vertex -1.896000e+02  4.876046e+02 -1.023677e+02
     vertex -1.896000e+02  4.861090e+02 -1.044558e+02
   endloop
 endfacet
 facet normal -1.000000e+00 -9.865499e-15 -4.125271e-15
   outer loop
     vertex -1.896000e+02  4.868777e+02 -1.058081e+02
     vertex -1.896000e+02  4.865754e+02 -1.050853e+02
     vertex -1.896000e+02  4.885824e+02 -1.029952e+02
   endloop
 endfacet
 facet normal -1.000000e+00  3.463112e-16 -1.031405e-14
   outer loop
     vertex -1.896000e+02  4.868777e+02 -1.058081e+02
     vertex -1.896000e+02  4.885824e+02 -1.029952e+02
     vertex -1.896000e+02  4.888836e+02 -1.029851e+02
   endloop
 endfacet
 facet normal -1.000000e+00 -3.800108e-14 -6.554657e-15
   outer loop
     vertex -1.896000e+02  4.717906e+02 -8.796975e+01
     vertex -1.896000e+02  4.715038e+02 -8.630707e+01
     vertex -1.896000e+02  4.721849e+02 -8.591989e+01
   endloop
 endfacet
 facet normal -1.000000e+00  0.000000e+00  0.000000e+00
   outer loop
     vertex -1.896000e+02  4.717906e+02 -8.796975e+01
     vertex -1.896000e+02  4.707498e+02 -8.652000e+01
     vertex -1.896000e+02  4.715038e+02 -8.630707e+01
   endloop
 endfacet
 facet normal -1.000000e+00 -2.595387e-14 -8.872276e-15
   outer loop
     vertex -1.896000e+02  4.717906e+02 -8.796975e+01
     vertex -1.896000e+02  4.721849e+02 -8.591989e+01
     vertex -1.896000e+02  4.736244e+02 -8.692734e+01
   endloop
 endfacet
 facet normal -1.000000e+00  0.000000e+00  0.000000e+00
   outer loop
     vertex -1.896000e+02  4.847998e+02 -1.036156e+02
     vertex -1.896000e+02  4.874420e+02 -1.017919e+02
     vertex -1.896000e+02  4.874884e+02 -1.020897e+02
   endloop
 endfacet
 facet normal -1.000000e+00  0.000000e+00  0.000000e+00
   outer loop
     vertex -1.896000e+02  4.847998e+02 -1.036156e+02
     vertex -1.896000e+02  4.874884e+02 -1.020897e+02
     vertex -1.896000e+02  4.855054e+02 -1.039562e+02
   endloop
 endfacet
 facet normal -1.000000e+00  5.206808e-15 -7.543994e-15
   outer loop
     vertex -1.896000e+02  4.847998e+02 -1.036156e+02
     vertex -1.896000e+02  4.837405e+02 -1.005793e+02
     vertex -1.896000e+02  4.874420e+02 -1.017919e+02
   endloop
 endfacet
 facet normal -1.000000e+00  2.618846e-15 -9.273811e-15
   outer loop
     vertex -1.896000e+02  4.869982e+02 -1.065823e+02
     vertex -1.896000e+02  4.888836e+02 -1.029851e+02
     vertex -1.896000e+02  4.891736e+02 -1.029032e+02
   endloop
 endfacet
 facet normal -1.000000e+00 -1.052546e-14 -1.501641e-15
   outer loop
     vertex -1.896000e+02  4.869982e+02 -1.065823e+02
     vertex -1.896000e+02  4.891736e+02 -1.029032e+02
     vertex -1.896000e+02  4.927772e+02 -1.092352e+02
   endloop
 endfacet
 facet normal -1.000000e+00 -1.162330e-14 -1.808970e-15
   outer loop
     vertex -1.896000e+02  4.869982e+02 -1.065823e+02
     vertex -1.896000e+02  4.868777e+02 -1.058081e+02
     vertex -1.896000e+02  4.888836e+02 -1.029851e+02
   endloop
 endfacet
 facet normal -1.000000e+00  0.000000e+00  0.000000e+00
   outer loop
     vertex -1.896000e+02  4.699667e+02 -8.654629e+01
     vertex -1.896000e+02  4.707498e+02 -8.652000e+01
     vertex -1.896000e+02  4.717906e+02 -8.796975e+01
   endloop
 endfacet
 facet normal -1.000000e+00 -2.133721e-15 -1.010506e-14
   outer loop
     vertex -1.896000e+02  4.840333e+02 -1.034537e+02
     vertex -1.896000e+02  4.837405e+02 -1.005793e+02
     vertex -1.896000e+02  4.847998e+02 -1.036156e+02
   endloop
 endfacet
 facet normal -1.000000e+00 -9.456323e-15  8.273211e-16
   outer loop
     vertex -1.896000e+02  4.869299e+02 -1.073628e+02
     vertex -1.896000e+02  4.869982e+02 -1.065823e+02
     vertex -1.896000e+02  4.927772e+02 -1.092352e+02
   endloop
 endfacet
 facet normal -1.000000e+00  8.545656e-15 -9.017358e-15
   outer loop
     vertex -1.896000e+02  4.822094e+02 -1.020303e+02
     vertex -1.896000e+02  4.837405e+02 -1.005793e+02
     vertex -1.896000e+02  4.840333e+02 -1.034537e+02
   endloop
 endfacet
 facet normal -1.000000e+00  3.544197e-14  2.544412e-14
   outer loop
     vertex -1.896000e+02  4.832502e+02 -1.034800e+02
     vertex -1.896000e+02  4.822094e+02 -1.020303e+02
     vertex -1.896000e+02  4.840333e+02 -1.034537e+02
   endloop
 endfacet
 facet normal -1.000000e+00 -7.756691e-15  8.421445e-15
   outer loop
     vertex -1.896000e+02  4.866768e+02 -1.081043e+02
     vertex -1.896000e+02  4.927772e+02 -1.092352e+02
     vertex -1.896000e+02  4.898929e+02 -1.118919e+02
   endloop
 endfacet
 facet normal -1.000000e+00 -8.763407e-15  2.991186e-15
   outer loop
     vertex -1.896000e+02  4.866768e+02 -1.081043e+02
     vertex -1.896000e+02  4.869299e+02 -1.073628e+02
     vertex -1.896000e+02  4.927772e+02 -1.092352e+02
   endloop
 endfacet
 facet normal -1.000000e+00  0.000000e+00  0.000000e+00
   outer loop
     vertex -1.896000e+02  4.824962e+02 -1.036929e+02
     vertex -1.896000e+02  4.822094e+02 -1.020303e+02
     vertex -1.896000e+02  4.832502e+02 -1.034800e+02
   endloop
 endfacet
 facet normal -1.000000e+00  0.000000e+00  0.000000e+00
   outer loop
     vertex -1.896000e+02  4.702595e+02 -8.942073e+01
     vertex -1.896000e+02  4.699667e+02 -8.654629e+01
     vertex -1.896000e+02  4.717906e+02 -8.796975e+01
   endloop
 endfacet
 facet normal -1.000000e+00  0.000000e+00  0.000000e+00
   outer loop
     vertex -1.896000e+02  4.702595e+02 -8.942073e+01
     vertex -1.896000e+02  4.692002e+02 -8.638442e+01
     vertex -1.896000e+02  4.699667e+02 -8.654629e+01
   endloop
 endfacet
 facet normal -1.000000e+00 -1.006618e-14  6.460463e-15
   outer loop
     vertex -1.896000e+02  4.862536e+02 -1.087636e+02
     vertex -1.896000e+02  4.866768e+02 -1.081043e+02
     vertex -1.896000e+02  4.898929e+02 -1.118919e+02
   endloop
 endfacet
 facet normal -1.000000e+00  0.000000e+00  0.000000e+00
   outer loop
     vertex -1.896000e+02  4.818151e+02 -1.040801e+02
     vertex -1.896000e+02  4.822094e+02 -1.020303e+02
     vertex -1.896000e+02  4.824962e+02 -1.036929e+02
   endloop
 endfacet
 facet normal -1.000000e+00 -8.190469e-15  8.642565e-15
   outer loop
     vertex -1.896000e+02  4.856849e+02 -1.093026e+02
     vertex -1.896000e+02  4.862536e+02 -1.087636e+02
     vertex -1.896000e+02  4.898929e+02 -1.118919e+02
   endloop
 endfacet
 facet normal -1.000000e+00 -3.480304e-14  6.695345e-15
   outer loop
     vertex -1.896000e+02  4.803756e+02 -1.030727e+02
     vertex -1.896000e+02  4.822094e+02 -1.020303e+02
     vertex -1.896000e+02  4.818151e+02 -1.040801e+02
   endloop
 endfacet
 facet normal -1.000000e+00 -2.271436e-14  2.396814e-14
   outer loop
     vertex -1.896000e+02  4.812464e+02 -1.046190e+02
     vertex -1.896000e+02  4.803756e+02 -1.030727e+02
     vertex -1.896000e+02  4.818151e+02 -1.040801e+02
   endloop
 endfacet
 facet normal -1.000000e+00 -3.878345e-15  4.210722e-15
   outer loop
     vertex -1.896000e+02  4.612228e+02 -8.076477e+01
     vertex -1.896000e+02  4.641071e+02 -7.810809e+01
     vertex -1.896000e+02  4.673232e+02 -8.189573e+01
   endloop
 endfacet
 facet normal -1.000000e+00 -4.728161e-15  4.136605e-16
   outer loop
     vertex -1.896000e+02  4.612228e+02 -8.076477e+01
     vertex -1.896000e+02  4.670701e+02 -8.263721e+01
     vertex -1.896000e+02  4.670018e+02 -8.341772e+01
   endloop
 endfacet
 facet normal -1.000000e+00 -4.381703e-15  1.495593e-15
   outer loop
     vertex -1.896000e+02  4.612228e+02 -8.076477e+01
     vertex -1.896000e+02  4.673232e+02 -8.189573e+01
     vertex -1.896000e+02  4.670701e+02 -8.263721e+01
   endloop
 endfacet
 facet normal -1.000000e+00  0.000000e+00  0.000000e+00
   outer loop
     vertex -1.896000e+02  4.663954e+02 -8.763228e+01
     vertex -1.896000e+02  4.662160e+02 -8.739017e+01
     vertex -1.896000e+02  4.678910e+02 -8.554423e+01
   endloop
 endfacet
 facet normal -1.000000e+00  0.000000e+00  0.000000e+00
   outer loop
     vertex -1.896000e+02  4.663954e+02 -8.763228e+01
     vertex -1.896000e+02  4.678910e+02 -8.554423e+01
     vertex -1.896000e+02  4.684946e+02 -8.604380e+01
   endloop
 endfacet
 facet normal -1.000000e+00  0.000000e+00  0.000000e+00
   outer loop
     vertex -1.896000e+02  4.659838e+02 -8.719802e+01
     vertex -1.896000e+02  4.678910e+02 -8.554423e+01
     vertex -1.896000e+02  4.662160e+02 -8.739017e+01
   endloop
 endfacet
 facet normal -1.000000e+00  0.000000e+00  0.000000e+00
   outer loop
     vertex -1.896000e+02  4.659838e+02 -8.719802e+01
     vertex -1.896000e+02  4.674246e+02 -8.491473e+01
     vertex -1.896000e+02  4.678910e+02 -8.554423e+01
   endloop
 endfacet
 facet normal -1.000000e+00  0.000000e+00  0.000000e+00
   outer loop
     vertex -1.896000e+02  4.665116e+02 -8.791030e+01
     vertex -1.896000e+02  4.663954e+02 -8.763228e+01
     vertex -1.896000e+02  4.684946e+02 -8.604380e+01
   endloop
 endfacet
 facet normal -1.000000e+00  0.000000e+00  0.000000e+00
   outer loop
     vertex -1.896000e+02  4.665116e+02 -8.791030e+01
     vertex -1.896000e+02  4.684946e+02 -8.604380e+01
     vertex -1.896000e+02  4.692002e+02 -8.638442e+01
   endloop
 endfacet
 facet normal -1.000000e+00  0.000000e+00  0.000000e+00
   outer loop
     vertex -1.896000e+02  4.657124e+02 -8.706701e+01
     vertex -1.896000e+02  4.674246e+02 -8.491473e+01
     vertex -1.896000e+02  4.659838e+02 -8.719802e+01
   endloop
 endfacet
 facet normal -1.000000e+00  0.000000e+00  0.000000e+00
   outer loop
     vertex -1.896000e+02  4.665580e+02 -8.820805e+01
     vertex -1.896000e+02  4.692002e+02 -8.638442e+01
     vertex -1.896000e+02  4.702595e+02 -8.942073e+01
   endloop
 endfacet
 facet normal -1.000000e+00  0.000000e+00  0.000000e+00
   outer loop
     vertex -1.896000e+02  4.665580e+02 -8.820805e+01
     vertex -1.896000e+02  4.665116e+02 -8.791030e+01
     vertex -1.896000e+02  4.692002e+02 -8.638442e+01
   endloop
 endfacet
 facet normal -1.000000e+00 -3.050751e-14  1.957969e-14
   outer loop
     vertex -1.896000e+02  4.808232e+02 -1.052784e+02
     vertex -1.896000e+02  4.803756e+02 -1.030727e+02
     vertex -1.896000e+02  4.812464e+02 -1.046190e+02
   endloop
 endfacet
 facet normal -1.000000e+00  0.000000e+00  0.000000e+00
   outer loop
     vertex -1.896000e+02  4.654176e+02 -8.700476e+01
     vertex -1.896000e+02  4.674246e+02 -8.491473e+01
     vertex -1.896000e+02  4.657124e+02 -8.706701e+01
   endloop
 endfacet
 facet normal -1.000000e+00  0.000000e+00  0.000000e+00
   outer loop
     vertex -1.896000e+02  4.654176e+02 -8.700476e+01
     vertex -1.896000e+02  4.671223e+02 -8.419189e+01
     vertex -1.896000e+02  4.674246e+02 -8.491473e+01
   endloop
 endfacet
 facet normal -1.000000e+00  0.000000e+00  0.000000e+00
   outer loop
     vertex -1.896000e+02  4.665317e+02 -8.850825e+01
     vertex -1.896000e+02  4.665580e+02 -8.820805e+01
     vertex -1.896000e+02  4.702595e+02 -8.942073e+01
   endloop
 endfacet
 facet normal -1.000000e+00  0.000000e+00  0.000000e+00
   outer loop
     vertex -1.896000e+02  4.651164e+02 -8.701487e+01
     vertex -1.896000e+02  4.671223e+02 -8.419189e+01
     vertex -1.896000e+02  4.654176e+02 -8.700476e+01
   endloop
 endfacet
 facet normal -1.000000e+00  0.000000e+00  0.000000e+00
   outer loop
     vertex -1.896000e+02  4.651164e+02 -8.701487e+01
     vertex -1.896000e+02  4.670018e+02 -8.341772e+01
     vertex -1.896000e+02  4.671223e+02 -8.419189e+01
   endloop
 endfacet
 facet normal -1.000000e+00  0.000000e+00  0.000000e+00
   outer loop
     vertex -1.896000e+02  4.664343e+02 -8.879343e+01
     vertex -1.896000e+02  4.665317e+02 -8.850825e+01
     vertex -1.896000e+02  4.702595e+02 -8.942073e+01
   endloop
 endfacet
 facet normal -1.000000e+00  0.000000e+00  0.000000e+00
   outer loop
     vertex -1.896000e+02  4.664343e+02 -8.879343e+01
     vertex -1.896000e+02  4.702595e+02 -8.942073e+01
     vertex -1.896000e+02  4.691202e+02 -9.119596e+01
   endloop
 endfacet
 facet normal -1.000000e+00  1.150318e-13 -6.029250e-14
   outer loop
     vertex -1.896000e+02  4.648264e+02 -8.709676e+01
     vertex -1.896000e+02  4.670018e+02 -8.341772e+01
     vertex -1.896000e+02  4.651164e+02 -8.701487e+01
   endloop
 endfacet
 facet normal -1.000000e+00 -1.078819e-15  8.363201e-15
   outer loop
     vertex -1.896000e+02  4.648264e+02 -8.709676e+01
     vertex -1.896000e+02  4.612228e+02 -8.076477e+01
     vertex -1.896000e+02  4.670018e+02 -8.341772e+01
   endloop
 endfacet
 facet normal -1.000000e+00  0.000000e+00  0.000000e+00
   outer loop
     vertex -1.896000e+02  4.662716e+02 -8.904704e+01
     vertex -1.896000e+02  4.664343e+02 -8.879343e+01
     vertex -1.896000e+02  4.691202e+02 -9.119596e+01
   endloop
 endfacet
 facet normal -1.000000e+00 -1.873036e-14  6.393174e-15
   outer loop
     vertex -1.896000e+02  4.783456e+02 -1.036459e+02
     vertex -1.896000e+02  4.808232e+02 -1.052784e+02
     vertex -1.896000e+02  4.805701e+02 -1.060199e+02
   endloop
 endfacet
 facet normal -1.000000e+00 -6.882952e-15  2.437379e-14
   outer loop
     vertex -1.896000e+02  4.783456e+02 -1.036459e+02
     vertex -1.896000e+02  4.803756e+02 -1.030727e+02
     vertex -1.896000e+02  4.808232e+02 -1.052784e+02
   endloop
 endfacet
 facet normal -1.000000e+00 -3.855619e-15  6.782875e-15
   outer loop
     vertex -1.896000e+02  4.645645e+02 -8.724568e+01
     vertex -1.896000e+02  4.612228e+02 -8.076477e+01
     vertex -1.896000e+02  4.648264e+02 -8.709676e+01
   endloop
 endfacet
 facet normal -1.000000e+00  0.000000e+00  0.000000e+00
   outer loop
     vertex -1.896000e+02  4.660529e+02 -8.925432e+01
     vertex -1.896000e+02  4.662716e+02 -8.904704e+01
     vertex -1.896000e+02  4.691202e+02 -9.119596e+01
   endloop
 endfacet
 facet normal -1.000000e+00  0.000000e+00  0.000000e+00
   outer loop
     vertex -1.896000e+02  4.865695e+02 -1.139733e+02
     vertex -1.896000e+02  4.850038e+02 -1.096898e+02
     vertex -1.896000e+02  4.856849e+02 -1.093026e+02
   endloop
 endfacet
 facet normal -1.000000e+00  0.000000e+00  0.000000e+00
   outer loop
     vertex -1.896000e+02  4.865695e+02 -1.139733e+02
     vertex -1.896000e+02  4.842498e+02 -1.099027e+02
     vertex -1.896000e+02  4.850038e+02 -1.096898e+02
   endloop
 endfacet
 facet normal -1.000000e+00 -1.529043e-14 -2.895651e-15
   outer loop
     vertex -1.896000e+02  4.865695e+02 -1.139733e+02
     vertex -1.896000e+02  4.856849e+02 -1.093026e+02
     vertex -1.896000e+02  4.898929e+02 -1.118919e+02
   endloop
 endfacet
 facet normal -1.000000e+00 -6.945854e-15  5.189493e-15
   outer loop
     vertex -1.896000e+02  4.588757e+02 -8.390621e+01
     vertex -1.896000e+02  4.612228e+02 -8.076477e+01
     vertex -1.896000e+02  4.645645e+02 -8.724568e+01
   endloop
 endfacet
 facet normal -1.000000e+00 -8.606860e-15  2.937753e-15
   outer loop
     vertex -1.896000e+02  4.588757e+02 -8.390621e+01
     vertex -1.896000e+02  4.641830e+02 -8.770657e+01
     vertex -1.896000e+02  4.640856e+02 -8.799175e+01
   endloop
 endfacet
 facet normal -1.000000e+00 -7.338107e-15  4.709590e-15
   outer loop
     vertex -1.896000e+02  4.588757e+02 -8.390621e+01
     vertex -1.896000e+02  4.643457e+02 -8.745296e+01
     vertex -1.896000e+02  4.641830e+02 -8.770657e+01
   endloop
 endfacet
 facet normal -1.000000e+00 -6.170211e-15  6.510793e-15
   outer loop
     vertex -1.896000e+02  4.588757e+02 -8.390621e+01
     vertex -1.896000e+02  4.645645e+02 -8.724568e+01
     vertex -1.896000e+02  4.643457e+02 -8.745296e+01
   endloop
 endfacet
 facet normal -1.000000e+00  0.000000e+00  0.000000e+00
   outer loop
     vertex -1.896000e+02  4.658590e+02 -9.276443e+01
     vertex -1.896000e+02  4.657909e+02 -8.940324e+01
     vertex -1.896000e+02  4.660529e+02 -8.925432e+01
   endloop
 endfacet
 facet normal -1.000000e+00  8.192186e-15 -1.703336e-14
   outer loop
     vertex -1.896000e+02  4.658590e+02 -9.276443e+01
     vertex -1.896000e+02  4.691202e+02 -9.119596e+01
     vertex -1.896000e+02  4.684388e+02 -9.319227e+01
   endloop
 endfacet
 facet normal -1.000000e+00  0.000000e+00  0.000000e+00
   outer loop
     vertex -1.896000e+02  4.658590e+02 -9.276443e+01
     vertex -1.896000e+02  4.660529e+02 -8.925432e+01
     vertex -1.896000e+02  4.691202e+02 -9.119596e+01
   endloop
 endfacet
 facet normal -1.000000e+00  4.023864e-15 -4.216800e-14
   outer loop
     vertex -1.896000e+02  4.663254e+02 -9.339393e+01
     vertex -1.896000e+02  4.658590e+02 -9.276443e+01
     vertex -1.896000e+02  4.684388e+02 -9.319227e+01
   endloop
 endfacet
 facet normal -1.000000e+00  0.000000e+00  0.000000e+00
   outer loop
     vertex -1.896000e+02  4.652554e+02 -9.226485e+01
     vertex -1.896000e+02  4.657909e+02 -8.940324e+01
     vertex -1.896000e+02  4.658590e+02 -9.276443e+01
   endloop
 endfacet
 facet normal -1.000000e+00  0.000000e+00  0.000000e+00
   outer loop
     vertex -1.896000e+02  4.652554e+02 -9.226485e+01
     vertex -1.896000e+02  4.655009e+02 -8.948513e+01
     vertex -1.896000e+02  4.657909e+02 -8.940324e+01
   endloop
 endfacet
 facet normal -1.000000e+00  0.000000e+00  0.000000e+00
   outer loop
     vertex -1.896000e+02  4.666277e+02 -9.411677e+01
     vertex -1.896000e+02  4.684388e+02 -9.319227e+01
     vertex -1.896000e+02  4.682549e+02 -9.529363e+01
   endloop
 endfacet
 facet normal -1.000000e+00  0.000000e+00  0.000000e+00
   outer loop
     vertex -1.896000e+02  4.666277e+02 -9.411677e+01
     vertex -1.896000e+02  4.663254e+02 -9.339393e+01
     vertex -1.896000e+02  4.684388e+02 -9.319227e+01
   endloop
 endfacet
 facet normal -1.000000e+00 -1.127369e-14  9.863200e-16
   outer loop
     vertex -1.896000e+02  4.779073e+02 -1.076402e+02
     vertex -1.896000e+02  4.805701e+02 -1.060199e+02
     vertex -1.896000e+02  4.805018e+02 -1.068004e+02
   endloop
 endfacet
 facet normal -1.000000e+00 -1.100123e-14 -1.712156e-15
   outer loop
     vertex -1.896000e+02  4.780867e+02 -1.078823e+02
     vertex -1.896000e+02  4.805018e+02 -1.068004e+02
     vertex -1.896000e+02  4.806223e+02 -1.075746e+02
   endloop
 endfacet
 facet normal -1.000000e+00 -8.835405e-15 -6.547039e-15
   outer loop
     vertex -1.896000e+02  4.780867e+02 -1.078823e+02
     vertex -1.896000e+02  4.779073e+02 -1.076402e+02
     vertex -1.896000e+02  4.805018e+02 -1.068004e+02
   endloop
 endfacet
 facet normal -1.000000e+00 -1.479202e-14  1.008356e-14
   outer loop
     vertex -1.896000e+02  4.776752e+02 -1.074480e+02
     vertex -1.896000e+02  4.783456e+02 -1.036459e+02
     vertex -1.896000e+02  4.805701e+02 -1.060199e+02
   endloop
 endfacet
 facet normal -1.000000e+00 -6.151464e-15 -7.431778e-15
   outer loop
     vertex -1.896000e+02  4.776752e+02 -1.074480e+02
     vertex -1.896000e+02  4.805701e+02 -1.060199e+02
     vertex -1.896000e+02  4.779073e+02 -1.076402e+02
   endloop
 endfacet
 facet normal -1.000000e+00 -1.066768e-14 -4.460705e-15
   outer loop
     vertex -1.896000e+02  4.782030e+02 -1.081603e+02
     vertex -1.896000e+02  4.780867e+02 -1.078823e+02
     vertex -1.896000e+02  4.806223e+02 -1.075746e+02
   endloop
 endfacet
 facet normal -1.000000e+00  3.863474e-14 -3.411739e-15
   outer loop
     vertex -1.896000e+02  4.645498e+02 -9.192423e+01
     vertex -1.896000e+02  4.655009e+02 -8.948513e+01
     vertex -1.896000e+02  4.652554e+02 -9.226485e+01
   endloop
 endfacet
 facet normal -1.000000e+00  2.338601e-15  1.107535e-14
   outer loop
     vertex -1.896000e+02  4.645498e+02 -9.192423e+01
     vertex -1.896000e+02  4.649049e+02 -8.943299e+01
     vertex -1.896000e+02  4.651997e+02 -8.949524e+01
   endloop
 endfacet
 facet normal -1.000000e+00 -3.964427e-16  1.180710e-14
   outer loop
     vertex -1.896000e+02  4.645498e+02 -9.192423e+01
     vertex -1.896000e+02  4.651997e+02 -8.949524e+01
     vertex -1.896000e+02  4.655009e+02 -8.948513e+01
   endloop
 endfacet
 facet normal -1.000000e+00  3.325634e-15  6.888844e-15
   outer loop
     vertex -1.896000e+02  4.774038e+02 -1.073170e+02
     vertex -1.896000e+02  4.783456e+02 -1.036459e+02
     vertex -1.896000e+02  4.776752e+02 -1.074480e+02
   endloop
 endfacet
 facet normal -1.000000e+00 -1.036363e-14 -4.333564e-15
   outer loop
     vertex -1.896000e+02  4.782493e+02 -1.084581e+02
     vertex -1.896000e+02  4.806223e+02 -1.075746e+02
     vertex -1.896000e+02  4.809246e+02 -1.082974e+02
   endloop
 endfacet
 facet normal -1.000000e+00 -1.132105e-14 -1.761930e-15
   outer loop
     vertex -1.896000e+02  4.782493e+02 -1.084581e+02
     vertex -1.896000e+02  4.782030e+02 -1.081603e+02
     vertex -1.896000e+02  4.806223e+02 -1.075746e+02
   endloop
 endfacet
 facet normal -1.000000e+00  0.000000e+00  0.000000e+00
   outer loop
     vertex -1.896000e+02  4.667482e+02 -9.489094e+01
     vertex -1.896000e+02  4.666277e+02 -9.411677e+01
     vertex -1.896000e+02  4.682549e+02 -9.529363e+01
   endloop
 endfacet
 facet normal -1.000000e+00  0.000000e+00  0.000000e+00
   outer loop
     vertex -1.896000e+02  4.771089e+02 -1.072548e+02
     vertex -1.896000e+02  4.762374e+02 -1.037167e+02
     vertex -1.896000e+02  4.783456e+02 -1.036459e+02
   endloop
 endfacet
 facet normal -1.000000e+00 -8.989259e-14  3.080363e-14
   outer loop
     vertex -1.896000e+02  4.771089e+02 -1.072548e+02
     vertex -1.896000e+02  4.783456e+02 -1.036459e+02
     vertex -1.896000e+02  4.774038e+02 -1.073170e+02
   endloop
 endfacet
 facet normal -1.000000e+00 -1.067994e-14  9.343741e-16
   outer loop
     vertex -1.896000e+02  4.782230e+02 -1.087582e+02
     vertex -1.896000e+02  4.782493e+02 -1.084581e+02
     vertex -1.896000e+02  4.809246e+02 -1.082974e+02
   endloop
 endfacet
 facet normal -1.000000e+00  0.000000e+00  0.000000e+00
   outer loop
     vertex -1.896000e+02  4.768078e+02 -1.072649e+02
     vertex -1.896000e+02  4.762374e+02 -1.037167e+02
     vertex -1.896000e+02  4.771089e+02 -1.072548e+02
   endloop
 endfacet
 facet normal -1.000000e+00  8.975847e-14 -3.101803e-14
   outer loop
     vertex -1.896000e+02  4.637833e+02 -9.176237e+01
     vertex -1.896000e+02  4.646335e+02 -8.930198e+01
     vertex -1.896000e+02  4.649049e+02 -8.943299e+01
   endloop
 endfacet
 facet normal -1.000000e+00  0.000000e+00  0.000000e+00
   outer loop
     vertex -1.896000e+02  4.637833e+02 -9.176237e+01
     vertex -1.896000e+02  4.644014e+02 -8.910983e+01
     vertex -1.896000e+02  4.646335e+02 -8.930198e+01
   endloop
 endfacet
 facet normal -1.000000e+00  2.338601e-15  1.107535e-14
   outer loop
     vertex -1.896000e+02  4.637833e+02 -9.176237e+01
     vertex -1.896000e+02  4.649049e+02 -8.943299e+01
     vertex -1.896000e+02  4.645498e+02 -9.192423e+01
   endloop
 endfacet
 facet normal -1.000000e+00 -8.479828e-15 -6.283556e-15
   outer loop
     vertex -1.896000e+02  4.781257e+02 -1.090434e+02
     vertex -1.896000e+02  4.809246e+02 -1.082974e+02
     vertex -1.896000e+02  4.813910e+02 -1.089269e+02
   endloop
 endfacet
 facet normal -1.000000e+00 -1.117098e-14  3.812956e-15
   outer loop
     vertex -1.896000e+02  4.781257e+02 -1.090434e+02
     vertex -1.896000e+02  4.782230e+02 -1.087582e+02
     vertex -1.896000e+02  4.809246e+02 -1.082974e+02
   endloop
 endfacet
 facet normal -1.000000e+00  0.000000e+00  0.000000e+00
   outer loop
     vertex -1.896000e+02  4.765178e+02 -1.073468e+02
     vertex -1.896000e+02  4.762374e+02 -1.037167e+02
     vertex -1.896000e+02  4.768078e+02 -1.072649e+02
   endloop
 endfacet
 facet normal -1.000000e+00  0.000000e+00  0.000000e+00
   outer loop
     vertex -1.896000e+02  4.666799e+02 -9.567144e+01
     vertex -1.896000e+02  4.667482e+02 -9.489094e+01
     vertex -1.896000e+02  4.682549e+02 -9.529363e+01
   endloop
 endfacet
 facet normal -1.000000e+00 -7.334132e-15 -8.860597e-15
   outer loop
     vertex -1.896000e+02  4.779629e+02 -1.092970e+02
     vertex -1.896000e+02  4.813910e+02 -1.089269e+02
     vertex -1.896000e+02  4.819946e+02 -1.094265e+02
   endloop
 endfacet
 facet normal -1.000000e+00 -8.908069e-15  5.717190e-15
   outer loop
     vertex -1.896000e+02  4.779629e+02 -1.092970e+02
     vertex -1.896000e+02  4.781257e+02 -1.090434e+02
     vertex -1.896000e+02  4.813910e+02 -1.089269e+02
   endloop
 endfacet
 facet normal -1.000000e+00  0.000000e+00  0.000000e+00
   outer loop
     vertex -1.896000e+02  4.829202e+02 -1.154087e+02
     vertex -1.896000e+02  4.827002e+02 -1.097671e+02
     vertex -1.896000e+02  4.834667e+02 -1.099290e+02
   endloop
 endfacet
 facet normal -1.000000e+00  0.000000e+00  0.000000e+00
   outer loop
     vertex -1.896000e+02  4.829202e+02 -1.154087e+02
     vertex -1.896000e+02  4.819946e+02 -1.094265e+02
     vertex -1.896000e+02  4.827002e+02 -1.097671e+02
   endloop
 endfacet
 facet normal -1.000000e+00  6.362304e-15  3.625564e-15
   outer loop
     vertex -1.896000e+02  4.829202e+02 -1.154087e+02
     vertex -1.896000e+02  4.842498e+02 -1.099027e+02
     vertex -1.896000e+02  4.865695e+02 -1.139733e+02
   endloop
 endfacet
 facet normal -1.000000e+00  3.641826e-14 -3.632480e-15
   outer loop
     vertex -1.896000e+02  4.829202e+02 -1.154087e+02
     vertex -1.896000e+02  4.834667e+02 -1.099290e+02
     vertex -1.896000e+02  4.842498e+02 -1.099027e+02
   endloop
 endfacet
 facet normal -1.000000e+00  0.000000e+00  0.000000e+00
   outer loop
     vertex -1.896000e+02  4.630002e+02 -9.178866e+01
     vertex -1.896000e+02  4.642220e+02 -8.886772e+01
     vertex -1.896000e+02  4.644014e+02 -8.910983e+01
   endloop
 endfacet
 facet normal -1.000000e+00  0.000000e+00  0.000000e+00
   outer loop
     vertex -1.896000e+02  4.630002e+02 -9.178866e+01
     vertex -1.896000e+02  4.644014e+02 -8.910983e+01
     vertex -1.896000e+02  4.637833e+02 -9.176237e+01
   endloop
 endfacet
 facet normal -1.000000e+00 -6.818613e-15  7.194985e-15
   outer loop
     vertex -1.896000e+02  4.777442e+02 -1.095043e+02
     vertex -1.896000e+02  4.779629e+02 -1.092970e+02
     vertex -1.896000e+02  4.819946e+02 -1.094265e+02
   endloop
 endfacet
 facet normal -1.000000e+00  0.000000e+00  0.000000e+00
   outer loop
     vertex -1.896000e+02  4.664268e+02 -9.641293e+01
     vertex -1.896000e+02  4.682549e+02 -9.529363e+01
     vertex -1.896000e+02  4.685793e+02 -9.737793e+01
   endloop
 endfacet
 facet normal -1.000000e+00  0.000000e+00  0.000000e+00
   outer loop
     vertex -1.896000e+02  4.664268e+02 -9.641293e+01
     vertex -1.896000e+02  4.666799e+02 -9.567144e+01
     vertex -1.896000e+02  4.682549e+02 -9.529363e+01
   endloop
 endfacet
 facet normal -1.000000e+00 -8.648871e-15 -3.616537e-15
   outer loop
     vertex -1.896000e+02  4.622462e+02 -9.200158e+01
     vertex -1.896000e+02  4.641057e+02 -8.858970e+01
     vertex -1.896000e+02  4.642220e+02 -8.886772e+01
   endloop
 endfacet
 facet normal -1.000000e+00 -1.188946e-14 -1.850394e-15
   outer loop
     vertex -1.896000e+02  4.622462e+02 -9.200158e+01
     vertex -1.896000e+02  4.640594e+02 -8.829195e+01
     vertex -1.896000e+02  4.641057e+02 -8.858970e+01
   endloop
 endfacet
 facet normal -1.000000e+00 -4.274318e-14  1.787824e-14
   outer loop
     vertex -1.896000e+02  4.622462e+02 -9.200158e+01
     vertex -1.896000e+02  4.642220e+02 -8.886772e+01
     vertex -1.896000e+02  4.630002e+02 -9.178866e+01
   endloop
 endfacet
 facet normal -1.000000e+00  0.000000e+00  0.000000e+00
   outer loop
     vertex -1.896000e+02  4.730754e+02 -1.050853e+02
     vertex -1.896000e+02  4.726090e+02 -1.044558e+02
     vertex -1.896000e+02  4.741735e+02 -1.032809e+02
   endloop
 endfacet
 facet normal -1.000000e+00  0.000000e+00  0.000000e+00
   outer loop
     vertex -1.896000e+02  4.720054e+02 -1.039562e+02
     vertex -1.896000e+02  4.741735e+02 -1.032809e+02
     vertex -1.896000e+02  4.726090e+02 -1.044558e+02
   endloop
 endfacet
 facet normal -1.000000e+00  0.000000e+00  0.000000e+00
   outer loop
     vertex -1.896000e+02  4.720054e+02 -1.039562e+02
     vertex -1.896000e+02  4.722739e+02 -1.023639e+02
     vertex -1.896000e+02  4.741735e+02 -1.032809e+02
   endloop
 endfacet
 facet normal -1.000000e+00  0.000000e+00  0.000000e+00
   outer loop
     vertex -1.896000e+02  4.733777e+02 -1.058081e+02
     vertex -1.896000e+02  4.730754e+02 -1.050853e+02
     vertex -1.896000e+02  4.741735e+02 -1.032809e+02
   endloop
 endfacet
 facet normal -1.000000e+00  1.291241e-14 -4.066135e-15
   outer loop
     vertex -1.896000e+02  4.733777e+02 -1.058081e+02
     vertex -1.896000e+02  4.741735e+02 -1.032809e+02
     vertex -1.896000e+02  4.762374e+02 -1.037167e+02
   endloop
 endfacet
 facet normal -1.000000e+00  4.860978e-15 -8.551521e-15
   outer loop
     vertex -1.896000e+02  4.733777e+02 -1.058081e+02
     vertex -1.896000e+02  4.765178e+02 -1.073468e+02
     vertex -1.896000e+02  4.762558e+02 -1.074957e+02
   endloop
 endfacet
 facet normal -1.000000e+00  9.407287e-15  7.266170e-16
   outer loop
     vertex -1.896000e+02  4.733777e+02 -1.058081e+02
     vertex -1.896000e+02  4.762374e+02 -1.037167e+02
     vertex -1.896000e+02  4.765178e+02 -1.073468e+02
   endloop
 endfacet
 facet normal -1.000000e+00  0.000000e+00  0.000000e+00
   outer loop
     vertex -1.896000e+02  4.660036e+02 -9.707230e+01
     vertex -1.896000e+02  4.664268e+02 -9.641293e+01
     vertex -1.896000e+02  4.685793e+02 -9.737793e+01
   endloop
 endfacet
 facet normal -1.000000e+00  0.000000e+00  0.000000e+00
   outer loop
     vertex -1.896000e+02  4.712998e+02 -1.036156e+02
     vertex -1.896000e+02  4.722739e+02 -1.023639e+02
     vertex -1.896000e+02  4.720054e+02 -1.039562e+02
   endloop
 endfacet
 facet normal -1.000000e+00  1.086676e-14  1.691228e-15
   outer loop
     vertex -1.896000e+02  4.734982e+02 -1.065823e+02
     vertex -1.896000e+02  4.733777e+02 -1.058081e+02
     vertex -1.896000e+02  4.762558e+02 -1.074957e+02
   endloop
 endfacet
 facet normal -1.000000e+00  8.723253e-15 -5.598575e-15
   outer loop
     vertex -1.896000e+02  4.734982e+02 -1.065823e+02
     vertex -1.896000e+02  4.760371e+02 -1.077030e+02
     vertex -1.896000e+02  4.758743e+02 -1.079566e+02
   endloop
 endfacet
 facet normal -1.000000e+00  7.637282e-15 -8.058843e-15
   outer loop
     vertex -1.896000e+02  4.734982e+02 -1.065823e+02
     vertex -1.896000e+02  4.762558e+02 -1.074957e+02
     vertex -1.896000e+02  4.760371e+02 -1.077030e+02
   endloop
 endfacet
 facet normal -1.000000e+00 -2.161210e-15  3.802039e-15
   outer loop
     vertex -1.896000e+02  4.571458e+02 -8.742543e+01
     vertex -1.896000e+02  4.622462e+02 -9.200158e+01
     vertex -1.896000e+02  4.615651e+02 -9.238876e+01
   endloop
 endfacet
 facet normal -1.000000e+00 -8.652274e-15 -3.432631e-15
   outer loop
     vertex -1.896000e+02  4.571458e+02 -8.742543e+01
     vertex -1.896000e+02  4.640594e+02 -8.829195e+01
     vertex -1.896000e+02  4.622462e+02 -9.200158e+01
   endloop
 endfacet
 facet normal -1.000000e+00 -8.132862e-15  7.115332e-16
   outer loop
     vertex -1.896000e+02  4.571458e+02 -8.742543e+01
     vertex -1.896000e+02  4.640856e+02 -8.799175e+01
     vertex -1.896000e+02  4.640594e+02 -8.829195e+01
   endloop
 endfacet
 facet normal -1.000000e+00 -7.875036e-15  3.870982e-15
   outer loop
     vertex -1.896000e+02  4.571458e+02 -8.742543e+01
     vertex -1.896000e+02  4.588757e+02 -8.390621e+01
     vertex -1.896000e+02  4.640856e+02 -8.799175e+01
   endloop
 endfacet
 facet normal -1.000000e+00 -3.184347e-14  2.477939e-14
   outer loop
     vertex -1.896000e+02  4.705333e+02 -1.034537e+02
     vertex -1.896000e+02  4.722739e+02 -1.023639e+02
     vertex -1.896000e+02  4.712998e+02 -1.036156e+02
   endloop
 endfacet
 facet normal -1.000000e+00 -2.436173e-14  1.283017e-14
   outer loop
     vertex -1.896000e+02  4.705333e+02 -1.034537e+02
     vertex -1.896000e+02  4.706489e+02 -1.010188e+02
     vertex -1.896000e+02  4.722739e+02 -1.023639e+02
   endloop
 endfacet
 facet normal -1.000000e+00  0.000000e+00  0.000000e+00
   outer loop
     vertex -1.896000e+02  4.654349e+02 -9.761124e+01
     vertex -1.896000e+02  4.660036e+02 -9.707230e+01
     vertex -1.896000e+02  4.685793e+02 -9.737793e+01
   endloop
 endfacet
 facet normal -1.000000e+00  1.138520e-14 -9.960755e-16
   outer loop
     vertex -1.896000e+02  4.734299e+02 -1.073628e+02
     vertex -1.896000e+02  4.734982e+02 -1.065823e+02
     vertex -1.896000e+02  4.758743e+02 -1.079566e+02
   endloop
 endfacet
 facet normal -1.000000e+00  1.073693e-14 -3.664804e-15
   outer loop
     vertex -1.896000e+02  4.734299e+02 -1.073628e+02
     vertex -1.896000e+02  4.758743e+02 -1.079566e+02
     vertex -1.896000e+02  4.757770e+02 -1.082418e+02
   endloop
 endfacet
 facet normal -1.000000e+00 -3.925590e-16  1.169143e-14
   outer loop
     vertex -1.896000e+02  4.697502e+02 -1.034800e+02
     vertex -1.896000e+02  4.706489e+02 -1.010188e+02
     vertex -1.896000e+02  4.705333e+02 -1.034537e+02
   endloop
 endfacet
 facet normal -1.000000e+00  1.073693e-14 -3.664804e-15
   outer loop
     vertex -1.896000e+02  4.731768e+02 -1.081043e+02
     vertex -1.896000e+02  4.734299e+02 -1.073628e+02
     vertex -1.896000e+02  4.757770e+02 -1.082418e+02
   endloop
 endfacet
 facet normal -1.000000e+00  1.134241e-14  1.765254e-15
   outer loop
     vertex -1.896000e+02  4.731768e+02 -1.081043e+02
     vertex -1.896000e+02  4.757507e+02 -1.085419e+02
     vertex -1.896000e+02  4.757970e+02 -1.088397e+02
   endloop
 endfacet
 facet normal -1.000000e+00  1.088037e-14 -9.519091e-16
   outer loop
     vertex -1.896000e+02  4.731768e+02 -1.081043e+02
     vertex -1.896000e+02  4.757770e+02 -1.082418e+02
     vertex -1.896000e+02  4.757507e+02 -1.085419e+02
   endloop
 endfacet
 facet normal -1.000000e+00 -4.566446e-14  2.822303e-14
   outer loop
     vertex -1.896000e+02  4.689962e+02 -1.036929e+02
     vertex -1.896000e+02  4.706489e+02 -1.010188e+02
     vertex -1.896000e+02  4.697502e+02 -1.034800e+02
   endloop
 endfacet
 facet normal -1.000000e+00 -2.183842e-15  3.841855e-15
   outer loop
     vertex -1.896000e+02  4.790693e+02 -1.161490e+02
     vertex -1.896000e+02  4.774822e+02 -1.096532e+02
     vertex -1.896000e+02  4.777442e+02 -1.095043e+02
   endloop
 endfacet
 facet normal -1.000000e+00 -1.155834e-15  4.093021e-15
   outer loop
     vertex -1.896000e+02  4.790693e+02 -1.161490e+02
     vertex -1.896000e+02  4.771922e+02 -1.097351e+02
     vertex -1.896000e+02  4.774822e+02 -1.096532e+02
   endloop
 endfacet
 facet normal -1.000000e+00 -9.359940e-14 -2.296125e-14
   outer loop
     vertex -1.896000e+02  4.790693e+02 -1.161490e+02
     vertex -1.896000e+02  4.768911e+02 -1.097452e+02
     vertex -1.896000e+02  4.771922e+02 -1.097351e+02
   endloop
 endfacet
 facet normal -1.000000e+00 -6.740570e-15  2.933147e-15
   outer loop
     vertex -1.896000e+02  4.790693e+02 -1.161490e+02
     vertex -1.896000e+02  4.777442e+02 -1.095043e+02
     vertex -1.896000e+02  4.819946e+02 -1.094265e+02
   endloop
 endfacet
 facet normal -1.000000e+00  0.000000e+00  0.000000e+00
   outer loop
     vertex -1.896000e+02  4.790693e+02 -1.161490e+02
     vertex -1.896000e+02  4.819946e+02 -1.094265e+02
     vertex -1.896000e+02  4.829202e+02 -1.154087e+02
   endloop
 endfacet
 facet normal -1.000000e+00  0.000000e+00  0.000000e+00
   outer loop
     vertex -1.896000e+02  4.663954e+02 -1.011323e+02
     vertex -1.896000e+02  4.662160e+02 -1.008902e+02
     vertex -1.896000e+02  4.693931e+02 -9.932403e+01
   endloop
 endfacet
 facet normal -1.000000e+00  9.191274e-15 -5.898951e-15
   outer loop
     vertex -1.896000e+02  4.727536e+02 -1.087636e+02
     vertex -1.896000e+02  4.731768e+02 -1.081043e+02
     vertex -1.896000e+02  4.757970e+02 -1.088397e+02
   endloop
 endfacet
 facet normal -1.000000e+00  9.809672e-15  7.268971e-15
   outer loop
     vertex -1.896000e+02  4.727536e+02 -1.087636e+02
     vertex -1.896000e+02  4.759133e+02 -1.091177e+02
     vertex -1.896000e+02  4.760927e+02 -1.093598e+02
   endloop
 endfacet
 facet normal -1.000000e+00  9.437324e-15  3.946229e-15
   outer loop
     vertex -1.896000e+02  4.727536e+02 -1.087636e+02
     vertex -1.896000e+02  4.757970e+02 -1.088397e+02
     vertex -1.896000e+02  4.759133e+02 -1.091177e+02
   endloop
 endfacet
 facet normal -1.000000e+00  0.000000e+00  0.000000e+00
   outer loop
     vertex -1.896000e+02  4.659838e+02 -1.006980e+02
     vertex -1.896000e+02  4.654349e+02 -9.761124e+01
     vertex -1.896000e+02  4.685793e+02 -9.737793e+01
   endloop
 endfacet
 facet normal -1.000000e+00  0.000000e+00  0.000000e+00
   outer loop
     vertex -1.896000e+02  4.659838e+02 -1.006980e+02
     vertex -1.896000e+02  4.693931e+02 -9.932403e+01
     vertex -1.896000e+02  4.662160e+02 -1.008902e+02
   endloop
 endfacet
 facet normal -1.000000e+00  0.000000e+00  0.000000e+00
   outer loop
     vertex -1.896000e+02  4.659838e+02 -1.006980e+02
     vertex -1.896000e+02  4.685793e+02 -9.737793e+01
     vertex -1.896000e+02  4.693931e+02 -9.932403e+01
   endloop
 endfacet
 facet normal -1.000000e+00  0.000000e+00  0.000000e+00
   outer loop
     vertex -1.896000e+02  4.665116e+02 -1.014103e+02
     vertex -1.896000e+02  4.693931e+02 -9.932403e+01
     vertex -1.896000e+02  4.706489e+02 -1.010188e+02
   endloop
 endfacet
 facet normal -1.000000e+00  0.000000e+00  0.000000e+00
   outer loop
     vertex -1.896000e+02  4.665116e+02 -1.014103e+02
     vertex -1.896000e+02  4.663954e+02 -1.011323e+02
     vertex -1.896000e+02  4.693931e+02 -9.932403e+01
   endloop
 endfacet
 facet normal -1.000000e+00  0.000000e+00  0.000000e+00
   outer loop
     vertex -1.896000e+02  4.657124e+02 -1.005670e+02
     vertex -1.896000e+02  4.654349e+02 -9.761124e+01
     vertex -1.896000e+02  4.659838e+02 -1.006980e+02
   endloop
 endfacet
 facet normal -1.000000e+00  0.000000e+00  0.000000e+00
   outer loop
     vertex -1.896000e+02  4.665580e+02 -1.017081e+02
     vertex -1.896000e+02  4.706489e+02 -1.010188e+02
     vertex -1.896000e+02  4.689962e+02 -1.036929e+02
   endloop
 endfacet
 facet normal -1.000000e+00  0.000000e+00  0.000000e+00
   outer loop
     vertex -1.896000e+02  4.665580e+02 -1.017081e+02
     vertex -1.896000e+02  4.665116e+02 -1.014103e+02
     vertex -1.896000e+02  4.706489e+02 -1.010188e+02
   endloop
 endfacet
 facet normal -1.000000e+00  4.186948e-14 -2.507034e-16
   outer loop
     vertex -1.896000e+02  4.654176e+02 -1.005048e+02
     vertex -1.896000e+02  4.647538e+02 -9.799842e+01
     vertex -1.896000e+02  4.654349e+02 -9.761124e+01
   endloop
 endfacet
 facet normal -1.000000e+00  0.000000e+00  0.000000e+00
   outer loop
     vertex -1.896000e+02  4.654176e+02 -1.005048e+02
     vertex -1.896000e+02  4.654349e+02 -9.761124e+01
     vertex -1.896000e+02  4.657124e+02 -1.005670e+02
   endloop
 endfacet
 facet normal -1.000000e+00  0.000000e+00  0.000000e+00
   outer loop
     vertex -1.896000e+02  4.665317e+02 -1.020082e+02
     vertex -1.896000e+02  4.665580e+02 -1.017081e+02
     vertex -1.896000e+02  4.689962e+02 -1.036929e+02
   endloop
 endfacet
 facet normal -1.000000e+00  0.000000e+00  0.000000e+00
   outer loop
     vertex -1.896000e+02  4.665317e+02 -1.020082e+02
     vertex -1.896000e+02  4.689962e+02 -1.036929e+02
     vertex -1.896000e+02  4.683151e+02 -1.040801e+02
   endloop
 endfacet
 facet normal -1.000000e+00  3.774004e-16 -1.123997e-14
   outer loop
     vertex -1.896000e+02  4.651164e+02 -1.005149e+02
     vertex -1.896000e+02  4.647538e+02 -9.799842e+01
     vertex -1.896000e+02  4.654176e+02 -1.005048e+02
   endloop
 endfacet
 facet normal -1.000000e+00  3.064714e-15 -1.085271e-14
   outer loop
     vertex -1.896000e+02  4.651164e+02 -1.005149e+02
     vertex -1.896000e+02  4.639998e+02 -9.821134e+01
     vertex -1.896000e+02  4.647538e+02 -9.799842e+01
   endloop
 endfacet
 facet normal -1.000000e+00  0.000000e+00  0.000000e+00
   outer loop
     vertex -1.896000e+02  4.664343e+02 -1.022934e+02
     vertex -1.896000e+02  4.665317e+02 -1.020082e+02
     vertex -1.896000e+02  4.683151e+02 -1.040801e+02
   endloop
 endfacet
 facet normal -1.000000e+00  7.162382e-15 -7.557730e-15
   outer loop
     vertex -1.896000e+02  4.721849e+02 -1.093026e+02
     vertex -1.896000e+02  4.727536e+02 -1.087636e+02
     vertex -1.896000e+02  4.760927e+02 -1.093598e+02
   endloop
 endfacet
 facet normal -1.000000e+00  7.404175e-15  8.945219e-15
   outer loop
     vertex -1.896000e+02  4.721849e+02 -1.093026e+02
     vertex -1.896000e+02  4.760927e+02 -1.093598e+02
     vertex -1.896000e+02  4.763248e+02 -1.095520e+02
   endloop
 endfacet
 facet normal -1.000000e+00  8.926987e-14  3.093536e-14
   outer loop
     vertex -1.896000e+02  4.648264e+02 -1.005968e+02
     vertex -1.896000e+02  4.639998e+02 -9.821134e+01
     vertex -1.896000e+02  4.651164e+02 -1.005149e+02
   endloop
 endfacet
 facet normal -1.000000e+00  0.000000e+00  0.000000e+00
   outer loop
     vertex -1.896000e+02  4.662716e+02 -1.025470e+02
     vertex -1.896000e+02  4.664343e+02 -1.022934e+02
     vertex -1.896000e+02  4.683151e+02 -1.040801e+02
   endloop
 endfacet
 facet normal -1.000000e+00  0.000000e+00  0.000000e+00
   outer loop
     vertex -1.896000e+02  4.645645e+02 -1.007457e+02
     vertex -1.896000e+02  4.639998e+02 -9.821134e+01
     vertex -1.896000e+02  4.648264e+02 -1.005968e+02
   endloop
 endfacet
 facet normal -1.000000e+00  0.000000e+00  0.000000e+00
   outer loop
     vertex -1.896000e+02  4.645645e+02 -1.007457e+02
     vertex -1.896000e+02  4.632167e+02 -9.823763e+01
     vertex -1.896000e+02  4.639998e+02 -9.821134e+01
   endloop
 endfacet
 facet normal -1.000000e+00  0.000000e+00  0.000000e+00
   outer loop
     vertex -1.896000e+02  4.677464e+02 -1.046190e+02
     vertex -1.896000e+02  4.662716e+02 -1.025470e+02
     vertex -1.896000e+02  4.683151e+02 -1.040801e+02
   endloop
 endfacet
 facet normal -1.000000e+00  0.000000e+00  0.000000e+00
   outer loop
     vertex -1.896000e+02  4.660529e+02 -1.027543e+02
     vertex -1.896000e+02  4.662716e+02 -1.025470e+02
     vertex -1.896000e+02  4.677464e+02 -1.046190e+02
   endloop
 endfacet
 facet normal -1.000000e+00  0.000000e+00  0.000000e+00
   outer loop
     vertex -1.896000e+02  4.643457e+02 -1.009530e+02
     vertex -1.896000e+02  4.632167e+02 -9.823763e+01
     vertex -1.896000e+02  4.645645e+02 -1.007457e+02
   endloop
 endfacet
 facet normal -1.000000e+00  5.367614e-15 -1.832111e-15
   outer loop
     vertex -1.896000e+02  4.560921e+02 -9.120260e+01
     vertex -1.896000e+02  4.605732e+02 -9.358707e+01
     vertex -1.896000e+02  4.603201e+02 -9.432856e+01
   endloop
 endfacet
 facet normal -1.000000e+00 -2.946687e-14 -6.729678e-14
   outer loop
     vertex -1.896000e+02  4.560921e+02 -9.120260e+01
     vertex -1.896000e+02  4.609964e+02 -9.292770e+01
     vertex -1.896000e+02  4.605732e+02 -9.358707e+01
   endloop
 endfacet
 facet normal -1.000000e+00 -4.226492e-15  4.459785e-15
   outer loop
     vertex -1.896000e+02  4.560921e+02 -9.120260e+01
     vertex -1.896000e+02  4.615651e+02 -9.238876e+01
     vertex -1.896000e+02  4.609964e+02 -9.292770e+01
   endloop
 endfacet
 facet normal -1.000000e+00 -4.896968e-15  1.366174e-15
   outer loop
     vertex -1.896000e+02  4.560921e+02 -9.120260e+01
     vertex -1.896000e+02  4.571458e+02 -8.742543e+01
     vertex -1.896000e+02  4.615651e+02 -9.238876e+01
   endloop
 endfacet
 facet normal -1.000000e+00  0.000000e+00  0.000000e+00
   outer loop
     vertex -1.896000e+02  4.657909e+02 -1.029032e+02
     vertex -1.896000e+02  4.660529e+02 -1.027543e+02
     vertex -1.896000e+02  4.677464e+02 -1.046190e+02
   endloop
 endfacet
 facet normal -1.000000e+00  0.000000e+00  0.000000e+00
   outer loop
     vertex -1.896000e+02  4.641830e+02 -1.012066e+02
     vertex -1.896000e+02  4.624502e+02 -9.807577e+01
     vertex -1.896000e+02  4.632167e+02 -9.823763e+01
   endloop
 endfacet
 facet normal -1.000000e+00  0.000000e+00  0.000000e+00
   outer loop
     vertex -1.896000e+02  4.641830e+02 -1.012066e+02
     vertex -1.896000e+02  4.632167e+02 -9.823763e+01
     vertex -1.896000e+02  4.643457e+02 -1.009530e+02
   endloop
 endfacet
 facet normal -1.000000e+00  0.000000e+00  0.000000e+00
   outer loop
     vertex -1.896000e+02  4.673232e+02 -1.052784e+02
     vertex -1.896000e+02  4.657909e+02 -1.029032e+02
     vertex -1.896000e+02  4.677464e+02 -1.046190e+02
   endloop
 endfacet
 facet normal -1.000000e+00  0.000000e+00  0.000000e+00
   outer loop
     vertex -1.896000e+02  4.673232e+02 -1.052784e+02
     vertex -1.896000e+02  4.655009e+02 -1.029851e+02
     vertex -1.896000e+02  4.657909e+02 -1.029032e+02
   endloop
 endfacet
 facet normal -1.000000e+00 -5.239078e-14 -2.508305e-14
   outer loop
     vertex -1.896000e+02  4.640856e+02 -1.014918e+02
     vertex -1.896000e+02  4.617446e+02 -9.773515e+01
     vertex -1.896000e+02  4.624502e+02 -9.807577e+01
   endloop
 endfacet
 facet normal -1.000000e+00  0.000000e+00  0.000000e+00
   outer loop
     vertex -1.896000e+02  4.640856e+02 -1.014918e+02
     vertex -1.896000e+02  4.624502e+02 -9.807577e+01
     vertex -1.896000e+02  4.641830e+02 -1.012066e+02
   endloop
 endfacet
 facet normal -1.000000e+00  0.000000e+00  0.000000e+00
   outer loop
     vertex -1.896000e+02  4.651997e+02 -1.029952e+02
     vertex -1.896000e+02  4.655009e+02 -1.029851e+02
     vertex -1.896000e+02  4.673232e+02 -1.052784e+02
   endloop
 endfacet
 facet normal -1.000000e+00  0.000000e+00  0.000000e+00
   outer loop
     vertex -1.896000e+02  4.670701e+02 -1.060199e+02
     vertex -1.896000e+02  4.649049e+02 -1.029330e+02
     vertex -1.896000e+02  4.651997e+02 -1.029952e+02
   endloop
 endfacet
 facet normal -1.000000e+00  0.000000e+00  0.000000e+00
   outer loop
     vertex -1.896000e+02  4.670701e+02 -1.060199e+02
     vertex -1.896000e+02  4.651997e+02 -1.029952e+02
     vertex -1.896000e+02  4.673232e+02 -1.052784e+02
   endloop
 endfacet
 facet normal -1.000000e+00 -1.451609e-14  3.938920e-15
   outer loop
     vertex -1.896000e+02  4.751479e+02 -1.161691e+02
     vertex -1.896000e+02  4.768911e+02 -1.097452e+02
     vertex -1.896000e+02  4.790693e+02 -1.161490e+02
   endloop
 endfacet
 facet normal -1.000000e+00  6.792512e-15 -1.208088e-15
   outer loop
     vertex -1.896000e+02  4.751479e+02 -1.161691e+02
     vertex -1.896000e+02  4.721849e+02 -1.093026e+02
     vertex -1.896000e+02  4.763248e+02 -1.095520e+02
   endloop
 endfacet
 facet normal -1.000000e+00  0.000000e+00  0.000000e+00
   outer loop
     vertex -1.896000e+02  4.751479e+02 -1.161691e+02
     vertex -1.896000e+02  4.765962e+02 -1.096830e+02
     vertex -1.896000e+02  4.768911e+02 -1.097452e+02
   endloop
 endfacet
 facet normal -1.000000e+00  0.000000e+00  0.000000e+00
   outer loop
     vertex -1.896000e+02  4.751479e+02 -1.161691e+02
     vertex -1.896000e+02  4.763248e+02 -1.095520e+02
     vertex -1.896000e+02  4.765962e+02 -1.096830e+02
   endloop
 endfacet
 facet normal -1.000000e+00  0.000000e+00  0.000000e+00
   outer loop
     vertex -1.896000e+02  4.670018e+02 -1.068004e+02
     vertex -1.896000e+02  4.649049e+02 -1.029330e+02
     vertex -1.896000e+02  4.670701e+02 -1.060199e+02
   endloop
 endfacet
 facet normal -1.000000e+00  1.261509e-15 -7.385891e-15
   outer loop
     vertex -1.896000e+02  4.557503e+02 -9.510908e+01
     vertex -1.896000e+02  4.560921e+02 -9.120260e+01
     vertex -1.896000e+02  4.603201e+02 -9.432856e+01
   endloop
 endfacet
 facet normal -1.000000e+00  0.000000e+00  0.000000e+00
   outer loop
     vertex -1.896000e+02  4.557503e+02 -9.510908e+01
     vertex -1.896000e+02  4.602518e+02 -9.510906e+01
     vertex -1.896000e+02  4.603723e+02 -9.588323e+01
   endloop
 endfacet
 facet normal -1.000000e+00  0.000000e+00  0.000000e+00
   outer loop
     vertex -1.896000e+02  4.557503e+02 -9.510908e+01
     vertex -1.896000e+02  4.603201e+02 -9.432856e+01
     vertex -1.896000e+02  4.602518e+02 -9.510906e+01
   endloop
 endfacet
 facet normal -1.000000e+00  0.000000e+00  0.000000e+00
   outer loop
     vertex -1.896000e+02  4.712897e+02 -1.154684e+02
     vertex -1.896000e+02  4.715038e+02 -1.096898e+02
     vertex -1.896000e+02  4.721849e+02 -1.093026e+02
   endloop
 endfacet
 facet normal -1.000000e+00  0.000000e+00  0.000000e+00
   outer loop
     vertex -1.896000e+02  4.712897e+02 -1.154684e+02
     vertex -1.896000e+02  4.707498e+02 -1.099027e+02
     vertex -1.896000e+02  4.715038e+02 -1.096898e+02
   endloop
 endfacet
 facet normal -1.000000e+00  0.000000e+00  0.000000e+00
   outer loop
     vertex -1.896000e+02  4.712897e+02 -1.154684e+02
     vertex -1.896000e+02  4.699667e+02 -1.099290e+02
     vertex -1.896000e+02  4.707498e+02 -1.099027e+02
   endloop
 endfacet
 facet normal -1.000000e+00  7.177138e-15 -1.042117e-15
   outer loop
     vertex -1.896000e+02  4.712897e+02 -1.154684e+02
     vertex -1.896000e+02  4.721849e+02 -1.093026e+02
     vertex -1.896000e+02  4.751479e+02 -1.161691e+02
   endloop
 endfacet
 facet normal -1.000000e+00 -3.972357e-15 -4.799130e-15
   outer loop
     vertex -1.896000e+02  4.561321e+02 -9.901185e+01
     vertex -1.896000e+02  4.611410e+02 -9.723557e+01
     vertex -1.896000e+02  4.617446e+02 -9.773515e+01
   endloop
 endfacet
 facet normal -1.000000e+00 -4.493468e-15 -3.329662e-15
   outer loop
     vertex -1.896000e+02  4.561321e+02 -9.901185e+01
     vertex -1.896000e+02  4.606746e+02 -9.660607e+01
     vertex -1.896000e+02  4.611410e+02 -9.723557e+01
   endloop
 endfacet
 facet normal -1.000000e+00 -2.217139e-14  3.004859e-14
   outer loop
     vertex -1.896000e+02  4.561321e+02 -9.901185e+01
     vertex -1.896000e+02  4.603723e+02 -9.588323e+01
     vertex -1.896000e+02  4.606746e+02 -9.660607e+01
   endloop
 endfacet
 facet normal -1.000000e+00  0.000000e+00  0.000000e+00
   outer loop
     vertex -1.896000e+02  4.561321e+02 -9.901185e+01
     vertex -1.896000e+02  4.557503e+02 -9.510908e+01
     vertex -1.896000e+02  4.603723e+02 -9.588323e+01
   endloop
 endfacet
 facet normal -1.000000e+00 -1.707006e-14 -4.076649e-15
   outer loop
     vertex -1.896000e+02  4.676258e+02 -1.140706e+02
     vertex -1.896000e+02  4.699667e+02 -1.099290e+02
     vertex -1.896000e+02  4.712897e+02 -1.154684e+02
   endloop
 endfacet
 facet normal -1.000000e+00 -3.571169e-14  6.459923e-15
   outer loop
     vertex -1.896000e+02  4.676258e+02 -1.140706e+02
     vertex -1.896000e+02  4.692002e+02 -1.097671e+02
     vertex -1.896000e+02  4.699667e+02 -1.099290e+02
   endloop
 endfacet
 facet normal -1.000000e+00 -2.709740e-15 -5.613056e-15
   outer loop
     vertex -1.896000e+02  4.676258e+02 -1.140706e+02
     vertex -1.896000e+02  4.684946e+02 -1.094265e+02
     vertex -1.896000e+02  4.692002e+02 -1.097671e+02
   endloop
 endfacet
 facet normal -1.000000e+00 -8.688342e-15  2.151401e-15
   outer loop
     vertex -1.896000e+02  4.572246e+02 -1.027780e+02
     vertex -1.896000e+02  4.617446e+02 -9.773515e+01
     vertex -1.896000e+02  4.640856e+02 -1.014918e+02
   endloop
 endfacet
 facet normal -1.000000e+00 -8.134209e-15 -1.265952e-15
   outer loop
     vertex -1.896000e+02  4.572246e+02 -1.027780e+02
     vertex -1.896000e+02  4.640594e+02 -1.017919e+02
     vertex -1.896000e+02  4.641057e+02 -1.020897e+02
   endloop
 endfacet
 facet normal -1.000000e+00 -8.423167e-15  7.369317e-16
   outer loop
     vertex -1.896000e+02  4.572246e+02 -1.027780e+02
     vertex -1.896000e+02  4.640856e+02 -1.014918e+02
     vertex -1.896000e+02  4.640594e+02 -1.017919e+02
   endloop
 endfacet
 facet normal -1.000000e+00 -4.750575e-15 -1.378054e-15
   outer loop
     vertex -1.896000e+02  4.572246e+02 -1.027780e+02
     vertex -1.896000e+02  4.561321e+02 -9.901185e+01
     vertex -1.896000e+02  4.617446e+02 -9.773515e+01
   endloop
 endfacet
 facet normal -1.000000e+00  4.263606e-15 -6.917533e-15
   outer loop
     vertex -1.896000e+02  4.642812e+02 -1.120234e+02
     vertex -1.896000e+02  4.684946e+02 -1.094265e+02
     vertex -1.896000e+02  4.676258e+02 -1.140706e+02
   endloop
 endfacet
 facet normal -1.000000e+00 -2.009884e-14  3.260958e-14
   outer loop
     vertex -1.896000e+02  4.642812e+02 -1.120234e+02
     vertex -1.896000e+02  4.678910e+02 -1.089269e+02
     vertex -1.896000e+02  4.684946e+02 -1.094265e+02
   endloop
 endfacet
 facet normal -1.000000e+00  4.813744e-15  3.566987e-15
   outer loop
     vertex -1.896000e+02  4.642812e+02 -1.120234e+02
     vertex -1.896000e+02  4.674246e+02 -1.082974e+02
     vertex -1.896000e+02  4.678910e+02 -1.089269e+02
   endloop
 endfacet
 facet normal -1.000000e+00  6.045425e-15  2.527903e-15
   outer loop
     vertex -1.896000e+02  4.642812e+02 -1.120234e+02
     vertex -1.896000e+02  4.671223e+02 -1.075746e+02
     vertex -1.896000e+02  4.674246e+02 -1.082974e+02
   endloop
 endfacet
 facet normal -1.000000e+00 -5.774431e-15 -6.976273e-15
   outer loop
     vertex -1.896000e+02  4.589905e+02 -1.062793e+02
     vertex -1.896000e+02  4.644014e+02 -1.026098e+02
     vertex -1.896000e+02  4.646335e+02 -1.028020e+02
   endloop
 endfacet
 facet normal -1.000000e+00 -6.991919e-15 -5.181015e-15
   outer loop
     vertex -1.896000e+02  4.589905e+02 -1.062793e+02
     vertex -1.896000e+02  4.642220e+02 -1.023677e+02
     vertex -1.896000e+02  4.644014e+02 -1.026098e+02
   endloop
 endfacet
 facet normal -1.000000e+00 -8.277730e-15 -3.461344e-15
   outer loop
     vertex -1.896000e+02  4.589905e+02 -1.062793e+02
     vertex -1.896000e+02  4.641057e+02 -1.020897e+02
     vertex -1.896000e+02  4.642220e+02 -1.023677e+02
   endloop
 endfacet
 facet normal -1.000000e+00 -7.864094e-15 -3.966361e-15
   outer loop
     vertex -1.896000e+02  4.589905e+02 -1.062793e+02
     vertex -1.896000e+02  4.572246e+02 -1.027780e+02
     vertex -1.896000e+02  4.641057e+02 -1.020897e+02
   endloop
 endfacet
 facet normal -1.000000e+00  3.657033e-15  4.053171e-15
   outer loop
     vertex -1.896000e+02  4.613698e+02 -1.093965e+02
     vertex -1.896000e+02  4.671223e+02 -1.075746e+02
     vertex -1.896000e+02  4.642812e+02 -1.120234e+02
   endloop
 endfacet
 facet normal -1.000000e+00  8.453501e-14 -4.183810e-14
   outer loop
     vertex -1.896000e+02  4.613698e+02 -1.093965e+02
     vertex -1.896000e+02  4.646335e+02 -1.028020e+02
     vertex -1.896000e+02  4.649049e+02 -1.029330e+02
   endloop
 endfacet
 facet normal -1.000000e+00 -1.449362e-14  7.173188e-15
   outer loop
     vertex -1.896000e+02  4.613698e+02 -1.093965e+02
     vertex -1.896000e+02  4.589905e+02 -1.062793e+02
     vertex -1.896000e+02  4.646335e+02 -1.028020e+02
   endloop
 endfacet
 facet normal -1.000000e+00  4.037356e-15  2.189101e-15
   outer loop
     vertex -1.896000e+02  4.613698e+02 -1.093965e+02
     vertex -1.896000e+02  4.649049e+02 -1.029330e+02
     vertex -1.896000e+02  4.670018e+02 -1.068004e+02
   endloop
 endfacet
 facet normal -1.000000e+00  4.708617e-15  7.328167e-16
   outer loop
     vertex -1.896000e+02  4.613698e+02 -1.093965e+02
     vertex -1.896000e+02  4.670018e+02 -1.068004e+02
     vertex -1.896000e+02  4.671223e+02 -1.075746e+02
   endloop
 endfacet
 facet normal  0.000000e+00  2.588190e-01 -9.659258e-01
   outer loop
     vertex -1.855000e+02  4.600963e+02 -9.952933e+01
     vertex -1.840000e+02  4.600963e+02 -9.952933e+01
     vertex -1.840000e+02  4.596200e+02 -9.965695e+01
   endloop
 endfacet
 facet normal  0.000000e+00  2.588190e-01 -9.659258e-01
   outer loop
     vertex -1.833000e+02  4.569629e+02 -1.003689e+02
     vertex -1.840000e+02  4.596200e+02 -9.965695e+01
     vertex -1.833000e+02  4.596200e+02 -9.965695e+01
   endloop
 endfacet
 facet normal -7.027360e-15  2.588190e-01 -9.659258e-01
   outer loop
     vertex -1.855000e+02  4.569629e+02 -1.003689e+02
     vertex -1.855000e+02  4.600963e+02 -9.952933e+01
     vertex -1.840000e+02  4.596200e+02 -9.965695e+01
   endloop
 endfacet
 facet normal -6.687345e-15  2.588190e-01 -9.659258e-01
   outer loop
     vertex -1.855000e+02  4.569629e+02 -1.003689e+02
     vertex -1.840000e+02  4.596200e+02 -9.965695e+01
     vertex -1.833000e+02  4.569629e+02 -1.003689e+02
   endloop
 endfacet
 facet normal  2.344561e-14 -1.862768e-01 -9.824973e-01
   outer loop
     vertex -1.855000e+02  4.720382e+02 -1.117818e+02
     vertex -1.855000e+02  4.754748e+02 -1.124334e+02
     vertex -1.840000e+02  4.754748e+02 -1.124334e+02
   endloop
 endfacet
 facet normal  0.000000e+00 -1.862768e-01 -9.824973e-01
   outer loop
     vertex -1.855000e+02  4.720382e+02 -1.117818e+02
     vertex -1.840000e+02  4.754748e+02 -1.124334e+02
     vertex -1.840000e+02  4.720382e+02 -1.117818e+02
   endloop
 endfacet
 facet normal  0.000000e+00 -5.545235e-01 -8.321681e-01
   outer loop
     vertex -1.855000e+02  4.687998e+02 -1.104598e+02
     vertex -1.840000e+02  4.687998e+02 -1.104598e+02
     vertex -1.840000e+02  4.658890e+02 -1.085202e+02
   endloop
 endfacet
 facet normal  0.000000e+00 -3.779497e-01 -9.258261e-01
   outer loop
     vertex -1.855000e+02  4.687998e+02 -1.104598e+02
     vertex -1.840000e+02  4.720382e+02 -1.117818e+02
     vertex -1.840000e+02  4.687998e+02 -1.104598e+02
   endloop
 endfacet
 facet normal  0.000000e+00 -3.779497e-01 -9.258261e-01
   outer loop
     vertex -1.855000e+02  4.687998e+02 -1.104598e+02
     vertex -1.855000e+02  4.720382e+02 -1.117818e+02
     vertex -1.840000e+02  4.720382e+02 -1.117818e+02
   endloop
 endfacet
 facet normal  0.000000e+00 -5.545235e-01 -8.321681e-01
   outer loop
     vertex -1.855000e+02  4.658890e+02 -1.085202e+02
     vertex -1.855000e+02  4.687998e+02 -1.104598e+02
     vertex -1.840000e+02  4.658890e+02 -1.085202e+02
   endloop
 endfacet
 facet normal  0.000000e+00 -7.089440e-01 -7.052648e-01
   outer loop
     vertex -1.855000e+02  4.634221e+02 -1.060405e+02
     vertex -1.840000e+02  4.658890e+02 -1.085202e+02
     vertex -1.840000e+02  4.634221e+02 -1.060405e+02
   endloop
 endfacet
 facet normal  0.000000e+00 -7.089440e-01 -7.052648e-01
   outer loop
     vertex -1.855000e+02  4.634221e+02 -1.060405e+02
     vertex -1.855000e+02  4.658890e+02 -1.085202e+02
     vertex -1.840000e+02  4.658890e+02 -1.085202e+02
   endloop
 endfacet
 facet normal  0.000000e+00 -8.350421e-01 -5.501861e-01
   outer loop
     vertex -1.855000e+02  4.614977e+02 -1.031196e+02
     vertex -1.840000e+02  4.634221e+02 -1.060405e+02
     vertex -1.840000e+02  4.614977e+02 -1.031196e+02
   endloop
 endfacet
 facet normal  0.000000e+00 -8.350421e-01 -5.501861e-01
   outer loop
     vertex -1.855000e+02  4.614977e+02 -1.031196e+02
     vertex -1.855000e+02  4.634221e+02 -1.060405e+02
     vertex -1.840000e+02  4.634221e+02 -1.060405e+02
   endloop
 endfacet
 facet normal  0.000000e+00  2.588190e-01  9.659258e-01
   outer loop
     vertex -1.840000e+02  4.596200e+02 -9.034305e+01
     vertex -1.855000e+02  4.569629e+02 -8.963106e+01
     vertex -1.833000e+02  4.569629e+02 -8.963106e+01
   endloop
 endfacet
 facet normal -0.000000e+00  2.588190e-01  9.659258e-01
   outer loop
     vertex -1.840000e+02  4.596200e+02 -9.034305e+01
     vertex -1.833000e+02  4.569629e+02 -8.963106e+01
     vertex -1.833000e+02  4.596200e+02 -9.034305e+01
   endloop
 endfacet
 facet normal -0.000000e+00  2.588190e-01  9.659258e-01
   outer loop
     vertex -1.855000e+02  4.600963e+02 -9.047067e+01
     vertex -1.840000e+02  4.596200e+02 -9.034305e+01
     vertex -1.840000e+02  4.600963e+02 -9.047067e+01
   endloop
 endfacet
 facet normal -9.286154e-15  2.588190e-01  9.659258e-01
   outer loop
     vertex -1.855000e+02  4.600963e+02 -9.047067e+01
     vertex -1.855000e+02  4.569629e+02 -8.963106e+01
     vertex -1.840000e+02  4.596200e+02 -9.034305e+01
   endloop
 endfacet
 facet normal  1.000000e+00  7.653852e-15 -3.275915e-15
   outer loop
     vertex -1.855000e+02  4.909761e+02 -8.446824e+01
     vertex -1.855000e+02  4.950095e+02 -8.372072e+01
     vertex -1.855000e+02  4.926302e+02 -8.060354e+01
   endloop
 endfacet
 facet normal  1.000000e+00  0.000000e+00  0.000000e+00
   outer loop
     vertex -1.855000e+02  4.884810e+02 -8.179258e+01
     vertex -1.855000e+02  4.926302e+02 -8.060354e+01
     vertex -1.855000e+02  4.897188e+02 -7.797662e+01
   endloop
 endfacet
 facet normal  1.000000e+00 -0.000000e+00  0.000000e+00
   outer loop
     vertex -1.855000e+02  4.884810e+02 -8.179258e+01
     vertex -1.855000e+02  4.909761e+02 -8.446824e+01
     vertex -1.855000e+02  4.926302e+02 -8.060354e+01
   endloop
 endfacet
 facet normal  1.000000e+00 -6.919061e-15 -3.489721e-15
   outer loop
     vertex -1.855000e+02  4.928604e+02 -8.760418e+01
     vertex -1.855000e+02  4.967754e+02 -8.722200e+01
     vertex -1.855000e+02  4.950095e+02 -8.372072e+01
   endloop
 endfacet
 facet normal  1.000000e+00  9.363451e-15 -1.250029e-14
   outer loop
     vertex -1.855000e+02  4.928604e+02 -8.760418e+01
     vertex -1.855000e+02  4.950095e+02 -8.372072e+01
     vertex -1.855000e+02  4.909761e+02 -8.446824e+01
   endloop
 endfacet
 facet normal  1.000000e+00  0.000000e+00  0.000000e+00
   outer loop
     vertex -1.855000e+02  4.854842e+02 -7.969416e+01
     vertex -1.855000e+02  4.897188e+02 -7.797662e+01
     vertex -1.855000e+02  4.863742e+02 -7.592941e+01
   endloop
 endfacet
 facet normal  1.000000e+00 -0.000000e+00  0.000000e+00
   outer loop
     vertex -1.855000e+02  4.854842e+02 -7.969416e+01
     vertex -1.855000e+02  4.884810e+02 -8.179258e+01
     vertex -1.855000e+02  4.897188e+02 -7.797662e+01
   endloop
 endfacet
 facet normal  1.000000e+00  0.000000e+00  0.000000e+00
   outer loop
     vertex -1.855000e+02  4.940515e+02 -9.106336e+01
     vertex -1.855000e+02  4.978679e+02 -9.098815e+01
     vertex -1.855000e+02  4.967754e+02 -8.722200e+01
   endloop
 endfacet
 facet normal  1.000000e+00 -7.799636e-15  5.530693e-15
   outer loop
     vertex -1.855000e+02  4.940515e+02 -9.106336e+01
     vertex -1.855000e+02  4.967754e+02 -8.722200e+01
     vertex -1.855000e+02  4.928604e+02 -8.760418e+01
   endloop
 endfacet
 facet normal  1.000000e+00  7.313535e-15 -1.163410e-15
   outer loop
     vertex -1.855000e+02  4.821165e+02 -7.826467e+01
     vertex -1.855000e+02  4.863742e+02 -7.592941e+01
     vertex -1.855000e+02  4.827103e+02 -7.453162e+01
   endloop
 endfacet
 facet normal  1.000000e+00  7.669935e-15 -1.813201e-15
   outer loop
     vertex -1.855000e+02  4.821165e+02 -7.826467e+01
     vertex -1.855000e+02  4.854842e+02 -7.969416e+01
     vertex -1.855000e+02  4.863742e+02 -7.592941e+01
   endloop
 endfacet
 facet normal  1.000000e+00  3.829973e-16  7.319922e-15
   outer loop
     vertex -1.855000e+02  4.944973e+02 -9.469458e+01
     vertex -1.855000e+02  4.982497e+02 -9.489092e+01
     vertex -1.855000e+02  4.978679e+02 -9.098815e+01
   endloop
 endfacet
 facet normal  1.000000e+00 -1.538711e-16  7.808135e-15
   outer loop
     vertex -1.855000e+02  4.944973e+02 -9.469458e+01
     vertex -1.855000e+02  4.978679e+02 -9.098815e+01
     vertex -1.855000e+02  4.940515e+02 -9.106336e+01
   endloop
 endfacet
 facet normal  1.000000e+00  0.000000e+00  0.000000e+00
   outer loop
     vertex -1.855000e+02  4.785252e+02 -7.756659e+01
     vertex -1.855000e+02  4.827103e+02 -7.453162e+01
     vertex -1.855000e+02  4.788521e+02 -7.383086e+01
   endloop
 endfacet
 facet normal  1.000000e+00 -0.000000e+00  0.000000e+00
   outer loop
     vertex -1.855000e+02  4.785252e+02 -7.756659e+01
     vertex -1.855000e+02  4.821165e+02 -7.826467e+01
     vertex -1.855000e+02  4.827103e+02 -7.453162e+01
   endloop
 endfacet
 facet normal  1.000000e+00  1.508830e-14 -1.320056e-15
   outer loop
     vertex -1.855000e+02  4.750842e+02 -7.383654e+01
     vertex -1.855000e+02  4.785252e+02 -7.756659e+01
     vertex -1.855000e+02  4.788521e+02 -7.383086e+01
   endloop
 endfacet
 facet normal  1.000000e+00 -0.000000e+00  0.000000e+00
   outer loop
     vertex -1.855000e+02  4.941785e+02 -9.833916e+01
     vertex -1.855000e+02  4.979079e+02 -9.879740e+01
     vertex -1.855000e+02  4.982497e+02 -9.489092e+01
   endloop
 endfacet
 facet normal  1.000000e+00  0.000000e+00  0.000000e+00
   outer loop
     vertex -1.855000e+02  4.941785e+02 -9.833916e+01
     vertex -1.855000e+02  4.982497e+02 -9.489092e+01
     vertex -1.855000e+02  4.944973e+02 -9.469458e+01
   endloop
 endfacet
 facet normal  1.000000e+00  0.000000e+00 -0.000000e+00
   outer loop
     vertex -1.855000e+02  4.968542e+02 -1.025746e+02
     vertex -1.855000e+02  4.979079e+02 -9.879740e+01
     vertex -1.855000e+02  4.941785e+02 -9.833916e+01
   endloop
 endfacet
 facet normal  1.000000e+00  1.614515e-16 -1.509036e-14
   outer loop
     vertex -1.855000e+02  4.751021e+02 -7.760322e+01
     vertex -1.855000e+02  4.785252e+02 -7.756659e+01
     vertex -1.855000e+02  4.750842e+02 -7.383654e+01
   endloop
 endfacet
 facet normal  1.000000e+00 -4.930111e-15 -1.511461e-14
   outer loop
     vertex -1.855000e+02  4.713765e+02 -7.450758e+01
     vertex -1.855000e+02  4.751021e+02 -7.760322e+01
     vertex -1.855000e+02  4.750842e+02 -7.383654e+01
   endloop
 endfacet
 facet normal  1.000000e+00 -8.665444e-15 -5.474359e-15
   outer loop
     vertex -1.855000e+02  4.931088e+02 -1.018378e+02
     vertex -1.855000e+02  4.968542e+02 -1.025746e+02
     vertex -1.855000e+02  4.941785e+02 -9.833916e+01
   endloop
 endfacet
 facet normal  1.000000e+00 -6.919457e-15  3.401266e-15
   outer loop
     vertex -1.855000e+02  4.951243e+02 -1.060938e+02
     vertex -1.855000e+02  4.968542e+02 -1.025746e+02
     vertex -1.855000e+02  4.931088e+02 -1.018378e+02
   endloop
 endfacet
 facet normal  1.000000e+00  8.310824e-15  8.208457e-16
   outer loop
     vertex -1.855000e+02  4.717517e+02 -7.830554e+01
     vertex -1.855000e+02  4.751021e+02 -7.760322e+01
     vertex -1.855000e+02  4.713765e+02 -7.450758e+01
   endloop
 endfacet
 facet normal  1.000000e+00 -0.000000e+00  0.000000e+00
   outer loop
     vertex -1.855000e+02  4.678457e+02 -7.582290e+01
     vertex -1.855000e+02  4.717517e+02 -7.830554e+01
     vertex -1.855000e+02  4.713765e+02 -7.450758e+01
   endloop
 endfacet
 facet normal  1.000000e+00 -6.496979e-15  3.601334e-15
   outer loop
     vertex -1.855000e+02  4.913352e+02 -1.050376e+02
     vertex -1.855000e+02  4.951243e+02 -1.060938e+02
     vertex -1.855000e+02  4.931088e+02 -1.018378e+02
   endloop
 endfacet
 facet normal  1.000000e+00  0.000000e+00 -0.000000e+00
   outer loop
     vertex -1.855000e+02  4.686020e+02 -7.964670e+01
     vertex -1.855000e+02  4.717517e+02 -7.830554e+01
     vertex -1.855000e+02  4.678457e+02 -7.582290e+01
   endloop
 endfacet
 facet normal  1.000000e+00 -8.295183e-15 -2.849731e-15
   outer loop
     vertex -1.855000e+02  4.927772e+02 -1.092352e+02
     vertex -1.855000e+02  4.951243e+02 -1.060938e+02
     vertex -1.855000e+02  4.913352e+02 -1.050376e+02
   endloop
 endfacet
 facet normal  1.000000e+00  7.845981e-15  1.551885e-15
   outer loop
     vertex -1.855000e+02  4.646026e+02 -7.774114e+01
     vertex -1.855000e+02  4.686020e+02 -7.964670e+01
     vertex -1.855000e+02  4.678457e+02 -7.582290e+01
   endloop
 endfacet
 facet normal  1.000000e+00  8.487285e-15  2.915726e-15
   outer loop
     vertex -1.855000e+02  4.889350e+02 -1.077987e+02
     vertex -1.855000e+02  4.927772e+02 -1.092352e+02
     vertex -1.855000e+02  4.913352e+02 -1.050376e+02
   endloop
 endfacet
 facet normal  1.000000e+00  4.183501e-15 -6.134879e-15
   outer loop
     vertex -1.855000e+02  4.657737e+02 -8.157537e+01
     vertex -1.855000e+02  4.686020e+02 -7.964670e+01
     vertex -1.855000e+02  4.646026e+02 -7.774114e+01
   endloop
 endfacet
 facet normal  1.000000e+00  5.261425e-15 -5.712333e-15
   outer loop
     vertex -1.855000e+02  4.898929e+02 -1.118919e+02
     vertex -1.855000e+02  4.927772e+02 -1.092352e+02
     vertex -1.855000e+02  4.889350e+02 -1.077987e+02
   endloop
 endfacet
 facet normal  1.000000e+00  5.060190e-15 -5.867114e-15
   outer loop
     vertex -1.855000e+02  4.617494e+02 -8.020199e+01
     vertex -1.855000e+02  4.657737e+02 -8.157537e+01
     vertex -1.855000e+02  4.646026e+02 -7.774114e+01
   endloop
 endfacet
 facet normal  1.000000e+00  1.271720e-14 -3.967531e-15
   outer loop
     vertex -1.855000e+02  4.860132e+02 -1.100004e+02
     vertex -1.855000e+02  4.898929e+02 -1.118919e+02
     vertex -1.855000e+02  4.889350e+02 -1.077987e+02
   endloop
 endfacet
 facet normal  1.000000e+00  8.263948e-15  3.520746e-15
   outer loop
     vertex -1.855000e+02  4.633750e+02 -8.401774e+01
     vertex -1.855000e+02  4.657737e+02 -8.157537e+01
     vertex -1.855000e+02  4.617494e+02 -8.020199e+01
   endloop
 endfacet
 facet normal  1.000000e+00  1.572496e-14  2.201839e-15
   outer loop
     vertex -1.855000e+02  4.865695e+02 -1.139733e+02
     vertex -1.855000e+02  4.898929e+02 -1.118919e+02
     vertex -1.855000e+02  4.860132e+02 -1.100004e+02
   endloop
 endfacet
 facet normal  1.000000e+00 -0.000000e+00  0.000000e+00
   outer loop
     vertex -1.855000e+02  4.593756e+02 -8.312809e+01
     vertex -1.855000e+02  4.633750e+02 -8.401774e+01
     vertex -1.855000e+02  4.617494e+02 -8.020199e+01
   endloop
 endfacet
 facet normal  1.000000e+00 -8.046420e-15 -1.126675e-15
   outer loop
     vertex -1.855000e+02  4.826974e+02 -1.115466e+02
     vertex -1.855000e+02  4.865695e+02 -1.139733e+02
     vertex -1.855000e+02  4.860132e+02 -1.100004e+02
   endloop
 endfacet
 facet normal  1.000000e+00  0.000000e+00 -0.000000e+00
   outer loop
     vertex -1.855000e+02  4.614977e+02 -8.688036e+01
     vertex -1.855000e+02  4.633750e+02 -8.401774e+01
     vertex -1.855000e+02  4.593756e+02 -8.312809e+01
   endloop
 endfacet
 facet normal  1.000000e+00  0.000000e+00  0.000000e+00
   outer loop
     vertex -1.855000e+02  4.620456e+02 -8.899398e+01
     vertex -1.855000e+02  4.619924e+02 -8.864144e+01
     vertex -1.855000e+02  4.618576e+02 -8.831139e+01
   endloop
 endfacet
 facet normal  1.000000e+00  0.000000e+00 -0.000000e+00
   outer loop
     vertex -1.855000e+02  4.620140e+02 -8.934911e+01
     vertex -1.855000e+02  4.620456e+02 -8.899398e+01
     vertex -1.855000e+02  4.618576e+02 -8.831139e+01
   endloop
 endfacet
 facet normal  1.000000e+00  0.000000e+00  0.000000e+00
   outer loop
     vertex -1.855000e+02  4.617086e+02 -8.998786e+01
     vertex -1.855000e+02  4.620140e+02 -8.934911e+01
     vertex -1.855000e+02  4.618576e+02 -8.831139e+01
   endloop
 endfacet
 facet normal  1.000000e+00  0.000000e+00  0.000000e+00
   outer loop
     vertex -1.855000e+02  4.617086e+02 -8.998786e+01
     vertex -1.855000e+02  4.618995e+02 -8.968676e+01
     vertex -1.855000e+02  4.620140e+02 -8.934911e+01
   endloop
 endfacet
 facet normal  1.000000e+00  0.000000e+00 -0.000000e+00
   outer loop
     vertex -1.855000e+02  4.617086e+02 -8.998786e+01
     vertex -1.855000e+02  4.618576e+02 -8.831139e+01
     vertex -1.855000e+02  4.616486e+02 -8.802250e+01
   endloop
 endfacet
 facet normal  1.000000e+00 -7.615554e-15 -4.392095e-16
   outer loop
     vertex -1.855000e+02  4.829202e+02 -1.154087e+02
     vertex -1.855000e+02  4.865695e+02 -1.139733e+02
     vertex -1.855000e+02  4.826974e+02 -1.115466e+02
   endloop
 endfacet
 facet normal  1.000000e+00  0.000000e+00  0.000000e+00
   outer loop
     vertex -1.855000e+02  4.611443e+02 -9.041538e+01
     vertex -1.855000e+02  4.614520e+02 -9.023539e+01
     vertex -1.855000e+02  4.617086e+02 -8.998786e+01
   endloop
 endfacet
 facet normal  1.000000e+00  0.000000e+00  0.000000e+00
   outer loop
     vertex -1.855000e+02  4.575559e+02 -8.642743e+01
     vertex -1.855000e+02  4.614157e+02 -8.759577e+01
     vertex -1.855000e+02  4.613836e+02 -8.735295e+01
   endloop
 endfacet
 facet normal  1.000000e+00  0.000000e+00  0.000000e+00
   outer loop
     vertex -1.855000e+02  4.575559e+02 -8.642743e+01
     vertex -1.855000e+02  4.613836e+02 -8.735295e+01
     vertex -1.855000e+02  4.614115e+02 -8.710962e+01
   endloop
 endfacet
 facet normal  1.000000e+00  0.000000e+00  0.000000e+00
   outer loop
     vertex -1.855000e+02  4.575559e+02 -8.642743e+01
     vertex -1.855000e+02  4.614115e+02 -8.710962e+01
     vertex -1.855000e+02  4.614977e+02 -8.688036e+01
   endloop
 endfacet
 facet normal  1.000000e+00 -0.000000e+00  0.000000e+00
   outer loop
     vertex -1.855000e+02  4.575559e+02 -8.642743e+01
     vertex -1.855000e+02  4.614977e+02 -8.688036e+01
     vertex -1.855000e+02  4.593756e+02 -8.312809e+01
   endloop
 endfacet
 facet normal  1.000000e+00 -0.000000e+00  0.000000e+00
   outer loop
     vertex -1.855000e+02  4.791327e+02 -1.123696e+02
     vertex -1.855000e+02  4.829202e+02 -1.154087e+02
     vertex -1.855000e+02  4.826974e+02 -1.115466e+02
   endloop
 endfacet
 facet normal  1.000000e+00  0.000000e+00  0.000000e+00
   outer loop
     vertex -1.855000e+02  4.600963e+02 -9.047067e+01
     vertex -1.855000e+02  4.617086e+02 -8.998786e+01
     vertex -1.855000e+02  4.616486e+02 -8.802250e+01
   endloop
 endfacet
 facet normal  1.000000e+00  0.000000e+00  0.000000e+00
   outer loop
     vertex -1.855000e+02  4.600963e+02 -9.047067e+01
     vertex -1.855000e+02  4.611443e+02 -9.041538e+01
     vertex -1.855000e+02  4.617086e+02 -8.998786e+01
   endloop
 endfacet
 facet normal  1.000000e+00  0.000000e+00  0.000000e+00
   outer loop
     vertex -1.855000e+02  4.600963e+02 -9.047067e+01
     vertex -1.855000e+02  4.616486e+02 -8.802250e+01
     vertex -1.855000e+02  4.615058e+02 -8.782351e+01
   endloop
 endfacet
 facet normal  1.000000e+00  0.000000e+00  0.000000e+00
   outer loop
     vertex -1.855000e+02  4.600963e+02 -9.047067e+01
     vertex -1.855000e+02  4.615058e+02 -8.782351e+01
     vertex -1.855000e+02  4.614157e+02 -8.759577e+01
   endloop
 endfacet
 facet normal  1.000000e+00  0.000000e+00  0.000000e+00
   outer loop
     vertex -1.855000e+02  4.600963e+02 -9.047067e+01
     vertex -1.855000e+02  4.604467e+02 -9.053644e+01
     vertex -1.855000e+02  4.608027e+02 -9.051766e+01
   endloop
 endfacet
 facet normal  1.000000e+00 -0.000000e+00  0.000000e+00
   outer loop
     vertex -1.855000e+02  4.600963e+02 -9.047067e+01
     vertex -1.855000e+02  4.608027e+02 -9.051766e+01
     vertex -1.855000e+02  4.611443e+02 -9.041538e+01
   endloop
 endfacet
 facet normal  1.000000e+00  0.000000e+00 -0.000000e+00
   outer loop
     vertex -1.855000e+02  4.600963e+02 -9.047067e+01
     vertex -1.855000e+02  4.614157e+02 -8.759577e+01
     vertex -1.855000e+02  4.575559e+02 -8.642743e+01
   endloop
 endfacet
 facet normal  1.000000e+00 -0.000000e+00  0.000000e+00
   outer loop
     vertex -1.855000e+02  4.569629e+02 -8.963106e+01
     vertex -1.855000e+02  4.600963e+02 -9.047067e+01
     vertex -1.855000e+02  4.575559e+02 -8.642743e+01
   endloop
 endfacet
 facet normal  1.000000e+00 -0.000000e+00  0.000000e+00
   outer loop
     vertex -1.855000e+02  4.569346e+02 -8.962436e+01
     vertex -1.855000e+02  4.569629e+02 -8.963106e+01
     vertex -1.855000e+02  4.575559e+02 -8.642743e+01
   endloop
 endfacet
 facet normal  1.000000e+00 -0.000000e+00  0.000000e+00
   outer loop
     vertex -1.855000e+02  4.569059e+02 -8.961931e+01
     vertex -1.855000e+02  4.569346e+02 -8.962436e+01
     vertex -1.855000e+02  4.575559e+02 -8.642743e+01
   endloop
 endfacet
 facet normal  1.000000e+00 -0.000000e+00  0.000000e+00
   outer loop
     vertex -1.855000e+02  4.568770e+02 -8.961593e+01
     vertex -1.855000e+02  4.569059e+02 -8.961931e+01
     vertex -1.855000e+02  4.575559e+02 -8.642743e+01
   endloop
 endfacet
 facet normal  1.000000e+00  0.000000e+00  0.000000e+00
   outer loop
     vertex -1.855000e+02  4.790693e+02 -1.161490e+02
     vertex -1.855000e+02  4.829202e+02 -1.154087e+02
     vertex -1.855000e+02  4.791327e+02 -1.123696e+02
   endloop
 endfacet
 facet normal  1.000000e+00  0.000000e+00  0.000000e+00
   outer loop
     vertex -1.855000e+02  4.567590e+02 -8.961960e+01
     vertex -1.855000e+02  4.568770e+02 -8.961593e+01
     vertex -1.855000e+02  4.575559e+02 -8.642743e+01
   endloop
 endfacet
 facet normal  1.000000e+00  0.000000e+00  0.000000e+00
   outer loop
     vertex -1.855000e+02  4.566451e+02 -8.965085e+01
     vertex -1.855000e+02  4.567590e+02 -8.961960e+01
     vertex -1.855000e+02  4.575559e+02 -8.642743e+01
   endloop
 endfacet
 facet normal  1.000000e+00  0.000000e+00  0.000000e+00
   outer loop
     vertex -1.855000e+02  4.565417e+02 -8.970794e+01
     vertex -1.855000e+02  4.566451e+02 -8.965085e+01
     vertex -1.855000e+02  4.575559e+02 -8.642743e+01
   endloop
 endfacet
 facet normal  1.000000e+00  1.554429e-14 -2.608343e-16
   outer loop
     vertex -1.855000e+02  4.754748e+02 -1.124334e+02
     vertex -1.855000e+02  4.790693e+02 -1.161490e+02
     vertex -1.855000e+02  4.791327e+02 -1.123696e+02
   endloop
 endfacet
 facet normal  1.000000e+00  0.000000e+00  0.000000e+00
   outer loop
     vertex -1.855000e+02  4.564546e+02 -8.978767e+01
     vertex -1.855000e+02  4.565417e+02 -8.970794e+01
     vertex -1.855000e+02  4.575559e+02 -8.642743e+01
   endloop
 endfacet
 facet normal  1.000000e+00  0.000000e+00  0.000000e+00
   outer loop
     vertex -1.855000e+02  4.563887e+02 -8.988561e+01
     vertex -1.855000e+02  4.564546e+02 -8.978767e+01
     vertex -1.855000e+02  4.575559e+02 -8.642743e+01
   endloop
 endfacet
 facet normal  1.000000e+00  1.450238e-14 -1.268794e-15
   outer loop
     vertex -1.855000e+02  4.751479e+02 -1.161691e+02
     vertex -1.855000e+02  4.790693e+02 -1.161490e+02
     vertex -1.855000e+02  4.754748e+02 -1.124334e+02
   endloop
 endfacet
 facet normal  1.000000e+00  5.837243e-13  2.258240e-13
   outer loop
     vertex -1.855000e+02  4.620014e+02 -1.005960e+02
     vertex -1.855000e+02  4.618677e+02 -1.002504e+02
     vertex -1.855000e+02  4.616534e+02 -9.994816e+01
   endloop
 endfacet
 facet normal  1.000000e+00 -1.382276e-13 -1.620022e-13
   outer loop
     vertex -1.855000e+02  4.620014e+02 -1.005960e+02
     vertex -1.855000e+02  4.616534e+02 -9.994816e+01
     vertex -1.855000e+02  4.613715e+02 -9.970766e+01
   endloop
 endfacet
 facet normal  1.000000e+00 -4.863404e-14 -9.847537e-14
   outer loop
     vertex -1.855000e+02  4.610393e+02 -9.954359e+01
     vertex -1.855000e+02  4.620014e+02 -1.005960e+02
     vertex -1.855000e+02  4.613715e+02 -9.970766e+01
   endloop
 endfacet
 facet normal  1.000000e+00  6.819193e-14  8.325701e-15
   outer loop
     vertex -1.855000e+02  4.620463e+02 -1.009637e+02
     vertex -1.855000e+02  4.620014e+02 -1.005960e+02
     vertex -1.855000e+02  4.610393e+02 -9.954359e+01
   endloop
 endfacet
 facet normal  1.000000e+00  0.000000e+00  0.000000e+00
   outer loop
     vertex -1.855000e+02  4.602865e+02 -9.948291e+01
     vertex -1.855000e+02  4.606770e+02 -9.946596e+01
     vertex -1.855000e+02  4.604812e+02 -9.946166e+01
   endloop
 endfacet
 facet normal  1.000000e+00 -0.000000e+00  0.000000e+00
   outer loop
     vertex -1.855000e+02  4.602865e+02 -9.948291e+01
     vertex -1.855000e+02  4.610393e+02 -9.954359e+01
     vertex -1.855000e+02  4.606770e+02 -9.946596e+01
   endloop
 endfacet
 facet normal  1.000000e+00 -3.422413e-15 -4.245286e-14
   outer loop
     vertex -1.855000e+02  4.602865e+02 -9.948291e+01
     vertex -1.855000e+02  4.620463e+02 -1.009637e+02
     vertex -1.855000e+02  4.610393e+02 -9.954359e+01
   endloop
 endfacet
 facet normal  1.000000e+00  7.261439e-15 -2.975699e-14
   outer loop
     vertex -1.855000e+02  4.600963e+02 -9.952933e+01
     vertex -1.855000e+02  4.620463e+02 -1.009637e+02
     vertex -1.855000e+02  4.602865e+02 -9.948291e+01
   endloop
 endfacet
 facet normal  1.000000e+00  0.000000e+00  0.000000e+00
   outer loop
     vertex -1.855000e+02  4.616486e+02 -1.019775e+02
     vertex -1.855000e+02  4.618643e+02 -1.016763e+02
     vertex -1.855000e+02  4.619996e+02 -1.013313e+02
   endloop
 endfacet
 facet normal  1.000000e+00  0.000000e+00  0.000000e+00
   outer loop
     vertex -1.855000e+02  4.616486e+02 -1.019775e+02
     vertex -1.855000e+02  4.619996e+02 -1.013313e+02
     vertex -1.855000e+02  4.620463e+02 -1.009637e+02
   endloop
 endfacet
 facet normal  1.000000e+00  2.262341e-14 -8.873730e-15
   outer loop
     vertex -1.855000e+02  4.616486e+02 -1.019775e+02
     vertex -1.855000e+02  4.620463e+02 -1.009637e+02
     vertex -1.855000e+02  4.600963e+02 -9.952933e+01
   endloop
 endfacet
 facet normal  1.000000e+00  1.717683e-14 -1.232730e-14
   outer loop
     vertex -1.855000e+02  4.615058e+02 -1.021765e+02
     vertex -1.855000e+02  4.616486e+02 -1.019775e+02
     vertex -1.855000e+02  4.600963e+02 -9.952933e+01
   endloop
 endfacet
 facet normal  1.000000e+00  1.575661e-13  6.242539e-14
   outer loop
     vertex -1.855000e+02  4.614157e+02 -1.024042e+02
     vertex -1.855000e+02  4.615058e+02 -1.021765e+02
     vertex -1.855000e+02  4.600963e+02 -9.952933e+01
   endloop
 endfacet
 facet normal  1.000000e+00 -8.021775e-15  1.310855e-15
   outer loop
     vertex -1.855000e+02  4.714295e+02 -1.155069e+02
     vertex -1.855000e+02  4.754748e+02 -1.124334e+02
     vertex -1.855000e+02  4.720382e+02 -1.117818e+02
   endloop
 endfacet
 facet normal  1.000000e+00 -7.526103e-15  6.584487e-16
   outer loop
     vertex -1.855000e+02  4.714295e+02 -1.155069e+02
     vertex -1.855000e+02  4.751479e+02 -1.161691e+02
     vertex -1.855000e+02  4.754748e+02 -1.124334e+02
   endloop
 endfacet
 facet normal  1.000000e+00  1.513168e-14 -2.472701e-15
   outer loop
     vertex -1.855000e+02  4.678870e+02 -1.141967e+02
     vertex -1.855000e+02  4.714295e+02 -1.155069e+02
     vertex -1.855000e+02  4.720382e+02 -1.117818e+02
   endloop
 endfacet
 facet normal  1.000000e+00  1.596141e-14 -3.898989e-15
   outer loop
     vertex -1.855000e+02  4.678870e+02 -1.141967e+02
     vertex -1.855000e+02  4.720382e+02 -1.117818e+02
     vertex -1.855000e+02  4.687998e+02 -1.104598e+02
   endloop
 endfacet
 facet normal  1.000000e+00  0.000000e+00  0.000000e+00
   outer loop
     vertex -1.855000e+02  4.575596e+02 -1.035809e+02
     vertex -1.855000e+02  4.569629e+02 -1.003689e+02
     vertex -1.855000e+02  4.568504e+02 -1.003857e+02
   endloop
 endfacet
 facet normal  1.000000e+00  0.000000e+00  0.000000e+00
   outer loop
     vertex -1.855000e+02  4.575596e+02 -1.035809e+02
     vertex -1.855000e+02  4.568504e+02 -1.003857e+02
     vertex -1.855000e+02  4.567371e+02 -1.003766e+02
   endloop
 endfacet
 facet normal  1.000000e+00  0.000000e+00  0.000000e+00
   outer loop
     vertex -1.855000e+02  4.575596e+02 -1.035809e+02
     vertex -1.855000e+02  4.567371e+02 -1.003766e+02
     vertex -1.855000e+02  4.566288e+02 -1.003422e+02
   endloop
 endfacet
 facet normal  1.000000e+00  0.000000e+00  0.000000e+00
   outer loop
     vertex -1.855000e+02  4.575596e+02 -1.035809e+02
     vertex -1.855000e+02  4.566288e+02 -1.003422e+02
     vertex -1.855000e+02  4.565310e+02 -1.002841e+02
   endloop
 endfacet
 facet normal  1.000000e+00  0.000000e+00  0.000000e+00
   outer loop
     vertex -1.855000e+02  4.575596e+02 -1.035809e+02
     vertex -1.855000e+02  4.565310e+02 -1.002841e+02
     vertex -1.855000e+02  4.564489e+02 -1.002055e+02
   endloop
 endfacet
 facet normal  1.000000e+00  0.000000e+00  0.000000e+00
   outer loop
     vertex -1.855000e+02  4.575596e+02 -1.035809e+02
     vertex -1.855000e+02  4.564489e+02 -1.002055e+02
     vertex -1.855000e+02  4.563867e+02 -1.001104e+02
   endloop
 endfacet
 facet normal  1.000000e+00  0.000000e+00 -0.000000e+00
   outer loop
     vertex -1.855000e+02  4.575596e+02 -1.035809e+02
     vertex -1.855000e+02  4.600963e+02 -9.952933e+01
     vertex -1.855000e+02  4.569629e+02 -1.003689e+02
   endloop
 endfacet
 facet normal  1.000000e+00  1.382514e-14  5.199213e-15
   outer loop
     vertex -1.855000e+02  4.575596e+02 -1.035809e+02
     vertex -1.855000e+02  4.614977e+02 -1.031196e+02
     vertex -1.855000e+02  4.614115e+02 -1.028904e+02
   endloop
 endfacet
 facet normal  1.000000e+00  3.497746e-14 -1.127889e-13
   outer loop
     vertex -1.855000e+02  4.575596e+02 -1.035809e+02
     vertex -1.855000e+02  4.614115e+02 -1.028904e+02
     vertex -1.855000e+02  4.613836e+02 -1.026470e+02
   endloop
 endfacet
 facet normal  1.000000e+00  7.680322e-15 -1.014961e-15
   outer loop
     vertex -1.855000e+02  4.575596e+02 -1.035809e+02
     vertex -1.855000e+02  4.613836e+02 -1.026470e+02
     vertex -1.855000e+02  4.614157e+02 -1.024042e+02
   endloop
 endfacet
 facet normal  1.000000e+00  9.111421e-15 -5.704691e-15
   outer loop
     vertex -1.855000e+02  4.575596e+02 -1.035809e+02
     vertex -1.855000e+02  4.614157e+02 -1.024042e+02
     vertex -1.855000e+02  4.600963e+02 -9.952933e+01
   endloop
 endfacet
 facet normal  1.000000e+00 -7.634559e-15  1.864940e-15
   outer loop
     vertex -1.855000e+02  4.646324e+02 -1.122802e+02
     vertex -1.855000e+02  4.678870e+02 -1.141967e+02
     vertex -1.855000e+02  4.687998e+02 -1.104598e+02
   endloop
 endfacet
 facet normal  1.000000e+00 -4.119579e-15 -6.182212e-15
   outer loop
     vertex -1.855000e+02  4.646324e+02 -1.122802e+02
     vertex -1.855000e+02  4.687998e+02 -1.104598e+02
     vertex -1.855000e+02  4.658890e+02 -1.085202e+02
   endloop
 endfacet
 facet normal  1.000000e+00  1.355698e-14  7.488525e-15
   outer loop
     vertex -1.855000e+02  4.593858e+02 -1.068871e+02
     vertex -1.855000e+02  4.614977e+02 -1.031196e+02
     vertex -1.855000e+02  4.575596e+02 -1.035809e+02
   endloop
 endfacet
 facet normal  1.000000e+00  1.237300e-14  8.152225e-15
   outer loop
     vertex -1.855000e+02  4.593858e+02 -1.068871e+02
     vertex -1.855000e+02  4.634221e+02 -1.060405e+02
     vertex -1.855000e+02  4.614977e+02 -1.031196e+02
   endloop
 endfacet
 facet normal  1.000000e+00 -5.048720e-15 -5.871673e-15
   outer loop
     vertex -1.855000e+02  4.617685e+02 -1.098177e+02
     vertex -1.855000e+02  4.646324e+02 -1.122802e+02
     vertex -1.855000e+02  4.658890e+02 -1.085202e+02
   endloop
 endfacet
 facet normal  1.000000e+00  1.550683e-14 -6.788845e-15
   outer loop
     vertex -1.855000e+02  4.617685e+02 -1.098177e+02
     vertex -1.855000e+02  4.634221e+02 -1.060405e+02
     vertex -1.855000e+02  4.593858e+02 -1.068871e+02
   endloop
 endfacet
 facet normal  1.000000e+00 -8.000441e-15  3.502569e-15
   outer loop
     vertex -1.855000e+02  4.617685e+02 -1.098177e+02
     vertex -1.855000e+02  4.658890e+02 -1.085202e+02
     vertex -1.855000e+02  4.634221e+02 -1.060405e+02
   endloop
 endfacet
 facet normal  1.000000e+00  0.000000e+00  0.000000e+00
   outer loop
     vertex -1.855000e+02  4.575596e+02 -1.035809e+02
     vertex -1.855000e+02  4.563867e+02 -1.001104e+02
     vertex -1.855000e+02  4.563475e+02 -1.000037e+02
   endloop
 endfacet
 facet normal  1.000000e+00  0.000000e+00  0.000000e+00
   outer loop
     vertex -1.855000e+02  4.563475e+02 -8.999629e+01
     vertex -1.855000e+02  4.563887e+02 -8.988561e+01
     vertex -1.855000e+02  4.575559e+02 -8.642743e+01
   endloop
 endfacet
 facet normal  0.000000e+00 -8.130412e-01  5.822061e-01
   outer loop
     vertex -1.840000e+02  4.616486e+02 -1.019775e+02
     vertex -1.855000e+02  4.618643e+02 -1.016763e+02
     vertex -1.855000e+02  4.616486e+02 -1.019775e+02
   endloop
 endfacet
 facet normal  0.000000e+00 -8.130412e-01  5.822061e-01
   outer loop
     vertex -1.840000e+02  4.618643e+02 -1.016763e+02
     vertex -1.855000e+02  4.618643e+02 -1.016763e+02
     vertex -1.840000e+02  4.616486e+02 -1.019775e+02
   endloop
 endfacet
 facet normal  0.000000e+00 -9.309479e-01  3.651519e-01
   outer loop
     vertex -1.840000e+02  4.619996e+02 -1.013313e+02
     vertex -1.855000e+02  4.619996e+02 -1.013313e+02
     vertex -1.855000e+02  4.618643e+02 -1.016763e+02
   endloop
 endfacet
 facet normal  0.000000e+00 -9.920533e-01  1.258182e-01
   outer loop
     vertex -1.840000e+02  4.619996e+02 -1.013313e+02
     vertex -1.855000e+02  4.620463e+02 -1.009637e+02
     vertex -1.855000e+02  4.619996e+02 -1.013313e+02
   endloop
 endfacet
 facet normal  0.000000e+00 -9.309479e-01  3.651519e-01
   outer loop
     vertex -1.840000e+02  4.619996e+02 -1.013313e+02
     vertex -1.855000e+02  4.618643e+02 -1.016763e+02
     vertex -1.840000e+02  4.618643e+02 -1.016763e+02
   endloop
 endfacet
 facet normal  0.000000e+00 -9.920533e-01  1.258182e-01
   outer loop
     vertex -1.840000e+02  4.620463e+02 -1.009637e+02
     vertex -1.855000e+02  4.620463e+02 -1.009637e+02
     vertex -1.840000e+02  4.619996e+02 -1.013313e+02
   endloop
 endfacet
 facet normal -1.148164e-15 -9.926291e-01 -1.211922e-01
   outer loop
     vertex -1.840000e+02  4.620014e+02 -1.005960e+02
     vertex -1.855000e+02  4.620014e+02 -1.005960e+02
     vertex -1.855000e+02  4.620463e+02 -1.009637e+02
   endloop
 endfacet
 facet normal  0.000000e+00 -9.926291e-01 -1.211922e-01
   outer loop
     vertex -1.840000e+02  4.620014e+02 -1.005960e+02
     vertex -1.855000e+02  4.620463e+02 -1.009637e+02
     vertex -1.840000e+02  4.620463e+02 -1.009637e+02
   endloop
 endfacet
 facet normal -0.000000e+00 -9.326400e-01 -3.608082e-01
   outer loop
     vertex -1.840000e+02  4.618677e+02 -1.002504e+02
     vertex -1.855000e+02  4.618677e+02 -1.002504e+02
     vertex -1.855000e+02  4.620014e+02 -1.005960e+02
   endloop
 endfacet
 facet normal -3.420911e-15 -9.326400e-01 -3.608082e-01
   outer loop
     vertex -1.840000e+02  4.618677e+02 -1.002504e+02
     vertex -1.855000e+02  4.620014e+02 -1.005960e+02
     vertex -1.840000e+02  4.620014e+02 -1.005960e+02
   endloop
 endfacet
 facet normal -0.000000e+00 -8.157464e-01 -5.784097e-01
   outer loop
     vertex -1.840000e+02  4.616534e+02 -9.994816e+01
     vertex -1.855000e+02  4.616534e+02 -9.994816e+01
     vertex -1.855000e+02  4.618677e+02 -1.002504e+02
   endloop
 endfacet
 facet normal  0.000000e+00 -8.157464e-01 -5.784097e-01
   outer loop
     vertex -1.840000e+02  4.616534e+02 -9.994816e+01
     vertex -1.855000e+02  4.618677e+02 -1.002504e+02
     vertex -1.840000e+02  4.618677e+02 -1.002504e+02
   endloop
 endfacet
 facet normal -7.206985e-15 -6.490805e-01 -7.607197e-01
   outer loop
     vertex -1.840000e+02  4.613715e+02 -9.970766e+01
     vertex -1.855000e+02  4.613715e+02 -9.970766e+01
     vertex -1.855000e+02  4.616534e+02 -9.994816e+01
   endloop
 endfacet
 facet normal  0.000000e+00 -6.490805e-01 -7.607197e-01
   outer loop
     vertex -1.840000e+02  4.613715e+02 -9.970766e+01
     vertex -1.855000e+02  4.616534e+02 -9.994816e+01
     vertex -1.840000e+02  4.616534e+02 -9.994816e+01
   endloop
 endfacet
 facet normal -0.000000e+00 -4.428112e-01 -8.966149e-01
   outer loop
     vertex -1.840000e+02  4.610393e+02 -9.954359e+01
     vertex -1.855000e+02  4.610393e+02 -9.954359e+01
     vertex -1.855000e+02  4.613715e+02 -9.970766e+01
   endloop
 endfacet
 facet normal -8.489852e-15 -4.428112e-01 -8.966149e-01
   outer loop
     vertex -1.840000e+02  4.610393e+02 -9.954359e+01
     vertex -1.855000e+02  4.613715e+02 -9.970766e+01
     vertex -1.840000e+02  4.613715e+02 -9.970766e+01
   endloop
 endfacet
 facet normal -0.000000e+00 -2.095241e-01 -9.778035e-01
   outer loop
     vertex -1.840000e+02  4.606770e+02 -9.946596e+01
     vertex -1.855000e+02  4.606770e+02 -9.946596e+01
     vertex -1.855000e+02  4.610393e+02 -9.954359e+01
   endloop
 endfacet
 facet normal  0.000000e+00 -2.095241e-01 -9.778035e-01
   outer loop
     vertex -1.840000e+02  4.606770e+02 -9.946596e+01
     vertex -1.855000e+02  4.610393e+02 -9.954359e+01
     vertex -1.840000e+02  4.610393e+02 -9.954359e+01
   endloop
 endfacet
 facet normal  0.000000e+00  1.844829e-01  9.828357e-01
   outer loop
     vertex -1.840000e+02  4.600963e+02 -9.047067e+01
     vertex -1.855000e+02  4.604467e+02 -9.053644e+01
     vertex -1.855000e+02  4.600963e+02 -9.047067e+01
   endloop
 endfacet
 facet normal  0.000000e+00 -5.267783e-02  9.986116e-01
   outer loop
     vertex -1.840000e+02  4.604467e+02 -9.053644e+01
     vertex -1.855000e+02  4.608027e+02 -9.051766e+01
     vertex -1.855000e+02  4.604467e+02 -9.053644e+01
   endloop
 endfacet
 facet normal  0.000000e+00  1.844829e-01  9.828357e-01
   outer loop
     vertex -1.840000e+02  4.604467e+02 -9.053644e+01
     vertex -1.855000e+02  4.604467e+02 -9.053644e+01
     vertex -1.840000e+02  4.600963e+02 -9.047067e+01
   endloop
 endfacet
 facet normal  9.075732e-15 -2.868626e-01  9.579717e-01
   outer loop
     vertex -1.840000e+02  4.608027e+02 -9.051766e+01
     vertex -1.855000e+02  4.611443e+02 -9.041538e+01
     vertex -1.855000e+02  4.608027e+02 -9.051766e+01
   endloop
 endfacet
 facet normal  9.460749e-15 -5.267783e-02  9.986116e-01
   outer loop
     vertex -1.840000e+02  4.608027e+02 -9.051766e+01
     vertex -1.855000e+02  4.608027e+02 -9.051766e+01
     vertex -1.840000e+02  4.604467e+02 -9.053644e+01
   endloop
 endfacet
 facet normal  0.000000e+00 -5.048413e-01  8.632122e-01
   outer loop
     vertex -1.840000e+02  4.611443e+02 -9.041538e+01
     vertex -1.855000e+02  4.614520e+02 -9.023539e+01
     vertex -1.855000e+02  4.611443e+02 -9.041538e+01
   endloop
 endfacet
 facet normal  0.000000e+00 -2.868626e-01  9.579717e-01
   outer loop
     vertex -1.840000e+02  4.611443e+02 -9.041538e+01
     vertex -1.855000e+02  4.611443e+02 -9.041538e+01
     vertex -1.840000e+02  4.608027e+02 -9.051766e+01
   endloop
 endfacet
 facet normal  2.631090e-14 -6.942994e-01  7.196863e-01
   outer loop
     vertex -1.840000e+02  4.614520e+02 -9.023539e+01
     vertex -1.855000e+02  4.617086e+02 -8.998786e+01
     vertex -1.855000e+02  4.614520e+02 -9.023539e+01
   endloop
 endfacet
 facet normal  1.913127e-14 -5.048413e-01  8.632122e-01
   outer loop
     vertex -1.840000e+02  4.614520e+02 -9.023539e+01
     vertex -1.855000e+02  4.614520e+02 -9.023539e+01
     vertex -1.840000e+02  4.611443e+02 -9.041538e+01
   endloop
 endfacet
 facet normal  0.000000e+00 -8.445338e-01  5.355023e-01
   outer loop
     vertex -1.840000e+02  4.617086e+02 -8.998786e+01
     vertex -1.855000e+02  4.618995e+02 -8.968676e+01
     vertex -1.855000e+02  4.617086e+02 -8.998786e+01
   endloop
 endfacet
 facet normal  0.000000e+00 -6.942994e-01  7.196863e-01
   outer loop
     vertex -1.840000e+02  4.617086e+02 -8.998786e+01
     vertex -1.855000e+02  4.617086e+02 -8.998786e+01
     vertex -1.840000e+02  4.614520e+02 -9.023539e+01
   endloop
 endfacet
 facet normal  0.000000e+00 -9.470569e-01  3.210656e-01
   outer loop
     vertex -1.840000e+02  4.618995e+02 -8.968676e+01
     vertex -1.855000e+02  4.620140e+02 -8.934911e+01
     vertex -1.855000e+02  4.618995e+02 -8.968676e+01
   endloop
 endfacet
 facet normal  0.000000e+00 -8.445338e-01  5.355023e-01
   outer loop
     vertex -1.840000e+02  4.618995e+02 -8.968676e+01
     vertex -1.855000e+02  4.618995e+02 -8.968676e+01
     vertex -1.840000e+02  4.617086e+02 -8.998786e+01
   endloop
 endfacet
 facet normal  3.774695e-14 -9.960770e-01  8.849065e-02
   outer loop
     vertex -1.840000e+02  4.620140e+02 -8.934911e+01
     vertex -1.855000e+02  4.620456e+02 -8.899398e+01
     vertex -1.855000e+02  4.620140e+02 -8.934911e+01
   endloop
 endfacet
 facet normal  3.588930e-14 -9.470569e-01  3.210656e-01
   outer loop
     vertex -1.840000e+02  4.620140e+02 -8.934911e+01
     vertex -1.855000e+02  4.620140e+02 -8.934911e+01
     vertex -1.840000e+02  4.618995e+02 -8.968676e+01
   endloop
 endfacet
 facet normal -8.383518e-16 -9.960770e-01  8.849065e-02
   outer loop
     vertex -1.840000e+02  4.620456e+02 -8.899398e+01
     vertex -1.855000e+02  4.620456e+02 -8.899398e+01
     vertex -1.840000e+02  4.620140e+02 -8.934911e+01
   endloop
 endfacet
 facet normal -0.000000e+00 -9.888246e-01 -1.490835e-01
   outer loop
     vertex -1.840000e+02  4.619924e+02 -8.864144e+01
     vertex -1.855000e+02  4.619924e+02 -8.864144e+01
     vertex -1.855000e+02  4.620456e+02 -8.899398e+01
   endloop
 endfacet
 facet normal -0.000000e+00 -9.257095e-01 -3.782354e-01
   outer loop
     vertex -1.840000e+02  4.619924e+02 -8.864144e+01
     vertex -1.855000e+02  4.618576e+02 -8.831139e+01
     vertex -1.855000e+02  4.619924e+02 -8.864144e+01
   endloop
 endfacet
 facet normal  1.414271e-15 -9.888246e-01 -1.490835e-01
   outer loop
     vertex -1.840000e+02  4.619924e+02 -8.864144e+01
     vertex -1.855000e+02  4.620456e+02 -8.899398e+01
     vertex -1.840000e+02  4.620456e+02 -8.899398e+01
   endloop
 endfacet
 facet normal  3.070671e-14 -8.102972e-01 -5.860191e-01
   outer loop
     vertex -1.840000e+02  4.618576e+02 -8.831139e+01
     vertex -1.855000e+02  4.616486e+02 -8.802250e+01
     vertex -1.855000e+02  4.618576e+02 -8.831139e+01
   endloop
 endfacet
 facet normal  3.508033e-14 -9.257095e-01 -3.782354e-01
   outer loop
     vertex -1.840000e+02  4.618576e+02 -8.831139e+01
     vertex -1.855000e+02  4.618576e+02 -8.831139e+01
     vertex -1.840000e+02  4.619924e+02 -8.864144e+01
   endloop
 endfacet
 facet normal -0.000000e+00 -8.102972e-01 -5.860191e-01
   outer loop
     vertex -1.840000e+02  4.616486e+02 -8.802250e+01
     vertex -1.855000e+02  4.616486e+02 -8.802250e+01
     vertex -1.840000e+02  4.618576e+02 -8.831139e+01
   endloop
 endfacet
 facet normal  0.000000e+00 -9.359997e-01 -3.520009e-01
   outer loop
     vertex -1.855000e+02  4.614115e+02 -1.028904e+02
     vertex -1.855000e+02  4.614977e+02 -1.031196e+02
     vertex -1.840000e+02  4.614977e+02 -1.031196e+02
   endloop
 endfacet
 facet normal  0.000000e+00 -9.359997e-01 -3.520009e-01
   outer loop
     vertex -1.855000e+02  4.614115e+02 -1.028904e+02
     vertex -1.840000e+02  4.614977e+02 -1.031196e+02
     vertex -1.840000e+02  4.614115e+02 -1.028904e+02
   endloop
 endfacet
 facet normal  0.000000e+00 -9.934909e-01 -1.139114e-01
   outer loop
     vertex -1.855000e+02  4.613836e+02 -1.026470e+02
     vertex -1.840000e+02  4.614115e+02 -1.028904e+02
     vertex -1.840000e+02  4.613836e+02 -1.026470e+02
   endloop
 endfacet
 facet normal  0.000000e+00 -9.934909e-01 -1.139114e-01
   outer loop
     vertex -1.855000e+02  4.613836e+02 -1.026470e+02
     vertex -1.855000e+02  4.614115e+02 -1.028904e+02
     vertex -1.840000e+02  4.614115e+02 -1.028904e+02
   endloop
 endfacet
 facet normal  0.000000e+00 -9.913808e-01  1.310118e-01
   outer loop
     vertex -1.855000e+02  4.614157e+02 -1.024042e+02
     vertex -1.840000e+02  4.613836e+02 -1.026470e+02
     vertex -1.840000e+02  4.614157e+02 -1.024042e+02
   endloop
 endfacet
 facet normal  0.000000e+00 -9.913808e-01  1.310118e-01
   outer loop
     vertex -1.855000e+02  4.614157e+02 -1.024042e+02
     vertex -1.855000e+02  4.613836e+02 -1.026470e+02
     vertex -1.840000e+02  4.613836e+02 -1.026470e+02
   endloop
 endfacet
 facet normal  0.000000e+00 -9.297960e-01  3.680753e-01
   outer loop
     vertex -1.855000e+02  4.615058e+02 -1.021765e+02
     vertex -1.840000e+02  4.614157e+02 -1.024042e+02
     vertex -1.840000e+02  4.615058e+02 -1.021765e+02
   endloop
 endfacet
 facet normal  0.000000e+00 -9.297960e-01  3.680753e-01
   outer loop
     vertex -1.855000e+02  4.615058e+02 -1.021765e+02
     vertex -1.855000e+02  4.614157e+02 -1.024042e+02
     vertex -1.840000e+02  4.614157e+02 -1.024042e+02
   endloop
 endfacet
 facet normal  0.000000e+00 -8.124310e-01  5.830574e-01
   outer loop
     vertex -1.855000e+02  4.616486e+02 -1.019775e+02
     vertex -1.840000e+02  4.615058e+02 -1.021765e+02
     vertex -1.840000e+02  4.616486e+02 -1.019775e+02
   endloop
 endfacet
 facet normal  0.000000e+00 -8.124310e-01  5.830574e-01
   outer loop
     vertex -1.855000e+02  4.616486e+02 -1.019775e+02
     vertex -1.855000e+02  4.615058e+02 -1.021765e+02
     vertex -1.840000e+02  4.615058e+02 -1.021765e+02
   endloop
 endfacet
 facet normal  0.000000e+00 -8.124310e-01 -5.830574e-01
   outer loop
     vertex -1.855000e+02  4.616486e+02 -8.802250e+01
     vertex -1.840000e+02  4.616486e+02 -8.802250e+01
     vertex -1.840000e+02  4.615058e+02 -8.782351e+01
   endloop
 endfacet
 facet normal  0.000000e+00 -9.297960e-01 -3.680753e-01
   outer loop
     vertex -1.855000e+02  4.615058e+02 -8.782351e+01
     vertex -1.840000e+02  4.615058e+02 -8.782351e+01
     vertex -1.840000e+02  4.614157e+02 -8.759577e+01
   endloop
 endfacet
 facet normal  0.000000e+00 -8.124310e-01 -5.830574e-01
   outer loop
     vertex -1.855000e+02  4.615058e+02 -8.782351e+01
     vertex -1.855000e+02  4.616486e+02 -8.802250e+01
     vertex -1.840000e+02  4.615058e+02 -8.782351e+01
   endloop
 endfacet
 facet normal  3.756898e-14 -9.913808e-01 -1.310118e-01
   outer loop
     vertex -1.855000e+02  4.614157e+02 -8.759577e+01
     vertex -1.840000e+02  4.614157e+02 -8.759577e+01
     vertex -1.840000e+02  4.613836e+02 -8.735295e+01
   endloop
 endfacet
 facet normal  3.523519e-14 -9.297960e-01 -3.680753e-01
   outer loop
     vertex -1.855000e+02  4.614157e+02 -8.759577e+01
     vertex -1.855000e+02  4.615058e+02 -8.782351e+01
     vertex -1.840000e+02  4.614157e+02 -8.759577e+01
   endloop
 endfacet
 facet normal  0.000000e+00 -9.913808e-01 -1.310118e-01
   outer loop
     vertex -1.855000e+02  4.613836e+02 -8.735295e+01
     vertex -1.855000e+02  4.614157e+02 -8.759577e+01
     vertex -1.840000e+02  4.613836e+02 -8.735295e+01
   endloop
 endfacet
 facet normal  0.000000e+00 -9.359997e-01  3.520009e-01
   outer loop
     vertex -1.855000e+02  4.614115e+02 -8.710962e+01
     vertex -1.840000e+02  4.614115e+02 -8.710962e+01
     vertex -1.840000e+02  4.614977e+02 -8.688036e+01
   endloop
 endfacet
 facet normal  0.000000e+00 -9.934909e-01  1.139114e-01
   outer loop
     vertex -1.855000e+02  4.614115e+02 -8.710962e+01
     vertex -1.840000e+02  4.613836e+02 -8.735295e+01
     vertex -1.840000e+02  4.614115e+02 -8.710962e+01
   endloop
 endfacet
 facet normal  0.000000e+00 -9.934909e-01  1.139114e-01
   outer loop
     vertex -1.855000e+02  4.614115e+02 -8.710962e+01
     vertex -1.855000e+02  4.613836e+02 -8.735295e+01
     vertex -1.840000e+02  4.613836e+02 -8.735295e+01
   endloop
 endfacet
 facet normal  0.000000e+00 -9.359997e-01  3.520009e-01
   outer loop
     vertex -1.855000e+02  4.614977e+02 -8.688036e+01
     vertex -1.855000e+02  4.614115e+02 -8.710962e+01
     vertex -1.840000e+02  4.614977e+02 -8.688036e+01
   endloop
 endfacet
 facet normal  1.000000e+00  0.000000e+00  0.000000e+00
   outer loop
     vertex -1.833000e+02  4.596200e+02 -9.965695e+01
     vertex -1.833000e+02  4.597225e+02 -9.961696e+01
     vertex -1.833000e+02  4.598138e+02 -9.955554e+01
   endloop
 endfacet
 facet normal  1.000000e+00  0.000000e+00  0.000000e+00
   outer loop
     vertex -1.833000e+02  4.599457e+02 -9.938118e+01
     vertex -1.833000e+02  4.598138e+02 -9.955554e+01
     vertex -1.833000e+02  4.598894e+02 -9.947566e+01
   endloop
 endfacet
 facet normal  1.000000e+00  0.000000e+00  0.000000e+00
   outer loop
     vertex -1.833000e+02  4.599457e+02 -9.938118e+01
     vertex -1.833000e+02  4.596200e+02 -9.965695e+01
     vertex -1.833000e+02  4.598138e+02 -9.955554e+01
   endloop
 endfacet
 facet normal  1.000000e+00  0.000000e+00  0.000000e+00
   outer loop
     vertex -1.833000e+02  4.599906e+02 -9.916719e+01
     vertex -1.833000e+02  4.599457e+02 -9.938118e+01
     vertex -1.833000e+02  4.599800e+02 -9.927667e+01
   endloop
 endfacet
 facet normal  1.000000e+00  0.000000e+00  0.000000e+00
   outer loop
     vertex -1.833000e+02  4.599906e+02 -9.916719e+01
     vertex -1.833000e+02  4.596200e+02 -9.965695e+01
     vertex -1.833000e+02  4.599457e+02 -9.938118e+01
   endloop
 endfacet
 facet normal  1.000000e+00  0.000000e+00  0.000000e+00
   outer loop
     vertex -1.833000e+02  4.599770e+02 -9.905804e+01
     vertex -1.833000e+02  4.596200e+02 -9.965695e+01
     vertex -1.833000e+02  4.599906e+02 -9.916719e+01
   endloop
 endfacet
 facet normal  1.000000e+00  0.000000e+00  0.000000e+00
   outer loop
     vertex -1.833000e+02  4.565310e+02 -1.002841e+02
     vertex -1.833000e+02  4.566288e+02 -1.003422e+02
     vertex -1.833000e+02  4.567371e+02 -1.003766e+02
   endloop
 endfacet
 facet normal  1.000000e+00  0.000000e+00  0.000000e+00
   outer loop
     vertex -1.833000e+02  4.565310e+02 -1.002841e+02
     vertex -1.833000e+02  4.567371e+02 -1.003766e+02
     vertex -1.833000e+02  4.568504e+02 -1.003857e+02
   endloop
 endfacet
 facet normal  1.000000e+00  1.721293e-13  5.414402e-13
   outer loop
     vertex -1.833000e+02  4.565310e+02 -1.002841e+02
     vertex -1.833000e+02  4.568504e+02 -1.003857e+02
     vertex -1.833000e+02  4.569629e+02 -1.003689e+02
   endloop
 endfacet
 facet normal  1.000000e+00  8.280382e-14  8.651380e-14
   outer loop
     vertex -1.833000e+02  4.564489e+02 -1.002055e+02
     vertex -1.833000e+02  4.565310e+02 -1.002841e+02
     vertex -1.833000e+02  4.569629e+02 -1.003689e+02
   endloop
 endfacet
 facet normal  1.000000e+00  9.262216e-13  6.061217e-13
   outer loop
     vertex -1.833000e+02  4.563475e+02 -1.000037e+02
     vertex -1.833000e+02  4.563867e+02 -1.001104e+02
     vertex -1.833000e+02  4.564489e+02 -1.002055e+02
   endloop
 endfacet
 facet normal  1.000000e+00 -0.000000e+00  0.000000e+00
   outer loop
     vertex -1.833000e+02  4.563475e+02 -1.000037e+02
     vertex -1.833000e+02  4.569629e+02 -1.003689e+02
     vertex -1.833000e+02  4.596200e+02 -9.965695e+01
   endloop
 endfacet
 facet normal  1.000000e+00  0.000000e+00  0.000000e+00
   outer loop
     vertex -1.833000e+02  4.563475e+02 -1.000037e+02
     vertex -1.833000e+02  4.596200e+02 -9.965695e+01
     vertex -1.833000e+02  4.599770e+02 -9.905804e+01
   endloop
 endfacet
 facet normal  1.000000e+00  1.190856e-13  2.006398e-13
   outer loop
     vertex -1.833000e+02  4.563475e+02 -1.000037e+02
     vertex -1.833000e+02  4.564489e+02 -1.002055e+02
     vertex -1.833000e+02  4.569629e+02 -1.003689e+02
   endloop
 endfacet
 facet normal  1.000000e+00  7.606409e-15 -1.585274e-28
   outer loop
     vertex -1.833000e+02  4.558167e+02 -9.668195e+01
     vertex -1.833000e+02  4.595532e+02 -9.636372e+01
     vertex -1.833000e+02  4.595532e+02 -9.363628e+01
   endloop
 endfacet
 facet normal  1.000000e+00  7.505861e-15  1.180599e-15
   outer loop
     vertex -1.833000e+02  4.558167e+02 -9.668195e+01
     vertex -1.833000e+02  4.599770e+02 -9.905804e+01
     vertex -1.833000e+02  4.595532e+02 -9.636372e+01
   endloop
 endfacet
 facet normal  1.000000e+00  2.140220e-15 -8.214210e-15
   outer loop
     vertex -1.833000e+02  4.558167e+02 -9.668195e+01
     vertex -1.833000e+02  4.563475e+02 -1.000037e+02
     vertex -1.833000e+02  4.599770e+02 -9.905804e+01
   endloop
 endfacet
 facet normal  1.000000e+00  0.000000e+00  0.000000e+00
   outer loop
     vertex -1.833000e+02  4.599457e+02 -9.061882e+01
     vertex -1.833000e+02  4.599906e+02 -9.083281e+01
     vertex -1.833000e+02  4.599800e+02 -9.072333e+01
   endloop
 endfacet
 facet normal  1.000000e+00  0.000000e+00  0.000000e+00
   outer loop
     vertex -1.833000e+02  4.599457e+02 -9.061882e+01
     vertex -1.833000e+02  4.599770e+02 -9.094196e+01
     vertex -1.833000e+02  4.599906e+02 -9.083281e+01
   endloop
 endfacet
 facet normal  1.000000e+00  0.000000e+00  0.000000e+00
   outer loop
     vertex -1.833000e+02  4.598138e+02 -9.044446e+01
     vertex -1.833000e+02  4.599457e+02 -9.061882e+01
     vertex -1.833000e+02  4.598894e+02 -9.052434e+01
   endloop
 endfacet
 facet normal  1.000000e+00  0.000000e+00  0.000000e+00
   outer loop
     vertex -1.833000e+02  4.598138e+02 -9.044446e+01
     vertex -1.833000e+02  4.599770e+02 -9.094196e+01
     vertex -1.833000e+02  4.599457e+02 -9.061882e+01
   endloop
 endfacet
 facet normal  1.000000e+00  0.000000e+00  0.000000e+00
   outer loop
     vertex -1.833000e+02  4.596200e+02 -9.034305e+01
     vertex -1.833000e+02  4.598138e+02 -9.044446e+01
     vertex -1.833000e+02  4.597225e+02 -9.038304e+01
   endloop
 endfacet
 facet normal  1.000000e+00  0.000000e+00  0.000000e+00
   outer loop
     vertex -1.833000e+02  4.596200e+02 -9.034305e+01
     vertex -1.833000e+02  4.599770e+02 -9.094196e+01
     vertex -1.833000e+02  4.598138e+02 -9.044446e+01
   endloop
 endfacet
 facet normal  1.000000e+00  8.392391e-15  9.228721e-15
   outer loop
     vertex -1.833000e+02  4.558167e+02 -9.331805e+01
     vertex -1.833000e+02  4.595532e+02 -9.363628e+01
     vertex -1.833000e+02  4.599770e+02 -9.094196e+01
   endloop
 endfacet
 facet normal  1.000000e+00  7.606409e-15  0.000000e+00
   outer loop
     vertex -1.833000e+02  4.558167e+02 -9.331805e+01
     vertex -1.833000e+02  4.558167e+02 -9.668195e+01
     vertex -1.833000e+02  4.595532e+02 -9.363628e+01
   endloop
 endfacet
 facet normal  1.000000e+00  0.000000e+00  0.000000e+00
   outer loop
     vertex -1.833000e+02  4.568770e+02 -8.961593e+01
     vertex -1.833000e+02  4.569346e+02 -8.962436e+01
     vertex -1.833000e+02  4.569059e+02 -8.961931e+01
   endloop
 endfacet
 facet normal  1.000000e+00  7.369297e-15 -1.241606e-14
   outer loop
     vertex -1.833000e+02  4.563475e+02 -8.999629e+01
     vertex -1.833000e+02  4.596200e+02 -9.034305e+01
     vertex -1.833000e+02  4.569629e+02 -8.963106e+01
   endloop
 endfacet
 facet normal  1.000000e+00  9.657953e-15  7.012823e-15
   outer loop
     vertex -1.833000e+02  4.563475e+02 -8.999629e+01
     vertex -1.833000e+02  4.558167e+02 -9.331805e+01
     vertex -1.833000e+02  4.599770e+02 -9.094196e+01
   endloop
 endfacet
 facet normal  1.000000e+00  9.270393e-15  5.525359e-15
   outer loop
     vertex -1.833000e+02  4.563475e+02 -8.999629e+01
     vertex -1.833000e+02  4.599770e+02 -9.094196e+01
     vertex -1.833000e+02  4.596200e+02 -9.034305e+01
   endloop
 endfacet
 facet normal  1.000000e+00  0.000000e+00  0.000000e+00
   outer loop
     vertex -1.833000e+02  4.566451e+02 -8.965085e+01
     vertex -1.833000e+02  4.569346e+02 -8.962436e+01
     vertex -1.833000e+02  4.568770e+02 -8.961593e+01
   endloop
 endfacet
 facet normal  1.000000e+00  0.000000e+00  0.000000e+00
   outer loop
     vertex -1.833000e+02  4.566451e+02 -8.965085e+01
     vertex -1.833000e+02  4.568770e+02 -8.961593e+01
     vertex -1.833000e+02  4.567590e+02 -8.961960e+01
   endloop
 endfacet
 facet normal  1.000000e+00  0.000000e+00  0.000000e+00
   outer loop
     vertex -1.833000e+02  4.564546e+02 -8.978767e+01
     vertex -1.833000e+02  4.569629e+02 -8.963106e+01
     vertex -1.833000e+02  4.569346e+02 -8.962436e+01
   endloop
 endfacet
 facet normal  1.000000e+00  0.000000e+00  0.000000e+00
   outer loop
     vertex -1.833000e+02  4.564546e+02 -8.978767e+01
     vertex -1.833000e+02  4.563887e+02 -8.988561e+01
     vertex -1.833000e+02  4.563475e+02 -8.999629e+01
   endloop
 endfacet
 facet normal  1.000000e+00 -0.000000e+00  0.000000e+00
   outer loop
     vertex -1.833000e+02  4.564546e+02 -8.978767e+01
     vertex -1.833000e+02  4.563475e+02 -8.999629e+01
     vertex -1.833000e+02  4.569629e+02 -8.963106e+01
   endloop
 endfacet
 facet normal  1.000000e+00  0.000000e+00  0.000000e+00
   outer loop
     vertex -1.833000e+02  4.565417e+02 -8.970794e+01
     vertex -1.833000e+02  4.569346e+02 -8.962436e+01
     vertex -1.833000e+02  4.566451e+02 -8.965085e+01
   endloop
 endfacet
 facet normal  1.000000e+00 -0.000000e+00  0.000000e+00
   outer loop
     vertex -1.833000e+02  4.565417e+02 -8.970794e+01
     vertex -1.833000e+02  4.564546e+02 -8.978767e+01
     vertex -1.833000e+02  4.569346e+02 -8.962436e+01
   endloop
 endfacet
 facet normal  0.000000e+00  3.634931e-01 -9.315969e-01
   outer loop
     vertex -1.833000e+02  4.597225e+02 -9.961696e+01
     vertex -1.833000e+02  4.596200e+02 -9.965695e+01
     vertex -1.840000e+02  4.596200e+02 -9.965695e+01
   endloop
 endfacet
 facet normal  0.000000e+00  3.634931e-01 -9.315969e-01
   outer loop
     vertex -1.833000e+02  4.597225e+02 -9.961696e+01
     vertex -1.840000e+02  4.596200e+02 -9.965695e+01
     vertex -1.840000e+02  4.597225e+02 -9.961696e+01
   endloop
 endfacet
 facet normal  0.000000e+00  5.583914e-01 -8.295776e-01
   outer loop
     vertex -1.833000e+02  4.598138e+02 -9.955554e+01
     vertex -1.840000e+02  4.597225e+02 -9.961696e+01
     vertex -1.840000e+02  4.598138e+02 -9.955554e+01
   endloop
 endfacet
 facet normal  0.000000e+00  5.583914e-01 -8.295776e-01
   outer loop
     vertex -1.833000e+02  4.598138e+02 -9.955554e+01
     vertex -1.833000e+02  4.597225e+02 -9.961696e+01
     vertex -1.840000e+02  4.597225e+02 -9.961696e+01
   endloop
 endfacet
 facet normal  0.000000e+00  7.262673e-01 -6.874124e-01
   outer loop
     vertex -1.833000e+02  4.598894e+02 -9.947566e+01
     vertex -1.840000e+02  4.598138e+02 -9.955554e+01
     vertex -1.840000e+02  4.598894e+02 -9.947566e+01
   endloop
 endfacet
 facet normal  0.000000e+00  7.262673e-01 -6.874124e-01
   outer loop
     vertex -1.833000e+02  4.598894e+02 -9.947566e+01
     vertex -1.833000e+02  4.598138e+02 -9.955554e+01
     vertex -1.840000e+02  4.598138e+02 -9.955554e+01
   endloop
 endfacet
 facet normal  0.000000e+00  8.589967e-01 -5.119811e-01
   outer loop
     vertex -1.833000e+02  4.599457e+02 -9.938118e+01
     vertex -1.840000e+02  4.598894e+02 -9.947566e+01
     vertex -1.840000e+02  4.599457e+02 -9.938118e+01
   endloop
 endfacet
 facet normal  0.000000e+00  8.589967e-01 -5.119811e-01
   outer loop
     vertex -1.833000e+02  4.599457e+02 -9.938118e+01
     vertex -1.833000e+02  4.598894e+02 -9.947566e+01
     vertex -1.840000e+02  4.598894e+02 -9.947566e+01
   endloop
 endfacet
 facet normal  0.000000e+00  9.501565e-01 -3.117733e-01
   outer loop
     vertex -1.833000e+02  4.599800e+02 -9.927667e+01
     vertex -1.840000e+02  4.599457e+02 -9.938118e+01
     vertex -1.840000e+02  4.599800e+02 -9.927667e+01
   endloop
 endfacet
 facet normal  0.000000e+00  9.501565e-01 -3.117733e-01
   outer loop
     vertex -1.833000e+02  4.599800e+02 -9.927667e+01
     vertex -1.833000e+02  4.599457e+02 -9.938118e+01
     vertex -1.840000e+02  4.599457e+02 -9.938118e+01
   endloop
 endfacet
 facet normal  0.000000e+00  9.953351e-01 -9.647773e-02
   outer loop
     vertex -1.833000e+02  4.599906e+02 -9.916719e+01
     vertex -1.840000e+02  4.599800e+02 -9.927667e+01
     vertex -1.840000e+02  4.599906e+02 -9.916719e+01
   endloop
 endfacet
 facet normal  0.000000e+00  9.953351e-01 -9.647773e-02
   outer loop
     vertex -1.833000e+02  4.599906e+02 -9.916719e+01
     vertex -1.833000e+02  4.599800e+02 -9.927667e+01
     vertex -1.840000e+02  4.599800e+02 -9.927667e+01
   endloop
 endfacet
 facet normal  0.000000e+00  9.923462e-01  1.234867e-01
   outer loop
     vertex -1.833000e+02  4.599770e+02 -9.905804e+01
     vertex -1.840000e+02  4.599906e+02 -9.916719e+01
     vertex -1.840000e+02  4.599770e+02 -9.905804e+01
   endloop
 endfacet
 facet normal  0.000000e+00  9.923462e-01  1.234867e-01
   outer loop
     vertex -1.833000e+02  4.599770e+02 -9.905804e+01
     vertex -1.833000e+02  4.599906e+02 -9.916719e+01
     vertex -1.840000e+02  4.599906e+02 -9.916719e+01
   endloop
 endfacet
 facet normal  0.000000e+00  9.923462e-01 -1.234867e-01
   outer loop
     vertex -1.833000e+02  4.599906e+02 -9.083281e+01
     vertex -1.833000e+02  4.599770e+02 -9.094196e+01
     vertex -1.840000e+02  4.599770e+02 -9.094196e+01
   endloop
 endfacet
 facet normal  0.000000e+00  9.923462e-01 -1.234867e-01
   outer loop
     vertex -1.833000e+02  4.599906e+02 -9.083281e+01
     vertex -1.840000e+02  4.599770e+02 -9.094196e+01
     vertex -1.840000e+02  4.599906e+02 -9.083281e+01
   endloop
 endfacet
 facet normal  0.000000e+00  9.953351e-01  9.647773e-02
   outer loop
     vertex -1.833000e+02  4.599800e+02 -9.072333e+01
     vertex -1.840000e+02  4.599906e+02 -9.083281e+01
     vertex -1.840000e+02  4.599800e+02 -9.072333e+01
   endloop
 endfacet
 facet normal  0.000000e+00  9.953351e-01  9.647773e-02
   outer loop
     vertex -1.833000e+02  4.599800e+02 -9.072333e+01
     vertex -1.833000e+02  4.599906e+02 -9.083281e+01
     vertex -1.840000e+02  4.599906e+02 -9.083281e+01
   endloop
 endfacet
 facet normal  0.000000e+00  9.501565e-01  3.117733e-01
   outer loop
     vertex -1.833000e+02  4.599457e+02 -9.061882e+01
     vertex -1.840000e+02  4.599800e+02 -9.072333e+01
     vertex -1.840000e+02  4.599457e+02 -9.061882e+01
   endloop
 endfacet
 facet normal  0.000000e+00  9.501565e-01  3.117733e-01
   outer loop
     vertex -1.833000e+02  4.599457e+02 -9.061882e+01
     vertex -1.833000e+02  4.599800e+02 -9.072333e+01
     vertex -1.840000e+02  4.599800e+02 -9.072333e+01
   endloop
 endfacet
 facet normal  0.000000e+00  8.589967e-01  5.119811e-01
   outer loop
     vertex -1.833000e+02  4.598894e+02 -9.052434e+01
     vertex -1.840000e+02  4.599457e+02 -9.061882e+01
     vertex -1.840000e+02  4.598894e+02 -9.052434e+01
   endloop
 endfacet
 facet normal  0.000000e+00  8.589967e-01  5.119811e-01
   outer loop
     vertex -1.833000e+02  4.598894e+02 -9.052434e+01
     vertex -1.833000e+02  4.599457e+02 -9.061882e+01
     vertex -1.840000e+02  4.599457e+02 -9.061882e+01
   endloop
 endfacet
 facet normal  0.000000e+00  7.262673e-01  6.874124e-01
   outer loop
     vertex -1.833000e+02  4.598138e+02 -9.044446e+01
     vertex -1.840000e+02  4.598894e+02 -9.052434e+01
     vertex -1.840000e+02  4.598138e+02 -9.044446e+01
   endloop
 endfacet
 facet normal  0.000000e+00  7.262673e-01  6.874124e-01
   outer loop
     vertex -1.833000e+02  4.598138e+02 -9.044446e+01
     vertex -1.833000e+02  4.598894e+02 -9.052434e+01
     vertex -1.840000e+02  4.598894e+02 -9.052434e+01
   endloop
 endfacet
 facet normal -4.534411e-14  5.583914e-01  8.295776e-01
   outer loop
     vertex -1.833000e+02  4.597225e+02 -9.038304e+01
     vertex -1.840000e+02  4.598138e+02 -9.044446e+01
     vertex -1.840000e+02  4.597225e+02 -9.038304e+01
   endloop
 endfacet
 facet normal  0.000000e+00  5.583914e-01  8.295776e-01
   outer loop
     vertex -1.833000e+02  4.597225e+02 -9.038304e+01
     vertex -1.833000e+02  4.598138e+02 -9.044446e+01
     vertex -1.840000e+02  4.598138e+02 -9.044446e+01
   endloop
 endfacet
 facet normal  0.000000e+00  3.634931e-01  9.315969e-01
   outer loop
     vertex -1.833000e+02  4.596200e+02 -9.034305e+01
     vertex -1.840000e+02  4.597225e+02 -9.038304e+01
     vertex -1.840000e+02  4.596200e+02 -9.034305e+01
   endloop
 endfacet
 facet normal -2.951488e-14  3.634931e-01  9.315969e-01
   outer loop
     vertex -1.833000e+02  4.596200e+02 -9.034305e+01
     vertex -1.833000e+02  4.597225e+02 -9.038304e+01
     vertex -1.840000e+02  4.597225e+02 -9.038304e+01
   endloop
 endfacet
 facet normal  6.456374e-15 -3.109204e-02  9.995165e-01
   outer loop
     vertex -1.833000e+02  4.567590e+02 -8.961960e+01
     vertex -1.833000e+02  4.568770e+02 -8.961593e+01
     vertex -1.855000e+02  4.568770e+02 -8.961593e+01
   endloop
 endfacet
 facet normal  0.000000e+00 -3.109204e-02  9.995165e-01
   outer loop
     vertex -1.833000e+02  4.567590e+02 -8.961960e+01
     vertex -1.855000e+02  4.568770e+02 -8.961593e+01
     vertex -1.855000e+02  4.567590e+02 -8.961960e+01
   endloop
 endfacet
 facet normal  1.306678e-14 -2.646337e-01  9.643490e-01
   outer loop
     vertex -1.833000e+02  4.566451e+02 -8.965085e+01
     vertex -1.855000e+02  4.567590e+02 -8.961960e+01
     vertex -1.855000e+02  4.566451e+02 -8.965085e+01
   endloop
 endfacet
 facet normal  0.000000e+00 -2.646337e-01  9.643490e-01
   outer loop
     vertex -1.833000e+02  4.566451e+02 -8.965085e+01
     vertex -1.833000e+02  4.567590e+02 -8.961960e+01
     vertex -1.855000e+02  4.567590e+02 -8.961960e+01
   endloop
 endfacet
 facet normal  0.000000e+00 -4.834145e-01  8.753916e-01
   outer loop
     vertex -1.833000e+02  4.565417e+02 -8.970794e+01
     vertex -1.855000e+02  4.566451e+02 -8.965085e+01
     vertex -1.855000e+02  4.565417e+02 -8.970794e+01
   endloop
 endfacet
 facet normal  1.814570e-14 -4.834145e-01  8.753916e-01
   outer loop
     vertex -1.833000e+02  4.565417e+02 -8.970794e+01
     vertex -1.833000e+02  4.566451e+02 -8.965085e+01
     vertex -1.855000e+02  4.566451e+02 -8.965085e+01
   endloop
 endfacet
 facet normal  0.000000e+00 -6.752312e-01  7.376061e-01
   outer loop
     vertex -1.833000e+02  4.564546e+02 -8.978767e+01
     vertex -1.855000e+02  4.565417e+02 -8.970794e+01
     vertex -1.855000e+02  4.564546e+02 -8.978767e+01
   endloop
 endfacet
 facet normal  0.000000e+00 -6.752312e-01  7.376061e-01
   outer loop
     vertex -1.833000e+02  4.564546e+02 -8.978767e+01
     vertex -1.833000e+02  4.565417e+02 -8.970794e+01
     vertex -1.855000e+02  4.565417e+02 -8.970794e+01
   endloop
 endfacet
 facet normal  0.000000e+00 -8.293845e-01  5.586782e-01
   outer loop
     vertex -1.833000e+02  4.563887e+02 -8.988561e+01
     vertex -1.855000e+02  4.564546e+02 -8.978767e+01
     vertex -1.855000e+02  4.563887e+02 -8.988561e+01
   endloop
 endfacet
 facet normal  0.000000e+00 -8.293845e-01  5.586782e-01
   outer loop
     vertex -1.833000e+02  4.563887e+02 -8.988561e+01
     vertex -1.833000e+02  4.564546e+02 -8.978767e+01
     vertex -1.855000e+02  4.564546e+02 -8.978767e+01
   endloop
 endfacet
 facet normal  0.000000e+00 -9.372761e-01  3.485880e-01
   outer loop
     vertex -1.833000e+02  4.563475e+02 -8.999629e+01
     vertex -1.855000e+02  4.563887e+02 -8.988561e+01
     vertex -1.855000e+02  4.563475e+02 -8.999629e+01
   endloop
 endfacet
 facet normal  0.000000e+00 -9.372761e-01  3.485880e-01
   outer loop
     vertex -1.833000e+02  4.563475e+02 -8.999629e+01
     vertex -1.833000e+02  4.563887e+02 -8.988561e+01
     vertex -1.855000e+02  4.563887e+02 -8.988561e+01
   endloop
 endfacet
 facet normal -2.224779e-15 -9.388154e-01 -3.444208e-01
   outer loop
     vertex -1.833000e+02  4.563475e+02 -1.000037e+02
     vertex -1.855000e+02  4.563475e+02 -1.000037e+02
     vertex -1.855000e+02  4.563867e+02 -1.001104e+02
   endloop
 endfacet
 facet normal -0.000000e+00 -8.367563e-01 -5.475754e-01
   outer loop
     vertex -1.833000e+02  4.563867e+02 -1.001104e+02
     vertex -1.855000e+02  4.563867e+02 -1.001104e+02
     vertex -1.855000e+02  4.564489e+02 -1.002055e+02
   endloop
 endfacet
 facet normal -0.000000e+00 -9.388154e-01 -3.444208e-01
   outer loop
     vertex -1.833000e+02  4.563867e+02 -1.001104e+02
     vertex -1.833000e+02  4.563475e+02 -1.000037e+02
     vertex -1.855000e+02  4.563867e+02 -1.001104e+02
   endloop
 endfacet
 facet normal  2.162004e-14 -8.367563e-01 -5.475754e-01
   outer loop
     vertex -1.833000e+02  4.564489e+02 -1.002055e+02
     vertex -1.833000e+02  4.563867e+02 -1.001104e+02
     vertex -1.855000e+02  4.564489e+02 -1.002055e+02
   endloop
 endfacet
 facet normal -4.666503e-15 -6.914471e-01 -7.224271e-01
   outer loop
     vertex -1.833000e+02  4.565310e+02 -1.002841e+02
     vertex -1.855000e+02  4.564489e+02 -1.002055e+02
     vertex -1.855000e+02  4.565310e+02 -1.002841e+02
   endloop
 endfacet
 facet normal  1.786507e-14 -6.914471e-01 -7.224271e-01
   outer loop
     vertex -1.833000e+02  4.565310e+02 -1.002841e+02
     vertex -1.833000e+02  4.564489e+02 -1.002055e+02
     vertex -1.855000e+02  4.564489e+02 -1.002055e+02
   endloop
 endfacet
 facet normal -0.000000e+00 -5.103985e-01 -8.599380e-01
   outer loop
     vertex -1.833000e+02  4.566288e+02 -1.003422e+02
     vertex -1.855000e+02  4.565310e+02 -1.002841e+02
     vertex -1.855000e+02  4.566288e+02 -1.003422e+02
   endloop
 endfacet
 facet normal -5.556174e-15 -5.103985e-01 -8.599380e-01
   outer loop
     vertex -1.833000e+02  4.566288e+02 -1.003422e+02
     vertex -1.833000e+02  4.565310e+02 -1.002841e+02
     vertex -1.855000e+02  4.565310e+02 -1.002841e+02
   endloop
 endfacet
 facet normal -0.000000e+00 -3.029685e-01 -9.530006e-01
   outer loop
     vertex -1.833000e+02  4.567371e+02 -1.003766e+02
     vertex -1.855000e+02  4.566288e+02 -1.003422e+02
     vertex -1.855000e+02  4.567371e+02 -1.003766e+02
   endloop
 endfacet
 facet normal  0.000000e+00 -3.029685e-01 -9.530006e-01
   outer loop
     vertex -1.833000e+02  4.567371e+02 -1.003766e+02
     vertex -1.833000e+02  4.566288e+02 -1.003422e+02
     vertex -1.855000e+02  4.566288e+02 -1.003422e+02
   endloop
 endfacet
 facet normal -6.438839e-15 -7.987865e-02 -9.968046e-01
   outer loop
     vertex -1.833000e+02  4.568504e+02 -1.003857e+02
     vertex -1.855000e+02  4.567371e+02 -1.003766e+02
     vertex -1.855000e+02  4.568504e+02 -1.003857e+02
   endloop
 endfacet
 facet normal  0.000000e+00 -7.987865e-02 -9.968046e-01
   outer loop
     vertex -1.833000e+02  4.568504e+02 -1.003857e+02
     vertex -1.833000e+02  4.567371e+02 -1.003766e+02
     vertex -1.855000e+02  4.567371e+02 -1.003766e+02
   endloop
 endfacet
 facet normal -3.806957e-15  1.473399e-01 -9.890859e-01
   outer loop
     vertex -1.833000e+02  4.569629e+02 -1.003689e+02
     vertex -1.855000e+02  4.568504e+02 -1.003857e+02
     vertex -1.855000e+02  4.569629e+02 -1.003689e+02
   endloop
 endfacet
 facet normal -6.388559e-15  1.473399e-01 -9.890859e-01
   outer loop
     vertex -1.833000e+02  4.569629e+02 -1.003689e+02
     vertex -1.833000e+02  4.568504e+02 -1.003857e+02
     vertex -1.855000e+02  4.568504e+02 -1.003857e+02
   endloop
 endfacet
 facet normal  0.000000e+00  2.065983e-01  9.784259e-01
   outer loop
     vertex -1.896000e+02  4.624502e+02 -9.807577e+01
     vertex -1.861000e+02  4.632167e+02 -9.823763e+01
     vertex -1.896000e+02  4.632167e+02 -9.823763e+01
   endloop
 endfacet
 facet normal -0.000000e+00  2.065983e-01  9.784259e-01
   outer loop
     vertex -1.896000e+02  4.624502e+02 -9.807577e+01
     vertex -1.861000e+02  4.624502e+02 -9.807577e+01
     vertex -1.861000e+02  4.632167e+02 -9.823763e+01
   endloop
 endfacet
 facet normal -3.404262e-15  4.347475e-01  9.005524e-01
   outer loop
     vertex -1.896000e+02  4.617446e+02 -9.773515e+01
     vertex -1.861000e+02  4.617446e+02 -9.773515e+01
     vertex -1.861000e+02  4.624502e+02 -9.807577e+01
   endloop
 endfacet
 facet normal -7.227971e-15  6.376309e-01  7.703421e-01
   outer loop
     vertex -1.896000e+02  4.617446e+02 -9.773515e+01
     vertex -1.861000e+02  4.611410e+02 -9.723557e+01
     vertex -1.861000e+02  4.617446e+02 -9.773515e+01
   endloop
 endfacet
 facet normal  0.000000e+00  4.347475e-01  9.005524e-01
   outer loop
     vertex -1.896000e+02  4.617446e+02 -9.773515e+01
     vertex -1.861000e+02  4.624502e+02 -9.807577e+01
     vertex -1.896000e+02  4.624502e+02 -9.807577e+01
   endloop
 endfacet
 facet normal -1.035575e-14  6.376309e-01  7.703421e-01
   outer loop
     vertex -1.896000e+02  4.611410e+02 -9.723557e+01
     vertex -1.861000e+02  4.611410e+02 -9.723557e+01
     vertex -1.896000e+02  4.617446e+02 -9.773515e+01
   endloop
 endfacet
 facet normal -1.304893e-14  8.034574e-01  5.953623e-01
   outer loop
     vertex -1.896000e+02  4.606746e+02 -9.660607e+01
     vertex -1.861000e+02  4.606746e+02 -9.660607e+01
     vertex -1.861000e+02  4.611410e+02 -9.723557e+01
   endloop
 endfacet
 facet normal -1.305688e-14  8.034574e-01  5.953623e-01
   outer loop
     vertex -1.896000e+02  4.606746e+02 -9.660607e+01
     vertex -1.861000e+02  4.611410e+02 -9.723557e+01
     vertex -1.896000e+02  4.611410e+02 -9.723557e+01
   endloop
 endfacet
 facet normal -0.000000e+00  9.225899e-01  3.857822e-01
   outer loop
     vertex -1.896000e+02  4.603723e+02 -9.588323e+01
     vertex -1.861000e+02  4.603723e+02 -9.588323e+01
     vertex -1.861000e+02  4.606746e+02 -9.660607e+01
   endloop
 endfacet
 facet normal -0.000000e+00  9.881048e-01  1.537818e-01
   outer loop
     vertex -1.896000e+02  4.603723e+02 -9.588323e+01
     vertex -1.861000e+02  4.602518e+02 -9.510906e+01
     vertex -1.861000e+02  4.603723e+02 -9.588323e+01
   endloop
 endfacet
 facet normal -1.497998e-14  9.225899e-01  3.857822e-01
   outer loop
     vertex -1.896000e+02  4.603723e+02 -9.588323e+01
     vertex -1.861000e+02  4.606746e+02 -9.660607e+01
     vertex -1.896000e+02  4.606746e+02 -9.660607e+01
   endloop
 endfacet
 facet normal  6.243918e-16  9.881048e-01  1.537818e-01
   outer loop
     vertex -1.896000e+02  4.602518e+02 -9.510906e+01
     vertex -1.861000e+02  4.602518e+02 -9.510906e+01
     vertex -1.896000e+02  4.603723e+02 -9.588323e+01
   endloop
 endfacet
 facet normal  0.000000e+00  9.961947e-01 -8.715574e-02
   outer loop
     vertex -1.896000e+02  4.603201e+02 -9.432856e+01
     vertex -1.861000e+02  4.603201e+02 -9.432856e+01
     vertex -1.861000e+02  4.602518e+02 -9.510906e+01
   endloop
 endfacet
 facet normal -3.542564e-16  9.961947e-01 -8.715574e-02
   outer loop
     vertex -1.896000e+02  4.603201e+02 -9.432856e+01
     vertex -1.861000e+02  4.602518e+02 -9.510906e+01
     vertex -1.896000e+02  4.602518e+02 -9.510906e+01
   endloop
 endfacet
 facet normal -1.311573e-15  9.463894e-01 -3.230282e-01
   outer loop
     vertex -1.896000e+02  4.605732e+02 -9.358707e+01
     vertex -1.861000e+02  4.605732e+02 -9.358707e+01
     vertex -1.861000e+02  4.603201e+02 -9.432856e+01
   endloop
 endfacet
 facet normal  0.000000e+00  9.463894e-01 -3.230282e-01
   outer loop
     vertex -1.896000e+02  4.605732e+02 -9.358707e+01
     vertex -1.861000e+02  4.603201e+02 -9.432856e+01
     vertex -1.896000e+02  4.603201e+02 -9.432856e+01
   endloop
 endfacet
 facet normal -2.193049e-15  8.415833e-01 -5.401273e-01
   outer loop
     vertex -1.896000e+02  4.609964e+02 -9.292770e+01
     vertex -1.861000e+02  4.609964e+02 -9.292770e+01
     vertex -1.861000e+02  4.605732e+02 -9.358707e+01
   endloop
 endfacet
 facet normal -2.186268e-15  8.415833e-01 -5.401273e-01
   outer loop
     vertex -1.896000e+02  4.609964e+02 -9.292770e+01
     vertex -1.861000e+02  4.605732e+02 -9.358707e+01
     vertex -1.896000e+02  4.605732e+02 -9.358707e+01
   endloop
 endfacet
 facet normal  0.000000e+00  6.878675e-01 -7.258363e-01
   outer loop
     vertex -1.896000e+02  4.615651e+02 -9.238876e+01
     vertex -1.861000e+02  4.615651e+02 -9.238876e+01
     vertex -1.861000e+02  4.609964e+02 -9.292770e+01
   endloop
 endfacet
 facet normal -2.955510e-15  6.878675e-01 -7.258363e-01
   outer loop
     vertex -1.896000e+02  4.615651e+02 -9.238876e+01
     vertex -1.861000e+02  4.609964e+02 -9.292770e+01
     vertex -1.896000e+02  4.609964e+02 -9.292770e+01
   endloop
 endfacet
 facet normal  0.000000e+00  4.941753e-01 -8.693623e-01
   outer loop
     vertex -1.896000e+02  4.622462e+02 -9.200158e+01
     vertex -1.861000e+02  4.622462e+02 -9.200158e+01
     vertex -1.861000e+02  4.615651e+02 -9.238876e+01
   endloop
 endfacet
 facet normal  0.000000e+00  4.941753e-01 -8.693623e-01
   outer loop
     vertex -1.896000e+02  4.622462e+02 -9.200158e+01
     vertex -1.861000e+02  4.615651e+02 -9.238876e+01
     vertex -1.896000e+02  4.615651e+02 -9.238876e+01
   endloop
 endfacet
 facet normal  0.000000e+00  2.717635e-01 -9.623641e-01
   outer loop
     vertex -1.896000e+02  4.630002e+02 -9.178866e+01
     vertex -1.861000e+02  4.630002e+02 -9.178866e+01
     vertex -1.861000e+02  4.622462e+02 -9.200158e+01
   endloop
 endfacet
 facet normal  0.000000e+00  2.717635e-01 -9.623641e-01
   outer loop
     vertex -1.896000e+02  4.630002e+02 -9.178866e+01
     vertex -1.861000e+02  4.622462e+02 -9.200158e+01
     vertex -1.896000e+02  4.622462e+02 -9.200158e+01
   endloop
 endfacet
 facet normal -5.450102e-16  3.355772e-02 -9.994368e-01
   outer loop
     vertex -1.896000e+02  4.637833e+02 -9.176237e+01
     vertex -1.861000e+02  4.637833e+02 -9.176237e+01
     vertex -1.861000e+02  4.630002e+02 -9.178866e+01
   endloop
 endfacet
 facet normal  0.000000e+00  3.355772e-02 -9.994368e-01
   outer loop
     vertex -1.896000e+02  4.637833e+02 -9.176237e+01
     vertex -1.861000e+02  4.630002e+02 -9.178866e+01
     vertex -1.896000e+02  4.630002e+02 -9.178866e+01
   endloop
 endfacet
 facet normal -1.000000e+00  0.000000e+00  0.000000e+00
   outer loop
     vertex -1.861000e+02  4.647339e+02 -9.383063e+01
     vertex -1.861000e+02  4.652554e+02 -9.226485e+01
     vertex -1.861000e+02  4.658590e+02 -9.276443e+01
   endloop
 endfacet
 facet normal -1.000000e+00  1.805830e-14 -3.176848e-14
   outer loop
     vertex -1.861000e+02  4.649779e+02 -9.415990e+01
     vertex -1.861000e+02  4.658590e+02 -9.276443e+01
     vertex -1.861000e+02  4.663254e+02 -9.339393e+01
   endloop
 endfacet
 facet normal -1.000000e+00  4.805460e-14 -5.070711e-14
   outer loop
     vertex -1.861000e+02  4.649779e+02 -9.415990e+01
     vertex -1.861000e+02  4.647339e+02 -9.383063e+01
     vertex -1.861000e+02  4.658590e+02 -9.276443e+01
   endloop
 endfacet
 facet normal -1.000000e+00  3.075338e-14 -1.973749e-14
   outer loop
     vertex -1.861000e+02  4.644182e+02 -9.356931e+01
     vertex -1.861000e+02  4.645498e+02 -9.192423e+01
     vertex -1.861000e+02  4.652554e+02 -9.226485e+01
   endloop
 endfacet
 facet normal -1.000000e+00  0.000000e+00  0.000000e+00
   outer loop
     vertex -1.861000e+02  4.644182e+02 -9.356931e+01
     vertex -1.861000e+02  4.652554e+02 -9.226485e+01
     vertex -1.861000e+02  4.647339e+02 -9.383063e+01
   endloop
 endfacet
 facet normal -1.000000e+00  0.000000e+00  0.000000e+00
   outer loop
     vertex -1.861000e+02  4.651360e+02 -9.453800e+01
     vertex -1.861000e+02  4.663254e+02 -9.339393e+01
     vertex -1.861000e+02  4.666277e+02 -9.411677e+01
   endloop
 endfacet
 facet normal -1.000000e+00  0.000000e+00  0.000000e+00
   outer loop
     vertex -1.861000e+02  4.651360e+02 -9.453800e+01
     vertex -1.861000e+02  4.649779e+02 -9.415990e+01
     vertex -1.861000e+02  4.663254e+02 -9.339393e+01
   endloop
 endfacet
 facet normal -1.000000e+00 -8.030336e-15 -1.663434e-14
   outer loop
     vertex -1.861000e+02  4.640491e+02 -9.339114e+01
     vertex -1.861000e+02  4.645498e+02 -9.192423e+01
     vertex -1.861000e+02  4.644182e+02 -9.356931e+01
   endloop
 endfacet
 facet normal -1.000000e+00  0.000000e+00  0.000000e+00
   outer loop
     vertex -1.861000e+02  4.651990e+02 -9.494295e+01
     vertex -1.861000e+02  4.666277e+02 -9.411677e+01
     vertex -1.861000e+02  4.667482e+02 -9.489094e+01
   endloop
 endfacet
 facet normal -1.000000e+00  0.000000e+00  0.000000e+00
   outer loop
     vertex -1.861000e+02  4.651990e+02 -9.494295e+01
     vertex -1.861000e+02  4.651360e+02 -9.453800e+01
     vertex -1.861000e+02  4.666277e+02 -9.411677e+01
   endloop
 endfacet
 facet normal -1.000000e+00 -3.816131e-15 -1.807276e-14
   outer loop
     vertex -1.861000e+02  4.636482e+02 -9.330647e+01
     vertex -1.861000e+02  4.637833e+02 -9.176237e+01
     vertex -1.861000e+02  4.645498e+02 -9.192423e+01
   endloop
 endfacet
 facet normal -1.000000e+00 -3.816131e-15 -1.807276e-14
   outer loop
     vertex -1.861000e+02  4.636482e+02 -9.330647e+01
     vertex -1.861000e+02  4.645498e+02 -9.192423e+01
     vertex -1.861000e+02  4.640491e+02 -9.339114e+01
   endloop
 endfacet
 facet normal -1.000000e+00  0.000000e+00  0.000000e+00
   outer loop
     vertex -1.861000e+02  4.651633e+02 -9.535122e+01
     vertex -1.861000e+02  4.667482e+02 -9.489094e+01
     vertex -1.861000e+02  4.666799e+02 -9.567144e+01
   endloop
 endfacet
 facet normal -1.000000e+00  0.000000e+00  0.000000e+00
   outer loop
     vertex -1.861000e+02  4.651633e+02 -9.535122e+01
     vertex -1.861000e+02  4.651990e+02 -9.494295e+01
     vertex -1.861000e+02  4.667482e+02 -9.489094e+01
   endloop
 endfacet
 facet normal -1.000000e+00 -3.610761e-14 -5.619540e-15
   outer loop
     vertex -1.861000e+02  4.632386e+02 -9.332022e+01
     vertex -1.861000e+02  4.630002e+02 -9.178866e+01
     vertex -1.861000e+02  4.637833e+02 -9.176237e+01
   endloop
 endfacet
 facet normal -1.000000e+00  6.198535e-16 -1.846086e-14
   outer loop
     vertex -1.861000e+02  4.632386e+02 -9.332022e+01
     vertex -1.861000e+02  4.637833e+02 -9.176237e+01
     vertex -1.861000e+02  4.636482e+02 -9.330647e+01
   endloop
 endfacet
 facet normal -1.000000e+00  0.000000e+00  0.000000e+00
   outer loop
     vertex -1.861000e+02  4.650309e+02 -9.573907e+01
     vertex -1.861000e+02  4.666799e+02 -9.567144e+01
     vertex -1.861000e+02  4.664268e+02 -9.641293e+01
   endloop
 endfacet
 facet normal -1.000000e+00  0.000000e+00  0.000000e+00
   outer loop
     vertex -1.861000e+02  4.650309e+02 -9.573907e+01
     vertex -1.861000e+02  4.651633e+02 -9.535122e+01
     vertex -1.861000e+02  4.666799e+02 -9.567144e+01
   endloop
 endfacet
 facet normal -1.000000e+00  0.000000e+00  0.000000e+00
   outer loop
     vertex -1.861000e+02  4.660036e+02 -9.707230e+01
     vertex -1.861000e+02  4.650309e+02 -9.573907e+01
     vertex -1.861000e+02  4.664268e+02 -9.641293e+01
   endloop
 endfacet
 facet normal -1.000000e+00  5.019815e-15 -1.777608e-14
   outer loop
     vertex -1.861000e+02  4.628442e+02 -9.343160e+01
     vertex -1.861000e+02  4.622462e+02 -9.200158e+01
     vertex -1.861000e+02  4.630002e+02 -9.178866e+01
   endloop
 endfacet
 facet normal -1.000000e+00 -6.902925e-14 -1.074324e-14
   outer loop
     vertex -1.861000e+02  4.628442e+02 -9.343160e+01
     vertex -1.861000e+02  4.630002e+02 -9.178866e+01
     vertex -1.861000e+02  4.632386e+02 -9.332022e+01
   endloop
 endfacet
 facet normal -1.000000e+00  6.009016e-14  4.383946e-14
   outer loop
     vertex -1.861000e+02  4.648096e+02 -9.608397e+01
     vertex -1.861000e+02  4.650309e+02 -9.573907e+01
     vertex -1.861000e+02  4.660036e+02 -9.707230e+01
   endloop
 endfacet
 facet normal -1.000000e+00  9.128042e-15 -1.605822e-14
   outer loop
     vertex -1.861000e+02  4.624879e+02 -9.363412e+01
     vertex -1.861000e+02  4.615651e+02 -9.238876e+01
     vertex -1.861000e+02  4.622462e+02 -9.200158e+01
   endloop
 endfacet
 facet normal -1.000000e+00  9.128042e-15 -1.605822e-14
   outer loop
     vertex -1.861000e+02  4.624879e+02 -9.363412e+01
     vertex -1.861000e+02  4.622462e+02 -9.200158e+01
     vertex -1.861000e+02  4.628442e+02 -9.343160e+01
   endloop
 endfacet
 facet normal -1.000000e+00  1.270578e-14 -1.340711e-14
   outer loop
     vertex -1.861000e+02  4.654349e+02 -9.761124e+01
     vertex -1.861000e+02  4.645121e+02 -9.636588e+01
     vertex -1.861000e+02  4.648096e+02 -9.608397e+01
   endloop
 endfacet
 facet normal -1.000000e+00  1.270578e-14 -1.340711e-14
   outer loop
     vertex -1.861000e+02  4.654349e+02 -9.761124e+01
     vertex -1.861000e+02  4.648096e+02 -9.608397e+01
     vertex -1.861000e+02  4.660036e+02 -9.707230e+01
   endloop
 endfacet
 facet normal -1.000000e+00  1.270578e-14 -1.340711e-14
   outer loop
     vertex -1.861000e+02  4.621904e+02 -9.391603e+01
     vertex -1.861000e+02  4.615651e+02 -9.238876e+01
     vertex -1.861000e+02  4.624879e+02 -9.363412e+01
   endloop
 endfacet
 facet normal -1.000000e+00  1.270578e-14 -1.340711e-14
   outer loop
     vertex -1.861000e+02  4.609964e+02 -9.292770e+01
     vertex -1.861000e+02  4.615651e+02 -9.238876e+01
     vertex -1.861000e+02  4.621904e+02 -9.391603e+01
   endloop
 endfacet
 facet normal -1.000000e+00  0.000000e+00  0.000000e+00
   outer loop
     vertex -1.861000e+02  4.647538e+02 -9.799842e+01
     vertex -1.861000e+02  4.641558e+02 -9.656840e+01
     vertex -1.861000e+02  4.645121e+02 -9.636588e+01
   endloop
 endfacet
 facet normal -1.000000e+00  3.848821e-14  5.697679e-15
   outer loop
     vertex -1.861000e+02  4.647538e+02 -9.799842e+01
     vertex -1.861000e+02  4.645121e+02 -9.636588e+01
     vertex -1.861000e+02  4.654349e+02 -9.761124e+01
   endloop
 endfacet
 facet normal -1.000000e+00 -3.105587e-14 -6.627695e-14
   outer loop
     vertex -1.861000e+02  4.605732e+02 -9.358707e+01
     vertex -1.861000e+02  4.609964e+02 -9.292770e+01
     vertex -1.861000e+02  4.621904e+02 -9.391603e+01
   endloop
 endfacet
 facet normal -1.000000e+00 -1.748101e-14  5.966738e-15
   outer loop
     vertex -1.861000e+02  4.605732e+02 -9.358707e+01
     vertex -1.861000e+02  4.619691e+02 -9.426093e+01
     vertex -1.861000e+02  4.618367e+02 -9.464878e+01
   endloop
 endfacet
 facet normal -1.000000e+00 -1.554511e-14  9.976834e-15
   outer loop
     vertex -1.861000e+02  4.605732e+02 -9.358707e+01
     vertex -1.861000e+02  4.621904e+02 -9.391603e+01
     vertex -1.861000e+02  4.619691e+02 -9.426093e+01
   endloop
 endfacet
 facet normal -1.000000e+00  0.000000e+00  0.000000e+00
   outer loop
     vertex -1.861000e+02  4.639998e+02 -9.821134e+01
     vertex -1.861000e+02  4.641558e+02 -9.656840e+01
     vertex -1.861000e+02  4.647538e+02 -9.799842e+01
   endloop
 endfacet
 facet normal -1.000000e+00  0.000000e+00  0.000000e+00
   outer loop
     vertex -1.861000e+02  4.639998e+02 -9.821134e+01
     vertex -1.861000e+02  4.637614e+02 -9.667978e+01
     vertex -1.861000e+02  4.641558e+02 -9.656840e+01
   endloop
 endfacet
 facet normal -1.000000e+00  0.000000e+00  0.000000e+00
   outer loop
     vertex -1.861000e+02  4.639998e+02 -9.821134e+01
     vertex -1.861000e+02  4.633518e+02 -9.669353e+01
     vertex -1.861000e+02  4.637614e+02 -9.667978e+01
   endloop
 endfacet
 facet normal -1.000000e+00 -1.748101e-14  5.966738e-15
   outer loop
     vertex -1.861000e+02  4.603201e+02 -9.432856e+01
     vertex -1.861000e+02  4.605732e+02 -9.358707e+01
     vertex -1.861000e+02  4.618367e+02 -9.464878e+01
   endloop
 endfacet
 facet normal -1.000000e+00  0.000000e+00  0.000000e+00
   outer loop
     vertex -1.861000e+02  4.632167e+02 -9.823763e+01
     vertex -1.861000e+02  4.633518e+02 -9.669353e+01
     vertex -1.861000e+02  4.639998e+02 -9.821134e+01
   endloop
 endfacet
 facet normal -1.000000e+00 -1.840097e-14  1.609877e-15
   outer loop
     vertex -1.861000e+02  4.602518e+02 -9.510906e+01
     vertex -1.861000e+02  4.603201e+02 -9.432856e+01
     vertex -1.861000e+02  4.618367e+02 -9.464878e+01
   endloop
 endfacet
 facet normal -1.000000e+00 -1.840097e-14  1.609877e-15
   outer loop
     vertex -1.861000e+02  4.602518e+02 -9.510906e+01
     vertex -1.861000e+02  4.618367e+02 -9.464878e+01
     vertex -1.861000e+02  4.618010e+02 -9.505705e+01
   endloop
 endfacet
 facet normal -1.000000e+00  0.000000e+00  0.000000e+00
   outer loop
     vertex -1.861000e+02  4.624502e+02 -9.807577e+01
     vertex -1.861000e+02  4.629509e+02 -9.660886e+01
     vertex -1.861000e+02  4.633518e+02 -9.669353e+01
   endloop
 endfacet
 facet normal -1.000000e+00  0.000000e+00  0.000000e+00
   outer loop
     vertex -1.861000e+02  4.624502e+02 -9.807577e+01
     vertex -1.861000e+02  4.625818e+02 -9.643069e+01
     vertex -1.861000e+02  4.629509e+02 -9.660886e+01
   endloop
 endfacet
 facet normal -1.000000e+00  0.000000e+00  0.000000e+00
   outer loop
     vertex -1.861000e+02  4.624502e+02 -9.807577e+01
     vertex -1.861000e+02  4.633518e+02 -9.669353e+01
     vertex -1.861000e+02  4.632167e+02 -9.823763e+01
   endloop
 endfacet
 facet normal -1.000000e+00 -1.825154e-14 -2.840545e-15
   outer loop
     vertex -1.861000e+02  4.603723e+02 -9.588323e+01
     vertex -1.861000e+02  4.618010e+02 -9.505705e+01
     vertex -1.861000e+02  4.618640e+02 -9.546200e+01
   endloop
 endfacet
 facet normal -1.000000e+00 -1.825154e-14 -2.840545e-15
   outer loop
     vertex -1.861000e+02  4.603723e+02 -9.588323e+01
     vertex -1.861000e+02  4.602518e+02 -9.510906e+01
     vertex -1.861000e+02  4.618010e+02 -9.505705e+01
   endloop
 endfacet
 facet normal -1.000000e+00 -7.057107e-14  2.350424e-14
   outer loop
     vertex -1.861000e+02  4.617446e+02 -9.773515e+01
     vertex -1.861000e+02  4.622661e+02 -9.616937e+01
     vertex -1.861000e+02  4.625818e+02 -9.643069e+01
   endloop
 endfacet
 facet normal -1.000000e+00 -3.878371e-14  3.103148e-15
   outer loop
     vertex -1.861000e+02  4.617446e+02 -9.773515e+01
     vertex -1.861000e+02  4.625818e+02 -9.643069e+01
     vertex -1.861000e+02  4.624502e+02 -9.807577e+01
   endloop
 endfacet
 facet normal -1.000000e+00  0.000000e+00  0.000000e+00
   outer loop
     vertex -1.861000e+02  4.606746e+02 -9.660607e+01
     vertex -1.861000e+02  4.618640e+02 -9.546200e+01
     vertex -1.861000e+02  4.620221e+02 -9.584010e+01
   endloop
 endfacet
 facet normal -1.000000e+00 -2.697226e-14  2.804110e-14
   outer loop
     vertex -1.861000e+02  4.606746e+02 -9.660607e+01
     vertex -1.861000e+02  4.603723e+02 -9.588323e+01
     vertex -1.861000e+02  4.618640e+02 -9.546200e+01
   endloop
 endfacet
 facet normal -1.000000e+00  0.000000e+00  0.000000e+00
   outer loop
     vertex -1.861000e+02  4.611410e+02 -9.723557e+01
     vertex -1.861000e+02  4.606746e+02 -9.660607e+01
     vertex -1.861000e+02  4.620221e+02 -9.584010e+01
   endloop
 endfacet
 facet normal -1.000000e+00  0.000000e+00  0.000000e+00
   outer loop
     vertex -1.861000e+02  4.611410e+02 -9.723557e+01
     vertex -1.861000e+02  4.620221e+02 -9.584010e+01
     vertex -1.861000e+02  4.622661e+02 -9.616937e+01
   endloop
 endfacet
 facet normal -1.000000e+00  0.000000e+00  0.000000e+00
   outer loop
     vertex -1.861000e+02  4.611410e+02 -9.723557e+01
     vertex -1.861000e+02  4.622661e+02 -9.616937e+01
     vertex -1.861000e+02  4.617446e+02 -9.773515e+01
   endloop
 endfacet
 facet normal -3.355314e-15  2.065983e-01  9.784259e-01
   outer loop
     vertex -1.896000e+02  4.692002e+02 -8.638442e+01
     vertex -1.861000e+02  4.699667e+02 -8.654629e+01
     vertex -1.896000e+02  4.699667e+02 -8.654629e+01
   endloop
 endfacet
 facet normal -0.000000e+00  2.065983e-01  9.784259e-01
   outer loop
     vertex -1.896000e+02  4.692002e+02 -8.638442e+01
     vertex -1.861000e+02  4.692002e+02 -8.638442e+01
     vertex -1.861000e+02  4.699667e+02 -8.654629e+01
   endloop
 endfacet
 facet normal -0.000000e+00  4.347475e-01  9.005524e-01
   outer loop
     vertex -1.896000e+02  4.684946e+02 -8.604380e+01
     vertex -1.861000e+02  4.684946e+02 -8.604380e+01
     vertex -1.861000e+02  4.692002e+02 -8.638442e+01
   endloop
 endfacet
 facet normal -0.000000e+00  6.376309e-01  7.703421e-01
   outer loop
     vertex -1.896000e+02  4.684946e+02 -8.604380e+01
     vertex -1.861000e+02  4.678910e+02 -8.554423e+01
     vertex -1.861000e+02  4.684946e+02 -8.604380e+01
   endloop
 endfacet
 facet normal  0.000000e+00  4.347475e-01  9.005524e-01
   outer loop
     vertex -1.896000e+02  4.684946e+02 -8.604380e+01
     vertex -1.861000e+02  4.692002e+02 -8.638442e+01
     vertex -1.896000e+02  4.692002e+02 -8.638442e+01
   endloop
 endfacet
 facet normal -1.035575e-14  6.376309e-01  7.703421e-01
   outer loop
     vertex -1.896000e+02  4.678910e+02 -8.554423e+01
     vertex -1.861000e+02  4.678910e+02 -8.554423e+01
     vertex -1.896000e+02  4.684946e+02 -8.604380e+01
   endloop
 endfacet
 facet normal -0.000000e+00  8.034574e-01  5.953623e-01
   outer loop
     vertex -1.896000e+02  4.674246e+02 -8.491473e+01
     vertex -1.861000e+02  4.674246e+02 -8.491473e+01
     vertex -1.861000e+02  4.678910e+02 -8.554423e+01
   endloop
 endfacet
 facet normal -1.303663e-14  8.034574e-01  5.953623e-01
   outer loop
     vertex -1.896000e+02  4.674246e+02 -8.491473e+01
     vertex -1.861000e+02  4.678910e+02 -8.554423e+01
     vertex -1.896000e+02  4.678910e+02 -8.554423e+01
   endloop
 endfacet
 facet normal -0.000000e+00  9.225899e-01  3.857822e-01
   outer loop
     vertex -1.896000e+02  4.671223e+02 -8.419189e+01
     vertex -1.861000e+02  4.671223e+02 -8.419189e+01
     vertex -1.861000e+02  4.674246e+02 -8.491473e+01
   endloop
 endfacet
 facet normal -0.000000e+00  9.881048e-01  1.537818e-01
   outer loop
     vertex -1.896000e+02  4.671223e+02 -8.419189e+01
     vertex -1.861000e+02  4.670018e+02 -8.341772e+01
     vertex -1.861000e+02  4.671223e+02 -8.419189e+01
   endloop
 endfacet
 facet normal  0.000000e+00  9.225899e-01  3.857822e-01
   outer loop
     vertex -1.896000e+02  4.671223e+02 -8.419189e+01
     vertex -1.861000e+02  4.674246e+02 -8.491473e+01
     vertex -1.896000e+02  4.674246e+02 -8.491473e+01
   endloop
 endfacet
 facet normal -1.542340e-14  9.881048e-01  1.537818e-01
   outer loop
     vertex -1.896000e+02  4.670018e+02 -8.341772e+01
     vertex -1.861000e+02  4.670018e+02 -8.341772e+01
     vertex -1.896000e+02  4.671223e+02 -8.419189e+01
   endloop
 endfacet
 facet normal  0.000000e+00  9.961947e-01 -8.715574e-02
   outer loop
     vertex -1.896000e+02  4.670701e+02 -8.263721e+01
     vertex -1.861000e+02  4.670701e+02 -8.263721e+01
     vertex -1.861000e+02  4.670018e+02 -8.341772e+01
   endloop
 endfacet
 facet normal -1.653365e-14  9.961947e-01 -8.715574e-02
   outer loop
     vertex -1.896000e+02  4.670701e+02 -8.263721e+01
     vertex -1.861000e+02  4.670018e+02 -8.341772e+01
     vertex -1.896000e+02  4.670018e+02 -8.341772e+01
   endloop
 endfacet
 facet normal  0.000000e+00  9.463894e-01 -3.230282e-01
   outer loop
     vertex -1.896000e+02  4.673232e+02 -8.189573e+01
     vertex -1.861000e+02  4.673232e+02 -8.189573e+01
     vertex -1.861000e+02  4.670701e+02 -8.263721e+01
   endloop
 endfacet
 facet normal  0.000000e+00  9.463894e-01 -3.230282e-01
   outer loop
     vertex -1.896000e+02  4.673232e+02 -8.189573e+01
     vertex -1.861000e+02  4.670701e+02 -8.263721e+01
     vertex -1.896000e+02  4.670701e+02 -8.263721e+01
   endloop
 endfacet
 facet normal  0.000000e+00  8.415833e-01 -5.401273e-01
   outer loop
     vertex -1.896000e+02  4.677464e+02 -8.123636e+01
     vertex -1.861000e+02  4.677464e+02 -8.123636e+01
     vertex -1.861000e+02  4.673232e+02 -8.189573e+01
   endloop
 endfacet
 facet normal  0.000000e+00  8.415833e-01 -5.401273e-01
   outer loop
     vertex -1.896000e+02  4.677464e+02 -8.123636e+01
     vertex -1.861000e+02  4.673232e+02 -8.189573e+01
     vertex -1.896000e+02  4.673232e+02 -8.189573e+01
   endloop
 endfacet
 facet normal  0.000000e+00  6.878675e-01 -7.258363e-01
   outer loop
     vertex -1.896000e+02  4.683151e+02 -8.069742e+01
     vertex -1.861000e+02  4.683151e+02 -8.069742e+01
     vertex -1.861000e+02  4.677464e+02 -8.123636e+01
   endloop
 endfacet
 facet normal  0.000000e+00  6.878675e-01 -7.258363e-01
   outer loop
     vertex -1.896000e+02  4.683151e+02 -8.069742e+01
     vertex -1.861000e+02  4.677464e+02 -8.123636e+01
     vertex -1.896000e+02  4.677464e+02 -8.123636e+01
   endloop
 endfacet
 facet normal  0.000000e+00  4.941753e-01 -8.693623e-01
   outer loop
     vertex -1.896000e+02  4.689962e+02 -8.031024e+01
     vertex -1.861000e+02  4.689962e+02 -8.031024e+01
     vertex -1.861000e+02  4.683151e+02 -8.069742e+01
   endloop
 endfacet
 facet normal  0.000000e+00  4.941753e-01 -8.693623e-01
   outer loop
     vertex -1.896000e+02  4.689962e+02 -8.031024e+01
     vertex -1.861000e+02  4.683151e+02 -8.069742e+01
     vertex -1.896000e+02  4.683151e+02 -8.069742e+01
   endloop
 endfacet
 facet normal  0.000000e+00  2.717635e-01 -9.623641e-01
   outer loop
     vertex -1.896000e+02  4.697502e+02 -8.009732e+01
     vertex -1.861000e+02  4.697502e+02 -8.009732e+01
     vertex -1.861000e+02  4.689962e+02 -8.031024e+01
   endloop
 endfacet
 facet normal  0.000000e+00  2.717635e-01 -9.623641e-01
   outer loop
     vertex -1.896000e+02  4.697502e+02 -8.009732e+01
     vertex -1.861000e+02  4.689962e+02 -8.031024e+01
     vertex -1.896000e+02  4.689962e+02 -8.031024e+01
   endloop
 endfacet
 facet normal  0.000000e+00  3.355772e-02 -9.994368e-01
   outer loop
     vertex -1.896000e+02  4.705333e+02 -8.007102e+01
     vertex -1.861000e+02  4.705333e+02 -8.007102e+01
     vertex -1.861000e+02  4.697502e+02 -8.009732e+01
   endloop
 endfacet
 facet normal  0.000000e+00  3.355772e-02 -9.994368e-01
   outer loop
     vertex -1.896000e+02  4.705333e+02 -8.007102e+01
     vertex -1.861000e+02  4.697502e+02 -8.009732e+01
     vertex -1.896000e+02  4.697502e+02 -8.009732e+01
   endloop
 endfacet
 facet normal -1.000000e+00 -2.513625e-14  2.652372e-14
   outer loop
     vertex -1.861000e+02  4.714839e+02 -8.213928e+01
     vertex -1.861000e+02  4.720054e+02 -8.057351e+01
     vertex -1.861000e+02  4.726090e+02 -8.107309e+01
   endloop
 endfacet
 facet normal -1.000000e+00  0.000000e+00  0.000000e+00
   outer loop
     vertex -1.861000e+02  4.717279e+02 -8.246856e+01
     vertex -1.861000e+02  4.726090e+02 -8.107309e+01
     vertex -1.861000e+02  4.730754e+02 -8.170259e+01
   endloop
 endfacet
 facet normal -1.000000e+00  0.000000e+00  0.000000e+00
   outer loop
     vertex -1.861000e+02  4.717279e+02 -8.246856e+01
     vertex -1.861000e+02  4.714839e+02 -8.213928e+01
     vertex -1.861000e+02  4.726090e+02 -8.107309e+01
   endloop
 endfacet
 facet normal -1.000000e+00  1.177785e-14  1.422919e-14
   outer loop
     vertex -1.861000e+02  4.711682e+02 -8.187797e+01
     vertex -1.861000e+02  4.720054e+02 -8.057351e+01
     vertex -1.861000e+02  4.714839e+02 -8.213928e+01
   endloop
 endfacet
 facet normal -1.000000e+00  0.000000e+00  0.000000e+00
   outer loop
     vertex -1.861000e+02  4.718860e+02 -8.284666e+01
     vertex -1.861000e+02  4.730754e+02 -8.170259e+01
     vertex -1.861000e+02  4.733777e+02 -8.242543e+01
   endloop
 endfacet
 facet normal -1.000000e+00  0.000000e+00  0.000000e+00
   outer loop
     vertex -1.861000e+02  4.718860e+02 -8.284666e+01
     vertex -1.861000e+02  4.717279e+02 -8.246856e+01
     vertex -1.861000e+02  4.730754e+02 -8.170259e+01
   endloop
 endfacet
 facet normal -1.000000e+00  0.000000e+00  0.000000e+00
   outer loop
     vertex -1.861000e+02  4.707991e+02 -8.169980e+01
     vertex -1.861000e+02  4.705333e+02 -8.007102e+01
     vertex -1.861000e+02  4.712998e+02 -8.023289e+01
   endloop
 endfacet
 facet normal -1.000000e+00  0.000000e+00  0.000000e+00
   outer loop
     vertex -1.861000e+02  4.707991e+02 -8.169980e+01
     vertex -1.861000e+02  4.712998e+02 -8.023289e+01
     vertex -1.861000e+02  4.720054e+02 -8.057351e+01
   endloop
 endfacet
 facet normal -1.000000e+00 -5.076289e-14  5.436777e-14
   outer loop
     vertex -1.861000e+02  4.707991e+02 -8.169980e+01
     vertex -1.861000e+02  4.720054e+02 -8.057351e+01
     vertex -1.861000e+02  4.711682e+02 -8.187797e+01
   endloop
 endfacet
 facet normal -1.000000e+00  0.000000e+00  0.000000e+00
   outer loop
     vertex -1.861000e+02  4.719490e+02 -8.325161e+01
     vertex -1.861000e+02  4.733777e+02 -8.242543e+01
     vertex -1.861000e+02  4.734982e+02 -8.319959e+01
   endloop
 endfacet
 facet normal -1.000000e+00  0.000000e+00  0.000000e+00
   outer loop
     vertex -1.861000e+02  4.719490e+02 -8.325161e+01
     vertex -1.861000e+02  4.718860e+02 -8.284666e+01
     vertex -1.861000e+02  4.733777e+02 -8.242543e+01
   endloop
 endfacet
 facet normal -1.000000e+00  0.000000e+00  0.000000e+00
   outer loop
     vertex -1.861000e+02  4.703982e+02 -8.161513e+01
     vertex -1.861000e+02  4.705333e+02 -8.007102e+01
     vertex -1.861000e+02  4.707991e+02 -8.169980e+01
   endloop
 endfacet
 facet normal -1.000000e+00  0.000000e+00  0.000000e+00
   outer loop
     vertex -1.861000e+02  4.719133e+02 -8.365987e+01
     vertex -1.861000e+02  4.734982e+02 -8.319959e+01
     vertex -1.861000e+02  4.734299e+02 -8.398010e+01
   endloop
 endfacet
 facet normal -1.000000e+00  0.000000e+00  0.000000e+00
   outer loop
     vertex -1.861000e+02  4.719133e+02 -8.365987e+01
     vertex -1.861000e+02  4.719490e+02 -8.325161e+01
     vertex -1.861000e+02  4.734982e+02 -8.319959e+01
   endloop
 endfacet
 facet normal -1.000000e+00  0.000000e+00  0.000000e+00
   outer loop
     vertex -1.861000e+02  4.699886e+02 -8.162888e+01
     vertex -1.861000e+02  4.697502e+02 -8.009732e+01
     vertex -1.861000e+02  4.705333e+02 -8.007102e+01
   endloop
 endfacet
 facet normal -1.000000e+00  0.000000e+00  0.000000e+00
   outer loop
     vertex -1.861000e+02  4.699886e+02 -8.162888e+01
     vertex -1.861000e+02  4.705333e+02 -8.007102e+01
     vertex -1.861000e+02  4.703982e+02 -8.161513e+01
   endloop
 endfacet
 facet normal -1.000000e+00  0.000000e+00  0.000000e+00
   outer loop
     vertex -1.861000e+02  4.717809e+02 -8.404773e+01
     vertex -1.861000e+02  4.734299e+02 -8.398010e+01
     vertex -1.861000e+02  4.731768e+02 -8.472159e+01
   endloop
 endfacet
 facet normal -1.000000e+00  0.000000e+00  0.000000e+00
   outer loop
     vertex -1.861000e+02  4.717809e+02 -8.404773e+01
     vertex -1.861000e+02  4.719133e+02 -8.365987e+01
     vertex -1.861000e+02  4.734299e+02 -8.398010e+01
   endloop
 endfacet
 facet normal -1.000000e+00  0.000000e+00  0.000000e+00
   outer loop
     vertex -1.861000e+02  4.695942e+02 -8.174025e+01
     vertex -1.861000e+02  4.689962e+02 -8.031024e+01
     vertex -1.861000e+02  4.697502e+02 -8.009732e+01
   endloop
 endfacet
 facet normal -1.000000e+00  0.000000e+00  0.000000e+00
   outer loop
     vertex -1.861000e+02  4.695942e+02 -8.174025e+01
     vertex -1.861000e+02  4.697502e+02 -8.009732e+01
     vertex -1.861000e+02  4.699886e+02 -8.162888e+01
   endloop
 endfacet
 facet normal -1.000000e+00  0.000000e+00  0.000000e+00
   outer loop
     vertex -1.861000e+02  4.715596e+02 -8.439263e+01
     vertex -1.861000e+02  4.731768e+02 -8.472159e+01
     vertex -1.861000e+02  4.727536e+02 -8.538096e+01
   endloop
 endfacet
 facet normal -1.000000e+00  0.000000e+00  0.000000e+00
   outer loop
     vertex -1.861000e+02  4.715596e+02 -8.439263e+01
     vertex -1.861000e+02  4.717809e+02 -8.404773e+01
     vertex -1.861000e+02  4.731768e+02 -8.472159e+01
   endloop
 endfacet
 facet normal -1.000000e+00  0.000000e+00  0.000000e+00
   outer loop
     vertex -1.861000e+02  4.692379e+02 -8.194278e+01
     vertex -1.861000e+02  4.683151e+02 -8.069742e+01
     vertex -1.861000e+02  4.689962e+02 -8.031024e+01
   endloop
 endfacet
 facet normal -1.000000e+00  0.000000e+00  0.000000e+00
   outer loop
     vertex -1.861000e+02  4.692379e+02 -8.194278e+01
     vertex -1.861000e+02  4.689962e+02 -8.031024e+01
     vertex -1.861000e+02  4.695942e+02 -8.174025e+01
   endloop
 endfacet
 facet normal -1.000000e+00  0.000000e+00  0.000000e+00
   outer loop
     vertex -1.861000e+02  4.721849e+02 -8.591989e+01
     vertex -1.861000e+02  4.712621e+02 -8.467453e+01
     vertex -1.861000e+02  4.715596e+02 -8.439263e+01
   endloop
 endfacet
 facet normal -1.000000e+00  0.000000e+00  0.000000e+00
   outer loop
     vertex -1.861000e+02  4.721849e+02 -8.591989e+01
     vertex -1.861000e+02  4.715596e+02 -8.439263e+01
     vertex -1.861000e+02  4.727536e+02 -8.538096e+01
   endloop
 endfacet
 facet normal -1.000000e+00  0.000000e+00  0.000000e+00
   outer loop
     vertex -1.861000e+02  4.689404e+02 -8.222468e+01
     vertex -1.861000e+02  4.683151e+02 -8.069742e+01
     vertex -1.861000e+02  4.692379e+02 -8.194278e+01
   endloop
 endfacet
 facet normal -1.000000e+00  0.000000e+00  0.000000e+00
   outer loop
     vertex -1.861000e+02  4.677464e+02 -8.123636e+01
     vertex -1.861000e+02  4.683151e+02 -8.069742e+01
     vertex -1.861000e+02  4.689404e+02 -8.222468e+01
   endloop
 endfacet
 facet normal -1.000000e+00 -2.936017e-14 -2.175590e-14
   outer loop
     vertex -1.861000e+02  4.715038e+02 -8.630707e+01
     vertex -1.861000e+02  4.712621e+02 -8.467453e+01
     vertex -1.861000e+02  4.721849e+02 -8.591989e+01
   endloop
 endfacet
 facet normal -1.000000e+00  9.128042e-15 -1.605822e-14
   outer loop
     vertex -1.861000e+02  4.715038e+02 -8.630707e+01
     vertex -1.861000e+02  4.709058e+02 -8.487706e+01
     vertex -1.861000e+02  4.712621e+02 -8.467453e+01
   endloop
 endfacet
 facet normal -1.000000e+00  5.019815e-15 -1.777608e-14
   outer loop
     vertex -1.861000e+02  4.715038e+02 -8.630707e+01
     vertex -1.861000e+02  4.705114e+02 -8.498844e+01
     vertex -1.861000e+02  4.709058e+02 -8.487706e+01
   endloop
 endfacet
 facet normal -1.000000e+00  0.000000e+00  0.000000e+00
   outer loop
     vertex -1.861000e+02  4.673232e+02 -8.189573e+01
     vertex -1.861000e+02  4.677464e+02 -8.123636e+01
     vertex -1.861000e+02  4.689404e+02 -8.222468e+01
   endloop
 endfacet
 facet normal -1.000000e+00  0.000000e+00  0.000000e+00
   outer loop
     vertex -1.861000e+02  4.673232e+02 -8.189573e+01
     vertex -1.861000e+02  4.689404e+02 -8.222468e+01
     vertex -1.861000e+02  4.687191e+02 -8.256959e+01
   endloop
 endfacet
 facet normal -1.000000e+00  5.019815e-15 -1.777608e-14
   outer loop
     vertex -1.861000e+02  4.707498e+02 -8.652000e+01
     vertex -1.861000e+02  4.705114e+02 -8.498844e+01
     vertex -1.861000e+02  4.715038e+02 -8.630707e+01
   endloop
 endfacet
 facet normal -1.000000e+00  0.000000e+00  0.000000e+00
   outer loop
     vertex -1.861000e+02  4.670701e+02 -8.263721e+01
     vertex -1.861000e+02  4.673232e+02 -8.189573e+01
     vertex -1.861000e+02  4.687191e+02 -8.256959e+01
   endloop
 endfacet
 facet normal -1.000000e+00  0.000000e+00  0.000000e+00
   outer loop
     vertex -1.861000e+02  4.670701e+02 -8.263721e+01
     vertex -1.861000e+02  4.687191e+02 -8.256959e+01
     vertex -1.861000e+02  4.685867e+02 -8.295744e+01
   endloop
 endfacet
 facet normal -1.000000e+00  6.198535e-16 -1.846086e-14
   outer loop
     vertex -1.861000e+02  4.699667e+02 -8.654629e+01
     vertex -1.861000e+02  4.705114e+02 -8.498844e+01
     vertex -1.861000e+02  4.707498e+02 -8.652000e+01
   endloop
 endfacet
 facet normal -1.000000e+00 -6.959441e-14  6.088722e-15
   outer loop
     vertex -1.861000e+02  4.699667e+02 -8.654629e+01
     vertex -1.861000e+02  4.701018e+02 -8.500219e+01
     vertex -1.861000e+02  4.705114e+02 -8.498844e+01
   endloop
 endfacet
 facet normal -1.000000e+00  0.000000e+00  0.000000e+00
   outer loop
     vertex -1.861000e+02  4.670018e+02 -8.341772e+01
     vertex -1.861000e+02  4.670701e+02 -8.263721e+01
     vertex -1.861000e+02  4.685867e+02 -8.295744e+01
   endloop
 endfacet
 facet normal -1.000000e+00  0.000000e+00  0.000000e+00
   outer loop
     vertex -1.861000e+02  4.670018e+02 -8.341772e+01
     vertex -1.861000e+02  4.685867e+02 -8.295744e+01
     vertex -1.861000e+02  4.685510e+02 -8.336571e+01
   endloop
 endfacet
 facet normal -1.000000e+00  0.000000e+00  0.000000e+00
   outer loop
     vertex -1.861000e+02  4.692002e+02 -8.638442e+01
     vertex -1.861000e+02  4.697009e+02 -8.491752e+01
     vertex -1.861000e+02  4.701018e+02 -8.500219e+01
   endloop
 endfacet
 facet normal -1.000000e+00  0.000000e+00  0.000000e+00
   outer loop
     vertex -1.861000e+02  4.692002e+02 -8.638442e+01
     vertex -1.861000e+02  4.701018e+02 -8.500219e+01
     vertex -1.861000e+02  4.699667e+02 -8.654629e+01
   endloop
 endfacet
 facet normal -1.000000e+00  0.000000e+00  0.000000e+00
   outer loop
     vertex -1.861000e+02  4.692002e+02 -8.638442e+01
     vertex -1.861000e+02  4.693318e+02 -8.473935e+01
     vertex -1.861000e+02  4.697009e+02 -8.491752e+01
   endloop
 endfacet
 facet normal -1.000000e+00  0.000000e+00  0.000000e+00
   outer loop
     vertex -1.861000e+02  4.671223e+02 -8.419189e+01
     vertex -1.861000e+02  4.685510e+02 -8.336571e+01
     vertex -1.861000e+02  4.686140e+02 -8.377065e+01
   endloop
 endfacet
 facet normal -1.000000e+00  0.000000e+00  0.000000e+00
   outer loop
     vertex -1.861000e+02  4.671223e+02 -8.419189e+01
     vertex -1.861000e+02  4.670018e+02 -8.341772e+01
     vertex -1.861000e+02  4.685510e+02 -8.336571e+01
   endloop
 endfacet
 facet normal -1.000000e+00  0.000000e+00  0.000000e+00
   outer loop
     vertex -1.861000e+02  4.684946e+02 -8.604380e+01
     vertex -1.861000e+02  4.693318e+02 -8.473935e+01
     vertex -1.861000e+02  4.692002e+02 -8.638442e+01
   endloop
 endfacet
 facet normal -1.000000e+00  0.000000e+00  0.000000e+00
   outer loop
     vertex -1.861000e+02  4.674246e+02 -8.491473e+01
     vertex -1.861000e+02  4.671223e+02 -8.419189e+01
     vertex -1.861000e+02  4.686140e+02 -8.377065e+01
   endloop
 endfacet
 facet normal -1.000000e+00  0.000000e+00  0.000000e+00
   outer loop
     vertex -1.861000e+02  4.674246e+02 -8.491473e+01
     vertex -1.861000e+02  4.686140e+02 -8.377065e+01
     vertex -1.861000e+02  4.687721e+02 -8.414876e+01
   endloop
 endfacet
 facet normal -1.000000e+00  0.000000e+00  0.000000e+00
   outer loop
     vertex -1.861000e+02  4.678910e+02 -8.554423e+01
     vertex -1.861000e+02  4.690161e+02 -8.447803e+01
     vertex -1.861000e+02  4.693318e+02 -8.473935e+01
   endloop
 endfacet
 facet normal -1.000000e+00  0.000000e+00  0.000000e+00
   outer loop
     vertex -1.861000e+02  4.678910e+02 -8.554423e+01
     vertex -1.861000e+02  4.687721e+02 -8.414876e+01
     vertex -1.861000e+02  4.690161e+02 -8.447803e+01
   endloop
 endfacet
 facet normal -1.000000e+00  0.000000e+00  0.000000e+00
   outer loop
     vertex -1.861000e+02  4.678910e+02 -8.554423e+01
     vertex -1.861000e+02  4.674246e+02 -8.491473e+01
     vertex -1.861000e+02  4.687721e+02 -8.414876e+01
   endloop
 endfacet
 facet normal -1.000000e+00  0.000000e+00  0.000000e+00
   outer loop
     vertex -1.861000e+02  4.678910e+02 -8.554423e+01
     vertex -1.861000e+02  4.693318e+02 -8.473935e+01
     vertex -1.861000e+02  4.684946e+02 -8.604380e+01
   endloop
 endfacet
 facet normal  0.000000e+00  2.065983e-01  9.784259e-01
   outer loop
     vertex -1.896000e+02  4.827002e+02 -8.638442e+01
     vertex -1.861000e+02  4.834667e+02 -8.654629e+01
     vertex -1.896000e+02  4.834667e+02 -8.654629e+01
   endloop
 endfacet
 facet normal -0.000000e+00  2.065983e-01  9.784259e-01
   outer loop
     vertex -1.896000e+02  4.827002e+02 -8.638442e+01
     vertex -1.861000e+02  4.827002e+02 -8.638442e+01
     vertex -1.861000e+02  4.834667e+02 -8.654629e+01
   endloop
 endfacet
 facet normal -7.060725e-15  4.347475e-01  9.005524e-01
   outer loop
     vertex -1.896000e+02  4.819946e+02 -8.604380e+01
     vertex -1.861000e+02  4.819946e+02 -8.604380e+01
     vertex -1.861000e+02  4.827002e+02 -8.638442e+01
   endloop
 endfacet
 facet normal -1.035575e-14  6.376309e-01  7.703421e-01
   outer loop
     vertex -1.896000e+02  4.819946e+02 -8.604380e+01
     vertex -1.861000e+02  4.813910e+02 -8.554423e+01
     vertex -1.861000e+02  4.819946e+02 -8.604380e+01
   endloop
 endfacet
 facet normal  0.000000e+00  4.347475e-01  9.005524e-01
   outer loop
     vertex -1.896000e+02  4.819946e+02 -8.604380e+01
     vertex -1.861000e+02  4.827002e+02 -8.638442e+01
     vertex -1.896000e+02  4.827002e+02 -8.638442e+01
   endloop
 endfacet
 facet normal -1.035575e-14  6.376309e-01  7.703421e-01
   outer loop
     vertex -1.896000e+02  4.813910e+02 -8.554423e+01
     vertex -1.861000e+02  4.813910e+02 -8.554423e+01
     vertex -1.896000e+02  4.819946e+02 -8.604380e+01
   endloop
 endfacet
 facet normal -0.000000e+00  8.034574e-01  5.953623e-01
   outer loop
     vertex -1.896000e+02  4.809246e+02 -8.491473e+01
     vertex -1.861000e+02  4.809246e+02 -8.491473e+01
     vertex -1.861000e+02  4.813910e+02 -8.554423e+01
   endloop
 endfacet
 facet normal -1.305688e-14  8.034574e-01  5.953623e-01
   outer loop
     vertex -1.896000e+02  4.809246e+02 -8.491473e+01
     vertex -1.861000e+02  4.813910e+02 -8.554423e+01
     vertex -1.896000e+02  4.813910e+02 -8.554423e+01
   endloop
 endfacet
 facet normal -2.996752e-14  9.225899e-01  3.857822e-01
   outer loop
     vertex -1.896000e+02  4.806223e+02 -8.419189e+01
     vertex -1.861000e+02  4.806223e+02 -8.419189e+01
     vertex -1.861000e+02  4.809246e+02 -8.491473e+01
   endloop
 endfacet
 facet normal -3.209558e-14  9.881048e-01  1.537818e-01
   outer loop
     vertex -1.896000e+02  4.806223e+02 -8.419189e+01
     vertex -1.861000e+02  4.805018e+02 -8.341772e+01
     vertex -1.861000e+02  4.806223e+02 -8.419189e+01
   endloop
 endfacet
 facet normal  0.000000e+00  9.225899e-01  3.857822e-01
   outer loop
     vertex -1.896000e+02  4.806223e+02 -8.419189e+01
     vertex -1.861000e+02  4.809246e+02 -8.491473e+01
     vertex -1.896000e+02  4.809246e+02 -8.491473e+01
   endloop
 endfacet
 facet normal -0.000000e+00  9.881048e-01  1.537818e-01
   outer loop
     vertex -1.896000e+02  4.805018e+02 -8.341772e+01
     vertex -1.861000e+02  4.805018e+02 -8.341772e+01
     vertex -1.896000e+02  4.806223e+02 -8.419189e+01
   endloop
 endfacet
 facet normal  0.000000e+00  9.961947e-01 -8.715574e-02
   outer loop
     vertex -1.896000e+02  4.805701e+02 -8.263721e+01
     vertex -1.861000e+02  4.805701e+02 -8.263721e+01
     vertex -1.861000e+02  4.805018e+02 -8.341772e+01
   endloop
 endfacet
 facet normal  0.000000e+00  9.961947e-01 -8.715574e-02
   outer loop
     vertex -1.896000e+02  4.805701e+02 -8.263721e+01
     vertex -1.861000e+02  4.805018e+02 -8.341772e+01
     vertex -1.896000e+02  4.805018e+02 -8.341772e+01
   endloop
 endfacet
 facet normal  0.000000e+00  9.463894e-01 -3.230282e-01
   outer loop
     vertex -1.896000e+02  4.808232e+02 -8.189573e+01
     vertex -1.861000e+02  4.808232e+02 -8.189573e+01
     vertex -1.861000e+02  4.805701e+02 -8.263721e+01
   endloop
 endfacet
 facet normal  0.000000e+00  9.463894e-01 -3.230282e-01
   outer loop
     vertex -1.896000e+02  4.808232e+02 -8.189573e+01
     vertex -1.861000e+02  4.805701e+02 -8.263721e+01
     vertex -1.896000e+02  4.805701e+02 -8.263721e+01
   endloop
 endfacet
 facet normal  0.000000e+00  8.415833e-01 -5.401273e-01
   outer loop
     vertex -1.896000e+02  4.812464e+02 -8.123636e+01
     vertex -1.861000e+02  4.812464e+02 -8.123636e+01
     vertex -1.861000e+02  4.808232e+02 -8.189573e+01
   endloop
 endfacet
 facet normal  0.000000e+00  8.415833e-01 -5.401273e-01
   outer loop
     vertex -1.896000e+02  4.812464e+02 -8.123636e+01
     vertex -1.861000e+02  4.808232e+02 -8.189573e+01
     vertex -1.896000e+02  4.808232e+02 -8.189573e+01
   endloop
 endfacet
 facet normal  0.000000e+00  6.878675e-01 -7.258363e-01
   outer loop
     vertex -1.896000e+02  4.818151e+02 -8.069742e+01
     vertex -1.861000e+02  4.818151e+02 -8.069742e+01
     vertex -1.861000e+02  4.812464e+02 -8.123636e+01
   endloop
 endfacet
 facet normal  0.000000e+00  6.878675e-01 -7.258363e-01
   outer loop
     vertex -1.896000e+02  4.818151e+02 -8.069742e+01
     vertex -1.861000e+02  4.812464e+02 -8.123636e+01
     vertex -1.896000e+02  4.812464e+02 -8.123636e+01
   endloop
 endfacet
 facet normal  0.000000e+00  4.941753e-01 -8.693623e-01
   outer loop
     vertex -1.896000e+02  4.824962e+02 -8.031024e+01
     vertex -1.861000e+02  4.824962e+02 -8.031024e+01
     vertex -1.861000e+02  4.818151e+02 -8.069742e+01
   endloop
 endfacet
 facet normal  0.000000e+00  4.941753e-01 -8.693623e-01
   outer loop
     vertex -1.896000e+02  4.824962e+02 -8.031024e+01
     vertex -1.861000e+02  4.818151e+02 -8.069742e+01
     vertex -1.896000e+02  4.818151e+02 -8.069742e+01
   endloop
 endfacet
 facet normal  0.000000e+00  2.717635e-01 -9.623641e-01
   outer loop
     vertex -1.896000e+02  4.832502e+02 -8.009732e+01
     vertex -1.861000e+02  4.832502e+02 -8.009732e+01
     vertex -1.861000e+02  4.824962e+02 -8.031024e+01
   endloop
 endfacet
 facet normal  0.000000e+00  2.717635e-01 -9.623641e-01
   outer loop
     vertex -1.896000e+02  4.832502e+02 -8.009732e+01
     vertex -1.861000e+02  4.824962e+02 -8.031024e+01
     vertex -1.896000e+02  4.824962e+02 -8.031024e+01
   endloop
 endfacet
 facet normal  0.000000e+00  3.355772e-02 -9.994368e-01
   outer loop
     vertex -1.896000e+02  4.840333e+02 -8.007102e+01
     vertex -1.861000e+02  4.840333e+02 -8.007102e+01
     vertex -1.861000e+02  4.832502e+02 -8.009732e+01
   endloop
 endfacet
 facet normal  0.000000e+00  3.355772e-02 -9.994368e-01
   outer loop
     vertex -1.896000e+02  4.840333e+02 -8.007102e+01
     vertex -1.861000e+02  4.832502e+02 -8.009732e+01
     vertex -1.896000e+02  4.832502e+02 -8.009732e+01
   endloop
 endfacet
 facet normal -1.000000e+00  0.000000e+00  0.000000e+00
   outer loop
     vertex -1.861000e+02  4.849839e+02 -8.213928e+01
     vertex -1.861000e+02  4.861090e+02 -8.107309e+01
     vertex -1.861000e+02  4.865754e+02 -8.170259e+01
   endloop
 endfacet
 facet normal -1.000000e+00  0.000000e+00  0.000000e+00
   outer loop
     vertex -1.861000e+02  4.852279e+02 -8.246856e+01
     vertex -1.861000e+02  4.865754e+02 -8.170259e+01
     vertex -1.861000e+02  4.868777e+02 -8.242543e+01
   endloop
 endfacet
 facet normal -1.000000e+00  0.000000e+00  0.000000e+00
   outer loop
     vertex -1.861000e+02  4.852279e+02 -8.246856e+01
     vertex -1.861000e+02  4.849839e+02 -8.213928e+01
     vertex -1.861000e+02  4.865754e+02 -8.170259e+01
   endloop
 endfacet
 facet normal -1.000000e+00  0.000000e+00  0.000000e+00
   outer loop
     vertex -1.861000e+02  4.846682e+02 -8.187797e+01
     vertex -1.861000e+02  4.855054e+02 -8.057351e+01
     vertex -1.861000e+02  4.861090e+02 -8.107309e+01
   endloop
 endfacet
 facet normal -1.000000e+00  0.000000e+00  0.000000e+00
   outer loop
     vertex -1.861000e+02  4.846682e+02 -8.187797e+01
     vertex -1.861000e+02  4.861090e+02 -8.107309e+01
     vertex -1.861000e+02  4.849839e+02 -8.213928e+01
   endloop
 endfacet
 facet normal -1.000000e+00  0.000000e+00  0.000000e+00
   outer loop
     vertex -1.861000e+02  4.853860e+02 -8.284666e+01
     vertex -1.861000e+02  4.852279e+02 -8.246856e+01
     vertex -1.861000e+02  4.868777e+02 -8.242543e+01
   endloop
 endfacet
 facet normal -1.000000e+00  0.000000e+00  0.000000e+00
   outer loop
     vertex -1.861000e+02  4.842991e+02 -8.169980e+01
     vertex -1.861000e+02  4.847998e+02 -8.023289e+01
     vertex -1.861000e+02  4.855054e+02 -8.057351e+01
   endloop
 endfacet
 facet normal -1.000000e+00  0.000000e+00  0.000000e+00
   outer loop
     vertex -1.861000e+02  4.842991e+02 -8.169980e+01
     vertex -1.861000e+02  4.855054e+02 -8.057351e+01
     vertex -1.861000e+02  4.846682e+02 -8.187797e+01
   endloop
 endfacet
 facet normal -1.000000e+00  0.000000e+00  0.000000e+00
   outer loop
     vertex -1.861000e+02  4.854490e+02 -8.325161e+01
     vertex -1.861000e+02  4.868777e+02 -8.242543e+01
     vertex -1.861000e+02  4.869982e+02 -8.319959e+01
   endloop
 endfacet
 facet normal -1.000000e+00  0.000000e+00  0.000000e+00
   outer loop
     vertex -1.861000e+02  4.854490e+02 -8.325161e+01
     vertex -1.861000e+02  4.853860e+02 -8.284666e+01
     vertex -1.861000e+02  4.868777e+02 -8.242543e+01
   endloop
 endfacet
 facet normal -1.000000e+00 -2.877097e-14  3.933039e-14
   outer loop
     vertex -1.861000e+02  4.838982e+02 -8.161513e+01
     vertex -1.861000e+02  4.840333e+02 -8.007102e+01
     vertex -1.861000e+02  4.847998e+02 -8.023289e+01
   endloop
 endfacet
 facet normal -1.000000e+00  6.611500e-14 -2.256683e-14
   outer loop
     vertex -1.861000e+02  4.838982e+02 -8.161513e+01
     vertex -1.861000e+02  4.847998e+02 -8.023289e+01
     vertex -1.861000e+02  4.842991e+02 -8.169980e+01
   endloop
 endfacet
 facet normal -1.000000e+00  0.000000e+00  0.000000e+00
   outer loop
     vertex -1.861000e+02  4.854133e+02 -8.365987e+01
     vertex -1.861000e+02  4.869982e+02 -8.319959e+01
     vertex -1.861000e+02  4.869299e+02 -8.398010e+01
   endloop
 endfacet
 facet normal -1.000000e+00  0.000000e+00  0.000000e+00
   outer loop
     vertex -1.861000e+02  4.854133e+02 -8.365987e+01
     vertex -1.861000e+02  4.854490e+02 -8.325161e+01
     vertex -1.861000e+02  4.869982e+02 -8.319959e+01
   endloop
 endfacet
 facet normal -1.000000e+00  3.610761e-14  5.619540e-15
   outer loop
     vertex -1.861000e+02  4.834886e+02 -8.162888e+01
     vertex -1.861000e+02  4.832502e+02 -8.009732e+01
     vertex -1.861000e+02  4.840333e+02 -8.007102e+01
   endloop
 endfacet
 facet normal -1.000000e+00 -7.083412e-14  4.301044e-14
   outer loop
     vertex -1.861000e+02  4.834886e+02 -8.162888e+01
     vertex -1.861000e+02  4.840333e+02 -8.007102e+01
     vertex -1.861000e+02  4.838982e+02 -8.161513e+01
   endloop
 endfacet
 facet normal -1.000000e+00  0.000000e+00  0.000000e+00
   outer loop
     vertex -1.861000e+02  4.852809e+02 -8.404773e+01
     vertex -1.861000e+02  4.869299e+02 -8.398010e+01
     vertex -1.861000e+02  4.866768e+02 -8.472159e+01
   endloop
 endfacet
 facet normal -1.000000e+00  0.000000e+00  0.000000e+00
   outer loop
     vertex -1.861000e+02  4.852809e+02 -8.404773e+01
     vertex -1.861000e+02  4.854133e+02 -8.365987e+01
     vertex -1.861000e+02  4.869299e+02 -8.398010e+01
   endloop
 endfacet
 facet normal -1.000000e+00  0.000000e+00  0.000000e+00
   outer loop
     vertex -1.861000e+02  4.830942e+02 -8.174025e+01
     vertex -1.861000e+02  4.824962e+02 -8.031024e+01
     vertex -1.861000e+02  4.832502e+02 -8.009732e+01
   endloop
 endfacet
 facet normal -1.000000e+00  0.000000e+00  0.000000e+00
   outer loop
     vertex -1.861000e+02  4.830942e+02 -8.174025e+01
     vertex -1.861000e+02  4.832502e+02 -8.009732e+01
     vertex -1.861000e+02  4.834886e+02 -8.162888e+01
   endloop
 endfacet
 facet normal -1.000000e+00  0.000000e+00  0.000000e+00
   outer loop
     vertex -1.861000e+02  4.850596e+02 -8.439263e+01
     vertex -1.861000e+02  4.866768e+02 -8.472159e+01
     vertex -1.861000e+02  4.862536e+02 -8.538096e+01
   endloop
 endfacet
 facet normal -1.000000e+00  0.000000e+00  0.000000e+00
   outer loop
     vertex -1.861000e+02  4.850596e+02 -8.439263e+01
     vertex -1.861000e+02  4.852809e+02 -8.404773e+01
     vertex -1.861000e+02  4.866768e+02 -8.472159e+01
   endloop
 endfacet
 facet normal -1.000000e+00 -3.848821e-14 -5.697679e-15
   outer loop
     vertex -1.861000e+02  4.827379e+02 -8.194278e+01
     vertex -1.861000e+02  4.818151e+02 -8.069742e+01
     vertex -1.861000e+02  4.824962e+02 -8.031024e+01
   endloop
 endfacet
 facet normal -1.000000e+00  0.000000e+00  0.000000e+00
   outer loop
     vertex -1.861000e+02  4.827379e+02 -8.194278e+01
     vertex -1.861000e+02  4.824962e+02 -8.031024e+01
     vertex -1.861000e+02  4.830942e+02 -8.174025e+01
   endloop
 endfacet
 facet normal -1.000000e+00  0.000000e+00  0.000000e+00
   outer loop
     vertex -1.861000e+02  4.856849e+02 -8.591989e+01
     vertex -1.861000e+02  4.850596e+02 -8.439263e+01
     vertex -1.861000e+02  4.862536e+02 -8.538096e+01
   endloop
 endfacet
 facet normal -1.000000e+00  0.000000e+00  0.000000e+00
   outer loop
     vertex -1.861000e+02  4.856849e+02 -8.591989e+01
     vertex -1.861000e+02  4.847621e+02 -8.467453e+01
     vertex -1.861000e+02  4.850596e+02 -8.439263e+01
   endloop
 endfacet
 facet normal -1.000000e+00  0.000000e+00  0.000000e+00
   outer loop
     vertex -1.861000e+02  4.844058e+02 -8.487706e+01
     vertex -1.861000e+02  4.847621e+02 -8.467453e+01
     vertex -1.861000e+02  4.856849e+02 -8.591989e+01
   endloop
 endfacet
 facet normal -1.000000e+00 -1.270578e-14  1.340711e-14
   outer loop
     vertex -1.861000e+02  4.812464e+02 -8.123636e+01
     vertex -1.861000e+02  4.827379e+02 -8.194278e+01
     vertex -1.861000e+02  4.824404e+02 -8.222468e+01
   endloop
 endfacet
 facet normal -1.000000e+00 -1.270578e-14  1.340711e-14
   outer loop
     vertex -1.861000e+02  4.812464e+02 -8.123636e+01
     vertex -1.861000e+02  4.818151e+02 -8.069742e+01
     vertex -1.861000e+02  4.827379e+02 -8.194278e+01
   endloop
 endfacet
 facet normal -1.000000e+00 -1.554511e-14  9.976834e-15
   outer loop
     vertex -1.861000e+02  4.822191e+02 -8.256959e+01
     vertex -1.861000e+02  4.812464e+02 -8.123636e+01
     vertex -1.861000e+02  4.824404e+02 -8.222468e+01
   endloop
 endfacet
 facet normal -1.000000e+00  0.000000e+00  0.000000e+00
   outer loop
     vertex -1.861000e+02  4.850038e+02 -8.630707e+01
     vertex -1.861000e+02  4.844058e+02 -8.487706e+01
     vertex -1.861000e+02  4.856849e+02 -8.591989e+01
   endloop
 endfacet
 facet normal -1.000000e+00 -1.554511e-14  9.976834e-15
   outer loop
     vertex -1.861000e+02  4.808232e+02 -8.189573e+01
     vertex -1.861000e+02  4.812464e+02 -8.123636e+01
     vertex -1.861000e+02  4.822191e+02 -8.256959e+01
   endloop
 endfacet
 facet normal -1.000000e+00  0.000000e+00  0.000000e+00
   outer loop
     vertex -1.861000e+02  4.842498e+02 -8.652000e+01
     vertex -1.861000e+02  4.844058e+02 -8.487706e+01
     vertex -1.861000e+02  4.850038e+02 -8.630707e+01
   endloop
 endfacet
 facet normal -1.000000e+00  7.404907e-14 -7.032842e-15
   outer loop
     vertex -1.861000e+02  4.842498e+02 -8.652000e+01
     vertex -1.861000e+02  4.840114e+02 -8.498844e+01
     vertex -1.861000e+02  4.844058e+02 -8.487706e+01
   endloop
 endfacet
 facet normal -1.000000e+00 -1.748101e-14  5.966738e-15
   outer loop
     vertex -1.861000e+02  4.805701e+02 -8.263721e+01
     vertex -1.861000e+02  4.808232e+02 -8.189573e+01
     vertex -1.861000e+02  4.822191e+02 -8.256959e+01
   endloop
 endfacet
 facet normal -1.000000e+00 -1.748101e-14  5.966738e-15
   outer loop
     vertex -1.861000e+02  4.805701e+02 -8.263721e+01
     vertex -1.861000e+02  4.822191e+02 -8.256959e+01
     vertex -1.861000e+02  4.820867e+02 -8.295744e+01
   endloop
 endfacet
 facet normal -1.000000e+00  3.672746e-14 -1.284132e-14
   outer loop
     vertex -1.861000e+02  4.834667e+02 -8.654629e+01
     vertex -1.861000e+02  4.840114e+02 -8.498844e+01
     vertex -1.861000e+02  4.842498e+02 -8.652000e+01
   endloop
 endfacet
 facet normal -1.000000e+00  0.000000e+00  0.000000e+00
   outer loop
     vertex -1.861000e+02  4.834667e+02 -8.654629e+01
     vertex -1.861000e+02  4.836018e+02 -8.500219e+01
     vertex -1.861000e+02  4.840114e+02 -8.498844e+01
   endloop
 endfacet
 facet normal -1.000000e+00 -6.959441e-14  6.088722e-15
   outer loop
     vertex -1.861000e+02  4.834667e+02 -8.654629e+01
     vertex -1.861000e+02  4.832009e+02 -8.491752e+01
     vertex -1.861000e+02  4.836018e+02 -8.500219e+01
   endloop
 endfacet
 facet normal -1.000000e+00 -1.840097e-14  1.609877e-15
   outer loop
     vertex -1.861000e+02  4.805018e+02 -8.341772e+01
     vertex -1.861000e+02  4.805701e+02 -8.263721e+01
     vertex -1.861000e+02  4.820867e+02 -8.295744e+01
   endloop
 endfacet
 facet normal -1.000000e+00 -1.840097e-14  1.609877e-15
   outer loop
     vertex -1.861000e+02  4.805018e+02 -8.341772e+01
     vertex -1.861000e+02  4.820867e+02 -8.295744e+01
     vertex -1.861000e+02  4.820510e+02 -8.336571e+01
   endloop
 endfacet
 facet normal -1.000000e+00 -3.458323e-14  1.180419e-14
   outer loop
     vertex -1.861000e+02  4.827002e+02 -8.638442e+01
     vertex -1.861000e+02  4.832009e+02 -8.491752e+01
     vertex -1.861000e+02  4.834667e+02 -8.654629e+01
   endloop
 endfacet
 facet normal -1.000000e+00 -1.825154e-14 -2.840545e-15
   outer loop
     vertex -1.861000e+02  4.806223e+02 -8.419189e+01
     vertex -1.861000e+02  4.820510e+02 -8.336571e+01
     vertex -1.861000e+02  4.821140e+02 -8.377065e+01
   endloop
 endfacet
 facet normal -1.000000e+00 -1.825154e-14 -2.840545e-15
   outer loop
     vertex -1.861000e+02  4.806223e+02 -8.419189e+01
     vertex -1.861000e+02  4.805018e+02 -8.341772e+01
     vertex -1.861000e+02  4.820510e+02 -8.336571e+01
   endloop
 endfacet
 facet normal -1.000000e+00  0.000000e+00  0.000000e+00
   outer loop
     vertex -1.861000e+02  4.819946e+02 -8.604380e+01
     vertex -1.861000e+02  4.828318e+02 -8.473935e+01
     vertex -1.861000e+02  4.832009e+02 -8.491752e+01
   endloop
 endfacet
 facet normal -1.000000e+00  0.000000e+00  0.000000e+00
   outer loop
     vertex -1.861000e+02  4.819946e+02 -8.604380e+01
     vertex -1.861000e+02  4.832009e+02 -8.491752e+01
     vertex -1.861000e+02  4.827002e+02 -8.638442e+01
   endloop
 endfacet
 facet normal -1.000000e+00 -1.704140e-14 -7.125884e-15
   outer loop
     vertex -1.861000e+02  4.809246e+02 -8.491473e+01
     vertex -1.861000e+02  4.821140e+02 -8.377065e+01
     vertex -1.861000e+02  4.822721e+02 -8.414876e+01
   endloop
 endfacet
 facet normal -1.000000e+00 -1.704140e-14 -7.125884e-15
   outer loop
     vertex -1.861000e+02  4.809246e+02 -8.491473e+01
     vertex -1.861000e+02  4.806223e+02 -8.419189e+01
     vertex -1.861000e+02  4.821140e+02 -8.377065e+01
   endloop
 endfacet
 facet normal -1.000000e+00 -3.289917e-14  2.077139e-14
   outer loop
     vertex -1.861000e+02  4.813910e+02 -8.554423e+01
     vertex -1.861000e+02  4.809246e+02 -8.491473e+01
     vertex -1.861000e+02  4.822721e+02 -8.414876e+01
   endloop
 endfacet
 facet normal -1.000000e+00  0.000000e+00  0.000000e+00
   outer loop
     vertex -1.861000e+02  4.813910e+02 -8.554423e+01
     vertex -1.861000e+02  4.825161e+02 -8.447803e+01
     vertex -1.861000e+02  4.828318e+02 -8.473935e+01
   endloop
 endfacet
 facet normal -1.000000e+00  0.000000e+00  0.000000e+00
   outer loop
     vertex -1.861000e+02  4.813910e+02 -8.554423e+01
     vertex -1.861000e+02  4.822721e+02 -8.414876e+01
     vertex -1.861000e+02  4.825161e+02 -8.447803e+01
   endloop
 endfacet
 facet normal -1.000000e+00  0.000000e+00  0.000000e+00
   outer loop
     vertex -1.861000e+02  4.813910e+02 -8.554423e+01
     vertex -1.861000e+02  4.828318e+02 -8.473935e+01
     vertex -1.861000e+02  4.819946e+02 -8.604380e+01
   endloop
 endfacet
 facet normal  3.972732e-15  2.065983e-01  9.784259e-01
   outer loop
     vertex -1.896000e+02  4.894502e+02 -9.807577e+01
     vertex -1.861000e+02  4.902167e+02 -9.823763e+01
     vertex -1.896000e+02  4.902167e+02 -9.823763e+01
   endloop
 endfacet
 facet normal -0.000000e+00  2.065983e-01  9.784259e-01
   outer loop
     vertex -1.896000e+02  4.894502e+02 -9.807577e+01
     vertex -1.861000e+02  4.894502e+02 -9.807577e+01
     vertex -1.861000e+02  4.902167e+02 -9.823763e+01
   endloop
 endfacet
 facet normal -3.404262e-15  4.347475e-01  9.005524e-01
   outer loop
     vertex -1.896000e+02  4.887446e+02 -9.773515e+01
     vertex -1.861000e+02  4.887446e+02 -9.773515e+01
     vertex -1.861000e+02  4.894502e+02 -9.807577e+01
   endloop
 endfacet
 facet normal -7.227971e-15  6.376309e-01  7.703421e-01
   outer loop
     vertex -1.896000e+02  4.887446e+02 -9.773515e+01
     vertex -1.861000e+02  4.881410e+02 -9.723557e+01
     vertex -1.861000e+02  4.887446e+02 -9.773515e+01
   endloop
 endfacet
 facet normal  0.000000e+00  4.347475e-01  9.005524e-01
   outer loop
     vertex -1.896000e+02  4.887446e+02 -9.773515e+01
     vertex -1.861000e+02  4.894502e+02 -9.807577e+01
     vertex -1.896000e+02  4.894502e+02 -9.807577e+01
   endloop
 endfacet
 facet normal  3.127777e-15  6.376309e-01  7.703421e-01
   outer loop
     vertex -1.896000e+02  4.881410e+02 -9.723557e+01
     vertex -1.861000e+02  4.881410e+02 -9.723557e+01
     vertex -1.896000e+02  4.887446e+02 -9.773515e+01
   endloop
 endfacet
 facet normal  2.417316e-15  8.034574e-01  5.953623e-01
   outer loop
     vertex -1.896000e+02  4.876746e+02 -9.660607e+01
     vertex -1.861000e+02  4.876746e+02 -9.660607e+01
     vertex -1.861000e+02  4.881410e+02 -9.723557e+01
   endloop
 endfacet
 facet normal  2.408943e-15  8.034574e-01  5.953623e-01
   outer loop
     vertex -1.896000e+02  4.876746e+02 -9.660607e+01
     vertex -1.861000e+02  4.881410e+02 -9.723557e+01
     vertex -1.896000e+02  4.881410e+02 -9.723557e+01
   endloop
 endfacet
 facet normal -1.498376e-14  9.225899e-01  3.857822e-01
   outer loop
     vertex -1.896000e+02  4.873723e+02 -9.588323e+01
     vertex -1.861000e+02  4.873723e+02 -9.588323e+01
     vertex -1.861000e+02  4.876746e+02 -9.660607e+01
   endloop
 endfacet
 facet normal -1.604779e-14  9.881048e-01  1.537818e-01
   outer loop
     vertex -1.896000e+02  4.873723e+02 -9.588323e+01
     vertex -1.861000e+02  4.872518e+02 -9.510906e+01
     vertex -1.861000e+02  4.873723e+02 -9.588323e+01
   endloop
 endfacet
 facet normal  1.568850e-15  9.225899e-01  3.857822e-01
   outer loop
     vertex -1.896000e+02  4.873723e+02 -9.588323e+01
     vertex -1.861000e+02  4.876746e+02 -9.660607e+01
     vertex -1.896000e+02  4.876746e+02 -9.660607e+01
   endloop
 endfacet
 facet normal -0.000000e+00  9.881048e-01  1.537818e-01
   outer loop
     vertex -1.896000e+02  4.872518e+02 -9.510906e+01
     vertex -1.861000e+02  4.872518e+02 -9.510906e+01
     vertex -1.896000e+02  4.873723e+02 -9.588323e+01
   endloop
 endfacet
 facet normal -1.617917e-14  9.961947e-01 -8.715574e-02
   outer loop
     vertex -1.896000e+02  4.873201e+02 -9.432856e+01
     vertex -1.861000e+02  4.873201e+02 -9.432856e+01
     vertex -1.861000e+02  4.872518e+02 -9.510906e+01
   endloop
 endfacet
 facet normal  0.000000e+00  9.961947e-01 -8.715574e-02
   outer loop
     vertex -1.896000e+02  4.873201e+02 -9.432856e+01
     vertex -1.861000e+02  4.872518e+02 -9.510906e+01
     vertex -1.896000e+02  4.872518e+02 -9.510906e+01
   endloop
 endfacet
 facet normal -1.668186e-14  9.463894e-01 -3.230282e-01
   outer loop
     vertex -1.896000e+02  4.875732e+02 -9.358707e+01
     vertex -1.861000e+02  4.875732e+02 -9.358707e+01
     vertex -1.861000e+02  4.873201e+02 -9.432856e+01
   endloop
 endfacet
 facet normal -1.536460e-14  9.463894e-01 -3.230282e-01
   outer loop
     vertex -1.896000e+02  4.875732e+02 -9.358707e+01
     vertex -1.861000e+02  4.873201e+02 -9.432856e+01
     vertex -1.896000e+02  4.873201e+02 -9.432856e+01
   endloop
 endfacet
 facet normal  0.000000e+00  8.415833e-01 -5.401273e-01
   outer loop
     vertex -1.896000e+02  4.879964e+02 -9.292770e+01
     vertex -1.861000e+02  4.879964e+02 -9.292770e+01
     vertex -1.861000e+02  4.875732e+02 -9.358707e+01
   endloop
 endfacet
 facet normal -1.587068e-14  8.415833e-01 -5.401273e-01
   outer loop
     vertex -1.896000e+02  4.879964e+02 -9.292770e+01
     vertex -1.861000e+02  4.875732e+02 -9.358707e+01
     vertex -1.896000e+02  4.875732e+02 -9.358707e+01
   endloop
 endfacet
 facet normal  0.000000e+00  6.878675e-01 -7.258363e-01
   outer loop
     vertex -1.896000e+02  4.885651e+02 -9.238876e+01
     vertex -1.861000e+02  4.885651e+02 -9.238876e+01
     vertex -1.861000e+02  4.879964e+02 -9.292770e+01
   endloop
 endfacet
 facet normal  0.000000e+00  6.878675e-01 -7.258363e-01
   outer loop
     vertex -1.896000e+02  4.885651e+02 -9.238876e+01
     vertex -1.861000e+02  4.879964e+02 -9.292770e+01
     vertex -1.896000e+02  4.879964e+02 -9.292770e+01
   endloop
 endfacet
 facet normal -1.155571e-14  4.941753e-01 -8.693623e-01
   outer loop
     vertex -1.896000e+02  4.892462e+02 -9.200158e+01
     vertex -1.861000e+02  4.892462e+02 -9.200158e+01
     vertex -1.861000e+02  4.885651e+02 -9.238876e+01
   endloop
 endfacet
 facet normal  0.000000e+00  4.941753e-01 -8.693623e-01
   outer loop
     vertex -1.896000e+02  4.892462e+02 -9.200158e+01
     vertex -1.861000e+02  4.885651e+02 -9.238876e+01
     vertex -1.896000e+02  4.885651e+02 -9.238876e+01
   endloop
 endfacet
 facet normal -4.413704e-15  2.717635e-01 -9.623641e-01
   outer loop
     vertex -1.896000e+02  4.900002e+02 -9.178866e+01
     vertex -1.861000e+02  4.900002e+02 -9.178866e+01
     vertex -1.861000e+02  4.892462e+02 -9.200158e+01
   endloop
 endfacet
 facet normal -8.319964e-15  2.717635e-01 -9.623641e-01
   outer loop
     vertex -1.896000e+02  4.900002e+02 -9.178866e+01
     vertex -1.861000e+02  4.892462e+02 -9.200158e+01
     vertex -1.896000e+02  4.892462e+02 -9.200158e+01
   endloop
 endfacet
 facet normal  0.000000e+00  3.355772e-02 -9.994368e-01
   outer loop
     vertex -1.896000e+02  4.907833e+02 -9.176237e+01
     vertex -1.861000e+02  4.907833e+02 -9.176237e+01
     vertex -1.861000e+02  4.900002e+02 -9.178866e+01
   endloop
 endfacet
 facet normal -5.440366e-16  3.355772e-02 -9.994368e-01
   outer loop
     vertex -1.896000e+02  4.907833e+02 -9.176237e+01
     vertex -1.861000e+02  4.900002e+02 -9.178866e+01
     vertex -1.896000e+02  4.900002e+02 -9.178866e+01
   endloop
 endfacet
 facet normal -1.000000e+00 -1.177785e-14 -1.422919e-14
   outer loop
     vertex -1.861000e+02  4.917339e+02 -9.383063e+01
     vertex -1.861000e+02  4.922554e+02 -9.226485e+01
     vertex -1.861000e+02  4.928590e+02 -9.276443e+01
   endloop
 endfacet
 facet normal -1.000000e+00  1.805830e-14 -3.176848e-14
   outer loop
     vertex -1.861000e+02  4.919779e+02 -9.415990e+01
     vertex -1.861000e+02  4.928590e+02 -9.276443e+01
     vertex -1.861000e+02  4.933254e+02 -9.339393e+01
   endloop
 endfacet
 facet normal -1.000000e+00 -1.484087e-14 -1.099709e-14
   outer loop
     vertex -1.861000e+02  4.919779e+02 -9.415990e+01
     vertex -1.861000e+02  4.917339e+02 -9.383063e+01
     vertex -1.861000e+02  4.928590e+02 -9.276443e+01
   endloop
 endfacet
 facet normal -1.000000e+00 -4.681405e-14 -1.353119e-14
   outer loop
     vertex -1.861000e+02  4.914182e+02 -9.356931e+01
     vertex -1.861000e+02  4.915498e+02 -9.192423e+01
     vertex -1.861000e+02  4.922554e+02 -9.226485e+01
   endloop
 endfacet
 facet normal -1.000000e+00 -8.234892e-14  9.275050e-15
   outer loop
     vertex -1.861000e+02  4.914182e+02 -9.356931e+01
     vertex -1.861000e+02  4.922554e+02 -9.226485e+01
     vertex -1.861000e+02  4.917339e+02 -9.383063e+01
   endloop
 endfacet
 facet normal -1.000000e+00  2.697226e-14 -2.804110e-14
   outer loop
     vertex -1.861000e+02  4.921360e+02 -9.453800e+01
     vertex -1.861000e+02  4.933254e+02 -9.339393e+01
     vertex -1.861000e+02  4.936277e+02 -9.411677e+01
   endloop
 endfacet
 facet normal -1.000000e+00  0.000000e+00  0.000000e+00
   outer loop
     vertex -1.861000e+02  4.921360e+02 -9.453800e+01
     vertex -1.861000e+02  4.919779e+02 -9.415990e+01
     vertex -1.861000e+02  4.933254e+02 -9.339393e+01
   endloop
 endfacet
 facet normal -1.000000e+00 -8.030336e-15 -1.663434e-14
   outer loop
     vertex -1.861000e+02  4.910491e+02 -9.339114e+01
     vertex -1.861000e+02  4.915498e+02 -9.192423e+01
     vertex -1.861000e+02  4.914182e+02 -9.356931e+01
   endloop
 endfacet
 facet normal -1.000000e+00  1.825154e-14  2.840545e-15
   outer loop
     vertex -1.861000e+02  4.921990e+02 -9.494295e+01
     vertex -1.861000e+02  4.936277e+02 -9.411677e+01
     vertex -1.861000e+02  4.937482e+02 -9.489094e+01
   endloop
 endfacet
 facet normal -1.000000e+00  1.825154e-14  2.840545e-15
   outer loop
     vertex -1.861000e+02  4.921990e+02 -9.494295e+01
     vertex -1.861000e+02  4.921360e+02 -9.453800e+01
     vertex -1.861000e+02  4.936277e+02 -9.411677e+01
   endloop
 endfacet
 facet normal -1.000000e+00 -3.816131e-15 -1.807276e-14
   outer loop
     vertex -1.861000e+02  4.906482e+02 -9.330647e+01
     vertex -1.861000e+02  4.907833e+02 -9.176237e+01
     vertex -1.861000e+02  4.915498e+02 -9.192423e+01
   endloop
 endfacet
 facet normal -1.000000e+00 -3.816131e-15 -1.807276e-14
   outer loop
     vertex -1.861000e+02  4.906482e+02 -9.330647e+01
     vertex -1.861000e+02  4.915498e+02 -9.192423e+01
     vertex -1.861000e+02  4.910491e+02 -9.339114e+01
   endloop
 endfacet
 facet normal -1.000000e+00  1.840097e-14 -1.609877e-15
   outer loop
     vertex -1.861000e+02  4.921633e+02 -9.535122e+01
     vertex -1.861000e+02  4.937482e+02 -9.489094e+01
     vertex -1.861000e+02  4.936799e+02 -9.567144e+01
   endloop
 endfacet
 facet normal -1.000000e+00  2.503058e-14  2.978718e-14
   outer loop
     vertex -1.861000e+02  4.921633e+02 -9.535122e+01
     vertex -1.861000e+02  4.936799e+02 -9.567144e+01
     vertex -1.861000e+02  4.934268e+02 -9.641293e+01
   endloop
 endfacet
 facet normal -1.000000e+00  1.840097e-14 -1.609877e-15
   outer loop
     vertex -1.861000e+02  4.921633e+02 -9.535122e+01
     vertex -1.861000e+02  4.921990e+02 -9.494295e+01
     vertex -1.861000e+02  4.937482e+02 -9.489094e+01
   endloop
 endfacet
 facet normal -1.000000e+00 -3.610761e-14 -5.619540e-15
   outer loop
     vertex -1.861000e+02  4.902386e+02 -9.332022e+01
     vertex -1.861000e+02  4.900002e+02 -9.178866e+01
     vertex -1.861000e+02  4.907833e+02 -9.176237e+01
   endloop
 endfacet
 facet normal -1.000000e+00  6.198535e-16 -1.846086e-14
   outer loop
     vertex -1.861000e+02  4.902386e+02 -9.332022e+01
     vertex -1.861000e+02  4.907833e+02 -9.176237e+01
     vertex -1.861000e+02  4.906482e+02 -9.330647e+01
   endloop
 endfacet
 facet normal -1.000000e+00  0.000000e+00  0.000000e+00
   outer loop
     vertex -1.861000e+02  4.920309e+02 -9.573907e+01
     vertex -1.861000e+02  4.921633e+02 -9.535122e+01
     vertex -1.861000e+02  4.934268e+02 -9.641293e+01
   endloop
 endfacet
 facet normal -1.000000e+00  0.000000e+00  0.000000e+00
   outer loop
     vertex -1.861000e+02  4.898442e+02 -9.343160e+01
     vertex -1.861000e+02  4.892462e+02 -9.200158e+01
     vertex -1.861000e+02  4.900002e+02 -9.178866e+01
   endloop
 endfacet
 facet normal -1.000000e+00  0.000000e+00  0.000000e+00
   outer loop
     vertex -1.861000e+02  4.898442e+02 -9.343160e+01
     vertex -1.861000e+02  4.900002e+02 -9.178866e+01
     vertex -1.861000e+02  4.902386e+02 -9.332022e+01
   endloop
 endfacet
 facet normal -1.000000e+00  0.000000e+00  0.000000e+00
   outer loop
     vertex -1.861000e+02  4.918096e+02 -9.608397e+01
     vertex -1.861000e+02  4.934268e+02 -9.641293e+01
     vertex -1.861000e+02  4.930036e+02 -9.707230e+01
   endloop
 endfacet
 facet normal -1.000000e+00  0.000000e+00  0.000000e+00
   outer loop
     vertex -1.861000e+02  4.918096e+02 -9.608397e+01
     vertex -1.861000e+02  4.920309e+02 -9.573907e+01
     vertex -1.861000e+02  4.934268e+02 -9.641293e+01
   endloop
 endfacet
 facet normal -1.000000e+00  0.000000e+00  0.000000e+00
   outer loop
     vertex -1.861000e+02  4.894879e+02 -9.363412e+01
     vertex -1.861000e+02  4.885651e+02 -9.238876e+01
     vertex -1.861000e+02  4.892462e+02 -9.200158e+01
   endloop
 endfacet
 facet normal -1.000000e+00  0.000000e+00  0.000000e+00
   outer loop
     vertex -1.861000e+02  4.894879e+02 -9.363412e+01
     vertex -1.861000e+02  4.892462e+02 -9.200158e+01
     vertex -1.861000e+02  4.898442e+02 -9.343160e+01
   endloop
 endfacet
 facet normal -1.000000e+00  0.000000e+00  0.000000e+00
   outer loop
     vertex -1.861000e+02  4.924349e+02 -9.761124e+01
     vertex -1.861000e+02  4.918096e+02 -9.608397e+01
     vertex -1.861000e+02  4.930036e+02 -9.707230e+01
   endloop
 endfacet
 facet normal -1.000000e+00  0.000000e+00  0.000000e+00
   outer loop
     vertex -1.861000e+02  4.924349e+02 -9.761124e+01
     vertex -1.861000e+02  4.915121e+02 -9.636588e+01
     vertex -1.861000e+02  4.918096e+02 -9.608397e+01
   endloop
 endfacet
 facet normal -1.000000e+00  0.000000e+00  0.000000e+00
   outer loop
     vertex -1.861000e+02  4.891904e+02 -9.391603e+01
     vertex -1.861000e+02  4.885651e+02 -9.238876e+01
     vertex -1.861000e+02  4.894879e+02 -9.363412e+01
   endloop
 endfacet
 facet normal -1.000000e+00  0.000000e+00  0.000000e+00
   outer loop
     vertex -1.861000e+02  4.911558e+02 -9.656840e+01
     vertex -1.861000e+02  4.915121e+02 -9.636588e+01
     vertex -1.861000e+02  4.924349e+02 -9.761124e+01
   endloop
 endfacet
 facet normal -1.000000e+00  0.000000e+00  0.000000e+00
   outer loop
     vertex -1.861000e+02  4.879964e+02 -9.292770e+01
     vertex -1.861000e+02  4.885651e+02 -9.238876e+01
     vertex -1.861000e+02  4.891904e+02 -9.391603e+01
   endloop
 endfacet
 facet normal -1.000000e+00  0.000000e+00  0.000000e+00
   outer loop
     vertex -1.861000e+02  4.917538e+02 -9.799842e+01
     vertex -1.861000e+02  4.911558e+02 -9.656840e+01
     vertex -1.861000e+02  4.924349e+02 -9.761124e+01
   endloop
 endfacet
 facet normal -1.000000e+00 -6.445236e-14 -2.695084e-14
   outer loop
     vertex -1.861000e+02  4.917538e+02 -9.799842e+01
     vertex -1.861000e+02  4.907614e+02 -9.667978e+01
     vertex -1.861000e+02  4.911558e+02 -9.656840e+01
   endloop
 endfacet
 facet normal -1.000000e+00 -2.330049e-14 -2.815006e-14
   outer loop
     vertex -1.861000e+02  4.875732e+02 -9.358707e+01
     vertex -1.861000e+02  4.879964e+02 -9.292770e+01
     vertex -1.861000e+02  4.891904e+02 -9.391603e+01
   endloop
 endfacet
 facet normal -1.000000e+00 -1.748101e-14  5.966738e-15
   outer loop
     vertex -1.861000e+02  4.875732e+02 -9.358707e+01
     vertex -1.861000e+02  4.889691e+02 -9.426093e+01
     vertex -1.861000e+02  4.888367e+02 -9.464878e+01
   endloop
 endfacet
 facet normal -1.000000e+00 -1.554511e-14  9.976834e-15
   outer loop
     vertex -1.861000e+02  4.875732e+02 -9.358707e+01
     vertex -1.861000e+02  4.891904e+02 -9.391603e+01
     vertex -1.861000e+02  4.889691e+02 -9.426093e+01
   endloop
 endfacet
 facet normal -1.000000e+00 -5.019815e-15  1.777608e-14
   outer loop
     vertex -1.861000e+02  4.909998e+02 -9.821134e+01
     vertex -1.861000e+02  4.907614e+02 -9.667978e+01
     vertex -1.861000e+02  4.917538e+02 -9.799842e+01
   endloop
 endfacet
 facet normal -1.000000e+00 -1.748101e-14  5.966738e-15
   outer loop
     vertex -1.861000e+02  4.873201e+02 -9.432856e+01
     vertex -1.861000e+02  4.875732e+02 -9.358707e+01
     vertex -1.861000e+02  4.888367e+02 -9.464878e+01
   endloop
 endfacet
 facet normal -1.000000e+00 -3.672746e-14  1.284132e-14
   outer loop
     vertex -1.861000e+02  4.902167e+02 -9.823763e+01
     vertex -1.861000e+02  4.907614e+02 -9.667978e+01
     vertex -1.861000e+02  4.909998e+02 -9.821134e+01
   endloop
 endfacet
 facet normal -1.000000e+00  0.000000e+00  0.000000e+00
   outer loop
     vertex -1.861000e+02  4.902167e+02 -9.823763e+01
     vertex -1.861000e+02  4.903518e+02 -9.669353e+01
     vertex -1.861000e+02  4.907614e+02 -9.667978e+01
   endloop
 endfacet
 facet normal -1.000000e+00 -1.840097e-14  1.609877e-15
   outer loop
     vertex -1.861000e+02  4.872518e+02 -9.510906e+01
     vertex -1.861000e+02  4.873201e+02 -9.432856e+01
     vertex -1.861000e+02  4.888367e+02 -9.464878e+01
   endloop
 endfacet
 facet normal -1.000000e+00 -1.840097e-14  1.609877e-15
   outer loop
     vertex -1.861000e+02  4.872518e+02 -9.510906e+01
     vertex -1.861000e+02  4.888367e+02 -9.464878e+01
     vertex -1.861000e+02  4.888010e+02 -9.505705e+01
   endloop
 endfacet
 facet normal -1.000000e+00  0.000000e+00  0.000000e+00
   outer loop
     vertex -1.861000e+02  4.894502e+02 -9.807577e+01
     vertex -1.861000e+02  4.899509e+02 -9.660886e+01
     vertex -1.861000e+02  4.903518e+02 -9.669353e+01
   endloop
 endfacet
 facet normal -1.000000e+00  0.000000e+00  0.000000e+00
   outer loop
     vertex -1.861000e+02  4.894502e+02 -9.807577e+01
     vertex -1.861000e+02  4.903518e+02 -9.669353e+01
     vertex -1.861000e+02  4.902167e+02 -9.823763e+01
   endloop
 endfacet
 facet normal -1.000000e+00 -1.825154e-14 -2.840545e-15
   outer loop
     vertex -1.861000e+02  4.873723e+02 -9.588323e+01
     vertex -1.861000e+02  4.888010e+02 -9.505705e+01
     vertex -1.861000e+02  4.888640e+02 -9.546200e+01
   endloop
 endfacet
 facet normal -1.000000e+00 -1.825154e-14 -2.840545e-15
   outer loop
     vertex -1.861000e+02  4.873723e+02 -9.588323e+01
     vertex -1.861000e+02  4.872518e+02 -9.510906e+01
     vertex -1.861000e+02  4.888010e+02 -9.505705e+01
   endloop
 endfacet
 facet normal -1.000000e+00 -8.030336e-15 -1.663434e-14
   outer loop
     vertex -1.861000e+02  4.887446e+02 -9.773515e+01
     vertex -1.861000e+02  4.895818e+02 -9.643069e+01
     vertex -1.861000e+02  4.899509e+02 -9.660886e+01
   endloop
 endfacet
 facet normal -1.000000e+00 -1.177785e-14 -1.422919e-14
   outer loop
     vertex -1.861000e+02  4.887446e+02 -9.773515e+01
     vertex -1.861000e+02  4.892661e+02 -9.616937e+01
     vertex -1.861000e+02  4.895818e+02 -9.643069e+01
   endloop
 endfacet
 facet normal -1.000000e+00 -3.458323e-14  1.180419e-14
   outer loop
     vertex -1.861000e+02  4.887446e+02 -9.773515e+01
     vertex -1.861000e+02  4.899509e+02 -9.660886e+01
     vertex -1.861000e+02  4.894502e+02 -9.807577e+01
   endloop
 endfacet
 facet normal -1.000000e+00 -1.704140e-14 -7.125884e-15
   outer loop
     vertex -1.861000e+02  4.876746e+02 -9.660607e+01
     vertex -1.861000e+02  4.888640e+02 -9.546200e+01
     vertex -1.861000e+02  4.890221e+02 -9.584010e+01
   endloop
 endfacet
 facet normal -1.000000e+00 -1.704140e-14 -7.125884e-15
   outer loop
     vertex -1.861000e+02  4.876746e+02 -9.660607e+01
     vertex -1.861000e+02  4.873723e+02 -9.588323e+01
     vertex -1.861000e+02  4.888640e+02 -9.546200e+01
   endloop
 endfacet
 facet normal -1.000000e+00 -1.484087e-14 -1.099709e-14
   outer loop
     vertex -1.861000e+02  4.881410e+02 -9.723557e+01
     vertex -1.861000e+02  4.890221e+02 -9.584010e+01
     vertex -1.861000e+02  4.892661e+02 -9.616937e+01
   endloop
 endfacet
 facet normal -1.000000e+00 -1.484087e-14 -1.099709e-14
   outer loop
     vertex -1.861000e+02  4.881410e+02 -9.723557e+01
     vertex -1.861000e+02  4.876746e+02 -9.660607e+01
     vertex -1.861000e+02  4.890221e+02 -9.584010e+01
   endloop
 endfacet
 facet normal -1.000000e+00 -1.177785e-14 -1.422919e-14
   outer loop
     vertex -1.861000e+02  4.881410e+02 -9.723557e+01
     vertex -1.861000e+02  4.892661e+02 -9.616937e+01
     vertex -1.861000e+02  4.887446e+02 -9.773515e+01
   endloop
 endfacet
 facet normal  0.000000e+00  2.065983e-01  9.784259e-01
   outer loop
     vertex -1.896000e+02  4.827002e+02 -1.097671e+02
     vertex -1.861000e+02  4.834667e+02 -1.099290e+02
     vertex -1.896000e+02  4.834667e+02 -1.099290e+02
   endloop
 endfacet
 facet normal -0.000000e+00  2.065983e-01  9.784259e-01
   outer loop
     vertex -1.896000e+02  4.827002e+02 -1.097671e+02
     vertex -1.861000e+02  4.827002e+02 -1.097671e+02
     vertex -1.861000e+02  4.834667e+02 -1.099290e+02
   endloop
 endfacet
 facet normal -7.060725e-15  4.347475e-01  9.005524e-01
   outer loop
     vertex -1.896000e+02  4.819946e+02 -1.094265e+02
     vertex -1.861000e+02  4.819946e+02 -1.094265e+02
     vertex -1.861000e+02  4.827002e+02 -1.097671e+02
   endloop
 endfacet
 facet normal -1.035575e-14  6.376309e-01  7.703421e-01
   outer loop
     vertex -1.896000e+02  4.819946e+02 -1.094265e+02
     vertex -1.861000e+02  4.813910e+02 -1.089269e+02
     vertex -1.861000e+02  4.819946e+02 -1.094265e+02
   endloop
 endfacet
 facet normal  0.000000e+00  4.347475e-01  9.005524e-01
   outer loop
     vertex -1.896000e+02  4.819946e+02 -1.094265e+02
     vertex -1.861000e+02  4.827002e+02 -1.097671e+02
     vertex -1.896000e+02  4.827002e+02 -1.097671e+02
   endloop
 endfacet
 facet normal -2.793947e-14  6.376309e-01  7.703421e-01
   outer loop
     vertex -1.896000e+02  4.813910e+02 -1.089269e+02
     vertex -1.861000e+02  4.813910e+02 -1.089269e+02
     vertex -1.896000e+02  4.819946e+02 -1.094265e+02
   endloop
 endfacet
 facet normal -0.000000e+00  8.034574e-01  5.953623e-01
   outer loop
     vertex -1.896000e+02  4.809246e+02 -1.082974e+02
     vertex -1.861000e+02  4.809246e+02 -1.082974e+02
     vertex -1.861000e+02  4.813910e+02 -1.089269e+02
   endloop
 endfacet
 facet normal -3.674145e-14  8.034574e-01  5.953623e-01
   outer loop
     vertex -1.896000e+02  4.809246e+02 -1.082974e+02
     vertex -1.861000e+02  4.813910e+02 -1.089269e+02
     vertex -1.896000e+02  4.813910e+02 -1.089269e+02
   endloop
 endfacet
 facet normal -2.996752e-14  9.225899e-01  3.857822e-01
   outer loop
     vertex -1.896000e+02  4.806223e+02 -1.075746e+02
     vertex -1.861000e+02  4.806223e+02 -1.075746e+02
     vertex -1.861000e+02  4.809246e+02 -1.082974e+02
   endloop
 endfacet
 facet normal -3.209558e-14  9.881048e-01  1.537818e-01
   outer loop
     vertex -1.896000e+02  4.806223e+02 -1.075746e+02
     vertex -1.861000e+02  4.805018e+02 -1.068004e+02
     vertex -1.861000e+02  4.806223e+02 -1.075746e+02
   endloop
 endfacet
 facet normal  0.000000e+00  9.225899e-01  3.857822e-01
   outer loop
     vertex -1.896000e+02  4.806223e+02 -1.075746e+02
     vertex -1.861000e+02  4.809246e+02 -1.082974e+02
     vertex -1.896000e+02  4.809246e+02 -1.082974e+02
   endloop
 endfacet
 facet normal -0.000000e+00  9.881048e-01  1.537818e-01
   outer loop
     vertex -1.896000e+02  4.805018e+02 -1.068004e+02
     vertex -1.861000e+02  4.805018e+02 -1.068004e+02
     vertex -1.896000e+02  4.806223e+02 -1.075746e+02
   endloop
 endfacet
 facet normal  0.000000e+00  9.961947e-01 -8.715574e-02
   outer loop
     vertex -1.896000e+02  4.805701e+02 -1.060199e+02
     vertex -1.861000e+02  4.805701e+02 -1.060199e+02
     vertex -1.861000e+02  4.805018e+02 -1.068004e+02
   endloop
 endfacet
 facet normal  0.000000e+00  9.961947e-01 -8.715574e-02
   outer loop
     vertex -1.896000e+02  4.805701e+02 -1.060199e+02
     vertex -1.861000e+02  4.805018e+02 -1.068004e+02
     vertex -1.896000e+02  4.805018e+02 -1.068004e+02
   endloop
 endfacet
 facet normal  0.000000e+00  9.463894e-01 -3.230282e-01
   outer loop
     vertex -1.896000e+02  4.808232e+02 -1.052784e+02
     vertex -1.861000e+02  4.808232e+02 -1.052784e+02
     vertex -1.861000e+02  4.805701e+02 -1.060199e+02
   endloop
 endfacet
 facet normal  0.000000e+00  9.463894e-01 -3.230282e-01
   outer loop
     vertex -1.896000e+02  4.808232e+02 -1.052784e+02
     vertex -1.861000e+02  4.805701e+02 -1.060199e+02
     vertex -1.896000e+02  4.805701e+02 -1.060199e+02
   endloop
 endfacet
 facet normal  0.000000e+00  8.415833e-01 -5.401273e-01
   outer loop
     vertex -1.896000e+02  4.812464e+02 -1.046190e+02
     vertex -1.861000e+02  4.812464e+02 -1.046190e+02
     vertex -1.861000e+02  4.808232e+02 -1.052784e+02
   endloop
 endfacet
 facet normal  0.000000e+00  8.415833e-01 -5.401273e-01
   outer loop
     vertex -1.896000e+02  4.812464e+02 -1.046190e+02
     vertex -1.861000e+02  4.808232e+02 -1.052784e+02
     vertex -1.896000e+02  4.808232e+02 -1.052784e+02
   endloop
 endfacet
 facet normal -1.117164e-14  6.878675e-01 -7.258363e-01
   outer loop
     vertex -1.896000e+02  4.818151e+02 -1.040801e+02
     vertex -1.861000e+02  4.818151e+02 -1.040801e+02
     vertex -1.861000e+02  4.812464e+02 -1.046190e+02
   endloop
 endfacet
 facet normal  0.000000e+00  6.878675e-01 -7.258363e-01
   outer loop
     vertex -1.896000e+02  4.818151e+02 -1.040801e+02
     vertex -1.861000e+02  4.812464e+02 -1.046190e+02
     vertex -1.896000e+02  4.812464e+02 -1.046190e+02
   endloop
 endfacet
 facet normal  0.000000e+00  4.941753e-01 -8.693623e-01
   outer loop
     vertex -1.896000e+02  4.824962e+02 -1.036929e+02
     vertex -1.861000e+02  4.824962e+02 -1.036929e+02
     vertex -1.861000e+02  4.818151e+02 -1.040801e+02
   endloop
 endfacet
 facet normal -8.016315e-15  4.941753e-01 -8.693623e-01
   outer loop
     vertex -1.896000e+02  4.824962e+02 -1.036929e+02
     vertex -1.861000e+02  4.818151e+02 -1.040801e+02
     vertex -1.896000e+02  4.818151e+02 -1.040801e+02
   endloop
 endfacet
 facet normal  0.000000e+00  2.717635e-01 -9.623641e-01
   outer loop
     vertex -1.896000e+02  4.832502e+02 -1.034800e+02
     vertex -1.861000e+02  4.832502e+02 -1.034800e+02
     vertex -1.861000e+02  4.824962e+02 -1.036929e+02
   endloop
 endfacet
 facet normal  0.000000e+00  2.717635e-01 -9.623641e-01
   outer loop
     vertex -1.896000e+02  4.832502e+02 -1.034800e+02
     vertex -1.861000e+02  4.824962e+02 -1.036929e+02
     vertex -1.896000e+02  4.824962e+02 -1.036929e+02
   endloop
 endfacet
 facet normal  0.000000e+00  3.355772e-02 -9.994368e-01
   outer loop
     vertex -1.896000e+02  4.840333e+02 -1.034537e+02
     vertex -1.861000e+02  4.840333e+02 -1.034537e+02
     vertex -1.861000e+02  4.832502e+02 -1.034800e+02
   endloop
 endfacet
 facet normal  0.000000e+00  3.355772e-02 -9.994368e-01
   outer loop
     vertex -1.896000e+02  4.840333e+02 -1.034537e+02
     vertex -1.861000e+02  4.832502e+02 -1.034800e+02
     vertex -1.896000e+02  4.832502e+02 -1.034800e+02
   endloop
 endfacet
 facet normal -1.000000e+00  0.000000e+00  0.000000e+00
   outer loop
     vertex -1.861000e+02  4.849839e+02 -1.055220e+02
     vertex -1.861000e+02  4.861090e+02 -1.044558e+02
     vertex -1.861000e+02  4.865754e+02 -1.050853e+02
   endloop
 endfacet
 facet normal -1.000000e+00  0.000000e+00  0.000000e+00
   outer loop
     vertex -1.861000e+02  4.852279e+02 -1.058512e+02
     vertex -1.861000e+02  4.865754e+02 -1.050853e+02
     vertex -1.861000e+02  4.868777e+02 -1.058081e+02
   endloop
 endfacet
 facet normal -1.000000e+00  0.000000e+00  0.000000e+00
   outer loop
     vertex -1.861000e+02  4.852279e+02 -1.058512e+02
     vertex -1.861000e+02  4.849839e+02 -1.055220e+02
     vertex -1.861000e+02  4.865754e+02 -1.050853e+02
   endloop
 endfacet
 facet normal -1.000000e+00  0.000000e+00  0.000000e+00
   outer loop
     vertex -1.861000e+02  4.846682e+02 -1.052607e+02
     vertex -1.861000e+02  4.855054e+02 -1.039562e+02
     vertex -1.861000e+02  4.861090e+02 -1.044558e+02
   endloop
 endfacet
 facet normal -1.000000e+00  0.000000e+00  0.000000e+00
   outer loop
     vertex -1.861000e+02  4.846682e+02 -1.052607e+02
     vertex -1.861000e+02  4.861090e+02 -1.044558e+02
     vertex -1.861000e+02  4.849839e+02 -1.055220e+02
   endloop
 endfacet
 facet normal -1.000000e+00  0.000000e+00  0.000000e+00
   outer loop
     vertex -1.861000e+02  4.853860e+02 -1.062293e+02
     vertex -1.861000e+02  4.868777e+02 -1.058081e+02
     vertex -1.861000e+02  4.869982e+02 -1.065823e+02
   endloop
 endfacet
 facet normal -1.000000e+00  0.000000e+00  0.000000e+00
   outer loop
     vertex -1.861000e+02  4.853860e+02 -1.062293e+02
     vertex -1.861000e+02  4.852279e+02 -1.058512e+02
     vertex -1.861000e+02  4.868777e+02 -1.058081e+02
   endloop
 endfacet
 facet normal -1.000000e+00  0.000000e+00  0.000000e+00
   outer loop
     vertex -1.861000e+02  4.842991e+02 -1.050825e+02
     vertex -1.861000e+02  4.847998e+02 -1.036156e+02
     vertex -1.861000e+02  4.855054e+02 -1.039562e+02
   endloop
 endfacet
 facet normal -1.000000e+00  0.000000e+00  0.000000e+00
   outer loop
     vertex -1.861000e+02  4.842991e+02 -1.050825e+02
     vertex -1.861000e+02  4.855054e+02 -1.039562e+02
     vertex -1.861000e+02  4.846682e+02 -1.052607e+02
   endloop
 endfacet
 facet normal -1.000000e+00  0.000000e+00  0.000000e+00
   outer loop
     vertex -1.861000e+02  4.854490e+02 -1.066343e+02
     vertex -1.861000e+02  4.853860e+02 -1.062293e+02
     vertex -1.861000e+02  4.869982e+02 -1.065823e+02
   endloop
 endfacet
 facet normal -1.000000e+00  3.578338e-14  1.527599e-14
   outer loop
     vertex -1.861000e+02  4.838982e+02 -1.049978e+02
     vertex -1.861000e+02  4.832502e+02 -1.034800e+02
     vertex -1.861000e+02  4.840333e+02 -1.034537e+02
   endloop
 endfacet
 facet normal -1.000000e+00  3.816131e-15  1.807276e-14
   outer loop
     vertex -1.861000e+02  4.838982e+02 -1.049978e+02
     vertex -1.861000e+02  4.840333e+02 -1.034537e+02
     vertex -1.861000e+02  4.847998e+02 -1.036156e+02
   endloop
 endfacet
 facet normal -1.000000e+00  6.611500e-14 -2.256683e-14
   outer loop
     vertex -1.861000e+02  4.838982e+02 -1.049978e+02
     vertex -1.861000e+02  4.847998e+02 -1.036156e+02
     vertex -1.861000e+02  4.842991e+02 -1.050825e+02
   endloop
 endfacet
 facet normal -1.000000e+00  0.000000e+00  0.000000e+00
   outer loop
     vertex -1.861000e+02  4.854133e+02 -1.070426e+02
     vertex -1.861000e+02  4.869982e+02 -1.065823e+02
     vertex -1.861000e+02  4.869299e+02 -1.073628e+02
   endloop
 endfacet
 facet normal -1.000000e+00  0.000000e+00  0.000000e+00
   outer loop
     vertex -1.861000e+02  4.854133e+02 -1.070426e+02
     vertex -1.861000e+02  4.854490e+02 -1.066343e+02
     vertex -1.861000e+02  4.869982e+02 -1.065823e+02
   endloop
 endfacet
 facet normal -1.000000e+00  0.000000e+00  0.000000e+00
   outer loop
     vertex -1.861000e+02  4.834886e+02 -1.050116e+02
     vertex -1.861000e+02  4.824962e+02 -1.036929e+02
     vertex -1.861000e+02  4.832502e+02 -1.034800e+02
   endloop
 endfacet
 facet normal -1.000000e+00  0.000000e+00  0.000000e+00
   outer loop
     vertex -1.861000e+02  4.834886e+02 -1.050116e+02
     vertex -1.861000e+02  4.832502e+02 -1.034800e+02
     vertex -1.861000e+02  4.838982e+02 -1.049978e+02
   endloop
 endfacet
 facet normal -1.000000e+00  0.000000e+00  0.000000e+00
   outer loop
     vertex -1.861000e+02  4.852809e+02 -1.074304e+02
     vertex -1.861000e+02  4.869299e+02 -1.073628e+02
     vertex -1.861000e+02  4.866768e+02 -1.081043e+02
   endloop
 endfacet
 facet normal -1.000000e+00  0.000000e+00  0.000000e+00
   outer loop
     vertex -1.861000e+02  4.852809e+02 -1.074304e+02
     vertex -1.861000e+02  4.854133e+02 -1.070426e+02
     vertex -1.861000e+02  4.869299e+02 -1.073628e+02
   endloop
 endfacet
 facet normal -1.000000e+00  0.000000e+00  0.000000e+00
   outer loop
     vertex -1.861000e+02  4.830942e+02 -1.051229e+02
     vertex -1.861000e+02  4.824962e+02 -1.036929e+02
     vertex -1.861000e+02  4.834886e+02 -1.050116e+02
   endloop
 endfacet
 facet normal -1.000000e+00  0.000000e+00  0.000000e+00
   outer loop
     vertex -1.861000e+02  4.850596e+02 -1.077753e+02
     vertex -1.861000e+02  4.866768e+02 -1.081043e+02
     vertex -1.861000e+02  4.862536e+02 -1.087636e+02
   endloop
 endfacet
 facet normal -1.000000e+00  0.000000e+00  0.000000e+00
   outer loop
     vertex -1.861000e+02  4.850596e+02 -1.077753e+02
     vertex -1.861000e+02  4.852809e+02 -1.074304e+02
     vertex -1.861000e+02  4.866768e+02 -1.081043e+02
   endloop
 endfacet
 facet normal -1.000000e+00  0.000000e+00  0.000000e+00
   outer loop
     vertex -1.861000e+02  4.827379e+02 -1.053255e+02
     vertex -1.861000e+02  4.824962e+02 -1.036929e+02
     vertex -1.861000e+02  4.830942e+02 -1.051229e+02
   endloop
 endfacet
 facet normal -1.000000e+00  0.000000e+00  0.000000e+00
   outer loop
     vertex -1.861000e+02  4.827379e+02 -1.053255e+02
     vertex -1.861000e+02  4.818151e+02 -1.040801e+02
     vertex -1.861000e+02  4.824962e+02 -1.036929e+02
   endloop
 endfacet
 facet normal -1.000000e+00  0.000000e+00  0.000000e+00
   outer loop
     vertex -1.861000e+02  4.856849e+02 -1.093026e+02
     vertex -1.861000e+02  4.850596e+02 -1.077753e+02
     vertex -1.861000e+02  4.862536e+02 -1.087636e+02
   endloop
 endfacet
 facet normal -1.000000e+00  0.000000e+00  0.000000e+00
   outer loop
     vertex -1.861000e+02  4.856849e+02 -1.093026e+02
     vertex -1.861000e+02  4.847621e+02 -1.080572e+02
     vertex -1.861000e+02  4.850596e+02 -1.077753e+02
   endloop
 endfacet
 facet normal -1.000000e+00  0.000000e+00  0.000000e+00
   outer loop
     vertex -1.861000e+02  4.844058e+02 -1.082597e+02
     vertex -1.861000e+02  4.847621e+02 -1.080572e+02
     vertex -1.861000e+02  4.856849e+02 -1.093026e+02
   endloop
 endfacet
 facet normal -1.000000e+00  0.000000e+00  0.000000e+00
   outer loop
     vertex -1.861000e+02  4.812464e+02 -1.046190e+02
     vertex -1.861000e+02  4.827379e+02 -1.053255e+02
     vertex -1.861000e+02  4.824404e+02 -1.056074e+02
   endloop
 endfacet
 facet normal -1.000000e+00  0.000000e+00  0.000000e+00
   outer loop
     vertex -1.861000e+02  4.812464e+02 -1.046190e+02
     vertex -1.861000e+02  4.818151e+02 -1.040801e+02
     vertex -1.861000e+02  4.827379e+02 -1.053255e+02
   endloop
 endfacet
 facet normal -1.000000e+00  0.000000e+00  0.000000e+00
   outer loop
     vertex -1.861000e+02  4.822191e+02 -1.059523e+02
     vertex -1.861000e+02  4.812464e+02 -1.046190e+02
     vertex -1.861000e+02  4.824404e+02 -1.056074e+02
   endloop
 endfacet
 facet normal -1.000000e+00  0.000000e+00  0.000000e+00
   outer loop
     vertex -1.861000e+02  4.850038e+02 -1.096898e+02
     vertex -1.861000e+02  4.844058e+02 -1.082597e+02
     vertex -1.861000e+02  4.856849e+02 -1.093026e+02
   endloop
 endfacet
 facet normal -1.000000e+00  0.000000e+00  0.000000e+00
   outer loop
     vertex -1.861000e+02  4.808232e+02 -1.052784e+02
     vertex -1.861000e+02  4.812464e+02 -1.046190e+02
     vertex -1.861000e+02  4.822191e+02 -1.059523e+02
   endloop
 endfacet
 facet normal -1.000000e+00  0.000000e+00  0.000000e+00
   outer loop
     vertex -1.861000e+02  4.842498e+02 -1.099027e+02
     vertex -1.861000e+02  4.844058e+02 -1.082597e+02
     vertex -1.861000e+02  4.850038e+02 -1.096898e+02
   endloop
 endfacet
 facet normal -1.000000e+00  7.404907e-14 -7.032842e-15
   outer loop
     vertex -1.861000e+02  4.842498e+02 -1.099027e+02
     vertex -1.861000e+02  4.840114e+02 -1.083711e+02
     vertex -1.861000e+02  4.844058e+02 -1.082597e+02
   endloop
 endfacet
 facet normal -1.000000e+00  0.000000e+00  0.000000e+00
   outer loop
     vertex -1.861000e+02  4.805701e+02 -1.060199e+02
     vertex -1.861000e+02  4.808232e+02 -1.052784e+02
     vertex -1.861000e+02  4.822191e+02 -1.059523e+02
   endloop
 endfacet
 facet normal -1.000000e+00  0.000000e+00  0.000000e+00
   outer loop
     vertex -1.861000e+02  4.805701e+02 -1.060199e+02
     vertex -1.861000e+02  4.822191e+02 -1.059523e+02
     vertex -1.861000e+02  4.820867e+02 -1.063401e+02
   endloop
 endfacet
 facet normal -1.000000e+00  3.672746e-14 -1.284132e-14
   outer loop
     vertex -1.861000e+02  4.834667e+02 -1.099290e+02
     vertex -1.861000e+02  4.840114e+02 -1.083711e+02
     vertex -1.861000e+02  4.842498e+02 -1.099027e+02
   endloop
 endfacet
 facet normal -1.000000e+00  0.000000e+00  0.000000e+00
   outer loop
     vertex -1.861000e+02  4.834667e+02 -1.099290e+02
     vertex -1.861000e+02  4.836018e+02 -1.083849e+02
     vertex -1.861000e+02  4.840114e+02 -1.083711e+02
   endloop
 endfacet
 facet normal -1.000000e+00  0.000000e+00  0.000000e+00
   outer loop
     vertex -1.861000e+02  4.805018e+02 -1.068004e+02
     vertex -1.861000e+02  4.805701e+02 -1.060199e+02
     vertex -1.861000e+02  4.820867e+02 -1.063401e+02
   endloop
 endfacet
 facet normal -1.000000e+00  0.000000e+00  0.000000e+00
   outer loop
     vertex -1.861000e+02  4.805018e+02 -1.068004e+02
     vertex -1.861000e+02  4.820867e+02 -1.063401e+02
     vertex -1.861000e+02  4.820510e+02 -1.067484e+02
   endloop
 endfacet
 facet normal -1.000000e+00  0.000000e+00  0.000000e+00
   outer loop
     vertex -1.861000e+02  4.827002e+02 -1.097671e+02
     vertex -1.861000e+02  4.836018e+02 -1.083849e+02
     vertex -1.861000e+02  4.834667e+02 -1.099290e+02
   endloop
 endfacet
 facet normal -1.000000e+00  0.000000e+00  0.000000e+00
   outer loop
     vertex -1.861000e+02  4.827002e+02 -1.097671e+02
     vertex -1.861000e+02  4.832009e+02 -1.083002e+02
     vertex -1.861000e+02  4.836018e+02 -1.083849e+02
   endloop
 endfacet
 facet normal -1.000000e+00  0.000000e+00  0.000000e+00
   outer loop
     vertex -1.861000e+02  4.806223e+02 -1.075746e+02
     vertex -1.861000e+02  4.821140e+02 -1.071533e+02
     vertex -1.861000e+02  4.822721e+02 -1.075314e+02
   endloop
 endfacet
 facet normal -1.000000e+00  0.000000e+00  0.000000e+00
   outer loop
     vertex -1.861000e+02  4.806223e+02 -1.075746e+02
     vertex -1.861000e+02  4.820510e+02 -1.067484e+02
     vertex -1.861000e+02  4.821140e+02 -1.071533e+02
   endloop
 endfacet
 facet normal -1.000000e+00  0.000000e+00  0.000000e+00
   outer loop
     vertex -1.861000e+02  4.806223e+02 -1.075746e+02
     vertex -1.861000e+02  4.805018e+02 -1.068004e+02
     vertex -1.861000e+02  4.820510e+02 -1.067484e+02
   endloop
 endfacet
 facet normal -1.000000e+00  0.000000e+00  0.000000e+00
   outer loop
     vertex -1.861000e+02  4.819946e+02 -1.094265e+02
     vertex -1.861000e+02  4.828318e+02 -1.081220e+02
     vertex -1.861000e+02  4.832009e+02 -1.083002e+02
   endloop
 endfacet
 facet normal -1.000000e+00  0.000000e+00  0.000000e+00
   outer loop
     vertex -1.861000e+02  4.819946e+02 -1.094265e+02
     vertex -1.861000e+02  4.825161e+02 -1.078607e+02
     vertex -1.861000e+02  4.828318e+02 -1.081220e+02
   endloop
 endfacet
 facet normal -1.000000e+00  0.000000e+00  0.000000e+00
   outer loop
     vertex -1.861000e+02  4.819946e+02 -1.094265e+02
     vertex -1.861000e+02  4.832009e+02 -1.083002e+02
     vertex -1.861000e+02  4.827002e+02 -1.097671e+02
   endloop
 endfacet
 facet normal -1.000000e+00  0.000000e+00  0.000000e+00
   outer loop
     vertex -1.861000e+02  4.809246e+02 -1.082974e+02
     vertex -1.861000e+02  4.806223e+02 -1.075746e+02
     vertex -1.861000e+02  4.822721e+02 -1.075314e+02
   endloop
 endfacet
 facet normal -1.000000e+00  0.000000e+00  0.000000e+00
   outer loop
     vertex -1.861000e+02  4.813910e+02 -1.089269e+02
     vertex -1.861000e+02  4.822721e+02 -1.075314e+02
     vertex -1.861000e+02  4.825161e+02 -1.078607e+02
   endloop
 endfacet
 facet normal -1.000000e+00  0.000000e+00  0.000000e+00
   outer loop
     vertex -1.861000e+02  4.813910e+02 -1.089269e+02
     vertex -1.861000e+02  4.825161e+02 -1.078607e+02
     vertex -1.861000e+02  4.819946e+02 -1.094265e+02
   endloop
 endfacet
 facet normal -1.000000e+00  0.000000e+00  0.000000e+00
   outer loop
     vertex -1.861000e+02  4.813910e+02 -1.089269e+02
     vertex -1.861000e+02  4.809246e+02 -1.082974e+02
     vertex -1.861000e+02  4.822721e+02 -1.075314e+02
   endloop
 endfacet
 facet normal -7.328046e-15  2.065983e-01  9.784259e-01
   outer loop
     vertex -1.896000e+02  4.692002e+02 -1.097671e+02
     vertex -1.861000e+02  4.699667e+02 -1.099290e+02
     vertex -1.896000e+02  4.699667e+02 -1.099290e+02
   endloop
 endfacet
 facet normal -0.000000e+00  2.065983e-01  9.784259e-01
   outer loop
     vertex -1.896000e+02  4.692002e+02 -1.097671e+02
     vertex -1.861000e+02  4.692002e+02 -1.097671e+02
     vertex -1.861000e+02  4.699667e+02 -1.099290e+02
   endloop
 endfacet
 facet normal -1.071719e-14  4.347475e-01  9.005524e-01
   outer loop
     vertex -1.896000e+02  4.684946e+02 -1.094265e+02
     vertex -1.861000e+02  4.684946e+02 -1.094265e+02
     vertex -1.861000e+02  4.692002e+02 -1.097671e+02
   endloop
 endfacet
 facet normal -1.348352e-14  6.376309e-01  7.703421e-01
   outer loop
     vertex -1.896000e+02  4.684946e+02 -1.094265e+02
     vertex -1.861000e+02  4.678910e+02 -1.089269e+02
     vertex -1.861000e+02  4.684946e+02 -1.094265e+02
   endloop
 endfacet
 facet normal  0.000000e+00  4.347475e-01  9.005524e-01
   outer loop
     vertex -1.896000e+02  4.684946e+02 -1.094265e+02
     vertex -1.861000e+02  4.692002e+02 -1.097671e+02
     vertex -1.896000e+02  4.692002e+02 -1.097671e+02
   endloop
 endfacet
 facet normal -1.035575e-14  6.376309e-01  7.703421e-01
   outer loop
     vertex -1.896000e+02  4.678910e+02 -1.089269e+02
     vertex -1.861000e+02  4.678910e+02 -1.089269e+02
     vertex -1.896000e+02  4.684946e+02 -1.094265e+02
   endloop
 endfacet
 facet normal -1.546625e-14  8.034574e-01  5.953623e-01
   outer loop
     vertex -1.896000e+02  4.674246e+02 -1.082974e+02
     vertex -1.861000e+02  4.674246e+02 -1.082974e+02
     vertex -1.861000e+02  4.678910e+02 -1.089269e+02
   endloop
 endfacet
 facet normal -1.305688e-14  8.034574e-01  5.953623e-01
   outer loop
     vertex -1.896000e+02  4.674246e+02 -1.082974e+02
     vertex -1.861000e+02  4.678910e+02 -1.089269e+02
     vertex -1.896000e+02  4.678910e+02 -1.089269e+02
   endloop
 endfacet
 facet normal -0.000000e+00  9.225899e-01  3.857822e-01
   outer loop
     vertex -1.896000e+02  4.671223e+02 -1.075746e+02
     vertex -1.861000e+02  4.671223e+02 -1.075746e+02
     vertex -1.861000e+02  4.674246e+02 -1.082974e+02
   endloop
 endfacet
 facet normal -0.000000e+00  9.881048e-01  1.537818e-01
   outer loop
     vertex -1.896000e+02  4.671223e+02 -1.075746e+02
     vertex -1.861000e+02  4.670018e+02 -1.068004e+02
     vertex -1.861000e+02  4.671223e+02 -1.075746e+02
   endloop
 endfacet
 facet normal -1.655895e-14  9.225899e-01  3.857822e-01
   outer loop
     vertex -1.896000e+02  4.671223e+02 -1.075746e+02
     vertex -1.861000e+02  4.674246e+02 -1.082974e+02
     vertex -1.896000e+02  4.674246e+02 -1.082974e+02
   endloop
 endfacet
 facet normal -1.604779e-14  9.881048e-01  1.537818e-01
   outer loop
     vertex -1.896000e+02  4.670018e+02 -1.068004e+02
     vertex -1.861000e+02  4.670018e+02 -1.068004e+02
     vertex -1.896000e+02  4.671223e+02 -1.075746e+02
   endloop
 endfacet
 facet normal  0.000000e+00  9.961947e-01 -8.715574e-02
   outer loop
     vertex -1.896000e+02  4.670701e+02 -1.060199e+02
     vertex -1.861000e+02  4.670701e+02 -1.060199e+02
     vertex -1.861000e+02  4.670018e+02 -1.068004e+02
   endloop
 endfacet
 facet normal -1.617939e-14  9.961947e-01 -8.715574e-02
   outer loop
     vertex -1.896000e+02  4.670701e+02 -1.060199e+02
     vertex -1.861000e+02  4.670018e+02 -1.068004e+02
     vertex -1.896000e+02  4.670018e+02 -1.068004e+02
   endloop
 endfacet
 facet normal  0.000000e+00  9.463894e-01 -3.230282e-01
   outer loop
     vertex -1.896000e+02  4.673232e+02 -1.052784e+02
     vertex -1.861000e+02  4.673232e+02 -1.052784e+02
     vertex -1.861000e+02  4.670701e+02 -1.060199e+02
   endloop
 endfacet
 facet normal  0.000000e+00  9.463894e-01 -3.230282e-01
   outer loop
     vertex -1.896000e+02  4.673232e+02 -1.052784e+02
     vertex -1.861000e+02  4.670701e+02 -1.060199e+02
     vertex -1.896000e+02  4.670701e+02 -1.060199e+02
   endloop
 endfacet
 facet normal  0.000000e+00  8.415833e-01 -5.401273e-01
   outer loop
     vertex -1.896000e+02  4.677464e+02 -1.046190e+02
     vertex -1.861000e+02  4.677464e+02 -1.046190e+02
     vertex -1.861000e+02  4.673232e+02 -1.052784e+02
   endloop
 endfacet
 facet normal  0.000000e+00  8.415833e-01 -5.401273e-01
   outer loop
     vertex -1.896000e+02  4.677464e+02 -1.046190e+02
     vertex -1.861000e+02  4.673232e+02 -1.052784e+02
     vertex -1.896000e+02  4.673232e+02 -1.052784e+02
   endloop
 endfacet
 facet normal  0.000000e+00  6.878675e-01 -7.258363e-01
   outer loop
     vertex -1.896000e+02  4.683151e+02 -1.040801e+02
     vertex -1.861000e+02  4.683151e+02 -1.040801e+02
     vertex -1.861000e+02  4.677464e+02 -1.046190e+02
   endloop
 endfacet
 facet normal  0.000000e+00  6.878675e-01 -7.258363e-01
   outer loop
     vertex -1.896000e+02  4.683151e+02 -1.040801e+02
     vertex -1.861000e+02  4.677464e+02 -1.046190e+02
     vertex -1.896000e+02  4.677464e+02 -1.046190e+02
   endloop
 endfacet
 facet normal  0.000000e+00  4.941753e-01 -8.693623e-01
   outer loop
     vertex -1.896000e+02  4.689962e+02 -1.036929e+02
     vertex -1.861000e+02  4.689962e+02 -1.036929e+02
     vertex -1.861000e+02  4.683151e+02 -1.040801e+02
   endloop
 endfacet
 facet normal  0.000000e+00  4.941753e-01 -8.693623e-01
   outer loop
     vertex -1.896000e+02  4.689962e+02 -1.036929e+02
     vertex -1.861000e+02  4.683151e+02 -1.040801e+02
     vertex -1.896000e+02  4.683151e+02 -1.040801e+02
   endloop
 endfacet
 facet normal  0.000000e+00  2.717635e-01 -9.623641e-01
   outer loop
     vertex -1.896000e+02  4.697502e+02 -1.034800e+02
     vertex -1.861000e+02  4.697502e+02 -1.034800e+02
     vertex -1.861000e+02  4.689962e+02 -1.036929e+02
   endloop
 endfacet
 facet normal  0.000000e+00  2.717635e-01 -9.623641e-01
   outer loop
     vertex -1.896000e+02  4.697502e+02 -1.034800e+02
     vertex -1.861000e+02  4.689962e+02 -1.036929e+02
     vertex -1.896000e+02  4.689962e+02 -1.036929e+02
   endloop
 endfacet
 facet normal -5.450102e-16  3.355772e-02 -9.994368e-01
   outer loop
     vertex -1.896000e+02  4.705333e+02 -1.034537e+02
     vertex -1.861000e+02  4.705333e+02 -1.034537e+02
     vertex -1.861000e+02  4.697502e+02 -1.034800e+02
   endloop
 endfacet
 facet normal  0.000000e+00  3.355772e-02 -9.994368e-01
   outer loop
     vertex -1.896000e+02  4.705333e+02 -1.034537e+02
     vertex -1.861000e+02  4.697502e+02 -1.034800e+02
     vertex -1.896000e+02  4.697502e+02 -1.034800e+02
   endloop
 endfacet
 facet normal -1.000000e+00  0.000000e+00  0.000000e+00
   outer loop
     vertex -1.861000e+02  4.717279e+02 -1.058512e+02
     vertex -1.861000e+02  4.726090e+02 -1.044558e+02
     vertex -1.861000e+02  4.730754e+02 -1.050853e+02
   endloop
 endfacet
 facet normal -1.000000e+00  0.000000e+00  0.000000e+00
   outer loop
     vertex -1.861000e+02  4.717279e+02 -1.058512e+02
     vertex -1.861000e+02  4.714839e+02 -1.055220e+02
     vertex -1.861000e+02  4.726090e+02 -1.044558e+02
   endloop
 endfacet
 facet normal -1.000000e+00  0.000000e+00  0.000000e+00
   outer loop
     vertex -1.861000e+02  4.711682e+02 -1.052607e+02
     vertex -1.861000e+02  4.712998e+02 -1.036156e+02
     vertex -1.861000e+02  4.720054e+02 -1.039562e+02
   endloop
 endfacet
 facet normal -1.000000e+00  0.000000e+00  0.000000e+00
   outer loop
     vertex -1.861000e+02  4.711682e+02 -1.052607e+02
     vertex -1.861000e+02  4.720054e+02 -1.039562e+02
     vertex -1.861000e+02  4.726090e+02 -1.044558e+02
   endloop
 endfacet
 facet normal -1.000000e+00  0.000000e+00  0.000000e+00
   outer loop
     vertex -1.861000e+02  4.711682e+02 -1.052607e+02
     vertex -1.861000e+02  4.726090e+02 -1.044558e+02
     vertex -1.861000e+02  4.714839e+02 -1.055220e+02
   endloop
 endfacet
 facet normal -1.000000e+00  0.000000e+00  0.000000e+00
   outer loop
     vertex -1.861000e+02  4.718860e+02 -1.062293e+02
     vertex -1.861000e+02  4.730754e+02 -1.050853e+02
     vertex -1.861000e+02  4.733777e+02 -1.058081e+02
   endloop
 endfacet
 facet normal -1.000000e+00  0.000000e+00  0.000000e+00
   outer loop
     vertex -1.861000e+02  4.718860e+02 -1.062293e+02
     vertex -1.861000e+02  4.717279e+02 -1.058512e+02
     vertex -1.861000e+02  4.730754e+02 -1.050853e+02
   endloop
 endfacet
 facet normal -1.000000e+00  0.000000e+00  0.000000e+00
   outer loop
     vertex -1.861000e+02  4.707991e+02 -1.050825e+02
     vertex -1.861000e+02  4.712998e+02 -1.036156e+02
     vertex -1.861000e+02  4.711682e+02 -1.052607e+02
   endloop
 endfacet
 facet normal -1.000000e+00  0.000000e+00  0.000000e+00
   outer loop
     vertex -1.861000e+02  4.719490e+02 -1.066343e+02
     vertex -1.861000e+02  4.733777e+02 -1.058081e+02
     vertex -1.861000e+02  4.734982e+02 -1.065823e+02
   endloop
 endfacet
 facet normal -1.000000e+00  0.000000e+00  0.000000e+00
   outer loop
     vertex -1.861000e+02  4.719490e+02 -1.066343e+02
     vertex -1.861000e+02  4.718860e+02 -1.062293e+02
     vertex -1.861000e+02  4.733777e+02 -1.058081e+02
   endloop
 endfacet
 facet normal -1.000000e+00 -3.640323e-14  3.184870e-15
   outer loop
     vertex -1.861000e+02  4.703982e+02 -1.049978e+02
     vertex -1.861000e+02  4.705333e+02 -1.034537e+02
     vertex -1.861000e+02  4.712998e+02 -1.036156e+02
   endloop
 endfacet
 facet normal -1.000000e+00 -6.611500e-14  2.256683e-14
   outer loop
     vertex -1.861000e+02  4.703982e+02 -1.049978e+02
     vertex -1.861000e+02  4.712998e+02 -1.036156e+02
     vertex -1.861000e+02  4.707991e+02 -1.050825e+02
   endloop
 endfacet
 facet normal -1.000000e+00  0.000000e+00  0.000000e+00
   outer loop
     vertex -1.861000e+02  4.719133e+02 -1.070426e+02
     vertex -1.861000e+02  4.734982e+02 -1.065823e+02
     vertex -1.861000e+02  4.734299e+02 -1.073628e+02
   endloop
 endfacet
 facet normal -1.000000e+00  0.000000e+00  0.000000e+00
   outer loop
     vertex -1.861000e+02  4.719133e+02 -1.070426e+02
     vertex -1.861000e+02  4.719490e+02 -1.066343e+02
     vertex -1.861000e+02  4.734982e+02 -1.065823e+02
   endloop
 endfacet
 facet normal -1.000000e+00  0.000000e+00  0.000000e+00
   outer loop
     vertex -1.861000e+02  4.699886e+02 -1.050116e+02
     vertex -1.861000e+02  4.697502e+02 -1.034800e+02
     vertex -1.861000e+02  4.705333e+02 -1.034537e+02
   endloop
 endfacet
 facet normal -1.000000e+00  0.000000e+00  0.000000e+00
   outer loop
     vertex -1.861000e+02  4.699886e+02 -1.050116e+02
     vertex -1.861000e+02  4.705333e+02 -1.034537e+02
     vertex -1.861000e+02  4.703982e+02 -1.049978e+02
   endloop
 endfacet
 facet normal -1.000000e+00  0.000000e+00  0.000000e+00
   outer loop
     vertex -1.861000e+02  4.717809e+02 -1.074304e+02
     vertex -1.861000e+02  4.734299e+02 -1.073628e+02
     vertex -1.861000e+02  4.731768e+02 -1.081043e+02
   endloop
 endfacet
 facet normal -1.000000e+00  0.000000e+00  0.000000e+00
   outer loop
     vertex -1.861000e+02  4.717809e+02 -1.074304e+02
     vertex -1.861000e+02  4.719133e+02 -1.070426e+02
     vertex -1.861000e+02  4.734299e+02 -1.073628e+02
   endloop
 endfacet
 facet normal -1.000000e+00  0.000000e+00  0.000000e+00
   outer loop
     vertex -1.861000e+02  4.695942e+02 -1.051229e+02
     vertex -1.861000e+02  4.689962e+02 -1.036929e+02
     vertex -1.861000e+02  4.697502e+02 -1.034800e+02
   endloop
 endfacet
 facet normal -1.000000e+00  0.000000e+00  0.000000e+00
   outer loop
     vertex -1.861000e+02  4.695942e+02 -1.051229e+02
     vertex -1.861000e+02  4.697502e+02 -1.034800e+02
     vertex -1.861000e+02  4.699886e+02 -1.050116e+02
   endloop
 endfacet
 facet normal -1.000000e+00  0.000000e+00  0.000000e+00
   outer loop
     vertex -1.861000e+02  4.715596e+02 -1.077753e+02
     vertex -1.861000e+02  4.731768e+02 -1.081043e+02
     vertex -1.861000e+02  4.727536e+02 -1.087636e+02
   endloop
 endfacet
 facet normal -1.000000e+00  0.000000e+00  0.000000e+00
   outer loop
     vertex -1.861000e+02  4.715596e+02 -1.077753e+02
     vertex -1.861000e+02  4.717809e+02 -1.074304e+02
     vertex -1.861000e+02  4.731768e+02 -1.081043e+02
   endloop
 endfacet
 facet normal -1.000000e+00 -3.848821e-14 -5.697679e-15
   outer loop
     vertex -1.861000e+02  4.692379e+02 -1.053255e+02
     vertex -1.861000e+02  4.683151e+02 -1.040801e+02
     vertex -1.861000e+02  4.689962e+02 -1.036929e+02
   endloop
 endfacet
 facet normal -1.000000e+00  0.000000e+00  0.000000e+00
   outer loop
     vertex -1.861000e+02  4.692379e+02 -1.053255e+02
     vertex -1.861000e+02  4.689962e+02 -1.036929e+02
     vertex -1.861000e+02  4.695942e+02 -1.051229e+02
   endloop
 endfacet
 facet normal -1.000000e+00  0.000000e+00  0.000000e+00
   outer loop
     vertex -1.861000e+02  4.721849e+02 -1.093026e+02
     vertex -1.861000e+02  4.712621e+02 -1.080572e+02
     vertex -1.861000e+02  4.715596e+02 -1.077753e+02
   endloop
 endfacet
 facet normal -1.000000e+00  0.000000e+00  0.000000e+00
   outer loop
     vertex -1.861000e+02  4.721849e+02 -1.093026e+02
     vertex -1.861000e+02  4.715596e+02 -1.077753e+02
     vertex -1.861000e+02  4.727536e+02 -1.087636e+02
   endloop
 endfacet
 facet normal -1.000000e+00 -1.270578e-14  1.340711e-14
   outer loop
     vertex -1.861000e+02  4.677464e+02 -1.046190e+02
     vertex -1.861000e+02  4.683151e+02 -1.040801e+02
     vertex -1.861000e+02  4.692379e+02 -1.053255e+02
   endloop
 endfacet
 facet normal -1.000000e+00 -1.270578e-14  1.340711e-14
   outer loop
     vertex -1.861000e+02  4.677464e+02 -1.046190e+02
     vertex -1.861000e+02  4.692379e+02 -1.053255e+02
     vertex -1.861000e+02  4.689404e+02 -1.056074e+02
   endloop
 endfacet
 facet normal -1.000000e+00  0.000000e+00  0.000000e+00
   outer loop
     vertex -1.861000e+02  4.715038e+02 -1.096898e+02
     vertex -1.861000e+02  4.712621e+02 -1.080572e+02
     vertex -1.861000e+02  4.721849e+02 -1.093026e+02
   endloop
 endfacet
 facet normal -1.000000e+00  0.000000e+00  0.000000e+00
   outer loop
     vertex -1.861000e+02  4.715038e+02 -1.096898e+02
     vertex -1.861000e+02  4.709058e+02 -1.082597e+02
     vertex -1.861000e+02  4.712621e+02 -1.080572e+02
   endloop
 endfacet
 facet normal -1.000000e+00  0.000000e+00  0.000000e+00
   outer loop
     vertex -1.861000e+02  4.715038e+02 -1.096898e+02
     vertex -1.861000e+02  4.705114e+02 -1.083711e+02
     vertex -1.861000e+02  4.709058e+02 -1.082597e+02
   endloop
 endfacet
 facet normal -1.000000e+00 -1.554511e-14  9.976834e-15
   outer loop
     vertex -1.861000e+02  4.673232e+02 -1.052784e+02
     vertex -1.861000e+02  4.677464e+02 -1.046190e+02
     vertex -1.861000e+02  4.689404e+02 -1.056074e+02
   endloop
 endfacet
 facet normal -1.000000e+00 -1.748101e-14  5.966738e-15
   outer loop
     vertex -1.861000e+02  4.673232e+02 -1.052784e+02
     vertex -1.861000e+02  4.687191e+02 -1.059523e+02
     vertex -1.861000e+02  4.685867e+02 -1.063401e+02
   endloop
 endfacet
 facet normal -1.000000e+00 -1.554511e-14  9.976834e-15
   outer loop
     vertex -1.861000e+02  4.673232e+02 -1.052784e+02
     vertex -1.861000e+02  4.689404e+02 -1.056074e+02
     vertex -1.861000e+02  4.687191e+02 -1.059523e+02
   endloop
 endfacet
 facet normal -1.000000e+00  0.000000e+00  0.000000e+00
   outer loop
     vertex -1.861000e+02  4.707498e+02 -1.099027e+02
     vertex -1.861000e+02  4.705114e+02 -1.083711e+02
     vertex -1.861000e+02  4.715038e+02 -1.096898e+02
   endloop
 endfacet
 facet normal -1.000000e+00 -1.748101e-14  5.966738e-15
   outer loop
     vertex -1.861000e+02  4.670701e+02 -1.060199e+02
     vertex -1.861000e+02  4.673232e+02 -1.052784e+02
     vertex -1.861000e+02  4.685867e+02 -1.063401e+02
   endloop
 endfacet
 facet normal -1.000000e+00  0.000000e+00  0.000000e+00
   outer loop
     vertex -1.861000e+02  4.699667e+02 -1.099290e+02
     vertex -1.861000e+02  4.701018e+02 -1.083849e+02
     vertex -1.861000e+02  4.705114e+02 -1.083711e+02
   endloop
 endfacet
 facet normal -1.000000e+00 -6.959441e-14  6.088722e-15
   outer loop
     vertex -1.861000e+02  4.699667e+02 -1.099290e+02
     vertex -1.861000e+02  4.697009e+02 -1.083002e+02
     vertex -1.861000e+02  4.701018e+02 -1.083849e+02
   endloop
 endfacet
 facet normal -1.000000e+00  0.000000e+00  0.000000e+00
   outer loop
     vertex -1.861000e+02  4.699667e+02 -1.099290e+02
     vertex -1.861000e+02  4.705114e+02 -1.083711e+02
     vertex -1.861000e+02  4.707498e+02 -1.099027e+02
   endloop
 endfacet
 facet normal -1.000000e+00 -1.840097e-14  1.609877e-15
   outer loop
     vertex -1.861000e+02  4.670018e+02 -1.068004e+02
     vertex -1.861000e+02  4.670701e+02 -1.060199e+02
     vertex -1.861000e+02  4.685867e+02 -1.063401e+02
   endloop
 endfacet
 facet normal -1.000000e+00 -1.840097e-14  1.609877e-15
   outer loop
     vertex -1.861000e+02  4.670018e+02 -1.068004e+02
     vertex -1.861000e+02  4.685867e+02 -1.063401e+02
     vertex -1.861000e+02  4.685510e+02 -1.067484e+02
   endloop
 endfacet
 facet normal -1.000000e+00  0.000000e+00  0.000000e+00
   outer loop
     vertex -1.861000e+02  4.692002e+02 -1.097671e+02
     vertex -1.861000e+02  4.693318e+02 -1.081220e+02
     vertex -1.861000e+02  4.697009e+02 -1.083002e+02
   endloop
 endfacet
 facet normal -1.000000e+00 -3.458323e-14  1.180419e-14
   outer loop
     vertex -1.861000e+02  4.692002e+02 -1.097671e+02
     vertex -1.861000e+02  4.697009e+02 -1.083002e+02
     vertex -1.861000e+02  4.699667e+02 -1.099290e+02
   endloop
 endfacet
 facet normal -1.000000e+00 -1.825154e-14 -2.840545e-15
   outer loop
     vertex -1.861000e+02  4.671223e+02 -1.075746e+02
     vertex -1.861000e+02  4.685510e+02 -1.067484e+02
     vertex -1.861000e+02  4.686140e+02 -1.071533e+02
   endloop
 endfacet
 facet normal -1.000000e+00 -1.825154e-14 -2.840545e-15
   outer loop
     vertex -1.861000e+02  4.671223e+02 -1.075746e+02
     vertex -1.861000e+02  4.670018e+02 -1.068004e+02
     vertex -1.861000e+02  4.685510e+02 -1.067484e+02
   endloop
 endfacet
 facet normal -1.000000e+00  0.000000e+00  0.000000e+00
   outer loop
     vertex -1.861000e+02  4.684946e+02 -1.094265e+02
     vertex -1.861000e+02  4.693318e+02 -1.081220e+02
     vertex -1.861000e+02  4.692002e+02 -1.097671e+02
   endloop
 endfacet
 facet normal -1.000000e+00 -1.704140e-14 -7.125884e-15
   outer loop
     vertex -1.861000e+02  4.674246e+02 -1.082974e+02
     vertex -1.861000e+02  4.686140e+02 -1.071533e+02
     vertex -1.861000e+02  4.687721e+02 -1.075314e+02
   endloop
 endfacet
 facet normal -1.000000e+00 -1.704140e-14 -7.125884e-15
   outer loop
     vertex -1.861000e+02  4.674246e+02 -1.082974e+02
     vertex -1.861000e+02  4.671223e+02 -1.075746e+02
     vertex -1.861000e+02  4.686140e+02 -1.071533e+02
   endloop
 endfacet
 facet normal -1.000000e+00 -1.484087e-14 -1.099709e-14
   outer loop
     vertex -1.861000e+02  4.678910e+02 -1.089269e+02
     vertex -1.861000e+02  4.674246e+02 -1.082974e+02
     vertex -1.861000e+02  4.687721e+02 -1.075314e+02
   endloop
 endfacet
 facet normal -1.000000e+00 -1.177785e-14 -1.422919e-14
   outer loop
     vertex -1.861000e+02  4.678910e+02 -1.089269e+02
     vertex -1.861000e+02  4.690161e+02 -1.078607e+02
     vertex -1.861000e+02  4.693318e+02 -1.081220e+02
   endloop
 endfacet
 facet normal -1.000000e+00 -1.484087e-14 -1.099709e-14
   outer loop
     vertex -1.861000e+02  4.678910e+02 -1.089269e+02
     vertex -1.861000e+02  4.687721e+02 -1.075314e+02
     vertex -1.861000e+02  4.690161e+02 -1.078607e+02
   endloop
 endfacet
 facet normal -1.000000e+00 -3.075338e-14  1.973749e-14
   outer loop
     vertex -1.861000e+02  4.678910e+02 -1.089269e+02
     vertex -1.861000e+02  4.693318e+02 -1.081220e+02
     vertex -1.861000e+02  4.684946e+02 -1.094265e+02
   endloop
 endfacet
 facet normal  2.481534e-15  2.065983e-01  9.784259e-01
   outer loop
     vertex -1.896000e+02  4.765962e+02 -8.268299e+01
     vertex -1.840000e+02  4.768911e+02 -8.274524e+01
     vertex -1.896000e+02  4.768911e+02 -8.274524e+01
   endloop
 endfacet
 facet normal  2.482905e-15  2.065983e-01  9.784259e-01
   outer loop
     vertex -1.896000e+02  4.765962e+02 -8.268299e+01
     vertex -1.840000e+02  4.765962e+02 -8.268299e+01
     vertex -1.840000e+02  4.768911e+02 -8.274524e+01
   endloop
 endfacet
 facet normal -0.000000e+00  4.347475e-01  9.005524e-01
   outer loop
     vertex -1.896000e+02  4.763248e+02 -8.255198e+01
     vertex -1.840000e+02  4.763248e+02 -8.255198e+01
     vertex -1.840000e+02  4.765962e+02 -8.268299e+01
   endloop
 endfacet
 facet normal  2.286219e-15  4.347475e-01  9.005524e-01
   outer loop
     vertex -1.896000e+02  4.763248e+02 -8.255198e+01
     vertex -1.840000e+02  4.765962e+02 -8.268299e+01
     vertex -1.896000e+02  4.765962e+02 -8.268299e+01
   endloop
 endfacet
 facet normal  1.954861e-15  6.376309e-01  7.703421e-01
   outer loop
     vertex -1.896000e+02  4.760927e+02 -8.235983e+01
     vertex -1.840000e+02  4.760927e+02 -8.235983e+01
     vertex -1.840000e+02  4.763248e+02 -8.255198e+01
   endloop
 endfacet
 facet normal  0.000000e+00  6.376309e-01  7.703421e-01
   outer loop
     vertex -1.896000e+02  4.760927e+02 -8.235983e+01
     vertex -1.840000e+02  4.763248e+02 -8.255198e+01
     vertex -1.896000e+02  4.763248e+02 -8.255198e+01
   endloop
 endfacet
 facet normal -0.000000e+00  8.034574e-01  5.953623e-01
   outer loop
     vertex -1.896000e+02  4.759133e+02 -8.211772e+01
     vertex -1.840000e+02  4.759133e+02 -8.211772e+01
     vertex -1.840000e+02  4.760927e+02 -8.235983e+01
   endloop
 endfacet
 facet normal  1.513181e-15  8.034574e-01  5.953623e-01
   outer loop
     vertex -1.896000e+02  4.759133e+02 -8.211772e+01
     vertex -1.840000e+02  4.760927e+02 -8.235983e+01
     vertex -1.896000e+02  4.760927e+02 -8.235983e+01
   endloop
 endfacet
 facet normal -0.000000e+00  9.225899e-01  3.857822e-01
   outer loop
     vertex -1.896000e+02  4.757970e+02 -8.183970e+01
     vertex -1.840000e+02  4.757970e+02 -8.183970e+01
     vertex -1.840000e+02  4.759133e+02 -8.211772e+01
   endloop
 endfacet
 facet normal -0.000000e+00  9.881048e-01  1.537818e-01
   outer loop
     vertex -1.896000e+02  4.757970e+02 -8.183970e+01
     vertex -1.840000e+02  4.757507e+02 -8.154195e+01
     vertex -1.840000e+02  4.757970e+02 -8.183970e+01
   endloop
 endfacet
 facet normal  0.000000e+00  9.225899e-01  3.857822e-01
   outer loop
     vertex -1.896000e+02  4.757970e+02 -8.183970e+01
     vertex -1.840000e+02  4.759133e+02 -8.211772e+01
     vertex -1.896000e+02  4.759133e+02 -8.211772e+01
   endloop
 endfacet
 facet normal -0.000000e+00  9.881048e-01  1.537818e-01
   outer loop
     vertex -1.896000e+02  4.757507e+02 -8.154195e+01
     vertex -1.840000e+02  4.757507e+02 -8.154195e+01
     vertex -1.896000e+02  4.757970e+02 -8.183970e+01
   endloop
 endfacet
 facet normal -2.211710e-16  9.961947e-01 -8.715574e-02
   outer loop
     vertex -1.896000e+02  4.757770e+02 -8.124175e+01
     vertex -1.840000e+02  4.757770e+02 -8.124175e+01
     vertex -1.840000e+02  4.757507e+02 -8.154195e+01
   endloop
 endfacet
 facet normal  0.000000e+00  9.961947e-01 -8.715574e-02
   outer loop
     vertex -1.896000e+02  4.757770e+02 -8.124175e+01
     vertex -1.840000e+02  4.757507e+02 -8.154195e+01
     vertex -1.896000e+02  4.757507e+02 -8.154195e+01
   endloop
 endfacet
 facet normal  0.000000e+00  9.463894e-01 -3.230282e-01
   outer loop
     vertex -1.896000e+02  4.758743e+02 -8.095657e+01
     vertex -1.840000e+02  4.758743e+02 -8.095657e+01
     vertex -1.840000e+02  4.757770e+02 -8.124175e+01
   endloop
 endfacet
 facet normal -8.182689e-16  9.463894e-01 -3.230282e-01
   outer loop
     vertex -1.896000e+02  4.758743e+02 -8.095657e+01
     vertex -1.840000e+02  4.757770e+02 -8.124175e+01
     vertex -1.896000e+02  4.757770e+02 -8.124175e+01
   endloop
 endfacet
 facet normal -8.542584e-15  8.415833e-01 -5.401273e-01
   outer loop
     vertex -1.896000e+02  4.760371e+02 -8.070296e+01
     vertex -1.840000e+02  4.760371e+02 -8.070296e+01
     vertex -1.840000e+02  4.758743e+02 -8.095657e+01
   endloop
 endfacet
 facet normal  0.000000e+00  8.415833e-01 -5.401273e-01
   outer loop
     vertex -1.896000e+02  4.760371e+02 -8.070296e+01
     vertex -1.840000e+02  4.758743e+02 -8.095657e+01
     vertex -1.896000e+02  4.758743e+02 -8.095657e+01
   endloop
 endfacet
 facet normal -6.982275e-15  6.878675e-01 -7.258363e-01
   outer loop
     vertex -1.896000e+02  4.762558e+02 -8.049568e+01
     vertex -1.840000e+02  4.762558e+02 -8.049568e+01
     vertex -1.840000e+02  4.760371e+02 -8.070296e+01
   endloop
 endfacet
 facet normal -5.016181e-15  4.941753e-01 -8.693623e-01
   outer loop
     vertex -1.896000e+02  4.762558e+02 -8.049568e+01
     vertex -1.840000e+02  4.765178e+02 -8.034676e+01
     vertex -1.840000e+02  4.762558e+02 -8.049568e+01
   endloop
 endfacet
 facet normal -6.986125e-15  6.878675e-01 -7.258363e-01
   outer loop
     vertex -1.896000e+02  4.762558e+02 -8.049568e+01
     vertex -1.840000e+02  4.760371e+02 -8.070296e+01
     vertex -1.896000e+02  4.760371e+02 -8.070296e+01
   endloop
 endfacet
 facet normal  0.000000e+00  4.941753e-01 -8.693623e-01
   outer loop
     vertex -1.896000e+02  4.765178e+02 -8.034676e+01
     vertex -1.840000e+02  4.765178e+02 -8.034676e+01
     vertex -1.896000e+02  4.762558e+02 -8.049568e+01
   endloop
 endfacet
 facet normal -2.442146e-15  2.717635e-01 -9.623641e-01
   outer loop
     vertex -1.896000e+02  4.768078e+02 -8.026487e+01
     vertex -1.840000e+02  4.768078e+02 -8.026487e+01
     vertex -1.840000e+02  4.765178e+02 -8.034676e+01
   endloop
 endfacet
 facet normal  0.000000e+00  2.717635e-01 -9.623641e-01
   outer loop
     vertex -1.896000e+02  4.768078e+02 -8.026487e+01
     vertex -1.840000e+02  4.765178e+02 -8.034676e+01
     vertex -1.896000e+02  4.765178e+02 -8.034676e+01
   endloop
 endfacet
 facet normal  0.000000e+00  3.355772e-02 -9.994368e-01
   outer loop
     vertex -1.896000e+02  4.771089e+02 -8.025476e+01
     vertex -1.840000e+02  4.771089e+02 -8.025476e+01
     vertex -1.840000e+02  4.768078e+02 -8.026487e+01
   endloop
 endfacet
 facet normal -2.536274e-15  3.355772e-02 -9.994368e-01
   outer loop
     vertex -1.896000e+02  4.771089e+02 -8.025476e+01
     vertex -1.840000e+02  4.768078e+02 -8.026487e+01
     vertex -1.896000e+02  4.768078e+02 -8.026487e+01
   endloop
 endfacet
 facet normal  3.844630e-16  2.065983e-01  9.784259e-01
   outer loop
     vertex -1.896000e+02  4.882876e+02 -8.943299e+01
     vertex -1.840000e+02  4.885824e+02 -8.949524e+01
     vertex -1.896000e+02  4.885824e+02 -8.949524e+01
   endloop
 endfacet
 facet normal  2.482905e-15  2.065983e-01  9.784259e-01
   outer loop
     vertex -1.896000e+02  4.882876e+02 -8.943299e+01
     vertex -1.840000e+02  4.882876e+02 -8.943299e+01
     vertex -1.840000e+02  4.885824e+02 -8.949524e+01
   endloop
 endfacet
 facet normal  2.285289e-15  4.347475e-01  9.005524e-01
   outer loop
     vertex -1.896000e+02  4.880162e+02 -8.930198e+01
     vertex -1.840000e+02  4.880162e+02 -8.930198e+01
     vertex -1.840000e+02  4.882876e+02 -8.943299e+01
   endloop
 endfacet
 facet normal  2.286219e-15  4.347475e-01  9.005524e-01
   outer loop
     vertex -1.896000e+02  4.880162e+02 -8.930198e+01
     vertex -1.840000e+02  4.882876e+02 -8.943299e+01
     vertex -1.896000e+02  4.882876e+02 -8.943299e+01
   endloop
 endfacet
 facet normal -6.472342e-15  6.376309e-01  7.703421e-01
   outer loop
     vertex -1.896000e+02  4.877840e+02 -8.910983e+01
     vertex -1.840000e+02  4.877840e+02 -8.910983e+01
     vertex -1.840000e+02  4.880162e+02 -8.930198e+01
   endloop
 endfacet
 facet normal  1.957266e-15  6.376309e-01  7.703421e-01
   outer loop
     vertex -1.896000e+02  4.877840e+02 -8.910983e+01
     vertex -1.840000e+02  4.880162e+02 -8.930198e+01
     vertex -1.896000e+02  4.880162e+02 -8.930198e+01
   endloop
 endfacet
 facet normal -1.631117e-14  8.034574e-01  5.953623e-01
   outer loop
     vertex -1.896000e+02  4.876046e+02 -8.886772e+01
     vertex -1.840000e+02  4.876046e+02 -8.886772e+01
     vertex -1.840000e+02  4.877840e+02 -8.910983e+01
   endloop
 endfacet
 facet normal -8.158018e-15  8.034574e-01  5.953623e-01
   outer loop
     vertex -1.896000e+02  4.876046e+02 -8.886772e+01
     vertex -1.840000e+02  4.877840e+02 -8.910983e+01
     vertex -1.896000e+02  4.877840e+02 -8.910983e+01
   endloop
 endfacet
 facet normal -9.364851e-15  9.225899e-01  3.857822e-01
   outer loop
     vertex -1.896000e+02  4.874884e+02 -8.858970e+01
     vertex -1.840000e+02  4.874884e+02 -8.858970e+01
     vertex -1.840000e+02  4.876046e+02 -8.886772e+01
   endloop
 endfacet
 facet normal -1.002987e-14  9.881048e-01  1.537818e-01
   outer loop
     vertex -1.896000e+02  4.874884e+02 -8.858970e+01
     vertex -1.840000e+02  4.874420e+02 -8.829195e+01
     vertex -1.840000e+02  4.874884e+02 -8.858970e+01
   endloop
 endfacet
 facet normal -1.872972e-14  9.225899e-01  3.857822e-01
   outer loop
     vertex -1.896000e+02  4.874884e+02 -8.858970e+01
     vertex -1.840000e+02  4.876046e+02 -8.886772e+01
     vertex -1.896000e+02  4.876046e+02 -8.886772e+01
   endloop
 endfacet
 facet normal -1.002987e-14  9.881048e-01  1.537818e-01
   outer loop
     vertex -1.896000e+02  4.874420e+02 -8.829195e+01
     vertex -1.840000e+02  4.874420e+02 -8.829195e+01
     vertex -1.896000e+02  4.874884e+02 -8.858970e+01
   endloop
 endfacet
 facet normal -1.033316e-14  9.961947e-01 -8.715574e-02
   outer loop
     vertex -1.896000e+02  4.874683e+02 -8.799175e+01
     vertex -1.840000e+02  4.874683e+02 -8.799175e+01
     vertex -1.840000e+02  4.874420e+02 -8.829195e+01
   endloop
 endfacet
 facet normal -1.011220e-14  9.961947e-01 -8.715574e-02
   outer loop
     vertex -1.896000e+02  4.874683e+02 -8.799175e+01
     vertex -1.840000e+02  4.874420e+02 -8.829195e+01
     vertex -1.896000e+02  4.874420e+02 -8.829195e+01
   endloop
 endfacet
 facet normal -9.606430e-15  9.463894e-01 -3.230282e-01
   outer loop
     vertex -1.896000e+02  4.875657e+02 -8.770657e+01
     vertex -1.840000e+02  4.875657e+02 -8.770657e+01
     vertex -1.840000e+02  4.874683e+02 -8.799175e+01
   endloop
 endfacet
 facet normal -1.042573e-14  9.463894e-01 -3.230282e-01
   outer loop
     vertex -1.896000e+02  4.875657e+02 -8.770657e+01
     vertex -1.840000e+02  4.874683e+02 -8.799175e+01
     vertex -1.896000e+02  4.874683e+02 -8.799175e+01
   endloop
 endfacet
 facet normal -8.542584e-15  8.415833e-01 -5.401273e-01
   outer loop
     vertex -1.896000e+02  4.877284e+02 -8.745296e+01
     vertex -1.840000e+02  4.877284e+02 -8.745296e+01
     vertex -1.840000e+02  4.875657e+02 -8.770657e+01
   endloop
 endfacet
 facet normal -8.540425e-15  8.415833e-01 -5.401273e-01
   outer loop
     vertex -1.896000e+02  4.877284e+02 -8.745296e+01
     vertex -1.840000e+02  4.875657e+02 -8.770657e+01
     vertex -1.896000e+02  4.875657e+02 -8.770657e+01
   endloop
 endfacet
 facet normal  0.000000e+00  6.878675e-01 -7.258363e-01
   outer loop
     vertex -1.896000e+02  4.879471e+02 -8.724568e+01
     vertex -1.840000e+02  4.879471e+02 -8.724568e+01
     vertex -1.840000e+02  4.877284e+02 -8.745296e+01
   endloop
 endfacet
 facet normal  0.000000e+00  4.941753e-01 -8.693623e-01
   outer loop
     vertex -1.896000e+02  4.879471e+02 -8.724568e+01
     vertex -1.840000e+02  4.882091e+02 -8.709676e+01
     vertex -1.840000e+02  4.879471e+02 -8.724568e+01
   endloop
 endfacet
 facet normal -6.982013e-15  6.878675e-01 -7.258363e-01
   outer loop
     vertex -1.896000e+02  4.879471e+02 -8.724568e+01
     vertex -1.840000e+02  4.877284e+02 -8.745296e+01
     vertex -1.896000e+02  4.877284e+02 -8.745296e+01
   endloop
 endfacet
 facet normal -1.003236e-14  4.941753e-01 -8.693623e-01
   outer loop
     vertex -1.896000e+02  4.882091e+02 -8.709676e+01
     vertex -1.840000e+02  4.882091e+02 -8.709676e+01
     vertex -1.896000e+02  4.879471e+02 -8.724568e+01
   endloop
 endfacet
 facet normal -5.517130e-15  2.717635e-01 -9.623641e-01
   outer loop
     vertex -1.896000e+02  4.884991e+02 -8.701487e+01
     vertex -1.840000e+02  4.884991e+02 -8.701487e+01
     vertex -1.840000e+02  4.882091e+02 -8.709676e+01
   endloop
 endfacet
 facet normal -5.516119e-15  2.717635e-01 -9.623641e-01
   outer loop
     vertex -1.896000e+02  4.884991e+02 -8.701487e+01
     vertex -1.840000e+02  4.882091e+02 -8.709676e+01
     vertex -1.896000e+02  4.882091e+02 -8.709676e+01
   endloop
 endfacet
 facet normal -3.406314e-16  3.355772e-02 -9.994368e-01
   outer loop
     vertex -1.896000e+02  4.888003e+02 -8.700476e+01
     vertex -1.840000e+02  4.888003e+02 -8.700476e+01
     vertex -1.840000e+02  4.884991e+02 -8.701487e+01
   endloop
 endfacet
 facet normal -6.812911e-16  3.355772e-02 -9.994368e-01
   outer loop
     vertex -1.896000e+02  4.888003e+02 -8.700476e+01
     vertex -1.840000e+02  4.884991e+02 -8.701487e+01
     vertex -1.896000e+02  4.884991e+02 -8.701487e+01
   endloop
 endfacet
 facet normal  2.868053e-15  2.065983e-01  9.784259e-01
   outer loop
     vertex -1.896000e+02  4.882876e+02 -1.029330e+02
     vertex -1.840000e+02  4.885824e+02 -1.029952e+02
     vertex -1.896000e+02  4.885824e+02 -1.029952e+02
   endloop
 endfacet
 facet normal  2.482905e-15  2.065983e-01  9.784259e-01
   outer loop
     vertex -1.896000e+02  4.882876e+02 -1.029330e+02
     vertex -1.840000e+02  4.882876e+02 -1.029330e+02
     vertex -1.840000e+02  4.885824e+02 -1.029952e+02
   endloop
 endfacet
 facet normal -4.412953e-15  4.347475e-01  9.005524e-01
   outer loop
     vertex -1.896000e+02  4.880162e+02 -1.028020e+02
     vertex -1.840000e+02  4.880162e+02 -1.028020e+02
     vertex -1.840000e+02  4.882876e+02 -1.029330e+02
   endloop
 endfacet
 facet normal  2.286219e-15  4.347475e-01  9.005524e-01
   outer loop
     vertex -1.896000e+02  4.880162e+02 -1.028020e+02
     vertex -1.840000e+02  4.882876e+02 -1.029330e+02
     vertex -1.896000e+02  4.882876e+02 -1.029330e+02
   endloop
 endfacet
 facet normal  1.954861e-15  6.376309e-01  7.703421e-01
   outer loop
     vertex -1.896000e+02  4.877840e+02 -1.026098e+02
     vertex -1.840000e+02  4.877840e+02 -1.026098e+02
     vertex -1.840000e+02  4.880162e+02 -1.028020e+02
   endloop
 endfacet
 facet normal -6.472137e-15  6.376309e-01  7.703421e-01
   outer loop
     vertex -1.896000e+02  4.877840e+02 -1.026098e+02
     vertex -1.840000e+02  4.880162e+02 -1.028020e+02
     vertex -1.896000e+02  4.880162e+02 -1.028020e+02
   endloop
 endfacet
 facet normal -0.000000e+00  8.034574e-01  5.953623e-01
   outer loop
     vertex -1.896000e+02  4.876046e+02 -1.023677e+02
     vertex -1.840000e+02  4.876046e+02 -1.023677e+02
     vertex -1.840000e+02  4.877840e+02 -1.026098e+02
   endloop
 endfacet
 facet normal  1.513181e-15  8.034574e-01  5.953623e-01
   outer loop
     vertex -1.896000e+02  4.876046e+02 -1.023677e+02
     vertex -1.840000e+02  4.877840e+02 -1.026098e+02
     vertex -1.896000e+02  4.877840e+02 -1.026098e+02
   endloop
 endfacet
 facet normal -0.000000e+00  9.225899e-01  3.857822e-01
   outer loop
     vertex -1.896000e+02  4.874884e+02 -1.020897e+02
     vertex -1.840000e+02  4.874884e+02 -1.020897e+02
     vertex -1.840000e+02  4.876046e+02 -1.023677e+02
   endloop
 endfacet
 facet normal -0.000000e+00  9.881048e-01  1.537818e-01
   outer loop
     vertex -1.896000e+02  4.874884e+02 -1.020897e+02
     vertex -1.840000e+02  4.874420e+02 -1.017919e+02
     vertex -1.840000e+02  4.874884e+02 -1.020897e+02
   endloop
 endfacet
 facet normal  0.000000e+00  9.225899e-01  3.857822e-01
   outer loop
     vertex -1.896000e+02  4.874884e+02 -1.020897e+02
     vertex -1.840000e+02  4.876046e+02 -1.023677e+02
     vertex -1.896000e+02  4.876046e+02 -1.023677e+02
   endloop
 endfacet
 facet normal  3.902449e-16  9.881048e-01  1.537818e-01
   outer loop
     vertex -1.896000e+02  4.874420e+02 -1.017919e+02
     vertex -1.840000e+02  4.874420e+02 -1.017919e+02
     vertex -1.896000e+02  4.874884e+02 -1.020897e+02
   endloop
 endfacet
 facet normal -2.211710e-16  9.961947e-01 -8.715574e-02
   outer loop
     vertex -1.896000e+02  4.874683e+02 -1.014918e+02
     vertex -1.840000e+02  4.874683e+02 -1.014918e+02
     vertex -1.840000e+02  4.874420e+02 -1.017919e+02
   endloop
 endfacet
 facet normal -2.210148e-16  9.961947e-01 -8.715574e-02
   outer loop
     vertex -1.896000e+02  4.874683e+02 -1.014918e+02
     vertex -1.840000e+02  4.874420e+02 -1.017919e+02
     vertex -1.896000e+02  4.874420e+02 -1.017919e+02
   endloop
 endfacet
 facet normal  0.000000e+00  9.463894e-01 -3.230282e-01
   outer loop
     vertex -1.896000e+02  4.875657e+02 -1.012066e+02
     vertex -1.840000e+02  4.875657e+02 -1.012066e+02
     vertex -1.840000e+02  4.874683e+02 -1.014918e+02
   endloop
 endfacet
 facet normal -8.203249e-16  9.463894e-01 -3.230282e-01
   outer loop
     vertex -1.896000e+02  4.875657e+02 -1.012066e+02
     vertex -1.840000e+02  4.874683e+02 -1.014918e+02
     vertex -1.896000e+02  4.874683e+02 -1.014918e+02
   endloop
 endfacet
 facet normal -1.370656e-15  8.415833e-01 -5.401273e-01
   outer loop
     vertex -1.896000e+02  4.877284e+02 -1.009530e+02
     vertex -1.840000e+02  4.877284e+02 -1.009530e+02
     vertex -1.840000e+02  4.875657e+02 -1.012066e+02
   endloop
 endfacet
 facet normal  0.000000e+00  8.415833e-01 -5.401273e-01
   outer loop
     vertex -1.896000e+02  4.877284e+02 -1.009530e+02
     vertex -1.840000e+02  4.875657e+02 -1.012066e+02
     vertex -1.896000e+02  4.875657e+02 -1.012066e+02
   endloop
 endfacet
 facet normal  1.841920e-15  6.878675e-01 -7.258363e-01
   outer loop
     vertex -1.896000e+02  4.879471e+02 -1.007457e+02
     vertex -1.840000e+02  4.879471e+02 -1.007457e+02
     vertex -1.840000e+02  4.877284e+02 -1.009530e+02
   endloop
 endfacet
 facet normal  2.206139e-15  4.941753e-01 -8.693623e-01
   outer loop
     vertex -1.896000e+02  4.879471e+02 -1.007457e+02
     vertex -1.840000e+02  4.882091e+02 -1.005968e+02
     vertex -1.840000e+02  4.879471e+02 -1.007457e+02
   endloop
 endfacet
 facet normal -1.842133e-15  6.878675e-01 -7.258363e-01
   outer loop
     vertex -1.896000e+02  4.879471e+02 -1.007457e+02
     vertex -1.840000e+02  4.877284e+02 -1.009530e+02
     vertex -1.896000e+02  4.877284e+02 -1.009530e+02
   endloop
 endfacet
 facet normal  0.000000e+00  4.941753e-01 -8.693623e-01
   outer loop
     vertex -1.896000e+02  4.882091e+02 -1.005968e+02
     vertex -1.840000e+02  4.882091e+02 -1.005968e+02
     vertex -1.896000e+02  4.879471e+02 -1.007457e+02
   endloop
 endfacet
 facet normal  0.000000e+00  2.717635e-01 -9.623641e-01
   outer loop
     vertex -1.896000e+02  4.884991e+02 -1.005149e+02
     vertex -1.840000e+02  4.884991e+02 -1.005149e+02
     vertex -1.840000e+02  4.882091e+02 -1.005968e+02
   endloop
 endfacet
 facet normal  0.000000e+00  2.717635e-01 -9.623641e-01
   outer loop
     vertex -1.896000e+02  4.884991e+02 -1.005149e+02
     vertex -1.840000e+02  4.882091e+02 -1.005968e+02
     vertex -1.896000e+02  4.882091e+02 -1.005968e+02
   endloop
 endfacet
 facet normal -3.406314e-16  3.355772e-02 -9.994368e-01
   outer loop
     vertex -1.896000e+02  4.888003e+02 -1.005048e+02
     vertex -1.840000e+02  4.888003e+02 -1.005048e+02
     vertex -1.840000e+02  4.884991e+02 -1.005149e+02
   endloop
 endfacet
 facet normal  0.000000e+00  3.355772e-02 -9.994368e-01
   outer loop
     vertex -1.896000e+02  4.888003e+02 -1.005048e+02
     vertex -1.840000e+02  4.884991e+02 -1.005149e+02
     vertex -1.896000e+02  4.884991e+02 -1.005149e+02
   endloop
 endfacet
 facet normal  7.709820e-16  2.065983e-01  9.784259e-01
   outer loop
     vertex -1.896000e+02  4.765962e+02 -1.096830e+02
     vertex -1.840000e+02  4.768911e+02 -1.097452e+02
     vertex -1.896000e+02  4.768911e+02 -1.097452e+02
   endloop
 endfacet
 facet normal  2.482905e-15  2.065983e-01  9.784259e-01
   outer loop
     vertex -1.896000e+02  4.765962e+02 -1.096830e+02
     vertex -1.840000e+02  4.765962e+02 -1.096830e+02
     vertex -1.840000e+02  4.768911e+02 -1.097452e+02
   endloop
 endfacet
 facet normal -0.000000e+00  4.347475e-01  9.005524e-01
   outer loop
     vertex -1.896000e+02  4.763248e+02 -1.095520e+02
     vertex -1.840000e+02  4.763248e+02 -1.095520e+02
     vertex -1.840000e+02  4.765962e+02 -1.096830e+02
   endloop
 endfacet
 facet normal  2.286219e-15  4.347475e-01  9.005524e-01
   outer loop
     vertex -1.896000e+02  4.763248e+02 -1.095520e+02
     vertex -1.840000e+02  4.765962e+02 -1.096830e+02
     vertex -1.896000e+02  4.765962e+02 -1.096830e+02
   endloop
 endfacet
 facet normal  5.864582e-15  6.376309e-01  7.703421e-01
   outer loop
     vertex -1.896000e+02  4.760927e+02 -1.093598e+02
     vertex -1.840000e+02  4.760927e+02 -1.093598e+02
     vertex -1.840000e+02  4.763248e+02 -1.095520e+02
   endloop
 endfacet
 facet normal  0.000000e+00  6.376309e-01  7.703421e-01
   outer loop
     vertex -1.896000e+02  4.760927e+02 -1.093598e+02
     vertex -1.840000e+02  4.763248e+02 -1.095520e+02
     vertex -1.896000e+02  4.763248e+02 -1.095520e+02
   endloop
 endfacet
 facet normal -6.644760e-15  8.034574e-01  5.953623e-01
   outer loop
     vertex -1.896000e+02  4.759133e+02 -1.091177e+02
     vertex -1.840000e+02  4.759133e+02 -1.091177e+02
     vertex -1.840000e+02  4.760927e+02 -1.093598e+02
   endloop
 endfacet
 facet normal  4.535430e-15  8.034574e-01  5.953623e-01
   outer loop
     vertex -1.896000e+02  4.759133e+02 -1.091177e+02
     vertex -1.840000e+02  4.760927e+02 -1.093598e+02
     vertex -1.896000e+02  4.760927e+02 -1.093598e+02
   endloop
 endfacet
 facet normal -8.385869e-15  9.225899e-01  3.857822e-01
   outer loop
     vertex -1.896000e+02  4.757970e+02 -1.088397e+02
     vertex -1.840000e+02  4.757970e+02 -1.088397e+02
     vertex -1.840000e+02  4.759133e+02 -1.091177e+02
   endloop
 endfacet
 facet normal -9.639622e-15  9.881048e-01  1.537818e-01
   outer loop
     vertex -1.896000e+02  4.757970e+02 -1.088397e+02
     vertex -1.840000e+02  4.757507e+02 -1.085419e+02
     vertex -1.840000e+02  4.757970e+02 -1.088397e+02
   endloop
 endfacet
 facet normal -8.384173e-15  9.225899e-01  3.857822e-01
   outer loop
     vertex -1.896000e+02  4.757970e+02 -1.088397e+02
     vertex -1.840000e+02  4.759133e+02 -1.091177e+02
     vertex -1.896000e+02  4.759133e+02 -1.091177e+02
   endloop
 endfacet
 facet normal -1.002987e-14  9.881048e-01  1.537818e-01
   outer loop
     vertex -1.896000e+02  4.757507e+02 -1.085419e+02
     vertex -1.840000e+02  4.757507e+02 -1.085419e+02
     vertex -1.896000e+02  4.757970e+02 -1.088397e+02
   endloop
 endfacet
 facet normal -1.011198e-14  9.961947e-01 -8.715574e-02
   outer loop
     vertex -1.896000e+02  4.757770e+02 -1.082418e+02
     vertex -1.840000e+02  4.757770e+02 -1.082418e+02
     vertex -1.840000e+02  4.757507e+02 -1.085419e+02
   endloop
 endfacet
 facet normal -1.011220e-14  9.961947e-01 -8.715574e-02
   outer loop
     vertex -1.896000e+02  4.757770e+02 -1.082418e+02
     vertex -1.840000e+02  4.757507e+02 -1.085419e+02
     vertex -1.896000e+02  4.757507e+02 -1.085419e+02
   endloop
 endfacet
 facet normal -9.606430e-15  9.463894e-01 -3.230282e-01
   outer loop
     vertex -1.896000e+02  4.758743e+02 -1.079566e+02
     vertex -1.840000e+02  4.758743e+02 -1.079566e+02
     vertex -1.840000e+02  4.757770e+02 -1.082418e+02
   endloop
 endfacet
 facet normal -9.605408e-15  9.463894e-01 -3.230282e-01
   outer loop
     vertex -1.896000e+02  4.758743e+02 -1.079566e+02
     vertex -1.840000e+02  4.757770e+02 -1.082418e+02
     vertex -1.896000e+02  4.757770e+02 -1.082418e+02
   endloop
 endfacet
 facet normal -8.542584e-15  8.415833e-01 -5.401273e-01
   outer loop
     vertex -1.896000e+02  4.760371e+02 -1.077030e+02
     vertex -1.840000e+02  4.760371e+02 -1.077030e+02
     vertex -1.840000e+02  4.758743e+02 -1.079566e+02
   endloop
 endfacet
 facet normal -8.540425e-15  8.415833e-01 -5.401273e-01
   outer loop
     vertex -1.896000e+02  4.760371e+02 -1.077030e+02
     vertex -1.840000e+02  4.758743e+02 -1.079566e+02
     vertex -1.896000e+02  4.758743e+02 -1.079566e+02
   endloop
 endfacet
 facet normal -6.982275e-15  6.878675e-01 -7.258363e-01
   outer loop
     vertex -1.896000e+02  4.762558e+02 -1.074957e+02
     vertex -1.840000e+02  4.762558e+02 -1.074957e+02
     vertex -1.840000e+02  4.760371e+02 -1.077030e+02
   endloop
 endfacet
 facet normal -5.016181e-15  4.941753e-01 -8.693623e-01
   outer loop
     vertex -1.896000e+02  4.762558e+02 -1.074957e+02
     vertex -1.840000e+02  4.765178e+02 -1.073468e+02
     vertex -1.840000e+02  4.762558e+02 -1.074957e+02
   endloop
 endfacet
 facet normal -6.982013e-15  6.878675e-01 -7.258363e-01
   outer loop
     vertex -1.896000e+02  4.762558e+02 -1.074957e+02
     vertex -1.840000e+02  4.760371e+02 -1.077030e+02
     vertex -1.896000e+02  4.760371e+02 -1.077030e+02
   endloop
 endfacet
 facet normal -2.810042e-15  4.941753e-01 -8.693623e-01
   outer loop
     vertex -1.896000e+02  4.765178e+02 -1.073468e+02
     vertex -1.840000e+02  4.765178e+02 -1.073468e+02
     vertex -1.896000e+02  4.762558e+02 -1.074957e+02
   endloop
 endfacet
 facet normal -2.758565e-15  2.717635e-01 -9.623641e-01
   outer loop
     vertex -1.896000e+02  4.768078e+02 -1.072649e+02
     vertex -1.840000e+02  4.768078e+02 -1.072649e+02
     vertex -1.840000e+02  4.765178e+02 -1.073468e+02
   endloop
 endfacet
 facet normal -3.166166e-16  2.717635e-01 -9.623641e-01
   outer loop
     vertex -1.896000e+02  4.768078e+02 -1.072649e+02
     vertex -1.840000e+02  4.765178e+02 -1.073468e+02
     vertex -1.896000e+02  4.765178e+02 -1.073468e+02
   endloop
 endfacet
 facet normal -3.406314e-16  3.355772e-02 -9.994368e-01
   outer loop
     vertex -1.896000e+02  4.771089e+02 -1.072548e+02
     vertex -1.840000e+02  4.771089e+02 -1.072548e+02
     vertex -1.840000e+02  4.768078e+02 -1.072649e+02
   endloop
 endfacet
 facet normal -3.405171e-16  3.355772e-02 -9.994368e-01
   outer loop
     vertex -1.896000e+02  4.771089e+02 -1.072548e+02
     vertex -1.840000e+02  4.768078e+02 -1.072649e+02
     vertex -1.896000e+02  4.768078e+02 -1.072649e+02
   endloop
 endfacet
 facet normal  2.483590e-15  2.065983e-01  9.784259e-01
   outer loop
     vertex -1.896000e+02  4.649049e+02 -1.029330e+02
     vertex -1.840000e+02  4.651997e+02 -1.029952e+02
     vertex -1.896000e+02  4.651997e+02 -1.029952e+02
   endloop
 endfacet
 facet normal  4.965810e-15  2.065983e-01  9.784259e-01
   outer loop
     vertex -1.896000e+02  4.649049e+02 -1.029330e+02
     vertex -1.840000e+02  4.649049e+02 -1.029330e+02
     vertex -1.840000e+02  4.651997e+02 -1.029952e+02
   endloop
 endfacet
 facet normal -0.000000e+00  4.347475e-01  9.005524e-01
   outer loop
     vertex -1.896000e+02  4.646335e+02 -1.028020e+02
     vertex -1.840000e+02  4.646335e+02 -1.028020e+02
     vertex -1.840000e+02  4.649049e+02 -1.029330e+02
   endloop
 endfacet
 facet normal  4.568326e-15  4.347475e-01  9.005524e-01
   outer loop
     vertex -1.896000e+02  4.646335e+02 -1.028020e+02
     vertex -1.840000e+02  4.649049e+02 -1.029330e+02
     vertex -1.896000e+02  4.649049e+02 -1.029330e+02
   endloop
 endfacet
 facet normal  3.909721e-15  6.376309e-01  7.703421e-01
   outer loop
     vertex -1.896000e+02  4.644014e+02 -1.026098e+02
     vertex -1.840000e+02  4.644014e+02 -1.026098e+02
     vertex -1.840000e+02  4.646335e+02 -1.028020e+02
   endloop
 endfacet
 facet normal  0.000000e+00  6.376309e-01  7.703421e-01
   outer loop
     vertex -1.896000e+02  4.644014e+02 -1.026098e+02
     vertex -1.840000e+02  4.646335e+02 -1.028020e+02
     vertex -1.896000e+02  4.646335e+02 -1.028020e+02
   endloop
 endfacet
 facet normal  1.510823e-15  8.034574e-01  5.953623e-01
   outer loop
     vertex -1.896000e+02  4.642220e+02 -1.023677e+02
     vertex -1.840000e+02  4.642220e+02 -1.023677e+02
     vertex -1.840000e+02  4.644014e+02 -1.026098e+02
   endloop
 endfacet
 facet normal  3.022250e-15  8.034574e-01  5.953623e-01
   outer loop
     vertex -1.896000e+02  4.642220e+02 -1.023677e+02
     vertex -1.840000e+02  4.644014e+02 -1.026098e+02
     vertex -1.896000e+02  4.644014e+02 -1.026098e+02
   endloop
 endfacet
 facet normal -0.000000e+00  9.225899e-01  3.857822e-01
   outer loop
     vertex -1.896000e+02  4.641057e+02 -1.020897e+02
     vertex -1.840000e+02  4.641057e+02 -1.020897e+02
     vertex -1.840000e+02  4.642220e+02 -1.023677e+02
   endloop
 endfacet
 facet normal -0.000000e+00  9.881048e-01  1.537818e-01
   outer loop
     vertex -1.896000e+02  4.641057e+02 -1.020897e+02
     vertex -1.840000e+02  4.640594e+02 -1.017919e+02
     vertex -1.840000e+02  4.641057e+02 -1.020897e+02
   endloop
 endfacet
 facet normal  9.827451e-16  9.225899e-01  3.857822e-01
   outer loop
     vertex -1.896000e+02  4.641057e+02 -1.020897e+02
     vertex -1.840000e+02  4.642220e+02 -1.023677e+02
     vertex -1.896000e+02  4.642220e+02 -1.023677e+02
   endloop
 endfacet
 facet normal -0.000000e+00  9.881048e-01  1.537818e-01
   outer loop
     vertex -1.896000e+02  4.640594e+02 -1.017919e+02
     vertex -1.840000e+02  4.640594e+02 -1.017919e+02
     vertex -1.896000e+02  4.641057e+02 -1.020897e+02
   endloop
 endfacet
 facet normal  0.000000e+00  9.961947e-01 -8.715574e-02
   outer loop
     vertex -1.896000e+02  4.640856e+02 -1.014918e+02
     vertex -1.840000e+02  4.640856e+02 -1.014918e+02
     vertex -1.840000e+02  4.640594e+02 -1.017919e+02
   endloop
 endfacet
 facet normal  0.000000e+00  9.961947e-01 -8.715574e-02
   outer loop
     vertex -1.896000e+02  4.640856e+02 -1.014918e+02
     vertex -1.840000e+02  4.640594e+02 -1.017919e+02
     vertex -1.896000e+02  4.640594e+02 -1.017919e+02
   endloop
 endfacet
 facet normal  0.000000e+00  9.463894e-01 -3.230282e-01
   outer loop
     vertex -1.896000e+02  4.641830e+02 -1.012066e+02
     vertex -1.840000e+02  4.641830e+02 -1.012066e+02
     vertex -1.840000e+02  4.640856e+02 -1.014918e+02
   endloop
 endfacet
 facet normal  0.000000e+00  9.463894e-01 -3.230282e-01
   outer loop
     vertex -1.896000e+02  4.641830e+02 -1.012066e+02
     vertex -1.840000e+02  4.640856e+02 -1.014918e+02
     vertex -1.896000e+02  4.640856e+02 -1.014918e+02
   endloop
 endfacet
 facet normal  0.000000e+00  8.415833e-01 -5.401273e-01
   outer loop
     vertex -1.896000e+02  4.643457e+02 -1.009530e+02
     vertex -1.840000e+02  4.643457e+02 -1.009530e+02
     vertex -1.840000e+02  4.641830e+02 -1.012066e+02
   endloop
 endfacet
 facet normal  0.000000e+00  8.415833e-01 -5.401273e-01
   outer loop
     vertex -1.896000e+02  4.643457e+02 -1.009530e+02
     vertex -1.840000e+02  4.641830e+02 -1.012066e+02
     vertex -1.896000e+02  4.641830e+02 -1.012066e+02
   endloop
 endfacet
 facet normal  0.000000e+00  6.878675e-01 -7.258363e-01
   outer loop
     vertex -1.896000e+02  4.645645e+02 -1.007457e+02
     vertex -1.840000e+02  4.645645e+02 -1.007457e+02
     vertex -1.840000e+02  4.643457e+02 -1.009530e+02
   endloop
 endfacet
 facet normal  0.000000e+00  4.941753e-01 -8.693623e-01
   outer loop
     vertex -1.896000e+02  4.645645e+02 -1.007457e+02
     vertex -1.840000e+02  4.648264e+02 -1.005968e+02
     vertex -1.840000e+02  4.645645e+02 -1.007457e+02
   endloop
 endfacet
 facet normal  0.000000e+00  6.878675e-01 -7.258363e-01
   outer loop
     vertex -1.896000e+02  4.645645e+02 -1.007457e+02
     vertex -1.840000e+02  4.643457e+02 -1.009530e+02
     vertex -1.896000e+02  4.643457e+02 -1.009530e+02
   endloop
 endfacet
 facet normal  2.206139e-15  4.941753e-01 -8.693623e-01
   outer loop
     vertex -1.896000e+02  4.648264e+02 -1.005968e+02
     vertex -1.840000e+02  4.648264e+02 -1.005968e+02
     vertex -1.896000e+02  4.645645e+02 -1.007457e+02
   endloop
 endfacet
 facet normal  0.000000e+00  2.717635e-01 -9.623641e-01
   outer loop
     vertex -1.896000e+02  4.651164e+02 -1.005149e+02
     vertex -1.840000e+02  4.651164e+02 -1.005149e+02
     vertex -1.840000e+02  4.648264e+02 -1.005968e+02
   endloop
 endfacet
 facet normal  2.442471e-15  2.717635e-01 -9.623641e-01
   outer loop
     vertex -1.896000e+02  4.651164e+02 -1.005149e+02
     vertex -1.840000e+02  4.648264e+02 -1.005968e+02
     vertex -1.896000e+02  4.648264e+02 -1.005968e+02
   endloop
 endfacet
 facet normal  0.000000e+00  3.355772e-02 -9.994368e-01
   outer loop
     vertex -1.896000e+02  4.654176e+02 -1.005048e+02
     vertex -1.840000e+02  4.654176e+02 -1.005048e+02
     vertex -1.840000e+02  4.651164e+02 -1.005149e+02
   endloop
 endfacet
 facet normal  0.000000e+00  3.355772e-02 -9.994368e-01
   outer loop
     vertex -1.896000e+02  4.654176e+02 -1.005048e+02
     vertex -1.840000e+02  4.651164e+02 -1.005149e+02
     vertex -1.896000e+02  4.651164e+02 -1.005149e+02
   endloop
 endfacet
 facet normal  3.844630e-16  2.065983e-01  9.784259e-01
   outer loop
     vertex -1.896000e+02  4.649049e+02 -8.943299e+01
     vertex -1.840000e+02  4.651997e+02 -8.949524e+01
     vertex -1.896000e+02  4.651997e+02 -8.949524e+01
   endloop
 endfacet
 facet normal -2.097099e-15  2.065983e-01  9.784259e-01
   outer loop
     vertex -1.896000e+02  4.649049e+02 -8.943299e+01
     vertex -1.840000e+02  4.649049e+02 -8.943299e+01
     vertex -1.840000e+02  4.651997e+02 -8.949524e+01
   endloop
 endfacet
 facet normal -2.127664e-15  4.347475e-01  9.005524e-01
   outer loop
     vertex -1.896000e+02  4.646335e+02 -8.930198e+01
     vertex -1.840000e+02  4.646335e+02 -8.930198e+01
     vertex -1.840000e+02  4.649049e+02 -8.943299e+01
   endloop
 endfacet
 facet normal -4.412073e-15  4.347475e-01  9.005524e-01
   outer loop
     vertex -1.896000e+02  4.646335e+02 -8.930198e+01
     vertex -1.840000e+02  4.649049e+02 -8.943299e+01
     vertex -1.896000e+02  4.649049e+02 -8.943299e+01
   endloop
 endfacet
 facet normal -0.000000e+00  6.376309e-01  7.703421e-01
   outer loop
     vertex -1.896000e+02  4.644014e+02 -8.910983e+01
     vertex -1.840000e+02  4.644014e+02 -8.910983e+01
     vertex -1.840000e+02  4.646335e+02 -8.930198e+01
   endloop
 endfacet
 facet normal -4.514871e-15  6.376309e-01  7.703421e-01
   outer loop
     vertex -1.896000e+02  4.644014e+02 -8.910983e+01
     vertex -1.840000e+02  4.646335e+02 -8.930198e+01
     vertex -1.896000e+02  4.646335e+02 -8.930198e+01
   endloop
 endfacet
 facet normal -6.644760e-15  8.034574e-01  5.953623e-01
   outer loop
     vertex -1.896000e+02  4.642220e+02 -8.886772e+01
     vertex -1.840000e+02  4.642220e+02 -8.886772e+01
     vertex -1.840000e+02  4.644014e+02 -8.910983e+01
   endloop
 endfacet
 facet normal  0.000000e+00  8.034574e-01  5.953623e-01
   outer loop
     vertex -1.896000e+02  4.642220e+02 -8.886772e+01
     vertex -1.840000e+02  4.644014e+02 -8.910983e+01
     vertex -1.896000e+02  4.644014e+02 -8.910983e+01
   endloop
 endfacet
 facet normal  9.789812e-16  9.225899e-01  3.857822e-01
   outer loop
     vertex -1.896000e+02  4.641057e+02 -8.858970e+01
     vertex -1.840000e+02  4.641057e+02 -8.858970e+01
     vertex -1.840000e+02  4.642220e+02 -8.886772e+01
   endloop
 endfacet
 facet normal  3.902449e-16  9.881048e-01  1.537818e-01
   outer loop
     vertex -1.896000e+02  4.641057e+02 -8.858970e+01
     vertex -1.840000e+02  4.640594e+02 -8.829195e+01
     vertex -1.840000e+02  4.641057e+02 -8.858970e+01
   endloop
 endfacet
 facet normal -8.388285e-15  9.225899e-01  3.857822e-01
   outer loop
     vertex -1.896000e+02  4.641057e+02 -8.858970e+01
     vertex -1.840000e+02  4.642220e+02 -8.886772e+01
     vertex -1.896000e+02  4.642220e+02 -8.886772e+01
   endloop
 endfacet
 facet normal -0.000000e+00  9.881048e-01  1.537818e-01
   outer loop
     vertex -1.896000e+02  4.640594e+02 -8.829195e+01
     vertex -1.840000e+02  4.640594e+02 -8.829195e+01
     vertex -1.896000e+02  4.641057e+02 -8.858970e+01
   endloop
 endfacet
 facet normal  0.000000e+00  9.961947e-01 -8.715574e-02
   outer loop
     vertex -1.896000e+02  4.640856e+02 -8.799175e+01
     vertex -1.840000e+02  4.640856e+02 -8.799175e+01
     vertex -1.840000e+02  4.640594e+02 -8.829195e+01
   endloop
 endfacet
 facet normal  0.000000e+00  9.961947e-01 -8.715574e-02
   outer loop
     vertex -1.896000e+02  4.640856e+02 -8.799175e+01
     vertex -1.840000e+02  4.640594e+02 -8.829195e+01
     vertex -1.896000e+02  4.640594e+02 -8.829195e+01
   endloop
 endfacet
 facet normal  0.000000e+00  9.463894e-01 -3.230282e-01
   outer loop
     vertex -1.896000e+02  4.641830e+02 -8.770657e+01
     vertex -1.840000e+02  4.641830e+02 -8.770657e+01
     vertex -1.840000e+02  4.640856e+02 -8.799175e+01
   endloop
 endfacet
 facet normal  0.000000e+00  9.463894e-01 -3.230282e-01
   outer loop
     vertex -1.896000e+02  4.641830e+02 -8.770657e+01
     vertex -1.840000e+02  4.640856e+02 -8.799175e+01
     vertex -1.896000e+02  4.640856e+02 -8.799175e+01
   endloop
 endfacet
 facet normal  0.000000e+00  8.415833e-01 -5.401273e-01
   outer loop
     vertex -1.896000e+02  4.643457e+02 -8.745296e+01
     vertex -1.840000e+02  4.643457e+02 -8.745296e+01
     vertex -1.840000e+02  4.641830e+02 -8.770657e+01
   endloop
 endfacet
 facet normal  0.000000e+00  8.415833e-01 -5.401273e-01
   outer loop
     vertex -1.896000e+02  4.643457e+02 -8.745296e+01
     vertex -1.840000e+02  4.641830e+02 -8.770657e+01
     vertex -1.896000e+02  4.641830e+02 -8.770657e+01
   endloop
 endfacet
 facet normal -6.982275e-15  6.878675e-01 -7.258363e-01
   outer loop
     vertex -1.896000e+02  4.645645e+02 -8.724568e+01
     vertex -1.840000e+02  4.645645e+02 -8.724568e+01
     vertex -1.840000e+02  4.643457e+02 -8.745296e+01
   endloop
 endfacet
 facet normal -5.016181e-15  4.941753e-01 -8.693623e-01
   outer loop
     vertex -1.896000e+02  4.645645e+02 -8.724568e+01
     vertex -1.840000e+02  4.648264e+02 -8.709676e+01
     vertex -1.840000e+02  4.645645e+02 -8.724568e+01
   endloop
 endfacet
 facet normal  0.000000e+00  6.878675e-01 -7.258363e-01
   outer loop
     vertex -1.896000e+02  4.645645e+02 -8.724568e+01
     vertex -1.840000e+02  4.643457e+02 -8.745296e+01
     vertex -1.896000e+02  4.643457e+02 -8.745296e+01
   endloop
 endfacet
 facet normal -5.016181e-15  4.941753e-01 -8.693623e-01
   outer loop
     vertex -1.896000e+02  4.648264e+02 -8.709676e+01
     vertex -1.840000e+02  4.648264e+02 -8.709676e+01
     vertex -1.896000e+02  4.645645e+02 -8.724568e+01
   endloop
 endfacet
 facet normal -2.758565e-15  2.717635e-01 -9.623641e-01
   outer loop
     vertex -1.896000e+02  4.651164e+02 -8.701487e+01
     vertex -1.840000e+02  4.651164e+02 -8.701487e+01
     vertex -1.840000e+02  4.648264e+02 -8.709676e+01
   endloop
 endfacet
 facet normal -2.759088e-15  2.717635e-01 -9.623641e-01
   outer loop
     vertex -1.896000e+02  4.651164e+02 -8.701487e+01
     vertex -1.840000e+02  4.648264e+02 -8.709676e+01
     vertex -1.896000e+02  4.648264e+02 -8.709676e+01
   endloop
 endfacet
 facet normal -3.406314e-16  3.355772e-02 -9.994368e-01
   outer loop
     vertex -1.896000e+02  4.654176e+02 -8.700476e+01
     vertex -1.840000e+02  4.654176e+02 -8.700476e+01
     vertex -1.840000e+02  4.651164e+02 -8.701487e+01
   endloop
 endfacet
 facet normal -3.407741e-16  3.355772e-02 -9.994368e-01
   outer loop
     vertex -1.896000e+02  4.654176e+02 -8.700476e+01
     vertex -1.840000e+02  4.651164e+02 -8.701487e+01
     vertex -1.896000e+02  4.651164e+02 -8.701487e+01
   endloop
 endfacet
endsolid
