solid 
 facet normal  1.441469e-15 -3.355772e-02  9.994368e-01
   outer loop
     vertex -1.115000e+02  4.778458e+02 -1.004346e+02
     vertex -1.240000e+02  4.765206e+02 -1.004791e+02
     vertex -1.115000e+02  4.765206e+02 -1.004791e+02
   endloop
 endfacet
 facet normal  1.526029e-16 -3.355772e-02  9.994368e-01
   outer loop
     vertex -1.115000e+02  4.778458e+02 -1.004346e+02
     vertex -1.240000e+02  4.778458e+02 -1.004346e+02
     vertex -1.240000e+02  4.765206e+02 -1.004791e+02
   endloop
 endfacet
 facet normal  2.329918e-15 -2.717635e-01  9.623641e-01
   outer loop
     vertex -1.115000e+02  4.791218e+02 -1.000742e+02
     vertex -1.240000e+02  4.791218e+02 -1.000742e+02
     vertex -1.240000e+02  4.778458e+02 -1.004346e+02
   endloop
 endfacet
 facet normal  1.235904e-15 -2.717635e-01  9.623641e-01
   outer loop
     vertex -1.115000e+02  4.791218e+02 -1.000742e+02
     vertex -1.240000e+02  4.778458e+02 -1.004346e+02
     vertex -1.115000e+02  4.778458e+02 -1.004346e+02
   endloop
 endfacet
 facet normal  3.235600e-15 -4.941753e-01  8.693623e-01
   outer loop
     vertex -1.115000e+02  4.802745e+02 -9.941902e+01
     vertex -1.240000e+02  4.802745e+02 -9.941902e+01
     vertex -1.240000e+02  4.791218e+02 -1.000742e+02
   endloop
 endfacet
 facet normal  3.235456e-15 -4.941753e-01  8.693623e-01
   outer loop
     vertex -1.115000e+02  4.802745e+02 -9.941902e+01
     vertex -1.240000e+02  4.791218e+02 -1.000742e+02
     vertex -1.115000e+02  4.791218e+02 -1.000742e+02
   endloop
 endfacet
 facet normal  2.302879e-15 -6.878675e-01  7.258363e-01
   outer loop
     vertex -1.115000e+02  4.812369e+02 -9.850697e+01
     vertex -1.240000e+02  4.812369e+02 -9.850697e+01
     vertex -1.240000e+02  4.802745e+02 -9.941902e+01
   endloop
 endfacet
 facet normal  3.952213e-15 -6.878675e-01  7.258363e-01
   outer loop
     vertex -1.115000e+02  4.812369e+02 -9.850697e+01
     vertex -1.240000e+02  4.802745e+02 -9.941902e+01
     vertex -1.115000e+02  4.802745e+02 -9.941902e+01
   endloop
 endfacet
 facet normal  7.654156e-15 -8.415833e-01  5.401273e-01
   outer loop
     vertex -1.115000e+02  4.819530e+02 -9.739111e+01
     vertex -1.240000e+02  4.819530e+02 -9.739111e+01
     vertex -1.240000e+02  4.812369e+02 -9.850697e+01
   endloop
 endfacet
 facet normal  3.215360e-15 -8.415833e-01  5.401273e-01
   outer loop
     vertex -1.115000e+02  4.819530e+02 -9.739111e+01
     vertex -1.240000e+02  4.812369e+02 -9.850697e+01
     vertex -1.115000e+02  4.812369e+02 -9.850697e+01
   endloop
 endfacet
 facet normal  8.607361e-15 -9.463894e-01  3.230282e-01
   outer loop
     vertex -1.115000e+02  4.823813e+02 -9.613629e+01
     vertex -1.240000e+02  4.823813e+02 -9.613629e+01
     vertex -1.240000e+02  4.819530e+02 -9.739111e+01
   endloop
 endfacet
 facet normal  8.607785e-15 -9.463894e-01  3.230282e-01
   outer loop
     vertex -1.115000e+02  4.823813e+02 -9.613629e+01
     vertex -1.240000e+02  4.819530e+02 -9.739111e+01
     vertex -1.115000e+02  4.819530e+02 -9.739111e+01
   endloop
 endfacet
 facet normal  4.629254e-15 -9.961947e-01  8.715574e-02
   outer loop
     vertex -1.115000e+02  4.824969e+02 -9.481543e+01
     vertex -1.240000e+02  4.824969e+02 -9.481543e+01
     vertex -1.240000e+02  4.823813e+02 -9.613629e+01
   endloop
 endfacet
 facet normal  9.059945e-15 -9.961947e-01  8.715574e-02
   outer loop
     vertex -1.115000e+02  4.824969e+02 -9.481543e+01
     vertex -1.240000e+02  4.823813e+02 -9.613629e+01
     vertex -1.115000e+02  4.823813e+02 -9.613629e+01
   endloop
 endfacet
 facet normal  4.318551e-15 -9.881048e-01 -1.537818e-01
   outer loop
     vertex -1.115000e+02  4.822930e+02 -9.350530e+01
     vertex -1.240000e+02  4.822930e+02 -9.350530e+01
     vertex -1.240000e+02  4.824969e+02 -9.481543e+01
   endloop
 endfacet
 facet normal  4.317290e-15 -9.881048e-01 -1.537818e-01
   outer loop
     vertex -1.115000e+02  4.822930e+02 -9.350530e+01
     vertex -1.240000e+02  4.824969e+02 -9.481543e+01
     vertex -1.115000e+02  4.824969e+02 -9.481543e+01
   endloop
 endfacet
 facet normal  3.756870e-15 -9.225899e-01 -3.857822e-01
   outer loop
     vertex -1.115000e+02  4.817815e+02 -9.228204e+01
     vertex -1.240000e+02  4.817815e+02 -9.228204e+01
     vertex -1.240000e+02  4.822930e+02 -9.350530e+01
   endloop
 endfacet
 facet normal  3.757951e-15 -9.225899e-01 -3.857822e-01
   outer loop
     vertex -1.115000e+02  4.817815e+02 -9.228204e+01
     vertex -1.240000e+02  4.822930e+02 -9.350530e+01
     vertex -1.115000e+02  4.822930e+02 -9.350530e+01
   endloop
 endfacet
 facet normal  6.630554e-15 -8.034574e-01 -5.953623e-01
   outer loop
     vertex -1.115000e+02  4.809921e+02 -9.121673e+01
     vertex -1.240000e+02  4.809921e+02 -9.121673e+01
     vertex -1.240000e+02  4.817815e+02 -9.228204e+01
   endloop
 endfacet
 facet normal  2.974208e-15 -8.034574e-01 -5.953623e-01
   outer loop
     vertex -1.115000e+02  4.809921e+02 -9.121673e+01
     vertex -1.240000e+02  4.817815e+02 -9.228204e+01
     vertex -1.115000e+02  4.817815e+02 -9.228204e+01
   endloop
 endfacet
 facet normal  2.023832e-15 -6.376309e-01 -7.703421e-01
   outer loop
     vertex -1.115000e+02  4.799707e+02 -9.037129e+01
     vertex -1.240000e+02  4.799707e+02 -9.037129e+01
     vertex -1.240000e+02  4.809921e+02 -9.121673e+01
   endloop
 endfacet
 facet normal  4.923519e-15 -6.376309e-01 -7.703421e-01
   outer loop
     vertex -1.115000e+02  4.799707e+02 -9.037129e+01
     vertex -1.240000e+02  4.809921e+02 -9.121673e+01
     vertex -1.115000e+02  4.809921e+02 -9.121673e+01
   endloop
 endfacet
 facet normal  2.930196e-15 -4.347475e-01 -9.005524e-01
   outer loop
     vertex -1.115000e+02  4.787767e+02 -8.979486e+01
     vertex -1.240000e+02  4.787767e+02 -8.979486e+01
     vertex -1.240000e+02  4.799707e+02 -9.037129e+01
   endloop
 endfacet
 facet normal  9.512105e-16 -4.347475e-01 -9.005524e-01
   outer loop
     vertex -1.115000e+02  4.787767e+02 -8.979486e+01
     vertex -1.240000e+02  4.799707e+02 -9.037129e+01
     vertex -1.115000e+02  4.799707e+02 -9.037129e+01
   endloop
 endfacet
 facet normal -0.000000e+00 -2.065983e-01 -9.784259e-01
   outer loop
     vertex -1.115000e+02  4.774794e+02 -8.952093e+01
     vertex -1.240000e+02  4.774794e+02 -8.952093e+01
     vertex -1.240000e+02  4.787767e+02 -8.979486e+01
   endloop
 endfacet
 facet normal  7.636479e-16 -2.065983e-01 -9.784259e-01
   outer loop
     vertex -1.115000e+02  4.774794e+02 -8.952093e+01
     vertex -1.240000e+02  4.787767e+02 -8.979486e+01
     vertex -1.115000e+02  4.787767e+02 -8.979486e+01
   endloop
 endfacet
 facet normal -1.659729e-15 -1.981461e-01 -9.801725e-01
   outer loop
     vertex -1.307500e+02  4.813697e+02 -8.143651e+01
     vertex -1.240000e+02  4.782420e+02 -8.080423e+01
     vertex -1.307500e+02  4.782420e+02 -8.080423e+01
   endloop
 endfacet
 facet normal  0.000000e+00 -1.981461e-01 -9.801725e-01
   outer loop
     vertex -1.307500e+02  4.813697e+02 -8.143651e+01
     vertex -1.240000e+02  4.813697e+02 -8.143651e+01
     vertex -1.240000e+02  4.782420e+02 -8.080423e+01
   endloop
 endfacet
 facet normal  1.919004e-15 -4.112871e-01 -9.115059e-01
   outer loop
     vertex -1.307500e+02  4.842783e+02 -8.274892e+01
     vertex -1.240000e+02  4.842783e+02 -8.274892e+01
     vertex -1.240000e+02  4.813697e+02 -8.143651e+01
   endloop
 endfacet
 facet normal  0.000000e+00 -4.112871e-01 -9.115059e-01
   outer loop
     vertex -1.307500e+02  4.842783e+02 -8.274892e+01
     vertex -1.240000e+02  4.813697e+02 -8.143651e+01
     vertex -1.307500e+02  4.813697e+02 -8.143651e+01
   endloop
 endfacet
 facet normal  0.000000e+00 -6.038044e-01 -7.971325e-01
   outer loop
     vertex -1.307500e+02  4.868219e+02 -8.467565e+01
     vertex -1.240000e+02  4.868219e+02 -8.467565e+01
     vertex -1.240000e+02  4.842783e+02 -8.274892e+01
   endloop
 endfacet
 facet normal  1.690656e-15 -6.038044e-01 -7.971325e-01
   outer loop
     vertex -1.307500e+02  4.868219e+02 -8.467565e+01
     vertex -1.240000e+02  4.842783e+02 -8.274892e+01
     vertex -1.307500e+02  4.842783e+02 -8.274892e+01
   endloop
 endfacet
 facet normal  0.000000e+00 -7.660444e-01 -6.427876e-01
   outer loop
     vertex -1.307500e+02  4.888731e+02 -8.712009e+01
     vertex -1.240000e+02  4.888731e+02 -8.712009e+01
     vertex -1.240000e+02  4.868219e+02 -8.467565e+01
   endloop
 endfacet
 facet normal  0.000000e+00 -8.898718e-01 -4.562107e-01
   outer loop
     vertex -1.307500e+02  4.888731e+02 -8.712009e+01
     vertex -1.240000e+02  4.903288e+02 -8.995966e+01
     vertex -1.240000e+02  4.888731e+02 -8.712009e+01
   endloop
 endfacet
 facet normal  0.000000e+00 -7.660444e-01 -6.427876e-01
   outer loop
     vertex -1.307500e+02  4.888731e+02 -8.712009e+01
     vertex -1.240000e+02  4.868219e+02 -8.467565e+01
     vertex -1.307500e+02  4.868219e+02 -8.467565e+01
   endloop
 endfacet
 facet normal -7.493831e-15 -8.898718e-01 -4.562107e-01
   outer loop
     vertex -1.307500e+02  4.903288e+02 -8.995966e+01
     vertex -1.240000e+02  4.903288e+02 -8.995966e+01
     vertex -1.307500e+02  4.888731e+02 -8.712009e+01
   endloop
 endfacet
 facet normal -7.641338e-15 -9.690773e-01 -2.467574e-01
   outer loop
     vertex -1.307500e+02  4.911162e+02 -9.305197e+01
     vertex -1.240000e+02  4.911162e+02 -9.305197e+01
     vertex -1.240000e+02  4.903288e+02 -8.995966e+01
   endloop
 endfacet
 facet normal -8.164630e-15 -9.690773e-01 -2.467574e-01
   outer loop
     vertex -1.307500e+02  4.911162e+02 -9.305197e+01
     vertex -1.240000e+02  4.903288e+02 -8.995966e+01
     vertex -1.307500e+02  4.903288e+02 -8.995966e+01
   endloop
 endfacet
 facet normal -8.366143e-15 -9.996892e-01 -2.493069e-02
   outer loop
     vertex -1.307500e+02  4.911958e+02 -9.624197e+01
     vertex -1.240000e+02  4.911958e+02 -9.624197e+01
     vertex -1.240000e+02  4.911162e+02 -9.305197e+01
   endloop
 endfacet
 facet normal -8.671434e-15 -9.801725e-01  1.981461e-01
   outer loop
     vertex -1.307500e+02  4.911958e+02 -9.624197e+01
     vertex -1.240000e+02  4.905635e+02 -9.936969e+01
     vertex -1.240000e+02  4.911958e+02 -9.624197e+01
   endloop
 endfacet
 facet normal -8.365653e-15 -9.996892e-01 -2.493069e-02
   outer loop
     vertex -1.307500e+02  4.911958e+02 -9.624197e+01
     vertex -1.240000e+02  4.911162e+02 -9.305197e+01
     vertex -1.307500e+02  4.911162e+02 -9.305197e+01
   endloop
 endfacet
 facet normal  8.671434e-15 -9.801725e-01  1.981461e-01
   outer loop
     vertex -1.307500e+02  4.905635e+02 -9.936969e+01
     vertex -1.240000e+02  4.905635e+02 -9.936969e+01
     vertex -1.307500e+02  4.911958e+02 -9.624197e+01
   endloop
 endfacet
 facet normal -8.658876e-16 -9.115059e-01  4.112871e-01
   outer loop
     vertex -1.307500e+02  4.892511e+02 -1.022783e+02
     vertex -1.240000e+02  4.892511e+02 -1.022783e+02
     vertex -1.240000e+02  4.905635e+02 -9.936969e+01
   endloop
 endfacet
 facet normal  8.535750e-15 -9.115059e-01  4.112871e-01
   outer loop
     vertex -1.307500e+02  4.892511e+02 -1.022783e+02
     vertex -1.240000e+02  4.905635e+02 -9.936969e+01
     vertex -1.307500e+02  4.905635e+02 -9.936969e+01
   endloop
 endfacet
 facet normal  6.712850e-15 -7.971325e-01  6.038044e-01
   outer loop
     vertex -1.307500e+02  4.873243e+02 -1.048219e+02
     vertex -1.240000e+02  4.873243e+02 -1.048219e+02
     vertex -1.240000e+02  4.892511e+02 -1.022783e+02
   endloop
 endfacet
 facet normal -1.237065e-15 -7.971325e-01  6.038044e-01
   outer loop
     vertex -1.307500e+02  4.873243e+02 -1.048219e+02
     vertex -1.240000e+02  4.892511e+02 -1.022783e+02
     vertex -1.307500e+02  4.892511e+02 -1.022783e+02
   endloop
 endfacet
 facet normal -1.612762e-15 -6.427876e-01  7.660444e-01
   outer loop
     vertex -1.307500e+02  4.848799e+02 -1.068731e+02
     vertex -1.240000e+02  4.848799e+02 -1.068731e+02
     vertex -1.240000e+02  4.873243e+02 -1.048219e+02
   endloop
 endfacet
 facet normal  5.401851e-15 -6.427876e-01  7.660444e-01
   outer loop
     vertex -1.307500e+02  4.848799e+02 -1.068731e+02
     vertex -1.240000e+02  4.873243e+02 -1.048219e+02
     vertex -1.307500e+02  4.873243e+02 -1.048219e+02
   endloop
 endfacet
 facet normal  0.000000e+00 -4.562107e-01  8.898718e-01
   outer loop
     vertex -1.307500e+02  4.820403e+02 -1.083288e+02
     vertex -1.240000e+02  4.820403e+02 -1.083288e+02
     vertex -1.240000e+02  4.848799e+02 -1.068731e+02
   endloop
 endfacet
 facet normal -1.855598e-15 -4.562107e-01  8.898718e-01
   outer loop
     vertex -1.307500e+02  4.820403e+02 -1.083288e+02
     vertex -1.240000e+02  4.848799e+02 -1.068731e+02
     vertex -1.307500e+02  4.848799e+02 -1.068731e+02
   endloop
 endfacet
 facet normal -4.118215e-15 -2.467574e-01  9.690773e-01
   outer loop
     vertex -1.307500e+02  4.789480e+02 -1.091162e+02
     vertex -1.240000e+02  4.789480e+02 -1.091162e+02
     vertex -1.240000e+02  4.820403e+02 -1.083288e+02
   endloop
 endfacet
 facet normal  0.000000e+00 -2.467574e-01  9.690773e-01
   outer loop
     vertex -1.307500e+02  4.789480e+02 -1.091162e+02
     vertex -1.240000e+02  4.820403e+02 -1.083288e+02
     vertex -1.307500e+02  4.820403e+02 -1.083288e+02
   endloop
 endfacet
 facet normal  2.099475e-16 -2.493069e-02  9.996892e-01
   outer loop
     vertex -1.307500e+02  4.757580e+02 -1.091958e+02
     vertex -1.240000e+02  4.757580e+02 -1.091958e+02
     vertex -1.240000e+02  4.789480e+02 -1.091162e+02
   endloop
 endfacet
 facet normal -2.314343e-15 -2.493069e-02  9.996892e-01
   outer loop
     vertex -1.307500e+02  4.757580e+02 -1.091958e+02
     vertex -1.240000e+02  4.789480e+02 -1.091162e+02
     vertex -1.307500e+02  4.789480e+02 -1.091162e+02
   endloop
 endfacet
 facet normal  0.000000e+00 -2.065983e-01 -9.784259e-01
   outer loop
     vertex -1.165000e+02  4.742543e+02 -1.030443e+02
     vertex -1.115000e+02  4.762592e+02 -1.034677e+02
     vertex -1.115000e+02  4.742543e+02 -1.030443e+02
   endloop
 endfacet
 facet normal  7.476893e-15 -2.065983e-01 -9.784259e-01
   outer loop
     vertex -1.165000e+02  4.742543e+02 -1.030443e+02
     vertex -1.165000e+02  4.762592e+02 -1.034677e+02
     vertex -1.115000e+02  4.762592e+02 -1.034677e+02
   endloop
 endfacet
 facet normal  2.382984e-15 -4.347475e-01 -9.005524e-01
   outer loop
     vertex -1.165000e+02  4.724089e+02 -1.021535e+02
     vertex -1.115000e+02  4.742543e+02 -1.030443e+02
     vertex -1.115000e+02  4.724089e+02 -1.021535e+02
   endloop
 endfacet
 facet normal  0.000000e+00 -4.347475e-01 -9.005524e-01
   outer loop
     vertex -1.165000e+02  4.724089e+02 -1.021535e+02
     vertex -1.165000e+02  4.742543e+02 -1.030443e+02
     vertex -1.115000e+02  4.742543e+02 -1.030443e+02
   endloop
 endfacet
 facet normal  0.000000e+00 -8.034574e-01 -5.953623e-01
   outer loop
     vertex -1.165000e+02  4.708304e+02 -1.008469e+02
     vertex -1.115000e+02  4.708304e+02 -1.008469e+02
     vertex -1.115000e+02  4.696104e+02 -9.920049e+01
   endloop
 endfacet
 facet normal  0.000000e+00 -6.376309e-01 -7.703421e-01
   outer loop
     vertex -1.165000e+02  4.708304e+02 -1.008469e+02
     vertex -1.115000e+02  4.724089e+02 -1.021535e+02
     vertex -1.115000e+02  4.708304e+02 -1.008469e+02
   endloop
 endfacet
 facet normal  5.027940e-15 -6.376309e-01 -7.703421e-01
   outer loop
     vertex -1.165000e+02  4.708304e+02 -1.008469e+02
     vertex -1.165000e+02  4.724089e+02 -1.021535e+02
     vertex -1.115000e+02  4.724089e+02 -1.021535e+02
   endloop
 endfacet
 facet normal  9.134253e-15 -8.034574e-01 -5.953623e-01
   outer loop
     vertex -1.165000e+02  4.696104e+02 -9.920049e+01
     vertex -1.165000e+02  4.708304e+02 -1.008469e+02
     vertex -1.115000e+02  4.696104e+02 -9.920049e+01
   endloop
 endfacet
 facet normal  0.000000e+00 -9.881048e-01 -1.537818e-01
   outer loop
     vertex -1.165000e+02  4.688199e+02 -9.730999e+01
     vertex -1.115000e+02  4.688199e+02 -9.730999e+01
     vertex -1.115000e+02  4.685048e+02 -9.528524e+01
   endloop
 endfacet
 facet normal  0.000000e+00 -9.225899e-01 -3.857822e-01
   outer loop
     vertex -1.165000e+02  4.688199e+02 -9.730999e+01
     vertex -1.115000e+02  4.696104e+02 -9.920049e+01
     vertex -1.115000e+02  4.688199e+02 -9.730999e+01
   endloop
 endfacet
 facet normal  1.046765e-14 -9.225899e-01 -3.857822e-01
   outer loop
     vertex -1.165000e+02  4.688199e+02 -9.730999e+01
     vertex -1.165000e+02  4.696104e+02 -9.920049e+01
     vertex -1.115000e+02  4.696104e+02 -9.920049e+01
   endloop
 endfacet
 facet normal  1.132542e-14 -9.961947e-01  8.715574e-02
   outer loop
     vertex -1.165000e+02  4.685048e+02 -9.528524e+01
     vertex -1.115000e+02  4.685048e+02 -9.528524e+01
     vertex -1.115000e+02  4.686834e+02 -9.324391e+01
   endloop
 endfacet
 facet normal  1.123345e-14 -9.881048e-01 -1.537818e-01
   outer loop
     vertex -1.165000e+02  4.685048e+02 -9.528524e+01
     vertex -1.165000e+02  4.688199e+02 -9.730999e+01
     vertex -1.115000e+02  4.685048e+02 -9.528524e+01
   endloop
 endfacet
 facet normal  1.132542e-14 -9.961947e-01  8.715574e-02
   outer loop
     vertex -1.165000e+02  4.686834e+02 -9.324391e+01
     vertex -1.165000e+02  4.685048e+02 -9.528524e+01
     vertex -1.115000e+02  4.686834e+02 -9.324391e+01
   endloop
 endfacet
 facet normal  1.075920e-14 -9.463894e-01  3.230282e-01
   outer loop
     vertex -1.165000e+02  4.693453e+02 -9.130465e+01
     vertex -1.115000e+02  4.686834e+02 -9.324391e+01
     vertex -1.115000e+02  4.693453e+02 -9.130465e+01
   endloop
 endfacet
 facet normal  1.077106e-14 -9.463894e-01  3.230282e-01
   outer loop
     vertex -1.165000e+02  4.693453e+02 -9.130465e+01
     vertex -1.165000e+02  4.686834e+02 -9.324391e+01
     vertex -1.115000e+02  4.686834e+02 -9.324391e+01
   endloop
 endfacet
 facet normal  9.567694e-15 -8.415833e-01  5.401273e-01
   outer loop
     vertex -1.165000e+02  4.704521e+02 -8.958014e+01
     vertex -1.115000e+02  4.693453e+02 -9.130465e+01
     vertex -1.115000e+02  4.704521e+02 -8.958014e+01
   endloop
 endfacet
 facet normal  9.579092e-15 -8.415833e-01  5.401273e-01
   outer loop
     vertex -1.165000e+02  4.704521e+02 -8.958014e+01
     vertex -1.165000e+02  4.693453e+02 -9.130465e+01
     vertex -1.115000e+02  4.693453e+02 -9.130465e+01
   endloop
 endfacet
 facet normal  0.000000e+00 -6.878675e-01  7.258363e-01
   outer loop
     vertex -1.165000e+02  4.719394e+02 -8.817061e+01
     vertex -1.115000e+02  4.704521e+02 -8.958014e+01
     vertex -1.115000e+02  4.719394e+02 -8.817061e+01
   endloop
 endfacet
 facet normal  7.801975e-15 -6.878675e-01  7.258363e-01
   outer loop
     vertex -1.165000e+02  4.719394e+02 -8.817061e+01
     vertex -1.165000e+02  4.704521e+02 -8.958014e+01
     vertex -1.115000e+02  4.704521e+02 -8.958014e+01
   endloop
 endfacet
 facet normal  0.000000e+00 -2.717635e-01  9.623641e-01
   outer loop
     vertex -1.165000e+02  4.737209e+02 -8.715799e+01
     vertex -1.115000e+02  4.737209e+02 -8.715799e+01
     vertex -1.115000e+02  4.756929e+02 -8.660111e+01
   endloop
 endfacet
 facet normal  0.000000e+00 -4.941753e-01  8.693623e-01
   outer loop
     vertex -1.165000e+02  4.737209e+02 -8.715799e+01
     vertex -1.115000e+02  4.719394e+02 -8.817061e+01
     vertex -1.115000e+02  4.737209e+02 -8.715799e+01
   endloop
 endfacet
 facet normal  0.000000e+00 -4.941753e-01  8.693623e-01
   outer loop
     vertex -1.165000e+02  4.737209e+02 -8.715799e+01
     vertex -1.165000e+02  4.719394e+02 -8.817061e+01
     vertex -1.115000e+02  4.719394e+02 -8.817061e+01
   endloop
 endfacet
 facet normal  0.000000e+00 -3.355772e-02  9.994368e-01
   outer loop
     vertex -1.165000e+02  4.756929e+02 -8.660111e+01
     vertex -1.115000e+02  4.756929e+02 -8.660111e+01
     vertex -1.115000e+02  4.777408e+02 -8.653235e+01
   endloop
 endfacet
 facet normal  0.000000e+00 -2.717635e-01  9.623641e-01
   outer loop
     vertex -1.165000e+02  4.756929e+02 -8.660111e+01
     vertex -1.165000e+02  4.737209e+02 -8.715799e+01
     vertex -1.115000e+02  4.756929e+02 -8.660111e+01
   endloop
 endfacet
 facet normal  0.000000e+00 -3.355772e-02  9.994368e-01
   outer loop
     vertex -1.165000e+02  4.777408e+02 -8.653235e+01
     vertex -1.165000e+02  4.756929e+02 -8.660111e+01
     vertex -1.115000e+02  4.777408e+02 -8.653235e+01
   endloop
 endfacet
 facet normal  5.491675e-15 -4.347475e-01 -9.005524e-01
   outer loop
     vertex -1.210000e+02  4.739312e+02 -1.039907e+02
     vertex -1.165000e+02  4.739312e+02 -1.039907e+02
     vertex -1.165000e+02  4.718688e+02 -1.029950e+02
   endloop
 endfacet
 facet normal  2.609723e-15 -2.065983e-01 -9.784259e-01
   outer loop
     vertex -1.210000e+02  4.739312e+02 -1.039907e+02
     vertex -1.165000e+02  4.761720e+02 -1.044638e+02
     vertex -1.165000e+02  4.739312e+02 -1.039907e+02
   endloop
 endfacet
 facet normal  0.000000e+00 -2.065983e-01 -9.784259e-01
   outer loop
     vertex -1.210000e+02  4.739312e+02 -1.039907e+02
     vertex -1.210000e+02  4.761720e+02 -1.044638e+02
     vertex -1.165000e+02  4.761720e+02 -1.044638e+02
   endloop
 endfacet
 facet normal  5.491675e-15 -4.347475e-01 -9.005524e-01
   outer loop
     vertex -1.210000e+02  4.718688e+02 -1.029950e+02
     vertex -1.210000e+02  4.739312e+02 -1.039907e+02
     vertex -1.165000e+02  4.718688e+02 -1.029950e+02
   endloop
 endfacet
 facet normal  0.000000e+00 -8.034574e-01 -5.953623e-01
   outer loop
     vertex -1.210000e+02  4.701046e+02 -1.015347e+02
     vertex -1.165000e+02  4.701046e+02 -1.015347e+02
     vertex -1.165000e+02  4.687411e+02 -9.969467e+01
   endloop
 endfacet
 facet normal  0.000000e+00 -6.376309e-01 -7.703421e-01
   outer loop
     vertex -1.210000e+02  4.701046e+02 -1.015347e+02
     vertex -1.165000e+02  4.718688e+02 -1.029950e+02
     vertex -1.165000e+02  4.701046e+02 -1.015347e+02
   endloop
 endfacet
 facet normal  8.014895e-15 -6.376309e-01 -7.703421e-01
   outer loop
     vertex -1.210000e+02  4.701046e+02 -1.015347e+02
     vertex -1.210000e+02  4.718688e+02 -1.029950e+02
     vertex -1.165000e+02  4.718688e+02 -1.029950e+02
   endloop
 endfacet
 facet normal  1.014917e-14 -8.034574e-01 -5.953623e-01
   outer loop
     vertex -1.210000e+02  4.687411e+02 -9.969467e+01
     vertex -1.210000e+02  4.701046e+02 -1.015347e+02
     vertex -1.165000e+02  4.687411e+02 -9.969467e+01
   endloop
 endfacet
 facet normal  0.000000e+00 -9.881048e-01 -1.537818e-01
   outer loop
     vertex -1.210000e+02  4.678575e+02 -9.758175e+01
     vertex -1.165000e+02  4.678575e+02 -9.758175e+01
     vertex -1.165000e+02  4.675054e+02 -9.531880e+01
   endloop
 endfacet
 facet normal  0.000000e+00 -9.225899e-01 -3.857822e-01
   outer loop
     vertex -1.210000e+02  4.678575e+02 -9.758175e+01
     vertex -1.165000e+02  4.687411e+02 -9.969467e+01
     vertex -1.165000e+02  4.678575e+02 -9.758175e+01
   endloop
 endfacet
 facet normal  1.165607e-14 -9.225899e-01 -3.857822e-01
   outer loop
     vertex -1.210000e+02  4.678575e+02 -9.758175e+01
     vertex -1.210000e+02  4.687411e+02 -9.969467e+01
     vertex -1.165000e+02  4.687411e+02 -9.969467e+01
   endloop
 endfacet
 facet normal  1.248161e-14 -9.881048e-01 -1.537818e-01
   outer loop
     vertex -1.210000e+02  4.675054e+02 -9.531880e+01
     vertex -1.210000e+02  4.678575e+02 -9.758175e+01
     vertex -1.165000e+02  4.675054e+02 -9.531880e+01
   endloop
 endfacet
 facet normal  0.000000e+00 -9.961947e-01  8.715574e-02
   outer loop
     vertex -1.210000e+02  4.677050e+02 -9.303732e+01
     vertex -1.165000e+02  4.675054e+02 -9.531880e+01
     vertex -1.165000e+02  4.677050e+02 -9.303732e+01
   endloop
 endfacet
 facet normal  1.258252e-14 -9.961947e-01  8.715574e-02
   outer loop
     vertex -1.210000e+02  4.677050e+02 -9.303732e+01
     vertex -1.210000e+02  4.675054e+02 -9.531880e+01
     vertex -1.165000e+02  4.675054e+02 -9.531880e+01
   endloop
 endfacet
 facet normal  0.000000e+00 -9.463894e-01  3.230282e-01
   outer loop
     vertex -1.210000e+02  4.684448e+02 -9.086990e+01
     vertex -1.165000e+02  4.677050e+02 -9.303732e+01
     vertex -1.165000e+02  4.684448e+02 -9.086990e+01
   endloop
 endfacet
 facet normal  0.000000e+00 -9.463894e-01  3.230282e-01
   outer loop
     vertex -1.210000e+02  4.684448e+02 -9.086990e+01
     vertex -1.210000e+02  4.677050e+02 -9.303732e+01
     vertex -1.165000e+02  4.677050e+02 -9.303732e+01
   endloop
 endfacet
 facet normal  2.126154e-14 -8.415833e-01  5.401273e-01
   outer loop
     vertex -1.210000e+02  4.696818e+02 -8.894251e+01
     vertex -1.165000e+02  4.684448e+02 -9.086990e+01
     vertex -1.165000e+02  4.696818e+02 -8.894251e+01
   endloop
 endfacet
 facet normal  0.000000e+00 -8.415833e-01  5.401273e-01
   outer loop
     vertex -1.210000e+02  4.696818e+02 -8.894251e+01
     vertex -1.210000e+02  4.684448e+02 -9.086990e+01
     vertex -1.165000e+02  4.684448e+02 -9.086990e+01
   endloop
 endfacet
 facet normal  0.000000e+00 -6.878675e-01  7.258363e-01
   outer loop
     vertex -1.210000e+02  4.713441e+02 -8.736715e+01
     vertex -1.165000e+02  4.696818e+02 -8.894251e+01
     vertex -1.165000e+02  4.713441e+02 -8.736715e+01
   endloop
 endfacet
 facet normal  1.736561e-14 -6.878675e-01  7.258363e-01
   outer loop
     vertex -1.210000e+02  4.713441e+02 -8.736715e+01
     vertex -1.210000e+02  4.696818e+02 -8.894251e+01
     vertex -1.165000e+02  4.696818e+02 -8.894251e+01
   endloop
 endfacet
 facet normal  0.000000e+00 -2.717635e-01  9.623641e-01
   outer loop
     vertex -1.210000e+02  4.733351e+02 -8.623540e+01
     vertex -1.165000e+02  4.733351e+02 -8.623540e+01
     vertex -1.165000e+02  4.755391e+02 -8.561300e+01
   endloop
 endfacet
 facet normal  0.000000e+00 -4.941753e-01  8.693623e-01
   outer loop
     vertex -1.210000e+02  4.733351e+02 -8.623540e+01
     vertex -1.165000e+02  4.713441e+02 -8.736715e+01
     vertex -1.165000e+02  4.733351e+02 -8.623540e+01
   endloop
 endfacet
 facet normal  0.000000e+00 -4.941753e-01  8.693623e-01
   outer loop
     vertex -1.210000e+02  4.733351e+02 -8.623540e+01
     vertex -1.210000e+02  4.713441e+02 -8.736715e+01
     vertex -1.165000e+02  4.713441e+02 -8.736715e+01
   endloop
 endfacet
 facet normal  3.432881e-15 -2.717635e-01  9.623641e-01
   outer loop
     vertex -1.210000e+02  4.755391e+02 -8.561300e+01
     vertex -1.210000e+02  4.733351e+02 -8.623540e+01
     vertex -1.165000e+02  4.755391e+02 -8.561300e+01
   endloop
 endfacet
 facet normal  0.000000e+00 -3.355772e-02  9.994368e-01
   outer loop
     vertex -1.210000e+02  4.778280e+02 -8.553615e+01
     vertex -1.165000e+02  4.755391e+02 -8.561300e+01
     vertex -1.165000e+02  4.778280e+02 -8.553615e+01
   endloop
 endfacet
 facet normal  4.228288e-16 -3.355772e-02  9.994368e-01
   outer loop
     vertex -1.210000e+02  4.778280e+02 -8.553615e+01
     vertex -1.210000e+02  4.755391e+02 -8.561300e+01
     vertex -1.165000e+02  4.755391e+02 -8.561300e+01
   endloop
 endfacet
 facet normal  0.000000e+00  9.970762e-01  7.641330e-02
   outer loop
     vertex -1.210000e+02  4.987225e+02 -9.547495e+01
     vertex -1.220000e+02  4.987390e+02 -9.569036e+01
     vertex -1.220000e+02  4.987225e+02 -9.547495e+01
   endloop
 endfacet
 facet normal  0.000000e+00  9.970762e-01  7.641330e-02
   outer loop
     vertex -1.210000e+02  4.987225e+02 -9.547495e+01
     vertex -1.210000e+02  4.987390e+02 -9.569036e+01
     vertex -1.220000e+02  4.987390e+02 -9.569036e+01
   endloop
 endfacet
 facet normal  0.000000e+00  9.573945e-01  2.887834e-01
   outer loop
     vertex -1.210000e+02  4.986601e+02 -9.526811e+01
     vertex -1.220000e+02  4.987225e+02 -9.547495e+01
     vertex -1.220000e+02  4.986601e+02 -9.526811e+01
   endloop
 endfacet
 facet normal  0.000000e+00  9.573945e-01  2.887834e-01
   outer loop
     vertex -1.210000e+02  4.986601e+02 -9.526811e+01
     vertex -1.210000e+02  4.987225e+02 -9.547495e+01
     vertex -1.220000e+02  4.987225e+02 -9.547495e+01
   endloop
 endfacet
 facet normal  0.000000e+00  7.479077e-01  6.638027e-01
   outer loop
     vertex -1.210000e+02  4.985548e+02 -9.507949e+01
     vertex -1.220000e+02  4.985548e+02 -9.507949e+01
     vertex -1.220000e+02  4.984114e+02 -9.491791e+01
   endloop
 endfacet
 facet normal  0.000000e+00  8.730256e-01  4.876743e-01
   outer loop
     vertex -1.210000e+02  4.985548e+02 -9.507949e+01
     vertex -1.220000e+02  4.986601e+02 -9.526811e+01
     vertex -1.220000e+02  4.985548e+02 -9.507949e+01
   endloop
 endfacet
 facet normal  0.000000e+00  8.730256e-01  4.876743e-01
   outer loop
     vertex -1.210000e+02  4.985548e+02 -9.507949e+01
     vertex -1.210000e+02  4.986601e+02 -9.526811e+01
     vertex -1.220000e+02  4.986601e+02 -9.526811e+01
   endloop
 endfacet
 facet normal  0.000000e+00  5.878807e-01  8.089477e-01
   outer loop
     vertex -1.210000e+02  4.984114e+02 -9.491791e+01
     vertex -1.220000e+02  4.984114e+02 -9.491791e+01
     vertex -1.220000e+02  4.982366e+02 -9.479090e+01
   endloop
 endfacet
 facet normal  0.000000e+00  7.479077e-01  6.638027e-01
   outer loop
     vertex -1.210000e+02  4.984114e+02 -9.491791e+01
     vertex -1.210000e+02  4.985548e+02 -9.507949e+01
     vertex -1.220000e+02  4.984114e+02 -9.491791e+01
   endloop
 endfacet
 facet normal  0.000000e+00  4.004139e-01  9.163344e-01
   outer loop
     vertex -1.210000e+02  4.982366e+02 -9.479090e+01
     vertex -1.220000e+02  4.982366e+02 -9.479090e+01
     vertex -1.220000e+02  4.980386e+02 -9.470440e+01
   endloop
 endfacet
 facet normal  0.000000e+00  5.878807e-01  8.089477e-01
   outer loop
     vertex -1.210000e+02  4.982366e+02 -9.479090e+01
     vertex -1.210000e+02  4.984114e+02 -9.491791e+01
     vertex -1.220000e+02  4.982366e+02 -9.479090e+01
   endloop
 endfacet
 facet normal  0.000000e+00  4.004139e-01  9.163344e-01
   outer loop
     vertex -1.210000e+02  4.980386e+02 -9.470440e+01
     vertex -1.210000e+02  4.982366e+02 -9.479090e+01
     vertex -1.220000e+02  4.980386e+02 -9.470440e+01
   endloop
 endfacet
 facet normal  0.000000e+00  1.942575e-01  9.809506e-01
   outer loop
     vertex -1.210000e+02  4.978267e+02 -9.466243e+01
     vertex -1.220000e+02  4.980386e+02 -9.470440e+01
     vertex -1.220000e+02  4.978267e+02 -9.466243e+01
   endloop
 endfacet
 facet normal  0.000000e+00  1.942575e-01  9.809506e-01
   outer loop
     vertex -1.210000e+02  4.978267e+02 -9.466243e+01
     vertex -1.210000e+02  4.980386e+02 -9.470440e+01
     vertex -1.220000e+02  4.980386e+02 -9.470440e+01
   endloop
 endfacet
 facet normal  3.976609e-15  9.600499e-01  2.798290e-01
   outer loop
     vertex -1.210000e+02  4.702116e+02 -7.535378e+01
     vertex -1.220000e+02  4.702726e+02 -7.556282e+01
     vertex -1.220000e+02  4.702116e+02 -7.535378e+01
   endloop
 endfacet
 facet normal  0.000000e+00  9.600499e-01  2.798290e-01
   outer loop
     vertex -1.210000e+02  4.702116e+02 -7.535378e+01
     vertex -1.210000e+02  4.702726e+02 -7.556282e+01
     vertex -1.220000e+02  4.702726e+02 -7.556282e+01
   endloop
 endfacet
 facet normal  0.000000e+00  8.767268e-01  4.809888e-01
   outer loop
     vertex -1.210000e+02  4.701069e+02 -7.516289e+01
     vertex -1.220000e+02  4.702116e+02 -7.535378e+01
     vertex -1.220000e+02  4.701069e+02 -7.516289e+01
   endloop
 endfacet
 facet normal  6.835838e-15  8.767268e-01  4.809888e-01
   outer loop
     vertex -1.210000e+02  4.701069e+02 -7.516289e+01
     vertex -1.210000e+02  4.702116e+02 -7.535378e+01
     vertex -1.220000e+02  4.702116e+02 -7.535378e+01
   endloop
 endfacet
 facet normal  0.000000e+00  7.518398e-01  6.593458e-01
   outer loop
     vertex -1.210000e+02  4.699633e+02 -7.499919e+01
     vertex -1.220000e+02  4.701069e+02 -7.516289e+01
     vertex -1.220000e+02  4.699633e+02 -7.499919e+01
   endloop
 endfacet
 facet normal  0.000000e+00  7.518398e-01  6.593458e-01
   outer loop
     vertex -1.210000e+02  4.699633e+02 -7.499919e+01
     vertex -1.210000e+02  4.701069e+02 -7.516289e+01
     vertex -1.220000e+02  4.701069e+02 -7.516289e+01
   endloop
 endfacet
 facet normal  0.000000e+00  5.913096e-01  8.064446e-01
   outer loop
     vertex -1.210000e+02  4.697878e+02 -7.487044e+01
     vertex -1.220000e+02  4.699633e+02 -7.499919e+01
     vertex -1.220000e+02  4.697878e+02 -7.487044e+01
   endloop
 endfacet
 facet normal  0.000000e+00  5.913096e-01  8.064446e-01
   outer loop
     vertex -1.210000e+02  4.697878e+02 -7.487044e+01
     vertex -1.210000e+02  4.699633e+02 -7.499919e+01
     vertex -1.220000e+02  4.699633e+02 -7.499919e+01
   endloop
 endfacet
 facet normal  0.000000e+00  1.950903e-01  9.807853e-01
   outer loop
     vertex -1.210000e+02  4.695885e+02 -7.478275e+01
     vertex -1.220000e+02  4.695885e+02 -7.478275e+01
     vertex -1.220000e+02  4.693749e+02 -7.474027e+01
   endloop
 endfacet
 facet normal  0.000000e+00  4.027467e-01  9.153115e-01
   outer loop
     vertex -1.210000e+02  4.695885e+02 -7.478275e+01
     vertex -1.220000e+02  4.697878e+02 -7.487044e+01
     vertex -1.220000e+02  4.695885e+02 -7.478275e+01
   endloop
 endfacet
 facet normal  0.000000e+00  4.027467e-01  9.153115e-01
   outer loop
     vertex -1.210000e+02  4.695885e+02 -7.478275e+01
     vertex -1.210000e+02  4.697878e+02 -7.487044e+01
     vertex -1.220000e+02  4.697878e+02 -7.487044e+01
   endloop
 endfacet
 facet normal -1.108960e-14  1.950903e-01  9.807853e-01
   outer loop
     vertex -1.210000e+02  4.693749e+02 -7.474027e+01
     vertex -1.210000e+02  4.695885e+02 -7.478275e+01
     vertex -1.220000e+02  4.693749e+02 -7.474027e+01
   endloop
 endfacet
 facet normal  0.000000e+00  8.903399e-01  4.552964e-01
   outer loop
     vertex -1.210000e+02  4.953745e+02 -8.336209e+01
     vertex -1.220000e+02  4.971919e+02 -8.691608e+01
     vertex -1.220000e+02  4.953745e+02 -8.336209e+01
   endloop
 endfacet
 facet normal  0.000000e+00  8.903399e-01  4.552964e-01
   outer loop
     vertex -1.210000e+02  4.953745e+02 -8.336209e+01
     vertex -1.210000e+02  4.971919e+02 -8.691608e+01
     vertex -1.220000e+02  4.971919e+02 -8.691608e+01
   endloop
 endfacet
 facet normal  0.000000e+00  7.921385e-01  6.103414e-01
   outer loop
     vertex -1.210000e+02  4.929382e+02 -8.020008e+01
     vertex -1.220000e+02  4.953745e+02 -8.336209e+01
     vertex -1.220000e+02  4.929382e+02 -8.020008e+01
   endloop
 endfacet
 facet normal  0.000000e+00  7.921385e-01  6.103414e-01
   outer loop
     vertex -1.210000e+02  4.929382e+02 -8.020008e+01
     vertex -1.210000e+02  4.953745e+02 -8.336209e+01
     vertex -1.220000e+02  4.953745e+02 -8.336209e+01
   endloop
 endfacet
 facet normal  0.000000e+00  6.672560e-01  7.448285e-01
   outer loop
     vertex -1.210000e+02  4.899650e+02 -7.753658e+01
     vertex -1.220000e+02  4.929382e+02 -8.020008e+01
     vertex -1.220000e+02  4.899650e+02 -7.753658e+01
   endloop
 endfacet
 facet normal  0.000000e+00  6.672560e-01  7.448285e-01
   outer loop
     vertex -1.210000e+02  4.899650e+02 -7.753658e+01
     vertex -1.210000e+02  4.929382e+02 -8.020008e+01
     vertex -1.220000e+02  4.929382e+02 -8.020008e+01
   endloop
 endfacet
 facet normal  0.000000e+00  5.198986e-01  8.542280e-01
   outer loop
     vertex -1.210000e+02  4.865552e+02 -7.546128e+01
     vertex -1.220000e+02  4.899650e+02 -7.753658e+01
     vertex -1.220000e+02  4.865552e+02 -7.546128e+01
   endloop
 endfacet
 facet normal  0.000000e+00  5.198986e-01  8.542280e-01
   outer loop
     vertex -1.210000e+02  4.865552e+02 -7.546128e+01
     vertex -1.210000e+02  4.899650e+02 -7.753658e+01
     vertex -1.220000e+02  4.899650e+02 -7.753658e+01
   endloop
 endfacet
 facet normal  0.000000e+00  3.550298e-01  9.348550e-01
   outer loop
     vertex -1.210000e+02  4.828235e+02 -7.404410e+01
     vertex -1.220000e+02  4.865552e+02 -7.546128e+01
     vertex -1.220000e+02  4.828235e+02 -7.404410e+01
   endloop
 endfacet
 facet normal  0.000000e+00  3.550298e-01  9.348550e-01
   outer loop
     vertex -1.210000e+02  4.828235e+02 -7.404410e+01
     vertex -1.210000e+02  4.865552e+02 -7.546128e+01
     vertex -1.220000e+02  4.865552e+02 -7.546128e+01
   endloop
 endfacet
 facet normal  0.000000e+00  1.782027e-01  9.839938e-01
   outer loop
     vertex -1.210000e+02  4.788956e+02 -7.333277e+01
     vertex -1.220000e+02  4.828235e+02 -7.404410e+01
     vertex -1.220000e+02  4.788956e+02 -7.333277e+01
   endloop
 endfacet
 facet normal  0.000000e+00  1.782027e-01  9.839938e-01
   outer loop
     vertex -1.210000e+02  4.788956e+02 -7.333277e+01
     vertex -1.210000e+02  4.828235e+02 -7.404410e+01
     vertex -1.220000e+02  4.828235e+02 -7.404410e+01
   endloop
 endfacet
 facet normal -3.419970e-16  4.361939e-02  9.990482e-01
   outer loop
     vertex -1.210000e+02  4.957113e+02 -9.495068e+01
     vertex -1.282500e+02  4.954281e+02 -9.493832e+01
     vertex -1.210000e+02  4.954281e+02 -9.493832e+01
   endloop
 endfacet
 facet normal  2.470338e-02 -4.360608e-02  9.987433e-01
   outer loop
     vertex -1.220000e+02  4.962757e+02 -9.490131e+01
     vertex -1.210000e+02  4.957113e+02 -9.495068e+01
     vertex -1.210000e+02  4.959946e+02 -9.493832e+01
   endloop
 endfacet
 facet normal  1.157499e-03 -2.717633e-01  9.623634e-01
   outer loop
     vertex -1.220000e+02  4.962757e+02 -9.490131e+01
     vertex -1.282500e+02  4.969651e+02 -9.469910e+01
     vertex -1.282500e+02  4.962111e+02 -9.491203e+01
   endloop
 endfacet
 facet normal -1.366843e-03 -3.355769e-02  9.994358e-01
   outer loop
     vertex -1.220000e+02  4.962757e+02 -9.490131e+01
     vertex -1.282500e+02  4.962111e+02 -9.491203e+01
     vertex -1.282500e+02  4.954281e+02 -9.493832e+01
   endloop
 endfacet
 facet normal  4.777292e-03 -7.875093e-02  9.968829e-01
   outer loop
     vertex -1.220000e+02  4.962757e+02 -9.490131e+01
     vertex -1.282500e+02  4.954281e+02 -9.493832e+01
     vertex -1.210000e+02  4.957113e+02 -9.495068e+01
   endloop
 endfacet
 facet normal  0.000000e+00 -1.305262e-01  9.914449e-01
   outer loop
     vertex -1.210000e+02  4.962757e+02 -9.490131e+01
     vertex -1.220000e+02  4.962757e+02 -9.490131e+01
     vertex -1.210000e+02  4.959946e+02 -9.493832e+01
   endloop
 endfacet
 facet normal  1.069049e-03 -4.941750e-01  8.693618e-01
   outer loop
     vertex -1.220000e+02  4.970203e+02 -9.467545e+01
     vertex -1.282500e+02  4.976463e+02 -9.431192e+01
     vertex -1.282500e+02  4.969651e+02 -9.469910e+01
   endloop
 endfacet
 facet normal -1.061044e-03 -2.902845e-01  9.569398e-01
   outer loop
     vertex -1.220000e+02  4.970203e+02 -9.467545e+01
     vertex -1.282500e+02  4.969651e+02 -9.469910e+01
     vertex -1.220000e+02  4.962757e+02 -9.490131e+01
   endloop
 endfacet
 facet normal  9.791414e-04 -6.878672e-01  7.258359e-01
   outer loop
     vertex -1.220000e+02  4.976898e+02 -9.427908e+01
     vertex -1.282500e+02  4.982150e+02 -9.377299e+01
     vertex -1.282500e+02  4.976463e+02 -9.431192e+01
   endloop
 endfacet
 facet normal -9.718648e-04 -5.094167e-01  8.605194e-01
   outer loop
     vertex -1.220000e+02  4.976898e+02 -9.427908e+01
     vertex -1.282500e+02  4.976463e+02 -9.431192e+01
     vertex -1.220000e+02  4.970203e+02 -9.467545e+01
   endloop
 endfacet
 facet normal  8.877776e-04 -8.415830e-01  5.401271e-01
   outer loop
     vertex -1.220000e+02  4.982460e+02 -9.373494e+01
     vertex -1.282500e+02  4.986381e+02 -9.311361e+01
     vertex -1.282500e+02  4.982150e+02 -9.377299e+01
   endloop
 endfacet
 facet normal -8.812293e-04 -6.993513e-01  7.147776e-01
   outer loop
     vertex -1.220000e+02  4.982460e+02 -9.373494e+01
     vertex -1.282500e+02  4.982150e+02 -9.377299e+01
     vertex -1.220000e+02  4.976898e+02 -9.427908e+01
   endloop
 endfacet
 facet normal  7.949574e-04 -9.463891e-01  3.230280e-01
   outer loop
     vertex -1.220000e+02  4.986568e+02 -9.307419e+01
     vertex -1.282500e+02  4.988912e+02 -9.237213e+01
     vertex -1.282500e+02  4.986381e+02 -9.311361e+01
   endloop
 endfacet
 facet normal -7.891373e-04 -8.492019e-01  5.280677e-01
   outer loop
     vertex -1.220000e+02  4.986568e+02 -9.307419e+01
     vertex -1.282500e+02  4.986381e+02 -9.311361e+01
     vertex -1.220000e+02  4.982460e+02 -9.373494e+01
   endloop
 endfacet
 facet normal  7.006812e-04 -9.961945e-01  8.715572e-02
   outer loop
     vertex -1.220000e+02  4.988989e+02 -9.233473e+01
     vertex -1.282500e+02  4.989595e+02 -9.159162e+01
     vertex -1.282500e+02  4.988912e+02 -9.237213e+01
   endloop
 endfacet
 facet normal -6.955890e-04 -9.503799e-01  3.110911e-01
   outer loop
     vertex -1.220000e+02  4.988989e+02 -9.233473e+01
     vertex -1.282500e+02  4.988912e+02 -9.237213e+01
     vertex -1.220000e+02  4.986568e+02 -9.307419e+01
   endloop
 endfacet
 facet normal  6.049491e-04 -9.881046e-01 -1.537818e-01
   outer loop
     vertex -1.220000e+02  4.989583e+02 -9.155892e+01
     vertex -1.282500e+02  4.988390e+02 -9.081745e+01
     vertex -1.282500e+02  4.989595e+02 -9.159162e+01
   endloop
 endfacet
 facet normal -6.005848e-04 -9.970860e-01  7.628396e-02
   outer loop
     vertex -1.220000e+02  4.989583e+02 -9.155892e+01
     vertex -1.282500e+02  4.989595e+02 -9.159162e+01
     vertex -1.220000e+02  4.988989e+02 -9.233473e+01
   endloop
 endfacet
 facet normal  5.077615e-04 -9.225898e-01 -3.857821e-01
   outer loop
     vertex -1.220000e+02  4.988315e+02 -9.079124e+01
     vertex -1.282500e+02  4.985368e+02 -9.009461e+01
     vertex -1.282500e+02  4.988390e+02 -9.081745e+01
   endloop
 endfacet
 facet normal -5.041249e-04 -9.866432e-01 -1.628955e-01
   outer loop
     vertex -1.220000e+02  4.988315e+02 -9.079124e+01
     vertex -1.282500e+02  4.988390e+02 -9.081745e+01
     vertex -1.220000e+02  4.989583e+02 -9.155892e+01
   endloop
 endfacet
 facet normal  4.091186e-04 -8.034573e-01 -5.953622e-01
   outer loop
     vertex -1.220000e+02  4.985259e+02 -9.007568e+01
     vertex -1.282500e+02  4.980703e+02 -8.946512e+01
     vertex -1.282500e+02  4.985368e+02 -9.009461e+01
   endloop
 endfacet
 facet normal -4.062096e-04 -9.196501e-01 -3.927384e-01
   outer loop
     vertex -1.220000e+02  4.985259e+02 -9.007568e+01
     vertex -1.282500e+02  4.985368e+02 -9.009461e+01
     vertex -1.220000e+02  4.988315e+02 -9.079124e+01
   endloop
 endfacet
 facet normal  3.090207e-04 -6.376308e-01 -7.703420e-01
   outer loop
     vertex -1.220000e+02  4.980590e+02 -8.945327e+01
     vertex -1.282500e+02  4.974668e+02 -8.896554e+01
     vertex -1.282500e+02  4.980703e+02 -8.946512e+01
   endloop
 endfacet
 facet normal -3.068392e-04 -7.999465e-01 -6.000712e-01
   outer loop
     vertex -1.220000e+02  4.980590e+02 -8.945327e+01
     vertex -1.282500e+02  4.980703e+02 -8.946512e+01
     vertex -1.220000e+02  4.985259e+02 -9.007568e+01
   endloop
 endfacet
 facet normal  2.074681e-04 -4.347475e-01 -9.005524e-01
   outer loop
     vertex -1.220000e+02  4.974576e+02 -8.895966e+01
     vertex -1.282500e+02  4.967612e+02 -8.862492e+01
     vertex -1.282500e+02  4.974668e+02 -8.896554e+01
   endloop
 endfacet
 facet normal -2.060139e-04 -6.343933e-01 -7.730104e-01
   outer loop
     vertex -1.220000e+02  4.974576e+02 -8.895966e+01
     vertex -1.282500e+02  4.974668e+02 -8.896554e+01
     vertex -1.220000e+02  4.980590e+02 -8.945327e+01
   endloop
 endfacet
 facet normal  1.044611e-04 -2.065983e-01 -9.784258e-01
   outer loop
     vertex -1.220000e+02  4.967560e+02 -8.862316e+01
     vertex -1.282500e+02  4.959946e+02 -8.846305e+01
     vertex -1.282500e+02  4.967612e+02 -8.862492e+01
   endloop
 endfacet
 facet normal -1.037341e-04 -4.324792e-01 -9.016439e-01
   outer loop
     vertex -1.220000e+02  4.967560e+02 -8.862316e+01
     vertex -1.282500e+02  4.967612e+02 -8.862492e+01
     vertex -1.220000e+02  4.974576e+02 -8.895966e+01
   endloop
 endfacet
 facet normal  1.871533e-15 -2.057772e-01 -9.785989e-01
   outer loop
     vertex -1.220000e+02  4.959946e+02 -8.846305e+01
     vertex -1.282500e+02  4.959946e+02 -8.846305e+01
     vertex -1.220000e+02  4.967560e+02 -8.862316e+01
   endloop
 endfacet
 facet normal  5.567035e-15 -2.065983e-01 -9.784259e-01
   outer loop
     vertex -1.307500e+02  4.742498e+02 -7.467979e+01
     vertex -1.282500e+02  4.738488e+02 -7.459512e+01
     vertex -1.307500e+02  4.738488e+02 -7.459512e+01
   endloop
 endfacet
 facet normal -4.697501e-15 -2.065983e-01 -9.784259e-01
   outer loop
     vertex -1.307500e+02  4.742498e+02 -7.467979e+01
     vertex -1.282500e+02  4.742498e+02 -7.467979e+01
     vertex -1.282500e+02  4.738488e+02 -7.459512e+01
   endloop
 endfacet
 facet normal -4.765967e-15 -4.347475e-01 -9.005524e-01
   outer loop
     vertex -1.307500e+02  4.746189e+02 -7.485796e+01
     vertex -1.282500e+02  4.746189e+02 -7.485796e+01
     vertex -1.282500e+02  4.742498e+02 -7.467979e+01
   endloop
 endfacet
 facet normal -9.887920e-15 -4.347475e-01 -9.005524e-01
   outer loop
     vertex -1.307500e+02  4.746189e+02 -7.485796e+01
     vertex -1.282500e+02  4.742498e+02 -7.467979e+01
     vertex -1.307500e+02  4.742498e+02 -7.467979e+01
   endloop
 endfacet
 facet normal -1.826851e-14 -8.034574e-01 -5.953623e-01
   outer loop
     vertex -1.307500e+02  4.749346e+02 -7.511928e+01
     vertex -1.282500e+02  4.751786e+02 -7.544855e+01
     vertex -1.282500e+02  4.749346e+02 -7.511928e+01
   endloop
 endfacet
 facet normal -1.449805e-14 -6.376309e-01 -7.703421e-01
   outer loop
     vertex -1.307500e+02  4.749346e+02 -7.511928e+01
     vertex -1.282500e+02  4.749346e+02 -7.511928e+01
     vertex -1.282500e+02  4.746189e+02 -7.485796e+01
   endloop
 endfacet
 facet normal -1.011819e-14 -6.376309e-01 -7.703421e-01
   outer loop
     vertex -1.307500e+02  4.749346e+02 -7.511928e+01
     vertex -1.282500e+02  4.746189e+02 -7.485796e+01
     vertex -1.307500e+02  4.746189e+02 -7.485796e+01
   endloop
 endfacet
 facet normal  0.000000e+00 -8.034574e-01 -5.953623e-01
   outer loop
     vertex -1.307500e+02  4.751786e+02 -7.544855e+01
     vertex -1.282500e+02  4.751786e+02 -7.544855e+01
     vertex -1.307500e+02  4.749346e+02 -7.511928e+01
   endloop
 endfacet
 facet normal -1.878435e-14 -9.225899e-01 -3.857822e-01
   outer loop
     vertex -1.307500e+02  4.753367e+02 -7.582665e+01
     vertex -1.282500e+02  4.753367e+02 -7.582665e+01
     vertex -1.282500e+02  4.751786e+02 -7.544855e+01
   endloop
 endfacet
 facet normal  0.000000e+00 -9.225899e-01 -3.857822e-01
   outer loop
     vertex -1.307500e+02  4.753367e+02 -7.582665e+01
     vertex -1.282500e+02  4.751786e+02 -7.544855e+01
     vertex -1.307500e+02  4.751786e+02 -7.544855e+01
   endloop
 endfacet
 facet normal -2.314627e-14 -9.961947e-01  8.715574e-02
   outer loop
     vertex -1.307500e+02  4.753997e+02 -7.623160e+01
     vertex -1.282500e+02  4.753640e+02 -7.663987e+01
     vertex -1.282500e+02  4.753997e+02 -7.623160e+01
   endloop
 endfacet
 facet normal -2.159275e-14 -9.881048e-01 -1.537818e-01
   outer loop
     vertex -1.307500e+02  4.753997e+02 -7.623160e+01
     vertex -1.282500e+02  4.753997e+02 -7.623160e+01
     vertex -1.282500e+02  4.753367e+02 -7.582665e+01
   endloop
 endfacet
 facet normal -2.159088e-14 -9.881048e-01 -1.537818e-01
   outer loop
     vertex -1.307500e+02  4.753997e+02 -7.623160e+01
     vertex -1.282500e+02  4.753367e+02 -7.582665e+01
     vertex -1.307500e+02  4.753367e+02 -7.582665e+01
   endloop
 endfacet
 facet normal -2.265084e-14 -9.961947e-01  8.715574e-02
   outer loop
     vertex -1.307500e+02  4.753640e+02 -7.663987e+01
     vertex -1.282500e+02  4.753640e+02 -7.663987e+01
     vertex -1.307500e+02  4.753997e+02 -7.623160e+01
   endloop
 endfacet
 facet normal -2.151840e-14 -9.463894e-01  3.230282e-01
   outer loop
     vertex -1.307500e+02  4.752316e+02 -7.702772e+01
     vertex -1.282500e+02  4.752316e+02 -7.702772e+01
     vertex -1.282500e+02  4.753640e+02 -7.663987e+01
   endloop
 endfacet
 facet normal -2.152316e-14 -9.463894e-01  3.230282e-01
   outer loop
     vertex -1.307500e+02  4.752316e+02 -7.702772e+01
     vertex -1.282500e+02  4.753640e+02 -7.663987e+01
     vertex -1.307500e+02  4.753640e+02 -7.663987e+01
   endloop
 endfacet
 facet normal -2.220566e-14 -8.415833e-01  5.401273e-01
   outer loop
     vertex -1.307500e+02  4.750103e+02 -7.737263e+01
     vertex -1.282500e+02  4.750103e+02 -7.737263e+01
     vertex -1.282500e+02  4.752316e+02 -7.702772e+01
   endloop
 endfacet
 facet normal -1.912568e-14 -8.415833e-01  5.401273e-01
   outer loop
     vertex -1.307500e+02  4.750103e+02 -7.737263e+01
     vertex -1.282500e+02  4.752316e+02 -7.702772e+01
     vertex -1.307500e+02  4.752316e+02 -7.702772e+01
   endloop
 endfacet
 facet normal -1.564030e-14 -6.878675e-01  7.258363e-01
   outer loop
     vertex -1.307500e+02  4.747128e+02 -7.765453e+01
     vertex -1.282500e+02  4.747128e+02 -7.765453e+01
     vertex -1.282500e+02  4.750103e+02 -7.737263e+01
   endloop
 endfacet
 facet normal -1.976230e-14 -6.878675e-01  7.258363e-01
   outer loop
     vertex -1.307500e+02  4.747128e+02 -7.765453e+01
     vertex -1.282500e+02  4.750103e+02 -7.737263e+01
     vertex -1.307500e+02  4.750103e+02 -7.737263e+01
   endloop
 endfacet
 facet normal -6.179186e-15 -2.717635e-01  9.623641e-01
   outer loop
     vertex -1.307500e+02  4.743565e+02 -7.785706e+01
     vertex -1.282500e+02  4.739621e+02 -7.796843e+01
     vertex -1.282500e+02  4.743565e+02 -7.785706e+01
   endloop
 endfacet
 facet normal -1.123625e-14 -4.941753e-01  8.693623e-01
   outer loop
     vertex -1.307500e+02  4.743565e+02 -7.785706e+01
     vertex -1.282500e+02  4.743565e+02 -7.785706e+01
     vertex -1.282500e+02  4.747128e+02 -7.765453e+01
   endloop
 endfacet
 facet normal -1.122888e-14 -4.941753e-01  8.693623e-01
   outer loop
     vertex -1.307500e+02  4.743565e+02 -7.785706e+01
     vertex -1.282500e+02  4.747128e+02 -7.765453e+01
     vertex -1.307500e+02  4.747128e+02 -7.765453e+01
   endloop
 endfacet
 facet normal -7.630143e-16 -3.355772e-02  9.994368e-01
   outer loop
     vertex -1.307500e+02  4.739621e+02 -7.796843e+01
     vertex -1.282500e+02  4.735525e+02 -7.798218e+01
     vertex -1.282500e+02  4.739621e+02 -7.796843e+01
   endloop
 endfacet
 facet normal -6.179186e-15 -2.717635e-01  9.623641e-01
   outer loop
     vertex -1.307500e+02  4.739621e+02 -7.796843e+01
     vertex -1.282500e+02  4.739621e+02 -7.796843e+01
     vertex -1.307500e+02  4.743565e+02 -7.785706e+01
   endloop
 endfacet
 facet normal -7.630143e-16 -3.355772e-02  9.994368e-01
   outer loop
     vertex -1.307500e+02  4.735525e+02 -7.798218e+01
     vertex -1.282500e+02  4.735525e+02 -7.798218e+01
     vertex -1.307500e+02  4.739621e+02 -7.796843e+01
   endloop
 endfacet
 facet normal -3.833262e-15 -2.065983e-01 -9.784259e-01
   outer loop
     vertex -1.307500e+02  4.588378e+02 -9.669045e+01
     vertex -1.282500e+02  4.584368e+02 -9.660578e+01
     vertex -1.307500e+02  4.584368e+02 -9.660578e+01
   endloop
 endfacet
 facet normal -4.697501e-15 -2.065983e-01 -9.784259e-01
   outer loop
     vertex -1.307500e+02  4.588378e+02 -9.669045e+01
     vertex -1.282500e+02  4.588378e+02 -9.669045e+01
     vertex -1.282500e+02  4.584368e+02 -9.660578e+01
   endloop
 endfacet
 facet normal  0.000000e+00 -4.347475e-01 -9.005524e-01
   outer loop
     vertex -1.307500e+02  4.592069e+02 -9.686862e+01
     vertex -1.282500e+02  4.592069e+02 -9.686862e+01
     vertex -1.282500e+02  4.588378e+02 -9.669045e+01
   endloop
 endfacet
 facet normal -9.887920e-15 -4.347475e-01 -9.005524e-01
   outer loop
     vertex -1.307500e+02  4.592069e+02 -9.686862e+01
     vertex -1.282500e+02  4.588378e+02 -9.669045e+01
     vertex -1.307500e+02  4.588378e+02 -9.669045e+01
   endloop
 endfacet
 facet normal  0.000000e+00 -8.034574e-01 -5.953623e-01
   outer loop
     vertex -1.307500e+02  4.595226e+02 -9.712994e+01
     vertex -1.282500e+02  4.597666e+02 -9.745922e+01
     vertex -1.282500e+02  4.595226e+02 -9.712994e+01
   endloop
 endfacet
 facet normal  0.000000e+00 -6.376309e-01 -7.703421e-01
   outer loop
     vertex -1.307500e+02  4.595226e+02 -9.712994e+01
     vertex -1.282500e+02  4.595226e+02 -9.712994e+01
     vertex -1.282500e+02  4.592069e+02 -9.686862e+01
   endloop
 endfacet
 facet normal  0.000000e+00 -6.376309e-01 -7.703421e-01
   outer loop
     vertex -1.307500e+02  4.595226e+02 -9.712994e+01
     vertex -1.282500e+02  4.592069e+02 -9.686862e+01
     vertex -1.307500e+02  4.592069e+02 -9.686862e+01
   endloop
 endfacet
 facet normal -1.826851e-14 -8.034574e-01 -5.953623e-01
   outer loop
     vertex -1.307500e+02  4.597666e+02 -9.745922e+01
     vertex -1.282500e+02  4.597666e+02 -9.745922e+01
     vertex -1.307500e+02  4.595226e+02 -9.712994e+01
   endloop
 endfacet
 facet normal  2.097727e-14 -9.225899e-01 -3.857822e-01
   outer loop
     vertex -1.307500e+02  4.599247e+02 -9.783732e+01
     vertex -1.282500e+02  4.599247e+02 -9.783732e+01
     vertex -1.282500e+02  4.597666e+02 -9.745922e+01
   endloop
 endfacet
 facet normal -2.097458e-14 -9.225899e-01 -3.857822e-01
   outer loop
     vertex -1.307500e+02  4.599247e+02 -9.783732e+01
     vertex -1.282500e+02  4.597666e+02 -9.745922e+01
     vertex -1.307500e+02  4.597666e+02 -9.745922e+01
   endloop
 endfacet
 facet normal -2.314627e-14 -9.961947e-01  8.715574e-02
   outer loop
     vertex -1.307500e+02  4.599877e+02 -9.824227e+01
     vertex -1.282500e+02  4.599520e+02 -9.865053e+01
     vertex -1.282500e+02  4.599877e+02 -9.824227e+01
   endloop
 endfacet
 facet normal -2.159275e-14 -9.881048e-01 -1.537818e-01
   outer loop
     vertex -1.307500e+02  4.599877e+02 -9.824227e+01
     vertex -1.282500e+02  4.599877e+02 -9.824227e+01
     vertex -1.282500e+02  4.599247e+02 -9.783732e+01
   endloop
 endfacet
 facet normal  2.246454e-14 -9.881048e-01 -1.537818e-01
   outer loop
     vertex -1.307500e+02  4.599877e+02 -9.824227e+01
     vertex -1.282500e+02  4.599247e+02 -9.783732e+01
     vertex -1.307500e+02  4.599247e+02 -9.783732e+01
   endloop
 endfacet
 facet normal -2.314627e-14 -9.961947e-01  8.715574e-02
   outer loop
     vertex -1.307500e+02  4.599520e+02 -9.865053e+01
     vertex -1.282500e+02  4.599520e+02 -9.865053e+01
     vertex -1.307500e+02  4.599877e+02 -9.824227e+01
   endloop
 endfacet
 facet normal -2.151840e-14 -9.463894e-01  3.230282e-01
   outer loop
     vertex -1.307500e+02  4.598196e+02 -9.903839e+01
     vertex -1.282500e+02  4.598196e+02 -9.903839e+01
     vertex -1.282500e+02  4.599520e+02 -9.865053e+01
   endloop
 endfacet
 facet normal -2.335852e-14 -9.463894e-01  3.230282e-01
   outer loop
     vertex -1.307500e+02  4.598196e+02 -9.903839e+01
     vertex -1.282500e+02  4.599520e+02 -9.865053e+01
     vertex -1.307500e+02  4.599520e+02 -9.865053e+01
   endloop
 endfacet
 facet normal -1.913539e-14 -8.415833e-01  5.401273e-01
   outer loop
     vertex -1.307500e+02  4.595982e+02 -9.938329e+01
     vertex -1.282500e+02  4.595982e+02 -9.938329e+01
     vertex -1.282500e+02  4.598196e+02 -9.903839e+01
   endloop
 endfacet
 facet normal -1.913922e-14 -8.415833e-01  5.401273e-01
   outer loop
     vertex -1.307500e+02  4.595982e+02 -9.938329e+01
     vertex -1.282500e+02  4.598196e+02 -9.903839e+01
     vertex -1.307500e+02  4.598196e+02 -9.903839e+01
   endloop
 endfacet
 facet normal -1.564030e-14 -6.878675e-01  7.258363e-01
   outer loop
     vertex -1.307500e+02  4.593008e+02 -9.966519e+01
     vertex -1.282500e+02  4.593008e+02 -9.966519e+01
     vertex -1.282500e+02  4.595982e+02 -9.938329e+01
   endloop
 endfacet
 facet normal -1.564459e-14 -6.878675e-01  7.258363e-01
   outer loop
     vertex -1.307500e+02  4.593008e+02 -9.966519e+01
     vertex -1.282500e+02  4.595982e+02 -9.938329e+01
     vertex -1.307500e+02  4.595982e+02 -9.938329e+01
   endloop
 endfacet
 facet normal -1.782878e-14 -2.717635e-01  9.623641e-01
   outer loop
     vertex -1.307500e+02  4.589445e+02 -9.986772e+01
     vertex -1.282500e+02  4.585501e+02 -9.997909e+01
     vertex -1.282500e+02  4.589445e+02 -9.986772e+01
   endloop
 endfacet
 facet normal -2.741424e-14 -4.941753e-01  8.693623e-01
   outer loop
     vertex -1.307500e+02  4.589445e+02 -9.986772e+01
     vertex -1.282500e+02  4.589445e+02 -9.986772e+01
     vertex -1.282500e+02  4.593008e+02 -9.966519e+01
   endloop
 endfacet
 facet normal -1.124243e-14 -4.941753e-01  8.693623e-01
   outer loop
     vertex -1.307500e+02  4.589445e+02 -9.986772e+01
     vertex -1.282500e+02  4.593008e+02 -9.966519e+01
     vertex -1.307500e+02  4.593008e+02 -9.966519e+01
   endloop
 endfacet
 facet normal  0.000000e+00 -3.355772e-02  9.994368e-01
   outer loop
     vertex -1.307500e+02  4.585501e+02 -9.997909e+01
     vertex -1.282500e+02  4.581405e+02 -9.999285e+01
     vertex -1.282500e+02  4.585501e+02 -9.997909e+01
   endloop
 endfacet
 facet normal  0.000000e+00 -2.717635e-01  9.623641e-01
   outer loop
     vertex -1.307500e+02  4.585501e+02 -9.997909e+01
     vertex -1.282500e+02  4.585501e+02 -9.997909e+01
     vertex -1.307500e+02  4.589445e+02 -9.986772e+01
   endloop
 endfacet
 facet normal -7.630143e-16 -3.355772e-02  9.994368e-01
   outer loop
     vertex -1.307500e+02  4.581405e+02 -9.999285e+01
     vertex -1.282500e+02  4.581405e+02 -9.999285e+01
     vertex -1.307500e+02  4.585501e+02 -9.997909e+01
   endloop
 endfacet
 facet normal -4.700148e-15 -2.065983e-01 -9.784259e-01
   outer loop
     vertex -1.307500e+02  4.808485e+02 -1.121025e+02
     vertex -1.282500e+02  4.804475e+02 -1.120178e+02
     vertex -1.307500e+02  4.804475e+02 -1.120178e+02
   endloop
 endfacet
 facet normal -4.697501e-15 -2.065983e-01 -9.784259e-01
   outer loop
     vertex -1.307500e+02  4.808485e+02 -1.121025e+02
     vertex -1.282500e+02  4.808485e+02 -1.121025e+02
     vertex -1.282500e+02  4.804475e+02 -1.120178e+02
   endloop
 endfacet
 facet normal -9.885015e-15 -4.347475e-01 -9.005524e-01
   outer loop
     vertex -1.307500e+02  4.812175e+02 -1.122807e+02
     vertex -1.282500e+02  4.812175e+02 -1.122807e+02
     vertex -1.282500e+02  4.808485e+02 -1.121025e+02
   endloop
 endfacet
 facet normal -9.887920e-15 -4.347475e-01 -9.005524e-01
   outer loop
     vertex -1.307500e+02  4.812175e+02 -1.122807e+02
     vertex -1.282500e+02  4.808485e+02 -1.121025e+02
     vertex -1.307500e+02  4.808485e+02 -1.121025e+02
   endloop
 endfacet
 facet normal  0.000000e+00 -8.034574e-01 -5.953623e-01
   outer loop
     vertex -1.307500e+02  4.815332e+02 -1.125420e+02
     vertex -1.282500e+02  4.817772e+02 -1.128712e+02
     vertex -1.282500e+02  4.815332e+02 -1.125420e+02
   endloop
 endfacet
 facet normal  0.000000e+00 -6.376309e-01 -7.703421e-01
   outer loop
     vertex -1.307500e+02  4.815332e+02 -1.125420e+02
     vertex -1.282500e+02  4.815332e+02 -1.125420e+02
     vertex -1.282500e+02  4.812175e+02 -1.122807e+02
   endloop
 endfacet
 facet normal -1.449325e-14 -6.376309e-01 -7.703421e-01
   outer loop
     vertex -1.307500e+02  4.815332e+02 -1.125420e+02
     vertex -1.282500e+02  4.812175e+02 -1.122807e+02
     vertex -1.307500e+02  4.812175e+02 -1.122807e+02
   endloop
 endfacet
 facet normal  0.000000e+00 -8.034574e-01 -5.953623e-01
   outer loop
     vertex -1.307500e+02  4.817772e+02 -1.128712e+02
     vertex -1.282500e+02  4.817772e+02 -1.128712e+02
     vertex -1.307500e+02  4.815332e+02 -1.125420e+02
   endloop
 endfacet
 facet normal  0.000000e+00 -9.225899e-01 -3.857822e-01
   outer loop
     vertex -1.307500e+02  4.819353e+02 -1.132493e+02
     vertex -1.282500e+02  4.819353e+02 -1.132493e+02
     vertex -1.282500e+02  4.817772e+02 -1.128712e+02
   endloop
 endfacet
 facet normal  0.000000e+00 -9.225899e-01 -3.857822e-01
   outer loop
     vertex -1.307500e+02  4.819353e+02 -1.132493e+02
     vertex -1.282500e+02  4.817772e+02 -1.128712e+02
     vertex -1.307500e+02  4.817772e+02 -1.128712e+02
   endloop
 endfacet
 facet normal -2.314627e-14 -9.961947e-01  8.715574e-02
   outer loop
     vertex -1.307500e+02  4.819984e+02 -1.136543e+02
     vertex -1.282500e+02  4.819626e+02 -1.140626e+02
     vertex -1.282500e+02  4.819984e+02 -1.136543e+02
   endloop
 endfacet
 facet normal -2.159275e-14 -9.881048e-01 -1.537818e-01
   outer loop
     vertex -1.307500e+02  4.819984e+02 -1.136543e+02
     vertex -1.282500e+02  4.819984e+02 -1.136543e+02
     vertex -1.282500e+02  4.819353e+02 -1.132493e+02
   endloop
 endfacet
 facet normal  0.000000e+00 -9.881048e-01 -1.537818e-01
   outer loop
     vertex -1.307500e+02  4.819984e+02 -1.136543e+02
     vertex -1.282500e+02  4.819353e+02 -1.132493e+02
     vertex -1.307500e+02  4.819353e+02 -1.132493e+02
   endloop
 endfacet
 facet normal  0.000000e+00 -9.961947e-01  8.715574e-02
   outer loop
     vertex -1.307500e+02  4.819626e+02 -1.140626e+02
     vertex -1.282500e+02  4.819626e+02 -1.140626e+02
     vertex -1.307500e+02  4.819984e+02 -1.136543e+02
   endloop
 endfacet
 facet normal  0.000000e+00 -9.463894e-01  3.230282e-01
   outer loop
     vertex -1.307500e+02  4.818303e+02 -1.144504e+02
     vertex -1.282500e+02  4.818303e+02 -1.144504e+02
     vertex -1.282500e+02  4.819626e+02 -1.140626e+02
   endloop
 endfacet
 facet normal  0.000000e+00 -9.463894e-01  3.230282e-01
   outer loop
     vertex -1.307500e+02  4.818303e+02 -1.144504e+02
     vertex -1.282500e+02  4.819626e+02 -1.140626e+02
     vertex -1.307500e+02  4.819626e+02 -1.140626e+02
   endloop
 endfacet
 facet normal  0.000000e+00 -8.415833e-01  5.401273e-01
   outer loop
     vertex -1.307500e+02  4.816089e+02 -1.147953e+02
     vertex -1.282500e+02  4.816089e+02 -1.147953e+02
     vertex -1.282500e+02  4.818303e+02 -1.144504e+02
   endloop
 endfacet
 facet normal  0.000000e+00 -8.415833e-01  5.401273e-01
   outer loop
     vertex -1.307500e+02  4.816089e+02 -1.147953e+02
     vertex -1.282500e+02  4.818303e+02 -1.144504e+02
     vertex -1.307500e+02  4.818303e+02 -1.144504e+02
   endloop
 endfacet
 facet normal -1.564030e-14 -6.878675e-01  7.258363e-01
   outer loop
     vertex -1.307500e+02  4.813114e+02 -1.150772e+02
     vertex -1.282500e+02  4.813114e+02 -1.150772e+02
     vertex -1.282500e+02  4.816089e+02 -1.147953e+02
   endloop
 endfacet
 facet normal  0.000000e+00 -6.878675e-01  7.258363e-01
   outer loop
     vertex -1.307500e+02  4.813114e+02 -1.150772e+02
     vertex -1.282500e+02  4.816089e+02 -1.147953e+02
     vertex -1.307500e+02  4.816089e+02 -1.147953e+02
   endloop
 endfacet
 facet normal -6.179186e-15 -2.717635e-01  9.623641e-01
   outer loop
     vertex -1.307500e+02  4.809551e+02 -1.152798e+02
     vertex -1.282500e+02  4.805607e+02 -1.153911e+02
     vertex -1.282500e+02  4.809551e+02 -1.152798e+02
   endloop
 endfacet
 facet normal -1.123625e-14 -4.941753e-01  8.693623e-01
   outer loop
     vertex -1.307500e+02  4.809551e+02 -1.152798e+02
     vertex -1.282500e+02  4.809551e+02 -1.152798e+02
     vertex -1.282500e+02  4.813114e+02 -1.150772e+02
   endloop
 endfacet
 facet normal -1.124243e-14 -4.941753e-01  8.693623e-01
   outer loop
     vertex -1.307500e+02  4.809551e+02 -1.152798e+02
     vertex -1.282500e+02  4.813114e+02 -1.150772e+02
     vertex -1.307500e+02  4.813114e+02 -1.150772e+02
   endloop
 endfacet
 facet normal -5.681140e-15 -3.355772e-02  9.994368e-01
   outer loop
     vertex -1.307500e+02  4.805607e+02 -1.153911e+02
     vertex -1.282500e+02  4.801512e+02 -1.154049e+02
     vertex -1.282500e+02  4.805607e+02 -1.153911e+02
   endloop
 endfacet
 facet normal -5.470406e-15 -2.717635e-01  9.623641e-01
   outer loop
     vertex -1.307500e+02  4.805607e+02 -1.153911e+02
     vertex -1.282500e+02  4.805607e+02 -1.153911e+02
     vertex -1.307500e+02  4.809551e+02 -1.152798e+02
   endloop
 endfacet
 facet normal -7.630143e-16 -3.355772e-02  9.994368e-01
   outer loop
     vertex -1.307500e+02  4.801512e+02 -1.154049e+02
     vertex -1.282500e+02  4.801512e+02 -1.154049e+02
     vertex -1.307500e+02  4.805607e+02 -1.153911e+02
   endloop
 endfacet
 facet normal -4.693376e-15 -2.065983e-01 -9.784259e-01
   outer loop
     vertex -1.307500e+02  4.962605e+02 -9.009182e+01
     vertex -1.282500e+02  4.958595e+02 -9.000715e+01
     vertex -1.307500e+02  4.958595e+02 -9.000715e+01
   endloop
 endfacet
 facet normal -4.697501e-15 -2.065983e-01 -9.784259e-01
   outer loop
     vertex -1.307500e+02  4.962605e+02 -9.009182e+01
     vertex -1.282500e+02  4.962605e+02 -9.009182e+01
     vertex -1.282500e+02  4.958595e+02 -9.000715e+01
   endloop
 endfacet
 facet normal -9.885015e-15 -4.347475e-01 -9.005524e-01
   outer loop
     vertex -1.307500e+02  4.966296e+02 -9.026999e+01
     vertex -1.282500e+02  4.966296e+02 -9.026999e+01
     vertex -1.282500e+02  4.962605e+02 -9.009182e+01
   endloop
 endfacet
 facet normal -9.874375e-15 -4.347475e-01 -9.005524e-01
   outer loop
     vertex -1.307500e+02  4.966296e+02 -9.026999e+01
     vertex -1.282500e+02  4.962605e+02 -9.009182e+01
     vertex -1.307500e+02  4.962605e+02 -9.009182e+01
   endloop
 endfacet
 facet normal -1.826851e-14 -8.034574e-01 -5.953623e-01
   outer loop
     vertex -1.307500e+02  4.969453e+02 -9.053131e+01
     vertex -1.282500e+02  4.971893e+02 -9.086059e+01
     vertex -1.282500e+02  4.969453e+02 -9.053131e+01
   endloop
 endfacet
 facet normal -1.449805e-14 -6.376309e-01 -7.703421e-01
   outer loop
     vertex -1.307500e+02  4.969453e+02 -9.053131e+01
     vertex -1.282500e+02  4.969453e+02 -9.053131e+01
     vertex -1.282500e+02  4.966296e+02 -9.026999e+01
   endloop
 endfacet
 facet normal -1.449325e-14 -6.376309e-01 -7.703421e-01
   outer loop
     vertex -1.307500e+02  4.969453e+02 -9.053131e+01
     vertex -1.282500e+02  4.966296e+02 -9.026999e+01
     vertex -1.307500e+02  4.966296e+02 -9.026999e+01
   endloop
 endfacet
 facet normal -1.488426e-14 -8.034574e-01 -5.953623e-01
   outer loop
     vertex -1.307500e+02  4.971893e+02 -9.086059e+01
     vertex -1.282500e+02  4.971893e+02 -9.086059e+01
     vertex -1.307500e+02  4.969453e+02 -9.053131e+01
   endloop
 endfacet
 facet normal -1.878435e-14 -9.225899e-01 -3.857822e-01
   outer loop
     vertex -1.307500e+02  4.973474e+02 -9.123869e+01
     vertex -1.282500e+02  4.973474e+02 -9.123869e+01
     vertex -1.282500e+02  4.971893e+02 -9.086059e+01
   endloop
 endfacet
 facet normal -1.878028e-14 -9.225899e-01 -3.857822e-01
   outer loop
     vertex -1.307500e+02  4.973474e+02 -9.123869e+01
     vertex -1.282500e+02  4.971893e+02 -9.086059e+01
     vertex -1.307500e+02  4.971893e+02 -9.086059e+01
   endloop
 endfacet
 facet normal -2.265084e-14 -9.961947e-01  8.715574e-02
   outer loop
     vertex -1.307500e+02  4.974104e+02 -9.164364e+01
     vertex -1.282500e+02  4.973747e+02 -9.205190e+01
     vertex -1.282500e+02  4.974104e+02 -9.164364e+01
   endloop
 endfacet
 facet normal -2.246690e-14 -9.881048e-01 -1.537818e-01
   outer loop
     vertex -1.307500e+02  4.974104e+02 -9.164364e+01
     vertex -1.282500e+02  4.974104e+02 -9.164364e+01
     vertex -1.282500e+02  4.973474e+02 -9.123869e+01
   endloop
 endfacet
 facet normal -2.159088e-14 -9.881048e-01 -1.537818e-01
   outer loop
     vertex -1.307500e+02  4.974104e+02 -9.164364e+01
     vertex -1.282500e+02  4.973474e+02 -9.123869e+01
     vertex -1.307500e+02  4.973474e+02 -9.123869e+01
   endloop
 endfacet
 facet normal -2.265084e-14 -9.961947e-01  8.715574e-02
   outer loop
     vertex -1.307500e+02  4.973747e+02 -9.205190e+01
     vertex -1.282500e+02  4.973747e+02 -9.205190e+01
     vertex -1.307500e+02  4.974104e+02 -9.164364e+01
   endloop
 endfacet
 facet normal -2.335461e-14 -9.463894e-01  3.230282e-01
   outer loop
     vertex -1.307500e+02  4.972423e+02 -9.243976e+01
     vertex -1.282500e+02  4.972423e+02 -9.243976e+01
     vertex -1.282500e+02  4.973747e+02 -9.205190e+01
   endloop
 endfacet
 facet normal -2.151639e-14 -9.463894e-01  3.230282e-01
   outer loop
     vertex -1.307500e+02  4.972423e+02 -9.243976e+01
     vertex -1.282500e+02  4.973747e+02 -9.205190e+01
     vertex -1.307500e+02  4.973747e+02 -9.205190e+01
   endloop
 endfacet
 facet normal -2.220566e-14 -8.415833e-01  5.401273e-01
   outer loop
     vertex -1.307500e+02  4.970209e+02 -9.278466e+01
     vertex -1.282500e+02  4.970209e+02 -9.278466e+01
     vertex -1.282500e+02  4.972423e+02 -9.243976e+01
   endloop
 endfacet
 facet normal -2.220041e-14 -8.415833e-01  5.401273e-01
   outer loop
     vertex -1.307500e+02  4.970209e+02 -9.278466e+01
     vertex -1.282500e+02  4.972423e+02 -9.243976e+01
     vertex -1.307500e+02  4.972423e+02 -9.243976e+01
   endloop
 endfacet
 facet normal -1.564030e-14 -6.878675e-01  7.258363e-01
   outer loop
     vertex -1.307500e+02  4.967235e+02 -9.306656e+01
     vertex -1.282500e+02  4.967235e+02 -9.306656e+01
     vertex -1.282500e+02  4.970209e+02 -9.278466e+01
   endloop
 endfacet
 facet normal -1.976230e-14 -6.878675e-01  7.258363e-01
   outer loop
     vertex -1.307500e+02  4.967235e+02 -9.306656e+01
     vertex -1.282500e+02  4.970209e+02 -9.278466e+01
     vertex -1.307500e+02  4.970209e+02 -9.278466e+01
   endloop
 endfacet
 facet normal -1.164959e-14 -2.717635e-01  9.623641e-01
   outer loop
     vertex -1.307500e+02  4.963672e+02 -9.326909e+01
     vertex -1.282500e+02  4.959728e+02 -9.338046e+01
     vertex -1.282500e+02  4.963672e+02 -9.326909e+01
   endloop
 endfacet
 facet normal -1.617800e-14 -4.941753e-01  8.693623e-01
   outer loop
     vertex -1.307500e+02  4.963672e+02 -9.326909e+01
     vertex -1.282500e+02  4.963672e+02 -9.326909e+01
     vertex -1.282500e+02  4.967235e+02 -9.306656e+01
   endloop
 endfacet
 facet normal -1.122888e-14 -4.941753e-01  8.693623e-01
   outer loop
     vertex -1.307500e+02  4.963672e+02 -9.326909e+01
     vertex -1.282500e+02  4.967235e+02 -9.306656e+01
     vertex -1.307500e+02  4.967235e+02 -9.306656e+01
   endloop
 endfacet
 facet normal -7.630143e-16 -3.355772e-02  9.994368e-01
   outer loop
     vertex -1.307500e+02  4.959728e+02 -9.338046e+01
     vertex -1.282500e+02  4.955632e+02 -9.339422e+01
     vertex -1.282500e+02  4.959728e+02 -9.338046e+01
   endloop
 endfacet
 facet normal -6.179186e-15 -2.717635e-01  9.623641e-01
   outer loop
     vertex -1.307500e+02  4.959728e+02 -9.338046e+01
     vertex -1.282500e+02  4.959728e+02 -9.338046e+01
     vertex -1.307500e+02  4.963672e+02 -9.326909e+01
   endloop
 endfacet
 facet normal  0.000000e+00 -3.355772e-02  9.994368e-01
   outer loop
     vertex -1.307500e+02  4.955632e+02 -9.339422e+01
     vertex -1.282500e+02  4.955632e+02 -9.339422e+01
     vertex -1.307500e+02  4.959728e+02 -9.338046e+01
   endloop
 endfacet
 facet normal -1.623183e-15 -3.355772e-02  9.994368e-01
   outer loop
     vertex -1.220000e+02  4.995488e+02 -8.567979e+01
     vertex -1.307500e+02  4.998499e+02 -8.566967e+01
     vertex -1.307500e+02  4.995488e+02 -8.567979e+01
   endloop
 endfacet
 facet normal  0.000000e+00 -2.717635e-01  9.623641e-01
   outer loop
     vertex -1.220000e+02  4.998499e+02 -8.566967e+01
     vertex -1.307500e+02  5.001399e+02 -8.558778e+01
     vertex -1.307500e+02  4.998499e+02 -8.566967e+01
   endloop
 endfacet
 facet normal  0.000000e+00 -3.355772e-02  9.994368e-01
   outer loop
     vertex -1.220000e+02  4.998499e+02 -8.566967e+01
     vertex -1.307500e+02  4.998499e+02 -8.566967e+01
     vertex -1.220000e+02  4.995488e+02 -8.567979e+01
   endloop
 endfacet
 facet normal  0.000000e+00 -4.941753e-01  8.693623e-01
   outer loop
     vertex -1.220000e+02  5.001399e+02 -8.558778e+01
     vertex -1.307500e+02  5.004019e+02 -8.543887e+01
     vertex -1.307500e+02  5.001399e+02 -8.558778e+01
   endloop
 endfacet
 facet normal  0.000000e+00 -2.717635e-01  9.623641e-01
   outer loop
     vertex -1.220000e+02  5.001399e+02 -8.558778e+01
     vertex -1.307500e+02  5.001399e+02 -8.558778e+01
     vertex -1.220000e+02  4.998499e+02 -8.566967e+01
   endloop
 endfacet
 facet normal  0.000000e+00 -6.878675e-01  7.258363e-01
   outer loop
     vertex -1.220000e+02  5.004019e+02 -8.543887e+01
     vertex -1.307500e+02  5.006206e+02 -8.523158e+01
     vertex -1.307500e+02  5.004019e+02 -8.543887e+01
   endloop
 endfacet
 facet normal  0.000000e+00 -4.941753e-01  8.693623e-01
   outer loop
     vertex -1.220000e+02  5.004019e+02 -8.543887e+01
     vertex -1.307500e+02  5.004019e+02 -8.543887e+01
     vertex -1.220000e+02  5.001399e+02 -8.558778e+01
   endloop
 endfacet
 facet normal  0.000000e+00 -8.415833e-01  5.401273e-01
   outer loop
     vertex -1.220000e+02  5.006206e+02 -8.523158e+01
     vertex -1.307500e+02  5.007834e+02 -8.497798e+01
     vertex -1.307500e+02  5.006206e+02 -8.523158e+01
   endloop
 endfacet
 facet normal  0.000000e+00 -6.878675e-01  7.258363e-01
   outer loop
     vertex -1.220000e+02  5.006206e+02 -8.523158e+01
     vertex -1.307500e+02  5.006206e+02 -8.523158e+01
     vertex -1.220000e+02  5.004019e+02 -8.543887e+01
   endloop
 endfacet
 facet normal  0.000000e+00 -9.463894e-01  3.230282e-01
   outer loop
     vertex -1.220000e+02  5.007834e+02 -8.497798e+01
     vertex -1.307500e+02  5.008807e+02 -8.469279e+01
     vertex -1.307500e+02  5.007834e+02 -8.497798e+01
   endloop
 endfacet
 facet normal  0.000000e+00 -8.415833e-01  5.401273e-01
   outer loop
     vertex -1.220000e+02  5.007834e+02 -8.497798e+01
     vertex -1.307500e+02  5.007834e+02 -8.497798e+01
     vertex -1.220000e+02  5.006206e+02 -8.523158e+01
   endloop
 endfacet
 facet normal -6.471670e-15 -9.961947e-01  8.715574e-02
   outer loop
     vertex -1.220000e+02  5.008807e+02 -8.469279e+01
     vertex -1.307500e+02  5.009070e+02 -8.439260e+01
     vertex -1.307500e+02  5.008807e+02 -8.469279e+01
   endloop
 endfacet
 facet normal -6.148115e-15 -9.463894e-01  3.230282e-01
   outer loop
     vertex -1.220000e+02  5.008807e+02 -8.469279e+01
     vertex -1.307500e+02  5.008807e+02 -8.469279e+01
     vertex -1.220000e+02  5.007834e+02 -8.497798e+01
   endloop
 endfacet
 facet normal  2.497567e-16 -9.881048e-01 -1.537818e-01
   outer loop
     vertex -1.220000e+02  5.009070e+02 -8.439260e+01
     vertex -1.307500e+02  5.008606e+02 -8.409484e+01
     vertex -1.307500e+02  5.009070e+02 -8.439260e+01
   endloop
 endfacet
 facet normal -1.415494e-16 -9.961947e-01  8.715574e-02
   outer loop
     vertex -1.220000e+02  5.009070e+02 -8.439260e+01
     vertex -1.307500e+02  5.009070e+02 -8.439260e+01
     vertex -1.220000e+02  5.008807e+02 -8.469279e+01
   endloop
 endfacet
 facet normal -5.993504e-15 -9.225899e-01 -3.857822e-01
   outer loop
     vertex -1.220000e+02  5.008606e+02 -8.409484e+01
     vertex -1.307500e+02  5.007444e+02 -8.381682e+01
     vertex -1.307500e+02  5.008606e+02 -8.409484e+01
   endloop
 endfacet
 facet normal -6.419115e-15 -9.881048e-01 -1.537818e-01
   outer loop
     vertex -1.220000e+02  5.008606e+02 -8.409484e+01
     vertex -1.307500e+02  5.008606e+02 -8.409484e+01
     vertex -1.220000e+02  5.009070e+02 -8.439260e+01
   endloop
 endfacet
 facet normal  9.669265e-16 -8.034574e-01 -5.953623e-01
   outer loop
     vertex -1.220000e+02  5.007444e+02 -8.381682e+01
     vertex -1.307500e+02  5.005650e+02 -8.357471e+01
     vertex -1.307500e+02  5.007444e+02 -8.381682e+01
   endloop
 endfacet
 facet normal  6.265479e-16 -9.225899e-01 -3.857822e-01
   outer loop
     vertex -1.220000e+02  5.007444e+02 -8.381682e+01
     vertex -1.307500e+02  5.007444e+02 -8.381682e+01
     vertex -1.220000e+02  5.008606e+02 -8.409484e+01
   endloop
 endfacet
 facet normal -4.252647e-15 -8.034574e-01 -5.953623e-01
   outer loop
     vertex -1.220000e+02  5.005650e+02 -8.357471e+01
     vertex -1.307500e+02  5.005650e+02 -8.357471e+01
     vertex -1.220000e+02  5.007444e+02 -8.381682e+01
   endloop
 endfacet
 facet normal  1.251111e-15 -6.376309e-01 -7.703421e-01
   outer loop
     vertex -1.220000e+02  5.003329e+02 -8.338256e+01
     vertex -1.307500e+02  5.003329e+02 -8.338256e+01
     vertex -1.307500e+02  5.005650e+02 -8.357471e+01
   endloop
 endfacet
 facet normal  1.462585e-15 -4.347475e-01 -9.005524e-01
   outer loop
     vertex -1.220000e+02  5.003329e+02 -8.338256e+01
     vertex -1.307500e+02  5.000615e+02 -8.325156e+01
     vertex -1.307500e+02  5.003329e+02 -8.338256e+01
   endloop
 endfacet
 facet normal -2.892149e-15 -6.376309e-01 -7.703421e-01
   outer loop
     vertex -1.220000e+02  5.003329e+02 -8.338256e+01
     vertex -1.307500e+02  5.005650e+02 -8.357471e+01
     vertex -1.220000e+02  5.005650e+02 -8.357471e+01
   endloop
 endfacet
 facet normal -2.824290e-15 -4.347475e-01 -9.005524e-01
   outer loop
     vertex -1.220000e+02  5.000615e+02 -8.325156e+01
     vertex -1.307500e+02  5.000615e+02 -8.325156e+01
     vertex -1.220000e+02  5.003329e+02 -8.338256e+01
   endloop
 endfacet
 facet normal  1.342143e-15 -2.065983e-01 -9.784259e-01
   outer loop
     vertex -1.220000e+02  4.997666e+02 -8.318930e+01
     vertex -1.307500e+02  4.997666e+02 -8.318930e+01
     vertex -1.307500e+02  5.000615e+02 -8.325156e+01
   endloop
 endfacet
 facet normal -1.342126e-15 -2.065983e-01 -9.784259e-01
   outer loop
     vertex -1.220000e+02  4.997666e+02 -8.318930e+01
     vertex -1.307500e+02  5.000615e+02 -8.325156e+01
     vertex -1.220000e+02  5.000615e+02 -8.325156e+01
   endloop
 endfacet
 facet normal -2.180041e-16 -3.355772e-02  9.994368e-01
   outer loop
     vertex -1.220000e+02  4.973699e+02 -1.105847e+02
     vertex -1.307500e+02  4.976710e+02 -1.105745e+02
     vertex -1.307500e+02  4.973699e+02 -1.105847e+02
   endloop
 endfacet
 facet normal -1.765482e-15 -2.717635e-01  9.623641e-01
   outer loop
     vertex -1.220000e+02  4.976710e+02 -1.105745e+02
     vertex -1.307500e+02  4.979610e+02 -1.104926e+02
     vertex -1.307500e+02  4.976710e+02 -1.105745e+02
   endloop
 endfacet
 facet normal -2.180041e-16 -3.355772e-02  9.994368e-01
   outer loop
     vertex -1.220000e+02  4.976710e+02 -1.105745e+02
     vertex -1.307500e+02  4.976710e+02 -1.105745e+02
     vertex -1.220000e+02  4.973699e+02 -1.105847e+02
   endloop
 endfacet
 facet normal -4.622285e-15 -4.941753e-01  8.693623e-01
   outer loop
     vertex -1.220000e+02  4.979610e+02 -1.104926e+02
     vertex -1.307500e+02  4.982230e+02 -1.103437e+02
     vertex -1.307500e+02  4.979610e+02 -1.104926e+02
   endloop
 endfacet
 facet normal -3.328455e-15 -2.717635e-01  9.623641e-01
   outer loop
     vertex -1.220000e+02  4.979610e+02 -1.104926e+02
     vertex -1.307500e+02  4.979610e+02 -1.104926e+02
     vertex -1.220000e+02  4.976710e+02 -1.105745e+02
   endloop
 endfacet
 facet normal  0.000000e+00 -6.878675e-01  7.258363e-01
   outer loop
     vertex -1.220000e+02  4.982230e+02 -1.103437e+02
     vertex -1.307500e+02  4.984417e+02 -1.101364e+02
     vertex -1.307500e+02  4.982230e+02 -1.103437e+02
   endloop
 endfacet
 facet normal  0.000000e+00 -4.941753e-01  8.693623e-01
   outer loop
     vertex -1.220000e+02  4.982230e+02 -1.103437e+02
     vertex -1.307500e+02  4.982230e+02 -1.103437e+02
     vertex -1.220000e+02  4.979610e+02 -1.104926e+02
   endloop
 endfacet
 facet normal  0.000000e+00 -8.415833e-01  5.401273e-01
   outer loop
     vertex -1.220000e+02  4.984417e+02 -1.101364e+02
     vertex -1.307500e+02  4.986045e+02 -1.098828e+02
     vertex -1.307500e+02  4.984417e+02 -1.101364e+02
   endloop
 endfacet
 facet normal  0.000000e+00 -6.878675e-01  7.258363e-01
   outer loop
     vertex -1.220000e+02  4.984417e+02 -1.101364e+02
     vertex -1.307500e+02  4.984417e+02 -1.101364e+02
     vertex -1.220000e+02  4.982230e+02 -1.103437e+02
   endloop
 endfacet
 facet normal -6.148115e-15 -9.463894e-01  3.230282e-01
   outer loop
     vertex -1.220000e+02  4.986045e+02 -1.098828e+02
     vertex -1.307500e+02  4.987018e+02 -1.095977e+02
     vertex -1.307500e+02  4.986045e+02 -1.098828e+02
   endloop
 endfacet
 facet normal -5.467254e-15 -8.415833e-01  5.401273e-01
   outer loop
     vertex -1.220000e+02  4.986045e+02 -1.098828e+02
     vertex -1.307500e+02  4.986045e+02 -1.098828e+02
     vertex -1.220000e+02  4.984417e+02 -1.101364e+02
   endloop
 endfacet
 facet normal -6.613219e-15 -9.961947e-01  8.715574e-02
   outer loop
     vertex -1.220000e+02  4.987018e+02 -1.095977e+02
     vertex -1.307500e+02  4.987281e+02 -1.092975e+02
     vertex -1.307500e+02  4.987018e+02 -1.095977e+02
   endloop
 endfacet
 facet normal -6.672744e-15 -9.463894e-01  3.230282e-01
   outer loop
     vertex -1.220000e+02  4.987018e+02 -1.095977e+02
     vertex -1.307500e+02  4.987018e+02 -1.095977e+02
     vertex -1.220000e+02  4.986045e+02 -1.098828e+02
   endloop
 endfacet
 facet normal -6.419115e-15 -9.881048e-01 -1.537818e-01
   outer loop
     vertex -1.220000e+02  4.987281e+02 -1.092975e+02
     vertex -1.307500e+02  4.986818e+02 -1.089997e+02
     vertex -1.307500e+02  4.987281e+02 -1.092975e+02
   endloop
 endfacet
 facet normal -6.471670e-15 -9.961947e-01  8.715574e-02
   outer loop
     vertex -1.220000e+02  4.987281e+02 -1.092975e+02
     vertex -1.307500e+02  4.987281e+02 -1.092975e+02
     vertex -1.220000e+02  4.987018e+02 -1.095977e+02
   endloop
 endfacet
 facet normal -5.993504e-15 -9.225899e-01 -3.857822e-01
   outer loop
     vertex -1.220000e+02  4.986818e+02 -1.089997e+02
     vertex -1.307500e+02  4.985655e+02 -1.087217e+02
     vertex -1.307500e+02  4.986818e+02 -1.089997e+02
   endloop
 endfacet
 facet normal -6.419115e-15 -9.881048e-01 -1.537818e-01
   outer loop
     vertex -1.220000e+02  4.986818e+02 -1.089997e+02
     vertex -1.307500e+02  4.986818e+02 -1.089997e+02
     vertex -1.220000e+02  4.987281e+02 -1.092975e+02
   endloop
 endfacet
 facet normal -4.252647e-15 -8.034574e-01 -5.953623e-01
   outer loop
     vertex -1.220000e+02  4.985655e+02 -1.087217e+02
     vertex -1.307500e+02  4.983861e+02 -1.084796e+02
     vertex -1.307500e+02  4.985655e+02 -1.087217e+02
   endloop
 endfacet
 facet normal -5.366956e-15 -9.225899e-01 -3.857822e-01
   outer loop
     vertex -1.220000e+02  4.985655e+02 -1.087217e+02
     vertex -1.307500e+02  4.985655e+02 -1.087217e+02
     vertex -1.220000e+02  4.986818e+02 -1.089997e+02
   endloop
 endfacet
 facet normal -5.219573e-15 -8.034574e-01 -5.953623e-01
   outer loop
     vertex -1.220000e+02  4.983861e+02 -1.084796e+02
     vertex -1.307500e+02  4.983861e+02 -1.084796e+02
     vertex -1.220000e+02  4.985655e+02 -1.087217e+02
   endloop
 endfacet
 facet normal  2.502222e-15 -6.376309e-01 -7.703421e-01
   outer loop
     vertex -1.220000e+02  4.981540e+02 -1.082874e+02
     vertex -1.307500e+02  4.981540e+02 -1.082874e+02
     vertex -1.307500e+02  4.983861e+02 -1.084796e+02
   endloop
 endfacet
 facet normal  2.925170e-15 -4.347475e-01 -9.005524e-01
   outer loop
     vertex -1.220000e+02  4.981540e+02 -1.082874e+02
     vertex -1.307500e+02  4.978826e+02 -1.081564e+02
     vertex -1.307500e+02  4.981540e+02 -1.082874e+02
   endloop
 endfacet
 facet normal -4.142168e-15 -6.376309e-01 -7.703421e-01
   outer loop
     vertex -1.220000e+02  4.981540e+02 -1.082874e+02
     vertex -1.307500e+02  4.983861e+02 -1.084796e+02
     vertex -1.220000e+02  4.983861e+02 -1.084796e+02
   endloop
 endfacet
 facet normal -2.824290e-15 -4.347475e-01 -9.005524e-01
   outer loop
     vertex -1.220000e+02  4.978826e+02 -1.081564e+02
     vertex -1.307500e+02  4.978826e+02 -1.081564e+02
     vertex -1.220000e+02  4.981540e+02 -1.082874e+02
   endloop
 endfacet
 facet normal -0.000000e+00 -2.065983e-01 -9.784259e-01
   outer loop
     vertex -1.220000e+02  4.975877e+02 -1.080942e+02
     vertex -1.307500e+02  4.975877e+02 -1.080942e+02
     vertex -1.307500e+02  4.978826e+02 -1.081564e+02
   endloop
 endfacet
 facet normal -1.342126e-15 -2.065983e-01 -9.784259e-01
   outer loop
     vertex -1.220000e+02  4.975877e+02 -1.080942e+02
     vertex -1.307500e+02  4.978826e+02 -1.081564e+02
     vertex -1.220000e+02  4.978826e+02 -1.081564e+02
   endloop
 endfacet
 facet normal -2.180041e-16 -3.355772e-02  9.994368e-01
   outer loop
     vertex -1.220000e+02  4.747122e+02 -1.211501e+02
     vertex -1.307500e+02  4.750133e+02 -1.211400e+02
     vertex -1.307500e+02  4.747122e+02 -1.211501e+02
   endloop
 endfacet
 facet normal -1.765482e-15 -2.717635e-01  9.623641e-01
   outer loop
     vertex -1.220000e+02  4.750133e+02 -1.211400e+02
     vertex -1.307500e+02  4.753033e+02 -1.210581e+02
     vertex -1.307500e+02  4.750133e+02 -1.211400e+02
   endloop
 endfacet
 facet normal -2.180041e-16 -3.355772e-02  9.994368e-01
   outer loop
     vertex -1.220000e+02  4.750133e+02 -1.211400e+02
     vertex -1.307500e+02  4.750133e+02 -1.211400e+02
     vertex -1.220000e+02  4.747122e+02 -1.211501e+02
   endloop
 endfacet
 facet normal -3.210356e-15 -4.941753e-01  8.693623e-01
   outer loop
     vertex -1.220000e+02  4.753033e+02 -1.210581e+02
     vertex -1.307500e+02  4.755653e+02 -1.209092e+02
     vertex -1.307500e+02  4.753033e+02 -1.210581e+02
   endloop
 endfacet
 facet normal -1.765482e-15 -2.717635e-01  9.623641e-01
   outer loop
     vertex -1.220000e+02  4.753033e+02 -1.210581e+02
     vertex -1.307500e+02  4.753033e+02 -1.210581e+02
     vertex -1.220000e+02  4.750133e+02 -1.211400e+02
   endloop
 endfacet
 facet normal -1.178829e-15 -6.878675e-01  7.258363e-01
   outer loop
     vertex -1.220000e+02  4.755653e+02 -1.209092e+02
     vertex -1.307500e+02  4.757840e+02 -1.207019e+02
     vertex -1.307500e+02  4.755653e+02 -1.209092e+02
   endloop
 endfacet
 facet normal -1.411929e-15 -4.941753e-01  8.693623e-01
   outer loop
     vertex -1.220000e+02  4.755653e+02 -1.209092e+02
     vertex -1.307500e+02  4.755653e+02 -1.209092e+02
     vertex -1.220000e+02  4.753033e+02 -1.210581e+02
   endloop
 endfacet
 facet normal  4.590034e-15 -8.415833e-01  5.401273e-01
   outer loop
     vertex -1.220000e+02  4.757840e+02 -1.207019e+02
     vertex -1.307500e+02  4.759468e+02 -1.204483e+02
     vertex -1.307500e+02  4.757840e+02 -1.207019e+02
   endloop
 endfacet
 facet normal  3.289827e-15 -6.878675e-01  7.258363e-01
   outer loop
     vertex -1.220000e+02  4.757840e+02 -1.207019e+02
     vertex -1.307500e+02  4.757840e+02 -1.207019e+02
     vertex -1.220000e+02  4.755653e+02 -1.209092e+02
   endloop
 endfacet
 facet normal -6.148115e-15 -9.463894e-01  3.230282e-01
   outer loop
     vertex -1.220000e+02  4.759468e+02 -1.204483e+02
     vertex -1.307500e+02  4.760441e+02 -1.201631e+02
     vertex -1.307500e+02  4.759468e+02 -1.204483e+02
   endloop
 endfacet
 facet normal -5.467254e-15 -8.415833e-01  5.401273e-01
   outer loop
     vertex -1.220000e+02  4.759468e+02 -1.204483e+02
     vertex -1.307500e+02  4.759468e+02 -1.204483e+02
     vertex -1.220000e+02  4.757840e+02 -1.207019e+02
   endloop
 endfacet
 facet normal -6.471670e-15 -9.961947e-01  8.715574e-02
   outer loop
     vertex -1.220000e+02  4.760441e+02 -1.201631e+02
     vertex -1.307500e+02  4.760704e+02 -1.198629e+02
     vertex -1.307500e+02  4.760441e+02 -1.201631e+02
   endloop
 endfacet
 facet normal -6.148115e-15 -9.463894e-01  3.230282e-01
   outer loop
     vertex -1.220000e+02  4.760441e+02 -1.201631e+02
     vertex -1.307500e+02  4.760441e+02 -1.201631e+02
     vertex -1.220000e+02  4.759468e+02 -1.204483e+02
   endloop
 endfacet
 facet normal -6.169358e-15 -9.881048e-01 -1.537818e-01
   outer loop
     vertex -1.220000e+02  4.760704e+02 -1.198629e+02
     vertex -1.307500e+02  4.760241e+02 -1.195652e+02
     vertex -1.307500e+02  4.760704e+02 -1.198629e+02
   endloop
 endfacet
 facet normal -6.613219e-15 -9.961947e-01  8.715574e-02
   outer loop
     vertex -1.220000e+02  4.760704e+02 -1.198629e+02
     vertex -1.307500e+02  4.760704e+02 -1.198629e+02
     vertex -1.220000e+02  4.760441e+02 -1.201631e+02
   endloop
 endfacet
 facet normal -5.993504e-15 -9.225899e-01 -3.857822e-01
   outer loop
     vertex -1.220000e+02  4.760241e+02 -1.195652e+02
     vertex -1.307500e+02  4.759078e+02 -1.192871e+02
     vertex -1.307500e+02  4.760241e+02 -1.195652e+02
   endloop
 endfacet
 facet normal -6.419115e-15 -9.881048e-01 -1.537818e-01
   outer loop
     vertex -1.220000e+02  4.760241e+02 -1.195652e+02
     vertex -1.307500e+02  4.760241e+02 -1.195652e+02
     vertex -1.220000e+02  4.760704e+02 -1.198629e+02
   endloop
 endfacet
 facet normal -4.252647e-15 -8.034574e-01 -5.953623e-01
   outer loop
     vertex -1.220000e+02  4.759078e+02 -1.192871e+02
     vertex -1.307500e+02  4.757284e+02 -1.190450e+02
     vertex -1.307500e+02  4.759078e+02 -1.192871e+02
   endloop
 endfacet
 facet normal -5.366956e-15 -9.225899e-01 -3.857822e-01
   outer loop
     vertex -1.220000e+02  4.759078e+02 -1.192871e+02
     vertex -1.307500e+02  4.759078e+02 -1.192871e+02
     vertex -1.220000e+02  4.760241e+02 -1.195652e+02
   endloop
 endfacet
 facet normal -5.219573e-15 -8.034574e-01 -5.953623e-01
   outer loop
     vertex -1.220000e+02  4.757284e+02 -1.190450e+02
     vertex -1.307500e+02  4.757284e+02 -1.190450e+02
     vertex -1.220000e+02  4.759078e+02 -1.192871e+02
   endloop
 endfacet
 facet normal -4.142299e-15 -6.376309e-01 -7.703421e-01
   outer loop
     vertex -1.220000e+02  4.754963e+02 -1.188529e+02
     vertex -1.307500e+02  4.754963e+02 -1.188529e+02
     vertex -1.307500e+02  4.757284e+02 -1.190450e+02
   endloop
 endfacet
 facet normal -2.824290e-15 -4.347475e-01 -9.005524e-01
   outer loop
     vertex -1.220000e+02  4.754963e+02 -1.188529e+02
     vertex -1.307500e+02  4.752249e+02 -1.187219e+02
     vertex -1.307500e+02  4.754963e+02 -1.188529e+02
   endloop
 endfacet
 facet normal -4.142168e-15 -6.376309e-01 -7.703421e-01
   outer loop
     vertex -1.220000e+02  4.754963e+02 -1.188529e+02
     vertex -1.307500e+02  4.757284e+02 -1.190450e+02
     vertex -1.220000e+02  4.757284e+02 -1.190450e+02
   endloop
 endfacet
 facet normal -2.824290e-15 -4.347475e-01 -9.005524e-01
   outer loop
     vertex -1.220000e+02  4.752249e+02 -1.187219e+02
     vertex -1.307500e+02  4.752249e+02 -1.187219e+02
     vertex -1.220000e+02  4.754963e+02 -1.188529e+02
   endloop
 endfacet
 facet normal -1.342143e-15 -2.065983e-01 -9.784259e-01
   outer loop
     vertex -1.220000e+02  4.749301e+02 -1.186596e+02
     vertex -1.307500e+02  4.749301e+02 -1.186596e+02
     vertex -1.307500e+02  4.752249e+02 -1.187219e+02
   endloop
 endfacet
 facet normal -1.342126e-15 -2.065983e-01 -9.784259e-01
   outer loop
     vertex -1.220000e+02  4.749301e+02 -1.186596e+02
     vertex -1.307500e+02  4.752249e+02 -1.187219e+02
     vertex -1.220000e+02  4.752249e+02 -1.187219e+02
   endloop
 endfacet
 facet normal -1.841187e-15 -3.355772e-02  9.994368e-01
   outer loop
     vertex -1.220000e+02  4.542334e+02 -1.068107e+02
     vertex -1.307500e+02  4.545345e+02 -1.068006e+02
     vertex -1.307500e+02  4.542334e+02 -1.068107e+02
   endloop
 endfacet
 facet normal -1.765482e-15 -2.717635e-01  9.623641e-01
   outer loop
     vertex -1.220000e+02  4.545345e+02 -1.068006e+02
     vertex -1.307500e+02  4.548245e+02 -1.067187e+02
     vertex -1.307500e+02  4.545345e+02 -1.068006e+02
   endloop
 endfacet
 facet normal -2.180041e-16 -3.355772e-02  9.994368e-01
   outer loop
     vertex -1.220000e+02  4.545345e+02 -1.068006e+02
     vertex -1.307500e+02  4.545345e+02 -1.068006e+02
     vertex -1.220000e+02  4.542334e+02 -1.068107e+02
   endloop
 endfacet
 facet normal -1.411929e-15 -4.941753e-01  8.693623e-01
   outer loop
     vertex -1.220000e+02  4.548245e+02 -1.067187e+02
     vertex -1.307500e+02  4.550865e+02 -1.065698e+02
     vertex -1.307500e+02  4.548245e+02 -1.067187e+02
   endloop
 endfacet
 facet normal -1.562973e-15 -2.717635e-01  9.623641e-01
   outer loop
     vertex -1.220000e+02  4.548245e+02 -1.067187e+02
     vertex -1.307500e+02  4.548245e+02 -1.067187e+02
     vertex -1.220000e+02  4.545345e+02 -1.068006e+02
   endloop
 endfacet
 facet normal -1.178829e-15 -6.878675e-01  7.258363e-01
   outer loop
     vertex -1.220000e+02  4.550865e+02 -1.065698e+02
     vertex -1.307500e+02  4.553052e+02 -1.063625e+02
     vertex -1.307500e+02  4.550865e+02 -1.065698e+02
   endloop
 endfacet
 facet normal -1.411929e-15 -4.941753e-01  8.693623e-01
   outer loop
     vertex -1.220000e+02  4.550865e+02 -1.065698e+02
     vertex -1.307500e+02  4.550865e+02 -1.065698e+02
     vertex -1.220000e+02  4.548245e+02 -1.067187e+02
   endloop
 endfacet
 facet normal  5.467254e-15 -8.415833e-01  5.401273e-01
   outer loop
     vertex -1.220000e+02  4.553052e+02 -1.063625e+02
     vertex -1.307500e+02  4.554680e+02 -1.061089e+02
     vertex -1.307500e+02  4.553052e+02 -1.063625e+02
   endloop
 endfacet
 facet normal  4.468656e-15 -6.878675e-01  7.258363e-01
   outer loop
     vertex -1.220000e+02  4.553052e+02 -1.063625e+02
     vertex -1.307500e+02  4.553052e+02 -1.063625e+02
     vertex -1.220000e+02  4.550865e+02 -1.065698e+02
   endloop
 endfacet
 facet normal  0.000000e+00 -9.463894e-01  3.230282e-01
   outer loop
     vertex -1.220000e+02  4.554680e+02 -1.061089e+02
     vertex -1.307500e+02  4.555653e+02 -1.058237e+02
     vertex -1.307500e+02  4.554680e+02 -1.061089e+02
   endloop
 endfacet
 facet normal  0.000000e+00 -8.415833e-01  5.401273e-01
   outer loop
     vertex -1.220000e+02  4.554680e+02 -1.061089e+02
     vertex -1.307500e+02  4.554680e+02 -1.061089e+02
     vertex -1.220000e+02  4.553052e+02 -1.063625e+02
   endloop
 endfacet
 facet normal  0.000000e+00 -9.961947e-01  8.715574e-02
   outer loop
     vertex -1.220000e+02  4.555653e+02 -1.058237e+02
     vertex -1.307500e+02  4.555916e+02 -1.055235e+02
     vertex -1.307500e+02  4.555653e+02 -1.058237e+02
   endloop
 endfacet
 facet normal  0.000000e+00 -9.463894e-01  3.230282e-01
   outer loop
     vertex -1.220000e+02  4.555653e+02 -1.058237e+02
     vertex -1.307500e+02  4.555653e+02 -1.058237e+02
     vertex -1.220000e+02  4.554680e+02 -1.061089e+02
   endloop
 endfacet
 facet normal -6.471670e-15 -9.961947e-01  8.715574e-02
   outer loop
     vertex -1.220000e+02  4.555916e+02 -1.055235e+02
     vertex -1.307500e+02  4.555916e+02 -1.055235e+02
     vertex -1.220000e+02  4.555653e+02 -1.058237e+02
   endloop
 endfacet
 facet normal -0.000000e+00 -9.881048e-01 -1.537818e-01
   outer loop
     vertex -1.220000e+02  4.555453e+02 -1.052258e+02
     vertex -1.307500e+02  4.555453e+02 -1.052258e+02
     vertex -1.307500e+02  4.555916e+02 -1.055235e+02
   endloop
 endfacet
 facet normal -0.000000e+00 -9.225899e-01 -3.857822e-01
   outer loop
     vertex -1.220000e+02  4.555453e+02 -1.052258e+02
     vertex -1.307500e+02  4.554290e+02 -1.049477e+02
     vertex -1.307500e+02  4.555453e+02 -1.052258e+02
   endloop
 endfacet
 facet normal -6.419176e-15 -9.881048e-01 -1.537818e-01
   outer loop
     vertex -1.220000e+02  4.555453e+02 -1.052258e+02
     vertex -1.307500e+02  4.555916e+02 -1.055235e+02
     vertex -1.220000e+02  4.555916e+02 -1.055235e+02
   endloop
 endfacet
 facet normal -5.219573e-15 -8.034574e-01 -5.953623e-01
   outer loop
     vertex -1.220000e+02  4.554290e+02 -1.049477e+02
     vertex -1.307500e+02  4.552496e+02 -1.047056e+02
     vertex -1.307500e+02  4.554290e+02 -1.049477e+02
   endloop
 endfacet
 facet normal -5.993504e-15 -9.225899e-01 -3.857822e-01
   outer loop
     vertex -1.220000e+02  4.554290e+02 -1.049477e+02
     vertex -1.307500e+02  4.554290e+02 -1.049477e+02
     vertex -1.220000e+02  4.555453e+02 -1.052258e+02
   endloop
 endfacet
 facet normal  9.669265e-16 -8.034574e-01 -5.953623e-01
   outer loop
     vertex -1.220000e+02  4.552496e+02 -1.047056e+02
     vertex -1.307500e+02  4.552496e+02 -1.047056e+02
     vertex -1.220000e+02  4.554290e+02 -1.049477e+02
   endloop
 endfacet
 facet normal -4.142299e-15 -6.376309e-01 -7.703421e-01
   outer loop
     vertex -1.220000e+02  4.550175e+02 -1.045135e+02
     vertex -1.307500e+02  4.550175e+02 -1.045135e+02
     vertex -1.307500e+02  4.552496e+02 -1.047056e+02
   endloop
 endfacet
 facet normal -2.824290e-15 -4.347475e-01 -9.005524e-01
   outer loop
     vertex -1.220000e+02  4.550175e+02 -1.045135e+02
     vertex -1.307500e+02  4.547461e+02 -1.043825e+02
     vertex -1.307500e+02  4.550175e+02 -1.045135e+02
   endloop
 endfacet
 facet normal  1.250019e-15 -6.376309e-01 -7.703421e-01
   outer loop
     vertex -1.220000e+02  4.550175e+02 -1.045135e+02
     vertex -1.307500e+02  4.552496e+02 -1.047056e+02
     vertex -1.220000e+02  4.552496e+02 -1.047056e+02
   endloop
 endfacet
 facet normal -1.361705e-15 -4.347475e-01 -9.005524e-01
   outer loop
     vertex -1.220000e+02  4.547461e+02 -1.043825e+02
     vertex -1.307500e+02  4.547461e+02 -1.043825e+02
     vertex -1.220000e+02  4.550175e+02 -1.045135e+02
   endloop
 endfacet
 facet normal -1.342143e-15 -2.065983e-01 -9.784259e-01
   outer loop
     vertex -1.220000e+02  4.544513e+02 -1.043202e+02
     vertex -1.307500e+02  4.544513e+02 -1.043202e+02
     vertex -1.307500e+02  4.547461e+02 -1.043825e+02
   endloop
 endfacet
 facet normal  2.473722e-16 -2.065983e-01 -9.784259e-01
   outer loop
     vertex -1.220000e+02  4.544513e+02 -1.043202e+02
     vertex -1.307500e+02  4.547461e+02 -1.043825e+02
     vertex -1.220000e+02  4.547461e+02 -1.043825e+02
   endloop
 endfacet
 facet normal  0.000000e+00 -3.355772e-02  9.994368e-01
   outer loop
     vertex -1.220000e+02  4.564123e+02 -8.190583e+01
     vertex -1.307500e+02  4.567134e+02 -8.189572e+01
     vertex -1.307500e+02  4.564123e+02 -8.190583e+01
   endloop
 endfacet
 facet normal  0.000000e+00 -2.717635e-01  9.623641e-01
   outer loop
     vertex -1.220000e+02  4.567134e+02 -8.189572e+01
     vertex -1.307500e+02  4.570034e+02 -8.181383e+01
     vertex -1.307500e+02  4.567134e+02 -8.189572e+01
   endloop
 endfacet
 facet normal  0.000000e+00 -3.355772e-02  9.994368e-01
   outer loop
     vertex -1.220000e+02  4.567134e+02 -8.189572e+01
     vertex -1.307500e+02  4.567134e+02 -8.189572e+01
     vertex -1.220000e+02  4.564123e+02 -8.190583e+01
   endloop
 endfacet
 facet normal -4.622285e-15 -4.941753e-01  8.693623e-01
   outer loop
     vertex -1.220000e+02  4.570034e+02 -8.181383e+01
     vertex -1.307500e+02  4.572654e+02 -8.166491e+01
     vertex -1.307500e+02  4.570034e+02 -8.181383e+01
   endloop
 endfacet
 facet normal -3.328455e-15 -2.717635e-01  9.623641e-01
   outer loop
     vertex -1.220000e+02  4.570034e+02 -8.181383e+01
     vertex -1.307500e+02  4.570034e+02 -8.181383e+01
     vertex -1.220000e+02  4.567134e+02 -8.189572e+01
   endloop
 endfacet
 facet normal  4.468656e-15 -6.878675e-01  7.258363e-01
   outer loop
     vertex -1.220000e+02  4.572654e+02 -8.166491e+01
     vertex -1.307500e+02  4.574841e+02 -8.145763e+01
     vertex -1.307500e+02  4.572654e+02 -8.166491e+01
   endloop
 endfacet
 facet normal  3.210356e-15 -4.941753e-01  8.693623e-01
   outer loop
     vertex -1.220000e+02  4.572654e+02 -8.166491e+01
     vertex -1.307500e+02  4.572654e+02 -8.166491e+01
     vertex -1.220000e+02  4.570034e+02 -8.181383e+01
   endloop
 endfacet
 facet normal -8.772196e-16 -8.415833e-01  5.401273e-01
   outer loop
     vertex -1.220000e+02  4.574841e+02 -8.145763e+01
     vertex -1.307500e+02  4.576469e+02 -8.120402e+01
     vertex -1.307500e+02  4.574841e+02 -8.145763e+01
   endloop
 endfacet
 facet normal -1.178829e-15 -6.878675e-01  7.258363e-01
   outer loop
     vertex -1.220000e+02  4.574841e+02 -8.145763e+01
     vertex -1.307500e+02  4.574841e+02 -8.145763e+01
     vertex -1.220000e+02  4.572654e+02 -8.166491e+01
   endloop
 endfacet
 facet normal -6.148115e-15 -9.463894e-01  3.230282e-01
   outer loop
     vertex -1.220000e+02  4.576469e+02 -8.120402e+01
     vertex -1.307500e+02  4.577442e+02 -8.091884e+01
     vertex -1.307500e+02  4.576469e+02 -8.120402e+01
   endloop
 endfacet
 facet normal -5.467254e-15 -8.415833e-01  5.401273e-01
   outer loop
     vertex -1.220000e+02  4.576469e+02 -8.120402e+01
     vertex -1.307500e+02  4.576469e+02 -8.120402e+01
     vertex -1.220000e+02  4.574841e+02 -8.145763e+01
   endloop
 endfacet
 facet normal -6.613219e-15 -9.961947e-01  8.715574e-02
   outer loop
     vertex -1.220000e+02  4.577442e+02 -8.091884e+01
     vertex -1.307500e+02  4.577705e+02 -8.061864e+01
     vertex -1.307500e+02  4.577442e+02 -8.091884e+01
   endloop
 endfacet
 facet normal -6.672744e-15 -9.463894e-01  3.230282e-01
   outer loop
     vertex -1.220000e+02  4.577442e+02 -8.091884e+01
     vertex -1.307500e+02  4.577442e+02 -8.091884e+01
     vertex -1.220000e+02  4.576469e+02 -8.120402e+01
   endloop
 endfacet
 facet normal -6.169358e-15 -9.881048e-01 -1.537818e-01
   outer loop
     vertex -1.220000e+02  4.577705e+02 -8.061864e+01
     vertex -1.307500e+02  4.577242e+02 -8.032088e+01
     vertex -1.307500e+02  4.577705e+02 -8.061864e+01
   endloop
 endfacet
 facet normal -6.613219e-15 -9.961947e-01  8.715574e-02
   outer loop
     vertex -1.220000e+02  4.577705e+02 -8.061864e+01
     vertex -1.307500e+02  4.577705e+02 -8.061864e+01
     vertex -1.220000e+02  4.577442e+02 -8.091884e+01
   endloop
 endfacet
 facet normal -5.993504e-15 -9.225899e-01 -3.857822e-01
   outer loop
     vertex -1.220000e+02  4.577242e+02 -8.032088e+01
     vertex -1.307500e+02  4.576079e+02 -8.004287e+01
     vertex -1.307500e+02  4.577242e+02 -8.032088e+01
   endloop
 endfacet
 facet normal -6.419115e-15 -9.881048e-01 -1.537818e-01
   outer loop
     vertex -1.220000e+02  4.577242e+02 -8.032088e+01
     vertex -1.307500e+02  4.577242e+02 -8.032088e+01
     vertex -1.220000e+02  4.577705e+02 -8.061864e+01
   endloop
 endfacet
 facet normal -5.219573e-15 -8.034574e-01 -5.953623e-01
   outer loop
     vertex -1.220000e+02  4.576079e+02 -8.004287e+01
     vertex -1.307500e+02  4.574285e+02 -7.980075e+01
     vertex -1.307500e+02  4.576079e+02 -8.004287e+01
   endloop
 endfacet
 facet normal -5.993504e-15 -9.225899e-01 -3.857822e-01
   outer loop
     vertex -1.220000e+02  4.576079e+02 -8.004287e+01
     vertex -1.307500e+02  4.576079e+02 -8.004287e+01
     vertex -1.220000e+02  4.577242e+02 -8.032088e+01
   endloop
 endfacet
 facet normal -4.252647e-15 -8.034574e-01 -5.953623e-01
   outer loop
     vertex -1.220000e+02  4.574285e+02 -7.980075e+01
     vertex -1.307500e+02  4.574285e+02 -7.980075e+01
     vertex -1.220000e+02  4.576079e+02 -8.004287e+01
   endloop
 endfacet
 facet normal  1.251111e-15 -6.376309e-01 -7.703421e-01
   outer loop
     vertex -1.220000e+02  4.571964e+02 -7.960861e+01
     vertex -1.307500e+02  4.571964e+02 -7.960861e+01
     vertex -1.307500e+02  4.574285e+02 -7.980075e+01
   endloop
 endfacet
 facet normal  1.462585e-15 -4.347475e-01 -9.005524e-01
   outer loop
     vertex -1.220000e+02  4.571964e+02 -7.960861e+01
     vertex -1.307500e+02  4.569250e+02 -7.947760e+01
     vertex -1.307500e+02  4.571964e+02 -7.960861e+01
   endloop
 endfacet
 facet normal -2.889517e-15 -6.376309e-01 -7.703421e-01
   outer loop
     vertex -1.220000e+02  4.571964e+02 -7.960861e+01
     vertex -1.307500e+02  4.574285e+02 -7.980075e+01
     vertex -1.220000e+02  4.574285e+02 -7.980075e+01
   endloop
 endfacet
 facet normal -0.000000e+00 -4.347475e-01 -9.005524e-01
   outer loop
     vertex -1.220000e+02  4.569250e+02 -7.947760e+01
     vertex -1.307500e+02  4.569250e+02 -7.947760e+01
     vertex -1.220000e+02  4.571964e+02 -7.960861e+01
   endloop
 endfacet
 facet normal -0.000000e+00 -2.065983e-01 -9.784259e-01
   outer loop
     vertex -1.220000e+02  4.566301e+02 -7.941535e+01
     vertex -1.307500e+02  4.566301e+02 -7.941535e+01
     vertex -1.307500e+02  4.569250e+02 -7.947760e+01
   endloop
 endfacet
 facet normal  0.000000e+00 -2.065983e-01 -9.784259e-01
   outer loop
     vertex -1.220000e+02  4.566301e+02 -7.941535e+01
     vertex -1.307500e+02  4.569250e+02 -7.947760e+01
     vertex -1.220000e+02  4.569250e+02 -7.947760e+01
   endloop
 endfacet
 facet normal -1.623183e-15 -3.355772e-02  9.994368e-01
   outer loop
     vertex -1.220000e+02  4.790699e+02 -7.134038e+01
     vertex -1.307500e+02  4.793711e+02 -7.133026e+01
     vertex -1.307500e+02  4.790699e+02 -7.134038e+01
   endloop
 endfacet
 facet normal -3.328455e-15 -2.717635e-01  9.623641e-01
   outer loop
     vertex -1.220000e+02  4.793711e+02 -7.133026e+01
     vertex -1.307500e+02  4.796611e+02 -7.124837e+01
     vertex -1.307500e+02  4.793711e+02 -7.133026e+01
   endloop
 endfacet
 facet normal -1.841187e-15 -3.355772e-02  9.994368e-01
   outer loop
     vertex -1.220000e+02  4.793711e+02 -7.133026e+01
     vertex -1.307500e+02  4.793711e+02 -7.133026e+01
     vertex -1.220000e+02  4.790699e+02 -7.134038e+01
   endloop
 endfacet
 facet normal -3.210356e-15 -4.941753e-01  8.693623e-01
   outer loop
     vertex -1.220000e+02  4.796611e+02 -7.124837e+01
     vertex -1.307500e+02  4.799231e+02 -7.109945e+01
     vertex -1.307500e+02  4.796611e+02 -7.124837e+01
   endloop
 endfacet
 facet normal -1.765482e-15 -2.717635e-01  9.623641e-01
   outer loop
     vertex -1.220000e+02  4.796611e+02 -7.124837e+01
     vertex -1.307500e+02  4.796611e+02 -7.124837e+01
     vertex -1.220000e+02  4.793711e+02 -7.133026e+01
   endloop
 endfacet
 facet normal  4.468656e-15 -6.878675e-01  7.258363e-01
   outer loop
     vertex -1.220000e+02  4.799231e+02 -7.109945e+01
     vertex -1.307500e+02  4.801418e+02 -7.089217e+01
     vertex -1.307500e+02  4.799231e+02 -7.109945e+01
   endloop
 endfacet
 facet normal  3.210356e-15 -4.941753e-01  8.693623e-01
   outer loop
     vertex -1.220000e+02  4.799231e+02 -7.109945e+01
     vertex -1.307500e+02  4.799231e+02 -7.109945e+01
     vertex -1.220000e+02  4.796611e+02 -7.124837e+01
   endloop
 endfacet
 facet normal  0.000000e+00 -8.415833e-01  5.401273e-01
   outer loop
     vertex -1.220000e+02  4.801418e+02 -7.089217e+01
     vertex -1.307500e+02  4.803046e+02 -7.063857e+01
     vertex -1.307500e+02  4.801418e+02 -7.089217e+01
   endloop
 endfacet
 facet normal  0.000000e+00 -6.878675e-01  7.258363e-01
   outer loop
     vertex -1.220000e+02  4.801418e+02 -7.089217e+01
     vertex -1.307500e+02  4.801418e+02 -7.089217e+01
     vertex -1.220000e+02  4.799231e+02 -7.109945e+01
   endloop
 endfacet
 facet normal -6.148115e-15 -9.463894e-01  3.230282e-01
   outer loop
     vertex -1.220000e+02  4.803046e+02 -7.063857e+01
     vertex -1.307500e+02  4.804019e+02 -7.035338e+01
     vertex -1.307500e+02  4.803046e+02 -7.063857e+01
   endloop
 endfacet
 facet normal -5.467254e-15 -8.415833e-01  5.401273e-01
   outer loop
     vertex -1.220000e+02  4.803046e+02 -7.063857e+01
     vertex -1.307500e+02  4.803046e+02 -7.063857e+01
     vertex -1.220000e+02  4.801418e+02 -7.089217e+01
   endloop
 endfacet
 facet normal -6.613219e-15 -9.961947e-01  8.715574e-02
   outer loop
     vertex -1.220000e+02  4.804019e+02 -7.035338e+01
     vertex -1.307500e+02  4.804282e+02 -7.005319e+01
     vertex -1.307500e+02  4.804019e+02 -7.035338e+01
   endloop
 endfacet
 facet normal -6.672744e-15 -9.463894e-01  3.230282e-01
   outer loop
     vertex -1.220000e+02  4.804019e+02 -7.035338e+01
     vertex -1.307500e+02  4.804019e+02 -7.035338e+01
     vertex -1.220000e+02  4.803046e+02 -7.063857e+01
   endloop
 endfacet
 facet normal -5.919602e-15 -9.881048e-01 -1.537818e-01
   outer loop
     vertex -1.220000e+02  4.804282e+02 -7.005319e+01
     vertex -1.307500e+02  4.803818e+02 -6.975543e+01
     vertex -1.307500e+02  4.804282e+02 -7.005319e+01
   endloop
 endfacet
 facet normal -6.754769e-15 -9.961947e-01  8.715574e-02
   outer loop
     vertex -1.220000e+02  4.804282e+02 -7.005319e+01
     vertex -1.307500e+02  4.804282e+02 -7.005319e+01
     vertex -1.220000e+02  4.804019e+02 -7.035338e+01
   endloop
 endfacet
 facet normal -5.366956e-15 -9.225899e-01 -3.857822e-01
   outer loop
     vertex -1.220000e+02  4.803818e+02 -6.975543e+01
     vertex -1.307500e+02  4.802656e+02 -6.947741e+01
     vertex -1.307500e+02  4.803818e+02 -6.975543e+01
   endloop
 endfacet
 facet normal -6.169358e-15 -9.881048e-01 -1.537818e-01
   outer loop
     vertex -1.220000e+02  4.803818e+02 -6.975543e+01
     vertex -1.307500e+02  4.803818e+02 -6.975543e+01
     vertex -1.220000e+02  4.804282e+02 -7.005319e+01
   endloop
 endfacet
 facet normal -5.219573e-15 -8.034574e-01 -5.953623e-01
   outer loop
     vertex -1.220000e+02  4.802656e+02 -6.947741e+01
     vertex -1.307500e+02  4.800862e+02 -6.923530e+01
     vertex -1.307500e+02  4.802656e+02 -6.947741e+01
   endloop
 endfacet
 facet normal -5.993504e-15 -9.225899e-01 -3.857822e-01
   outer loop
     vertex -1.220000e+02  4.802656e+02 -6.947741e+01
     vertex -1.307500e+02  4.802656e+02 -6.947741e+01
     vertex -1.220000e+02  4.803818e+02 -6.975543e+01
   endloop
 endfacet
 facet normal -5.219573e-15 -8.034574e-01 -5.953623e-01
   outer loop
     vertex -1.220000e+02  4.800862e+02 -6.923530e+01
     vertex -1.307500e+02  4.800862e+02 -6.923530e+01
     vertex -1.220000e+02  4.802656e+02 -6.947741e+01
   endloop
 endfacet
 facet normal  1.251111e-15 -6.376309e-01 -7.703421e-01
   outer loop
     vertex -1.220000e+02  4.798541e+02 -6.904315e+01
     vertex -1.307500e+02  4.798541e+02 -6.904315e+01
     vertex -1.307500e+02  4.800862e+02 -6.923530e+01
   endloop
 endfacet
 facet normal  1.462585e-15 -4.347475e-01 -9.005524e-01
   outer loop
     vertex -1.220000e+02  4.798541e+02 -6.904315e+01
     vertex -1.307500e+02  4.795827e+02 -6.891215e+01
     vertex -1.307500e+02  4.798541e+02 -6.904315e+01
   endloop
 endfacet
 facet normal -4.142168e-15 -6.376309e-01 -7.703421e-01
   outer loop
     vertex -1.220000e+02  4.798541e+02 -6.904315e+01
     vertex -1.307500e+02  4.800862e+02 -6.923530e+01
     vertex -1.220000e+02  4.800862e+02 -6.923530e+01
   endloop
 endfacet
 facet normal -0.000000e+00 -4.347475e-01 -9.005524e-01
   outer loop
     vertex -1.220000e+02  4.795827e+02 -6.891215e+01
     vertex -1.307500e+02  4.795827e+02 -6.891215e+01
     vertex -1.220000e+02  4.798541e+02 -6.904315e+01
   endloop
 endfacet
 facet normal  2.469160e-16 -2.065983e-01 -9.784259e-01
   outer loop
     vertex -1.220000e+02  4.792878e+02 -6.884989e+01
     vertex -1.307500e+02  4.792878e+02 -6.884989e+01
     vertex -1.307500e+02  4.795827e+02 -6.891215e+01
   endloop
 endfacet
 facet normal  0.000000e+00 -2.065983e-01 -9.784259e-01
   outer loop
     vertex -1.220000e+02  4.792878e+02 -6.884989e+01
     vertex -1.307500e+02  4.795827e+02 -6.891215e+01
     vertex -1.220000e+02  4.795827e+02 -6.891215e+01
   endloop
 endfacet
 facet normal  4.958052e-16 -2.726739e-02  9.996282e-01
   outer loop
     vertex -1.220000e+02  4.807586e+02 -1.169287e+02
     vertex -1.282500e+02  4.800161e+02 -1.169490e+02
     vertex -1.220000e+02  4.800161e+02 -1.169490e+02
   endloop
 endfacet
 facet normal  7.480013e-04 -3.355771e-02  9.994365e-01
   outer loop
     vertex -1.220000e+02  4.807586e+02 -1.169287e+02
     vertex -1.282500e+02  4.807991e+02 -1.169227e+02
     vertex -1.282500e+02  4.800161e+02 -1.169490e+02
   endloop
 endfacet
 facet normal  1.414106e-03 -2.717632e-01  9.623631e-01
   outer loop
     vertex -1.220000e+02  4.814772e+02 -1.167404e+02
     vertex -1.282500e+02  4.815531e+02 -1.167098e+02
     vertex -1.282500e+02  4.807991e+02 -1.169227e+02
   endloop
 endfacet
 facet normal -7.070677e-04 -2.535469e-01  9.673228e-01
   outer loop
     vertex -1.220000e+02  4.814772e+02 -1.167404e+02
     vertex -1.282500e+02  4.807991e+02 -1.169227e+02
     vertex -1.220000e+02  4.807586e+02 -1.169287e+02
   endloop
 endfacet
 facet normal  1.998209e-03 -4.941743e-01  8.693605e-01
   outer loop
     vertex -1.220000e+02  4.821343e+02 -1.163938e+02
     vertex -1.282500e+02  4.822342e+02 -1.163226e+02
     vertex -1.282500e+02  4.815531e+02 -1.167098e+02
   endloop
 endfacet
 facet normal -1.332185e-03 -4.665792e-01  8.844784e-01
   outer loop
     vertex -1.220000e+02  4.821343e+02 -1.163938e+02
     vertex -1.282500e+02  4.815531e+02 -1.167098e+02
     vertex -1.220000e+02  4.814772e+02 -1.167404e+02
   endloop
 endfacet
 facet normal  2.500217e-03 -6.878653e-01  7.258340e-01
   outer loop
     vertex -1.220000e+02  4.826955e+02 -1.159070e+02
     vertex -1.282500e+02  4.828029e+02 -1.157836e+02
     vertex -1.282500e+02  4.822342e+02 -1.163226e+02
   endloop
 endfacet
 facet normal -1.875252e-03 -6.552342e-01  7.554235e-01
   outer loop
     vertex -1.220000e+02  4.826955e+02 -1.159070e+02
     vertex -1.282500e+02  4.822342e+02 -1.163226e+02
     vertex -1.220000e+02  4.821343e+02 -1.163938e+02
   endloop
 endfacet
 facet normal  2.920052e-03 -8.415797e-01  5.401250e-01
   outer loop
     vertex -1.220000e+02  4.831315e+02 -1.153055e+02
     vertex -1.282500e+02  4.832261e+02 -1.151243e+02
     vertex -1.282500e+02  4.828029e+02 -1.157836e+02
   endloop
 endfacet
 facet normal -2.336184e-03 -8.096555e-01  5.869008e-01
   outer loop
     vertex -1.220000e+02  4.831315e+02 -1.153055e+02
     vertex -1.282500e+02  4.828029e+02 -1.157836e+02
     vertex -1.220000e+02  4.826955e+02 -1.159070e+02
   endloop
 endfacet
 facet normal  3.257647e-03 -9.463843e-01  3.230264e-01
   outer loop
     vertex -1.220000e+02  4.834195e+02 -1.146208e+02
     vertex -1.282500e+02  4.834792e+02 -1.143828e+02
     vertex -1.282500e+02  4.832261e+02 -1.151243e+02
   endloop
 endfacet
 facet normal -2.714907e-03 -9.217752e-01  3.877153e-01
   outer loop
     vertex -1.220000e+02  4.834195e+02 -1.146208e+02
     vertex -1.282500e+02  4.832261e+02 -1.151243e+02
     vertex -1.220000e+02  4.831315e+02 -1.153055e+02
   endloop
 endfacet
 facet normal  3.512949e-03 -9.961886e-01  8.715520e-02
   outer loop
     vertex -1.220000e+02  4.835445e+02 -1.138885e+02
     vertex -1.282500e+02  4.835475e+02 -1.136023e+02
     vertex -1.282500e+02  4.834792e+02 -1.143828e+02
   endloop
 endfacet
 facet normal -3.011363e-03 -9.857357e-01  1.682736e-01
   outer loop
     vertex -1.220000e+02  4.835445e+02 -1.138885e+02
     vertex -1.282500e+02  4.834792e+02 -1.143828e+02
     vertex -1.220000e+02  4.834195e+02 -1.146208e+02
   endloop
 endfacet
 facet normal  3.685920e-03 -9.880981e-01 -1.537808e-01
   outer loop
     vertex -1.220000e+02  4.834999e+02 -1.131470e+02
     vertex -1.282500e+02  4.834270e+02 -1.128281e+02
     vertex -1.282500e+02  4.835475e+02 -1.136023e+02
   endloop
 endfacet
 facet normal -3.225504e-03 -9.981956e-01 -5.995940e-02
   outer loop
     vertex -1.220000e+02  4.834999e+02 -1.131470e+02
     vertex -1.282500e+02  4.835475e+02 -1.136023e+02
     vertex -1.220000e+02  4.835445e+02 -1.138885e+02
   endloop
 endfacet
 facet normal  5.455923e-14 -9.600499e-01 -2.798290e-01
   outer loop
     vertex -1.210000e+02  4.833019e+02 -1.124676e+02
     vertex -1.220000e+02  4.834999e+02 -1.131470e+02
     vertex -1.210000e+02  4.834999e+02 -1.131470e+02
   endloop
 endfacet
 facet normal  3.265893e-03 -9.225850e-01 -3.857801e-01
   outer loop
     vertex -1.210000e+02  4.833019e+02 -1.124676e+02
     vertex -1.282500e+02  4.831247e+02 -1.121053e+02
     vertex -1.282500e+02  4.834270e+02 -1.128281e+02
   endloop
 endfacet
 facet normal -2.861113e-03 -9.611695e-01 -2.759439e-01
   outer loop
     vertex -1.210000e+02  4.833019e+02 -1.124676e+02
     vertex -1.282500e+02  4.834270e+02 -1.128281e+02
     vertex -1.220000e+02  4.834999e+02 -1.131470e+02
   endloop
 endfacet
 facet normal  3.106830e-03 -8.034535e-01 -5.953594e-01
   outer loop
     vertex -1.210000e+02  4.829616e+02 -1.118472e+02
     vertex -1.282500e+02  4.826583e+02 -1.114758e+02
     vertex -1.282500e+02  4.831247e+02 -1.121053e+02
   endloop
 endfacet
 facet normal -2.613261e-03 -8.767238e-01 -4.809871e-01
   outer loop
     vertex -1.210000e+02  4.829616e+02 -1.118472e+02
     vertex -1.282500e+02  4.831247e+02 -1.121053e+02
     vertex -1.210000e+02  4.833019e+02 -1.124676e+02
   endloop
 endfacet
 facet normal  2.700418e-03 -6.376285e-01 -7.703393e-01
   outer loop
     vertex -1.210000e+02  4.824950e+02 -1.113152e+02
     vertex -1.282500e+02  4.820547e+02 -1.109762e+02
     vertex -1.282500e+02  4.826583e+02 -1.114758e+02
   endloop
 endfacet
 facet normal -2.330502e-03 -7.518378e-01 -6.593440e-01
   outer loop
     vertex -1.210000e+02  4.824950e+02 -1.113152e+02
     vertex -1.282500e+02  4.826583e+02 -1.114758e+02
     vertex -1.210000e+02  4.829616e+02 -1.118472e+02
   endloop
 endfacet
 facet normal  2.046881e-03 -4.347466e-01 -9.005505e-01
   outer loop
     vertex -1.210000e+02  4.819243e+02 -1.108968e+02
     vertex -1.282500e+02  4.813492e+02 -1.106356e+02
     vertex -1.282500e+02  4.820547e+02 -1.109762e+02
   endloop
 endfacet
 facet normal -1.800490e-03 -5.913087e-01 -8.064433e-01
   outer loop
     vertex -1.210000e+02  4.819243e+02 -1.108968e+02
     vertex -1.282500e+02  4.820547e+02 -1.109762e+02
     vertex -1.210000e+02  4.824950e+02 -1.113152e+02
   endloop
 endfacet
 facet normal  1.146576e-03 -2.065981e-01 -9.784252e-01
   outer loop
     vertex -1.210000e+02  4.812766e+02 -1.106118e+02
     vertex -1.282500e+02  4.805826e+02 -1.104737e+02
     vertex -1.282500e+02  4.813492e+02 -1.106356e+02
   endloop
 endfacet
 facet normal -1.023513e-03 -4.027465e-01 -9.153110e-01
   outer loop
     vertex -1.210000e+02  4.812766e+02 -1.106118e+02
     vertex -1.282500e+02  4.813492e+02 -1.106356e+02
     vertex -1.210000e+02  4.819243e+02 -1.108968e+02
   endloop
 endfacet
 facet normal -0.000000e+00 -1.950903e-01 -9.807853e-01
   outer loop
     vertex -1.210000e+02  4.805826e+02 -1.104737e+02
     vertex -1.282500e+02  4.805826e+02 -1.104737e+02
     vertex -1.210000e+02  4.812766e+02 -1.106118e+02
   endloop
 endfacet
 facet normal -3.967166e-16  4.361939e-02  9.990482e-01
   outer loop
     vertex -1.220000e+02  4.582887e+02 -1.015493e+02
     vertex -1.282500e+02  4.580054e+02 -1.015369e+02
     vertex -1.220000e+02  4.580054e+02 -1.015369e+02
   endloop
 endfacet
 facet normal  3.498490e-03 -3.355752e-02  9.994307e-01
   outer loop
     vertex -1.220000e+02  4.582887e+02 -1.015493e+02
     vertex -1.282500e+02  4.587884e+02 -1.015107e+02
     vertex -1.282500e+02  4.580054e+02 -1.015369e+02
   endloop
 endfacet
 facet normal  2.691502e-03 -4.361923e-02  9.990446e-01
   outer loop
     vertex -1.220000e+02  4.585719e+02 -1.015369e+02
     vertex -1.282500e+02  4.587884e+02 -1.015107e+02
     vertex -1.220000e+02  4.582887e+02 -1.015493e+02
   endloop
 endfacet
 facet normal  1.157499e-03 -2.717633e-01  9.623634e-01
   outer loop
     vertex -1.220000e+02  4.588530e+02 -1.014999e+02
     vertex -1.282500e+02  4.595424e+02 -1.012977e+02
     vertex -1.282500e+02  4.587884e+02 -1.015107e+02
   endloop
 endfacet
 facet normal -3.514097e-04 -1.305262e-01  9.914448e-01
   outer loop
     vertex -1.220000e+02  4.588530e+02 -1.014999e+02
     vertex -1.282500e+02  4.587884e+02 -1.015107e+02
     vertex -1.220000e+02  4.585719e+02 -1.015369e+02
   endloop
 endfacet
 facet normal  0.000000e+00 -2.902847e-01  9.569403e-01
   outer loop
     vertex -1.210000e+02  4.595976e+02 -1.012741e+02
     vertex -1.220000e+02  4.588530e+02 -1.014999e+02
     vertex -1.210000e+02  4.588530e+02 -1.014999e+02
   endloop
 endfacet
 facet normal  9.215937e-04 -4.941751e-01  8.693619e-01
   outer loop
     vertex -1.210000e+02  4.595976e+02 -1.012741e+02
     vertex -1.282500e+02  4.602236e+02 -1.009106e+02
     vertex -1.282500e+02  4.595424e+02 -1.012977e+02
   endloop
 endfacet
 facet normal -9.244641e-04 -2.891474e-01  9.572842e-01
   outer loop
     vertex -1.210000e+02  4.595976e+02 -1.012741e+02
     vertex -1.282500e+02  4.595424e+02 -1.012977e+02
     vertex -1.220000e+02  4.588530e+02 -1.014999e+02
   endloop
 endfacet
 facet normal  8.440875e-04 -6.878672e-01  7.258360e-01
   outer loop
     vertex -1.210000e+02  4.602671e+02 -1.008777e+02
     vertex -1.282500e+02  4.607923e+02 -1.003716e+02
     vertex -1.282500e+02  4.602236e+02 -1.009106e+02
   endloop
 endfacet
 facet normal -8.378146e-04 -5.094168e-01  8.605195e-01
   outer loop
     vertex -1.210000e+02  4.602671e+02 -1.008777e+02
     vertex -1.282500e+02  4.602236e+02 -1.009106e+02
     vertex -1.210000e+02  4.595976e+02 -1.012741e+02
   endloop
 endfacet
 facet normal  7.653256e-04 -8.415831e-01  5.401272e-01
   outer loop
     vertex -1.210000e+02  4.608233e+02 -1.003336e+02
     vertex -1.282500e+02  4.612154e+02 -9.971224e+01
     vertex -1.282500e+02  4.607923e+02 -1.003716e+02
   endloop
 endfacet
 facet normal -7.596805e-04 -6.993513e-01  7.147777e-01
   outer loop
     vertex -1.210000e+02  4.608233e+02 -1.003336e+02
     vertex -1.282500e+02  4.607923e+02 -1.003716e+02
     vertex -1.210000e+02  4.602671e+02 -1.008777e+02
   endloop
 endfacet
 facet normal  6.853082e-04 -9.463891e-01  3.230281e-01
   outer loop
     vertex -1.210000e+02  4.612342e+02 -9.967282e+01
     vertex -1.282500e+02  4.614685e+02 -9.897076e+01
     vertex -1.282500e+02  4.612154e+02 -9.971224e+01
   endloop
 endfacet
 facet normal -6.802908e-04 -8.492020e-01  5.280677e-01
   outer loop
     vertex -1.210000e+02  4.612342e+02 -9.967282e+01
     vertex -1.282500e+02  4.612154e+02 -9.971224e+01
     vertex -1.210000e+02  4.608233e+02 -1.003336e+02
   endloop
 endfacet
 facet normal  6.040355e-04 -9.961945e-01  8.715573e-02
   outer loop
     vertex -1.210000e+02  4.614762e+02 -9.893336e+01
     vertex -1.282500e+02  4.615368e+02 -9.819025e+01
     vertex -1.282500e+02  4.614685e+02 -9.897076e+01
   endloop
 endfacet
 facet normal -5.996457e-04 -9.503799e-01  3.110911e-01
   outer loop
     vertex -1.210000e+02  4.614762e+02 -9.893336e+01
     vertex -1.282500e+02  4.614685e+02 -9.897076e+01
     vertex -1.210000e+02  4.612342e+02 -9.967282e+01
   endloop
 endfacet
 facet normal  5.215079e-04 -9.881047e-01 -1.537818e-01
   outer loop
     vertex -1.210000e+02  4.615356e+02 -9.815755e+01
     vertex -1.282500e+02  4.614163e+02 -9.741608e+01
     vertex -1.282500e+02  4.615368e+02 -9.819025e+01
   endloop
 endfacet
 facet normal -5.177456e-04 -9.970860e-01  7.628396e-02
   outer loop
     vertex -1.210000e+02  4.615356e+02 -9.815755e+01
     vertex -1.282500e+02  4.615368e+02 -9.819025e+01
     vertex -1.210000e+02  4.614762e+02 -9.893336e+01
   endloop
 endfacet
 facet normal  4.377254e-04 -9.225898e-01 -3.857821e-01
   outer loop
     vertex -1.210000e+02  4.614088e+02 -9.738987e+01
     vertex -1.282500e+02  4.611141e+02 -9.669325e+01
     vertex -1.282500e+02  4.614163e+02 -9.741608e+01
   endloop
 endfacet
 facet normal -4.345905e-04 -9.866432e-01 -1.628955e-01
   outer loop
     vertex -1.210000e+02  4.614088e+02 -9.738987e+01
     vertex -1.282500e+02  4.614163e+02 -9.741608e+01
     vertex -1.210000e+02  4.615356e+02 -9.815755e+01
   endloop
 endfacet
 facet normal  3.526885e-04 -8.034573e-01 -5.953622e-01
   outer loop
     vertex -1.210000e+02  4.611032e+02 -9.667432e+01
     vertex -1.282500e+02  4.606476e+02 -9.606375e+01
     vertex -1.282500e+02  4.611141e+02 -9.669325e+01
   endloop
 endfacet
 facet normal -3.501807e-04 -9.196502e-01 -3.927384e-01
   outer loop
     vertex -1.210000e+02  4.611032e+02 -9.667432e+01
     vertex -1.282500e+02  4.611141e+02 -9.669325e+01
     vertex -1.210000e+02  4.614088e+02 -9.738987e+01
   endloop
 endfacet
 facet normal  2.663972e-04 -6.376308e-01 -7.703420e-01
   outer loop
     vertex -1.210000e+02  4.606363e+02 -9.605190e+01
     vertex -1.282500e+02  4.600441e+02 -9.556417e+01
     vertex -1.282500e+02  4.606476e+02 -9.606375e+01
   endloop
 endfacet
 facet normal -2.645166e-04 -7.999465e-01 -6.000712e-01
   outer loop
     vertex -1.210000e+02  4.606363e+02 -9.605190e+01
     vertex -1.282500e+02  4.606476e+02 -9.606375e+01
     vertex -1.210000e+02  4.611032e+02 -9.667432e+01
   endloop
 endfacet
 facet normal  1.788518e-04 -4.347475e-01 -9.005524e-01
   outer loop
     vertex -1.210000e+02  4.600349e+02 -9.555829e+01
     vertex -1.282500e+02  4.593385e+02 -9.522355e+01
     vertex -1.282500e+02  4.600441e+02 -9.556417e+01
   endloop
 endfacet
 facet normal -1.775982e-04 -6.343933e-01 -7.730104e-01
   outer loop
     vertex -1.210000e+02  4.600349e+02 -9.555829e+01
     vertex -1.282500e+02  4.600441e+02 -9.556417e+01
     vertex -1.210000e+02  4.606363e+02 -9.605190e+01
   endloop
 endfacet
 facet normal  9.005270e-05 -2.065983e-01 -9.784258e-01
   outer loop
     vertex -1.210000e+02  4.593333e+02 -9.522179e+01
     vertex -1.282500e+02  4.585719e+02 -9.506168e+01
     vertex -1.282500e+02  4.593385e+02 -9.522355e+01
   endloop
 endfacet
 facet normal -8.942596e-05 -4.324792e-01 -9.016439e-01
   outer loop
     vertex -1.210000e+02  4.593333e+02 -9.522179e+01
     vertex -1.282500e+02  4.593385e+02 -9.522355e+01
     vertex -1.210000e+02  4.600349e+02 -9.555829e+01
   endloop
 endfacet
 facet normal  1.613390e-15 -2.057772e-01 -9.785989e-01
   outer loop
     vertex -1.210000e+02  4.585719e+02 -9.506168e+01
     vertex -1.282500e+02  4.585719e+02 -9.506168e+01
     vertex -1.210000e+02  4.593333e+02 -9.522179e+01
   endloop
 endfacet
 facet normal  2.138702e-16 -2.726739e-02  9.996282e-01
   outer loop
     vertex -1.210000e+02  4.741600e+02 -7.950603e+01
     vertex -1.282500e+02  4.734174e+02 -7.952629e+01
     vertex -1.210000e+02  4.734174e+02 -7.952629e+01
   endloop
 endfacet
 facet normal  6.448287e-04 -3.355772e-02  9.994366e-01
   outer loop
     vertex -1.210000e+02  4.741600e+02 -7.950603e+01
     vertex -1.282500e+02  4.742005e+02 -7.949999e+01
     vertex -1.282500e+02  4.734174e+02 -7.952629e+01
   endloop
 endfacet
 facet normal  1.219057e-03 -2.717633e-01  9.623634e-01
   outer loop
     vertex -1.210000e+02  4.748786e+02 -7.931768e+01
     vertex -1.282500e+02  4.749545e+02 -7.928707e+01
     vertex -1.282500e+02  4.742005e+02 -7.949999e+01
   endloop
 endfacet
 facet normal -6.095411e-04 -2.535469e-01  9.673229e-01
   outer loop
     vertex -1.210000e+02  4.748786e+02 -7.931768e+01
     vertex -1.282500e+02  4.742005e+02 -7.949999e+01
     vertex -1.210000e+02  4.741600e+02 -7.950603e+01
   endloop
 endfacet
 facet normal  1.722595e-03 -4.941746e-01  8.693610e-01
   outer loop
     vertex -1.210000e+02  4.755357e+02 -7.897107e+01
     vertex -1.282500e+02  4.756356e+02 -7.889989e+01
     vertex -1.282500e+02  4.749545e+02 -7.928707e+01
   endloop
 endfacet
 facet normal -1.148435e-03 -4.665793e-01  8.844786e-01
   outer loop
     vertex -1.210000e+02  4.755357e+02 -7.897107e+01
     vertex -1.282500e+02  4.749545e+02 -7.928707e+01
     vertex -1.210000e+02  4.748786e+02 -7.931768e+01
   endloop
 endfacet
 facet normal  2.155361e-03 -6.878659e-01  7.258346e-01
   outer loop
     vertex -1.210000e+02  4.760968e+02 -7.848432e+01
     vertex -1.282500e+02  4.762043e+02 -7.836095e+01
     vertex -1.282500e+02  4.756356e+02 -7.889989e+01
   endloop
 endfacet
 facet normal -1.616597e-03 -6.552345e-01  7.554238e-01
   outer loop
     vertex -1.210000e+02  4.760968e+02 -7.848432e+01
     vertex -1.282500e+02  4.756356e+02 -7.889989e+01
     vertex -1.210000e+02  4.755357e+02 -7.897107e+01
   endloop
 endfacet
 facet normal  2.517289e-03 -8.415806e-01  5.401256e-01
   outer loop
     vertex -1.210000e+02  4.765328e+02 -7.788285e+01
     vertex -1.282500e+02  4.766275e+02 -7.770158e+01
     vertex -1.282500e+02  4.762043e+02 -7.836095e+01
   endloop
 endfacet
 facet normal -2.013953e-03 -8.096560e-01  5.869012e-01
   outer loop
     vertex -1.210000e+02  4.765328e+02 -7.788285e+01
     vertex -1.282500e+02  4.762043e+02 -7.836095e+01
     vertex -1.210000e+02  4.760968e+02 -7.848432e+01
   endloop
 endfacet
 facet normal  2.808320e-03 -9.463856e-01  3.230269e-01
   outer loop
     vertex -1.210000e+02  4.768208e+02 -7.719810e+01
     vertex -1.282500e+02  4.768806e+02 -7.696010e+01
     vertex -1.282500e+02  4.766275e+02 -7.770158e+01
   endloop
 endfacet
 facet normal -2.340439e-03 -9.217761e-01  3.877156e-01
   outer loop
     vertex -1.210000e+02  4.768208e+02 -7.719810e+01
     vertex -1.282500e+02  4.766275e+02 -7.770158e+01
     vertex -1.210000e+02  4.765328e+02 -7.788285e+01
   endloop
 endfacet
 facet normal  3.028409e-03 -9.961901e-01  8.715534e-02
   outer loop
     vertex -1.210000e+02  4.769459e+02 -7.646582e+01
     vertex -1.282500e+02  4.769489e+02 -7.617959e+01
     vertex -1.282500e+02  4.768806e+02 -7.696010e+01
   endloop
 endfacet
 facet normal -2.596005e-03 -9.857369e-01  1.682738e-01
   outer loop
     vertex -1.210000e+02  4.769459e+02 -7.646582e+01
     vertex -1.282500e+02  4.768806e+02 -7.696010e+01
     vertex -1.210000e+02  4.768208e+02 -7.719810e+01
   endloop
 endfacet
 facet normal  3.685920e-03 -9.880981e-01 -1.537808e-01
   outer loop
     vertex -1.220000e+02  4.769013e+02 -7.572430e+01
     vertex -1.282500e+02  4.768284e+02 -7.540542e+01
     vertex -1.282500e+02  4.769489e+02 -7.617959e+01
   endloop
 endfacet
 facet normal -2.936261e-03 -9.979517e-01 -6.390448e-02
   outer loop
     vertex -1.220000e+02  4.769013e+02 -7.572430e+01
     vertex -1.282500e+02  4.769489e+02 -7.617959e+01
     vertex -1.210000e+02  4.769459e+02 -7.646582e+01
   endloop
 endfacet
 facet normal -0.000000e+00 -9.982008e-01 -5.995971e-02
   outer loop
     vertex -1.210000e+02  4.769013e+02 -7.572430e+01
     vertex -1.220000e+02  4.769013e+02 -7.572430e+01
     vertex -1.210000e+02  4.769459e+02 -7.646582e+01
   endloop
 endfacet
 facet normal  3.788429e-03 -9.225833e-01 -3.857794e-01
   outer loop
     vertex -1.220000e+02  4.767033e+02 -7.504493e+01
     vertex -1.282500e+02  4.765261e+02 -7.468258e+01
     vertex -1.282500e+02  4.768284e+02 -7.540542e+01
   endloop
 endfacet
 facet normal -3.072383e-03 -9.600453e-01 -2.798277e-01
   outer loop
     vertex -1.220000e+02  4.767033e+02 -7.504493e+01
     vertex -1.282500e+02  4.768284e+02 -7.540542e+01
     vertex -1.220000e+02  4.769013e+02 -7.572430e+01
   endloop
 endfacet
 facet normal  3.603916e-03 -8.034522e-01 -5.953584e-01
   outer loop
     vertex -1.220000e+02  4.763629e+02 -7.442453e+01
     vertex -1.282500e+02  4.760597e+02 -7.405308e+01
     vertex -1.282500e+02  4.765261e+02 -7.468258e+01
   endloop
 endfacet
 facet normal -3.031379e-03 -8.767227e-01 -4.809866e-01
   outer loop
     vertex -1.220000e+02  4.763629e+02 -7.442453e+01
     vertex -1.282500e+02  4.765261e+02 -7.468258e+01
     vertex -1.220000e+02  4.767033e+02 -7.504493e+01
   endloop
 endfacet
 facet normal  3.132481e-03 -6.376277e-01 -7.703383e-01
   outer loop
     vertex -1.220000e+02  4.758964e+02 -7.389250e+01
     vertex -1.282500e+02  4.754561e+02 -7.355351e+01
     vertex -1.282500e+02  4.760597e+02 -7.405308e+01
   endloop
 endfacet
 facet normal -2.703380e-03 -7.518371e-01 -6.593434e-01
   outer loop
     vertex -1.220000e+02  4.758964e+02 -7.389250e+01
     vertex -1.282500e+02  4.760597e+02 -7.405308e+01
     vertex -1.220000e+02  4.763629e+02 -7.442453e+01
   endloop
 endfacet
 facet normal  2.374380e-03 -4.347463e-01 -9.005498e-01
   outer loop
     vertex -1.220000e+02  4.753257e+02 -7.347407e+01
     vertex -1.282500e+02  4.747505e+02 -7.321289e+01
     vertex -1.282500e+02  4.754561e+02 -7.355351e+01
   endloop
 endfacet
 facet normal -2.088567e-03 -5.913084e-01 -8.064428e-01
   outer loop
     vertex -1.220000e+02  4.753257e+02 -7.347407e+01
     vertex -1.282500e+02  4.754561e+02 -7.355351e+01
     vertex -1.220000e+02  4.758964e+02 -7.389250e+01
   endloop
 endfacet
 facet normal  1.330028e-03 -2.065981e-01 -9.784250e-01
   outer loop
     vertex -1.220000e+02  4.746780e+02 -7.318907e+01
     vertex -1.282500e+02  4.739839e+02 -7.305102e+01
     vertex -1.282500e+02  4.747505e+02 -7.321289e+01
   endloop
 endfacet
 facet normal -1.187275e-03 -4.027464e-01 -9.153108e-01
   outer loop
     vertex -1.220000e+02  4.746780e+02 -7.318907e+01
     vertex -1.282500e+02  4.747505e+02 -7.321289e+01
     vertex -1.220000e+02  4.753257e+02 -7.347407e+01
   endloop
 endfacet
 facet normal  1.774336e-15 -1.950903e-01 -9.807853e-01
   outer loop
     vertex -1.220000e+02  4.739839e+02 -7.305102e+01
     vertex -1.282500e+02  4.739839e+02 -7.305102e+01
     vertex -1.220000e+02  4.746780e+02 -7.318907e+01
   endloop
 endfacet
 facet normal  2.699393e-15 -1.691232e-01 -9.855949e-01
   outer loop
     vertex -1.307500e+02  4.698768e+02 -1.225955e+02
     vertex -1.220000e+02  4.745161e+02 -1.233915e+02
     vertex -1.220000e+02  4.698768e+02 -1.225955e+02
   endloop
 endfacet
 facet normal -1.099806e-15 -1.691232e-01 -9.855949e-01
   outer loop
     vertex -1.307500e+02  4.698768e+02 -1.225955e+02
     vertex -1.307500e+02  4.745161e+02 -1.233915e+02
     vertex -1.220000e+02  4.745161e+02 -1.233915e+02
   endloop
 endfacet
 facet normal -6.039120e-16 -3.290401e-01 -9.443159e-01
   outer loop
     vertex -1.307500e+02  4.654319e+02 -1.210467e+02
     vertex -1.220000e+02  4.698768e+02 -1.225955e+02
     vertex -1.220000e+02  4.654319e+02 -1.210467e+02
   endloop
 endfacet
 facet normal  3.666020e-15 -3.290401e-01 -9.443159e-01
   outer loop
     vertex -1.307500e+02  4.654319e+02 -1.210467e+02
     vertex -1.307500e+02  4.698768e+02 -1.225955e+02
     vertex -1.220000e+02  4.698768e+02 -1.225955e+02
   endloop
 endfacet
 facet normal -1.693363e-15 -4.799818e-01 -8.772785e-01
   outer loop
     vertex -1.307500e+02  4.613026e+02 -1.187874e+02
     vertex -1.220000e+02  4.654319e+02 -1.210467e+02
     vertex -1.220000e+02  4.613026e+02 -1.187874e+02
   endloop
 endfacet
 facet normal -1.682056e-15 -4.799818e-01 -8.772785e-01
   outer loop
     vertex -1.307500e+02  4.613026e+02 -1.187874e+02
     vertex -1.307500e+02  4.654319e+02 -1.210467e+02
     vertex -1.220000e+02  4.654319e+02 -1.210467e+02
   endloop
 endfacet
 facet normal -4.013670e-15 -6.178307e-01 -7.863111e-01
   outer loop
     vertex -1.307500e+02  4.576014e+02 -1.158793e+02
     vertex -1.220000e+02  4.613026e+02 -1.187874e+02
     vertex -1.220000e+02  4.576014e+02 -1.158793e+02
   endloop
 endfacet
 facet normal -2.760297e-15 -6.178307e-01 -7.863111e-01
   outer loop
     vertex -1.307500e+02  4.576014e+02 -1.158793e+02
     vertex -1.307500e+02  4.613026e+02 -1.187874e+02
     vertex -1.220000e+02  4.613026e+02 -1.187874e+02
   endloop
 endfacet
 facet normal  4.799708e-15 -7.388269e-01 -6.738953e-01
   outer loop
     vertex -1.307500e+02  4.544293e+02 -1.124016e+02
     vertex -1.220000e+02  4.576014e+02 -1.158793e+02
     vertex -1.220000e+02  4.544293e+02 -1.124016e+02
   endloop
 endfacet
 facet normal -4.787390e-15 -7.388269e-01 -6.738953e-01
   outer loop
     vertex -1.307500e+02  4.544293e+02 -1.124016e+02
     vertex -1.307500e+02  4.576014e+02 -1.158793e+02
     vertex -1.220000e+02  4.576014e+02 -1.158793e+02
   endloop
 endfacet
 facet normal  5.454823e-15 -8.396698e-01 -5.430973e-01
   outer loop
     vertex -1.307500e+02  4.518730e+02 -1.084492e+02
     vertex -1.220000e+02  4.544293e+02 -1.124016e+02
     vertex -1.220000e+02  4.518730e+02 -1.084492e+02
   endloop
 endfacet
 facet normal  5.434335e-15 -8.396698e-01 -5.430973e-01
   outer loop
     vertex -1.307500e+02  4.518730e+02 -1.084492e+02
     vertex -1.307500e+02  4.544293e+02 -1.124016e+02
     vertex -1.220000e+02  4.544293e+02 -1.124016e+02
   endloop
 endfacet
 facet normal -1.221827e-14 -9.705175e-01 -2.410305e-01
   outer loop
     vertex -1.307500e+02  4.500020e+02 -1.041300e+02
     vertex -1.220000e+02  4.500020e+02 -1.041300e+02
     vertex -1.220000e+02  4.488675e+02 -9.956178e+01
   endloop
 endfacet
 facet normal -1.127673e-14 -9.176086e-01 -3.974851e-01
   outer loop
     vertex -1.307500e+02  4.500020e+02 -1.041300e+02
     vertex -1.220000e+02  4.518730e+02 -1.084492e+02
     vertex -1.220000e+02  4.500020e+02 -1.041300e+02
   endloop
 endfacet
 facet normal  5.951891e-15 -9.176086e-01 -3.974851e-01
   outer loop
     vertex -1.307500e+02  4.500020e+02 -1.041300e+02
     vertex -1.307500e+02  4.518730e+02 -1.084492e+02
     vertex -1.220000e+02  4.518730e+02 -1.084492e+02
   endloop
 endfacet
 facet normal  6.304861e-15 -9.705175e-01 -2.410305e-01
   outer loop
     vertex -1.307500e+02  4.488675e+02 -9.956178e+01
     vertex -1.307500e+02  4.500020e+02 -1.041300e+02
     vertex -1.220000e+02  4.488675e+02 -9.956178e+01
   endloop
 endfacet
 facet normal  0.000000e+00 -9.969533e-01 -7.800121e-02
   outer loop
     vertex -1.307500e+02  4.485003e+02 -9.486910e+01
     vertex -1.220000e+02  4.488675e+02 -9.956178e+01
     vertex -1.220000e+02  4.485003e+02 -9.486910e+01
   endloop
 endfacet
 facet normal  6.474838e-15 -9.969533e-01 -7.800121e-02
   outer loop
     vertex -1.307500e+02  4.485003e+02 -9.486910e+01
     vertex -1.307500e+02  4.488675e+02 -9.956178e+01
     vertex -1.220000e+02  4.488675e+02 -9.956178e+01
   endloop
 endfacet
 facet normal  5.884292e-15 -9.682625e-01  2.499353e-01
   outer loop
     vertex -1.307500e+02  4.489105e+02 -9.017999e+01
     vertex -1.220000e+02  4.489105e+02 -9.017999e+01
     vertex -1.220000e+02  4.500870e+02 -8.562236e+01
   endloop
 endfacet
 facet normal  6.330121e-15 -9.961947e-01  8.715574e-02
   outer loop
     vertex -1.307500e+02  4.489105e+02 -9.017999e+01
     vertex -1.220000e+02  4.485003e+02 -9.486910e+01
     vertex -1.220000e+02  4.489105e+02 -9.017999e+01
   endloop
 endfacet
 facet normal  0.000000e+00 -9.961947e-01  8.715574e-02
   outer loop
     vertex -1.307500e+02  4.489105e+02 -9.017999e+01
     vertex -1.307500e+02  4.485003e+02 -9.486910e+01
     vertex -1.220000e+02  4.485003e+02 -9.486910e+01
   endloop
 endfacet
 facet normal  5.884292e-15 -9.682625e-01  2.499353e-01
   outer loop
     vertex -1.307500e+02  4.500870e+02 -8.562236e+01
     vertex -1.307500e+02  4.489105e+02 -9.017999e+01
     vertex -1.220000e+02  4.500870e+02 -8.562236e+01
   endloop
 endfacet
 facet normal -6.596390e-15 -9.139187e-01  4.058973e-01
   outer loop
     vertex -1.307500e+02  4.519976e+02 -8.132052e+01
     vertex -1.220000e+02  4.500870e+02 -8.562236e+01
     vertex -1.220000e+02  4.519976e+02 -8.132052e+01
   endloop
 endfacet
 facet normal  5.261816e-15 -9.139187e-01  4.058973e-01
   outer loop
     vertex -1.307500e+02  4.519976e+02 -8.132052e+01
     vertex -1.307500e+02  4.500870e+02 -8.562236e+01
     vertex -1.220000e+02  4.500870e+02 -8.562236e+01
   endloop
 endfacet
 facet normal  5.422184e-15 -8.346455e-01  5.507875e-01
   outer loop
     vertex -1.307500e+02  4.545901e+02 -7.739182e+01
     vertex -1.220000e+02  4.519976e+02 -8.132052e+01
     vertex -1.220000e+02  4.545901e+02 -7.739182e+01
   endloop
 endfacet
 facet normal -6.296928e-15 -8.346455e-01  5.507875e-01
   outer loop
     vertex -1.307500e+02  4.545901e+02 -7.739182e+01
     vertex -1.307500e+02  4.519976e+02 -8.132052e+01
     vertex -1.220000e+02  4.519976e+02 -8.132052e+01
   endloop
 endfacet
 facet normal  0.000000e+00 -6.105817e-01  7.919532e-01
   outer loop
     vertex -1.307500e+02  4.577940e+02 -7.394343e+01
     vertex -1.220000e+02  4.577940e+02 -7.394343e+01
     vertex -1.220000e+02  4.615217e+02 -7.106941e+01
   endloop
 endfacet
 facet normal  0.000000e+00 -7.326054e-01  6.806536e-01
   outer loop
     vertex -1.307500e+02  4.577940e+02 -7.394343e+01
     vertex -1.220000e+02  4.545901e+02 -7.739182e+01
     vertex -1.220000e+02  4.577940e+02 -7.394343e+01
   endloop
 endfacet
 facet normal  4.787390e-15 -7.326054e-01  6.806536e-01
   outer loop
     vertex -1.307500e+02  4.577940e+02 -7.394343e+01
     vertex -1.307500e+02  4.545901e+02 -7.739182e+01
     vertex -1.220000e+02  4.545901e+02 -7.739182e+01
   endloop
 endfacet
 facet normal -1.286209e-15 -6.105817e-01  7.919532e-01
   outer loop
     vertex -1.307500e+02  4.615217e+02 -7.106941e+01
     vertex -1.307500e+02  4.577940e+02 -7.394343e+01
     vertex -1.220000e+02  4.615217e+02 -7.106941e+01
   endloop
 endfacet
 facet normal  0.000000e+00 -3.203519e-01  9.472986e-01
   outer loop
     vertex -1.307500e+02  4.656717e+02 -6.884815e+01
     vertex -1.220000e+02  4.656717e+02 -6.884815e+01
     vertex -1.220000e+02  4.701306e+02 -6.734025e+01
   endloop
 endfacet
 facet normal  0.000000e+00 -4.719030e-01  8.816505e-01
   outer loop
     vertex -1.307500e+02  4.656717e+02 -6.884815e+01
     vertex -1.220000e+02  4.615217e+02 -7.106941e+01
     vertex -1.220000e+02  4.656717e+02 -6.884815e+01
   endloop
 endfacet
 facet normal -1.466408e-15 -4.719030e-01  8.816505e-01
   outer loop
     vertex -1.307500e+02  4.656717e+02 -6.884815e+01
     vertex -1.307500e+02  4.615217e+02 -7.106941e+01
     vertex -1.220000e+02  4.615217e+02 -7.106941e+01
   endloop
 endfacet
 facet normal -1.603158e-15 -1.600625e-01  9.871069e-01
   outer loop
     vertex -1.307500e+02  4.701306e+02 -6.734025e+01
     vertex -1.220000e+02  4.701306e+02 -6.734025e+01
     vertex -1.220000e+02  4.747770e+02 -6.658683e+01
   endloop
 endfacet
 facet normal -1.538505e-15 -3.203519e-01  9.472986e-01
   outer loop
     vertex -1.307500e+02  4.701306e+02 -6.734025e+01
     vertex -1.307500e+02  4.656717e+02 -6.884815e+01
     vertex -1.220000e+02  4.701306e+02 -6.734025e+01
   endloop
 endfacet
 facet normal  0.000000e+00 -1.600625e-01  9.871069e-01
   outer loop
     vertex -1.307500e+02  4.747770e+02 -6.658683e+01
     vertex -1.307500e+02  4.701306e+02 -6.734025e+01
     vertex -1.220000e+02  4.747770e+02 -6.658683e+01
   endloop
 endfacet
 facet normal -0.000000e+00  4.592956e-03  9.999895e-01
   outer loop
     vertex -1.307500e+02  4.794839e+02 -6.660845e+01
     vertex -1.220000e+02  4.747770e+02 -6.658683e+01
     vertex -1.220000e+02  4.794839e+02 -6.660845e+01
   endloop
 endfacet
 facet normal  0.000000e+00  4.592956e-03  9.999895e-01
   outer loop
     vertex -1.307500e+02  4.794839e+02 -6.660845e+01
     vertex -1.307500e+02  4.747770e+02 -6.658683e+01
     vertex -1.220000e+02  4.747770e+02 -6.658683e+01
   endloop
 endfacet
 facet normal  1.000000e+00  0.000000e+00  0.000000e+00
   outer loop
     vertex -1.210000e+02  4.842261e+02 -1.151374e+02
     vertex -1.210000e+02  4.844305e+02 -1.152230e+02
     vertex -1.210000e+02  4.846488e+02 -1.152615e+02
   endloop
 endfacet
 facet normal  1.000000e+00  0.000000e+00  0.000000e+00
   outer loop
     vertex -1.210000e+02  4.842261e+02 -1.151374e+02
     vertex -1.210000e+02  4.846488e+02 -1.152615e+02
     vertex -1.210000e+02  4.848703e+02 -1.152510e+02
   endloop
 endfacet
 facet normal  1.000000e+00  0.000000e+00  0.000000e+00
   outer loop
     vertex -1.210000e+02  4.842261e+02 -1.151374e+02
     vertex -1.210000e+02  4.848703e+02 -1.152510e+02
     vertex -1.210000e+02  4.850839e+02 -1.151919e+02
   endloop
 endfacet
 facet normal  1.000000e+00  0.000000e+00  0.000000e+00
   outer loop
     vertex -1.210000e+02  4.840455e+02 -1.150088e+02
     vertex -1.210000e+02  4.842261e+02 -1.151374e+02
     vertex -1.210000e+02  4.850839e+02 -1.151919e+02
   endloop
 endfacet
 facet normal  1.000000e+00  5.085401e-13  2.829457e-13
   outer loop
     vertex -1.210000e+02  4.837899e+02 -1.146499e+02
     vertex -1.210000e+02  4.838977e+02 -1.148436e+02
     vertex -1.210000e+02  4.840455e+02 -1.150088e+02
   endloop
 endfacet
 facet normal  1.000000e+00 -9.720344e-15 -5.512966e-14
   outer loop
     vertex -1.210000e+02  4.837274e+02 -1.144372e+02
     vertex -1.210000e+02  4.840455e+02 -1.150088e+02
     vertex -1.210000e+02  4.850839e+02 -1.151919e+02
   endloop
 endfacet
 facet normal  1.000000e+00  1.892267e-13  5.556215e-14
   outer loop
     vertex -1.210000e+02  4.837274e+02 -1.144372e+02
     vertex -1.210000e+02  4.837899e+02 -1.146499e+02
     vertex -1.210000e+02  4.840455e+02 -1.150088e+02
   endloop
 endfacet
 facet normal  1.000000e+00  2.323163e-14  4.096364e-15
   outer loop
     vertex -1.210000e+02  4.834999e+02 -1.131470e+02
     vertex -1.210000e+02  4.837274e+02 -1.144372e+02
     vertex -1.210000e+02  4.850839e+02 -1.151919e+02
   endloop
 endfacet
 facet normal  1.000000e+00  1.822317e-15 -1.248721e-14
   outer loop
     vertex -1.210000e+02  4.834999e+02 -1.131470e+02
     vertex -1.210000e+02  4.850839e+02 -1.151919e+02
     vertex -1.210000e+02  4.882993e+02 -1.135846e+02
   endloop
 endfacet
 facet normal  1.000000e+00  3.041844e-15  8.866167e-16
   outer loop
     vertex -1.210000e+02  4.833019e+02 -1.124676e+02
     vertex -1.210000e+02  4.834999e+02 -1.131470e+02
     vertex -1.210000e+02  4.882993e+02 -1.135846e+02
   endloop
 endfacet
 facet normal  1.000000e+00  3.241116e-15  1.778137e-15
   outer loop
     vertex -1.210000e+02  4.829616e+02 -1.118472e+02
     vertex -1.210000e+02  4.833019e+02 -1.124676e+02
     vertex -1.210000e+02  4.882993e+02 -1.135846e+02
   endloop
 endfacet
 facet normal  1.000000e+00  3.350557e-15  2.114366e-15
   outer loop
     vertex -1.210000e+02  4.829616e+02 -1.118472e+02
     vertex -1.210000e+02  4.882993e+02 -1.135846e+02
     vertex -1.210000e+02  4.912060e+02 -1.114697e+02
   endloop
 endfacet
 facet normal  1.000000e+00  0.000000e+00  0.000000e+00
   outer loop
     vertex -1.210000e+02  4.765306e+02 -1.167215e+02
     vertex -1.210000e+02  4.767423e+02 -1.166557e+02
     vertex -1.210000e+02  4.769343e+02 -1.165448e+02
   endloop
 endfacet
 facet normal  1.000000e+00  0.000000e+00  0.000000e+00
   outer loop
     vertex -1.210000e+02  4.765306e+02 -1.167215e+02
     vertex -1.210000e+02  4.769343e+02 -1.165448e+02
     vertex -1.210000e+02  4.770971e+02 -1.163944e+02
   endloop
 endfacet
 facet normal  1.000000e+00  0.000000e+00  0.000000e+00
   outer loop
     vertex -1.210000e+02  4.763096e+02 -1.167390e+02
     vertex -1.210000e+02  4.770971e+02 -1.163944e+02
     vertex -1.210000e+02  4.772228e+02 -1.162118e+02
   endloop
 endfacet
 facet normal  1.000000e+00  0.000000e+00  0.000000e+00
   outer loop
     vertex -1.210000e+02  4.763096e+02 -1.167390e+02
     vertex -1.210000e+02  4.765306e+02 -1.167215e+02
     vertex -1.210000e+02  4.770971e+02 -1.163944e+02
   endloop
 endfacet
 facet normal  1.000000e+00  0.000000e+00  0.000000e+00
   outer loop
     vertex -1.210000e+02  4.773402e+02 -1.157871e+02
     vertex -1.210000e+02  4.772228e+02 -1.162118e+02
     vertex -1.210000e+02  4.773052e+02 -1.160060e+02
   endloop
 endfacet
 facet normal  1.000000e+00  3.314283e-15  2.906548e-15
   outer loop
     vertex -1.210000e+02  4.824950e+02 -1.113152e+02
     vertex -1.210000e+02  4.829616e+02 -1.118472e+02
     vertex -1.210000e+02  4.912060e+02 -1.114697e+02
   endloop
 endfacet
 facet normal  1.000000e+00  0.000000e+00  0.000000e+00
   outer loop
     vertex -1.210000e+02  4.773262e+02 -1.155659e+02
     vertex -1.210000e+02  4.772228e+02 -1.162118e+02
     vertex -1.210000e+02  4.773402e+02 -1.157871e+02
   endloop
 endfacet
 facet normal  1.000000e+00  0.000000e+00  0.000000e+00
   outer loop
     vertex -1.210000e+02  4.773262e+02 -1.155659e+02
     vertex -1.210000e+02  4.763096e+02 -1.167390e+02
     vertex -1.210000e+02  4.772228e+02 -1.162118e+02
   endloop
 endfacet
 facet normal  1.000000e+00  0.000000e+00  0.000000e+00
   outer loop
     vertex -1.210000e+02  4.770987e+02 -1.142757e+02
     vertex -1.210000e+02  4.763096e+02 -1.167390e+02
     vertex -1.210000e+02  4.773262e+02 -1.155659e+02
   endloop
 endfacet
 facet normal  1.000000e+00  0.000000e+00  0.000000e+00
   outer loop
     vertex -1.210000e+02  4.986601e+02 -9.526811e+01
     vertex -1.210000e+02  4.987390e+02 -9.569036e+01
     vertex -1.210000e+02  4.987225e+02 -9.547495e+01
   endloop
 endfacet
 facet normal  1.000000e+00  0.000000e+00  0.000000e+00
   outer loop
     vertex -1.210000e+02  4.985548e+02 -9.507949e+01
     vertex -1.210000e+02  4.987390e+02 -9.569036e+01
     vertex -1.210000e+02  4.986601e+02 -9.526811e+01
   endloop
 endfacet
 facet normal  1.000000e+00  3.702009e-15 -6.319648e-16
   outer loop
     vertex -1.210000e+02  4.727385e+02 -1.163284e+02
     vertex -1.210000e+02  4.770541e+02 -1.135342e+02
     vertex -1.210000e+02  4.771792e+02 -1.128019e+02
   endloop
 endfacet
 facet normal  1.000000e+00  3.169565e-15  1.903888e-16
   outer loop
     vertex -1.210000e+02  4.727385e+02 -1.163284e+02
     vertex -1.210000e+02  4.770987e+02 -1.142757e+02
     vertex -1.210000e+02  4.770541e+02 -1.135342e+02
   endloop
 endfacet
 facet normal  1.000000e+00  3.837964e-15 -1.229372e-15
   outer loop
     vertex -1.210000e+02  4.727385e+02 -1.163284e+02
     vertex -1.210000e+02  4.763096e+02 -1.167390e+02
     vertex -1.210000e+02  4.770987e+02 -1.142757e+02
   endloop
 endfacet
 facet normal  1.000000e+00  0.000000e+00  0.000000e+00
   outer loop
     vertex -1.210000e+02  4.978267e+02 -9.466243e+01
     vertex -1.210000e+02  4.984114e+02 -9.491791e+01
     vertex -1.210000e+02  4.982366e+02 -9.479090e+01
   endloop
 endfacet
 facet normal  1.000000e+00  0.000000e+00  0.000000e+00
   outer loop
     vertex -1.210000e+02  4.978267e+02 -9.466243e+01
     vertex -1.210000e+02  4.982366e+02 -9.479090e+01
     vertex -1.210000e+02  4.980386e+02 -9.470440e+01
   endloop
 endfacet
 facet normal  1.000000e+00  0.000000e+00  0.000000e+00
   outer loop
     vertex -1.210000e+02  4.977395e+02 -9.465862e+01
     vertex -1.210000e+02  4.985548e+02 -9.507949e+01
     vertex -1.210000e+02  4.984114e+02 -9.491791e+01
   endloop
 endfacet
 facet normal  1.000000e+00  0.000000e+00  0.000000e+00
   outer loop
     vertex -1.210000e+02  4.977395e+02 -9.465862e+01
     vertex -1.210000e+02  4.987390e+02 -9.569036e+01
     vertex -1.210000e+02  4.985548e+02 -9.507949e+01
   endloop
 endfacet
 facet normal  1.000000e+00  0.000000e+00  0.000000e+00
   outer loop
     vertex -1.210000e+02  4.977395e+02 -9.465862e+01
     vertex -1.210000e+02  4.984114e+02 -9.491791e+01
     vertex -1.210000e+02  4.978267e+02 -9.466243e+01
   endloop
 endfacet
 facet normal  1.000000e+00 -0.000000e+00  0.000000e+00
   outer loop
     vertex -1.210000e+02  4.976524e+02 -9.466243e+01
     vertex -1.210000e+02  4.987390e+02 -9.569036e+01
     vertex -1.210000e+02  4.977395e+02 -9.465862e+01
   endloop
 endfacet
 facet normal  1.000000e+00 -0.000000e+00  0.000000e+00
   outer loop
     vertex -1.210000e+02  4.975659e+02 -9.467381e+01
     vertex -1.210000e+02  4.987390e+02 -9.569036e+01
     vertex -1.210000e+02  4.976524e+02 -9.466243e+01
   endloop
 endfacet
 facet normal  1.000000e+00  0.000000e+00  0.000000e+00
   outer loop
     vertex -1.210000e+02  4.962757e+02 -9.490131e+01
     vertex -1.210000e+02  4.983284e+02 -9.926154e+01
     vertex -1.210000e+02  4.987390e+02 -9.569036e+01
   endloop
 endfacet
 facet normal  1.000000e+00 -0.000000e+00  0.000000e+00
   outer loop
     vertex -1.210000e+02  4.962757e+02 -9.490131e+01
     vertex -1.210000e+02  4.987390e+02 -9.569036e+01
     vertex -1.210000e+02  4.975659e+02 -9.467381e+01
   endloop
 endfacet
 facet normal  1.000000e+00 -0.000000e+00  0.000000e+00
   outer loop
     vertex -1.210000e+02  4.959946e+02 -9.493832e+01
     vertex -1.210000e+02  4.983284e+02 -9.926154e+01
     vertex -1.210000e+02  4.962757e+02 -9.490131e+01
   endloop
 endfacet
 facet normal  1.000000e+00 -4.901437e-14 -2.645962e-14
   outer loop
     vertex -1.210000e+02  4.957113e+02 -9.495068e+01
     vertex -1.210000e+02  4.983284e+02 -9.926154e+01
     vertex -1.210000e+02  4.959946e+02 -9.493832e+01
   endloop
 endfacet
 facet normal  1.000000e+00  1.478484e-16  3.386284e-15
   outer loop
     vertex -1.210000e+02  4.954281e+02 -9.493832e+01
     vertex -1.210000e+02  4.983284e+02 -9.926154e+01
     vertex -1.210000e+02  4.957113e+02 -9.495068e+01
   endloop
 endfacet
 facet normal  1.000000e+00 -2.870492e-15  8.252361e-16
   outer loop
     vertex -1.210000e+02  4.946667e+02 -9.477821e+01
     vertex -1.210000e+02  4.973352e+02 -1.027163e+02
     vertex -1.210000e+02  4.983284e+02 -9.926154e+01
   endloop
 endfacet
 facet normal  1.000000e+00  8.047240e-16  3.826964e-15
   outer loop
     vertex -1.210000e+02  4.946667e+02 -9.477821e+01
     vertex -1.210000e+02  4.983284e+02 -9.926154e+01
     vertex -1.210000e+02  4.954281e+02 -9.493832e+01
   endloop
 endfacet
 facet normal  1.000000e+00  2.080679e-15 -8.751713e-16
   outer loop
     vertex -1.210000e+02  4.692837e+02 -1.153352e+02
     vertex -1.210000e+02  4.771792e+02 -1.128019e+02
     vertex -1.210000e+02  4.774672e+02 -1.121171e+02
   endloop
 endfacet
 facet normal  1.000000e+00  8.505768e-16  2.958637e-15
   outer loop
     vertex -1.210000e+02  4.692837e+02 -1.153352e+02
     vertex -1.210000e+02  4.727385e+02 -1.163284e+02
     vertex -1.210000e+02  4.771792e+02 -1.128019e+02
   endloop
 endfacet
 facet normal  1.000000e+00  3.261653e-15 -6.046623e-17
   outer loop
     vertex -1.210000e+02  4.826559e+02 -1.026328e+02
     vertex -1.210000e+02  4.824950e+02 -1.113152e+02
     vertex -1.210000e+02  4.912060e+02 -1.114697e+02
   endloop
 endfacet
 facet normal  1.000000e+00  0.000000e+00  0.000000e+00
   outer loop
     vertex -1.210000e+02  4.826559e+02 -1.026328e+02
     vertex -1.210000e+02  4.819243e+02 -1.108968e+02
     vertex -1.210000e+02  4.824950e+02 -1.113152e+02
   endloop
 endfacet
 facet normal  1.000000e+00  0.000000e+00  0.000000e+00
   outer loop
     vertex -1.210000e+02  4.843182e+02 -1.010575e+02
     vertex -1.210000e+02  4.912060e+02 -1.114697e+02
     vertex -1.210000e+02  4.937247e+02 -1.089049e+02
   endloop
 endfacet
 facet normal  1.000000e+00  5.083069e-15  6.092903e-15
   outer loop
     vertex -1.210000e+02  4.843182e+02 -1.010575e+02
     vertex -1.210000e+02  4.937247e+02 -1.089049e+02
     vertex -1.210000e+02  4.957865e+02 -1.059603e+02
   endloop
 endfacet
 facet normal  1.000000e+00  1.050937e-14  6.952031e-15
   outer loop
     vertex -1.210000e+02  4.843182e+02 -1.010575e+02
     vertex -1.210000e+02  4.826559e+02 -1.026328e+02
     vertex -1.210000e+02  4.912060e+02 -1.114697e+02
   endloop
 endfacet
 facet normal  1.000000e+00 -7.515737e-15  6.653876e-16
   outer loop
     vertex -1.210000e+02  4.806649e+02 -1.037646e+02
     vertex -1.210000e+02  4.819243e+02 -1.108968e+02
     vertex -1.210000e+02  4.826559e+02 -1.026328e+02
   endloop
 endfacet
 facet normal  1.000000e+00  9.505790e-16  2.160355e-15
   outer loop
     vertex -1.210000e+02  4.806649e+02 -1.037646e+02
     vertex -1.210000e+02  4.812766e+02 -1.106118e+02
     vertex -1.210000e+02  4.819243e+02 -1.108968e+02
   endloop
 endfacet
 facet normal  1.000000e+00 -2.042575e-14  2.507409e-16
   outer loop
     vertex -1.210000e+02  4.806649e+02 -1.037646e+02
     vertex -1.210000e+02  4.805826e+02 -1.104737e+02
     vertex -1.210000e+02  4.812766e+02 -1.106118e+02
   endloop
 endfacet
 facet normal  1.000000e+00  1.944706e-15 -1.248110e-15
   outer loop
     vertex -1.210000e+02  4.855552e+02 -9.913010e+01
     vertex -1.210000e+02  4.843182e+02 -1.010575e+02
     vertex -1.210000e+02  4.957865e+02 -1.059603e+02
   endloop
 endfacet
 facet normal  1.000000e+00 -1.111120e-16 -4.327616e-15
   outer loop
     vertex -1.210000e+02  4.855552e+02 -9.913010e+01
     vertex -1.210000e+02  4.957865e+02 -1.059603e+02
     vertex -1.210000e+02  4.973352e+02 -1.027163e+02
   endloop
 endfacet
 facet normal  1.000000e+00  1.951026e-15  2.446082e-15
   outer loop
     vertex -1.210000e+02  4.855552e+02 -9.913010e+01
     vertex -1.210000e+02  4.973352e+02 -1.027163e+02
     vertex -1.210000e+02  4.946667e+02 -9.477821e+01
   endloop
 endfacet
 facet normal  1.000000e+00  1.562975e-15  3.258531e-15
   outer loop
     vertex -1.210000e+02  4.855552e+02 -9.913010e+01
     vertex -1.210000e+02  4.946667e+02 -9.477821e+01
     vertex -1.210000e+02  4.939651e+02 -9.444171e+01
   endloop
 endfacet
 facet normal  1.000000e+00  1.294035e-14 -1.588522e-16
   outer loop
     vertex -1.210000e+02  4.784609e+02 -1.043870e+02
     vertex -1.210000e+02  4.805826e+02 -1.104737e+02
     vertex -1.210000e+02  4.806649e+02 -1.037646e+02
   endloop
 endfacet
 facet normal  1.000000e+00  1.261718e-16 -4.625484e-15
   outer loop
     vertex -1.210000e+02  4.784609e+02 -1.043870e+02
     vertex -1.210000e+02  4.798400e+02 -1.104940e+02
     vertex -1.210000e+02  4.805826e+02 -1.104737e+02
   endloop
 endfacet
 facet normal  1.000000e+00  1.982259e-14 -1.777104e-16
   outer loop
     vertex -1.210000e+02  4.784609e+02 -1.043870e+02
     vertex -1.210000e+02  4.791214e+02 -1.106823e+02
     vertex -1.210000e+02  4.798400e+02 -1.104940e+02
   endloop
 endfacet
 facet normal  1.000000e+00  8.687963e-15 -9.522018e-15
   outer loop
     vertex -1.210000e+02  4.862950e+02 -9.696268e+01
     vertex -1.210000e+02  4.855552e+02 -9.913010e+01
     vertex -1.210000e+02  4.939651e+02 -9.444171e+01
   endloop
 endfacet
 facet normal  1.000000e+00  1.748203e-14 -3.627798e-14
   outer loop
     vertex -1.210000e+02  4.862950e+02 -9.696268e+01
     vertex -1.210000e+02  4.939651e+02 -9.444171e+01
     vertex -1.210000e+02  4.933637e+02 -9.394810e+01
   endloop
 endfacet
 facet normal  1.000000e+00  0.000000e+00  0.000000e+00
   outer loop
     vertex -1.210000e+02  4.964372e+02 -8.827256e+01
     vertex -1.210000e+02  4.966499e+02 -8.821011e+01
     vertex -1.210000e+02  4.968436e+02 -8.810233e+01
   endloop
 endfacet
 facet normal  1.000000e+00  0.000000e+00  0.000000e+00
   outer loop
     vertex -1.210000e+02  4.972615e+02 -8.735117e+01
     vertex -1.210000e+02  4.968436e+02 -8.810233e+01
     vertex -1.210000e+02  4.970088e+02 -8.795452e+01
   endloop
 endfacet
 facet normal  1.000000e+00  0.000000e+00  0.000000e+00
   outer loop
     vertex -1.210000e+02  4.972615e+02 -8.735117e+01
     vertex -1.210000e+02  4.970088e+02 -8.795452e+01
     vertex -1.210000e+02  4.971374e+02 -8.777395e+01
   endloop
 endfacet
 facet normal  1.000000e+00  0.000000e+00  0.000000e+00
   outer loop
     vertex -1.210000e+02  4.972615e+02 -8.735117e+01
     vertex -1.210000e+02  4.971374e+02 -8.777395e+01
     vertex -1.210000e+02  4.972230e+02 -8.756948e+01
   endloop
 endfacet
 facet normal  1.000000e+00  0.000000e+00  0.000000e+00
   outer loop
     vertex -1.210000e+02  4.972510e+02 -8.712974e+01
     vertex -1.210000e+02  4.968436e+02 -8.810233e+01
     vertex -1.210000e+02  4.972615e+02 -8.735117e+01
   endloop
 endfacet
 facet normal  1.000000e+00  0.000000e+00  0.000000e+00
   outer loop
     vertex -1.210000e+02  4.971919e+02 -8.691608e+01
     vertex -1.210000e+02  4.968436e+02 -8.810233e+01
     vertex -1.210000e+02  4.972510e+02 -8.712974e+01
   endloop
 endfacet
 facet normal  1.000000e+00  0.000000e+00  0.000000e+00
   outer loop
     vertex -1.210000e+02  4.971919e+02 -8.691608e+01
     vertex -1.210000e+02  4.964372e+02 -8.827256e+01
     vertex -1.210000e+02  4.968436e+02 -8.810233e+01
   endloop
 endfacet
 facet normal  1.000000e+00  1.826417e-14  6.377283e-15
   outer loop
     vertex -1.210000e+02  4.761720e+02 -1.044638e+02
     vertex -1.210000e+02  4.784643e+02 -1.110289e+02
     vertex -1.210000e+02  4.791214e+02 -1.106823e+02
   endloop
 endfacet
 facet normal  1.000000e+00  0.000000e+00  0.000000e+00
   outer loop
     vertex -1.210000e+02  4.761720e+02 -1.044638e+02
     vertex -1.210000e+02  4.779032e+02 -1.115157e+02
     vertex -1.210000e+02  4.784643e+02 -1.110289e+02
   endloop
 endfacet
 facet normal  1.000000e+00  7.552869e-17 -2.249442e-15
   outer loop
     vertex -1.210000e+02  4.761720e+02 -1.044638e+02
     vertex -1.210000e+02  4.791214e+02 -1.106823e+02
     vertex -1.210000e+02  4.784609e+02 -1.043870e+02
   endloop
 endfacet
 facet normal  1.000000e+00 -1.221263e-14  6.794823e-15
   outer loop
     vertex -1.210000e+02  4.951470e+02 -8.850006e+01
     vertex -1.210000e+02  4.964372e+02 -8.827256e+01
     vertex -1.210000e+02  4.971919e+02 -8.691608e+01
   endloop
 endfacet
 facet normal  1.000000e+00  2.088334e-15 -1.827055e-16
   outer loop
     vertex -1.210000e+02  4.864946e+02 -9.468120e+01
     vertex -1.210000e+02  4.862950e+02 -9.696268e+01
     vertex -1.210000e+02  4.933637e+02 -9.394810e+01
   endloop
 endfacet
 facet normal  1.000000e+00  2.035650e-15  8.693283e-16
   outer loop
     vertex -1.210000e+02  4.864946e+02 -9.468120e+01
     vertex -1.210000e+02  4.928968e+02 -9.332568e+01
     vertex -1.210000e+02  4.925912e+02 -9.261013e+01
   endloop
 endfacet
 facet normal  1.000000e+00  1.915483e-15  1.436879e-15
   outer loop
     vertex -1.210000e+02  4.864946e+02 -9.468120e+01
     vertex -1.210000e+02  4.933637e+02 -9.394810e+01
     vertex -1.210000e+02  4.928968e+02 -9.332568e+01
   endloop
 endfacet
 facet normal  1.000000e+00  0.000000e+00  0.000000e+00
   outer loop
     vertex -1.210000e+02  4.739312e+02 -1.039907e+02
     vertex -1.210000e+02  4.660397e+02 -1.137865e+02
     vertex -1.210000e+02  4.692837e+02 -1.153352e+02
   endloop
 endfacet
 facet normal  1.000000e+00  1.507524e-15 -1.092770e-15
   outer loop
     vertex -1.210000e+02  4.739312e+02 -1.039907e+02
     vertex -1.210000e+02  4.774672e+02 -1.121171e+02
     vertex -1.210000e+02  4.779032e+02 -1.115157e+02
   endloop
 endfacet
 facet normal  1.000000e+00  6.688611e-15  1.641977e-15
   outer loop
     vertex -1.210000e+02  4.739312e+02 -1.039907e+02
     vertex -1.210000e+02  4.779032e+02 -1.115157e+02
     vertex -1.210000e+02  4.761720e+02 -1.044638e+02
   endloop
 endfacet
 facet normal  1.000000e+00  2.070005e-15 -8.480259e-16
   outer loop
     vertex -1.210000e+02  4.739312e+02 -1.039907e+02
     vertex -1.210000e+02  4.692837e+02 -1.153352e+02
     vertex -1.210000e+02  4.774672e+02 -1.121171e+02
   endloop
 endfacet
 facet normal  1.000000e+00  2.213921e-15  3.445594e-16
   outer loop
     vertex -1.210000e+02  4.861425e+02 -9.241825e+01
     vertex -1.210000e+02  4.864946e+02 -9.468120e+01
     vertex -1.210000e+02  4.925912e+02 -9.261013e+01
   endloop
 endfacet
 facet normal  1.000000e+00  2.263621e-15 -1.731827e-16
   outer loop
     vertex -1.210000e+02  4.861425e+02 -9.241825e+01
     vertex -1.210000e+02  4.924644e+02 -9.184245e+01
     vertex -1.210000e+02  4.925238e+02 -9.106664e+01
   endloop
 endfacet
 facet normal  1.000000e+00  2.214547e-15  3.656233e-16
   outer loop
     vertex -1.210000e+02  4.861425e+02 -9.241825e+01
     vertex -1.210000e+02  4.925912e+02 -9.261013e+01
     vertex -1.210000e+02  4.924644e+02 -9.184245e+01
   endloop
 endfacet
 facet normal  1.000000e+00  0.000000e+00  0.000000e+00
   outer loop
     vertex -1.210000e+02  4.953745e+02 -8.336209e+01
     vertex -1.210000e+02  4.944024e+02 -8.872592e+01
     vertex -1.210000e+02  4.951470e+02 -8.850006e+01
   endloop
 endfacet
 facet normal  1.000000e+00  4.755044e-14 -8.617298e-15
   outer loop
     vertex -1.210000e+02  4.953745e+02 -8.336209e+01
     vertex -1.210000e+02  4.937329e+02 -8.912229e+01
     vertex -1.210000e+02  4.944024e+02 -8.872592e+01
   endloop
 endfacet
 facet normal  1.000000e+00 -7.196186e-15  3.186167e-16
   outer loop
     vertex -1.210000e+02  4.953745e+02 -8.336209e+01
     vertex -1.210000e+02  4.951470e+02 -8.850006e+01
     vertex -1.210000e+02  4.971919e+02 -8.691608e+01
   endloop
 endfacet
 facet normal  1.000000e+00  7.003303e-15 -3.782883e-15
   outer loop
     vertex -1.210000e+02  4.718688e+02 -1.029950e+02
     vertex -1.210000e+02  4.630951e+02 -1.117247e+02
     vertex -1.210000e+02  4.660397e+02 -1.137865e+02
   endloop
 endfacet
 facet normal  1.000000e+00  0.000000e+00  0.000000e+00
   outer loop
     vertex -1.210000e+02  4.718688e+02 -1.029950e+02
     vertex -1.210000e+02  4.660397e+02 -1.137865e+02
     vertex -1.210000e+02  4.739312e+02 -1.039907e+02
   endloop
 endfacet
 facet normal  1.000000e+00  7.371086e-16  7.033941e-15
   outer loop
     vertex -1.210000e+02  4.852589e+02 -9.030533e+01
     vertex -1.210000e+02  4.861425e+02 -9.241825e+01
     vertex -1.210000e+02  4.925238e+02 -9.106664e+01
   endloop
 endfacet
 facet normal  1.000000e+00 -0.000000e+00  0.000000e+00
   outer loop
     vertex -1.210000e+02  4.852589e+02 -9.030533e+01
     vertex -1.210000e+02  4.927658e+02 -9.032718e+01
     vertex -1.210000e+02  4.931767e+02 -8.966643e+01
   endloop
 endfacet
 facet normal  1.000000e+00  0.000000e+00  0.000000e+00
   outer loop
     vertex -1.210000e+02  4.852589e+02 -9.030533e+01
     vertex -1.210000e+02  4.925238e+02 -9.106664e+01
     vertex -1.210000e+02  4.927658e+02 -9.032718e+01
   endloop
 endfacet
 facet normal  1.000000e+00 -2.925971e-15  6.196502e-15
   outer loop
     vertex -1.210000e+02  4.701046e+02 -1.015347e+02
     vertex -1.210000e+02  4.630951e+02 -1.117247e+02
     vertex -1.210000e+02  4.718688e+02 -1.029950e+02
   endloop
 endfacet
 facet normal  1.000000e+00 -8.547684e-16  4.771761e-15
   outer loop
     vertex -1.210000e+02  4.605303e+02 -1.092060e+02
     vertex -1.210000e+02  4.630951e+02 -1.117247e+02
     vertex -1.210000e+02  4.701046e+02 -1.015347e+02
   endloop
 endfacet
 facet normal  1.000000e+00  1.176044e-15 -1.457450e-14
   outer loop
     vertex -1.210000e+02  4.838954e+02 -8.846526e+01
     vertex -1.210000e+02  4.852589e+02 -9.030533e+01
     vertex -1.210000e+02  4.931767e+02 -8.966643e+01
   endloop
 endfacet
 facet normal  1.000000e+00  0.000000e+00  0.000000e+00
   outer loop
     vertex -1.210000e+02  4.929382e+02 -8.020008e+01
     vertex -1.210000e+02  4.931767e+02 -8.966643e+01
     vertex -1.210000e+02  4.937329e+02 -8.912229e+01
   endloop
 endfacet
 facet normal  1.000000e+00  1.319072e-14  1.174914e-15
   outer loop
     vertex -1.210000e+02  4.929382e+02 -8.020008e+01
     vertex -1.210000e+02  4.937329e+02 -8.912229e+01
     vertex -1.210000e+02  4.953745e+02 -8.336209e+01
   endloop
 endfacet
 facet normal  1.000000e+00  3.072283e-15  7.742461e-17
   outer loop
     vertex -1.210000e+02  4.929382e+02 -8.020008e+01
     vertex -1.210000e+02  4.838954e+02 -8.846526e+01
     vertex -1.210000e+02  4.931767e+02 -8.966643e+01
   endloop
 endfacet
 facet normal  1.000000e+00  2.212053e-15  2.672452e-15
   outer loop
     vertex -1.210000e+02  4.899650e+02 -7.753658e+01
     vertex -1.210000e+02  4.821312e+02 -8.700496e+01
     vertex -1.210000e+02  4.838954e+02 -8.846526e+01
   endloop
 endfacet
 facet normal  1.000000e+00 -8.580916e-16  4.377547e-15
   outer loop
     vertex -1.210000e+02  4.899650e+02 -7.753658e+01
     vertex -1.210000e+02  4.838954e+02 -8.846526e+01
     vertex -1.210000e+02  4.929382e+02 -8.020008e+01
   endloop
 endfacet
 facet normal  1.000000e+00  1.404881e-14  4.439107e-16
   outer loop
     vertex -1.210000e+02  4.602671e+02 -1.008777e+02
     vertex -1.210000e+02  4.584154e+02 -1.062993e+02
     vertex -1.210000e+02  4.605303e+02 -1.092060e+02
   endloop
 endfacet
 facet normal  1.000000e+00  3.049231e-15 -1.006946e-16
   outer loop
     vertex -1.210000e+02  4.608233e+02 -1.003336e+02
     vertex -1.210000e+02  4.605303e+02 -1.092060e+02
     vertex -1.210000e+02  4.701046e+02 -1.015347e+02
   endloop
 endfacet
 facet normal  1.000000e+00  1.176044e-15 -1.457450e-14
   outer loop
     vertex -1.210000e+02  4.608233e+02 -1.003336e+02
     vertex -1.210000e+02  4.701046e+02 -1.015347e+02
     vertex -1.210000e+02  4.687411e+02 -9.969467e+01
   endloop
 endfacet
 facet normal  1.000000e+00  0.000000e+00  0.000000e+00
   outer loop
     vertex -1.210000e+02  4.608233e+02 -1.003336e+02
     vertex -1.210000e+02  4.602671e+02 -1.008777e+02
     vertex -1.210000e+02  4.605303e+02 -1.092060e+02
   endloop
 endfacet
 facet normal  1.000000e+00  2.271378e-14 -2.515641e-15
   outer loop
     vertex -1.210000e+02  4.595976e+02 -1.012741e+02
     vertex -1.210000e+02  4.584154e+02 -1.062993e+02
     vertex -1.210000e+02  4.602671e+02 -1.008777e+02
   endloop
 endfacet
 facet normal  1.000000e+00  0.000000e+00  0.000000e+00
   outer loop
     vertex -1.210000e+02  4.612342e+02 -9.967282e+01
     vertex -1.210000e+02  4.608233e+02 -1.003336e+02
     vertex -1.210000e+02  4.687411e+02 -9.969467e+01
   endloop
 endfacet
 facet normal  1.000000e+00  1.962895e-14 -1.789916e-15
   outer loop
     vertex -1.210000e+02  4.588530e+02 -1.014999e+02
     vertex -1.210000e+02  4.584154e+02 -1.062993e+02
     vertex -1.210000e+02  4.595976e+02 -1.012741e+02
   endloop
 endfacet
 facet normal  1.000000e+00 -0.000000e+00  0.000000e+00
   outer loop
     vertex -1.210000e+02  4.568081e+02 -1.030839e+02
     vertex -1.210000e+02  4.584154e+02 -1.062993e+02
     vertex -1.210000e+02  4.588530e+02 -1.014999e+02
   endloop
 endfacet
 facet normal  1.000000e+00 -5.585941e-17 -1.919945e-14
   outer loop
     vertex -1.210000e+02  4.614762e+02 -9.893336e+01
     vertex -1.210000e+02  4.612342e+02 -9.967282e+01
     vertex -1.210000e+02  4.687411e+02 -9.969467e+01
   endloop
 endfacet
 facet normal  1.000000e+00  2.045754e-15  8.554347e-16
   outer loop
     vertex -1.210000e+02  4.614762e+02 -9.893336e+01
     vertex -1.210000e+02  4.687411e+02 -9.969467e+01
     vertex -1.210000e+02  4.678575e+02 -9.758175e+01
   endloop
 endfacet
 facet normal  1.000000e+00  0.000000e+00  0.000000e+00
   outer loop
     vertex -1.210000e+02  4.567770e+02 -1.024305e+02
     vertex -1.210000e+02  4.567385e+02 -1.026488e+02
     vertex -1.210000e+02  4.567490e+02 -1.028703e+02
   endloop
 endfacet
 facet normal  1.000000e+00  0.000000e+00  0.000000e+00
   outer loop
     vertex -1.210000e+02  4.567770e+02 -1.024305e+02
     vertex -1.210000e+02  4.567490e+02 -1.028703e+02
     vertex -1.210000e+02  4.568081e+02 -1.030839e+02
   endloop
 endfacet
 facet normal  1.000000e+00 -0.000000e+00  0.000000e+00
   outer loop
     vertex -1.210000e+02  4.575628e+02 -1.017274e+02
     vertex -1.210000e+02  4.568081e+02 -1.030839e+02
     vertex -1.210000e+02  4.588530e+02 -1.014999e+02
   endloop
 endfacet
 facet normal  1.000000e+00  0.000000e+00  0.000000e+00
   outer loop
     vertex -1.210000e+02  4.568626e+02 -1.022261e+02
     vertex -1.210000e+02  4.567770e+02 -1.024305e+02
     vertex -1.210000e+02  4.568081e+02 -1.030839e+02
   endloop
 endfacet
 facet normal  1.000000e+00 -0.000000e+00  0.000000e+00
   outer loop
     vertex -1.210000e+02  4.571564e+02 -1.018977e+02
     vertex -1.210000e+02  4.568081e+02 -1.030839e+02
     vertex -1.210000e+02  4.575628e+02 -1.017274e+02
   endloop
 endfacet
 facet normal  1.000000e+00  0.000000e+00  0.000000e+00
   outer loop
     vertex -1.210000e+02  4.571564e+02 -1.018977e+02
     vertex -1.210000e+02  4.568626e+02 -1.022261e+02
     vertex -1.210000e+02  4.568081e+02 -1.030839e+02
   endloop
 endfacet
 facet normal  1.000000e+00  0.000000e+00  0.000000e+00
   outer loop
     vertex -1.210000e+02  4.571564e+02 -1.018977e+02
     vertex -1.210000e+02  4.575628e+02 -1.017274e+02
     vertex -1.210000e+02  4.573501e+02 -1.017899e+02
   endloop
 endfacet
 facet normal  1.000000e+00  0.000000e+00  0.000000e+00
   outer loop
     vertex -1.210000e+02  4.571564e+02 -1.018977e+02
     vertex -1.210000e+02  4.569912e+02 -1.020455e+02
     vertex -1.210000e+02  4.568626e+02 -1.022261e+02
   endloop
 endfacet
 facet normal  1.000000e+00  2.263621e-15 -1.731827e-16
   outer loop
     vertex -1.210000e+02  4.615356e+02 -9.815755e+01
     vertex -1.210000e+02  4.614762e+02 -9.893336e+01
     vertex -1.210000e+02  4.678575e+02 -9.758175e+01
   endloop
 endfacet
 facet normal  1.000000e+00  2.214547e-15  3.656233e-16
   outer loop
     vertex -1.210000e+02  4.614088e+02 -9.738987e+01
     vertex -1.210000e+02  4.615356e+02 -9.815755e+01
     vertex -1.210000e+02  4.678575e+02 -9.758175e+01
   endloop
 endfacet
 facet normal  1.000000e+00  2.213921e-15  3.445594e-16
   outer loop
     vertex -1.210000e+02  4.614088e+02 -9.738987e+01
     vertex -1.210000e+02  4.678575e+02 -9.758175e+01
     vertex -1.210000e+02  4.675054e+02 -9.531880e+01
   endloop
 endfacet
 facet normal  1.000000e+00 -5.313042e-15  3.267200e-15
   outer loop
     vertex -1.210000e+02  4.865552e+02 -7.546128e+01
     vertex -1.210000e+02  4.800688e+02 -8.600930e+01
     vertex -1.210000e+02  4.821312e+02 -8.700496e+01
   endloop
 endfacet
 facet normal  1.000000e+00  7.366283e-15 -1.591974e-15
   outer loop
     vertex -1.210000e+02  4.865552e+02 -7.546128e+01
     vertex -1.210000e+02  4.821312e+02 -8.700496e+01
     vertex -1.210000e+02  4.899650e+02 -7.753658e+01
   endloop
 endfacet
 facet normal  1.000000e+00 -3.856245e-15  1.821307e-14
   outer loop
     vertex -1.210000e+02  4.611032e+02 -9.667432e+01
     vertex -1.210000e+02  4.614088e+02 -9.738987e+01
     vertex -1.210000e+02  4.675054e+02 -9.531880e+01
   endloop
 endfacet
 facet normal  1.000000e+00 -0.000000e+00  0.000000e+00
   outer loop
     vertex -1.210000e+02  4.606363e+02 -9.605190e+01
     vertex -1.210000e+02  4.611032e+02 -9.667432e+01
     vertex -1.210000e+02  4.675054e+02 -9.531880e+01
   endloop
 endfacet
 facet normal  1.000000e+00  0.000000e+00  0.000000e+00
   outer loop
     vertex -1.210000e+02  4.606363e+02 -9.605190e+01
     vertex -1.210000e+02  4.675054e+02 -9.531880e+01
     vertex -1.210000e+02  4.677050e+02 -9.303732e+01
   endloop
 endfacet
 facet normal  1.000000e+00  8.079545e-15 -1.894499e-14
   outer loop
     vertex -1.210000e+02  4.600349e+02 -9.555829e+01
     vertex -1.210000e+02  4.606363e+02 -9.605190e+01
     vertex -1.210000e+02  4.677050e+02 -9.303732e+01
   endloop
 endfacet
 facet normal  1.000000e+00  2.086885e-15 -7.123101e-16
   outer loop
     vertex -1.210000e+02  4.600349e+02 -9.555829e+01
     vertex -1.210000e+02  4.677050e+02 -9.303732e+01
     vertex -1.210000e+02  4.684448e+02 -9.086990e+01
   endloop
 endfacet
 facet normal  1.000000e+00  1.166979e-14 -1.790179e-14
   outer loop
     vertex -1.210000e+02  4.593333e+02 -9.522179e+01
     vertex -1.210000e+02  4.600349e+02 -9.555829e+01
     vertex -1.210000e+02  4.684448e+02 -9.086990e+01
   endloop
 endfacet
 facet normal  1.000000e+00  3.087189e-15 -1.898435e-15
   outer loop
     vertex -1.210000e+02  4.828235e+02 -7.404410e+01
     vertex -1.210000e+02  4.800688e+02 -8.600930e+01
     vertex -1.210000e+02  4.865552e+02 -7.546128e+01
   endloop
 endfacet
 facet normal  1.000000e+00 -1.441082e-15  1.661432e-15
   outer loop
     vertex -1.210000e+02  4.760968e+02 -7.848432e+01
     vertex -1.210000e+02  4.755357e+02 -7.897107e+01
     vertex -1.210000e+02  4.778280e+02 -8.553615e+01
   endloop
 endfacet
 facet normal  1.000000e+00  1.382600e-14  5.409327e-15
   outer loop
     vertex -1.210000e+02  4.760968e+02 -7.848432e+01
     vertex -1.210000e+02  4.778280e+02 -8.553615e+01
     vertex -1.210000e+02  4.800688e+02 -8.600930e+01
   endloop
 endfacet
 facet normal  1.000000e+00 -9.642637e-16  1.827922e-15
   outer loop
     vertex -1.210000e+02  4.748786e+02 -7.931768e+01
     vertex -1.210000e+02  4.778280e+02 -8.553615e+01
     vertex -1.210000e+02  4.755357e+02 -7.897107e+01
   endloop
 endfacet
 facet normal  1.000000e+00 -6.186783e-15 -6.490766e-16
   outer loop
     vertex -1.210000e+02  4.748786e+02 -7.931768e+01
     vertex -1.210000e+02  4.755391e+02 -8.561300e+01
     vertex -1.210000e+02  4.778280e+02 -8.553615e+01
   endloop
 endfacet
 facet normal  1.000000e+00  3.471526e-15 -1.986920e-15
   outer loop
     vertex -1.210000e+02  4.765328e+02 -7.788285e+01
     vertex -1.210000e+02  4.800688e+02 -8.600930e+01
     vertex -1.210000e+02  4.828235e+02 -7.404410e+01
   endloop
 endfacet
 facet normal  1.000000e+00 -1.735319e-14 -1.104807e-14
   outer loop
     vertex -1.210000e+02  4.765328e+02 -7.788285e+01
     vertex -1.210000e+02  4.760968e+02 -7.848432e+01
     vertex -1.210000e+02  4.800688e+02 -8.600930e+01
   endloop
 endfacet
 facet normal  1.000000e+00  0.000000e+00  0.000000e+00
   outer loop
     vertex -1.210000e+02  4.557882e+02 -9.522283e+01
     vertex -1.210000e+02  4.559940e+02 -9.530522e+01
     vertex -1.210000e+02  4.562129e+02 -9.534025e+01
   endloop
 endfacet
 facet normal  1.000000e+00  0.000000e+00  0.000000e+00
   outer loop
     vertex -1.210000e+02  4.556056e+02 -9.509712e+01
     vertex -1.210000e+02  4.557882e+02 -9.522283e+01
     vertex -1.210000e+02  4.562129e+02 -9.534025e+01
   endloop
 endfacet
 facet normal  1.000000e+00  3.849348e-14  4.038483e-15
   outer loop
     vertex -1.210000e+02  4.741600e+02 -7.950603e+01
     vertex -1.210000e+02  4.755391e+02 -8.561300e+01
     vertex -1.210000e+02  4.748786e+02 -7.931768e+01
   endloop
 endfacet
 facet normal  1.000000e+00  3.039105e-15 -1.278302e-15
   outer loop
     vertex -1.210000e+02  4.768208e+02 -7.719810e+01
     vertex -1.210000e+02  4.765328e+02 -7.788285e+01
     vertex -1.210000e+02  4.828235e+02 -7.404410e+01
   endloop
 endfacet
 facet normal  1.000000e+00  0.000000e+00  0.000000e+00
   outer loop
     vertex -1.210000e+02  4.554552e+02 -9.493428e+01
     vertex -1.210000e+02  4.556056e+02 -9.509712e+01
     vertex -1.210000e+02  4.562129e+02 -9.534025e+01
   endloop
 endfacet
 facet normal  1.000000e+00 -5.880675e-14 -8.541808e-14
   outer loop
     vertex -1.210000e+02  4.553443e+02 -9.474230e+01
     vertex -1.210000e+02  4.562129e+02 -9.534025e+01
     vertex -1.210000e+02  4.564341e+02 -9.532619e+01
   endloop
 endfacet
 facet normal  1.000000e+00  0.000000e+00  0.000000e+00
   outer loop
     vertex -1.210000e+02  4.553443e+02 -9.474230e+01
     vertex -1.210000e+02  4.554552e+02 -9.493428e+01
     vertex -1.210000e+02  4.562129e+02 -9.534025e+01
   endloop
 endfacet
 facet normal  1.000000e+00  1.261718e-16 -4.625484e-15
   outer loop
     vertex -1.210000e+02  4.734174e+02 -7.952629e+01
     vertex -1.210000e+02  4.755391e+02 -8.561300e+01
     vertex -1.210000e+02  4.741600e+02 -7.950603e+01
   endloop
 endfacet
 facet normal  1.000000e+00  1.294035e-14 -1.588522e-16
   outer loop
     vertex -1.210000e+02  4.734174e+02 -7.952629e+01
     vertex -1.210000e+02  4.733351e+02 -8.623540e+01
     vertex -1.210000e+02  4.755391e+02 -8.561300e+01
   endloop
 endfacet
 facet normal  1.000000e+00  2.600714e-15 -4.439642e-16
   outer loop
     vertex -1.210000e+02  4.769459e+02 -7.646582e+01
     vertex -1.210000e+02  4.768208e+02 -7.719810e+01
     vertex -1.210000e+02  4.828235e+02 -7.404410e+01
   endloop
 endfacet
 facet normal  1.000000e+00 -1.564707e-14 -4.865171e-15
   outer loop
     vertex -1.210000e+02  4.552785e+02 -9.453062e+01
     vertex -1.210000e+02  4.553443e+02 -9.474230e+01
     vertex -1.210000e+02  4.564341e+02 -9.532619e+01
   endloop
 endfacet
 facet normal  1.000000e+00 -2.048182e-15  1.161582e-14
   outer loop
     vertex -1.210000e+02  4.552610e+02 -9.430964e+01
     vertex -1.210000e+02  4.564341e+02 -9.532619e+01
     vertex -1.210000e+02  4.577243e+02 -9.509869e+01
   endloop
 endfacet
 facet normal  1.000000e+00 -1.300954e-14 -1.034100e-15
   outer loop
     vertex -1.210000e+02  4.552610e+02 -9.430964e+01
     vertex -1.210000e+02  4.552785e+02 -9.453062e+01
     vertex -1.210000e+02  4.564341e+02 -9.532619e+01
   endloop
 endfacet
 facet normal  1.000000e+00  0.000000e+00  0.000000e+00
   outer loop
     vertex -1.210000e+02  4.727234e+02 -7.938823e+01
     vertex -1.210000e+02  4.733351e+02 -8.623540e+01
     vertex -1.210000e+02  4.734174e+02 -7.952629e+01
   endloop
 endfacet
 facet normal  1.000000e+00  0.000000e+00  0.000000e+00
   outer loop
     vertex -1.210000e+02  4.720757e+02 -7.910324e+01
     vertex -1.210000e+02  4.733351e+02 -8.623540e+01
     vertex -1.210000e+02  4.727234e+02 -7.938823e+01
   endloop
 endfacet
 facet normal  1.000000e+00  0.000000e+00  0.000000e+00
   outer loop
     vertex -1.210000e+02  4.720757e+02 -7.910324e+01
     vertex -1.210000e+02  4.713441e+02 -8.736715e+01
     vertex -1.210000e+02  4.733351e+02 -8.623540e+01
   endloop
 endfacet
 facet normal  1.000000e+00  0.000000e+00  0.000000e+00
   outer loop
     vertex -1.210000e+02  4.788956e+02 -7.333277e+01
     vertex -1.210000e+02  4.769013e+02 -7.572430e+01
     vertex -1.210000e+02  4.769459e+02 -7.646582e+01
   endloop
 endfacet
 facet normal  1.000000e+00  3.251525e-15 -2.023510e-15
   outer loop
     vertex -1.210000e+02  4.788956e+02 -7.333277e+01
     vertex -1.210000e+02  4.769459e+02 -7.646582e+01
     vertex -1.210000e+02  4.828235e+02 -7.404410e+01
   endloop
 endfacet
 facet normal  1.000000e+00  0.000000e+00  0.000000e+00
   outer loop
     vertex -1.210000e+02  4.784943e+02 -7.330140e+01
     vertex -1.210000e+02  4.769013e+02 -7.572430e+01
     vertex -1.210000e+02  4.788956e+02 -7.333277e+01
   endloop
 endfacet
 facet normal  1.000000e+00  0.000000e+00  0.000000e+00
   outer loop
     vertex -1.210000e+02  4.780925e+02 -7.327746e+01
     vertex -1.210000e+02  4.769013e+02 -7.572430e+01
     vertex -1.210000e+02  4.784943e+02 -7.330140e+01
   endloop
 endfacet
 facet normal  1.000000e+00 -0.000000e+00  0.000000e+00
   outer loop
     vertex -1.210000e+02  4.766738e+02 -7.443410e+01
     vertex -1.210000e+02  4.769013e+02 -7.572430e+01
     vertex -1.210000e+02  4.780925e+02 -7.327746e+01
   endloop
 endfacet
 facet normal  1.000000e+00  0.000000e+00  0.000000e+00
   outer loop
     vertex -1.210000e+02  4.715050e+02 -7.868480e+01
     vertex -1.210000e+02  4.713441e+02 -8.736715e+01
     vertex -1.210000e+02  4.720757e+02 -7.910324e+01
   endloop
 endfacet
 facet normal  1.000000e+00  0.000000e+00  0.000000e+00
   outer loop
     vertex -1.210000e+02  4.776904e+02 -7.326096e+01
     vertex -1.210000e+02  4.766738e+02 -7.443410e+01
     vertex -1.210000e+02  4.780925e+02 -7.327746e+01
   endloop
 endfacet
 facet normal  1.000000e+00 -0.000000e+00  0.000000e+00
   outer loop
     vertex -1.210000e+02  4.772577e+02 -7.334434e+01
     vertex -1.210000e+02  4.766738e+02 -7.443410e+01
     vertex -1.210000e+02  4.776904e+02 -7.326096e+01
   endloop
 endfacet
 facet normal  1.000000e+00  0.000000e+00  0.000000e+00
   outer loop
     vertex -1.210000e+02  4.772577e+02 -7.334434e+01
     vertex -1.210000e+02  4.776904e+02 -7.326096e+01
     vertex -1.210000e+02  4.774694e+02 -7.327852e+01
   endloop
 endfacet
 facet normal  1.000000e+00  0.000000e+00  0.000000e+00
   outer loop
     vertex -1.210000e+02  4.772577e+02 -7.334434e+01
     vertex -1.210000e+02  4.767772e+02 -7.378818e+01
     vertex -1.210000e+02  4.766948e+02 -7.399398e+01
   endloop
 endfacet
 facet normal  1.000000e+00  0.000000e+00  0.000000e+00
   outer loop
     vertex -1.210000e+02  4.772577e+02 -7.334434e+01
     vertex -1.210000e+02  4.766948e+02 -7.399398e+01
     vertex -1.210000e+02  4.766598e+02 -7.421287e+01
   endloop
 endfacet
 facet normal  1.000000e+00  0.000000e+00  0.000000e+00
   outer loop
     vertex -1.210000e+02  4.772577e+02 -7.334434e+01
     vertex -1.210000e+02  4.766598e+02 -7.421287e+01
     vertex -1.210000e+02  4.766738e+02 -7.443410e+01
   endloop
 endfacet
 facet normal  1.000000e+00 -0.000000e+00  0.000000e+00
   outer loop
     vertex -1.210000e+02  4.770657e+02 -7.345518e+01
     vertex -1.210000e+02  4.767772e+02 -7.378818e+01
     vertex -1.210000e+02  4.772577e+02 -7.334434e+01
   endloop
 endfacet
 facet normal  1.000000e+00  0.000000e+00  0.000000e+00
   outer loop
     vertex -1.210000e+02  4.770657e+02 -7.345518e+01
     vertex -1.210000e+02  4.769029e+02 -7.360559e+01
     vertex -1.210000e+02  4.767772e+02 -7.378818e+01
   endloop
 endfacet
 facet normal  1.000000e+00  1.478484e-16  3.386284e-15
   outer loop
     vertex -1.210000e+02  4.556716e+02 -9.073846e+01
     vertex -1.210000e+02  4.582887e+02 -9.504932e+01
     vertex -1.210000e+02  4.585719e+02 -9.506168e+01
   endloop
 endfacet
 facet normal  1.000000e+00 -1.402130e-16  3.211405e-15
   outer loop
     vertex -1.210000e+02  4.556716e+02 -9.073846e+01
     vertex -1.210000e+02  4.580054e+02 -9.506168e+01
     vertex -1.210000e+02  4.582887e+02 -9.504932e+01
   endloop
 endfacet
 facet normal  1.000000e+00 -4.040392e-16  3.068982e-15
   outer loop
     vertex -1.210000e+02  4.556716e+02 -9.073846e+01
     vertex -1.210000e+02  4.577243e+02 -9.509869e+01
     vertex -1.210000e+02  4.580054e+02 -9.506168e+01
   endloop
 endfacet
 facet normal  1.000000e+00  8.047240e-16  3.826964e-15
   outer loop
     vertex -1.210000e+02  4.556716e+02 -9.073846e+01
     vertex -1.210000e+02  4.585719e+02 -9.506168e+01
     vertex -1.210000e+02  4.593333e+02 -9.522179e+01
   endloop
 endfacet
 facet normal  1.000000e+00 -5.564020e-15  6.397519e-16
   outer loop
     vertex -1.210000e+02  4.556716e+02 -9.073846e+01
     vertex -1.210000e+02  4.552610e+02 -9.430964e+01
     vertex -1.210000e+02  4.577243e+02 -9.509869e+01
   endloop
 endfacet
 facet normal  1.000000e+00 -6.595593e-15 -2.217235e-15
   outer loop
     vertex -1.210000e+02  4.566648e+02 -8.728369e+01
     vertex -1.210000e+02  4.556716e+02 -9.073846e+01
     vertex -1.210000e+02  4.593333e+02 -9.522179e+01
   endloop
 endfacet
 facet normal  1.000000e+00  2.687786e-15  9.035508e-16
   outer loop
     vertex -1.210000e+02  4.566648e+02 -8.728369e+01
     vertex -1.210000e+02  4.593333e+02 -9.522179e+01
     vertex -1.210000e+02  4.684448e+02 -9.086990e+01
   endloop
 endfacet
 facet normal  1.000000e+00  9.805010e-14  2.857900e-14
   outer loop
     vertex -1.210000e+02  4.699633e+02 -7.499919e+01
     vertex -1.210000e+02  4.702726e+02 -7.556282e+01
     vertex -1.210000e+02  4.702116e+02 -7.535378e+01
   endloop
 endfacet
 facet normal  1.000000e+00  2.643760e-13  1.450416e-13
   outer loop
     vertex -1.210000e+02  4.699633e+02 -7.499919e+01
     vertex -1.210000e+02  4.702116e+02 -7.535378e+01
     vertex -1.210000e+02  4.701069e+02 -7.516289e+01
   endloop
 endfacet
 facet normal  1.000000e+00 -3.092842e-14 -4.218104e-14
   outer loop
     vertex -1.210000e+02  4.697878e+02 -7.487044e+01
     vertex -1.210000e+02  4.702726e+02 -7.556282e+01
     vertex -1.210000e+02  4.699633e+02 -7.499919e+01
   endloop
 endfacet
 facet normal  1.000000e+00  2.106557e-15 -1.005665e-15
   outer loop
     vertex -1.210000e+02  4.582135e+02 -8.403969e+01
     vertex -1.210000e+02  4.566648e+02 -8.728369e+01
     vertex -1.210000e+02  4.684448e+02 -9.086990e+01
   endloop
 endfacet
 facet normal  1.000000e+00  5.390490e-15  3.913491e-15
   outer loop
     vertex -1.210000e+02  4.582135e+02 -8.403969e+01
     vertex -1.210000e+02  4.684448e+02 -9.086990e+01
     vertex -1.210000e+02  4.696818e+02 -8.894251e+01
   endloop
 endfacet
 facet normal  1.000000e+00  2.988026e-14  6.790806e-14
   outer loop
     vertex -1.210000e+02  4.690649e+02 -7.476162e+01
     vertex -1.210000e+02  4.697878e+02 -7.487044e+01
     vertex -1.210000e+02  4.695885e+02 -7.478275e+01
   endloop
 endfacet
 facet normal  1.000000e+00  1.711435e-14 -2.485086e-13
   outer loop
     vertex -1.210000e+02  4.690649e+02 -7.476162e+01
     vertex -1.210000e+02  4.695885e+02 -7.478275e+01
     vertex -1.210000e+02  4.693749e+02 -7.474027e+01
   endloop
 endfacet
 facet normal  1.000000e+00  0.000000e+00  0.000000e+00
   outer loop
     vertex -1.210000e+02  4.690649e+02 -7.476162e+01
     vertex -1.210000e+02  4.693749e+02 -7.474027e+01
     vertex -1.210000e+02  4.692191e+02 -7.473883e+01
   endloop
 endfacet
 facet normal  1.000000e+00  2.323163e-14  4.096364e-15
   outer loop
     vertex -1.210000e+02  4.689161e+02 -7.480810e+01
     vertex -1.210000e+02  4.705001e+02 -7.685301e+01
     vertex -1.210000e+02  4.702726e+02 -7.556282e+01
   endloop
 endfacet
 facet normal  1.000000e+00  1.561715e-14 -9.589484e-15
   outer loop
     vertex -1.210000e+02  4.689161e+02 -7.480810e+01
     vertex -1.210000e+02  4.702726e+02 -7.556282e+01
     vertex -1.210000e+02  4.697878e+02 -7.487044e+01
   endloop
 endfacet
 facet normal  1.000000e+00  1.326610e-14 -4.246435e-14
   outer loop
     vertex -1.210000e+02  4.689161e+02 -7.480810e+01
     vertex -1.210000e+02  4.697878e+02 -7.487044e+01
     vertex -1.210000e+02  4.690649e+02 -7.476162e+01
   endloop
 endfacet
 facet normal  1.000000e+00  6.036736e-15  5.425138e-15
   outer loop
     vertex -1.210000e+02  4.602753e+02 -8.109508e+01
     vertex -1.210000e+02  4.582135e+02 -8.403969e+01
     vertex -1.210000e+02  4.696818e+02 -8.894251e+01
   endloop
 endfacet
 facet normal  1.000000e+00  3.041844e-15  8.866167e-16
   outer loop
     vertex -1.210000e+02  4.657007e+02 -7.641537e+01
     vertex -1.210000e+02  4.706981e+02 -7.753237e+01
     vertex -1.210000e+02  4.705001e+02 -7.685301e+01
   endloop
 endfacet
 facet normal  1.000000e+00  3.241116e-15  1.778137e-15
   outer loop
     vertex -1.210000e+02  4.657007e+02 -7.641537e+01
     vertex -1.210000e+02  4.710384e+02 -7.815278e+01
     vertex -1.210000e+02  4.706981e+02 -7.753237e+01
   endloop
 endfacet
 facet normal  1.000000e+00  1.822317e-15 -1.248721e-14
   outer loop
     vertex -1.210000e+02  4.657007e+02 -7.641537e+01
     vertex -1.210000e+02  4.705001e+02 -7.685301e+01
     vertex -1.210000e+02  4.689161e+02 -7.480810e+01
   endloop
 endfacet
 facet normal  1.000000e+00  3.795580e-15  3.003937e-14
   outer loop
     vertex -1.210000e+02  4.627940e+02 -7.853028e+01
     vertex -1.210000e+02  4.715050e+02 -7.868480e+01
     vertex -1.210000e+02  4.710384e+02 -7.815278e+01
   endloop
 endfacet
 facet normal  1.000000e+00  3.261653e-15 -6.046623e-17
   outer loop
     vertex -1.210000e+02  4.627940e+02 -7.853028e+01
     vertex -1.210000e+02  4.713441e+02 -8.736715e+01
     vertex -1.210000e+02  4.715050e+02 -7.868480e+01
   endloop
 endfacet
 facet normal  1.000000e+00  4.861667e-15  6.756856e-15
   outer loop
     vertex -1.210000e+02  4.627940e+02 -7.853028e+01
     vertex -1.210000e+02  4.710384e+02 -7.815278e+01
     vertex -1.210000e+02  4.657007e+02 -7.641537e+01
   endloop
 endfacet
 facet normal  1.000000e+00 -1.710400e-15 -3.861092e-15
   outer loop
     vertex -1.210000e+02  4.627940e+02 -7.853028e+01
     vertex -1.210000e+02  4.602753e+02 -8.109508e+01
     vertex -1.210000e+02  4.696818e+02 -8.894251e+01
   endloop
 endfacet
 facet normal  1.000000e+00  1.590050e-15 -1.677818e-15
   outer loop
     vertex -1.210000e+02  4.627940e+02 -7.853028e+01
     vertex -1.210000e+02  4.696818e+02 -8.894251e+01
     vertex -1.210000e+02  4.713441e+02 -8.736715e+01
   endloop
 endfacet
 facet normal  0.000000e+00  1.691232e-01  9.855949e-01
   outer loop
     vertex -1.307500e+02  4.841232e+02 -6.740452e+01
     vertex -1.307500e+02  4.794839e+02 -6.660845e+01
     vertex -1.220000e+02  4.794839e+02 -6.660845e+01
   endloop
 endfacet
 facet normal -1.600702e-15  1.691232e-01  9.855949e-01
   outer loop
     vertex -1.307500e+02  4.841232e+02 -6.740452e+01
     vertex -1.220000e+02  4.794839e+02 -6.660845e+01
     vertex -1.220000e+02  4.841232e+02 -6.740452e+01
   endloop
 endfacet
 facet normal -2.137573e-15  3.290401e-01  9.443159e-01
   outer loop
     vertex -1.307500e+02  4.885681e+02 -6.895332e+01
     vertex -1.220000e+02  4.841232e+02 -6.740452e+01
     vertex -1.220000e+02  4.885681e+02 -6.895332e+01
   endloop
 endfacet
 facet normal -1.531102e-15  3.290401e-01  9.443159e-01
   outer loop
     vertex -1.307500e+02  4.885681e+02 -6.895332e+01
     vertex -1.307500e+02  4.841232e+02 -6.740452e+01
     vertex -1.220000e+02  4.841232e+02 -6.740452e+01
   endloop
 endfacet
 facet normal  3.118149e-15  4.799818e-01  8.772785e-01
   outer loop
     vertex -1.307500e+02  4.926974e+02 -7.121260e+01
     vertex -1.220000e+02  4.885681e+02 -6.895332e+01
     vertex -1.220000e+02  4.926974e+02 -7.121260e+01
   endloop
 endfacet
 facet normal -3.148464e-15  4.799818e-01  8.772785e-01
   outer loop
     vertex -1.307500e+02  4.926974e+02 -7.121260e+01
     vertex -1.307500e+02  4.885681e+02 -6.895332e+01
     vertex -1.220000e+02  4.885681e+02 -6.895332e+01
   endloop
 endfacet
 facet normal -0.000000e+00  6.178307e-01  7.863111e-01
   outer loop
     vertex -1.307500e+02  4.963986e+02 -7.412075e+01
     vertex -1.220000e+02  4.926974e+02 -7.121260e+01
     vertex -1.220000e+02  4.963986e+02 -7.412075e+01
   endloop
 endfacet
 facet normal  4.011057e-15  6.178307e-01  7.863111e-01
   outer loop
     vertex -1.307500e+02  4.963986e+02 -7.412075e+01
     vertex -1.307500e+02  4.926974e+02 -7.121260e+01
     vertex -1.220000e+02  4.926974e+02 -7.121260e+01
   endloop
 endfacet
 facet normal -0.000000e+00  8.396698e-01  5.430973e-01
   outer loop
     vertex -1.307500e+02  4.995707e+02 -7.759842e+01
     vertex -1.220000e+02  4.995707e+02 -7.759842e+01
     vertex -1.220000e+02  5.021270e+02 -8.155076e+01
   endloop
 endfacet
 facet normal -0.000000e+00  7.388269e-01  6.738953e-01
   outer loop
     vertex -1.307500e+02  4.995707e+02 -7.759842e+01
     vertex -1.220000e+02  4.963986e+02 -7.412075e+01
     vertex -1.220000e+02  4.995707e+02 -7.759842e+01
   endloop
 endfacet
 facet normal  0.000000e+00  7.388269e-01  6.738953e-01
   outer loop
     vertex -1.307500e+02  4.995707e+02 -7.759842e+01
     vertex -1.307500e+02  4.963986e+02 -7.412075e+01
     vertex -1.220000e+02  4.963986e+02 -7.412075e+01
   endloop
 endfacet
 facet normal  4.572780e-15  8.396698e-01  5.430973e-01
   outer loop
     vertex -1.307500e+02  5.021270e+02 -8.155076e+01
     vertex -1.307500e+02  4.995707e+02 -7.759842e+01
     vertex -1.220000e+02  5.021270e+02 -8.155076e+01
   endloop
 endfacet
 facet normal  5.961144e-15  9.176086e-01  3.974851e-01
   outer loop
     vertex -1.307500e+02  5.039980e+02 -8.586997e+01
     vertex -1.220000e+02  5.021270e+02 -8.155076e+01
     vertex -1.220000e+02  5.039980e+02 -8.586997e+01
   endloop
 endfacet
 facet normal  5.304946e-15  9.176086e-01  3.974851e-01
   outer loop
     vertex -1.307500e+02  5.039980e+02 -8.586997e+01
     vertex -1.307500e+02  5.021270e+02 -8.155076e+01
     vertex -1.220000e+02  5.021270e+02 -8.155076e+01
   endloop
 endfacet
 facet normal  5.913404e-15  9.705175e-01  2.410305e-01
   outer loop
     vertex -1.307500e+02  5.051325e+02 -9.043822e+01
     vertex -1.220000e+02  5.039980e+02 -8.586997e+01
     vertex -1.220000e+02  5.051325e+02 -9.043822e+01
   endloop
 endfacet
 facet normal  6.318493e-15  9.705175e-01  2.410305e-01
   outer loop
     vertex -1.307500e+02  5.051325e+02 -9.043822e+01
     vertex -1.307500e+02  5.039980e+02 -8.586997e+01
     vertex -1.220000e+02  5.039980e+02 -8.586997e+01
   endloop
 endfacet
 facet normal -0.000000e+00  9.969533e-01  7.800121e-02
   outer loop
     vertex -1.307500e+02  5.054997e+02 -9.513090e+01
     vertex -1.220000e+02  5.051325e+02 -9.043822e+01
     vertex -1.220000e+02  5.054997e+02 -9.513090e+01
   endloop
 endfacet
 facet normal  6.350840e-15  9.969533e-01  7.800121e-02
   outer loop
     vertex -1.307500e+02  5.054997e+02 -9.513090e+01
     vertex -1.307500e+02  5.051325e+02 -9.043822e+01
     vertex -1.220000e+02  5.051325e+02 -9.043822e+01
   endloop
 endfacet
 facet normal  6.696131e-15  9.682625e-01 -2.499353e-01
   outer loop
     vertex -1.307500e+02  5.050895e+02 -9.982001e+01
     vertex -1.220000e+02  5.050895e+02 -9.982001e+01
     vertex -1.220000e+02  5.039130e+02 -1.043776e+02
   endloop
 endfacet
 facet normal  6.613219e-15  9.961947e-01 -8.715574e-02
   outer loop
     vertex -1.307500e+02  5.050895e+02 -9.982001e+01
     vertex -1.220000e+02  5.054997e+02 -9.513090e+01
     vertex -1.220000e+02  5.050895e+02 -9.982001e+01
   endloop
 endfacet
 facet normal  0.000000e+00  9.961947e-01 -8.715574e-02
   outer loop
     vertex -1.307500e+02  5.050895e+02 -9.982001e+01
     vertex -1.307500e+02  5.054997e+02 -9.513090e+01
     vertex -1.220000e+02  5.054997e+02 -9.513090e+01
   endloop
 endfacet
 facet normal  6.290212e-15  9.682625e-01 -2.499353e-01
   outer loop
     vertex -1.307500e+02  5.039130e+02 -1.043776e+02
     vertex -1.307500e+02  5.050895e+02 -9.982001e+01
     vertex -1.220000e+02  5.039130e+02 -1.043776e+02
   endloop
 endfacet
 facet normal  0.000000e+00  9.139187e-01 -4.058973e-01
   outer loop
     vertex -1.307500e+02  5.020024e+02 -1.086795e+02
     vertex -1.220000e+02  5.039130e+02 -1.043776e+02
     vertex -1.220000e+02  5.020024e+02 -1.086795e+02
   endloop
 endfacet
 facet normal  5.951891e-15  9.139187e-01 -4.058973e-01
   outer loop
     vertex -1.307500e+02  5.020024e+02 -1.086795e+02
     vertex -1.307500e+02  5.039130e+02 -1.043776e+02
     vertex -1.220000e+02  5.039130e+02 -1.043776e+02
   endloop
 endfacet
 facet normal  6.316716e-15  8.346455e-01 -5.507875e-01
   outer loop
     vertex -1.307500e+02  4.994099e+02 -1.126082e+02
     vertex -1.220000e+02  5.020024e+02 -1.086795e+02
     vertex -1.220000e+02  4.994099e+02 -1.126082e+02
   endloop
 endfacet
 facet normal  0.000000e+00  8.346455e-01 -5.507875e-01
   outer loop
     vertex -1.307500e+02  4.994099e+02 -1.126082e+02
     vertex -1.307500e+02  5.020024e+02 -1.086795e+02
     vertex -1.220000e+02  5.020024e+02 -1.086795e+02
   endloop
 endfacet
 facet normal  3.966578e-15  6.105817e-01 -7.919532e-01
   outer loop
     vertex -1.307500e+02  4.962060e+02 -1.160566e+02
     vertex -1.220000e+02  4.962060e+02 -1.160566e+02
     vertex -1.220000e+02  4.924783e+02 -1.189306e+02
   endloop
 endfacet
 facet normal  4.759291e-15  7.326054e-01 -6.806536e-01
   outer loop
     vertex -1.307500e+02  4.962060e+02 -1.160566e+02
     vertex -1.220000e+02  4.994099e+02 -1.126082e+02
     vertex -1.220000e+02  4.962060e+02 -1.160566e+02
   endloop
 endfacet
 facet normal  5.865632e-15  7.326054e-01 -6.806536e-01
   outer loop
     vertex -1.307500e+02  4.962060e+02 -1.160566e+02
     vertex -1.307500e+02  4.994099e+02 -1.126082e+02
     vertex -1.220000e+02  4.994099e+02 -1.126082e+02
   endloop
 endfacet
 facet normal  0.000000e+00  6.105817e-01 -7.919532e-01
   outer loop
     vertex -1.307500e+02  4.924783e+02 -1.189306e+02
     vertex -1.307500e+02  4.962060e+02 -1.160566e+02
     vertex -1.220000e+02  4.924783e+02 -1.189306e+02
   endloop
 endfacet
 facet normal  0.000000e+00  4.719030e-01 -8.816505e-01
   outer loop
     vertex -1.307500e+02  4.883283e+02 -1.211518e+02
     vertex -1.220000e+02  4.924783e+02 -1.189306e+02
     vertex -1.220000e+02  4.883283e+02 -1.211518e+02
   endloop
 endfacet
 facet normal  0.000000e+00  4.719030e-01 -8.816505e-01
   outer loop
     vertex -1.307500e+02  4.883283e+02 -1.211518e+02
     vertex -1.307500e+02  4.924783e+02 -1.189306e+02
     vertex -1.220000e+02  4.924783e+02 -1.189306e+02
   endloop
 endfacet
 facet normal  0.000000e+00  3.203519e-01 -9.472986e-01
   outer loop
     vertex -1.307500e+02  4.838694e+02 -1.226598e+02
     vertex -1.220000e+02  4.883283e+02 -1.211518e+02
     vertex -1.220000e+02  4.838694e+02 -1.226598e+02
   endloop
 endfacet
 facet normal  0.000000e+00  3.203519e-01 -9.472986e-01
   outer loop
     vertex -1.307500e+02  4.838694e+02 -1.226598e+02
     vertex -1.307500e+02  4.883283e+02 -1.211518e+02
     vertex -1.220000e+02  4.883283e+02 -1.211518e+02
   endloop
 endfacet
 facet normal  0.000000e+00  1.600625e-01 -9.871069e-01
   outer loop
     vertex -1.307500e+02  4.792230e+02 -1.234132e+02
     vertex -1.220000e+02  4.838694e+02 -1.226598e+02
     vertex -1.220000e+02  4.792230e+02 -1.234132e+02
   endloop
 endfacet
 facet normal  0.000000e+00  1.600625e-01 -9.871069e-01
   outer loop
     vertex -1.307500e+02  4.792230e+02 -1.234132e+02
     vertex -1.307500e+02  4.838694e+02 -1.226598e+02
     vertex -1.220000e+02  4.838694e+02 -1.226598e+02
   endloop
 endfacet
 facet normal -2.983763e-17 -4.592956e-03 -9.999895e-01
   outer loop
     vertex -1.307500e+02  4.745161e+02 -1.233915e+02
     vertex -1.220000e+02  4.792230e+02 -1.234132e+02
     vertex -1.220000e+02  4.745161e+02 -1.233915e+02
   endloop
 endfacet
 facet normal  0.000000e+00 -4.592956e-03 -9.999895e-01
   outer loop
     vertex -1.307500e+02  4.745161e+02 -1.233915e+02
     vertex -1.307500e+02  4.792230e+02 -1.234132e+02
     vertex -1.220000e+02  4.792230e+02 -1.234132e+02
   endloop
 endfacet
 facet normal -2.480894e-16  2.726739e-02 -9.996282e-01
   outer loop
     vertex -1.220000e+02  4.732414e+02 -7.307128e+01
     vertex -1.282500e+02  4.739839e+02 -7.305102e+01
     vertex -1.220000e+02  4.739839e+02 -7.305102e+01
   endloop
 endfacet
 facet normal  7.480013e-04  3.355771e-02 -9.994365e-01
   outer loop
     vertex -1.220000e+02  4.732414e+02 -7.307128e+01
     vertex -1.282500e+02  4.732009e+02 -7.307731e+01
     vertex -1.282500e+02  4.739839e+02 -7.305102e+01
   endloop
 endfacet
 facet normal  1.414106e-03  2.717632e-01 -9.623631e-01
   outer loop
     vertex -1.220000e+02  4.725228e+02 -7.325963e+01
     vertex -1.282500e+02  4.724469e+02 -7.329024e+01
     vertex -1.282500e+02  4.732009e+02 -7.307731e+01
   endloop
 endfacet
 facet normal -7.070677e-04  2.535469e-01 -9.673228e-01
   outer loop
     vertex -1.220000e+02  4.725228e+02 -7.325963e+01
     vertex -1.282500e+02  4.732009e+02 -7.307731e+01
     vertex -1.220000e+02  4.732414e+02 -7.307128e+01
   endloop
 endfacet
 facet normal  1.998209e-03  4.941743e-01 -8.693605e-01
   outer loop
     vertex -1.220000e+02  4.718657e+02 -7.360623e+01
     vertex -1.282500e+02  4.717658e+02 -7.367742e+01
     vertex -1.282500e+02  4.724469e+02 -7.329024e+01
   endloop
 endfacet
 facet normal -1.332185e-03  4.665792e-01 -8.844784e-01
   outer loop
     vertex -1.220000e+02  4.718657e+02 -7.360623e+01
     vertex -1.282500e+02  4.724469e+02 -7.329024e+01
     vertex -1.220000e+02  4.725228e+02 -7.325963e+01
   endloop
 endfacet
 facet normal  2.500217e-03  6.878653e-01 -7.258340e-01
   outer loop
     vertex -1.220000e+02  4.713045e+02 -7.409298e+01
     vertex -1.282500e+02  4.711971e+02 -7.421635e+01
     vertex -1.282500e+02  4.717658e+02 -7.367742e+01
   endloop
 endfacet
 facet normal -1.875252e-03  6.552342e-01 -7.554235e-01
   outer loop
     vertex -1.220000e+02  4.713045e+02 -7.409298e+01
     vertex -1.282500e+02  4.717658e+02 -7.367742e+01
     vertex -1.220000e+02  4.718657e+02 -7.360623e+01
   endloop
 endfacet
 facet normal  2.920052e-03  8.415797e-01 -5.401250e-01
   outer loop
     vertex -1.220000e+02  4.708685e+02 -7.469445e+01
     vertex -1.282500e+02  4.707739e+02 -7.487572e+01
     vertex -1.282500e+02  4.711971e+02 -7.421635e+01
   endloop
 endfacet
 facet normal -2.336184e-03  8.096555e-01 -5.869008e-01
   outer loop
     vertex -1.220000e+02  4.708685e+02 -7.469445e+01
     vertex -1.282500e+02  4.711971e+02 -7.421635e+01
     vertex -1.220000e+02  4.713045e+02 -7.409298e+01
   endloop
 endfacet
 facet normal  3.257647e-03  9.463843e-01 -3.230264e-01
   outer loop
     vertex -1.220000e+02  4.705805e+02 -7.537921e+01
     vertex -1.282500e+02  4.705208e+02 -7.561721e+01
     vertex -1.282500e+02  4.707739e+02 -7.487572e+01
   endloop
 endfacet
 facet normal -2.714907e-03  9.217752e-01 -3.877153e-01
   outer loop
     vertex -1.220000e+02  4.705805e+02 -7.537921e+01
     vertex -1.282500e+02  4.707739e+02 -7.487572e+01
     vertex -1.220000e+02  4.708685e+02 -7.469445e+01
   endloop
 endfacet
 facet normal  3.512949e-03  9.961886e-01 -8.715520e-02
   outer loop
     vertex -1.220000e+02  4.704555e+02 -7.611148e+01
     vertex -1.282500e+02  4.704525e+02 -7.639772e+01
     vertex -1.282500e+02  4.705208e+02 -7.561721e+01
   endloop
 endfacet
 facet normal -3.011363e-03  9.857357e-01 -1.682736e-01
   outer loop
     vertex -1.220000e+02  4.704555e+02 -7.611148e+01
     vertex -1.282500e+02  4.705208e+02 -7.561721e+01
     vertex -1.220000e+02  4.705805e+02 -7.537921e+01
   endloop
 endfacet
 facet normal  3.685920e-03  9.880981e-01  1.537808e-01
   outer loop
     vertex -1.220000e+02  4.705001e+02 -7.685301e+01
     vertex -1.282500e+02  4.705730e+02 -7.717188e+01
     vertex -1.282500e+02  4.704525e+02 -7.639772e+01
   endloop
 endfacet
 facet normal -3.225504e-03  9.981956e-01  5.995940e-02
   outer loop
     vertex -1.220000e+02  4.705001e+02 -7.685301e+01
     vertex -1.282500e+02  4.704525e+02 -7.639772e+01
     vertex -1.220000e+02  4.704555e+02 -7.611148e+01
   endloop
 endfacet
 facet normal -5.855998e-14  9.600499e-01  2.798290e-01
   outer loop
     vertex -1.210000e+02  4.706981e+02 -7.753237e+01
     vertex -1.220000e+02  4.705001e+02 -7.685301e+01
     vertex -1.210000e+02  4.705001e+02 -7.685301e+01
   endloop
 endfacet
 facet normal  3.265893e-03  9.225850e-01  3.857801e-01
   outer loop
     vertex -1.210000e+02  4.706981e+02 -7.753237e+01
     vertex -1.282500e+02  4.708753e+02 -7.789472e+01
     vertex -1.282500e+02  4.705730e+02 -7.717188e+01
   endloop
 endfacet
 facet normal -2.861113e-03  9.611695e-01  2.759439e-01
   outer loop
     vertex -1.210000e+02  4.706981e+02 -7.753237e+01
     vertex -1.282500e+02  4.705730e+02 -7.717188e+01
     vertex -1.220000e+02  4.705001e+02 -7.685301e+01
   endloop
 endfacet
 facet normal  3.106830e-03  8.034535e-01  5.953594e-01
   outer loop
     vertex -1.210000e+02  4.710384e+02 -7.815278e+01
     vertex -1.282500e+02  4.713417e+02 -7.852422e+01
     vertex -1.282500e+02  4.708753e+02 -7.789472e+01
   endloop
 endfacet
 facet normal -2.613261e-03  8.767238e-01  4.809871e-01
   outer loop
     vertex -1.210000e+02  4.710384e+02 -7.815278e+01
     vertex -1.282500e+02  4.708753e+02 -7.789472e+01
     vertex -1.210000e+02  4.706981e+02 -7.753237e+01
   endloop
 endfacet
 facet normal  2.700418e-03  6.376285e-01  7.703393e-01
   outer loop
     vertex -1.210000e+02  4.715050e+02 -7.868480e+01
     vertex -1.282500e+02  4.719453e+02 -7.902380e+01
     vertex -1.282500e+02  4.713417e+02 -7.852422e+01
   endloop
 endfacet
 facet normal -2.330502e-03  7.518378e-01  6.593440e-01
   outer loop
     vertex -1.210000e+02  4.715050e+02 -7.868480e+01
     vertex -1.282500e+02  4.713417e+02 -7.852422e+01
     vertex -1.210000e+02  4.710384e+02 -7.815278e+01
   endloop
 endfacet
 facet normal  2.046881e-03  4.347466e-01  9.005505e-01
   outer loop
     vertex -1.210000e+02  4.720757e+02 -7.910324e+01
     vertex -1.282500e+02  4.726508e+02 -7.936442e+01
     vertex -1.282500e+02  4.719453e+02 -7.902380e+01
   endloop
 endfacet
 facet normal -1.800490e-03  5.913087e-01  8.064433e-01
   outer loop
     vertex -1.210000e+02  4.720757e+02 -7.910324e+01
     vertex -1.282500e+02  4.719453e+02 -7.902380e+01
     vertex -1.210000e+02  4.715050e+02 -7.868480e+01
   endloop
 endfacet
 facet normal  1.146576e-03  2.065981e-01  9.784252e-01
   outer loop
     vertex -1.210000e+02  4.727234e+02 -7.938823e+01
     vertex -1.282500e+02  4.734174e+02 -7.952629e+01
     vertex -1.282500e+02  4.726508e+02 -7.936442e+01
   endloop
 endfacet
 facet normal -1.023513e-03  4.027465e-01  9.153110e-01
   outer loop
     vertex -1.210000e+02  4.727234e+02 -7.938823e+01
     vertex -1.282500e+02  4.726508e+02 -7.936442e+01
     vertex -1.210000e+02  4.720757e+02 -7.910324e+01
   endloop
 endfacet
 facet normal -1.529600e-15  1.950903e-01  9.807853e-01
   outer loop
     vertex -1.210000e+02  4.734174e+02 -7.952629e+01
     vertex -1.282500e+02  4.734174e+02 -7.952629e+01
     vertex -1.210000e+02  4.727234e+02 -7.938823e+01
   endloop
 endfacet
 facet normal  3.419970e-16 -4.361939e-02 -9.990482e-01
   outer loop
     vertex -1.210000e+02  4.582887e+02 -9.504932e+01
     vertex -1.282500e+02  4.585719e+02 -9.506168e+01
     vertex -1.210000e+02  4.585719e+02 -9.506168e+01
   endloop
 endfacet
 facet normal  2.470338e-02  4.360608e-02 -9.987433e-01
   outer loop
     vertex -1.220000e+02  4.577243e+02 -9.509869e+01
     vertex -1.210000e+02  4.582887e+02 -9.504932e+01
     vertex -1.210000e+02  4.580054e+02 -9.506168e+01
   endloop
 endfacet
 facet normal  1.157499e-03  2.717633e-01 -9.623634e-01
   outer loop
     vertex -1.220000e+02  4.577243e+02 -9.509869e+01
     vertex -1.282500e+02  4.570349e+02 -9.530090e+01
     vertex -1.282500e+02  4.577889e+02 -9.508797e+01
   endloop
 endfacet
 facet normal -1.366843e-03  3.355769e-02 -9.994358e-01
   outer loop
     vertex -1.220000e+02  4.577243e+02 -9.509869e+01
     vertex -1.282500e+02  4.577889e+02 -9.508797e+01
     vertex -1.282500e+02  4.585719e+02 -9.506168e+01
   endloop
 endfacet
 facet normal  4.777292e-03  7.875093e-02 -9.968829e-01
   outer loop
     vertex -1.220000e+02  4.577243e+02 -9.509869e+01
     vertex -1.282500e+02  4.585719e+02 -9.506168e+01
     vertex -1.210000e+02  4.582887e+02 -9.504932e+01
   endloop
 endfacet
 facet normal  0.000000e+00  1.305262e-01 -9.914449e-01
   outer loop
     vertex -1.210000e+02  4.577243e+02 -9.509869e+01
     vertex -1.220000e+02  4.577243e+02 -9.509869e+01
     vertex -1.210000e+02  4.580054e+02 -9.506168e+01
   endloop
 endfacet
 facet normal  1.069049e-03  4.941750e-01 -8.693618e-01
   outer loop
     vertex -1.220000e+02  4.569797e+02 -9.532455e+01
     vertex -1.282500e+02  4.563537e+02 -9.568808e+01
     vertex -1.282500e+02  4.570349e+02 -9.530090e+01
   endloop
 endfacet
 facet normal -1.061044e-03  2.902845e-01 -9.569398e-01
   outer loop
     vertex -1.220000e+02  4.569797e+02 -9.532455e+01
     vertex -1.282500e+02  4.570349e+02 -9.530090e+01
     vertex -1.220000e+02  4.577243e+02 -9.509869e+01
   endloop
 endfacet
 facet normal  9.791414e-04  6.878672e-01 -7.258359e-01
   outer loop
     vertex -1.220000e+02  4.563102e+02 -9.572092e+01
     vertex -1.282500e+02  4.557850e+02 -9.622702e+01
     vertex -1.282500e+02  4.563537e+02 -9.568808e+01
   endloop
 endfacet
 facet normal -9.718648e-04  5.094167e-01 -8.605194e-01
   outer loop
     vertex -1.220000e+02  4.563102e+02 -9.572092e+01
     vertex -1.282500e+02  4.563537e+02 -9.568808e+01
     vertex -1.220000e+02  4.569797e+02 -9.532455e+01
   endloop
 endfacet
 facet normal  8.877776e-04  8.415830e-01 -5.401271e-01
   outer loop
     vertex -1.220000e+02  4.557540e+02 -9.626506e+01
     vertex -1.282500e+02  4.553619e+02 -9.688639e+01
     vertex -1.282500e+02  4.557850e+02 -9.622702e+01
   endloop
 endfacet
 facet normal -8.812293e-04  6.993513e-01 -7.147776e-01
   outer loop
     vertex -1.220000e+02  4.557540e+02 -9.626506e+01
     vertex -1.282500e+02  4.557850e+02 -9.622702e+01
     vertex -1.220000e+02  4.563102e+02 -9.572092e+01
   endloop
 endfacet
 facet normal  7.949574e-04  9.463891e-01 -3.230280e-01
   outer loop
     vertex -1.220000e+02  4.553432e+02 -9.692581e+01
     vertex -1.282500e+02  4.551088e+02 -9.762787e+01
     vertex -1.282500e+02  4.553619e+02 -9.688639e+01
   endloop
 endfacet
 facet normal -7.891373e-04  8.492019e-01 -5.280677e-01
   outer loop
     vertex -1.220000e+02  4.553432e+02 -9.692581e+01
     vertex -1.282500e+02  4.553619e+02 -9.688639e+01
     vertex -1.220000e+02  4.557540e+02 -9.626506e+01
   endloop
 endfacet
 facet normal  7.006812e-04  9.961945e-01 -8.715572e-02
   outer loop
     vertex -1.220000e+02  4.551011e+02 -9.766527e+01
     vertex -1.282500e+02  4.550405e+02 -9.840838e+01
     vertex -1.282500e+02  4.551088e+02 -9.762787e+01
   endloop
 endfacet
 facet normal -6.955890e-04  9.503799e-01 -3.110911e-01
   outer loop
     vertex -1.220000e+02  4.551011e+02 -9.766527e+01
     vertex -1.282500e+02  4.551088e+02 -9.762787e+01
     vertex -1.220000e+02  4.553432e+02 -9.692581e+01
   endloop
 endfacet
 facet normal  6.049491e-04  9.881046e-01  1.537818e-01
   outer loop
     vertex -1.220000e+02  4.550417e+02 -9.844108e+01
     vertex -1.282500e+02  4.551610e+02 -9.918255e+01
     vertex -1.282500e+02  4.550405e+02 -9.840838e+01
   endloop
 endfacet
 facet normal -6.005848e-04  9.970860e-01 -7.628396e-02
   outer loop
     vertex -1.220000e+02  4.550417e+02 -9.844108e+01
     vertex -1.282500e+02  4.550405e+02 -9.840838e+01
     vertex -1.220000e+02  4.551011e+02 -9.766527e+01
   endloop
 endfacet
 facet normal  5.077615e-04  9.225898e-01  3.857821e-01
   outer loop
     vertex -1.220000e+02  4.551685e+02 -9.920876e+01
     vertex -1.282500e+02  4.554632e+02 -9.990539e+01
     vertex -1.282500e+02  4.551610e+02 -9.918255e+01
   endloop
 endfacet
 facet normal -5.041249e-04  9.866432e-01  1.628955e-01
   outer loop
     vertex -1.220000e+02  4.551685e+02 -9.920876e+01
     vertex -1.282500e+02  4.551610e+02 -9.918255e+01
     vertex -1.220000e+02  4.550417e+02 -9.844108e+01
   endloop
 endfacet
 facet normal  4.091186e-04  8.034573e-01  5.953622e-01
   outer loop
     vertex -1.220000e+02  4.554741e+02 -9.992432e+01
     vertex -1.282500e+02  4.559297e+02 -1.005349e+02
     vertex -1.282500e+02  4.554632e+02 -9.990539e+01
   endloop
 endfacet
 facet normal -4.062096e-04  9.196501e-01  3.927384e-01
   outer loop
     vertex -1.220000e+02  4.554741e+02 -9.992432e+01
     vertex -1.282500e+02  4.554632e+02 -9.990539e+01
     vertex -1.220000e+02  4.551685e+02 -9.920876e+01
   endloop
 endfacet
 facet normal  3.090207e-04  6.376308e-01  7.703420e-01
   outer loop
     vertex -1.220000e+02  4.559410e+02 -1.005467e+02
     vertex -1.282500e+02  4.565332e+02 -1.010345e+02
     vertex -1.282500e+02  4.559297e+02 -1.005349e+02
   endloop
 endfacet
 facet normal -3.068392e-04  7.999465e-01  6.000712e-01
   outer loop
     vertex -1.220000e+02  4.559410e+02 -1.005467e+02
     vertex -1.282500e+02  4.559297e+02 -1.005349e+02
     vertex -1.220000e+02  4.554741e+02 -9.992432e+01
   endloop
 endfacet
 facet normal  2.074681e-04  4.347475e-01  9.005524e-01
   outer loop
     vertex -1.220000e+02  4.565424e+02 -1.010403e+02
     vertex -1.282500e+02  4.572388e+02 -1.013751e+02
     vertex -1.282500e+02  4.565332e+02 -1.010345e+02
   endloop
 endfacet
 facet normal -2.060139e-04  6.343933e-01  7.730104e-01
   outer loop
     vertex -1.220000e+02  4.565424e+02 -1.010403e+02
     vertex -1.282500e+02  4.565332e+02 -1.010345e+02
     vertex -1.220000e+02  4.559410e+02 -1.005467e+02
   endloop
 endfacet
 facet normal  1.044611e-04  2.065983e-01  9.784258e-01
   outer loop
     vertex -1.220000e+02  4.572440e+02 -1.013768e+02
     vertex -1.282500e+02  4.580054e+02 -1.015369e+02
     vertex -1.282500e+02  4.572388e+02 -1.013751e+02
   endloop
 endfacet
 facet normal -1.037341e-04  4.324792e-01  9.016439e-01
   outer loop
     vertex -1.220000e+02  4.572440e+02 -1.013768e+02
     vertex -1.282500e+02  4.572388e+02 -1.013751e+02
     vertex -1.220000e+02  4.565424e+02 -1.010403e+02
   endloop
 endfacet
 facet normal -1.871533e-15  2.057772e-01  9.785989e-01
   outer loop
     vertex -1.220000e+02  4.580054e+02 -1.015369e+02
     vertex -1.282500e+02  4.580054e+02 -1.015369e+02
     vertex -1.220000e+02  4.572440e+02 -1.013768e+02
   endloop
 endfacet
 facet normal  0.000000e+00  2.726739e-02 -9.996282e-01
   outer loop
     vertex -1.210000e+02  4.798400e+02 -1.104940e+02
     vertex -1.282500e+02  4.805826e+02 -1.104737e+02
     vertex -1.210000e+02  4.805826e+02 -1.104737e+02
   endloop
 endfacet
 facet normal  6.448287e-04  3.355772e-02 -9.994366e-01
   outer loop
     vertex -1.210000e+02  4.798400e+02 -1.104940e+02
     vertex -1.282500e+02  4.797995e+02 -1.105000e+02
     vertex -1.282500e+02  4.805826e+02 -1.104737e+02
   endloop
 endfacet
 facet normal  1.219057e-03  2.717633e-01 -9.623634e-01
   outer loop
     vertex -1.210000e+02  4.791214e+02 -1.106823e+02
     vertex -1.282500e+02  4.790455e+02 -1.107129e+02
     vertex -1.282500e+02  4.797995e+02 -1.105000e+02
   endloop
 endfacet
 facet normal -6.095411e-04  2.535469e-01 -9.673229e-01
   outer loop
     vertex -1.210000e+02  4.791214e+02 -1.106823e+02
     vertex -1.282500e+02  4.797995e+02 -1.105000e+02
     vertex -1.210000e+02  4.798400e+02 -1.104940e+02
   endloop
 endfacet
 facet normal  1.722595e-03  4.941746e-01 -8.693610e-01
   outer loop
     vertex -1.210000e+02  4.784643e+02 -1.110289e+02
     vertex -1.282500e+02  4.783644e+02 -1.111001e+02
     vertex -1.282500e+02  4.790455e+02 -1.107129e+02
   endloop
 endfacet
 facet normal -1.148435e-03  4.665793e-01 -8.844786e-01
   outer loop
     vertex -1.210000e+02  4.784643e+02 -1.110289e+02
     vertex -1.282500e+02  4.790455e+02 -1.107129e+02
     vertex -1.210000e+02  4.791214e+02 -1.106823e+02
   endloop
 endfacet
 facet normal  2.155361e-03  6.878659e-01 -7.258346e-01
   outer loop
     vertex -1.210000e+02  4.779032e+02 -1.115157e+02
     vertex -1.282500e+02  4.777957e+02 -1.116390e+02
     vertex -1.282500e+02  4.783644e+02 -1.111001e+02
   endloop
 endfacet
 facet normal -1.616597e-03  6.552345e-01 -7.554238e-01
   outer loop
     vertex -1.210000e+02  4.779032e+02 -1.115157e+02
     vertex -1.282500e+02  4.783644e+02 -1.111001e+02
     vertex -1.210000e+02  4.784643e+02 -1.110289e+02
   endloop
 endfacet
 facet normal  2.517289e-03  8.415806e-01 -5.401256e-01
   outer loop
     vertex -1.210000e+02  4.774672e+02 -1.121171e+02
     vertex -1.282500e+02  4.773725e+02 -1.122984e+02
     vertex -1.282500e+02  4.777957e+02 -1.116390e+02
   endloop
 endfacet
 facet normal -2.013953e-03  8.096560e-01 -5.869012e-01
   outer loop
     vertex -1.210000e+02  4.774672e+02 -1.121171e+02
     vertex -1.282500e+02  4.777957e+02 -1.116390e+02
     vertex -1.210000e+02  4.779032e+02 -1.115157e+02
   endloop
 endfacet
 facet normal  2.808320e-03  9.463856e-01 -3.230269e-01
   outer loop
     vertex -1.210000e+02  4.771792e+02 -1.128019e+02
     vertex -1.282500e+02  4.771194e+02 -1.130399e+02
     vertex -1.282500e+02  4.773725e+02 -1.122984e+02
   endloop
 endfacet
 facet normal -2.340439e-03  9.217761e-01 -3.877156e-01
   outer loop
     vertex -1.210000e+02  4.771792e+02 -1.128019e+02
     vertex -1.282500e+02  4.773725e+02 -1.122984e+02
     vertex -1.210000e+02  4.774672e+02 -1.121171e+02
   endloop
 endfacet
 facet normal  3.028409e-03  9.961901e-01 -8.715534e-02
   outer loop
     vertex -1.210000e+02  4.770541e+02 -1.135342e+02
     vertex -1.282500e+02  4.770511e+02 -1.138204e+02
     vertex -1.282500e+02  4.771194e+02 -1.130399e+02
   endloop
 endfacet
 facet normal -2.596005e-03  9.857369e-01 -1.682738e-01
   outer loop
     vertex -1.210000e+02  4.770541e+02 -1.135342e+02
     vertex -1.282500e+02  4.771194e+02 -1.130399e+02
     vertex -1.210000e+02  4.771792e+02 -1.128019e+02
   endloop
 endfacet
 facet normal  3.685920e-03  9.880981e-01  1.537808e-01
   outer loop
     vertex -1.220000e+02  4.770987e+02 -1.142757e+02
     vertex -1.282500e+02  4.771716e+02 -1.145946e+02
     vertex -1.282500e+02  4.770511e+02 -1.138204e+02
   endloop
 endfacet
 facet normal -2.936261e-03  9.979517e-01  6.390448e-02
   outer loop
     vertex -1.220000e+02  4.770987e+02 -1.142757e+02
     vertex -1.282500e+02  4.770511e+02 -1.138204e+02
     vertex -1.210000e+02  4.770541e+02 -1.135342e+02
   endloop
 endfacet
 facet normal -5.588907e-14  9.982008e-01  5.995971e-02
   outer loop
     vertex -1.210000e+02  4.770987e+02 -1.142757e+02
     vertex -1.220000e+02  4.770987e+02 -1.142757e+02
     vertex -1.210000e+02  4.770541e+02 -1.135342e+02
   endloop
 endfacet
 facet normal  3.788429e-03  9.225833e-01  3.857794e-01
   outer loop
     vertex -1.220000e+02  4.772967e+02 -1.149551e+02
     vertex -1.282500e+02  4.774739e+02 -1.153174e+02
     vertex -1.282500e+02  4.771716e+02 -1.145946e+02
   endloop
 endfacet
 facet normal -3.072383e-03  9.600453e-01  2.798277e-01
   outer loop
     vertex -1.220000e+02  4.772967e+02 -1.149551e+02
     vertex -1.282500e+02  4.771716e+02 -1.145946e+02
     vertex -1.220000e+02  4.770987e+02 -1.142757e+02
   endloop
 endfacet
 facet normal  3.603916e-03  8.034522e-01  5.953584e-01
   outer loop
     vertex -1.220000e+02  4.776371e+02 -1.155755e+02
     vertex -1.282500e+02  4.779403e+02 -1.159469e+02
     vertex -1.282500e+02  4.774739e+02 -1.153174e+02
   endloop
 endfacet
 facet normal -3.031379e-03  8.767227e-01  4.809866e-01
   outer loop
     vertex -1.220000e+02  4.776371e+02 -1.155755e+02
     vertex -1.282500e+02  4.774739e+02 -1.153174e+02
     vertex -1.220000e+02  4.772967e+02 -1.149551e+02
   endloop
 endfacet
 facet normal  3.132481e-03  6.376277e-01  7.703383e-01
   outer loop
     vertex -1.220000e+02  4.781036e+02 -1.161075e+02
     vertex -1.282500e+02  4.785439e+02 -1.164465e+02
     vertex -1.282500e+02  4.779403e+02 -1.159469e+02
   endloop
 endfacet
 facet normal -2.703380e-03  7.518371e-01  6.593434e-01
   outer loop
     vertex -1.220000e+02  4.781036e+02 -1.161075e+02
     vertex -1.282500e+02  4.779403e+02 -1.159469e+02
     vertex -1.220000e+02  4.776371e+02 -1.155755e+02
   endloop
 endfacet
 facet normal  2.374380e-03  4.347463e-01  9.005498e-01
   outer loop
     vertex -1.220000e+02  4.786743e+02 -1.165259e+02
     vertex -1.282500e+02  4.792495e+02 -1.167871e+02
     vertex -1.282500e+02  4.785439e+02 -1.164465e+02
   endloop
 endfacet
 facet normal -2.088567e-03  5.913084e-01  8.064428e-01
   outer loop
     vertex -1.220000e+02  4.786743e+02 -1.165259e+02
     vertex -1.282500e+02  4.785439e+02 -1.164465e+02
     vertex -1.220000e+02  4.781036e+02 -1.161075e+02
   endloop
 endfacet
 facet normal  1.330028e-03  2.065981e-01  9.784250e-01
   outer loop
     vertex -1.220000e+02  4.793220e+02 -1.168109e+02
     vertex -1.282500e+02  4.800161e+02 -1.169490e+02
     vertex -1.282500e+02  4.792495e+02 -1.167871e+02
   endloop
 endfacet
 facet normal -1.187275e-03  4.027464e-01  9.153108e-01
   outer loop
     vertex -1.220000e+02  4.793220e+02 -1.168109e+02
     vertex -1.282500e+02  4.792495e+02 -1.167871e+02
     vertex -1.220000e+02  4.786743e+02 -1.165259e+02
   endloop
 endfacet
 facet normal -3.548672e-15  1.950903e-01  9.807853e-01
   outer loop
     vertex -1.220000e+02  4.800161e+02 -1.169490e+02
     vertex -1.282500e+02  4.800161e+02 -1.169490e+02
     vertex -1.220000e+02  4.793220e+02 -1.168109e+02
   endloop
 endfacet
 facet normal  1.841187e-15  3.355772e-02 -9.994368e-01
   outer loop
     vertex -1.220000e+02  4.792878e+02 -6.884989e+01
     vertex -1.307500e+02  4.789867e+02 -6.886000e+01
     vertex -1.307500e+02  4.792878e+02 -6.884989e+01
   endloop
 endfacet
 facet normal  0.000000e+00  2.717635e-01 -9.623641e-01
   outer loop
     vertex -1.220000e+02  4.789867e+02 -6.886000e+01
     vertex -1.307500e+02  4.786967e+02 -6.894190e+01
     vertex -1.307500e+02  4.789867e+02 -6.886000e+01
   endloop
 endfacet
 facet normal  0.000000e+00  3.355772e-02 -9.994368e-01
   outer loop
     vertex -1.220000e+02  4.789867e+02 -6.886000e+01
     vertex -1.307500e+02  4.789867e+02 -6.886000e+01
     vertex -1.220000e+02  4.792878e+02 -6.884989e+01
   endloop
 endfacet
 facet normal -3.210356e-15  4.941753e-01 -8.693623e-01
   outer loop
     vertex -1.220000e+02  4.786967e+02 -6.894190e+01
     vertex -1.307500e+02  4.784347e+02 -6.909081e+01
     vertex -1.307500e+02  4.786967e+02 -6.894190e+01
   endloop
 endfacet
 facet normal -1.765482e-15  2.717635e-01 -9.623641e-01
   outer loop
     vertex -1.220000e+02  4.786967e+02 -6.894190e+01
     vertex -1.307500e+02  4.786967e+02 -6.894190e+01
     vertex -1.220000e+02  4.789867e+02 -6.886000e+01
   endloop
 endfacet
 facet normal  5.647485e-15  6.878675e-01 -7.258363e-01
   outer loop
     vertex -1.220000e+02  4.784347e+02 -6.909081e+01
     vertex -1.307500e+02  4.782160e+02 -6.929809e+01
     vertex -1.307500e+02  4.784347e+02 -6.909081e+01
   endloop
 endfacet
 facet normal  4.622285e-15  4.941753e-01 -8.693623e-01
   outer loop
     vertex -1.220000e+02  4.784347e+02 -6.909081e+01
     vertex -1.307500e+02  4.784347e+02 -6.909081e+01
     vertex -1.220000e+02  4.786967e+02 -6.894190e+01
   endloop
 endfacet
 facet normal  6.344474e-15  8.415833e-01 -5.401273e-01
   outer loop
     vertex -1.220000e+02  4.782160e+02 -6.929809e+01
     vertex -1.307500e+02  4.780532e+02 -6.955170e+01
     vertex -1.307500e+02  4.782160e+02 -6.929809e+01
   endloop
 endfacet
 facet normal  5.647485e-15  6.878675e-01 -7.258363e-01
   outer loop
     vertex -1.220000e+02  4.782160e+02 -6.929809e+01
     vertex -1.307500e+02  4.782160e+02 -6.929809e+01
     vertex -1.220000e+02  4.784347e+02 -6.909081e+01
   endloop
 endfacet
 facet normal -6.672744e-15  9.463894e-01 -3.230282e-01
   outer loop
     vertex -1.220000e+02  4.780532e+02 -6.955170e+01
     vertex -1.307500e+02  4.779559e+02 -6.983688e+01
     vertex -1.307500e+02  4.780532e+02 -6.955170e+01
   endloop
 endfacet
 facet normal -6.344474e-15  8.415833e-01 -5.401273e-01
   outer loop
     vertex -1.220000e+02  4.780532e+02 -6.955170e+01
     vertex -1.307500e+02  4.780532e+02 -6.955170e+01
     vertex -1.220000e+02  4.782160e+02 -6.929809e+01
   endloop
 endfacet
 facet normal -6.471670e-15  9.961947e-01 -8.715574e-02
   outer loop
     vertex -1.220000e+02  4.779559e+02 -6.983688e+01
     vertex -1.307500e+02  4.779296e+02 -7.013708e+01
     vertex -1.307500e+02  4.779559e+02 -6.983688e+01
   endloop
 endfacet
 facet normal -6.148115e-15  9.463894e-01 -3.230282e-01
   outer loop
     vertex -1.220000e+02  4.779559e+02 -6.983688e+01
     vertex -1.307500e+02  4.779559e+02 -6.983688e+01
     vertex -1.220000e+02  4.780532e+02 -6.955170e+01
   endloop
 endfacet
 facet normal -6.668872e-15  9.881048e-01  1.537818e-01
   outer loop
     vertex -1.220000e+02  4.779296e+02 -7.013708e+01
     vertex -1.307500e+02  4.779759e+02 -7.043484e+01
     vertex -1.307500e+02  4.779296e+02 -7.013708e+01
   endloop
 endfacet
 facet normal -6.330121e-15  9.961947e-01 -8.715574e-02
   outer loop
     vertex -1.220000e+02  4.779296e+02 -7.013708e+01
     vertex -1.307500e+02  4.779296e+02 -7.013708e+01
     vertex -1.220000e+02  4.779559e+02 -6.983688e+01
   endloop
 endfacet
 facet normal -6.419115e-15  9.881048e-01  1.537818e-01
   outer loop
     vertex -1.220000e+02  4.779759e+02 -7.043484e+01
     vertex -1.307500e+02  4.779759e+02 -7.043484e+01
     vertex -1.220000e+02  4.779296e+02 -7.013708e+01
   endloop
 endfacet
 facet normal -5.993504e-15  9.225899e-01  3.857822e-01
   outer loop
     vertex -1.220000e+02  4.780922e+02 -7.071285e+01
     vertex -1.307500e+02  4.780922e+02 -7.071285e+01
     vertex -1.307500e+02  4.779759e+02 -7.043484e+01
   endloop
 endfacet
 facet normal -5.219573e-15  8.034574e-01  5.953623e-01
   outer loop
     vertex -1.220000e+02  4.780922e+02 -7.071285e+01
     vertex -1.307500e+02  4.782716e+02 -7.095497e+01
     vertex -1.307500e+02  4.780922e+02 -7.071285e+01
   endloop
 endfacet
 facet normal -5.994827e-15  9.225899e-01  3.857822e-01
   outer loop
     vertex -1.220000e+02  4.780922e+02 -7.071285e+01
     vertex -1.307500e+02  4.779759e+02 -7.043484e+01
     vertex -1.220000e+02  4.779759e+02 -7.043484e+01
   endloop
 endfacet
 facet normal -5.219573e-15  8.034574e-01  5.953623e-01
   outer loop
     vertex -1.220000e+02  4.782716e+02 -7.095497e+01
     vertex -1.307500e+02  4.782716e+02 -7.095497e+01
     vertex -1.220000e+02  4.780922e+02 -7.071285e+01
   endloop
 endfacet
 facet normal -1.251111e-15  6.376309e-01  7.703421e-01
   outer loop
     vertex -1.220000e+02  4.785037e+02 -7.114711e+01
     vertex -1.307500e+02  4.785037e+02 -7.114711e+01
     vertex -1.307500e+02  4.782716e+02 -7.095497e+01
   endloop
 endfacet
 facet normal -1.462585e-15  4.347475e-01  9.005524e-01
   outer loop
     vertex -1.220000e+02  4.785037e+02 -7.114711e+01
     vertex -1.307500e+02  4.787751e+02 -7.127812e+01
     vertex -1.307500e+02  4.785037e+02 -7.114711e+01
   endloop
 endfacet
 facet normal -4.142168e-15  6.376309e-01  7.703421e-01
   outer loop
     vertex -1.220000e+02  4.785037e+02 -7.114711e+01
     vertex -1.307500e+02  4.782716e+02 -7.095497e+01
     vertex -1.220000e+02  4.782716e+02 -7.095497e+01
   endloop
 endfacet
 facet normal -1.462585e-15  4.347475e-01  9.005524e-01
   outer loop
     vertex -1.220000e+02  4.787751e+02 -7.127812e+01
     vertex -1.307500e+02  4.787751e+02 -7.127812e+01
     vertex -1.220000e+02  4.785037e+02 -7.114711e+01
   endloop
 endfacet
 facet normal -1.589059e-15  2.065983e-01  9.784259e-01
   outer loop
     vertex -1.220000e+02  4.790699e+02 -7.134038e+01
     vertex -1.307500e+02  4.790699e+02 -7.134038e+01
     vertex -1.307500e+02  4.787751e+02 -7.127812e+01
   endloop
 endfacet
 facet normal -1.588182e-15  2.065983e-01  9.784259e-01
   outer loop
     vertex -1.220000e+02  4.790699e+02 -7.134038e+01
     vertex -1.307500e+02  4.787751e+02 -7.127812e+01
     vertex -1.220000e+02  4.787751e+02 -7.127812e+01
   endloop
 endfacet
 facet normal  0.000000e+00  3.355772e-02 -9.994368e-01
   outer loop
     vertex -1.220000e+02  4.566301e+02 -7.941535e+01
     vertex -1.307500e+02  4.563290e+02 -7.942546e+01
     vertex -1.307500e+02  4.566301e+02 -7.941535e+01
   endloop
 endfacet
 facet normal  0.000000e+00  2.717635e-01 -9.623641e-01
   outer loop
     vertex -1.220000e+02  4.563290e+02 -7.942546e+01
     vertex -1.307500e+02  4.560390e+02 -7.950735e+01
     vertex -1.307500e+02  4.563290e+02 -7.942546e+01
   endloop
 endfacet
 facet normal  0.000000e+00  3.355772e-02 -9.994368e-01
   outer loop
     vertex -1.220000e+02  4.563290e+02 -7.942546e+01
     vertex -1.307500e+02  4.563290e+02 -7.942546e+01
     vertex -1.220000e+02  4.566301e+02 -7.941535e+01
   endloop
 endfacet
 facet normal  0.000000e+00  4.941753e-01 -8.693623e-01
   outer loop
     vertex -1.220000e+02  4.560390e+02 -7.950735e+01
     vertex -1.307500e+02  4.557770e+02 -7.965627e+01
     vertex -1.307500e+02  4.560390e+02 -7.950735e+01
   endloop
 endfacet
 facet normal  0.000000e+00  2.717635e-01 -9.623641e-01
   outer loop
     vertex -1.220000e+02  4.560390e+02 -7.950735e+01
     vertex -1.307500e+02  4.560390e+02 -7.950735e+01
     vertex -1.220000e+02  4.563290e+02 -7.942546e+01
   endloop
 endfacet
 facet normal -1.178829e-15  6.878675e-01 -7.258363e-01
   outer loop
     vertex -1.220000e+02  4.557770e+02 -7.965627e+01
     vertex -1.307500e+02  4.555583e+02 -7.986355e+01
     vertex -1.307500e+02  4.557770e+02 -7.965627e+01
   endloop
 endfacet
 facet normal -1.411929e-15  4.941753e-01 -8.693623e-01
   outer loop
     vertex -1.220000e+02  4.557770e+02 -7.965627e+01
     vertex -1.307500e+02  4.557770e+02 -7.965627e+01
     vertex -1.220000e+02  4.560390e+02 -7.950735e+01
   endloop
 endfacet
 facet normal  5.467254e-15  8.415833e-01 -5.401273e-01
   outer loop
     vertex -1.220000e+02  4.555583e+02 -7.986355e+01
     vertex -1.307500e+02  4.553955e+02 -8.011715e+01
     vertex -1.307500e+02  4.555583e+02 -7.986355e+01
   endloop
 endfacet
 facet normal  4.468656e-15  6.878675e-01 -7.258363e-01
   outer loop
     vertex -1.220000e+02  4.555583e+02 -7.986355e+01
     vertex -1.307500e+02  4.555583e+02 -7.986355e+01
     vertex -1.220000e+02  4.557770e+02 -7.965627e+01
   endloop
 endfacet
 facet normal  0.000000e+00  9.463894e-01 -3.230282e-01
   outer loop
     vertex -1.220000e+02  4.553955e+02 -8.011715e+01
     vertex -1.307500e+02  4.552982e+02 -8.040234e+01
     vertex -1.307500e+02  4.553955e+02 -8.011715e+01
   endloop
 endfacet
 facet normal  0.000000e+00  8.415833e-01 -5.401273e-01
   outer loop
     vertex -1.220000e+02  4.553955e+02 -8.011715e+01
     vertex -1.307500e+02  4.553955e+02 -8.011715e+01
     vertex -1.220000e+02  4.555583e+02 -7.986355e+01
   endloop
 endfacet
 facet normal  0.000000e+00  9.961947e-01 -8.715574e-02
   outer loop
     vertex -1.220000e+02  4.552982e+02 -8.040234e+01
     vertex -1.307500e+02  4.552719e+02 -8.070254e+01
     vertex -1.307500e+02  4.552982e+02 -8.040234e+01
   endloop
 endfacet
 facet normal  0.000000e+00  9.463894e-01 -3.230282e-01
   outer loop
     vertex -1.220000e+02  4.552982e+02 -8.040234e+01
     vertex -1.307500e+02  4.552982e+02 -8.040234e+01
     vertex -1.220000e+02  4.553955e+02 -8.011715e+01
   endloop
 endfacet
 facet normal -6.419115e-15  9.881048e-01  1.537818e-01
   outer loop
     vertex -1.220000e+02  4.552719e+02 -8.070254e+01
     vertex -1.307500e+02  4.553182e+02 -8.100029e+01
     vertex -1.307500e+02  4.552719e+02 -8.070254e+01
   endloop
 endfacet
 facet normal -6.471670e-15  9.961947e-01 -8.715574e-02
   outer loop
     vertex -1.220000e+02  4.552719e+02 -8.070254e+01
     vertex -1.307500e+02  4.552719e+02 -8.070254e+01
     vertex -1.220000e+02  4.552982e+02 -8.040234e+01
   endloop
 endfacet
 facet normal  2.497567e-16  9.881048e-01  1.537818e-01
   outer loop
     vertex -1.220000e+02  4.553182e+02 -8.100029e+01
     vertex -1.307500e+02  4.553182e+02 -8.100029e+01
     vertex -1.220000e+02  4.552719e+02 -8.070254e+01
   endloop
 endfacet
 facet normal -5.366956e-15  9.225899e-01  3.857822e-01
   outer loop
     vertex -1.220000e+02  4.554345e+02 -8.127831e+01
     vertex -1.307500e+02  4.554345e+02 -8.127831e+01
     vertex -1.307500e+02  4.553182e+02 -8.100029e+01
   endloop
 endfacet
 facet normal -4.252647e-15  8.034574e-01  5.953623e-01
   outer loop
     vertex -1.220000e+02  4.554345e+02 -8.127831e+01
     vertex -1.307500e+02  4.556139e+02 -8.152042e+01
     vertex -1.307500e+02  4.554345e+02 -8.127831e+01
   endloop
 endfacet
 facet normal  6.289569e-16  9.225899e-01  3.857822e-01
   outer loop
     vertex -1.220000e+02  4.554345e+02 -8.127831e+01
     vertex -1.307500e+02  4.553182e+02 -8.100029e+01
     vertex -1.220000e+02  4.553182e+02 -8.100029e+01
   endloop
 endfacet
 facet normal -9.669265e-16  8.034574e-01  5.953623e-01
   outer loop
     vertex -1.220000e+02  4.556139e+02 -8.152042e+01
     vertex -1.307500e+02  4.556139e+02 -8.152042e+01
     vertex -1.220000e+02  4.554345e+02 -8.127831e+01
   endloop
 endfacet
 facet normal -4.142299e-15  6.376309e-01  7.703421e-01
   outer loop
     vertex -1.220000e+02  4.558460e+02 -8.171257e+01
     vertex -1.307500e+02  4.558460e+02 -8.171257e+01
     vertex -1.307500e+02  4.556139e+02 -8.152042e+01
   endloop
 endfacet
 facet normal -2.824290e-15  4.347475e-01  9.005524e-01
   outer loop
     vertex -1.220000e+02  4.558460e+02 -8.171257e+01
     vertex -1.307500e+02  4.561174e+02 -8.184358e+01
     vertex -1.307500e+02  4.558460e+02 -8.171257e+01
   endloop
 endfacet
 facet normal -1.252650e-15  6.376309e-01  7.703421e-01
   outer loop
     vertex -1.220000e+02  4.558460e+02 -8.171257e+01
     vertex -1.307500e+02  4.556139e+02 -8.152042e+01
     vertex -1.220000e+02  4.556139e+02 -8.152042e+01
   endloop
 endfacet
 facet normal  0.000000e+00  4.347475e-01  9.005524e-01
   outer loop
     vertex -1.220000e+02  4.561174e+02 -8.184358e+01
     vertex -1.307500e+02  4.561174e+02 -8.184358e+01
     vertex -1.220000e+02  4.558460e+02 -8.171257e+01
   endloop
 endfacet
 facet normal  0.000000e+00  2.065983e-01  9.784259e-01
   outer loop
     vertex -1.220000e+02  4.564123e+02 -8.190583e+01
     vertex -1.307500e+02  4.564123e+02 -8.190583e+01
     vertex -1.307500e+02  4.561174e+02 -8.184358e+01
   endloop
 endfacet
 facet normal  0.000000e+00  2.065983e-01  9.784259e-01
   outer loop
     vertex -1.220000e+02  4.564123e+02 -8.190583e+01
     vertex -1.307500e+02  4.561174e+02 -8.184358e+01
     vertex -1.220000e+02  4.561174e+02 -8.184358e+01
   endloop
 endfacet
 facet normal  2.180041e-16  3.355772e-02 -9.994368e-01
   outer loop
     vertex -1.220000e+02  4.544513e+02 -1.043202e+02
     vertex -1.307500e+02  4.541501e+02 -1.043303e+02
     vertex -1.307500e+02  4.544513e+02 -1.043202e+02
   endloop
 endfacet
 facet normal  0.000000e+00  2.717635e-01 -9.623641e-01
   outer loop
     vertex -1.220000e+02  4.541501e+02 -1.043303e+02
     vertex -1.307500e+02  4.538601e+02 -1.044122e+02
     vertex -1.307500e+02  4.541501e+02 -1.043303e+02
   endloop
 endfacet
 facet normal  0.000000e+00  3.355772e-02 -9.994368e-01
   outer loop
     vertex -1.220000e+02  4.541501e+02 -1.043303e+02
     vertex -1.307500e+02  4.541501e+02 -1.043303e+02
     vertex -1.220000e+02  4.544513e+02 -1.043202e+02
   endloop
 endfacet
 facet normal  0.000000e+00  4.941753e-01 -8.693623e-01
   outer loop
     vertex -1.220000e+02  4.538601e+02 -1.044122e+02
     vertex -1.307500e+02  4.535981e+02 -1.045611e+02
     vertex -1.307500e+02  4.538601e+02 -1.044122e+02
   endloop
 endfacet
 facet normal  0.000000e+00  2.717635e-01 -9.623641e-01
   outer loop
     vertex -1.220000e+02  4.538601e+02 -1.044122e+02
     vertex -1.307500e+02  4.538601e+02 -1.044122e+02
     vertex -1.220000e+02  4.541501e+02 -1.043303e+02
   endloop
 endfacet
 facet normal  4.468656e-15  6.878675e-01 -7.258363e-01
   outer loop
     vertex -1.220000e+02  4.535981e+02 -1.045611e+02
     vertex -1.307500e+02  4.533794e+02 -1.047684e+02
     vertex -1.307500e+02  4.535981e+02 -1.045611e+02
   endloop
 endfacet
 facet normal  3.210356e-15  4.941753e-01 -8.693623e-01
   outer loop
     vertex -1.220000e+02  4.535981e+02 -1.045611e+02
     vertex -1.307500e+02  4.535981e+02 -1.045611e+02
     vertex -1.220000e+02  4.538601e+02 -1.044122e+02
   endloop
 endfacet
 facet normal -1.754439e-15  8.415833e-01 -5.401273e-01
   outer loop
     vertex -1.220000e+02  4.533794e+02 -1.047684e+02
     vertex -1.307500e+02  4.532166e+02 -1.050220e+02
     vertex -1.307500e+02  4.533794e+02 -1.047684e+02
   endloop
 endfacet
 facet normal -2.357658e-15  6.878675e-01 -7.258363e-01
   outer loop
     vertex -1.220000e+02  4.533794e+02 -1.047684e+02
     vertex -1.307500e+02  4.533794e+02 -1.047684e+02
     vertex -1.220000e+02  4.535981e+02 -1.045611e+02
   endloop
 endfacet
 facet normal  6.672744e-15  9.463894e-01 -3.230282e-01
   outer loop
     vertex -1.220000e+02  4.532166e+02 -1.050220e+02
     vertex -1.307500e+02  4.531193e+02 -1.053072e+02
     vertex -1.307500e+02  4.532166e+02 -1.050220e+02
   endloop
 endfacet
 facet normal  6.344474e-15  8.415833e-01 -5.401273e-01
   outer loop
     vertex -1.220000e+02  4.532166e+02 -1.050220e+02
     vertex -1.307500e+02  4.532166e+02 -1.050220e+02
     vertex -1.220000e+02  4.533794e+02 -1.047684e+02
   endloop
 endfacet
 facet normal -6.471670e-15  9.961947e-01 -8.715574e-02
   outer loop
     vertex -1.220000e+02  4.531193e+02 -1.053072e+02
     vertex -1.307500e+02  4.530930e+02 -1.056074e+02
     vertex -1.307500e+02  4.531193e+02 -1.053072e+02
   endloop
 endfacet
 facet normal -6.148115e-15  9.463894e-01 -3.230282e-01
   outer loop
     vertex -1.220000e+02  4.531193e+02 -1.053072e+02
     vertex -1.307500e+02  4.531193e+02 -1.053072e+02
     vertex -1.220000e+02  4.532166e+02 -1.050220e+02
   endloop
 endfacet
 facet normal -2.497567e-16  9.881048e-01  1.537818e-01
   outer loop
     vertex -1.220000e+02  4.530930e+02 -1.056074e+02
     vertex -1.307500e+02  4.531394e+02 -1.059052e+02
     vertex -1.307500e+02  4.530930e+02 -1.056074e+02
   endloop
 endfacet
 facet normal  1.415494e-16  9.961947e-01 -8.715574e-02
   outer loop
     vertex -1.220000e+02  4.530930e+02 -1.056074e+02
     vertex -1.307500e+02  4.530930e+02 -1.056074e+02
     vertex -1.220000e+02  4.531193e+02 -1.053072e+02
   endloop
 endfacet
 facet normal -5.993504e-15  9.225899e-01  3.857822e-01
   outer loop
     vertex -1.220000e+02  4.531394e+02 -1.059052e+02
     vertex -1.307500e+02  4.532556e+02 -1.061832e+02
     vertex -1.307500e+02  4.531394e+02 -1.059052e+02
   endloop
 endfacet
 facet normal -6.419115e-15  9.881048e-01  1.537818e-01
   outer loop
     vertex -1.220000e+02  4.531394e+02 -1.059052e+02
     vertex -1.307500e+02  4.531394e+02 -1.059052e+02
     vertex -1.220000e+02  4.530930e+02 -1.056074e+02
   endloop
 endfacet
 facet normal -9.669265e-16  8.034574e-01  5.953623e-01
   outer loop
     vertex -1.220000e+02  4.532556e+02 -1.061832e+02
     vertex -1.307500e+02  4.534350e+02 -1.064253e+02
     vertex -1.307500e+02  4.532556e+02 -1.061832e+02
   endloop
 endfacet
 facet normal -6.265479e-16  9.225899e-01  3.857822e-01
   outer loop
     vertex -1.220000e+02  4.532556e+02 -1.061832e+02
     vertex -1.307500e+02  4.532556e+02 -1.061832e+02
     vertex -1.220000e+02  4.531394e+02 -1.059052e+02
   endloop
 endfacet
 facet normal -5.219573e-15  8.034574e-01  5.953623e-01
   outer loop
     vertex -1.220000e+02  4.534350e+02 -1.064253e+02
     vertex -1.307500e+02  4.534350e+02 -1.064253e+02
     vertex -1.220000e+02  4.532556e+02 -1.061832e+02
   endloop
 endfacet
 facet normal  4.142299e-15  6.376309e-01  7.703421e-01
   outer loop
     vertex -1.220000e+02  4.536671e+02 -1.066174e+02
     vertex -1.307500e+02  4.536671e+02 -1.066174e+02
     vertex -1.307500e+02  4.534350e+02 -1.064253e+02
   endloop
 endfacet
 facet normal  2.824290e-15  4.347475e-01  9.005524e-01
   outer loop
     vertex -1.220000e+02  4.536671e+02 -1.066174e+02
     vertex -1.307500e+02  4.539385e+02 -1.067484e+02
     vertex -1.307500e+02  4.536671e+02 -1.066174e+02
   endloop
 endfacet
 facet normal -4.142168e-15  6.376309e-01  7.703421e-01
   outer loop
     vertex -1.220000e+02  4.536671e+02 -1.066174e+02
     vertex -1.307500e+02  4.534350e+02 -1.064253e+02
     vertex -1.220000e+02  4.534350e+02 -1.064253e+02
   endloop
 endfacet
 facet normal -1.462585e-15  4.347475e-01  9.005524e-01
   outer loop
     vertex -1.220000e+02  4.539385e+02 -1.067484e+02
     vertex -1.307500e+02  4.539385e+02 -1.067484e+02
     vertex -1.220000e+02  4.536671e+02 -1.066174e+02
   endloop
 endfacet
 facet normal -2.469160e-16  2.065983e-01  9.784259e-01
   outer loop
     vertex -1.220000e+02  4.542334e+02 -1.068107e+02
     vertex -1.307500e+02  4.542334e+02 -1.068107e+02
     vertex -1.307500e+02  4.539385e+02 -1.067484e+02
   endloop
 endfacet
 facet normal -1.588182e-15  2.065983e-01  9.784259e-01
   outer loop
     vertex -1.220000e+02  4.542334e+02 -1.068107e+02
     vertex -1.307500e+02  4.539385e+02 -1.067484e+02
     vertex -1.220000e+02  4.539385e+02 -1.067484e+02
   endloop
 endfacet
 facet normal  2.180041e-16  3.355772e-02 -9.994368e-01
   outer loop
     vertex -1.220000e+02  4.749301e+02 -1.186596e+02
     vertex -1.307500e+02  4.746289e+02 -1.186697e+02
     vertex -1.307500e+02  4.749301e+02 -1.186596e+02
   endloop
 endfacet
 facet normal  1.765482e-15  2.717635e-01 -9.623641e-01
   outer loop
     vertex -1.220000e+02  4.746289e+02 -1.186697e+02
     vertex -1.307500e+02  4.743389e+02 -1.187516e+02
     vertex -1.307500e+02  4.746289e+02 -1.186697e+02
   endloop
 endfacet
 facet normal  2.180041e-16  3.355772e-02 -9.994368e-01
   outer loop
     vertex -1.220000e+02  4.746289e+02 -1.186697e+02
     vertex -1.307500e+02  4.746289e+02 -1.186697e+02
     vertex -1.220000e+02  4.749301e+02 -1.186596e+02
   endloop
 endfacet
 facet normal -3.210356e-15  4.941753e-01 -8.693623e-01
   outer loop
     vertex -1.220000e+02  4.743389e+02 -1.187516e+02
     vertex -1.307500e+02  4.740769e+02 -1.189005e+02
     vertex -1.307500e+02  4.743389e+02 -1.187516e+02
   endloop
 endfacet
 facet normal -1.765482e-15  2.717635e-01 -9.623641e-01
   outer loop
     vertex -1.220000e+02  4.743389e+02 -1.187516e+02
     vertex -1.307500e+02  4.743389e+02 -1.187516e+02
     vertex -1.220000e+02  4.746289e+02 -1.186697e+02
   endloop
 endfacet
 facet normal  3.289827e-15  6.878675e-01 -7.258363e-01
   outer loop
     vertex -1.220000e+02  4.740769e+02 -1.189005e+02
     vertex -1.307500e+02  4.738582e+02 -1.191078e+02
     vertex -1.307500e+02  4.740769e+02 -1.189005e+02
   endloop
 endfacet
 facet normal  1.798427e-15  4.941753e-01 -8.693623e-01
   outer loop
     vertex -1.220000e+02  4.740769e+02 -1.189005e+02
     vertex -1.307500e+02  4.740769e+02 -1.189005e+02
     vertex -1.220000e+02  4.743389e+02 -1.187516e+02
   endloop
 endfacet
 facet normal  0.000000e+00  8.415833e-01 -5.401273e-01
   outer loop
     vertex -1.220000e+02  4.738582e+02 -1.191078e+02
     vertex -1.307500e+02  4.736954e+02 -1.193614e+02
     vertex -1.307500e+02  4.738582e+02 -1.191078e+02
   endloop
 endfacet
 facet normal  0.000000e+00  6.878675e-01 -7.258363e-01
   outer loop
     vertex -1.220000e+02  4.738582e+02 -1.191078e+02
     vertex -1.307500e+02  4.738582e+02 -1.191078e+02
     vertex -1.220000e+02  4.740769e+02 -1.189005e+02
   endloop
 endfacet
 facet normal -5.623486e-15  9.463894e-01 -3.230282e-01
   outer loop
     vertex -1.220000e+02  4.736954e+02 -1.193614e+02
     vertex -1.307500e+02  4.735981e+02 -1.196466e+02
     vertex -1.307500e+02  4.736954e+02 -1.193614e+02
   endloop
 endfacet
 facet normal -4.590034e-15  8.415833e-01 -5.401273e-01
   outer loop
     vertex -1.220000e+02  4.736954e+02 -1.193614e+02
     vertex -1.307500e+02  4.736954e+02 -1.193614e+02
     vertex -1.220000e+02  4.738582e+02 -1.191078e+02
   endloop
 endfacet
 facet normal -6.471670e-15  9.961947e-01 -8.715574e-02
   outer loop
     vertex -1.220000e+02  4.735981e+02 -1.196466e+02
     vertex -1.307500e+02  4.735718e+02 -1.199468e+02
     vertex -1.307500e+02  4.735981e+02 -1.196466e+02
   endloop
 endfacet
 facet normal -6.148115e-15  9.463894e-01 -3.230282e-01
   outer loop
     vertex -1.220000e+02  4.735981e+02 -1.196466e+02
     vertex -1.307500e+02  4.735981e+02 -1.196466e+02
     vertex -1.220000e+02  4.736954e+02 -1.193614e+02
   endloop
 endfacet
 facet normal -6.754769e-15  9.961947e-01 -8.715574e-02
   outer loop
     vertex -1.220000e+02  4.735718e+02 -1.199468e+02
     vertex -1.307500e+02  4.735718e+02 -1.199468e+02
     vertex -1.220000e+02  4.735981e+02 -1.196466e+02
   endloop
 endfacet
 facet normal -6.419115e-15  9.881048e-01  1.537818e-01
   outer loop
     vertex -1.220000e+02  4.736182e+02 -1.202446e+02
     vertex -1.307500e+02  4.736182e+02 -1.202446e+02
     vertex -1.307500e+02  4.735718e+02 -1.199468e+02
   endloop
 endfacet
 facet normal -5.993504e-15  9.225899e-01  3.857822e-01
   outer loop
     vertex -1.220000e+02  4.736182e+02 -1.202446e+02
     vertex -1.307500e+02  4.737344e+02 -1.205226e+02
     vertex -1.307500e+02  4.736182e+02 -1.202446e+02
   endloop
 endfacet
 facet normal -5.919826e-15  9.881048e-01  1.537818e-01
   outer loop
     vertex -1.220000e+02  4.736182e+02 -1.202446e+02
     vertex -1.307500e+02  4.735718e+02 -1.199468e+02
     vertex -1.220000e+02  4.735718e+02 -1.199468e+02
   endloop
 endfacet
 facet normal -1.136046e-14  9.225899e-01  3.857822e-01
   outer loop
     vertex -1.220000e+02  4.737344e+02 -1.205226e+02
     vertex -1.307500e+02  4.737344e+02 -1.205226e+02
     vertex -1.220000e+02  4.736182e+02 -1.202446e+02
   endloop
 endfacet
 facet normal -5.219573e-15  8.034574e-01  5.953623e-01
   outer loop
     vertex -1.220000e+02  4.739138e+02 -1.207647e+02
     vertex -1.307500e+02  4.739138e+02 -1.207647e+02
     vertex -1.307500e+02  4.737344e+02 -1.205226e+02
   endloop
 endfacet
 facet normal -4.142299e-15  6.376309e-01  7.703421e-01
   outer loop
     vertex -1.220000e+02  4.739138e+02 -1.207647e+02
     vertex -1.307500e+02  4.741459e+02 -1.209568e+02
     vertex -1.307500e+02  4.739138e+02 -1.207647e+02
   endloop
 endfacet
 facet normal -9.471196e-15  8.034574e-01  5.953623e-01
   outer loop
     vertex -1.220000e+02  4.739138e+02 -1.207647e+02
     vertex -1.307500e+02  4.737344e+02 -1.205226e+02
     vertex -1.220000e+02  4.737344e+02 -1.205226e+02
   endloop
 endfacet
 facet normal  1.251111e-15  6.376309e-01  7.703421e-01
   outer loop
     vertex -1.220000e+02  4.741459e+02 -1.209568e+02
     vertex -1.307500e+02  4.741459e+02 -1.209568e+02
     vertex -1.220000e+02  4.739138e+02 -1.207647e+02
   endloop
 endfacet
 facet normal -1.462585e-15  4.347475e-01  9.005524e-01
   outer loop
     vertex -1.220000e+02  4.744173e+02 -1.210879e+02
     vertex -1.307500e+02  4.744173e+02 -1.210879e+02
     vertex -1.307500e+02  4.741459e+02 -1.209568e+02
   endloop
 endfacet
 facet normal  1.463180e-15  4.347475e-01  9.005524e-01
   outer loop
     vertex -1.220000e+02  4.744173e+02 -1.210879e+02
     vertex -1.307500e+02  4.741459e+02 -1.209568e+02
     vertex -1.220000e+02  4.741459e+02 -1.209568e+02
   endloop
 endfacet
 facet normal  1.342143e-15  2.065983e-01  9.784259e-01
   outer loop
     vertex -1.220000e+02  4.747122e+02 -1.211501e+02
     vertex -1.307500e+02  4.747122e+02 -1.211501e+02
     vertex -1.307500e+02  4.744173e+02 -1.210879e+02
   endloop
 endfacet
 facet normal -1.589498e-15  2.065983e-01  9.784259e-01
   outer loop
     vertex -1.220000e+02  4.747122e+02 -1.211501e+02
     vertex -1.307500e+02  4.744173e+02 -1.210879e+02
     vertex -1.220000e+02  4.744173e+02 -1.210879e+02
   endloop
 endfacet
 facet normal  0.000000e+00  3.355772e-02 -9.994368e-01
   outer loop
     vertex -1.220000e+02  4.975877e+02 -1.080942e+02
     vertex -1.307500e+02  4.972866e+02 -1.081043e+02
     vertex -1.307500e+02  4.975877e+02 -1.080942e+02
   endloop
 endfacet
 facet normal  3.328455e-15  2.717635e-01 -9.623641e-01
   outer loop
     vertex -1.220000e+02  4.972866e+02 -1.081043e+02
     vertex -1.307500e+02  4.969966e+02 -1.081862e+02
     vertex -1.307500e+02  4.972866e+02 -1.081043e+02
   endloop
 endfacet
 facet normal  1.841187e-15  3.355772e-02 -9.994368e-01
   outer loop
     vertex -1.220000e+02  4.972866e+02 -1.081043e+02
     vertex -1.307500e+02  4.972866e+02 -1.081043e+02
     vertex -1.220000e+02  4.975877e+02 -1.080942e+02
   endloop
 endfacet
 facet normal  2.823858e-15  4.941753e-01 -8.693623e-01
   outer loop
     vertex -1.220000e+02  4.969966e+02 -1.081862e+02
     vertex -1.307500e+02  4.967346e+02 -1.083351e+02
     vertex -1.307500e+02  4.969966e+02 -1.081862e+02
   endloop
 endfacet
 facet normal  3.125947e-15  2.717635e-01 -9.623641e-01
   outer loop
     vertex -1.220000e+02  4.969966e+02 -1.081862e+02
     vertex -1.307500e+02  4.969966e+02 -1.081862e+02
     vertex -1.220000e+02  4.972866e+02 -1.081043e+02
   endloop
 endfacet
 facet normal  5.647485e-15  6.878675e-01 -7.258363e-01
   outer loop
     vertex -1.220000e+02  4.967346e+02 -1.083351e+02
     vertex -1.307500e+02  4.965159e+02 -1.085424e+02
     vertex -1.307500e+02  4.967346e+02 -1.083351e+02
   endloop
 endfacet
 facet normal  4.622285e-15  4.941753e-01 -8.693623e-01
   outer loop
     vertex -1.220000e+02  4.967346e+02 -1.083351e+02
     vertex -1.307500e+02  4.967346e+02 -1.083351e+02
     vertex -1.220000e+02  4.969966e+02 -1.081862e+02
   endloop
 endfacet
 facet normal  8.772196e-16  8.415833e-01 -5.401273e-01
   outer loop
     vertex -1.220000e+02  4.965159e+02 -1.085424e+02
     vertex -1.307500e+02  4.963531e+02 -1.087960e+02
     vertex -1.307500e+02  4.965159e+02 -1.085424e+02
   endloop
 endfacet
 facet normal  1.178829e-15  6.878675e-01 -7.258363e-01
   outer loop
     vertex -1.220000e+02  4.965159e+02 -1.085424e+02
     vertex -1.307500e+02  4.965159e+02 -1.085424e+02
     vertex -1.220000e+02  4.967346e+02 -1.083351e+02
   endloop
 endfacet
 facet normal -6.148115e-15  9.463894e-01 -3.230282e-01
   outer loop
     vertex -1.220000e+02  4.963531e+02 -1.087960e+02
     vertex -1.307500e+02  4.962558e+02 -1.090812e+02
     vertex -1.307500e+02  4.963531e+02 -1.087960e+02
   endloop
 endfacet
 facet normal -5.467254e-15  8.415833e-01 -5.401273e-01
   outer loop
     vertex -1.220000e+02  4.963531e+02 -1.087960e+02
     vertex -1.307500e+02  4.963531e+02 -1.087960e+02
     vertex -1.220000e+02  4.965159e+02 -1.085424e+02
   endloop
 endfacet
 facet normal -6.471670e-15  9.961947e-01 -8.715574e-02
   outer loop
     vertex -1.220000e+02  4.962558e+02 -1.090812e+02
     vertex -1.307500e+02  4.962295e+02 -1.093814e+02
     vertex -1.307500e+02  4.962558e+02 -1.090812e+02
   endloop
 endfacet
 facet normal -6.148115e-15  9.463894e-01 -3.230282e-01
   outer loop
     vertex -1.220000e+02  4.962558e+02 -1.090812e+02
     vertex -1.307500e+02  4.962558e+02 -1.090812e+02
     vertex -1.220000e+02  4.963531e+02 -1.087960e+02
   endloop
 endfacet
 facet normal -6.668872e-15  9.881048e-01  1.537818e-01
   outer loop
     vertex -1.220000e+02  4.962295e+02 -1.093814e+02
     vertex -1.307500e+02  4.962758e+02 -1.096791e+02
     vertex -1.307500e+02  4.962295e+02 -1.093814e+02
   endloop
 endfacet
 facet normal -6.330121e-15  9.961947e-01 -8.715574e-02
   outer loop
     vertex -1.220000e+02  4.962295e+02 -1.093814e+02
     vertex -1.307500e+02  4.962295e+02 -1.093814e+02
     vertex -1.220000e+02  4.962558e+02 -1.090812e+02
   endloop
 endfacet
 facet normal -6.169358e-15  9.881048e-01  1.537818e-01
   outer loop
     vertex -1.220000e+02  4.962758e+02 -1.096791e+02
     vertex -1.307500e+02  4.962758e+02 -1.096791e+02
     vertex -1.220000e+02  4.962295e+02 -1.093814e+02
   endloop
 endfacet
 facet normal -6.620052e-15  9.225899e-01  3.857822e-01
   outer loop
     vertex -1.220000e+02  4.963921e+02 -1.099571e+02
     vertex -1.307500e+02  4.963921e+02 -1.099571e+02
     vertex -1.307500e+02  4.962758e+02 -1.096791e+02
   endloop
 endfacet
 facet normal -6.186500e-15  8.034574e-01  5.953623e-01
   outer loop
     vertex -1.220000e+02  4.963921e+02 -1.099571e+02
     vertex -1.307500e+02  4.965715e+02 -1.101992e+02
     vertex -1.307500e+02  4.963921e+02 -1.099571e+02
   endloop
 endfacet
 facet normal -5.365870e-15  9.225899e-01  3.857822e-01
   outer loop
     vertex -1.220000e+02  4.963921e+02 -1.099571e+02
     vertex -1.307500e+02  4.962758e+02 -1.096791e+02
     vertex -1.220000e+02  4.962758e+02 -1.096791e+02
   endloop
 endfacet
 facet normal -5.219573e-15  8.034574e-01  5.953623e-01
   outer loop
     vertex -1.220000e+02  4.965715e+02 -1.101992e+02
     vertex -1.307500e+02  4.965715e+02 -1.101992e+02
     vertex -1.220000e+02  4.963921e+02 -1.099571e+02
   endloop
 endfacet
 facet normal  0.000000e+00  6.376309e-01  7.703421e-01
   outer loop
     vertex -1.220000e+02  4.968036e+02 -1.103914e+02
     vertex -1.307500e+02  4.968036e+02 -1.103914e+02
     vertex -1.307500e+02  4.965715e+02 -1.101992e+02
   endloop
 endfacet
 facet normal  0.000000e+00  4.347475e-01  9.005524e-01
   outer loop
     vertex -1.220000e+02  4.968036e+02 -1.103914e+02
     vertex -1.307500e+02  4.970750e+02 -1.105224e+02
     vertex -1.307500e+02  4.968036e+02 -1.103914e+02
   endloop
 endfacet
 facet normal -4.142168e-15  6.376309e-01  7.703421e-01
   outer loop
     vertex -1.220000e+02  4.968036e+02 -1.103914e+02
     vertex -1.307500e+02  4.965715e+02 -1.101992e+02
     vertex -1.220000e+02  4.965715e+02 -1.101992e+02
   endloop
 endfacet
 facet normal  0.000000e+00  4.347475e-01  9.005524e-01
   outer loop
     vertex -1.220000e+02  4.970750e+02 -1.105224e+02
     vertex -1.307500e+02  4.970750e+02 -1.105224e+02
     vertex -1.220000e+02  4.968036e+02 -1.103914e+02
   endloop
 endfacet
 facet normal  1.342143e-15  2.065983e-01  9.784259e-01
   outer loop
     vertex -1.220000e+02  4.973699e+02 -1.105847e+02
     vertex -1.307500e+02  4.973699e+02 -1.105847e+02
     vertex -1.307500e+02  4.970750e+02 -1.105224e+02
   endloop
 endfacet
 facet normal  0.000000e+00  2.065983e-01  9.784259e-01
   outer loop
     vertex -1.220000e+02  4.973699e+02 -1.105847e+02
     vertex -1.307500e+02  4.970750e+02 -1.105224e+02
     vertex -1.220000e+02  4.970750e+02 -1.105224e+02
   endloop
 endfacet
 facet normal -2.180041e-16  3.355772e-02 -9.994368e-01
   outer loop
     vertex -1.220000e+02  4.997666e+02 -8.318930e+01
     vertex -1.307500e+02  4.994655e+02 -8.319941e+01
     vertex -1.307500e+02  4.997666e+02 -8.318930e+01
   endloop
 endfacet
 facet normal  3.328455e-15  2.717635e-01 -9.623641e-01
   outer loop
     vertex -1.220000e+02  4.994655e+02 -8.319941e+01
     vertex -1.307500e+02  4.991755e+02 -8.328131e+01
     vertex -1.307500e+02  4.994655e+02 -8.319941e+01
   endloop
 endfacet
 facet normal  1.841187e-15  3.355772e-02 -9.994368e-01
   outer loop
     vertex -1.220000e+02  4.994655e+02 -8.319941e+01
     vertex -1.307500e+02  4.994655e+02 -8.319941e+01
     vertex -1.220000e+02  4.997666e+02 -8.318930e+01
   endloop
 endfacet
 facet normal  3.210356e-15  4.941753e-01 -8.693623e-01
   outer loop
     vertex -1.220000e+02  4.991755e+02 -8.328131e+01
     vertex -1.307500e+02  4.989135e+02 -8.343022e+01
     vertex -1.307500e+02  4.991755e+02 -8.328131e+01
   endloop
 endfacet
 facet normal  1.765482e-15  2.717635e-01 -9.623641e-01
   outer loop
     vertex -1.220000e+02  4.991755e+02 -8.328131e+01
     vertex -1.307500e+02  4.991755e+02 -8.328131e+01
     vertex -1.220000e+02  4.994655e+02 -8.319941e+01
   endloop
 endfacet
 facet normal  0.000000e+00  6.878675e-01 -7.258363e-01
   outer loop
     vertex -1.220000e+02  4.989135e+02 -8.343022e+01
     vertex -1.307500e+02  4.986948e+02 -8.363750e+01
     vertex -1.307500e+02  4.989135e+02 -8.343022e+01
   endloop
 endfacet
 facet normal  0.000000e+00  4.941753e-01 -8.693623e-01
   outer loop
     vertex -1.220000e+02  4.989135e+02 -8.343022e+01
     vertex -1.307500e+02  4.989135e+02 -8.343022e+01
     vertex -1.220000e+02  4.991755e+02 -8.328131e+01
   endloop
 endfacet
 facet normal  5.467254e-15  8.415833e-01 -5.401273e-01
   outer loop
     vertex -1.220000e+02  4.986948e+02 -8.363750e+01
     vertex -1.307500e+02  4.985320e+02 -8.389111e+01
     vertex -1.307500e+02  4.986948e+02 -8.363750e+01
   endloop
 endfacet
 facet normal  4.468656e-15  6.878675e-01 -7.258363e-01
   outer loop
     vertex -1.220000e+02  4.986948e+02 -8.363750e+01
     vertex -1.307500e+02  4.986948e+02 -8.363750e+01
     vertex -1.220000e+02  4.989135e+02 -8.343022e+01
   endloop
 endfacet
 facet normal  6.148115e-15  9.463894e-01 -3.230282e-01
   outer loop
     vertex -1.220000e+02  4.985320e+02 -8.389111e+01
     vertex -1.307500e+02  4.984347e+02 -8.417630e+01
     vertex -1.307500e+02  4.985320e+02 -8.389111e+01
   endloop
 endfacet
 facet normal  5.467254e-15  8.415833e-01 -5.401273e-01
   outer loop
     vertex -1.220000e+02  4.985320e+02 -8.389111e+01
     vertex -1.307500e+02  4.985320e+02 -8.389111e+01
     vertex -1.220000e+02  4.986948e+02 -8.363750e+01
   endloop
 endfacet
 facet normal  0.000000e+00  9.961947e-01 -8.715574e-02
   outer loop
     vertex -1.220000e+02  4.984347e+02 -8.417630e+01
     vertex -1.307500e+02  4.984084e+02 -8.447649e+01
     vertex -1.307500e+02  4.984347e+02 -8.417630e+01
   endloop
 endfacet
 facet normal  0.000000e+00  9.463894e-01 -3.230282e-01
   outer loop
     vertex -1.220000e+02  4.984347e+02 -8.417630e+01
     vertex -1.307500e+02  4.984347e+02 -8.417630e+01
     vertex -1.220000e+02  4.985320e+02 -8.389111e+01
   endloop
 endfacet
 facet normal  0.000000e+00  9.881048e-01  1.537818e-01
   outer loop
     vertex -1.220000e+02  4.984084e+02 -8.447649e+01
     vertex -1.307500e+02  4.984547e+02 -8.477425e+01
     vertex -1.307500e+02  4.984084e+02 -8.447649e+01
   endloop
 endfacet
 facet normal  0.000000e+00  9.961947e-01 -8.715574e-02
   outer loop
     vertex -1.220000e+02  4.984084e+02 -8.447649e+01
     vertex -1.307500e+02  4.984084e+02 -8.447649e+01
     vertex -1.220000e+02  4.984347e+02 -8.417630e+01
   endloop
 endfacet
 facet normal  6.419115e-15  9.881048e-01  1.537818e-01
   outer loop
     vertex -1.220000e+02  4.984547e+02 -8.477425e+01
     vertex -1.307500e+02  4.984547e+02 -8.477425e+01
     vertex -1.220000e+02  4.984084e+02 -8.447649e+01
   endloop
 endfacet
 facet normal  5.993504e-15  9.225899e-01  3.857822e-01
   outer loop
     vertex -1.220000e+02  4.985710e+02 -8.505226e+01
     vertex -1.307500e+02  4.985710e+02 -8.505226e+01
     vertex -1.307500e+02  4.984547e+02 -8.477425e+01
   endloop
 endfacet
 facet normal  5.219573e-15  8.034574e-01  5.953623e-01
   outer loop
     vertex -1.220000e+02  4.985710e+02 -8.505226e+01
     vertex -1.307500e+02  4.987504e+02 -8.529438e+01
     vertex -1.307500e+02  4.985710e+02 -8.505226e+01
   endloop
 endfacet
 facet normal  5.992196e-15  9.225899e-01  3.857822e-01
   outer loop
     vertex -1.220000e+02  4.985710e+02 -8.505226e+01
     vertex -1.307500e+02  4.984547e+02 -8.477425e+01
     vertex -1.220000e+02  4.984547e+02 -8.477425e+01
   endloop
 endfacet
 facet normal  0.000000e+00  8.034574e-01  5.953623e-01
   outer loop
     vertex -1.220000e+02  4.987504e+02 -8.529438e+01
     vertex -1.307500e+02  4.987504e+02 -8.529438e+01
     vertex -1.220000e+02  4.985710e+02 -8.505226e+01
   endloop
 endfacet
 facet normal -4.142299e-15  6.376309e-01  7.703421e-01
   outer loop
     vertex -1.220000e+02  4.989825e+02 -8.548652e+01
     vertex -1.307500e+02  4.989825e+02 -8.548652e+01
     vertex -1.307500e+02  4.987504e+02 -8.529438e+01
   endloop
 endfacet
 facet normal -2.824290e-15  4.347475e-01  9.005524e-01
   outer loop
     vertex -1.220000e+02  4.989825e+02 -8.548652e+01
     vertex -1.307500e+02  4.992539e+02 -8.561753e+01
     vertex -1.307500e+02  4.989825e+02 -8.548652e+01
   endloop
 endfacet
 facet normal  0.000000e+00  6.376309e-01  7.703421e-01
   outer loop
     vertex -1.220000e+02  4.989825e+02 -8.548652e+01
     vertex -1.307500e+02  4.987504e+02 -8.529438e+01
     vertex -1.220000e+02  4.987504e+02 -8.529438e+01
   endloop
 endfacet
 facet normal -2.824290e-15  4.347475e-01  9.005524e-01
   outer loop
     vertex -1.220000e+02  4.992539e+02 -8.561753e+01
     vertex -1.307500e+02  4.992539e+02 -8.561753e+01
     vertex -1.220000e+02  4.989825e+02 -8.548652e+01
   endloop
 endfacet
 facet normal -1.589059e-15  2.065983e-01  9.784259e-01
   outer loop
     vertex -1.220000e+02  4.995488e+02 -8.567979e+01
     vertex -1.307500e+02  4.995488e+02 -8.567979e+01
     vertex -1.307500e+02  4.992539e+02 -8.561753e+01
   endloop
 endfacet
 facet normal -1.342126e-15  2.065983e-01  9.784259e-01
   outer loop
     vertex -1.220000e+02  4.995488e+02 -8.567979e+01
     vertex -1.307500e+02  4.992539e+02 -8.561753e+01
     vertex -1.220000e+02  4.992539e+02 -8.561753e+01
   endloop
 endfacet
 facet normal  0.000000e+00  2.065983e-01  9.784259e-01
   outer loop
     vertex -1.307500e+02  4.951622e+02 -9.330955e+01
     vertex -1.282500e+02  4.955632e+02 -9.339422e+01
     vertex -1.307500e+02  4.955632e+02 -9.339422e+01
   endloop
 endfacet
 facet normal  4.697501e-15  2.065983e-01  9.784259e-01
   outer loop
     vertex -1.307500e+02  4.951622e+02 -9.330955e+01
     vertex -1.282500e+02  4.951622e+02 -9.330955e+01
     vertex -1.282500e+02  4.955632e+02 -9.339422e+01
   endloop
 endfacet
 facet normal  4.765967e-15  4.347475e-01  9.005524e-01
   outer loop
     vertex -1.307500e+02  4.947931e+02 -9.313138e+01
     vertex -1.282500e+02  4.947931e+02 -9.313138e+01
     vertex -1.282500e+02  4.951622e+02 -9.330955e+01
   endloop
 endfacet
 facet normal  9.887920e-15  4.347475e-01  9.005524e-01
   outer loop
     vertex -1.307500e+02  4.947931e+02 -9.313138e+01
     vertex -1.282500e+02  4.951622e+02 -9.330955e+01
     vertex -1.307500e+02  4.951622e+02 -9.330955e+01
   endloop
 endfacet
 facet normal -1.887693e-14  6.376309e-01  7.703421e-01
   outer loop
     vertex -1.307500e+02  4.944774e+02 -9.287006e+01
     vertex -1.282500e+02  4.944774e+02 -9.287006e+01
     vertex -1.282500e+02  4.947931e+02 -9.313138e+01
   endloop
 endfacet
 facet normal  1.011819e-14  6.376309e-01  7.703421e-01
   outer loop
     vertex -1.307500e+02  4.944774e+02 -9.287006e+01
     vertex -1.282500e+02  4.947931e+02 -9.313138e+01
     vertex -1.307500e+02  4.947931e+02 -9.313138e+01
   endloop
 endfacet
 facet normal -3.384243e-15  8.034574e-01  5.953623e-01
   outer loop
     vertex -1.307500e+02  4.942334e+02 -9.254078e+01
     vertex -1.282500e+02  4.942334e+02 -9.254078e+01
     vertex -1.282500e+02  4.944774e+02 -9.287006e+01
   endloop
 endfacet
 facet normal -2.164506e-14  8.034574e-01  5.953623e-01
   outer loop
     vertex -1.307500e+02  4.942334e+02 -9.254078e+01
     vertex -1.282500e+02  4.944774e+02 -9.287006e+01
     vertex -1.307500e+02  4.944774e+02 -9.287006e+01
   endloop
 endfacet
 facet normal  2.097727e-14  9.225899e-01  3.857822e-01
   outer loop
     vertex -1.307500e+02  4.940753e+02 -9.216268e+01
     vertex -1.282500e+02  4.940753e+02 -9.216268e+01
     vertex -1.282500e+02  4.942334e+02 -9.254078e+01
   endloop
 endfacet
 facet normal -2.194306e-15  9.225899e-01  3.857822e-01
   outer loop
     vertex -1.307500e+02  4.940753e+02 -9.216268e+01
     vertex -1.282500e+02  4.942334e+02 -9.254078e+01
     vertex -1.307500e+02  4.942334e+02 -9.254078e+01
   endloop
 endfacet
 facet normal -8.741486e-16  9.881048e-01  1.537818e-01
   outer loop
     vertex -1.307500e+02  4.940123e+02 -9.175773e+01
     vertex -1.282500e+02  4.940123e+02 -9.175773e+01
     vertex -1.282500e+02  4.940753e+02 -9.216268e+01
   endloop
 endfacet
 facet normal  2.246793e-14  9.881048e-01  1.537818e-01
   outer loop
     vertex -1.307500e+02  4.940123e+02 -9.175773e+01
     vertex -1.282500e+02  4.940753e+02 -9.216268e+01
     vertex -1.307500e+02  4.940753e+02 -9.216268e+01
   endloop
 endfacet
 facet normal  2.265084e-14  9.961947e-01 -8.715574e-02
   outer loop
     vertex -1.307500e+02  4.940480e+02 -9.134947e+01
     vertex -1.282500e+02  4.940480e+02 -9.134947e+01
     vertex -1.282500e+02  4.940123e+02 -9.175773e+01
   endloop
 endfacet
 facet normal  4.960891e-16  9.961947e-01 -8.715574e-02
   outer loop
     vertex -1.307500e+02  4.940480e+02 -9.134947e+01
     vertex -1.282500e+02  4.940123e+02 -9.175773e+01
     vertex -1.307500e+02  4.940123e+02 -9.175773e+01
   endloop
 endfacet
 facet normal -2.151840e-14  9.463894e-01 -3.230282e-01
   outer loop
     vertex -1.307500e+02  4.941804e+02 -9.096161e+01
     vertex -1.282500e+02  4.941804e+02 -9.096161e+01
     vertex -1.282500e+02  4.940480e+02 -9.134947e+01
   endloop
 endfacet
 facet normal  2.152316e-14  9.463894e-01 -3.230282e-01
   outer loop
     vertex -1.307500e+02  4.941804e+02 -9.096161e+01
     vertex -1.282500e+02  4.940480e+02 -9.134947e+01
     vertex -1.307500e+02  4.940480e+02 -9.134947e+01
   endloop
 endfacet
 facet normal  0.000000e+00  6.878675e-01 -7.258363e-01
   outer loop
     vertex -1.307500e+02  4.944018e+02 -9.061671e+01
     vertex -1.282500e+02  4.946992e+02 -9.033481e+01
     vertex -1.282500e+02  4.944018e+02 -9.061671e+01
   endloop
 endfacet
 facet normal  0.000000e+00  8.415833e-01 -5.401273e-01
   outer loop
     vertex -1.307500e+02  4.944018e+02 -9.061671e+01
     vertex -1.282500e+02  4.944018e+02 -9.061671e+01
     vertex -1.282500e+02  4.941804e+02 -9.096161e+01
   endloop
 endfacet
 facet normal -1.913922e-14  8.415833e-01 -5.401273e-01
   outer loop
     vertex -1.307500e+02  4.944018e+02 -9.061671e+01
     vertex -1.282500e+02  4.941804e+02 -9.096161e+01
     vertex -1.307500e+02  4.941804e+02 -9.096161e+01
   endloop
 endfacet
 facet normal  1.123625e-14  4.941753e-01 -8.693623e-01
   outer loop
     vertex -1.307500e+02  4.946992e+02 -9.033481e+01
     vertex -1.282500e+02  4.950555e+02 -9.013228e+01
     vertex -1.282500e+02  4.946992e+02 -9.033481e+01
   endloop
 endfacet
 facet normal  1.564030e-14  6.878675e-01 -7.258363e-01
   outer loop
     vertex -1.307500e+02  4.946992e+02 -9.033481e+01
     vertex -1.282500e+02  4.946992e+02 -9.033481e+01
     vertex -1.307500e+02  4.944018e+02 -9.061671e+01
   endloop
 endfacet
 facet normal  1.123625e-14  4.941753e-01 -8.693623e-01
   outer loop
     vertex -1.307500e+02  4.950555e+02 -9.013228e+01
     vertex -1.282500e+02  4.950555e+02 -9.013228e+01
     vertex -1.307500e+02  4.946992e+02 -9.033481e+01
   endloop
 endfacet
 facet normal  0.000000e+00  3.355772e-02 -9.994368e-01
   outer loop
     vertex -1.307500e+02  4.954499e+02 -9.002091e+01
     vertex -1.282500e+02  4.958595e+02 -9.000715e+01
     vertex -1.282500e+02  4.954499e+02 -9.002091e+01
   endloop
 endfacet
 facet normal  0.000000e+00  2.717635e-01 -9.623641e-01
   outer loop
     vertex -1.307500e+02  4.954499e+02 -9.002091e+01
     vertex -1.282500e+02  4.954499e+02 -9.002091e+01
     vertex -1.282500e+02  4.950555e+02 -9.013228e+01
   endloop
 endfacet
 facet normal  6.183336e-15  2.717635e-01 -9.623641e-01
   outer loop
     vertex -1.307500e+02  4.954499e+02 -9.002091e+01
     vertex -1.282500e+02  4.950555e+02 -9.013228e+01
     vertex -1.307500e+02  4.950555e+02 -9.013228e+01
   endloop
 endfacet
 facet normal  7.630143e-16  3.355772e-02 -9.994368e-01
   outer loop
     vertex -1.307500e+02  4.958595e+02 -9.000715e+01
     vertex -1.282500e+02  4.958595e+02 -9.000715e+01
     vertex -1.307500e+02  4.954499e+02 -9.002091e+01
   endloop
 endfacet
 facet normal  4.700148e-15  2.065983e-01  9.784259e-01
   outer loop
     vertex -1.307500e+02  4.797502e+02 -1.153202e+02
     vertex -1.282500e+02  4.801512e+02 -1.154049e+02
     vertex -1.307500e+02  4.801512e+02 -1.154049e+02
   endloop
 endfacet
 facet normal  4.697501e-15  2.065983e-01  9.784259e-01
   outer loop
     vertex -1.307500e+02  4.797502e+02 -1.153202e+02
     vertex -1.282500e+02  4.797502e+02 -1.153202e+02
     vertex -1.282500e+02  4.801512e+02 -1.154049e+02
   endloop
 endfacet
 facet normal  4.765967e-15  4.347475e-01  9.005524e-01
   outer loop
     vertex -1.307500e+02  4.793811e+02 -1.151420e+02
     vertex -1.282500e+02  4.793811e+02 -1.151420e+02
     vertex -1.282500e+02  4.797502e+02 -1.153202e+02
   endloop
 endfacet
 facet normal  9.887920e-15  4.347475e-01  9.005524e-01
   outer loop
     vertex -1.307500e+02  4.793811e+02 -1.151420e+02
     vertex -1.282500e+02  4.797502e+02 -1.153202e+02
     vertex -1.307500e+02  4.797502e+02 -1.153202e+02
   endloop
 endfacet
 facet normal  1.449805e-14  6.376309e-01  7.703421e-01
   outer loop
     vertex -1.307500e+02  4.790654e+02 -1.148807e+02
     vertex -1.282500e+02  4.790654e+02 -1.148807e+02
     vertex -1.282500e+02  4.793811e+02 -1.151420e+02
   endloop
 endfacet
 facet normal  1.011819e-14  6.376309e-01  7.703421e-01
   outer loop
     vertex -1.307500e+02  4.790654e+02 -1.148807e+02
     vertex -1.282500e+02  4.793811e+02 -1.151420e+02
     vertex -1.307500e+02  4.793811e+02 -1.151420e+02
   endloop
 endfacet
 facet normal  1.826851e-14  8.034574e-01  5.953623e-01
   outer loop
     vertex -1.307500e+02  4.788214e+02 -1.145514e+02
     vertex -1.282500e+02  4.788214e+02 -1.145514e+02
     vertex -1.282500e+02  4.790654e+02 -1.148807e+02
   endloop
 endfacet
 facet normal  1.827233e-14  8.034574e-01  5.953623e-01
   outer loop
     vertex -1.307500e+02  4.788214e+02 -1.145514e+02
     vertex -1.282500e+02  4.790654e+02 -1.148807e+02
     vertex -1.307500e+02  4.790654e+02 -1.148807e+02
   endloop
 endfacet
 facet normal -0.000000e+00  9.225899e-01  3.857822e-01
   outer loop
     vertex -1.307500e+02  4.786633e+02 -1.141733e+02
     vertex -1.282500e+02  4.786633e+02 -1.141733e+02
     vertex -1.282500e+02  4.788214e+02 -1.145514e+02
   endloop
 endfacet
 facet normal  2.097458e-14  9.225899e-01  3.857822e-01
   outer loop
     vertex -1.307500e+02  4.786633e+02 -1.141733e+02
     vertex -1.282500e+02  4.788214e+02 -1.145514e+02
     vertex -1.307500e+02  4.788214e+02 -1.145514e+02
   endloop
 endfacet
 facet normal  2.159275e-14  9.881048e-01  1.537818e-01
   outer loop
     vertex -1.307500e+02  4.786003e+02 -1.137684e+02
     vertex -1.282500e+02  4.786003e+02 -1.137684e+02
     vertex -1.282500e+02  4.786633e+02 -1.141733e+02
   endloop
 endfacet
 facet normal  0.000000e+00  9.881048e-01  1.537818e-01
   outer loop
     vertex -1.307500e+02  4.786003e+02 -1.137684e+02
     vertex -1.282500e+02  4.786633e+02 -1.141733e+02
     vertex -1.307500e+02  4.786633e+02 -1.141733e+02
   endloop
 endfacet
 facet normal  2.265084e-14  9.961947e-01 -8.715574e-02
   outer loop
     vertex -1.307500e+02  4.786360e+02 -1.133601e+02
     vertex -1.282500e+02  4.786360e+02 -1.133601e+02
     vertex -1.282500e+02  4.786003e+02 -1.137684e+02
   endloop
 endfacet
 facet normal  2.314518e-14  9.961947e-01 -8.715574e-02
   outer loop
     vertex -1.307500e+02  4.786360e+02 -1.133601e+02
     vertex -1.282500e+02  4.786003e+02 -1.137684e+02
     vertex -1.307500e+02  4.786003e+02 -1.137684e+02
   endloop
 endfacet
 facet normal  2.151840e-14  9.463894e-01 -3.230282e-01
   outer loop
     vertex -1.307500e+02  4.787684e+02 -1.129723e+02
     vertex -1.282500e+02  4.787684e+02 -1.129723e+02
     vertex -1.282500e+02  4.786360e+02 -1.133601e+02
   endloop
 endfacet
 facet normal  2.151639e-14  9.463894e-01 -3.230282e-01
   outer loop
     vertex -1.307500e+02  4.787684e+02 -1.129723e+02
     vertex -1.282500e+02  4.786360e+02 -1.133601e+02
     vertex -1.307500e+02  4.786360e+02 -1.133601e+02
   endloop
 endfacet
 facet normal  1.564030e-14  6.878675e-01 -7.258363e-01
   outer loop
     vertex -1.307500e+02  4.789897e+02 -1.126274e+02
     vertex -1.282500e+02  4.792872e+02 -1.123455e+02
     vertex -1.282500e+02  4.789897e+02 -1.126274e+02
   endloop
 endfacet
 facet normal  1.913539e-14  8.415833e-01 -5.401273e-01
   outer loop
     vertex -1.307500e+02  4.789897e+02 -1.126274e+02
     vertex -1.282500e+02  4.789897e+02 -1.126274e+02
     vertex -1.282500e+02  4.787684e+02 -1.129723e+02
   endloop
 endfacet
 facet normal  1.913922e-14  8.415833e-01 -5.401273e-01
   outer loop
     vertex -1.307500e+02  4.789897e+02 -1.126274e+02
     vertex -1.282500e+02  4.787684e+02 -1.129723e+02
     vertex -1.307500e+02  4.787684e+02 -1.129723e+02
   endloop
 endfacet
 facet normal  1.123625e-14  4.941753e-01 -8.693623e-01
   outer loop
     vertex -1.307500e+02  4.792872e+02 -1.123455e+02
     vertex -1.282500e+02  4.796435e+02 -1.121429e+02
     vertex -1.282500e+02  4.792872e+02 -1.123455e+02
   endloop
 endfacet
 facet normal  1.564030e-14  6.878675e-01 -7.258363e-01
   outer loop
     vertex -1.307500e+02  4.792872e+02 -1.123455e+02
     vertex -1.282500e+02  4.792872e+02 -1.123455e+02
     vertex -1.307500e+02  4.789897e+02 -1.126274e+02
   endloop
 endfacet
 facet normal  1.123625e-14  4.941753e-01 -8.693623e-01
   outer loop
     vertex -1.307500e+02  4.796435e+02 -1.121429e+02
     vertex -1.282500e+02  4.796435e+02 -1.121429e+02
     vertex -1.307500e+02  4.792872e+02 -1.123455e+02
   endloop
 endfacet
 facet normal  5.681140e-15  3.355772e-02 -9.994368e-01
   outer loop
     vertex -1.307500e+02  4.800379e+02 -1.120316e+02
     vertex -1.282500e+02  4.804475e+02 -1.120178e+02
     vertex -1.282500e+02  4.800379e+02 -1.120316e+02
   endloop
 endfacet
 facet normal  5.470406e-15  2.717635e-01 -9.623641e-01
   outer loop
     vertex -1.307500e+02  4.800379e+02 -1.120316e+02
     vertex -1.282500e+02  4.800379e+02 -1.120316e+02
     vertex -1.282500e+02  4.796435e+02 -1.121429e+02
   endloop
 endfacet
 facet normal  6.176564e-15  2.717635e-01 -9.623641e-01
   outer loop
     vertex -1.307500e+02  4.800379e+02 -1.120316e+02
     vertex -1.282500e+02  4.796435e+02 -1.121429e+02
     vertex -1.307500e+02  4.796435e+02 -1.121429e+02
   endloop
 endfacet
 facet normal  7.630143e-16  3.355772e-02 -9.994368e-01
   outer loop
     vertex -1.307500e+02  4.804475e+02 -1.120178e+02
     vertex -1.282500e+02  4.804475e+02 -1.120178e+02
     vertex -1.307500e+02  4.800379e+02 -1.120316e+02
   endloop
 endfacet
 facet normal  4.700148e-15  2.065983e-01  9.784259e-01
   outer loop
     vertex -1.307500e+02  4.577395e+02 -9.990818e+01
     vertex -1.282500e+02  4.581405e+02 -9.999285e+01
     vertex -1.307500e+02  4.581405e+02 -9.999285e+01
   endloop
 endfacet
 facet normal  4.697501e-15  2.065983e-01  9.784259e-01
   outer loop
     vertex -1.307500e+02  4.577395e+02 -9.990818e+01
     vertex -1.282500e+02  4.577395e+02 -9.990818e+01
     vertex -1.282500e+02  4.581405e+02 -9.999285e+01
   endloop
 endfacet
 facet normal  9.885015e-15  4.347475e-01  9.005524e-01
   outer loop
     vertex -1.307500e+02  4.573704e+02 -9.973001e+01
     vertex -1.282500e+02  4.573704e+02 -9.973001e+01
     vertex -1.282500e+02  4.577395e+02 -9.990818e+01
   endloop
 endfacet
 facet normal  9.887920e-15  4.347475e-01  9.005524e-01
   outer loop
     vertex -1.307500e+02  4.573704e+02 -9.973001e+01
     vertex -1.282500e+02  4.577395e+02 -9.990818e+01
     vertex -1.307500e+02  4.577395e+02 -9.990818e+01
   endloop
 endfacet
 facet normal  1.011916e-14  6.376309e-01  7.703421e-01
   outer loop
     vertex -1.307500e+02  4.570547e+02 -9.946869e+01
     vertex -1.282500e+02  4.570547e+02 -9.946869e+01
     vertex -1.282500e+02  4.573704e+02 -9.973001e+01
   endloop
 endfacet
 facet normal  1.450680e-14  6.376309e-01  7.703421e-01
   outer loop
     vertex -1.307500e+02  4.570547e+02 -9.946869e+01
     vertex -1.282500e+02  4.573704e+02 -9.973001e+01
     vertex -1.307500e+02  4.573704e+02 -9.973001e+01
   endloop
 endfacet
 facet normal  1.826851e-14  8.034574e-01  5.953623e-01
   outer loop
     vertex -1.307500e+02  4.568107e+02 -9.913941e+01
     vertex -1.282500e+02  4.568107e+02 -9.913941e+01
     vertex -1.282500e+02  4.570547e+02 -9.946869e+01
   endloop
 endfacet
 facet normal  1.488606e-14  8.034574e-01  5.953623e-01
   outer loop
     vertex -1.307500e+02  4.568107e+02 -9.913941e+01
     vertex -1.282500e+02  4.570547e+02 -9.946869e+01
     vertex -1.307500e+02  4.570547e+02 -9.946869e+01
   endloop
 endfacet
 facet normal -2.192918e-15  9.225899e-01  3.857822e-01
   outer loop
     vertex -1.307500e+02  4.566526e+02 -9.876131e+01
     vertex -1.282500e+02  4.566526e+02 -9.876131e+01
     vertex -1.282500e+02  4.568107e+02 -9.913941e+01
   endloop
 endfacet
 facet normal  2.098135e-14  9.225899e-01  3.857822e-01
   outer loop
     vertex -1.307500e+02  4.566526e+02 -9.876131e+01
     vertex -1.282500e+02  4.568107e+02 -9.913941e+01
     vertex -1.307500e+02  4.568107e+02 -9.913941e+01
   endloop
 endfacet
 facet normal -0.000000e+00  9.881048e-01  1.537818e-01
   outer loop
     vertex -1.307500e+02  4.565896e+02 -9.835636e+01
     vertex -1.282500e+02  4.565896e+02 -9.835636e+01
     vertex -1.282500e+02  4.566526e+02 -9.876131e+01
   endloop
 endfacet
 facet normal -8.770450e-16  9.881048e-01  1.537818e-01
   outer loop
     vertex -1.307500e+02  4.565896e+02 -9.835636e+01
     vertex -1.282500e+02  4.566526e+02 -9.876131e+01
     vertex -1.307500e+02  4.566526e+02 -9.876131e+01
   endloop
 endfacet
 facet normal  2.314627e-14  9.961947e-01 -8.715574e-02
   outer loop
     vertex -1.307500e+02  4.566253e+02 -9.794810e+01
     vertex -1.282500e+02  4.566253e+02 -9.794810e+01
     vertex -1.282500e+02  4.565896e+02 -9.835636e+01
   endloop
 endfacet
 facet normal  0.000000e+00  9.961947e-01 -8.715574e-02
   outer loop
     vertex -1.307500e+02  4.566253e+02 -9.794810e+01
     vertex -1.282500e+02  4.565896e+02 -9.835636e+01
     vertex -1.307500e+02  4.565896e+02 -9.835636e+01
   endloop
 endfacet
 facet normal  2.151840e-14  9.463894e-01 -3.230282e-01
   outer loop
     vertex -1.307500e+02  4.567577e+02 -9.756024e+01
     vertex -1.282500e+02  4.567577e+02 -9.756024e+01
     vertex -1.282500e+02  4.566253e+02 -9.794810e+01
   endloop
 endfacet
 facet normal  2.335175e-14  9.463894e-01 -3.230282e-01
   outer loop
     vertex -1.307500e+02  4.567577e+02 -9.756024e+01
     vertex -1.282500e+02  4.566253e+02 -9.794810e+01
     vertex -1.307500e+02  4.566253e+02 -9.794810e+01
   endloop
 endfacet
 facet normal  1.564030e-14  6.878675e-01 -7.258363e-01
   outer loop
     vertex -1.307500e+02  4.569791e+02 -9.721534e+01
     vertex -1.282500e+02  4.572765e+02 -9.693344e+01
     vertex -1.282500e+02  4.569791e+02 -9.721534e+01
   endloop
 endfacet
 facet normal  1.913539e-14  8.415833e-01 -5.401273e-01
   outer loop
     vertex -1.307500e+02  4.569791e+02 -9.721534e+01
     vertex -1.282500e+02  4.569791e+02 -9.721534e+01
     vertex -1.282500e+02  4.567577e+02 -9.756024e+01
   endloop
 endfacet
 facet normal  1.913922e-14  8.415833e-01 -5.401273e-01
   outer loop
     vertex -1.307500e+02  4.569791e+02 -9.721534e+01
     vertex -1.282500e+02  4.567577e+02 -9.756024e+01
     vertex -1.307500e+02  4.567577e+02 -9.756024e+01
   endloop
 endfacet
 facet normal  1.123625e-14  4.941753e-01 -8.693623e-01
   outer loop
     vertex -1.307500e+02  4.572765e+02 -9.693344e+01
     vertex -1.282500e+02  4.576328e+02 -9.673091e+01
     vertex -1.282500e+02  4.572765e+02 -9.693344e+01
   endloop
 endfacet
 facet normal  1.564030e-14  6.878675e-01 -7.258363e-01
   outer loop
     vertex -1.307500e+02  4.572765e+02 -9.693344e+01
     vertex -1.282500e+02  4.572765e+02 -9.693344e+01
     vertex -1.307500e+02  4.569791e+02 -9.721534e+01
   endloop
 endfacet
 facet normal  1.123625e-14  4.941753e-01 -8.693623e-01
   outer loop
     vertex -1.307500e+02  4.576328e+02 -9.673091e+01
     vertex -1.282500e+02  4.576328e+02 -9.673091e+01
     vertex -1.307500e+02  4.572765e+02 -9.693344e+01
   endloop
 endfacet
 facet normal  0.000000e+00  3.355772e-02 -9.994368e-01
   outer loop
     vertex -1.307500e+02  4.580272e+02 -9.661954e+01
     vertex -1.282500e+02  4.584368e+02 -9.660578e+01
     vertex -1.282500e+02  4.580272e+02 -9.661954e+01
   endloop
 endfacet
 facet normal  0.000000e+00  2.717635e-01 -9.623641e-01
   outer loop
     vertex -1.307500e+02  4.580272e+02 -9.661954e+01
     vertex -1.282500e+02  4.580272e+02 -9.661954e+01
     vertex -1.282500e+02  4.576328e+02 -9.673091e+01
   endloop
 endfacet
 facet normal  6.176564e-15  2.717635e-01 -9.623641e-01
   outer loop
     vertex -1.307500e+02  4.580272e+02 -9.661954e+01
     vertex -1.282500e+02  4.576328e+02 -9.673091e+01
     vertex -1.307500e+02  4.576328e+02 -9.673091e+01
   endloop
 endfacet
 facet normal  7.207169e-15  3.355772e-02 -9.994368e-01
   outer loop
     vertex -1.307500e+02  4.584368e+02 -9.660578e+01
     vertex -1.282500e+02  4.584368e+02 -9.660578e+01
     vertex -1.307500e+02  4.580272e+02 -9.661954e+01
   endloop
 endfacet
 facet normal  4.693376e-15  2.065983e-01  9.784259e-01
   outer loop
     vertex -1.307500e+02  4.731515e+02 -7.789751e+01
     vertex -1.282500e+02  4.735525e+02 -7.798218e+01
     vertex -1.307500e+02  4.735525e+02 -7.798218e+01
   endloop
 endfacet
 facet normal -0.000000e+00  2.065983e-01  9.784259e-01
   outer loop
     vertex -1.307500e+02  4.731515e+02 -7.789751e+01
     vertex -1.282500e+02  4.731515e+02 -7.789751e+01
     vertex -1.282500e+02  4.735525e+02 -7.798218e+01
   endloop
 endfacet
 facet normal  9.885015e-15  4.347475e-01  9.005524e-01
   outer loop
     vertex -1.307500e+02  4.727825e+02 -7.771934e+01
     vertex -1.282500e+02  4.727825e+02 -7.771934e+01
     vertex -1.282500e+02  4.731515e+02 -7.789751e+01
   endloop
 endfacet
 facet normal  0.000000e+00  4.347475e-01  9.005524e-01
   outer loop
     vertex -1.307500e+02  4.727825e+02 -7.771934e+01
     vertex -1.282500e+02  4.731515e+02 -7.789751e+01
     vertex -1.307500e+02  4.731515e+02 -7.789751e+01
   endloop
 endfacet
 facet normal  1.449805e-14  6.376309e-01  7.703421e-01
   outer loop
     vertex -1.307500e+02  4.724668e+02 -7.745803e+01
     vertex -1.282500e+02  4.724668e+02 -7.745803e+01
     vertex -1.282500e+02  4.727825e+02 -7.771934e+01
   endloop
 endfacet
 facet normal  1.449325e-14  6.376309e-01  7.703421e-01
   outer loop
     vertex -1.307500e+02  4.724668e+02 -7.745803e+01
     vertex -1.282500e+02  4.727825e+02 -7.771934e+01
     vertex -1.307500e+02  4.727825e+02 -7.771934e+01
   endloop
 endfacet
 facet normal  1.488426e-14  8.034574e-01  5.953623e-01
   outer loop
     vertex -1.307500e+02  4.722228e+02 -7.712875e+01
     vertex -1.282500e+02  4.722228e+02 -7.712875e+01
     vertex -1.282500e+02  4.724668e+02 -7.745803e+01
   endloop
 endfacet
 facet normal  1.825879e-14  8.034574e-01  5.953623e-01
   outer loop
     vertex -1.307500e+02  4.722228e+02 -7.712875e+01
     vertex -1.282500e+02  4.724668e+02 -7.745803e+01
     vertex -1.307500e+02  4.724668e+02 -7.745803e+01
   endloop
 endfacet
 facet normal  1.878435e-14  9.225899e-01  3.857822e-01
   outer loop
     vertex -1.307500e+02  4.720647e+02 -7.675065e+01
     vertex -1.282500e+02  4.720647e+02 -7.675065e+01
     vertex -1.282500e+02  4.722228e+02 -7.712875e+01
   endloop
 endfacet
 facet normal  1.878705e-14  9.225899e-01  3.857822e-01
   outer loop
     vertex -1.307500e+02  4.720647e+02 -7.675065e+01
     vertex -1.282500e+02  4.722228e+02 -7.712875e+01
     vertex -1.307500e+02  4.722228e+02 -7.712875e+01
   endloop
 endfacet
 facet normal  2.246690e-14  9.881048e-01  1.537818e-01
   outer loop
     vertex -1.307500e+02  4.720016e+02 -7.634570e+01
     vertex -1.282500e+02  4.720016e+02 -7.634570e+01
     vertex -1.282500e+02  4.720647e+02 -7.675065e+01
   endloop
 endfacet
 facet normal  2.159088e-14  9.881048e-01  1.537818e-01
   outer loop
     vertex -1.307500e+02  4.720016e+02 -7.634570e+01
     vertex -1.282500e+02  4.720647e+02 -7.675065e+01
     vertex -1.307500e+02  4.720647e+02 -7.675065e+01
   endloop
 endfacet
 facet normal  2.314627e-14  9.961947e-01 -8.715574e-02
   outer loop
     vertex -1.307500e+02  4.720374e+02 -7.593744e+01
     vertex -1.282500e+02  4.720374e+02 -7.593744e+01
     vertex -1.282500e+02  4.720016e+02 -7.634570e+01
   endloop
 endfacet
 facet normal  2.265079e-14  9.961947e-01 -8.715574e-02
   outer loop
     vertex -1.307500e+02  4.720374e+02 -7.593744e+01
     vertex -1.282500e+02  4.720016e+02 -7.634570e+01
     vertex -1.307500e+02  4.720016e+02 -7.634570e+01
   endloop
 endfacet
 facet normal  0.000000e+00  9.463894e-01 -3.230282e-01
   outer loop
     vertex -1.307500e+02  4.721697e+02 -7.554958e+01
     vertex -1.282500e+02  4.721697e+02 -7.554958e+01
     vertex -1.282500e+02  4.720374e+02 -7.593744e+01
   endloop
 endfacet
 facet normal  2.335175e-14  9.463894e-01 -3.230282e-01
   outer loop
     vertex -1.307500e+02  4.721697e+02 -7.554958e+01
     vertex -1.282500e+02  4.720374e+02 -7.593744e+01
     vertex -1.307500e+02  4.720374e+02 -7.593744e+01
   endloop
 endfacet
 facet normal  1.976620e-14  6.878675e-01 -7.258363e-01
   outer loop
     vertex -1.307500e+02  4.723911e+02 -7.520468e+01
     vertex -1.282500e+02  4.726886e+02 -7.492278e+01
     vertex -1.282500e+02  4.723911e+02 -7.520468e+01
   endloop
 endfacet
 facet normal  2.220566e-14  8.415833e-01 -5.401273e-01
   outer loop
     vertex -1.307500e+02  4.723911e+02 -7.520468e+01
     vertex -1.282500e+02  4.723911e+02 -7.520468e+01
     vertex -1.282500e+02  4.721697e+02 -7.554958e+01
   endloop
 endfacet
 facet normal  0.000000e+00  8.415833e-01 -5.401273e-01
   outer loop
     vertex -1.307500e+02  4.723911e+02 -7.520468e+01
     vertex -1.282500e+02  4.721697e+02 -7.554958e+01
     vertex -1.307500e+02  4.721697e+02 -7.554958e+01
   endloop
 endfacet
 facet normal  0.000000e+00  4.941753e-01 -8.693623e-01
   outer loop
     vertex -1.307500e+02  4.726886e+02 -7.492278e+01
     vertex -1.282500e+02  4.730449e+02 -7.472025e+01
     vertex -1.282500e+02  4.726886e+02 -7.492278e+01
   endloop
 endfacet
 facet normal  0.000000e+00  6.878675e-01 -7.258363e-01
   outer loop
     vertex -1.307500e+02  4.726886e+02 -7.492278e+01
     vertex -1.282500e+02  4.726886e+02 -7.492278e+01
     vertex -1.307500e+02  4.723911e+02 -7.520468e+01
   endloop
 endfacet
 facet normal  4.941752e-15  4.941753e-01 -8.693623e-01
   outer loop
     vertex -1.307500e+02  4.730449e+02 -7.472025e+01
     vertex -1.282500e+02  4.730449e+02 -7.472025e+01
     vertex -1.307500e+02  4.726886e+02 -7.492278e+01
   endloop
 endfacet
 facet normal  5.681140e-15  3.355772e-02 -9.994368e-01
   outer loop
     vertex -1.307500e+02  4.734393e+02 -7.460887e+01
     vertex -1.282500e+02  4.738488e+02 -7.459512e+01
     vertex -1.282500e+02  4.734393e+02 -7.460887e+01
   endloop
 endfacet
 facet normal  5.470406e-15  2.717635e-01 -9.623641e-01
   outer loop
     vertex -1.307500e+02  4.734393e+02 -7.460887e+01
     vertex -1.282500e+02  4.734393e+02 -7.460887e+01
     vertex -1.282500e+02  4.730449e+02 -7.472025e+01
   endloop
 endfacet
 facet normal  5.472219e-15  2.717635e-01 -9.623641e-01
   outer loop
     vertex -1.307500e+02  4.734393e+02 -7.460887e+01
     vertex -1.282500e+02  4.730449e+02 -7.472025e+01
     vertex -1.307500e+02  4.730449e+02 -7.472025e+01
   endloop
 endfacet
 facet normal  5.681140e-15  3.355772e-02 -9.994368e-01
   outer loop
     vertex -1.307500e+02  4.738488e+02 -7.459512e+01
     vertex -1.282500e+02  4.738488e+02 -7.459512e+01
     vertex -1.307500e+02  4.734393e+02 -7.460887e+01
   endloop
 endfacet
 facet normal -1.000000e+00  9.476604e-14  3.711846e-14
   outer loop
     vertex -1.307500e+02  4.984417e+02 -1.101364e+02
     vertex -1.307500e+02  4.994099e+02 -1.126082e+02
     vertex -1.307500e+02  4.982230e+02 -1.103437e+02
   endloop
 endfacet
 facet normal -1.000000e+00  5.496884e-15 -9.670219e-15
   outer loop
     vertex -1.307500e+02  4.979610e+02 -1.104926e+02
     vertex -1.307500e+02  4.982230e+02 -1.103437e+02
     vertex -1.307500e+02  4.994099e+02 -1.126082e+02
   endloop
 endfacet
 facet normal -1.000000e+00 -1.514388e-14 -4.475242e-15
   outer loop
     vertex -1.307500e+02  4.986045e+02 -1.098828e+02
     vertex -1.307500e+02  5.020024e+02 -1.086795e+02
     vertex -1.307500e+02  4.994099e+02 -1.126082e+02
   endloop
 endfacet
 facet normal -1.000000e+00  0.000000e+00 -0.000000e+00
   outer loop
     vertex -1.307500e+02  4.986045e+02 -1.098828e+02
     vertex -1.307500e+02  4.994099e+02 -1.126082e+02
     vertex -1.307500e+02  4.984417e+02 -1.101364e+02
   endloop
 endfacet
 facet normal -1.000000e+00  3.179053e-15 -1.125761e-14
   outer loop
     vertex -1.307500e+02  4.976710e+02 -1.105745e+02
     vertex -1.307500e+02  4.979610e+02 -1.104926e+02
     vertex -1.307500e+02  4.994099e+02 -1.126082e+02
   endloop
 endfacet
 facet normal -1.000000e+00 -1.902897e-14  6.495100e-15
   outer loop
     vertex -1.307500e+02  4.987018e+02 -1.095977e+02
     vertex -1.307500e+02  5.020024e+02 -1.086795e+02
     vertex -1.307500e+02  4.986045e+02 -1.098828e+02
   endloop
 endfacet
 facet normal -1.000000e+00  1.150490e-14 -2.447019e-15
   outer loop
     vertex -1.307500e+02  4.973699e+02 -1.105847e+02
     vertex -1.307500e+02  4.994099e+02 -1.126082e+02
     vertex -1.307500e+02  4.962060e+02 -1.160566e+02
   endloop
 endfacet
 facet normal -1.000000e+00  4.561650e-16 -1.358579e-14
   outer loop
     vertex -1.307500e+02  4.973699e+02 -1.105847e+02
     vertex -1.307500e+02  4.976710e+02 -1.105745e+02
     vertex -1.307500e+02  4.994099e+02 -1.126082e+02
   endloop
 endfacet
 facet normal -1.000000e+00 -1.765174e-14  1.544327e-15
   outer loop
     vertex -1.307500e+02  4.987281e+02 -1.092975e+02
     vertex -1.307500e+02  5.020024e+02 -1.086795e+02
     vertex -1.307500e+02  4.987018e+02 -1.095977e+02
   endloop
 endfacet
 facet normal -1.000000e+00  0.000000e+00 -0.000000e+00
   outer loop
     vertex -1.307500e+02  4.970750e+02 -1.105224e+02
     vertex -1.307500e+02  4.973699e+02 -1.105847e+02
     vertex -1.307500e+02  4.962060e+02 -1.160566e+02
   endloop
 endfacet
 facet normal -1.000000e+00 -1.686489e-14 -2.624736e-15
   outer loop
     vertex -1.307500e+02  4.986818e+02 -1.089997e+02
     vertex -1.307500e+02  5.020024e+02 -1.086795e+02
     vertex -1.307500e+02  4.987281e+02 -1.092975e+02
   endloop
 endfacet
 facet normal -1.000000e+00  0.000000e+00 -0.000000e+00
   outer loop
     vertex -1.307500e+02  4.968036e+02 -1.103914e+02
     vertex -1.307500e+02  4.970750e+02 -1.105224e+02
     vertex -1.307500e+02  4.962060e+02 -1.160566e+02
   endloop
 endfacet
 facet normal -1.000000e+00 -1.645449e-14 -6.880468e-15
   outer loop
     vertex -1.307500e+02  4.985655e+02 -1.087217e+02
     vertex -1.307500e+02  5.020024e+02 -1.086795e+02
     vertex -1.307500e+02  4.986818e+02 -1.089997e+02
   endloop
 endfacet
 facet normal -1.000000e+00  0.000000e+00 -0.000000e+00
   outer loop
     vertex -1.307500e+02  4.965715e+02 -1.101992e+02
     vertex -1.307500e+02  4.968036e+02 -1.103914e+02
     vertex -1.307500e+02  4.962060e+02 -1.160566e+02
   endloop
 endfacet
 facet normal -1.000000e+00 -1.638984e-14 -1.214488e-14
   outer loop
     vertex -1.307500e+02  4.983861e+02 -1.084796e+02
     vertex -1.307500e+02  5.020024e+02 -1.086795e+02
     vertex -1.307500e+02  4.985655e+02 -1.087217e+02
   endloop
 endfacet
 facet normal -1.000000e+00  0.000000e+00  0.000000e+00
   outer loop
     vertex -1.307500e+02  4.963921e+02 -1.099571e+02
     vertex -1.307500e+02  4.962060e+02 -1.160566e+02
     vertex -1.307500e+02  4.924783e+02 -1.189306e+02
   endloop
 endfacet
 facet normal -1.000000e+00  0.000000e+00 -0.000000e+00
   outer loop
     vertex -1.307500e+02  4.963921e+02 -1.099571e+02
     vertex -1.307500e+02  4.965715e+02 -1.101992e+02
     vertex -1.307500e+02  4.962060e+02 -1.160566e+02
   endloop
 endfacet
 facet normal -1.000000e+00 -7.065514e-15  3.137996e-15
   outer loop
     vertex -1.307500e+02  4.981540e+02 -1.082874e+02
     vertex -1.307500e+02  5.039130e+02 -1.043776e+02
     vertex -1.307500e+02  5.020024e+02 -1.086795e+02
   endloop
 endfacet
 facet normal -1.000000e+00 -2.560508e-14 -1.788525e-13
   outer loop
     vertex -1.307500e+02  4.981540e+02 -1.082874e+02
     vertex -1.307500e+02  5.020024e+02 -1.086795e+02
     vertex -1.307500e+02  4.983861e+02 -1.084796e+02
   endloop
 endfacet
 facet normal -1.000000e+00  0.000000e+00 -0.000000e+00
   outer loop
     vertex -1.307500e+02  4.962758e+02 -1.096791e+02
     vertex -1.307500e+02  4.963921e+02 -1.099571e+02
     vertex -1.307500e+02  4.924783e+02 -1.189306e+02
   endloop
 endfacet
 facet normal -1.000000e+00 -2.050935e-15 -4.248385e-15
   outer loop
     vertex -1.307500e+02  4.978826e+02 -1.081564e+02
     vertex -1.307500e+02  5.039130e+02 -1.043776e+02
     vertex -1.307500e+02  4.981540e+02 -1.082874e+02
   endloop
 endfacet
 facet normal -1.000000e+00 -1.187886e-15 -5.625693e-15
   outer loop
     vertex -1.307500e+02  4.975877e+02 -1.080942e+02
     vertex -1.307500e+02  5.039130e+02 -1.043776e+02
     vertex -1.307500e+02  4.978826e+02 -1.081564e+02
   endloop
 endfacet
 facet normal -1.000000e+00  6.026514e-15 -2.547297e-15
   outer loop
     vertex -1.307500e+02  4.755653e+02 -1.209092e+02
     vertex -1.307500e+02  4.792230e+02 -1.234132e+02
     vertex -1.307500e+02  4.745161e+02 -1.233915e+02
   endloop
 endfacet
 facet normal -1.000000e+00  4.511441e-15 -4.760463e-15
   outer loop
     vertex -1.307500e+02  4.757840e+02 -1.207019e+02
     vertex -1.307500e+02  4.792230e+02 -1.234132e+02
     vertex -1.307500e+02  4.755653e+02 -1.209092e+02
   endloop
 endfacet
 facet normal -1.000000e+00  0.000000e+00 -0.000000e+00
   outer loop
     vertex -1.307500e+02  4.753033e+02 -1.210581e+02
     vertex -1.307500e+02  4.755653e+02 -1.209092e+02
     vertex -1.307500e+02  4.745161e+02 -1.233915e+02
   endloop
 endfacet
 facet normal -1.000000e+00  5.487785e-15 -3.522055e-15
   outer loop
     vertex -1.307500e+02  4.759468e+02 -1.204483e+02
     vertex -1.307500e+02  4.792230e+02 -1.234132e+02
     vertex -1.307500e+02  4.757840e+02 -1.207019e+02
   endloop
 endfacet
 facet normal -1.000000e+00  0.000000e+00 -0.000000e+00
   outer loop
     vertex -1.307500e+02  4.750133e+02 -1.211400e+02
     vertex -1.307500e+02  4.753033e+02 -1.210581e+02
     vertex -1.307500e+02  4.745161e+02 -1.233915e+02
   endloop
 endfacet
 facet normal -1.000000e+00  6.627848e-15 -2.262263e-15
   outer loop
     vertex -1.307500e+02  4.760441e+02 -1.201631e+02
     vertex -1.307500e+02  4.792230e+02 -1.234132e+02
     vertex -1.307500e+02  4.759468e+02 -1.204483e+02
   endloop
 endfacet
 facet normal -1.000000e+00  0.000000e+00 -0.000000e+00
   outer loop
     vertex -1.307500e+02  4.747122e+02 -1.211501e+02
     vertex -1.307500e+02  4.750133e+02 -1.211400e+02
     vertex -1.307500e+02  4.745161e+02 -1.233915e+02
   endloop
 endfacet
 facet normal -1.000000e+00  8.206686e-15 -7.179920e-16
   outer loop
     vertex -1.307500e+02  4.760704e+02 -1.198629e+02
     vertex -1.307500e+02  4.792230e+02 -1.234132e+02
     vertex -1.307500e+02  4.760441e+02 -1.201631e+02
   endloop
 endfacet
 facet normal -1.000000e+00  0.000000e+00  0.000000e+00
   outer loop
     vertex -1.307500e+02  4.744173e+02 -1.210879e+02
     vertex -1.307500e+02  4.747122e+02 -1.211501e+02
     vertex -1.307500e+02  4.745161e+02 -1.233915e+02
   endloop
 endfacet
 facet normal -1.000000e+00 -2.227753e-15  6.587590e-15
   outer loop
     vertex -1.307500e+02  4.816089e+02 -1.147953e+02
     vertex -1.307500e+02  4.883283e+02 -1.211518e+02
     vertex -1.307500e+02  4.838694e+02 -1.226598e+02
   endloop
 endfacet
 facet normal -1.000000e+00 -5.383408e-15  5.680561e-15
   outer loop
     vertex -1.307500e+02  4.816089e+02 -1.147953e+02
     vertex -1.307500e+02  4.838694e+02 -1.226598e+02
     vertex -1.307500e+02  4.813114e+02 -1.150772e+02
   endloop
 endfacet
 facet normal -1.000000e+00 -3.575675e-15  6.290393e-15
   outer loop
     vertex -1.307500e+02  4.809551e+02 -1.152798e+02
     vertex -1.307500e+02  4.813114e+02 -1.150772e+02
     vertex -1.307500e+02  4.838694e+02 -1.226598e+02
   endloop
 endfacet
 facet normal -1.000000e+00  0.000000e+00  0.000000e+00
   outer loop
     vertex -1.307500e+02  4.741459e+02 -1.209568e+02
     vertex -1.307500e+02  4.744173e+02 -1.210879e+02
     vertex -1.307500e+02  4.745161e+02 -1.233915e+02
   endloop
 endfacet
 facet normal -1.000000e+00 -5.263747e-15  3.378268e-15
   outer loop
     vertex -1.307500e+02  4.818303e+02 -1.144504e+02
     vertex -1.307500e+02  4.883283e+02 -1.211518e+02
     vertex -1.307500e+02  4.816089e+02 -1.147953e+02
   endloop
 endfacet
 facet normal -1.000000e+00 -1.257403e-14  2.096774e-15
   outer loop
     vertex -1.307500e+02  4.805607e+02 -1.153911e+02
     vertex -1.307500e+02  4.838694e+02 -1.226598e+02
     vertex -1.307500e+02  4.792230e+02 -1.234132e+02
   endloop
 endfacet
 facet normal -1.000000e+00 -1.956869e-15  6.929630e-15
   outer loop
     vertex -1.307500e+02  4.805607e+02 -1.153911e+02
     vertex -1.307500e+02  4.809551e+02 -1.152798e+02
     vertex -1.307500e+02  4.838694e+02 -1.226598e+02
   endloop
 endfacet
 facet normal -1.000000e+00 -4.625564e-15 -4.153437e-15
   outer loop
     vertex -1.307500e+02  4.819626e+02 -1.140626e+02
     vertex -1.307500e+02  4.924783e+02 -1.189306e+02
     vertex -1.307500e+02  4.883283e+02 -1.211518e+02
   endloop
 endfacet
 facet normal -1.000000e+00 -1.182634e-13 -1.061924e-13
   outer loop
     vertex -1.307500e+02  4.819626e+02 -1.140626e+02
     vertex -1.307500e+02  4.883283e+02 -1.211518e+02
     vertex -1.307500e+02  4.818303e+02 -1.144504e+02
   endloop
 endfacet
 facet normal -1.000000e+00  0.000000e+00  0.000000e+00
   outer loop
     vertex -1.307500e+02  4.739138e+02 -1.207647e+02
     vertex -1.307500e+02  4.741459e+02 -1.209568e+02
     vertex -1.307500e+02  4.745161e+02 -1.233915e+02
   endloop
 endfacet
 facet normal -1.000000e+00  0.000000e+00 -0.000000e+00
   outer loop
     vertex -1.307500e+02  4.801512e+02 -1.154049e+02
     vertex -1.307500e+02  4.805607e+02 -1.153911e+02
     vertex -1.307500e+02  4.792230e+02 -1.234132e+02
   endloop
 endfacet
 facet normal -1.000000e+00  7.974474e-15 -9.241971e-16
   outer loop
     vertex -1.307500e+02  4.801512e+02 -1.154049e+02
     vertex -1.307500e+02  4.792230e+02 -1.234132e+02
     vertex -1.307500e+02  4.760704e+02 -1.198629e+02
   endloop
 endfacet
 facet normal -1.000000e+00  5.952730e-15  9.264420e-16
   outer loop
     vertex -1.307500e+02  4.801512e+02 -1.154049e+02
     vertex -1.307500e+02  4.760704e+02 -1.198629e+02
     vertex -1.307500e+02  4.760241e+02 -1.195652e+02
   endloop
 endfacet
 facet normal -1.000000e+00 -2.597599e-15  2.272605e-16
   outer loop
     vertex -1.307500e+02  4.819984e+02 -1.136543e+02
     vertex -1.307500e+02  4.924783e+02 -1.189306e+02
     vertex -1.307500e+02  4.819626e+02 -1.140626e+02
   endloop
 endfacet
 facet normal -1.000000e+00  5.166514e-15  2.160384e-15
   outer loop
     vertex -1.307500e+02  4.797502e+02 -1.153202e+02
     vertex -1.307500e+02  4.760241e+02 -1.195652e+02
     vertex -1.307500e+02  4.759078e+02 -1.192871e+02
   endloop
 endfacet
 facet normal -1.000000e+00  1.192700e-15  5.648491e-15
   outer loop
     vertex -1.307500e+02  4.797502e+02 -1.153202e+02
     vertex -1.307500e+02  4.801512e+02 -1.154049e+02
     vertex -1.307500e+02  4.760241e+02 -1.195652e+02
   endloop
 endfacet
 facet normal -1.000000e+00  4.342628e-15  3.217889e-15
   outer loop
     vertex -1.307500e+02  4.793811e+02 -1.151420e+02
     vertex -1.307500e+02  4.759078e+02 -1.192871e+02
     vertex -1.307500e+02  4.757284e+02 -1.190450e+02
   endloop
 endfacet
 facet normal -1.000000e+00  2.356766e-15  4.881893e-15
   outer loop
     vertex -1.307500e+02  4.793811e+02 -1.151420e+02
     vertex -1.307500e+02  4.797502e+02 -1.153202e+02
     vertex -1.307500e+02  4.759078e+02 -1.192871e+02
   endloop
 endfacet
 facet normal -1.000000e+00 -1.641337e-14  1.435984e-15
   outer loop
     vertex -1.307500e+02  4.698768e+02 -1.225955e+02
     vertex -1.307500e+02  4.735981e+02 -1.196466e+02
     vertex -1.307500e+02  4.735718e+02 -1.199468e+02
   endloop
 endfacet
 facet normal -1.000000e+00 -1.383999e-14 -2.153960e-15
   outer loop
     vertex -1.307500e+02  4.698768e+02 -1.225955e+02
     vertex -1.307500e+02  4.735718e+02 -1.199468e+02
     vertex -1.307500e+02  4.736182e+02 -1.202446e+02
   endloop
 endfacet
 facet normal -1.000000e+00 -1.275458e-14 -2.924209e-15
   outer loop
     vertex -1.307500e+02  4.698768e+02 -1.225955e+02
     vertex -1.307500e+02  4.739138e+02 -1.207647e+02
     vertex -1.307500e+02  4.745161e+02 -1.233915e+02
   endloop
 endfacet
 facet normal -1.000000e+00 -1.203202e-14 -5.031207e-15
   outer loop
     vertex -1.307500e+02  4.698768e+02 -1.225955e+02
     vertex -1.307500e+02  4.736182e+02 -1.202446e+02
     vertex -1.307500e+02  4.737344e+02 -1.205226e+02
   endloop
 endfacet
 facet normal -1.000000e+00 -1.053910e-14 -7.809474e-15
   outer loop
     vertex -1.307500e+02  4.698768e+02 -1.225955e+02
     vertex -1.307500e+02  4.737344e+02 -1.205226e+02
     vertex -1.307500e+02  4.739138e+02 -1.207647e+02
   endloop
 endfacet
 facet normal -1.000000e+00  3.396464e-15  4.103376e-15
   outer loop
     vertex -1.307500e+02  4.790654e+02 -1.148807e+02
     vertex -1.307500e+02  4.757284e+02 -1.190450e+02
     vertex -1.307500e+02  4.754963e+02 -1.188529e+02
   endloop
 endfacet
 facet normal -1.000000e+00  3.396464e-15  4.103376e-15
   outer loop
     vertex -1.307500e+02  4.790654e+02 -1.148807e+02
     vertex -1.307500e+02  4.793811e+02 -1.151420e+02
     vertex -1.307500e+02  4.757284e+02 -1.190450e+02
   endloop
 endfacet
 facet normal -1.000000e+00 -2.093908e-14  7.147073e-15
   outer loop
     vertex -1.307500e+02  4.736954e+02 -1.193614e+02
     vertex -1.307500e+02  4.735981e+02 -1.196466e+02
     vertex -1.307500e+02  4.698768e+02 -1.225955e+02
   endloop
 endfacet
 facet normal -1.000000e+00  2.322926e-15  4.811797e-15
   outer loop
     vertex -1.307500e+02  4.788214e+02 -1.145514e+02
     vertex -1.307500e+02  4.754963e+02 -1.188529e+02
     vertex -1.307500e+02  4.752249e+02 -1.187219e+02
   endloop
 endfacet
 facet normal -1.000000e+00  4.364175e-15  3.233855e-15
   outer loop
     vertex -1.307500e+02  4.788214e+02 -1.145514e+02
     vertex -1.307500e+02  4.790654e+02 -1.148807e+02
     vertex -1.307500e+02  4.754963e+02 -1.188529e+02
   endloop
 endfacet
 facet normal -1.000000e+00  1.137790e-15  5.388443e-15
   outer loop
     vertex -1.307500e+02  4.786633e+02 -1.141733e+02
     vertex -1.307500e+02  4.752249e+02 -1.187219e+02
     vertex -1.307500e+02  4.749301e+02 -1.186596e+02
   endloop
 endfacet
 facet normal -1.000000e+00 -2.188307e-16  6.517352e-15
   outer loop
     vertex -1.307500e+02  4.786633e+02 -1.141733e+02
     vertex -1.307500e+02  4.749301e+02 -1.186596e+02
     vertex -1.307500e+02  4.746289e+02 -1.186697e+02
   endloop
 endfacet
 facet normal -1.000000e+00  5.322038e-15  2.225417e-15
   outer loop
     vertex -1.307500e+02  4.786633e+02 -1.141733e+02
     vertex -1.307500e+02  4.788214e+02 -1.145514e+02
     vertex -1.307500e+02  4.752249e+02 -1.187219e+02
   endloop
 endfacet
 facet normal -1.000000e+00  7.266360e-14 -5.887690e-14
   outer loop
     vertex -1.307500e+02  4.786003e+02 -1.137684e+02
     vertex -1.307500e+02  4.786633e+02 -1.141733e+02
     vertex -1.307500e+02  4.746289e+02 -1.186697e+02
   endloop
 endfacet
 facet normal -1.000000e+00 -2.736748e-15  9.341259e-16
   outer loop
     vertex -1.307500e+02  4.873243e+02 -1.048219e+02
     vertex -1.307500e+02  4.963531e+02 -1.087960e+02
     vertex -1.307500e+02  4.962558e+02 -1.090812e+02
   endloop
 endfacet
 facet normal -1.000000e+00 -3.054766e-15  2.672574e-16
   outer loop
     vertex -1.307500e+02  4.873243e+02 -1.048219e+02
     vertex -1.307500e+02  4.962558e+02 -1.090812e+02
     vertex -1.307500e+02  4.962295e+02 -1.093814e+02
   endloop
 endfacet
 facet normal -1.000000e+00 -3.467940e-15 -5.397264e-16
   outer loop
     vertex -1.307500e+02  4.873243e+02 -1.048219e+02
     vertex -1.307500e+02  4.962295e+02 -1.093814e+02
     vertex -1.307500e+02  4.962758e+02 -1.096791e+02
   endloop
 endfacet
 facet normal -1.000000e+00 -2.234065e-15  9.493212e-16
   outer loop
     vertex -1.307500e+02  4.848799e+02 -1.068731e+02
     vertex -1.307500e+02  4.924783e+02 -1.189306e+02
     vertex -1.307500e+02  4.819984e+02 -1.136543e+02
   endloop
 endfacet
 facet normal -1.000000e+00 -2.265080e-15  9.297767e-16
   outer loop
     vertex -1.307500e+02  4.848799e+02 -1.068731e+02
     vertex -1.307500e+02  4.962758e+02 -1.096791e+02
     vertex -1.307500e+02  4.924783e+02 -1.189306e+02
   endloop
 endfacet
 facet normal -1.000000e+00  0.000000e+00  0.000000e+00
   outer loop
     vertex -1.307500e+02  4.848799e+02 -1.068731e+02
     vertex -1.307500e+02  4.819984e+02 -1.136543e+02
     vertex -1.307500e+02  4.819353e+02 -1.132493e+02
   endloop
 endfacet
 facet normal -1.000000e+00 -1.708498e-13  7.889854e-14
   outer loop
     vertex -1.307500e+02  4.848799e+02 -1.068731e+02
     vertex -1.307500e+02  4.819353e+02 -1.132493e+02
     vertex -1.307500e+02  4.817772e+02 -1.128712e+02
   endloop
 endfacet
 facet normal -1.000000e+00 -1.928194e-15  2.297933e-15
   outer loop
     vertex -1.307500e+02  4.848799e+02 -1.068731e+02
     vertex -1.307500e+02  4.873243e+02 -1.048219e+02
     vertex -1.307500e+02  4.962758e+02 -1.096791e+02
   endloop
 endfacet
 facet normal -1.000000e+00 -1.566344e-14 -1.160662e-14
   outer loop
     vertex -1.307500e+02  4.820403e+02 -1.083288e+02
     vertex -1.307500e+02  4.817772e+02 -1.128712e+02
     vertex -1.307500e+02  4.815332e+02 -1.125420e+02
   endloop
 endfacet
 facet normal -1.000000e+00 -1.015579e-14 -1.226953e-14
   outer loop
     vertex -1.307500e+02  4.820403e+02 -1.083288e+02
     vertex -1.307500e+02  4.815332e+02 -1.125420e+02
     vertex -1.307500e+02  4.812175e+02 -1.122807e+02
   endloop
 endfacet
 facet normal -1.000000e+00 -6.309775e-15 -1.307031e-14
   outer loop
     vertex -1.307500e+02  4.820403e+02 -1.083288e+02
     vertex -1.307500e+02  4.812175e+02 -1.122807e+02
     vertex -1.307500e+02  4.808485e+02 -1.121025e+02
   endloop
 endfacet
 facet normal -1.000000e+00 -2.981790e-15 -1.412142e-14
   outer loop
     vertex -1.307500e+02  4.820403e+02 -1.083288e+02
     vertex -1.307500e+02  4.808485e+02 -1.121025e+02
     vertex -1.307500e+02  4.804475e+02 -1.120178e+02
   endloop
 endfacet
 facet normal -1.000000e+00  6.611833e-15 -1.289686e-14
   outer loop
     vertex -1.307500e+02  4.820403e+02 -1.083288e+02
     vertex -1.307500e+02  4.848799e+02 -1.068731e+02
     vertex -1.307500e+02  4.817772e+02 -1.128712e+02
   endloop
 endfacet
 facet normal -1.000000e+00 -3.133812e-15  5.513059e-15
   outer loop
     vertex -1.307500e+02  4.892511e+02 -1.022783e+02
     vertex -1.307500e+02  4.969966e+02 -1.081862e+02
     vertex -1.307500e+02  4.967346e+02 -1.083351e+02
   endloop
 endfacet
 facet normal -1.000000e+00 -4.096930e-15  4.323072e-15
   outer loop
     vertex -1.307500e+02  4.892511e+02 -1.022783e+02
     vertex -1.307500e+02  4.967346e+02 -1.083351e+02
     vertex -1.307500e+02  4.965159e+02 -1.085424e+02
   endloop
 endfacet
 facet normal -1.000000e+00 -5.037044e-15  3.232770e-15
   outer loop
     vertex -1.307500e+02  4.892511e+02 -1.022783e+02
     vertex -1.307500e+02  4.965159e+02 -1.085424e+02
     vertex -1.307500e+02  4.963531e+02 -1.087960e+02
   endloop
 endfacet
 facet normal -1.000000e+00  1.327589e-15  1.016803e-14
   outer loop
     vertex -1.307500e+02  4.892511e+02 -1.022783e+02
     vertex -1.307500e+02  4.963531e+02 -1.087960e+02
     vertex -1.307500e+02  4.873243e+02 -1.048219e+02
   endloop
 endfacet
 facet normal -1.000000e+00 -3.957410e-15  2.539862e-15
   outer loop
     vertex -1.307500e+02  4.654319e+02 -1.210467e+02
     vertex -1.307500e+02  4.738582e+02 -1.191078e+02
     vertex -1.307500e+02  4.736954e+02 -1.193614e+02
   endloop
 endfacet
 facet normal -1.000000e+00  1.911431e-16 -1.780224e-14
   outer loop
     vertex -1.307500e+02  4.654319e+02 -1.210467e+02
     vertex -1.307500e+02  4.736954e+02 -1.193614e+02
     vertex -1.307500e+02  4.698768e+02 -1.225955e+02
   endloop
 endfacet
 facet normal -1.000000e+00 -1.624461e-14 -8.394706e-15
   outer loop
     vertex -1.307500e+02  4.789480e+02 -1.091162e+02
     vertex -1.307500e+02  4.820403e+02 -1.083288e+02
     vertex -1.307500e+02  4.804475e+02 -1.120178e+02
   endloop
 endfacet
 facet normal -1.000000e+00  0.000000e+00  0.000000e+00
   outer loop
     vertex -1.307500e+02  4.789480e+02 -1.091162e+02
     vertex -1.307500e+02  4.804475e+02 -1.120178e+02
     vertex -1.307500e+02  4.800379e+02 -1.120316e+02
   endloop
 endfacet
 facet normal -1.000000e+00  0.000000e+00  0.000000e+00
   outer loop
     vertex -1.307500e+02  4.789480e+02 -1.091162e+02
     vertex -1.307500e+02  4.800379e+02 -1.120316e+02
     vertex -1.307500e+02  4.796435e+02 -1.121429e+02
   endloop
 endfacet
 facet normal -1.000000e+00  0.000000e+00  0.000000e+00
   outer loop
     vertex -1.307500e+02  4.789480e+02 -1.091162e+02
     vertex -1.307500e+02  4.796435e+02 -1.121429e+02
     vertex -1.307500e+02  4.792872e+02 -1.123455e+02
   endloop
 endfacet
 facet normal -1.000000e+00  0.000000e+00  0.000000e+00
   outer loop
     vertex -1.307500e+02  4.789480e+02 -1.091162e+02
     vertex -1.307500e+02  4.792872e+02 -1.123455e+02
     vertex -1.307500e+02  4.789897e+02 -1.126274e+02
   endloop
 endfacet
 facet normal -1.000000e+00 -2.130067e-16  6.343897e-15
   outer loop
     vertex -1.307500e+02  4.905635e+02 -9.936969e+01
     vertex -1.307500e+02  4.975877e+02 -1.080942e+02
     vertex -1.307500e+02  4.972866e+02 -1.081043e+02
   endloop
 endfacet
 facet normal -1.000000e+00 -1.509630e-15  5.345876e-15
   outer loop
     vertex -1.307500e+02  4.905635e+02 -9.936969e+01
     vertex -1.307500e+02  4.972866e+02 -1.081043e+02
     vertex -1.307500e+02  4.969966e+02 -1.081862e+02
   endloop
 endfacet
 facet normal -1.000000e+00 -5.459817e-15  2.463563e-15
   outer loop
     vertex -1.307500e+02  4.905635e+02 -9.936969e+01
     vertex -1.307500e+02  4.969966e+02 -1.081862e+02
     vertex -1.307500e+02  4.892511e+02 -1.022783e+02
   endloop
 endfacet
 facet normal -1.000000e+00 -5.649186e-15  1.967121e-15
   outer loop
     vertex -1.307500e+02  4.905635e+02 -9.936969e+01
     vertex -1.307500e+02  5.039130e+02 -1.043776e+02
     vertex -1.307500e+02  4.975877e+02 -1.080942e+02
   endloop
 endfacet
 facet normal -1.000000e+00 -3.173184e-15  2.776176e-16
   outer loop
     vertex -1.307500e+02  4.967235e+02 -9.306656e+01
     vertex -1.307500e+02  5.054997e+02 -9.513090e+01
     vertex -1.307500e+02  5.050895e+02 -9.982001e+01
   endloop
 endfacet
 facet normal -1.000000e+00 -2.594519e-15  2.737731e-15
   outer loop
     vertex -1.307500e+02  4.970209e+02 -9.278466e+01
     vertex -1.307500e+02  5.054997e+02 -9.513090e+01
     vertex -1.307500e+02  4.967235e+02 -9.306656e+01
   endloop
 endfacet
 facet normal -1.000000e+00 -1.403764e-15  2.469528e-15
   outer loop
     vertex -1.307500e+02  4.963672e+02 -9.326909e+01
     vertex -1.307500e+02  4.967235e+02 -9.306656e+01
     vertex -1.307500e+02  5.050895e+02 -9.982001e+01
   endloop
 endfacet
 facet normal -1.000000e+00 -2.846558e-15  1.826918e-15
   outer loop
     vertex -1.307500e+02  4.972423e+02 -9.243976e+01
     vertex -1.307500e+02  5.054997e+02 -9.513090e+01
     vertex -1.307500e+02  4.970209e+02 -9.278466e+01
   endloop
 endfacet
 facet normal -1.000000e+00 -8.903963e-16  3.153056e-15
   outer loop
     vertex -1.307500e+02  4.959728e+02 -9.338046e+01
     vertex -1.307500e+02  4.963672e+02 -9.326909e+01
     vertex -1.307500e+02  5.050895e+02 -9.982001e+01
   endloop
 endfacet
 facet normal -1.000000e+00 -2.636790e-15  6.806284e-16
   outer loop
     vertex -1.307500e+02  4.959728e+02 -9.338046e+01
     vertex -1.307500e+02  5.050895e+02 -9.982001e+01
     vertex -1.307500e+02  5.039130e+02 -1.043776e+02
   endloop
 endfacet
 facet normal -1.000000e+00 -7.430133e-15 -2.780280e-15
   outer loop
     vertex -1.307500e+02  4.959728e+02 -9.338046e+01
     vertex -1.307500e+02  5.039130e+02 -1.043776e+02
     vertex -1.307500e+02  4.905635e+02 -9.936969e+01
   endloop
 endfacet
 facet normal -1.000000e+00 -3.604927e-15 -2.820480e-16
   outer loop
     vertex -1.307500e+02  4.973747e+02 -9.205190e+01
     vertex -1.307500e+02  5.051325e+02 -9.043822e+01
     vertex -1.307500e+02  5.054997e+02 -9.513090e+01
   endloop
 endfacet
 facet normal -1.000000e+00 -3.097406e-15  1.057228e-15
   outer loop
     vertex -1.307500e+02  4.973747e+02 -9.205190e+01
     vertex -1.307500e+02  5.054997e+02 -9.513090e+01
     vertex -1.307500e+02  4.972423e+02 -9.243976e+01
   endloop
 endfacet
 facet normal -1.000000e+00 -3.731501e-15  3.264641e-16
   outer loop
     vertex -1.307500e+02  4.974104e+02 -9.164364e+01
     vertex -1.307500e+02  5.051325e+02 -9.043822e+01
     vertex -1.307500e+02  4.973747e+02 -9.205190e+01
   endloop
 endfacet
 facet normal -1.000000e+00 -3.593246e-15 -5.592281e-16
   outer loop
     vertex -1.307500e+02  4.973474e+02 -9.123869e+01
     vertex -1.307500e+02  5.051325e+02 -9.043822e+01
     vertex -1.307500e+02  4.974104e+02 -9.164364e+01
   endloop
 endfacet
 facet normal -1.000000e+00  5.230251e-15 -3.356770e-15
   outer loop
     vertex -1.307500e+02  4.757580e+02 -1.091958e+02
     vertex -1.307500e+02  4.789897e+02 -1.126274e+02
     vertex -1.307500e+02  4.787684e+02 -1.129723e+02
   endloop
 endfacet
 facet normal -1.000000e+00  6.610672e-15 -2.256400e-15
   outer loop
     vertex -1.307500e+02  4.757580e+02 -1.091958e+02
     vertex -1.307500e+02  4.787684e+02 -1.129723e+02
     vertex -1.307500e+02  4.786360e+02 -1.133601e+02
   endloop
 endfacet
 facet normal -1.000000e+00  9.817944e-14  6.102621e-14
   outer loop
     vertex -1.307500e+02  4.757580e+02 -1.091958e+02
     vertex -1.307500e+02  4.786360e+02 -1.133601e+02
     vertex -1.307500e+02  4.786003e+02 -1.137684e+02
   endloop
 endfacet
 facet normal -1.000000e+00  0.000000e+00 -0.000000e+00
   outer loop
     vertex -1.307500e+02  4.757580e+02 -1.091958e+02
     vertex -1.307500e+02  4.786003e+02 -1.137684e+02
     vertex -1.307500e+02  4.746289e+02 -1.186697e+02
   endloop
 endfacet
 facet normal -1.000000e+00  8.907000e-15  1.058023e-16
   outer loop
     vertex -1.307500e+02  4.757580e+02 -1.091958e+02
     vertex -1.307500e+02  4.789480e+02 -1.091162e+02
     vertex -1.307500e+02  4.789897e+02 -1.126274e+02
   endloop
 endfacet
 facet normal -1.000000e+00 -1.353887e-14  2.736941e-15
   outer loop
     vertex -1.307500e+02  4.911958e+02 -9.624197e+01
     vertex -1.307500e+02  4.959728e+02 -9.338046e+01
     vertex -1.307500e+02  4.905635e+02 -9.936969e+01
   endloop
 endfacet
 facet normal -1.000000e+00 -3.183784e-15 -1.507804e-14
   outer loop
     vertex -1.307500e+02  4.911958e+02 -9.624197e+01
     vertex -1.307500e+02  4.951622e+02 -9.330955e+01
     vertex -1.307500e+02  4.955632e+02 -9.339422e+01
   endloop
 endfacet
 facet normal -1.000000e+00  7.066021e-16 -2.104446e-14
   outer loop
     vertex -1.307500e+02  4.911958e+02 -9.624197e+01
     vertex -1.307500e+02  4.955632e+02 -9.339422e+01
     vertex -1.307500e+02  4.959728e+02 -9.338046e+01
   endloop
 endfacet
 facet normal -1.000000e+00 -5.661269e-15 -1.172697e-14
   outer loop
     vertex -1.307500e+02  4.947931e+02 -9.313138e+01
     vertex -1.307500e+02  4.951622e+02 -9.330955e+01
     vertex -1.307500e+02  4.911958e+02 -9.624197e+01
   endloop
 endfacet
 facet normal -1.000000e+00 -7.728160e-15 -9.336635e-15
   outer loop
     vertex -1.307500e+02  4.944774e+02 -9.287006e+01
     vertex -1.307500e+02  4.947931e+02 -9.313138e+01
     vertex -1.307500e+02  4.911958e+02 -9.624197e+01
   endloop
 endfacet
 facet normal -1.000000e+00 -1.403190e-14  1.480643e-14
   outer loop
     vertex -1.307500e+02  5.006206e+02 -8.523158e+01
     vertex -1.307500e+02  5.039980e+02 -8.586997e+01
     vertex -1.307500e+02  5.004019e+02 -8.543887e+01
   endloop
 endfacet
 facet normal -1.000000e+00 -1.500616e-14 -3.726818e-15
   outer loop
     vertex -1.307500e+02  5.001399e+02 -8.558778e+01
     vertex -1.307500e+02  5.039980e+02 -8.586997e+01
     vertex -1.307500e+02  5.051325e+02 -9.043822e+01
   endloop
 endfacet
 facet normal -1.000000e+00 -1.305389e-14  2.296464e-14
   outer loop
     vertex -1.307500e+02  5.001399e+02 -8.558778e+01
     vertex -1.307500e+02  5.004019e+02 -8.543887e+01
     vertex -1.307500e+02  5.039980e+02 -8.586997e+01
   endloop
 endfacet
 facet normal -1.000000e+00 -1.500973e-14  9.633231e-15
   outer loop
     vertex -1.307500e+02  5.007834e+02 -8.497798e+01
     vertex -1.307500e+02  5.039980e+02 -8.586997e+01
     vertex -1.307500e+02  5.006206e+02 -8.523158e+01
   endloop
 endfacet
 facet normal -1.000000e+00  0.000000e+00  0.000000e+00
   outer loop
     vertex -1.307500e+02  4.726303e+02 -1.085635e+02
     vertex -1.307500e+02  4.757580e+02 -1.091958e+02
     vertex -1.307500e+02  4.746289e+02 -1.186697e+02
   endloop
 endfacet
 facet normal -1.000000e+00  0.000000e+00  0.000000e+00
   outer loop
     vertex -1.307500e+02  4.726303e+02 -1.085635e+02
     vertex -1.307500e+02  4.746289e+02 -1.186697e+02
     vertex -1.307500e+02  4.743389e+02 -1.187516e+02
   endloop
 endfacet
 facet normal -1.000000e+00  0.000000e+00  0.000000e+00
   outer loop
     vertex -1.307500e+02  4.726303e+02 -1.085635e+02
     vertex -1.307500e+02  4.743389e+02 -1.187516e+02
     vertex -1.307500e+02  4.740769e+02 -1.189005e+02
   endloop
 endfacet
 facet normal -1.000000e+00  0.000000e+00  0.000000e+00
   outer loop
     vertex -1.307500e+02  4.726303e+02 -1.085635e+02
     vertex -1.307500e+02  4.740769e+02 -1.189005e+02
     vertex -1.307500e+02  4.738582e+02 -1.191078e+02
   endloop
 endfacet
 facet normal -1.000000e+00 -3.284977e-15 -3.825288e-16
   outer loop
     vertex -1.307500e+02  4.726303e+02 -1.085635e+02
     vertex -1.307500e+02  4.738582e+02 -1.191078e+02
     vertex -1.307500e+02  4.654319e+02 -1.210467e+02
   endloop
 endfacet
 facet normal -1.000000e+00 -2.042631e-14  1.787071e-15
   outer loop
     vertex -1.307500e+02  4.911162e+02 -9.305197e+01
     vertex -1.307500e+02  4.940480e+02 -9.134947e+01
     vertex -1.307500e+02  4.940123e+02 -9.175773e+01
   endloop
 endfacet
 facet normal -1.000000e+00 -1.835132e-14 -2.856074e-15
   outer loop
     vertex -1.307500e+02  4.911162e+02 -9.305197e+01
     vertex -1.307500e+02  4.940123e+02 -9.175773e+01
     vertex -1.307500e+02  4.940753e+02 -9.216268e+01
   endloop
 endfacet
 facet normal -1.000000e+00 -1.706515e-14 -7.135814e-15
   outer loop
     vertex -1.307500e+02  4.911162e+02 -9.305197e+01
     vertex -1.307500e+02  4.940753e+02 -9.216268e+01
     vertex -1.307500e+02  4.942334e+02 -9.254078e+01
   endloop
 endfacet
 facet normal -1.000000e+00 -1.625954e-14 -1.204833e-14
   outer loop
     vertex -1.307500e+02  4.911162e+02 -9.305197e+01
     vertex -1.307500e+02  4.942334e+02 -9.254078e+01
     vertex -1.307500e+02  4.944774e+02 -9.287006e+01
   endloop
 endfacet
 facet normal -1.000000e+00 -1.688883e-14 -4.211810e-16
   outer loop
     vertex -1.307500e+02  4.911162e+02 -9.305197e+01
     vertex -1.307500e+02  4.944774e+02 -9.287006e+01
     vertex -1.307500e+02  4.911958e+02 -9.624197e+01
   endloop
 endfacet
 facet normal -1.000000e+00  5.882895e-15  2.459940e-15
   outer loop
     vertex -1.307500e+02  4.998499e+02 -8.566967e+01
     vertex -1.307500e+02  4.973474e+02 -9.123869e+01
     vertex -1.307500e+02  4.971893e+02 -9.086059e+01
   endloop
 endfacet
 facet normal -1.000000e+00 -4.377761e-15  7.070787e-15
   outer loop
     vertex -1.307500e+02  4.998499e+02 -8.566967e+01
     vertex -1.307500e+02  5.051325e+02 -9.043822e+01
     vertex -1.307500e+02  4.973474e+02 -9.123869e+01
   endloop
 endfacet
 facet normal -1.000000e+00 -2.564106e-15  9.079967e-15
   outer loop
     vertex -1.307500e+02  4.998499e+02 -8.566967e+01
     vertex -1.307500e+02  5.001399e+02 -8.558778e+01
     vertex -1.307500e+02  5.051325e+02 -9.043822e+01
   endloop
 endfacet
 facet normal -1.000000e+00 -1.615289e-14  5.513418e-15
   outer loop
     vertex -1.307500e+02  5.008807e+02 -8.469279e+01
     vertex -1.307500e+02  5.039980e+02 -8.586997e+01
     vertex -1.307500e+02  5.007834e+02 -8.497798e+01
   endloop
 endfacet
 facet normal -1.000000e+00 -1.870609e-16  5.571162e-15
   outer loop
     vertex -1.307500e+02  4.995488e+02 -8.567979e+01
     vertex -1.307500e+02  4.998499e+02 -8.566967e+01
     vertex -1.307500e+02  4.971893e+02 -9.086059e+01
   endloop
 endfacet
 facet normal -1.000000e+00  4.585284e-15  3.397698e-15
   outer loop
     vertex -1.307500e+02  4.995488e+02 -8.567979e+01
     vertex -1.307500e+02  4.971893e+02 -9.086059e+01
     vertex -1.307500e+02  4.969453e+02 -9.053131e+01
   endloop
 endfacet
 facet normal -1.000000e+00 -1.765174e-14  1.544327e-15
   outer loop
     vertex -1.307500e+02  5.009070e+02 -8.439260e+01
     vertex -1.307500e+02  5.039980e+02 -8.586997e+01
     vertex -1.307500e+02  5.008807e+02 -8.469279e+01
   endloop
 endfacet
 facet normal -1.000000e+00  3.447089e-15  4.164538e-15
   outer loop
     vertex -1.307500e+02  4.992539e+02 -8.561753e+01
     vertex -1.307500e+02  4.969453e+02 -9.053131e+01
     vertex -1.307500e+02  4.966296e+02 -9.026999e+01
   endloop
 endfacet
 facet normal -1.000000e+00  1.111102e-15  5.262054e-15
   outer loop
     vertex -1.307500e+02  4.992539e+02 -8.561753e+01
     vertex -1.307500e+02  4.995488e+02 -8.567979e+01
     vertex -1.307500e+02  4.969453e+02 -9.053131e+01
   endloop
 endfacet
 facet normal -1.000000e+00 -1.986774e-14 -3.092079e-15
   outer loop
     vertex -1.307500e+02  5.008606e+02 -8.409484e+01
     vertex -1.307500e+02  5.039980e+02 -8.586997e+01
     vertex -1.307500e+02  5.009070e+02 -8.439260e+01
   endloop
 endfacet
 facet normal -1.000000e+00  2.317939e-15  4.801465e-15
   outer loop
     vertex -1.307500e+02  4.989825e+02 -8.548652e+01
     vertex -1.307500e+02  4.966296e+02 -9.026999e+01
     vertex -1.307500e+02  4.962605e+02 -9.009182e+01
   endloop
 endfacet
 facet normal -1.000000e+00  2.317939e-15  4.801465e-15
   outer loop
     vertex -1.307500e+02  4.989825e+02 -8.548652e+01
     vertex -1.307500e+02  4.992539e+02 -8.561753e+01
     vertex -1.307500e+02  4.966296e+02 -9.026999e+01
   endloop
 endfacet
 facet normal -1.000000e+00  3.430150e-15  4.144073e-15
   outer loop
     vertex -1.307500e+02  4.987504e+02 -8.529438e+01
     vertex -1.307500e+02  4.989825e+02 -8.548652e+01
     vertex -1.307500e+02  4.962605e+02 -9.009182e+01
   endloop
 endfacet
 facet normal -1.000000e+00  1.127396e-15  5.339218e-15
   outer loop
     vertex -1.307500e+02  4.987504e+02 -8.529438e+01
     vertex -1.307500e+02  4.962605e+02 -9.009182e+01
     vertex -1.307500e+02  4.958595e+02 -9.000715e+01
   endloop
 endfacet
 facet normal -1.000000e+00  4.452680e-15  3.299438e-15
   outer loop
     vertex -1.307500e+02  4.985710e+02 -8.505226e+01
     vertex -1.307500e+02  4.987504e+02 -8.529438e+01
     vertex -1.307500e+02  4.958595e+02 -9.000715e+01
   endloop
 endfacet
 facet normal -1.000000e+00 -1.962037e-16  5.843461e-15
   outer loop
     vertex -1.307500e+02  4.985710e+02 -8.505226e+01
     vertex -1.307500e+02  4.958595e+02 -9.000715e+01
     vertex -1.307500e+02  4.954499e+02 -9.002091e+01
   endloop
 endfacet
 facet normal -1.000000e+00 -1.824881e-15  6.462237e-15
   outer loop
     vertex -1.307500e+02  4.984547e+02 -8.477425e+01
     vertex -1.307500e+02  4.954499e+02 -9.002091e+01
     vertex -1.307500e+02  4.950555e+02 -9.013228e+01
   endloop
 endfacet
 facet normal -1.000000e+00  5.467061e-15  2.286059e-15
   outer loop
     vertex -1.307500e+02  4.984547e+02 -8.477425e+01
     vertex -1.307500e+02  4.985710e+02 -8.505226e+01
     vertex -1.307500e+02  4.954499e+02 -9.002091e+01
   endloop
 endfacet
 facet normal -1.000000e+00 -2.400058e-14 -1.039645e-14
   outer loop
     vertex -1.307500e+02  5.021270e+02 -8.155076e+01
     vertex -1.307500e+02  5.039980e+02 -8.586997e+01
     vertex -1.307500e+02  5.008606e+02 -8.409484e+01
   endloop
 endfacet
 facet normal -1.000000e+00 -2.439426e-14 -1.020049e-14
   outer loop
     vertex -1.307500e+02  5.021270e+02 -8.155076e+01
     vertex -1.307500e+02  5.008606e+02 -8.409484e+01
     vertex -1.307500e+02  5.007444e+02 -8.381682e+01
   endloop
 endfacet
 facet normal -1.000000e+00 -1.856541e-14 -1.375697e-14
   outer loop
     vertex -1.307500e+02  5.021270e+02 -8.155076e+01
     vertex -1.307500e+02  5.007444e+02 -8.381682e+01
     vertex -1.307500e+02  5.005650e+02 -8.357471e+01
   endloop
 endfacet
 facet normal -1.000000e+00 -1.418518e-14 -1.713757e-14
   outer loop
     vertex -1.307500e+02  5.021270e+02 -8.155076e+01
     vertex -1.307500e+02  5.005650e+02 -8.357471e+01
     vertex -1.307500e+02  5.003329e+02 -8.338256e+01
   endloop
 endfacet
 facet normal -1.000000e+00 -1.017124e-14 -2.106908e-14
   outer loop
     vertex -1.307500e+02  5.000615e+02 -8.325156e+01
     vertex -1.307500e+02  5.021270e+02 -8.155076e+01
     vertex -1.307500e+02  5.003329e+02 -8.338256e+01
   endloop
 endfacet
 facet normal -1.000000e+00 -5.616764e-15 -2.660035e-14
   outer loop
     vertex -1.307500e+02  4.997666e+02 -8.318930e+01
     vertex -1.307500e+02  5.021270e+02 -8.155076e+01
     vertex -1.307500e+02  5.000615e+02 -8.325156e+01
   endloop
 endfacet
 facet normal -1.000000e+00 -1.080089e-14  5.418769e-15
   outer loop
     vertex -1.307500e+02  4.697217e+02 -1.072511e+02
     vertex -1.307500e+02  4.654319e+02 -1.210467e+02
     vertex -1.307500e+02  4.613026e+02 -1.187874e+02
   endloop
 endfacet
 facet normal -1.000000e+00 -1.632332e-14  7.135983e-15
   outer loop
     vertex -1.307500e+02  4.697217e+02 -1.072511e+02
     vertex -1.307500e+02  4.726303e+02 -1.085635e+02
     vertex -1.307500e+02  4.654319e+02 -1.210467e+02
   endloop
 endfacet
 facet normal -1.000000e+00 -1.192620e-14  1.258450e-14
   outer loop
     vertex -1.307500e+02  4.903288e+02 -8.995966e+01
     vertex -1.307500e+02  4.946992e+02 -9.033481e+01
     vertex -1.307500e+02  4.944018e+02 -9.061671e+01
   endloop
 endfacet
 facet normal -1.000000e+00 -1.264693e-14  8.116790e-15
   outer loop
     vertex -1.307500e+02  4.903288e+02 -8.995966e+01
     vertex -1.307500e+02  4.944018e+02 -9.061671e+01
     vertex -1.307500e+02  4.941804e+02 -9.096161e+01
   endloop
 endfacet
 facet normal -1.000000e+00 -1.355486e-14  4.626640e-15
   outer loop
     vertex -1.307500e+02  4.903288e+02 -8.995966e+01
     vertex -1.307500e+02  4.941804e+02 -9.096161e+01
     vertex -1.307500e+02  4.940480e+02 -9.134947e+01
   endloop
 endfacet
 facet normal -1.000000e+00 -1.689097e-14 -4.300970e-15
   outer loop
     vertex -1.307500e+02  4.903288e+02 -8.995966e+01
     vertex -1.307500e+02  4.940480e+02 -9.134947e+01
     vertex -1.307500e+02  4.911162e+02 -9.305197e+01
   endloop
 endfacet
 facet normal -1.000000e+00  3.247861e-15 -5.639604e-15
   outer loop
     vertex -1.307500e+02  4.671781e+02 -1.053243e+02
     vertex -1.307500e+02  4.613026e+02 -1.187874e+02
     vertex -1.307500e+02  4.576014e+02 -1.158793e+02
   endloop
 endfacet
 facet normal -1.000000e+00  5.994002e-15 -6.838068e-15
   outer loop
     vertex -1.307500e+02  4.671781e+02 -1.053243e+02
     vertex -1.307500e+02  4.697217e+02 -1.072511e+02
     vertex -1.307500e+02  4.613026e+02 -1.187874e+02
   endloop
 endfacet
 facet normal -1.000000e+00 -5.049180e-15  8.507783e-15
   outer loop
     vertex -1.307500e+02  4.888731e+02 -8.712009e+01
     vertex -1.307500e+02  4.984547e+02 -8.477425e+01
     vertex -1.307500e+02  4.950555e+02 -9.013228e+01
   endloop
 endfacet
 facet normal -1.000000e+00 -4.950844e-15  8.709615e-15
   outer loop
     vertex -1.307500e+02  4.888731e+02 -8.712009e+01
     vertex -1.307500e+02  4.950555e+02 -9.013228e+01
     vertex -1.307500e+02  4.946992e+02 -9.033481e+01
   endloop
 endfacet
 facet normal -1.000000e+00 -1.360514e-14 -6.974949e-15
   outer loop
     vertex -1.307500e+02  4.888731e+02 -8.712009e+01
     vertex -1.307500e+02  4.946992e+02 -9.033481e+01
     vertex -1.307500e+02  4.903288e+02 -8.995966e+01
   endloop
 endfacet
 facet normal -1.000000e+00 -3.321532e-15  1.133728e-15
   outer loop
     vertex -1.307500e+02  4.888731e+02 -8.712009e+01
     vertex -1.307500e+02  4.985320e+02 -8.389111e+01
     vertex -1.307500e+02  4.984347e+02 -8.417630e+01
   endloop
 endfacet
 facet normal -1.000000e+00 -3.054766e-15  2.672574e-16
   outer loop
     vertex -1.307500e+02  4.888731e+02 -8.712009e+01
     vertex -1.307500e+02  4.984347e+02 -8.417630e+01
     vertex -1.307500e+02  4.984084e+02 -8.447649e+01
   endloop
 endfacet
 facet normal -1.000000e+00 -2.857380e-15 -4.447030e-16
   outer loop
     vertex -1.307500e+02  4.888731e+02 -8.712009e+01
     vertex -1.307500e+02  4.984084e+02 -8.447649e+01
     vertex -1.307500e+02  4.984547e+02 -8.477425e+01
   endloop
 endfacet
 facet normal -1.000000e+00 -2.351006e-14 -8.240771e-16
   outer loop
     vertex -1.307500e+02  4.995707e+02 -7.759842e+01
     vertex -1.307500e+02  5.021270e+02 -8.155076e+01
     vertex -1.307500e+02  4.997666e+02 -8.318930e+01
   endloop
 endfacet
 facet normal -1.000000e+00  0.000000e+00 -0.000000e+00
   outer loop
     vertex -1.307500e+02  4.995707e+02 -7.759842e+01
     vertex -1.307500e+02  4.997666e+02 -8.318930e+01
     vertex -1.307500e+02  4.994655e+02 -8.319941e+01
   endloop
 endfacet
 facet normal -1.000000e+00  0.000000e+00  0.000000e+00
   outer loop
     vertex -1.307500e+02  4.995707e+02 -7.759842e+01
     vertex -1.307500e+02  4.994655e+02 -8.319941e+01
     vertex -1.307500e+02  4.991755e+02 -8.328131e+01
   endloop
 endfacet
 facet normal -1.000000e+00  0.000000e+00  0.000000e+00
   outer loop
     vertex -1.307500e+02  4.995707e+02 -7.759842e+01
     vertex -1.307500e+02  4.991755e+02 -8.328131e+01
     vertex -1.307500e+02  4.989135e+02 -8.343022e+01
   endloop
 endfacet
 facet normal -1.000000e+00  0.000000e+00  0.000000e+00
   outer loop
     vertex -1.307500e+02  4.995707e+02 -7.759842e+01
     vertex -1.307500e+02  4.989135e+02 -8.343022e+01
     vertex -1.307500e+02  4.986948e+02 -8.363750e+01
   endloop
 endfacet
 facet normal -1.000000e+00  7.375218e-16 -1.100824e-14
   outer loop
     vertex -1.307500e+02  4.868219e+02 -8.467565e+01
     vertex -1.307500e+02  4.985320e+02 -8.389111e+01
     vertex -1.307500e+02  4.888731e+02 -8.712009e+01
   endloop
 endfacet
 facet normal -1.000000e+00  1.920831e-16 -2.867030e-15
   outer loop
     vertex -1.307500e+02  4.963986e+02 -7.412075e+01
     vertex -1.307500e+02  4.985320e+02 -8.389111e+01
     vertex -1.307500e+02  4.868219e+02 -8.467565e+01
   endloop
 endfacet
 facet normal -1.000000e+00  7.730775e-15 -1.121260e-15
   outer loop
     vertex -1.307500e+02  4.963986e+02 -7.412075e+01
     vertex -1.307500e+02  4.995707e+02 -7.759842e+01
     vertex -1.307500e+02  4.986948e+02 -8.363750e+01
   endloop
 endfacet
 facet normal -1.000000e+00  3.381932e-15 -2.170520e-15
   outer loop
     vertex -1.307500e+02  4.963986e+02 -7.412075e+01
     vertex -1.307500e+02  4.986948e+02 -8.363750e+01
     vertex -1.307500e+02  4.985320e+02 -8.389111e+01
   endloop
 endfacet
 facet normal -1.000000e+00  0.000000e+00 -0.000000e+00
   outer loop
     vertex -1.307500e+02  4.553052e+02 -1.063625e+02
     vertex -1.307500e+02  4.576014e+02 -1.158793e+02
     vertex -1.307500e+02  4.544293e+02 -1.124016e+02
   endloop
 endfacet
 facet normal -1.000000e+00  0.000000e+00  0.000000e+00
   outer loop
     vertex -1.307500e+02  4.553052e+02 -1.063625e+02
     vertex -1.307500e+02  4.544293e+02 -1.124016e+02
     vertex -1.307500e+02  4.550865e+02 -1.065698e+02
   endloop
 endfacet
 facet normal -1.000000e+00  0.000000e+00 -0.000000e+00
   outer loop
     vertex -1.307500e+02  4.548245e+02 -1.067187e+02
     vertex -1.307500e+02  4.550865e+02 -1.065698e+02
     vertex -1.307500e+02  4.544293e+02 -1.124016e+02
   endloop
 endfacet
 facet normal -1.000000e+00 -2.297933e-15 -1.928194e-15
   outer loop
     vertex -1.307500e+02  4.554680e+02 -1.061089e+02
     vertex -1.307500e+02  4.651269e+02 -1.028799e+02
     vertex -1.307500e+02  4.671781e+02 -1.053243e+02
   endloop
 endfacet
 facet normal -1.000000e+00  0.000000e+00 -0.000000e+00
   outer loop
     vertex -1.307500e+02  4.554680e+02 -1.061089e+02
     vertex -1.307500e+02  4.576014e+02 -1.158793e+02
     vertex -1.307500e+02  4.553052e+02 -1.063625e+02
   endloop
 endfacet
 facet normal -1.000000e+00 -2.392122e-15 -5.223244e-16
   outer loop
     vertex -1.307500e+02  4.554680e+02 -1.061089e+02
     vertex -1.307500e+02  4.671781e+02 -1.053243e+02
     vertex -1.307500e+02  4.576014e+02 -1.158793e+02
   endloop
 endfacet
 facet normal -1.000000e+00  0.000000e+00 -0.000000e+00
   outer loop
     vertex -1.307500e+02  4.545345e+02 -1.068006e+02
     vertex -1.307500e+02  4.548245e+02 -1.067187e+02
     vertex -1.307500e+02  4.544293e+02 -1.124016e+02
   endloop
 endfacet
 facet normal -1.000000e+00 -3.321532e-15  1.133728e-15
   outer loop
     vertex -1.307500e+02  4.555653e+02 -1.058237e+02
     vertex -1.307500e+02  4.651269e+02 -1.028799e+02
     vertex -1.307500e+02  4.554680e+02 -1.061089e+02
   endloop
 endfacet
 facet normal -1.000000e+00  0.000000e+00  0.000000e+00
   outer loop
     vertex -1.307500e+02  4.542334e+02 -1.068107e+02
     vertex -1.307500e+02  4.545345e+02 -1.068006e+02
     vertex -1.307500e+02  4.544293e+02 -1.124016e+02
   endloop
 endfacet
 facet normal -1.000000e+00 -3.054766e-15  2.672574e-16
   outer loop
     vertex -1.307500e+02  4.555916e+02 -1.055235e+02
     vertex -1.307500e+02  4.651269e+02 -1.028799e+02
     vertex -1.307500e+02  4.555653e+02 -1.058237e+02
   endloop
 endfacet
 facet normal -1.000000e+00 -5.616764e-15 -2.660035e-14
   outer loop
     vertex -1.307500e+02  4.518730e+02 -1.084492e+02
     vertex -1.307500e+02  4.539385e+02 -1.067484e+02
     vertex -1.307500e+02  4.542334e+02 -1.068107e+02
   endloop
 endfacet
 facet normal -1.000000e+00 -2.351006e-14 -8.240771e-16
   outer loop
     vertex -1.307500e+02  4.518730e+02 -1.084492e+02
     vertex -1.307500e+02  4.542334e+02 -1.068107e+02
     vertex -1.307500e+02  4.544293e+02 -1.124016e+02
   endloop
 endfacet
 facet normal -1.000000e+00 -2.857380e-15 -4.447030e-16
   outer loop
     vertex -1.307500e+02  4.555453e+02 -1.052258e+02
     vertex -1.307500e+02  4.651269e+02 -1.028799e+02
     vertex -1.307500e+02  4.555916e+02 -1.055235e+02
   endloop
 endfacet
 facet normal -1.000000e+00 -1.017124e-14 -2.106908e-14
   outer loop
     vertex -1.307500e+02  4.536671e+02 -1.066174e+02
     vertex -1.307500e+02  4.539385e+02 -1.067484e+02
     vertex -1.307500e+02  4.518730e+02 -1.084492e+02
   endloop
 endfacet
 facet normal -1.000000e+00 -1.418518e-14 -1.713757e-14
   outer loop
     vertex -1.307500e+02  4.534350e+02 -1.064253e+02
     vertex -1.307500e+02  4.536671e+02 -1.066174e+02
     vertex -1.307500e+02  4.518730e+02 -1.084492e+02
   endloop
 endfacet
 facet normal -1.000000e+00 -1.856541e-14 -1.375697e-14
   outer loop
     vertex -1.307500e+02  4.532556e+02 -1.061832e+02
     vertex -1.307500e+02  4.534350e+02 -1.064253e+02
     vertex -1.307500e+02  4.518730e+02 -1.084492e+02
   endloop
 endfacet
 facet normal -1.000000e+00 -2.439426e-14 -1.020049e-14
   outer loop
     vertex -1.307500e+02  4.531394e+02 -1.059052e+02
     vertex -1.307500e+02  4.532556e+02 -1.061832e+02
     vertex -1.307500e+02  4.518730e+02 -1.084492e+02
   endloop
 endfacet
 facet normal -1.000000e+00 -1.360514e-14 -6.974949e-15
   outer loop
     vertex -1.307500e+02  4.593008e+02 -9.966519e+01
     vertex -1.307500e+02  4.636712e+02 -1.000403e+02
     vertex -1.307500e+02  4.651269e+02 -1.028799e+02
   endloop
 endfacet
 facet normal -1.000000e+00 -1.192620e-14  1.258450e-14
   outer loop
     vertex -1.307500e+02  4.595982e+02 -9.938329e+01
     vertex -1.307500e+02  4.636712e+02 -1.000403e+02
     vertex -1.307500e+02  4.593008e+02 -9.966519e+01
   endloop
 endfacet
 facet normal -1.000000e+00 -5.049180e-15  8.507783e-15
   outer loop
     vertex -1.307500e+02  4.589445e+02 -9.986772e+01
     vertex -1.307500e+02  4.651269e+02 -1.028799e+02
     vertex -1.307500e+02  4.555453e+02 -1.052258e+02
   endloop
 endfacet
 facet normal -1.000000e+00 -4.950844e-15  8.709615e-15
   outer loop
     vertex -1.307500e+02  4.589445e+02 -9.986772e+01
     vertex -1.307500e+02  4.593008e+02 -9.966519e+01
     vertex -1.307500e+02  4.651269e+02 -1.028799e+02
   endloop
 endfacet
 facet normal -1.000000e+00 -1.264693e-14  8.116790e-15
   outer loop
     vertex -1.307500e+02  4.598196e+02 -9.903839e+01
     vertex -1.307500e+02  4.636712e+02 -1.000403e+02
     vertex -1.307500e+02  4.595982e+02 -9.938329e+01
   endloop
 endfacet
 facet normal -1.000000e+00  0.000000e+00  0.000000e+00
   outer loop
     vertex -1.307500e+02  4.585501e+02 -9.997909e+01
     vertex -1.307500e+02  4.555453e+02 -1.052258e+02
     vertex -1.307500e+02  4.554290e+02 -1.049477e+02
   endloop
 endfacet
 facet normal -1.000000e+00  8.596628e-14 -4.923387e-14
   outer loop
     vertex -1.307500e+02  4.585501e+02 -9.997909e+01
     vertex -1.307500e+02  4.589445e+02 -9.986772e+01
     vertex -1.307500e+02  4.555453e+02 -1.052258e+02
   endloop
 endfacet
 facet normal -1.000000e+00 -1.201804e-15 -1.586602e-15
   outer loop
     vertex -1.307500e+02  4.926974e+02 -7.121260e+01
     vertex -1.307500e+02  4.868219e+02 -8.467565e+01
     vertex -1.307500e+02  4.842783e+02 -8.274892e+01
   endloop
 endfacet
 facet normal -1.000000e+00 -1.235195e-15 -1.572029e-15
   outer loop
     vertex -1.307500e+02  4.926974e+02 -7.121260e+01
     vertex -1.307500e+02  4.963986e+02 -7.412075e+01
     vertex -1.307500e+02  4.868219e+02 -8.467565e+01
   endloop
 endfacet
 facet normal -1.000000e+00 -1.355486e-14  4.626640e-15
   outer loop
     vertex -1.307500e+02  4.599520e+02 -9.865053e+01
     vertex -1.307500e+02  4.636712e+02 -1.000403e+02
     vertex -1.307500e+02  4.598196e+02 -9.903839e+01
   endloop
 endfacet
 facet normal -1.000000e+00 -1.689097e-14 -4.300970e-15
   outer loop
     vertex -1.307500e+02  4.599520e+02 -9.865053e+01
     vertex -1.307500e+02  4.628838e+02 -9.694803e+01
     vertex -1.307500e+02  4.636712e+02 -1.000403e+02
   endloop
 endfacet
 facet normal -1.000000e+00  0.000000e+00 -0.000000e+00
   outer loop
     vertex -1.307500e+02  4.581405e+02 -9.999285e+01
     vertex -1.307500e+02  4.585501e+02 -9.997909e+01
     vertex -1.307500e+02  4.554290e+02 -1.049477e+02
   endloop
 endfacet
 facet normal -1.000000e+00  0.000000e+00  0.000000e+00
   outer loop
     vertex -1.307500e+02  4.581405e+02 -9.999285e+01
     vertex -1.307500e+02  4.554290e+02 -1.049477e+02
     vertex -1.307500e+02  4.552496e+02 -1.047056e+02
   endloop
 endfacet
 facet normal -1.000000e+00 -2.042631e-14  1.787071e-15
   outer loop
     vertex -1.307500e+02  4.599877e+02 -9.824227e+01
     vertex -1.307500e+02  4.628838e+02 -9.694803e+01
     vertex -1.307500e+02  4.599520e+02 -9.865053e+01
   endloop
 endfacet
 facet normal -1.000000e+00  0.000000e+00 -0.000000e+00
   outer loop
     vertex -1.307500e+02  4.577395e+02 -9.990818e+01
     vertex -1.307500e+02  4.581405e+02 -9.999285e+01
     vertex -1.307500e+02  4.552496e+02 -1.047056e+02
   endloop
 endfacet
 facet normal -1.000000e+00  0.000000e+00  0.000000e+00
   outer loop
     vertex -1.307500e+02  4.577395e+02 -9.990818e+01
     vertex -1.307500e+02  4.552496e+02 -1.047056e+02
     vertex -1.307500e+02  4.550175e+02 -1.045135e+02
   endloop
 endfacet
 facet normal -1.000000e+00 -1.835132e-14 -2.856074e-15
   outer loop
     vertex -1.307500e+02  4.599247e+02 -9.783732e+01
     vertex -1.307500e+02  4.628838e+02 -9.694803e+01
     vertex -1.307500e+02  4.599877e+02 -9.824227e+01
   endloop
 endfacet
 facet normal -1.000000e+00  0.000000e+00  0.000000e+00
   outer loop
     vertex -1.307500e+02  4.573704e+02 -9.973001e+01
     vertex -1.307500e+02  4.550175e+02 -1.045135e+02
     vertex -1.307500e+02  4.547461e+02 -1.043825e+02
   endloop
 endfacet
 facet normal -1.000000e+00  0.000000e+00 -0.000000e+00
   outer loop
     vertex -1.307500e+02  4.573704e+02 -9.973001e+01
     vertex -1.307500e+02  4.577395e+02 -9.990818e+01
     vertex -1.307500e+02  4.550175e+02 -1.045135e+02
   endloop
 endfacet
 facet normal -1.000000e+00 -1.706515e-14 -7.135814e-15
   outer loop
     vertex -1.307500e+02  4.597666e+02 -9.745922e+01
     vertex -1.307500e+02  4.628838e+02 -9.694803e+01
     vertex -1.307500e+02  4.599247e+02 -9.783732e+01
   endloop
 endfacet
 facet normal -1.000000e+00  0.000000e+00 -0.000000e+00
   outer loop
     vertex -1.307500e+02  4.570547e+02 -9.946869e+01
     vertex -1.307500e+02  4.573704e+02 -9.973001e+01
     vertex -1.307500e+02  4.547461e+02 -1.043825e+02
   endloop
 endfacet
 facet normal -1.000000e+00  0.000000e+00  0.000000e+00
   outer loop
     vertex -1.307500e+02  4.570547e+02 -9.946869e+01
     vertex -1.307500e+02  4.547461e+02 -1.043825e+02
     vertex -1.307500e+02  4.544513e+02 -1.043202e+02
   endloop
 endfacet
 facet normal -1.000000e+00 -1.625954e-14 -1.204833e-14
   outer loop
     vertex -1.307500e+02  4.595226e+02 -9.712994e+01
     vertex -1.307500e+02  4.628838e+02 -9.694803e+01
     vertex -1.307500e+02  4.597666e+02 -9.745922e+01
   endloop
 endfacet
 facet normal -1.000000e+00  0.000000e+00 -0.000000e+00
   outer loop
     vertex -1.307500e+02  4.568107e+02 -9.913941e+01
     vertex -1.307500e+02  4.570547e+02 -9.946869e+01
     vertex -1.307500e+02  4.544513e+02 -1.043202e+02
   endloop
 endfacet
 facet normal -1.000000e+00  0.000000e+00  0.000000e+00
   outer loop
     vertex -1.307500e+02  4.568107e+02 -9.913941e+01
     vertex -1.307500e+02  4.544513e+02 -1.043202e+02
     vertex -1.307500e+02  4.541501e+02 -1.043303e+02
   endloop
 endfacet
 facet normal -1.000000e+00 -1.688883e-14 -4.211810e-16
   outer loop
     vertex -1.307500e+02  4.628042e+02 -9.375803e+01
     vertex -1.307500e+02  4.628838e+02 -9.694803e+01
     vertex -1.307500e+02  4.595226e+02 -9.712994e+01
   endloop
 endfacet
 facet normal -1.000000e+00 -7.728160e-15 -9.336635e-15
   outer loop
     vertex -1.307500e+02  4.628042e+02 -9.375803e+01
     vertex -1.307500e+02  4.595226e+02 -9.712994e+01
     vertex -1.307500e+02  4.592069e+02 -9.686862e+01
   endloop
 endfacet
 facet normal -1.000000e+00  0.000000e+00 -0.000000e+00
   outer loop
     vertex -1.307500e+02  4.566526e+02 -9.876131e+01
     vertex -1.307500e+02  4.568107e+02 -9.913941e+01
     vertex -1.307500e+02  4.541501e+02 -1.043303e+02
   endloop
 endfacet
 facet normal -1.000000e+00 -1.305389e-14  2.296464e-14
   outer loop
     vertex -1.307500e+02  4.500020e+02 -1.041300e+02
     vertex -1.307500e+02  4.538601e+02 -1.044122e+02
     vertex -1.307500e+02  4.535981e+02 -1.045611e+02
   endloop
 endfacet
 facet normal -1.000000e+00 -1.403190e-14  1.480643e-14
   outer loop
     vertex -1.307500e+02  4.500020e+02 -1.041300e+02
     vertex -1.307500e+02  4.535981e+02 -1.045611e+02
     vertex -1.307500e+02  4.533794e+02 -1.047684e+02
   endloop
 endfacet
 facet normal -1.000000e+00 -1.500973e-14  9.633231e-15
   outer loop
     vertex -1.307500e+02  4.500020e+02 -1.041300e+02
     vertex -1.307500e+02  4.533794e+02 -1.047684e+02
     vertex -1.307500e+02  4.532166e+02 -1.050220e+02
   endloop
 endfacet
 facet normal -1.000000e+00 -1.615289e-14  5.513418e-15
   outer loop
     vertex -1.307500e+02  4.500020e+02 -1.041300e+02
     vertex -1.307500e+02  4.532166e+02 -1.050220e+02
     vertex -1.307500e+02  4.531193e+02 -1.053072e+02
   endloop
 endfacet
 facet normal -1.000000e+00 -1.765174e-14  1.544327e-15
   outer loop
     vertex -1.307500e+02  4.500020e+02 -1.041300e+02
     vertex -1.307500e+02  4.531193e+02 -1.053072e+02
     vertex -1.307500e+02  4.530930e+02 -1.056074e+02
   endloop
 endfacet
 facet normal -1.000000e+00 -1.986774e-14 -3.092079e-15
   outer loop
     vertex -1.307500e+02  4.500020e+02 -1.041300e+02
     vertex -1.307500e+02  4.530930e+02 -1.056074e+02
     vertex -1.307500e+02  4.531394e+02 -1.059052e+02
   endloop
 endfacet
 facet normal -1.000000e+00 -2.400058e-14 -1.039645e-14
   outer loop
     vertex -1.307500e+02  4.500020e+02 -1.041300e+02
     vertex -1.307500e+02  4.531394e+02 -1.059052e+02
     vertex -1.307500e+02  4.518730e+02 -1.084492e+02
   endloop
 endfacet
 facet normal -1.000000e+00  4.375748e-14 -6.887904e-14
   outer loop
     vertex -1.307500e+02  4.588378e+02 -9.669045e+01
     vertex -1.307500e+02  4.628042e+02 -9.375803e+01
     vertex -1.307500e+02  4.592069e+02 -9.686862e+01
   endloop
 endfacet
 facet normal -1.000000e+00 -1.591892e-15 -7.539018e-15
   outer loop
     vertex -1.307500e+02  4.584368e+02 -9.660578e+01
     vertex -1.307500e+02  4.628042e+02 -9.375803e+01
     vertex -1.307500e+02  4.588378e+02 -9.669045e+01
   endloop
 endfacet
 facet normal -1.000000e+00  3.533011e-16 -1.052223e-14
   outer loop
     vertex -1.307500e+02  4.580272e+02 -9.661954e+01
     vertex -1.307500e+02  4.628042e+02 -9.375803e+01
     vertex -1.307500e+02  4.584368e+02 -9.660578e+01
   endloop
 endfacet
 facet normal -1.000000e+00 -6.769433e-15  1.368470e-15
   outer loop
     vertex -1.307500e+02  4.634365e+02 -9.063031e+01
     vertex -1.307500e+02  4.628042e+02 -9.375803e+01
     vertex -1.307500e+02  4.580272e+02 -9.661954e+01
   endloop
 endfacet
 facet normal -1.000000e+00 -1.080089e-14  5.418769e-15
   outer loop
     vertex -1.307500e+02  4.885681e+02 -6.895332e+01
     vertex -1.307500e+02  4.926974e+02 -7.121260e+01
     vertex -1.307500e+02  4.842783e+02 -8.274892e+01
   endloop
 endfacet
 facet normal -1.000000e+00 -1.632332e-14  7.135983e-15
   outer loop
     vertex -1.307500e+02  4.885681e+02 -6.895332e+01
     vertex -1.307500e+02  4.842783e+02 -8.274892e+01
     vertex -1.307500e+02  4.813697e+02 -8.143651e+01
   endloop
 endfacet
 facet normal -1.000000e+00 -1.546964e-14 -1.006350e-14
   outer loop
     vertex -1.307500e+02  4.488675e+02 -9.956178e+01
     vertex -1.307500e+02  4.538601e+02 -1.044122e+02
     vertex -1.307500e+02  4.500020e+02 -1.041300e+02
   endloop
 endfacet
 facet normal -1.000000e+00 -1.282053e-15  4.539983e-15
   outer loop
     vertex -1.307500e+02  4.488675e+02 -9.956178e+01
     vertex -1.307500e+02  4.541501e+02 -1.043303e+02
     vertex -1.307500e+02  4.538601e+02 -1.044122e+02
   endloop
 endfacet
 facet normal -1.000000e+00 -3.827597e-15  1.720013e-15
   outer loop
     vertex -1.307500e+02  4.488675e+02 -9.956178e+01
     vertex -1.307500e+02  4.566526e+02 -9.876131e+01
     vertex -1.307500e+02  4.541501e+02 -1.043303e+02
   endloop
 endfacet
 facet normal -1.000000e+00 -3.731501e-15  3.264641e-16
   outer loop
     vertex -1.307500e+02  4.488675e+02 -9.956178e+01
     vertex -1.307500e+02  4.566253e+02 -9.794810e+01
     vertex -1.307500e+02  4.565896e+02 -9.835636e+01
   endloop
 endfacet
 facet normal -1.000000e+00 -3.593246e-15 -5.592281e-16
   outer loop
     vertex -1.307500e+02  4.488675e+02 -9.956178e+01
     vertex -1.307500e+02  4.565896e+02 -9.835636e+01
     vertex -1.307500e+02  4.566526e+02 -9.876131e+01
   endloop
 endfacet
 facet normal -1.000000e+00  0.000000e+00  0.000000e+00
   outer loop
     vertex -1.307500e+02  4.750103e+02 -7.737263e+01
     vertex -1.307500e+02  4.782420e+02 -8.080423e+01
     vertex -1.307500e+02  4.750520e+02 -8.088378e+01
   endloop
 endfacet
 facet normal -1.000000e+00  0.000000e+00 -0.000000e+00
   outer loop
     vertex -1.307500e+02  4.750103e+02 -7.737263e+01
     vertex -1.307500e+02  4.750520e+02 -8.088378e+01
     vertex -1.307500e+02  4.747128e+02 -7.765453e+01
   endloop
 endfacet
 facet normal -1.000000e+00  0.000000e+00  0.000000e+00
   outer loop
     vertex -1.307500e+02  4.743565e+02 -7.785706e+01
     vertex -1.307500e+02  4.747128e+02 -7.765453e+01
     vertex -1.307500e+02  4.750520e+02 -8.088378e+01
   endloop
 endfacet
 facet normal -1.000000e+00  0.000000e+00 -0.000000e+00
   outer loop
     vertex -1.307500e+02  4.752316e+02 -7.702772e+01
     vertex -1.307500e+02  4.782420e+02 -8.080423e+01
     vertex -1.307500e+02  4.750103e+02 -7.737263e+01
   endloop
 endfacet
 facet normal -1.000000e+00  0.000000e+00  0.000000e+00
   outer loop
     vertex -1.307500e+02  4.739621e+02 -7.796843e+01
     vertex -1.307500e+02  4.743565e+02 -7.785706e+01
     vertex -1.307500e+02  4.750520e+02 -8.088378e+01
   endloop
 endfacet
 facet normal -1.000000e+00  0.000000e+00 -0.000000e+00
   outer loop
     vertex -1.307500e+02  4.753640e+02 -7.663987e+01
     vertex -1.307500e+02  4.782420e+02 -8.080423e+01
     vertex -1.307500e+02  4.752316e+02 -7.702772e+01
   endloop
 endfacet
 facet normal -1.000000e+00  0.000000e+00  0.000000e+00
   outer loop
     vertex -1.307500e+02  4.735525e+02 -7.798218e+01
     vertex -1.307500e+02  4.739621e+02 -7.796843e+01
     vertex -1.307500e+02  4.750520e+02 -8.088378e+01
   endloop
 endfacet
 facet normal -1.000000e+00 -1.624461e-14 -8.394706e-15
   outer loop
     vertex -1.307500e+02  4.735525e+02 -7.798218e+01
     vertex -1.307500e+02  4.750520e+02 -8.088378e+01
     vertex -1.307500e+02  4.719597e+02 -8.167118e+01
   endloop
 endfacet
 facet normal -1.000000e+00  0.000000e+00 -0.000000e+00
   outer loop
     vertex -1.307500e+02  4.753997e+02 -7.623160e+01
     vertex -1.307500e+02  4.782420e+02 -8.080423e+01
     vertex -1.307500e+02  4.753640e+02 -7.663987e+01
   endloop
 endfacet
 facet normal -1.000000e+00 -2.981790e-15 -1.412142e-14
   outer loop
     vertex -1.307500e+02  4.731515e+02 -7.789751e+01
     vertex -1.307500e+02  4.735525e+02 -7.798218e+01
     vertex -1.307500e+02  4.719597e+02 -8.167118e+01
   endloop
 endfacet
 facet normal -1.000000e+00 -6.309775e-15 -1.307031e-14
   outer loop
     vertex -1.307500e+02  4.727825e+02 -7.771934e+01
     vertex -1.307500e+02  4.731515e+02 -7.789751e+01
     vertex -1.307500e+02  4.719597e+02 -8.167118e+01
   endloop
 endfacet
 facet normal -1.000000e+00 -1.015579e-14 -1.226953e-14
   outer loop
     vertex -1.307500e+02  4.724668e+02 -7.745803e+01
     vertex -1.307500e+02  4.727825e+02 -7.771934e+01
     vertex -1.307500e+02  4.719597e+02 -8.167118e+01
   endloop
 endfacet
 facet normal -1.000000e+00  0.000000e+00 -0.000000e+00
   outer loop
     vertex -1.307500e+02  4.801418e+02 -7.089217e+01
     vertex -1.307500e+02  4.813697e+02 -8.143651e+01
     vertex -1.307500e+02  4.799231e+02 -7.109945e+01
   endloop
 endfacet
 facet normal -1.000000e+00 -3.284977e-15 -3.825288e-16
   outer loop
     vertex -1.307500e+02  4.801418e+02 -7.089217e+01
     vertex -1.307500e+02  4.885681e+02 -6.895332e+01
     vertex -1.307500e+02  4.813697e+02 -8.143651e+01
   endloop
 endfacet
 facet normal -1.000000e+00  0.000000e+00  0.000000e+00
   outer loop
     vertex -1.307500e+02  4.796611e+02 -7.124837e+01
     vertex -1.307500e+02  4.799231e+02 -7.109945e+01
     vertex -1.307500e+02  4.813697e+02 -8.143651e+01
   endloop
 endfacet
 facet normal -1.000000e+00 -3.957410e-15  2.539862e-15
   outer loop
     vertex -1.307500e+02  4.803046e+02 -7.063857e+01
     vertex -1.307500e+02  4.885681e+02 -6.895332e+01
     vertex -1.307500e+02  4.801418e+02 -7.089217e+01
   endloop
 endfacet
 facet normal -1.000000e+00  1.911431e-16 -1.780224e-14
   outer loop
     vertex -1.307500e+02  4.841232e+02 -6.740452e+01
     vertex -1.307500e+02  4.885681e+02 -6.895332e+01
     vertex -1.307500e+02  4.803046e+02 -7.063857e+01
   endloop
 endfacet
 facet normal -1.000000e+00  6.003481e-15  9.343405e-16
   outer loop
     vertex -1.307500e+02  4.793711e+02 -7.133026e+01
     vertex -1.307500e+02  4.753997e+02 -7.623160e+01
     vertex -1.307500e+02  4.753367e+02 -7.582665e+01
   endloop
 endfacet
 facet normal -1.000000e+00  0.000000e+00  0.000000e+00
   outer loop
     vertex -1.307500e+02  4.793711e+02 -7.133026e+01
     vertex -1.307500e+02  4.796611e+02 -7.124837e+01
     vertex -1.307500e+02  4.813697e+02 -8.143651e+01
   endloop
 endfacet
 facet normal -1.000000e+00  9.465444e-15  1.871845e-15
   outer loop
     vertex -1.307500e+02  4.793711e+02 -7.133026e+01
     vertex -1.307500e+02  4.813697e+02 -8.143651e+01
     vertex -1.307500e+02  4.782420e+02 -8.080423e+01
   endloop
 endfacet
 facet normal -1.000000e+00  4.049853e-15  2.517301e-15
   outer loop
     vertex -1.307500e+02  4.793711e+02 -7.133026e+01
     vertex -1.307500e+02  4.782420e+02 -8.080423e+01
     vertex -1.307500e+02  4.753997e+02 -7.623160e+01
   endloop
 endfacet
 facet normal -1.000000e+00 -2.093908e-14  7.147073e-15
   outer loop
     vertex -1.307500e+02  4.804019e+02 -7.035338e+01
     vertex -1.307500e+02  4.841232e+02 -6.740452e+01
     vertex -1.307500e+02  4.803046e+02 -7.063857e+01
   endloop
 endfacet
 facet normal -1.000000e+00 -1.566344e-14 -1.160662e-14
   outer loop
     vertex -1.307500e+02  4.722228e+02 -7.712875e+01
     vertex -1.307500e+02  4.724668e+02 -7.745803e+01
     vertex -1.307500e+02  4.719597e+02 -8.167118e+01
   endloop
 endfacet
 facet normal -1.000000e+00  6.611833e-15 -1.289686e-14
   outer loop
     vertex -1.307500e+02  4.722228e+02 -7.712875e+01
     vertex -1.307500e+02  4.719597e+02 -8.167118e+01
     vertex -1.307500e+02  4.691201e+02 -8.312694e+01
   endloop
 endfacet
 facet normal -1.000000e+00 -2.188307e-16  6.517352e-15
   outer loop
     vertex -1.307500e+02  4.790699e+02 -7.134038e+01
     vertex -1.307500e+02  4.793711e+02 -7.133026e+01
     vertex -1.307500e+02  4.753367e+02 -7.582665e+01
   endloop
 endfacet
 facet normal -1.000000e+00 -1.641337e-14  1.435984e-15
   outer loop
     vertex -1.307500e+02  4.804282e+02 -7.005319e+01
     vertex -1.307500e+02  4.841232e+02 -6.740452e+01
     vertex -1.307500e+02  4.804019e+02 -7.035338e+01
   endloop
 endfacet
 facet normal -1.000000e+00  1.137790e-15  5.388443e-15
   outer loop
     vertex -1.307500e+02  4.787751e+02 -7.127812e+01
     vertex -1.307500e+02  4.790699e+02 -7.134038e+01
     vertex -1.307500e+02  4.753367e+02 -7.582665e+01
   endloop
 endfacet
 facet normal -1.000000e+00  5.322038e-15  2.225417e-15
   outer loop
     vertex -1.307500e+02  4.787751e+02 -7.127812e+01
     vertex -1.307500e+02  4.753367e+02 -7.582665e+01
     vertex -1.307500e+02  4.751786e+02 -7.544855e+01
   endloop
 endfacet
 facet normal -1.000000e+00 -1.708498e-13  7.889854e-14
   outer loop
     vertex -1.307500e+02  4.720647e+02 -7.675065e+01
     vertex -1.307500e+02  4.722228e+02 -7.712875e+01
     vertex -1.307500e+02  4.691201e+02 -8.312694e+01
   endloop
 endfacet
 facet normal -1.000000e+00 -1.383999e-14 -2.153960e-15
   outer loop
     vertex -1.307500e+02  4.803818e+02 -6.975543e+01
     vertex -1.307500e+02  4.841232e+02 -6.740452e+01
     vertex -1.307500e+02  4.804282e+02 -7.005319e+01
   endloop
 endfacet
 facet normal -1.000000e+00  0.000000e+00  0.000000e+00
   outer loop
     vertex -1.307500e+02  4.785037e+02 -7.114711e+01
     vertex -1.307500e+02  4.751786e+02 -7.544855e+01
     vertex -1.307500e+02  4.749346e+02 -7.511928e+01
   endloop
 endfacet
 facet normal -1.000000e+00  7.626991e-14 -5.895874e-14
   outer loop
     vertex -1.307500e+02  4.785037e+02 -7.114711e+01
     vertex -1.307500e+02  4.787751e+02 -7.127812e+01
     vertex -1.307500e+02  4.751786e+02 -7.544855e+01
   endloop
 endfacet
 facet normal -1.000000e+00 -1.203202e-14 -5.031207e-15
   outer loop
     vertex -1.307500e+02  4.802656e+02 -6.947741e+01
     vertex -1.307500e+02  4.841232e+02 -6.740452e+01
     vertex -1.307500e+02  4.803818e+02 -6.975543e+01
   endloop
 endfacet
 facet normal -1.000000e+00  0.000000e+00 -0.000000e+00
   outer loop
     vertex -1.307500e+02  4.720016e+02 -7.634570e+01
     vertex -1.307500e+02  4.720647e+02 -7.675065e+01
     vertex -1.307500e+02  4.691201e+02 -8.312694e+01
   endloop
 endfacet
 facet normal -1.000000e+00  0.000000e+00  0.000000e+00
   outer loop
     vertex -1.307500e+02  4.782716e+02 -7.095497e+01
     vertex -1.307500e+02  4.749346e+02 -7.511928e+01
     vertex -1.307500e+02  4.746189e+02 -7.485796e+01
   endloop
 endfacet
 facet normal -1.000000e+00  0.000000e+00 -0.000000e+00
   outer loop
     vertex -1.307500e+02  4.782716e+02 -7.095497e+01
     vertex -1.307500e+02  4.785037e+02 -7.114711e+01
     vertex -1.307500e+02  4.749346e+02 -7.511928e+01
   endloop
 endfacet
 facet normal -1.000000e+00 -1.053910e-14 -7.809474e-15
   outer loop
     vertex -1.307500e+02  4.800862e+02 -6.923530e+01
     vertex -1.307500e+02  4.841232e+02 -6.740452e+01
     vertex -1.307500e+02  4.802656e+02 -6.947741e+01
   endloop
 endfacet
 facet normal -1.000000e+00  0.000000e+00  0.000000e+00
   outer loop
     vertex -1.307500e+02  4.780922e+02 -7.071285e+01
     vertex -1.307500e+02  4.746189e+02 -7.485796e+01
     vertex -1.307500e+02  4.742498e+02 -7.467979e+01
   endloop
 endfacet
 facet normal -1.000000e+00  0.000000e+00 -0.000000e+00
   outer loop
     vertex -1.307500e+02  4.780922e+02 -7.071285e+01
     vertex -1.307500e+02  4.782716e+02 -7.095497e+01
     vertex -1.307500e+02  4.746189e+02 -7.485796e+01
   endloop
 endfacet
 facet normal -1.000000e+00  0.000000e+00  0.000000e+00
   outer loop
     vertex -1.307500e+02  4.779759e+02 -7.043484e+01
     vertex -1.307500e+02  4.742498e+02 -7.467979e+01
     vertex -1.307500e+02  4.738488e+02 -7.459512e+01
   endloop
 endfacet
 facet normal -1.000000e+00  0.000000e+00 -0.000000e+00
   outer loop
     vertex -1.307500e+02  4.779759e+02 -7.043484e+01
     vertex -1.307500e+02  4.780922e+02 -7.071285e+01
     vertex -1.307500e+02  4.742498e+02 -7.467979e+01
   endloop
 endfacet
 facet normal -1.000000e+00 -2.594519e-15  2.737731e-15
   outer loop
     vertex -1.307500e+02  4.485003e+02 -9.486910e+01
     vertex -1.307500e+02  4.572765e+02 -9.693344e+01
     vertex -1.307500e+02  4.569791e+02 -9.721534e+01
   endloop
 endfacet
 facet normal -1.000000e+00 -2.846558e-15  1.826918e-15
   outer loop
     vertex -1.307500e+02  4.485003e+02 -9.486910e+01
     vertex -1.307500e+02  4.569791e+02 -9.721534e+01
     vertex -1.307500e+02  4.567577e+02 -9.756024e+01
   endloop
 endfacet
 facet normal -1.000000e+00 -3.097406e-15  1.057228e-15
   outer loop
     vertex -1.307500e+02  4.485003e+02 -9.486910e+01
     vertex -1.307500e+02  4.567577e+02 -9.756024e+01
     vertex -1.307500e+02  4.566253e+02 -9.794810e+01
   endloop
 endfacet
 facet normal -1.000000e+00 -3.604927e-15 -2.820480e-16
   outer loop
     vertex -1.307500e+02  4.485003e+02 -9.486910e+01
     vertex -1.307500e+02  4.566253e+02 -9.794810e+01
     vertex -1.307500e+02  4.488675e+02 -9.956178e+01
   endloop
 endfacet
 facet normal -1.000000e+00  0.000000e+00 -0.000000e+00
   outer loop
     vertex -1.307500e+02  4.779296e+02 -7.013708e+01
     vertex -1.307500e+02  4.779759e+02 -7.043484e+01
     vertex -1.307500e+02  4.738488e+02 -7.459512e+01
   endloop
 endfacet
 facet normal -1.000000e+00  0.000000e+00  0.000000e+00
   outer loop
     vertex -1.307500e+02  4.794839e+02 -6.660845e+01
     vertex -1.307500e+02  4.800862e+02 -6.923530e+01
     vertex -1.307500e+02  4.798541e+02 -6.904315e+01
   endloop
 endfacet
 facet normal -1.000000e+00  0.000000e+00  0.000000e+00
   outer loop
     vertex -1.307500e+02  4.794839e+02 -6.660845e+01
     vertex -1.307500e+02  4.798541e+02 -6.904315e+01
     vertex -1.307500e+02  4.795827e+02 -6.891215e+01
   endloop
 endfacet
 facet normal -1.000000e+00  0.000000e+00 -0.000000e+00
   outer loop
     vertex -1.307500e+02  4.794839e+02 -6.660845e+01
     vertex -1.307500e+02  4.795827e+02 -6.891215e+01
     vertex -1.307500e+02  4.792878e+02 -6.884989e+01
   endloop
 endfacet
 facet normal -1.000000e+00  0.000000e+00  0.000000e+00
   outer loop
     vertex -1.307500e+02  4.794839e+02 -6.660845e+01
     vertex -1.307500e+02  4.792878e+02 -6.884989e+01
     vertex -1.307500e+02  4.789867e+02 -6.886000e+01
   endloop
 endfacet
 facet normal -1.000000e+00  0.000000e+00  0.000000e+00
   outer loop
     vertex -1.307500e+02  4.794839e+02 -6.660845e+01
     vertex -1.307500e+02  4.789867e+02 -6.886000e+01
     vertex -1.307500e+02  4.786967e+02 -6.894190e+01
   endloop
 endfacet
 facet normal -1.000000e+00  1.342337e-13 -4.528867e-14
   outer loop
     vertex -1.307500e+02  4.794839e+02 -6.660845e+01
     vertex -1.307500e+02  4.786967e+02 -6.894190e+01
     vertex -1.307500e+02  4.784347e+02 -6.909081e+01
   endloop
 endfacet
 facet normal -1.000000e+00 -1.275458e-14 -2.924209e-15
   outer loop
     vertex -1.307500e+02  4.794839e+02 -6.660845e+01
     vertex -1.307500e+02  4.841232e+02 -6.740452e+01
     vertex -1.307500e+02  4.800862e+02 -6.923530e+01
   endloop
 endfacet
 facet normal -1.000000e+00 -3.173184e-15  2.776176e-16
   outer loop
     vertex -1.307500e+02  4.489105e+02 -9.017999e+01
     vertex -1.307500e+02  4.572765e+02 -9.693344e+01
     vertex -1.307500e+02  4.485003e+02 -9.486910e+01
   endloop
 endfacet
 facet normal -1.000000e+00 -8.903963e-16  3.153056e-15
   outer loop
     vertex -1.307500e+02  4.489105e+02 -9.017999e+01
     vertex -1.307500e+02  4.580272e+02 -9.661954e+01
     vertex -1.307500e+02  4.576328e+02 -9.673091e+01
   endloop
 endfacet
 facet normal -1.000000e+00 -1.403764e-15  2.469528e-15
   outer loop
     vertex -1.307500e+02  4.489105e+02 -9.017999e+01
     vertex -1.307500e+02  4.576328e+02 -9.673091e+01
     vertex -1.307500e+02  4.572765e+02 -9.693344e+01
   endloop
 endfacet
 facet normal -1.000000e+00 -2.048465e-15  2.161536e-15
   outer loop
     vertex -1.307500e+02  4.574841e+02 -8.145763e+01
     vertex -1.307500e+02  4.647489e+02 -8.772171e+01
     vertex -1.307500e+02  4.572654e+02 -8.166491e+01
   endloop
 endfacet
 facet normal -1.000000e+00 -1.566906e-15  2.756529e-15
   outer loop
     vertex -1.307500e+02  4.570034e+02 -8.181383e+01
     vertex -1.307500e+02  4.572654e+02 -8.166491e+01
     vertex -1.307500e+02  4.647489e+02 -8.772171e+01
   endloop
 endfacet
 facet normal -1.000000e+00 -2.729909e-15  1.231782e-15
   outer loop
     vertex -1.307500e+02  4.570034e+02 -8.181383e+01
     vertex -1.307500e+02  4.647489e+02 -8.772171e+01
     vertex -1.307500e+02  4.634365e+02 -9.063031e+01
   endloop
 endfacet
 facet normal -1.000000e+00 -2.518522e-15  1.616385e-15
   outer loop
     vertex -1.307500e+02  4.576469e+02 -8.120402e+01
     vertex -1.307500e+02  4.647489e+02 -8.772171e+01
     vertex -1.307500e+02  4.574841e+02 -8.145763e+01
   endloop
 endfacet
 facet normal -1.000000e+00 -2.360806e-15  1.788241e-15
   outer loop
     vertex -1.307500e+02  4.576469e+02 -8.120402e+01
     vertex -1.307500e+02  4.666757e+02 -8.517807e+01
     vertex -1.307500e+02  4.647489e+02 -8.772171e+01
   endloop
 endfacet
 facet normal -1.000000e+00 -7.548151e-16  2.672938e-15
   outer loop
     vertex -1.307500e+02  4.567134e+02 -8.189572e+01
     vertex -1.307500e+02  4.570034e+02 -8.181383e+01
     vertex -1.307500e+02  4.634365e+02 -9.063031e+01
   endloop
 endfacet
 facet normal -1.000000e+00 -2.736748e-15  9.341259e-16
   outer loop
     vertex -1.307500e+02  4.577442e+02 -8.091884e+01
     vertex -1.307500e+02  4.666757e+02 -8.517807e+01
     vertex -1.307500e+02  4.576469e+02 -8.120402e+01
   endloop
 endfacet
 facet normal -1.000000e+00  0.000000e+00  0.000000e+00
   outer loop
     vertex -1.307500e+02  4.747770e+02 -6.658683e+01
     vertex -1.307500e+02  4.784347e+02 -6.909081e+01
     vertex -1.307500e+02  4.782160e+02 -6.929809e+01
   endloop
 endfacet
 facet normal -1.000000e+00  0.000000e+00  0.000000e+00
   outer loop
     vertex -1.307500e+02  4.747770e+02 -6.658683e+01
     vertex -1.307500e+02  4.782160e+02 -6.929809e+01
     vertex -1.307500e+02  4.780532e+02 -6.955170e+01
   endloop
 endfacet
 facet normal -1.000000e+00  0.000000e+00  0.000000e+00
   outer loop
     vertex -1.307500e+02  4.747770e+02 -6.658683e+01
     vertex -1.307500e+02  4.780532e+02 -6.955170e+01
     vertex -1.307500e+02  4.779559e+02 -6.983688e+01
   endloop
 endfacet
 facet normal -1.000000e+00  0.000000e+00  0.000000e+00
   outer loop
     vertex -1.307500e+02  4.747770e+02 -6.658683e+01
     vertex -1.307500e+02  4.779559e+02 -6.983688e+01
     vertex -1.307500e+02  4.779296e+02 -7.013708e+01
   endloop
 endfacet
 facet normal -1.000000e+00  0.000000e+00 -0.000000e+00
   outer loop
     vertex -1.307500e+02  4.747770e+02 -6.658683e+01
     vertex -1.307500e+02  4.779296e+02 -7.013708e+01
     vertex -1.307500e+02  4.738488e+02 -7.459512e+01
   endloop
 endfacet
 facet normal -1.000000e+00  6.079000e-15  8.879991e-15
   outer loop
     vertex -1.307500e+02  4.747770e+02 -6.658683e+01
     vertex -1.307500e+02  4.794839e+02 -6.660845e+01
     vertex -1.307500e+02  4.784347e+02 -6.909081e+01
   endloop
 endfacet
 facet normal -1.000000e+00  0.000000e+00  0.000000e+00
   outer loop
     vertex -1.307500e+02  4.747770e+02 -6.658683e+01
     vertex -1.307500e+02  4.738488e+02 -7.459512e+01
     vertex -1.307500e+02  4.734393e+02 -7.460887e+01
   endloop
 endfacet
 facet normal -1.000000e+00 -1.065034e-16  3.171949e-15
   outer loop
     vertex -1.307500e+02  4.564123e+02 -8.190583e+01
     vertex -1.307500e+02  4.567134e+02 -8.189572e+01
     vertex -1.307500e+02  4.634365e+02 -9.063031e+01
   endloop
 endfacet
 facet normal -1.000000e+00 -3.054766e-15  2.672574e-16
   outer loop
     vertex -1.307500e+02  4.577705e+02 -8.061864e+01
     vertex -1.307500e+02  4.666757e+02 -8.517807e+01
     vertex -1.307500e+02  4.577442e+02 -8.091884e+01
   endloop
 endfacet
 facet normal -1.000000e+00 -3.467940e-15 -5.397264e-16
   outer loop
     vertex -1.307500e+02  4.577242e+02 -8.032088e+01
     vertex -1.307500e+02  4.666757e+02 -8.517807e+01
     vertex -1.307500e+02  4.577705e+02 -8.061864e+01
   endloop
 endfacet
 facet normal -1.000000e+00  2.637878e-15  1.071293e-14
   outer loop
     vertex -1.307500e+02  4.577242e+02 -8.032088e+01
     vertex -1.307500e+02  4.691201e+02 -8.312694e+01
     vertex -1.307500e+02  4.666757e+02 -8.517807e+01
   endloop
 endfacet
 facet normal -1.000000e+00 -7.400127e-15 -2.700293e-15
   outer loop
     vertex -1.307500e+02  4.500870e+02 -8.562236e+01
     vertex -1.307500e+02  4.564123e+02 -8.190583e+01
     vertex -1.307500e+02  4.634365e+02 -9.063031e+01
   endloop
 endfacet
 facet normal -1.000000e+00 -6.100433e-15  7.642497e-16
   outer loop
     vertex -1.307500e+02  4.500870e+02 -8.562236e+01
     vertex -1.307500e+02  4.634365e+02 -9.063031e+01
     vertex -1.307500e+02  4.580272e+02 -9.661954e+01
   endloop
 endfacet
 facet normal -1.000000e+00  1.088769e-15  5.955026e-15
   outer loop
     vertex -1.307500e+02  4.500870e+02 -8.562236e+01
     vertex -1.307500e+02  4.580272e+02 -9.661954e+01
     vertex -1.307500e+02  4.489105e+02 -9.017999e+01
   endloop
 endfacet
 facet normal -1.000000e+00 -4.101871e-15 -8.496769e-15
   outer loop
     vertex -1.307500e+02  4.500870e+02 -8.562236e+01
     vertex -1.307500e+02  4.558460e+02 -8.171257e+01
     vertex -1.307500e+02  4.561174e+02 -8.184358e+01
   endloop
 endfacet
 facet normal -1.000000e+00 -2.375772e-15 -1.125139e-14
   outer loop
     vertex -1.307500e+02  4.500870e+02 -8.562236e+01
     vertex -1.307500e+02  4.561174e+02 -8.184358e+01
     vertex -1.307500e+02  4.564123e+02 -8.190583e+01
   endloop
 endfacet
 facet normal -1.000000e+00 -3.575675e-15  6.290393e-15
   outer loop
     vertex -1.307500e+02  4.701306e+02 -6.734025e+01
     vertex -1.307500e+02  4.730449e+02 -7.472025e+01
     vertex -1.307500e+02  4.726886e+02 -7.492278e+01
   endloop
 endfacet
 facet normal -1.000000e+00 -5.383408e-15  5.680561e-15
   outer loop
     vertex -1.307500e+02  4.701306e+02 -6.734025e+01
     vertex -1.307500e+02  4.726886e+02 -7.492278e+01
     vertex -1.307500e+02  4.723911e+02 -7.520468e+01
   endloop
 endfacet
 facet normal -1.000000e+00 -1.257403e-14  2.096774e-15
   outer loop
     vertex -1.307500e+02  4.701306e+02 -6.734025e+01
     vertex -1.307500e+02  4.747770e+02 -6.658683e+01
     vertex -1.307500e+02  4.734393e+02 -7.460887e+01
   endloop
 endfacet
 facet normal -1.000000e+00 -1.956869e-15  6.929630e-15
   outer loop
     vertex -1.307500e+02  4.701306e+02 -6.734025e+01
     vertex -1.307500e+02  4.734393e+02 -7.460887e+01
     vertex -1.307500e+02  4.730449e+02 -7.472025e+01
   endloop
 endfacet
 facet normal -1.000000e+00 -1.413103e-14  6.275992e-15
   outer loop
     vertex -1.307500e+02  4.519976e+02 -8.132052e+01
     vertex -1.307500e+02  4.558460e+02 -8.171257e+01
     vertex -1.307500e+02  4.500870e+02 -8.562236e+01
   endloop
 endfacet
 facet normal -1.000000e+00 -1.902897e-14  6.495100e-15
   outer loop
     vertex -1.307500e+02  4.519976e+02 -8.132052e+01
     vertex -1.307500e+02  4.553955e+02 -8.011715e+01
     vertex -1.307500e+02  4.552982e+02 -8.040234e+01
   endloop
 endfacet
 facet normal -1.000000e+00 -1.765174e-14  1.544327e-15
   outer loop
     vertex -1.307500e+02  4.519976e+02 -8.132052e+01
     vertex -1.307500e+02  4.552982e+02 -8.040234e+01
     vertex -1.307500e+02  4.552719e+02 -8.070254e+01
   endloop
 endfacet
 facet normal -1.000000e+00 -1.686489e-14 -2.624736e-15
   outer loop
     vertex -1.307500e+02  4.519976e+02 -8.132052e+01
     vertex -1.307500e+02  4.552719e+02 -8.070254e+01
     vertex -1.307500e+02  4.553182e+02 -8.100029e+01
   endloop
 endfacet
 facet normal -1.000000e+00 -1.645449e-14 -6.880468e-15
   outer loop
     vertex -1.307500e+02  4.519976e+02 -8.132052e+01
     vertex -1.307500e+02  4.553182e+02 -8.100029e+01
     vertex -1.307500e+02  4.554345e+02 -8.127831e+01
   endloop
 endfacet
 facet normal -1.000000e+00 -1.638984e-14 -1.214488e-14
   outer loop
     vertex -1.307500e+02  4.519976e+02 -8.132052e+01
     vertex -1.307500e+02  4.554345e+02 -8.127831e+01
     vertex -1.307500e+02  4.556139e+02 -8.152042e+01
   endloop
 endfacet
 facet normal -1.000000e+00 -1.684334e-14 -2.034898e-14
   outer loop
     vertex -1.307500e+02  4.519976e+02 -8.132052e+01
     vertex -1.307500e+02  4.556139e+02 -8.152042e+01
     vertex -1.307500e+02  4.558460e+02 -8.171257e+01
   endloop
 endfacet
 facet normal -1.000000e+00 -2.631874e-15  1.689134e-15
   outer loop
     vertex -1.307500e+02  4.656717e+02 -6.884815e+01
     vertex -1.307500e+02  4.723911e+02 -7.520468e+01
     vertex -1.307500e+02  4.721697e+02 -7.554958e+01
   endloop
 endfacet
 facet normal -1.000000e+00 -1.150284e-13 -1.072966e-13
   outer loop
     vertex -1.307500e+02  4.656717e+02 -6.884815e+01
     vertex -1.307500e+02  4.721697e+02 -7.554958e+01
     vertex -1.307500e+02  4.720374e+02 -7.593744e+01
   endloop
 endfacet
 facet normal -1.000000e+00  3.581639e-15  8.257383e-15
   outer loop
     vertex -1.307500e+02  4.656717e+02 -6.884815e+01
     vertex -1.307500e+02  4.701306e+02 -6.734025e+01
     vertex -1.307500e+02  4.723911e+02 -7.520468e+01
   endloop
 endfacet
 facet normal -1.000000e+00 -1.514388e-14 -4.475242e-15
   outer loop
     vertex -1.307500e+02  4.545901e+02 -7.739182e+01
     vertex -1.307500e+02  4.553955e+02 -8.011715e+01
     vertex -1.307500e+02  4.519976e+02 -8.132052e+01
   endloop
 endfacet
 facet normal -1.000000e+00  0.000000e+00  0.000000e+00
   outer loop
     vertex -1.307500e+02  4.545901e+02 -7.739182e+01
     vertex -1.307500e+02  4.566301e+02 -7.941535e+01
     vertex -1.307500e+02  4.563290e+02 -7.942546e+01
   endloop
 endfacet
 facet normal -1.000000e+00  0.000000e+00  0.000000e+00
   outer loop
     vertex -1.307500e+02  4.545901e+02 -7.739182e+01
     vertex -1.307500e+02  4.563290e+02 -7.942546e+01
     vertex -1.307500e+02  4.560390e+02 -7.950735e+01
   endloop
 endfacet
 facet normal -1.000000e+00  0.000000e+00  0.000000e+00
   outer loop
     vertex -1.307500e+02  4.545901e+02 -7.739182e+01
     vertex -1.307500e+02  4.560390e+02 -7.950735e+01
     vertex -1.307500e+02  4.557770e+02 -7.965627e+01
   endloop
 endfacet
 facet normal -1.000000e+00  0.000000e+00  0.000000e+00
   outer loop
     vertex -1.307500e+02  4.545901e+02 -7.739182e+01
     vertex -1.307500e+02  4.557770e+02 -7.965627e+01
     vertex -1.307500e+02  4.555583e+02 -7.986355e+01
   endloop
 endfacet
 facet normal -1.000000e+00  0.000000e+00  0.000000e+00
   outer loop
     vertex -1.307500e+02  4.545901e+02 -7.739182e+01
     vertex -1.307500e+02  4.555583e+02 -7.986355e+01
     vertex -1.307500e+02  4.553955e+02 -8.011715e+01
   endloop
 endfacet
 facet normal -1.000000e+00 -2.597599e-15  2.272605e-16
   outer loop
     vertex -1.307500e+02  4.615217e+02 -7.106941e+01
     vertex -1.307500e+02  4.720374e+02 -7.593744e+01
     vertex -1.307500e+02  4.720016e+02 -7.634570e+01
   endloop
 endfacet
 facet normal -1.000000e+00  6.870195e-16  2.790118e-15
   outer loop
     vertex -1.307500e+02  4.615217e+02 -7.106941e+01
     vertex -1.307500e+02  4.691201e+02 -8.312694e+01
     vertex -1.307500e+02  4.577242e+02 -8.032088e+01
   endloop
 endfacet
 facet normal -1.000000e+00 -2.234065e-15  9.493212e-16
   outer loop
     vertex -1.307500e+02  4.615217e+02 -7.106941e+01
     vertex -1.307500e+02  4.720016e+02 -7.634570e+01
     vertex -1.307500e+02  4.691201e+02 -8.312694e+01
   endloop
 endfacet
 facet normal -1.000000e+00 -7.801817e-15 -1.101460e-14
   outer loop
     vertex -1.307500e+02  4.615217e+02 -7.106941e+01
     vertex -1.307500e+02  4.656717e+02 -6.884815e+01
     vertex -1.307500e+02  4.720374e+02 -7.593744e+01
   endloop
 endfacet
 facet normal -1.000000e+00  3.707459e-15  1.550279e-15
   outer loop
     vertex -1.307500e+02  4.615217e+02 -7.106941e+01
     vertex -1.307500e+02  4.577242e+02 -8.032088e+01
     vertex -1.307500e+02  4.576079e+02 -8.004287e+01
   endloop
 endfacet
 facet normal -1.000000e+00  7.808032e-15 -2.382090e-16
   outer loop
     vertex -1.307500e+02  4.577940e+02 -7.394343e+01
     vertex -1.307500e+02  4.615217e+02 -7.106941e+01
     vertex -1.307500e+02  4.576079e+02 -8.004287e+01
   endloop
 endfacet
 facet normal -1.000000e+00  0.000000e+00  0.000000e+00
   outer loop
     vertex -1.307500e+02  4.577940e+02 -7.394343e+01
     vertex -1.307500e+02  4.566301e+02 -7.941535e+01
     vertex -1.307500e+02  4.545901e+02 -7.739182e+01
   endloop
 endfacet
 facet normal -1.000000e+00  0.000000e+00  0.000000e+00
   outer loop
     vertex -1.307500e+02  4.577940e+02 -7.394343e+01
     vertex -1.307500e+02  4.576079e+02 -8.004287e+01
     vertex -1.307500e+02  4.574285e+02 -7.980075e+01
   endloop
 endfacet
 facet normal -1.000000e+00  0.000000e+00  0.000000e+00
   outer loop
     vertex -1.307500e+02  4.577940e+02 -7.394343e+01
     vertex -1.307500e+02  4.574285e+02 -7.980075e+01
     vertex -1.307500e+02  4.571964e+02 -7.960861e+01
   endloop
 endfacet
 facet normal -1.000000e+00  0.000000e+00  0.000000e+00
   outer loop
     vertex -1.307500e+02  4.577940e+02 -7.394343e+01
     vertex -1.307500e+02  4.571964e+02 -7.960861e+01
     vertex -1.307500e+02  4.569250e+02 -7.947760e+01
   endloop
 endfacet
 facet normal -1.000000e+00  0.000000e+00  0.000000e+00
   outer loop
     vertex -1.307500e+02  4.577940e+02 -7.394343e+01
     vertex -1.307500e+02  4.569250e+02 -7.947760e+01
     vertex -1.307500e+02  4.566301e+02 -7.941535e+01
   endloop
 endfacet
 facet normal  1.000000e+00  0.000000e+00  0.000000e+00
   outer loop
     vertex -1.282500e+02  4.720647e+02 -7.675065e+01
     vertex -1.282500e+02  4.705730e+02 -7.717188e+01
     vertex -1.282500e+02  4.708753e+02 -7.789472e+01
   endloop
 endfacet
 facet normal  1.000000e+00  0.000000e+00  0.000000e+00
   outer loop
     vertex -1.282500e+02  4.720016e+02 -7.634570e+01
     vertex -1.282500e+02  4.704525e+02 -7.639772e+01
     vertex -1.282500e+02  4.705730e+02 -7.717188e+01
   endloop
 endfacet
 facet normal  1.000000e+00  0.000000e+00  0.000000e+00
   outer loop
     vertex -1.282500e+02  4.720016e+02 -7.634570e+01
     vertex -1.282500e+02  4.705730e+02 -7.717188e+01
     vertex -1.282500e+02  4.720647e+02 -7.675065e+01
   endloop
 endfacet
 facet normal  1.000000e+00  0.000000e+00  0.000000e+00
   outer loop
     vertex -1.282500e+02  4.722228e+02 -7.712875e+01
     vertex -1.282500e+02  4.720647e+02 -7.675065e+01
     vertex -1.282500e+02  4.708753e+02 -7.789472e+01
   endloop
 endfacet
 facet normal  1.000000e+00  0.000000e+00  0.000000e+00
   outer loop
     vertex -1.282500e+02  4.720374e+02 -7.593744e+01
     vertex -1.282500e+02  4.705208e+02 -7.561721e+01
     vertex -1.282500e+02  4.704525e+02 -7.639772e+01
   endloop
 endfacet
 facet normal  1.000000e+00  0.000000e+00  0.000000e+00
   outer loop
     vertex -1.282500e+02  4.720374e+02 -7.593744e+01
     vertex -1.282500e+02  4.707739e+02 -7.487572e+01
     vertex -1.282500e+02  4.705208e+02 -7.561721e+01
   endloop
 endfacet
 facet normal  1.000000e+00  0.000000e+00  0.000000e+00
   outer loop
     vertex -1.282500e+02  4.720374e+02 -7.593744e+01
     vertex -1.282500e+02  4.704525e+02 -7.639772e+01
     vertex -1.282500e+02  4.720016e+02 -7.634570e+01
   endloop
 endfacet
 facet normal  1.000000e+00  2.968175e-14  2.199419e-14
   outer loop
     vertex -1.282500e+02  4.724668e+02 -7.745803e+01
     vertex -1.282500e+02  4.708753e+02 -7.789472e+01
     vertex -1.282500e+02  4.713417e+02 -7.852422e+01
   endloop
 endfacet
 facet normal  1.000000e+00  6.904642e-14 -1.214677e-13
   outer loop
     vertex -1.282500e+02  4.724668e+02 -7.745803e+01
     vertex -1.282500e+02  4.722228e+02 -7.712875e+01
     vertex -1.282500e+02  4.708753e+02 -7.789472e+01
   endloop
 endfacet
 facet normal  1.000000e+00  0.000000e+00  0.000000e+00
   outer loop
     vertex -1.282500e+02  4.721697e+02 -7.554958e+01
     vertex -1.282500e+02  4.707739e+02 -7.487572e+01
     vertex -1.282500e+02  4.720374e+02 -7.593744e+01
   endloop
 endfacet
 facet normal  1.000000e+00  2.355569e-14  2.845838e-14
   outer loop
     vertex -1.282500e+02  4.727825e+02 -7.771934e+01
     vertex -1.282500e+02  4.713417e+02 -7.852422e+01
     vertex -1.282500e+02  4.719453e+02 -7.902380e+01
   endloop
 endfacet
 facet normal  1.000000e+00  2.355569e-14  2.845838e-14
   outer loop
     vertex -1.282500e+02  4.727825e+02 -7.771934e+01
     vertex -1.282500e+02  4.724668e+02 -7.745803e+01
     vertex -1.282500e+02  4.713417e+02 -7.852422e+01
   endloop
 endfacet
 facet normal  1.000000e+00  3.109021e-14 -1.995367e-14
   outer loop
     vertex -1.282500e+02  4.723911e+02 -7.520468e+01
     vertex -1.282500e+02  4.711971e+02 -7.421635e+01
     vertex -1.282500e+02  4.707739e+02 -7.487572e+01
   endloop
 endfacet
 facet normal  1.000000e+00  2.541156e-14 -2.681423e-14
   outer loop
     vertex -1.282500e+02  4.723911e+02 -7.520468e+01
     vertex -1.282500e+02  4.717658e+02 -7.367742e+01
     vertex -1.282500e+02  4.711971e+02 -7.421635e+01
   endloop
 endfacet
 facet normal  1.000000e+00  6.074315e-14  1.258256e-13
   outer loop
     vertex -1.282500e+02  4.723911e+02 -7.520468e+01
     vertex -1.282500e+02  4.707739e+02 -7.487572e+01
     vertex -1.282500e+02  4.721697e+02 -7.554958e+01
   endloop
 endfacet
 facet normal  1.000000e+00  6.916646e-14 -2.360837e-14
   outer loop
     vertex -1.282500e+02  4.731515e+02 -7.789751e+01
     vertex -1.282500e+02  4.719453e+02 -7.902380e+01
     vertex -1.282500e+02  4.726508e+02 -7.936442e+01
   endloop
 endfacet
 facet normal  1.000000e+00  1.606067e-14  3.326868e-14
   outer loop
     vertex -1.282500e+02  4.731515e+02 -7.789751e+01
     vertex -1.282500e+02  4.727825e+02 -7.771934e+01
     vertex -1.282500e+02  4.719453e+02 -7.902380e+01
   endloop
 endfacet
 facet normal  1.000000e+00  2.541156e-14 -2.681423e-14
   outer loop
     vertex -1.282500e+02  4.726886e+02 -7.492278e+01
     vertex -1.282500e+02  4.717658e+02 -7.367742e+01
     vertex -1.282500e+02  4.723911e+02 -7.520468e+01
   endloop
 endfacet
 facet normal  1.000000e+00  7.697642e-14  1.139536e-14
   outer loop
     vertex -1.282500e+02  4.724469e+02 -7.329024e+01
     vertex -1.282500e+02  4.717658e+02 -7.367742e+01
     vertex -1.282500e+02  4.726886e+02 -7.492278e+01
   endloop
 endfacet
 facet normal  1.000000e+00  0.000000e+00  0.000000e+00
   outer loop
     vertex -1.282500e+02  4.735525e+02 -7.798218e+01
     vertex -1.282500e+02  4.726508e+02 -7.936442e+01
     vertex -1.282500e+02  4.734174e+02 -7.952629e+01
   endloop
 endfacet
 facet normal  1.000000e+00  0.000000e+00  0.000000e+00
   outer loop
     vertex -1.282500e+02  4.735525e+02 -7.798218e+01
     vertex -1.282500e+02  4.731515e+02 -7.789751e+01
     vertex -1.282500e+02  4.726508e+02 -7.936442e+01
   endloop
 endfacet
 facet normal  1.000000e+00  0.000000e+00  0.000000e+00
   outer loop
     vertex -1.282500e+02  4.730449e+02 -7.472025e+01
     vertex -1.282500e+02  4.724469e+02 -7.329024e+01
     vertex -1.282500e+02  4.726886e+02 -7.492278e+01
   endloop
 endfacet
 facet normal  1.000000e+00  0.000000e+00  0.000000e+00
   outer loop
     vertex -1.282500e+02  4.739621e+02 -7.796843e+01
     vertex -1.282500e+02  4.734174e+02 -7.952629e+01
     vertex -1.282500e+02  4.742005e+02 -7.949999e+01
   endloop
 endfacet
 facet normal  1.000000e+00  0.000000e+00  0.000000e+00
   outer loop
     vertex -1.282500e+02  4.739621e+02 -7.796843e+01
     vertex -1.282500e+02  4.735525e+02 -7.798218e+01
     vertex -1.282500e+02  4.734174e+02 -7.952629e+01
   endloop
 endfacet
 facet normal  1.000000e+00  0.000000e+00  0.000000e+00
   outer loop
     vertex -1.282500e+02  4.732009e+02 -7.307731e+01
     vertex -1.282500e+02  4.724469e+02 -7.329024e+01
     vertex -1.282500e+02  4.730449e+02 -7.472025e+01
   endloop
 endfacet
 facet normal  1.000000e+00  0.000000e+00  0.000000e+00
   outer loop
     vertex -1.282500e+02  4.732009e+02 -7.307731e+01
     vertex -1.282500e+02  4.730449e+02 -7.472025e+01
     vertex -1.282500e+02  4.734393e+02 -7.460887e+01
   endloop
 endfacet
 facet normal  1.000000e+00  0.000000e+00  0.000000e+00
   outer loop
     vertex -1.282500e+02  4.743565e+02 -7.785706e+01
     vertex -1.282500e+02  4.739621e+02 -7.796843e+01
     vertex -1.282500e+02  4.742005e+02 -7.949999e+01
   endloop
 endfacet
 facet normal  1.000000e+00  0.000000e+00  0.000000e+00
   outer loop
     vertex -1.282500e+02  4.749545e+02 -7.928707e+01
     vertex -1.282500e+02  4.743565e+02 -7.785706e+01
     vertex -1.282500e+02  4.742005e+02 -7.949999e+01
   endloop
 endfacet
 facet normal  1.000000e+00  0.000000e+00  0.000000e+00
   outer loop
     vertex -1.282500e+02  4.747128e+02 -7.765453e+01
     vertex -1.282500e+02  4.743565e+02 -7.785706e+01
     vertex -1.282500e+02  4.749545e+02 -7.928707e+01
   endloop
 endfacet
 facet normal  1.000000e+00  0.000000e+00  0.000000e+00
   outer loop
     vertex -1.282500e+02  4.739839e+02 -7.305102e+01
     vertex -1.282500e+02  4.732009e+02 -7.307731e+01
     vertex -1.282500e+02  4.734393e+02 -7.460887e+01
   endloop
 endfacet
 facet normal  1.000000e+00  0.000000e+00  0.000000e+00
   outer loop
     vertex -1.282500e+02  4.739839e+02 -7.305102e+01
     vertex -1.282500e+02  4.734393e+02 -7.460887e+01
     vertex -1.282500e+02  4.738488e+02 -7.459512e+01
   endloop
 endfacet
 facet normal  1.000000e+00  0.000000e+00  0.000000e+00
   outer loop
     vertex -1.282500e+02  4.756356e+02 -7.889989e+01
     vertex -1.282500e+02  4.747128e+02 -7.765453e+01
     vertex -1.282500e+02  4.749545e+02 -7.928707e+01
   endloop
 endfacet
 facet normal  1.000000e+00  0.000000e+00  0.000000e+00
   outer loop
     vertex -1.282500e+02  4.756356e+02 -7.889989e+01
     vertex -1.282500e+02  4.750103e+02 -7.737263e+01
     vertex -1.282500e+02  4.747128e+02 -7.765453e+01
   endloop
 endfacet
 facet normal  1.000000e+00  0.000000e+00  0.000000e+00
   outer loop
     vertex -1.282500e+02  4.747505e+02 -7.321289e+01
     vertex -1.282500e+02  4.739839e+02 -7.305102e+01
     vertex -1.282500e+02  4.738488e+02 -7.459512e+01
   endloop
 endfacet
 facet normal  1.000000e+00  0.000000e+00  0.000000e+00
   outer loop
     vertex -1.282500e+02  4.747505e+02 -7.321289e+01
     vertex -1.282500e+02  4.738488e+02 -7.459512e+01
     vertex -1.282500e+02  4.742498e+02 -7.467979e+01
   endloop
 endfacet
 facet normal  1.000000e+00  0.000000e+00  0.000000e+00
   outer loop
     vertex -1.282500e+02  4.762043e+02 -7.836095e+01
     vertex -1.282500e+02  4.750103e+02 -7.737263e+01
     vertex -1.282500e+02  4.756356e+02 -7.889989e+01
   endloop
 endfacet
 facet normal  1.000000e+00  0.000000e+00  0.000000e+00
   outer loop
     vertex -1.282500e+02  4.754561e+02 -7.355351e+01
     vertex -1.282500e+02  4.747505e+02 -7.321289e+01
     vertex -1.282500e+02  4.742498e+02 -7.467979e+01
   endloop
 endfacet
 facet normal  1.000000e+00  0.000000e+00  0.000000e+00
   outer loop
     vertex -1.282500e+02  4.754561e+02 -7.355351e+01
     vertex -1.282500e+02  4.742498e+02 -7.467979e+01
     vertex -1.282500e+02  4.746189e+02 -7.485796e+01
   endloop
 endfacet
 facet normal  1.000000e+00  0.000000e+00  0.000000e+00
   outer loop
     vertex -1.282500e+02  4.766275e+02 -7.770158e+01
     vertex -1.282500e+02  4.752316e+02 -7.702772e+01
     vertex -1.282500e+02  4.750103e+02 -7.737263e+01
   endloop
 endfacet
 facet normal  1.000000e+00  0.000000e+00  0.000000e+00
   outer loop
     vertex -1.282500e+02  4.766275e+02 -7.770158e+01
     vertex -1.282500e+02  4.750103e+02 -7.737263e+01
     vertex -1.282500e+02  4.762043e+02 -7.836095e+01
   endloop
 endfacet
 facet normal  1.000000e+00  0.000000e+00  0.000000e+00
   outer loop
     vertex -1.282500e+02  4.760597e+02 -7.405308e+01
     vertex -1.282500e+02  4.746189e+02 -7.485796e+01
     vertex -1.282500e+02  4.749346e+02 -7.511928e+01
   endloop
 endfacet
 facet normal  1.000000e+00  0.000000e+00  0.000000e+00
   outer loop
     vertex -1.282500e+02  4.760597e+02 -7.405308e+01
     vertex -1.282500e+02  4.754561e+02 -7.355351e+01
     vertex -1.282500e+02  4.746189e+02 -7.485796e+01
   endloop
 endfacet
 facet normal  1.000000e+00  0.000000e+00  0.000000e+00
   outer loop
     vertex -1.282500e+02  4.768806e+02 -7.696010e+01
     vertex -1.282500e+02  4.753640e+02 -7.663987e+01
     vertex -1.282500e+02  4.752316e+02 -7.702772e+01
   endloop
 endfacet
 facet normal  1.000000e+00  0.000000e+00  0.000000e+00
   outer loop
     vertex -1.282500e+02  4.768806e+02 -7.696010e+01
     vertex -1.282500e+02  4.752316e+02 -7.702772e+01
     vertex -1.282500e+02  4.766275e+02 -7.770158e+01
   endloop
 endfacet
 facet normal  1.000000e+00  0.000000e+00  0.000000e+00
   outer loop
     vertex -1.282500e+02  4.765261e+02 -7.468258e+01
     vertex -1.282500e+02  4.749346e+02 -7.511928e+01
     vertex -1.282500e+02  4.751786e+02 -7.544855e+01
   endloop
 endfacet
 facet normal  1.000000e+00  0.000000e+00  0.000000e+00
   outer loop
     vertex -1.282500e+02  4.765261e+02 -7.468258e+01
     vertex -1.282500e+02  4.760597e+02 -7.405308e+01
     vertex -1.282500e+02  4.749346e+02 -7.511928e+01
   endloop
 endfacet
 facet normal  1.000000e+00  0.000000e+00  0.000000e+00
   outer loop
     vertex -1.282500e+02  4.769489e+02 -7.617959e+01
     vertex -1.282500e+02  4.753640e+02 -7.663987e+01
     vertex -1.282500e+02  4.768806e+02 -7.696010e+01
   endloop
 endfacet
 facet normal  1.000000e+00  0.000000e+00  0.000000e+00
   outer loop
     vertex -1.282500e+02  4.769489e+02 -7.617959e+01
     vertex -1.282500e+02  4.753997e+02 -7.623160e+01
     vertex -1.282500e+02  4.753640e+02 -7.663987e+01
   endloop
 endfacet
 facet normal  1.000000e+00  0.000000e+00  0.000000e+00
   outer loop
     vertex -1.282500e+02  4.768284e+02 -7.540542e+01
     vertex -1.282500e+02  4.753367e+02 -7.582665e+01
     vertex -1.282500e+02  4.753997e+02 -7.623160e+01
   endloop
 endfacet
 facet normal  1.000000e+00  0.000000e+00  0.000000e+00
   outer loop
     vertex -1.282500e+02  4.768284e+02 -7.540542e+01
     vertex -1.282500e+02  4.751786e+02 -7.544855e+01
     vertex -1.282500e+02  4.753367e+02 -7.582665e+01
   endloop
 endfacet
 facet normal  1.000000e+00  0.000000e+00  0.000000e+00
   outer loop
     vertex -1.282500e+02  4.768284e+02 -7.540542e+01
     vertex -1.282500e+02  4.765261e+02 -7.468258e+01
     vertex -1.282500e+02  4.751786e+02 -7.544855e+01
   endloop
 endfacet
 facet normal  1.000000e+00  0.000000e+00  0.000000e+00
   outer loop
     vertex -1.282500e+02  4.768284e+02 -7.540542e+01
     vertex -1.282500e+02  4.753997e+02 -7.623160e+01
     vertex -1.282500e+02  4.769489e+02 -7.617959e+01
   endloop
 endfacet
 facet normal  1.000000e+00  0.000000e+00  0.000000e+00
   outer loop
     vertex -1.282500e+02  4.565896e+02 -9.835636e+01
     vertex -1.282500e+02  4.550405e+02 -9.840838e+01
     vertex -1.282500e+02  4.551610e+02 -9.918255e+01
   endloop
 endfacet
 facet normal  1.000000e+00  0.000000e+00  0.000000e+00
   outer loop
     vertex -1.282500e+02  4.565896e+02 -9.835636e+01
     vertex -1.282500e+02  4.551088e+02 -9.762787e+01
     vertex -1.282500e+02  4.550405e+02 -9.840838e+01
   endloop
 endfacet
 facet normal  1.000000e+00  0.000000e+00  0.000000e+00
   outer loop
     vertex -1.282500e+02  4.565896e+02 -9.835636e+01
     vertex -1.282500e+02  4.551610e+02 -9.918255e+01
     vertex -1.282500e+02  4.566526e+02 -9.876131e+01
   endloop
 endfacet
 facet normal  1.000000e+00  0.000000e+00  0.000000e+00
   outer loop
     vertex -1.282500e+02  4.568107e+02 -9.913941e+01
     vertex -1.282500e+02  4.554632e+02 -9.990539e+01
     vertex -1.282500e+02  4.559297e+02 -1.005349e+02
   endloop
 endfacet
 facet normal  1.000000e+00  0.000000e+00  0.000000e+00
   outer loop
     vertex -1.282500e+02  4.568107e+02 -9.913941e+01
     vertex -1.282500e+02  4.551610e+02 -9.918255e+01
     vertex -1.282500e+02  4.554632e+02 -9.990539e+01
   endloop
 endfacet
 facet normal  1.000000e+00  0.000000e+00  0.000000e+00
   outer loop
     vertex -1.282500e+02  4.568107e+02 -9.913941e+01
     vertex -1.282500e+02  4.566526e+02 -9.876131e+01
     vertex -1.282500e+02  4.551610e+02 -9.918255e+01
   endloop
 endfacet
 facet normal  1.000000e+00  0.000000e+00  0.000000e+00
   outer loop
     vertex -1.282500e+02  4.566253e+02 -9.794810e+01
     vertex -1.282500e+02  4.551088e+02 -9.762787e+01
     vertex -1.282500e+02  4.565896e+02 -9.835636e+01
   endloop
 endfacet
 facet normal  1.000000e+00  0.000000e+00  0.000000e+00
   outer loop
     vertex -1.282500e+02  4.570547e+02 -9.946869e+01
     vertex -1.282500e+02  4.568107e+02 -9.913941e+01
     vertex -1.282500e+02  4.559297e+02 -1.005349e+02
   endloop
 endfacet
 facet normal  1.000000e+00  0.000000e+00  0.000000e+00
   outer loop
     vertex -1.282500e+02  4.567577e+02 -9.756024e+01
     vertex -1.282500e+02  4.553619e+02 -9.688639e+01
     vertex -1.282500e+02  4.551088e+02 -9.762787e+01
   endloop
 endfacet
 facet normal  1.000000e+00  0.000000e+00  0.000000e+00
   outer loop
     vertex -1.282500e+02  4.567577e+02 -9.756024e+01
     vertex -1.282500e+02  4.557850e+02 -9.622702e+01
     vertex -1.282500e+02  4.553619e+02 -9.688639e+01
   endloop
 endfacet
 facet normal  1.000000e+00  0.000000e+00  0.000000e+00
   outer loop
     vertex -1.282500e+02  4.567577e+02 -9.756024e+01
     vertex -1.282500e+02  4.551088e+02 -9.762787e+01
     vertex -1.282500e+02  4.566253e+02 -9.794810e+01
   endloop
 endfacet
 facet normal  1.000000e+00  0.000000e+00  0.000000e+00
   outer loop
     vertex -1.282500e+02  4.573704e+02 -9.973001e+01
     vertex -1.282500e+02  4.559297e+02 -1.005349e+02
     vertex -1.282500e+02  4.565332e+02 -1.010345e+02
   endloop
 endfacet
 facet normal  1.000000e+00  0.000000e+00  0.000000e+00
   outer loop
     vertex -1.282500e+02  4.573704e+02 -9.973001e+01
     vertex -1.282500e+02  4.570547e+02 -9.946869e+01
     vertex -1.282500e+02  4.559297e+02 -1.005349e+02
   endloop
 endfacet
 facet normal  1.000000e+00  0.000000e+00  0.000000e+00
   outer loop
     vertex -1.282500e+02  4.569791e+02 -9.721534e+01
     vertex -1.282500e+02  4.563537e+02 -9.568808e+01
     vertex -1.282500e+02  4.557850e+02 -9.622702e+01
   endloop
 endfacet
 facet normal  1.000000e+00  0.000000e+00  0.000000e+00
   outer loop
     vertex -1.282500e+02  4.569791e+02 -9.721534e+01
     vertex -1.282500e+02  4.557850e+02 -9.622702e+01
     vertex -1.282500e+02  4.567577e+02 -9.756024e+01
   endloop
 endfacet
 facet normal  1.000000e+00  0.000000e+00  0.000000e+00
   outer loop
     vertex -1.282500e+02  4.577395e+02 -9.990818e+01
     vertex -1.282500e+02  4.565332e+02 -1.010345e+02
     vertex -1.282500e+02  4.572388e+02 -1.013751e+02
   endloop
 endfacet
 facet normal  1.000000e+00  0.000000e+00  0.000000e+00
   outer loop
     vertex -1.282500e+02  4.577395e+02 -9.990818e+01
     vertex -1.282500e+02  4.573704e+02 -9.973001e+01
     vertex -1.282500e+02  4.565332e+02 -1.010345e+02
   endloop
 endfacet
 facet normal  1.000000e+00  0.000000e+00  0.000000e+00
   outer loop
     vertex -1.282500e+02  4.572765e+02 -9.693344e+01
     vertex -1.282500e+02  4.563537e+02 -9.568808e+01
     vertex -1.282500e+02  4.569791e+02 -9.721534e+01
   endloop
 endfacet
 facet normal  1.000000e+00  0.000000e+00  0.000000e+00
   outer loop
     vertex -1.282500e+02  4.570349e+02 -9.530090e+01
     vertex -1.282500e+02  4.563537e+02 -9.568808e+01
     vertex -1.282500e+02  4.572765e+02 -9.693344e+01
   endloop
 endfacet
 facet normal  1.000000e+00  0.000000e+00  0.000000e+00
   outer loop
     vertex -1.282500e+02  4.581405e+02 -9.999285e+01
     vertex -1.282500e+02  4.572388e+02 -1.013751e+02
     vertex -1.282500e+02  4.580054e+02 -1.015369e+02
   endloop
 endfacet
 facet normal  1.000000e+00  0.000000e+00  0.000000e+00
   outer loop
     vertex -1.282500e+02  4.581405e+02 -9.999285e+01
     vertex -1.282500e+02  4.577395e+02 -9.990818e+01
     vertex -1.282500e+02  4.572388e+02 -1.013751e+02
   endloop
 endfacet
 facet normal  1.000000e+00  0.000000e+00  0.000000e+00
   outer loop
     vertex -1.282500e+02  4.576328e+02 -9.673091e+01
     vertex -1.282500e+02  4.570349e+02 -9.530090e+01
     vertex -1.282500e+02  4.572765e+02 -9.693344e+01
   endloop
 endfacet
 facet normal  1.000000e+00  0.000000e+00  0.000000e+00
   outer loop
     vertex -1.282500e+02  4.585501e+02 -9.997909e+01
     vertex -1.282500e+02  4.580054e+02 -1.015369e+02
     vertex -1.282500e+02  4.587884e+02 -1.015107e+02
   endloop
 endfacet
 facet normal  1.000000e+00  0.000000e+00  0.000000e+00
   outer loop
     vertex -1.282500e+02  4.585501e+02 -9.997909e+01
     vertex -1.282500e+02  4.581405e+02 -9.999285e+01
     vertex -1.282500e+02  4.580054e+02 -1.015369e+02
   endloop
 endfacet
 facet normal  1.000000e+00  0.000000e+00  0.000000e+00
   outer loop
     vertex -1.282500e+02  4.577889e+02 -9.508797e+01
     vertex -1.282500e+02  4.570349e+02 -9.530090e+01
     vertex -1.282500e+02  4.576328e+02 -9.673091e+01
   endloop
 endfacet
 facet normal  1.000000e+00  0.000000e+00  0.000000e+00
   outer loop
     vertex -1.282500e+02  4.577889e+02 -9.508797e+01
     vertex -1.282500e+02  4.576328e+02 -9.673091e+01
     vertex -1.282500e+02  4.580272e+02 -9.661954e+01
   endloop
 endfacet
 facet normal  1.000000e+00 -6.902925e-14 -1.074324e-14
   outer loop
     vertex -1.282500e+02  4.589445e+02 -9.986772e+01
     vertex -1.282500e+02  4.585501e+02 -9.997909e+01
     vertex -1.282500e+02  4.587884e+02 -1.015107e+02
   endloop
 endfacet
 facet normal  1.000000e+00 -3.371354e-14 -1.409736e-14
   outer loop
     vertex -1.282500e+02  4.595424e+02 -1.012977e+02
     vertex -1.282500e+02  4.589445e+02 -9.986772e+01
     vertex -1.282500e+02  4.587884e+02 -1.015107e+02
   endloop
 endfacet
 facet normal  1.000000e+00  0.000000e+00  0.000000e+00
   outer loop
     vertex -1.282500e+02  4.593008e+02 -9.966519e+01
     vertex -1.282500e+02  4.589445e+02 -9.986772e+01
     vertex -1.282500e+02  4.595424e+02 -1.012977e+02
   endloop
 endfacet
 facet normal  1.000000e+00  0.000000e+00  0.000000e+00
   outer loop
     vertex -1.282500e+02  4.585719e+02 -9.506168e+01
     vertex -1.282500e+02  4.577889e+02 -9.508797e+01
     vertex -1.282500e+02  4.580272e+02 -9.661954e+01
   endloop
 endfacet
 facet normal  1.000000e+00  0.000000e+00  0.000000e+00
   outer loop
     vertex -1.282500e+02  4.585719e+02 -9.506168e+01
     vertex -1.282500e+02  4.580272e+02 -9.661954e+01
     vertex -1.282500e+02  4.584368e+02 -9.660578e+01
   endloop
 endfacet
 facet normal  1.000000e+00  0.000000e+00  0.000000e+00
   outer loop
     vertex -1.282500e+02  4.602236e+02 -1.009106e+02
     vertex -1.282500e+02  4.593008e+02 -9.966519e+01
     vertex -1.282500e+02  4.595424e+02 -1.012977e+02
   endloop
 endfacet
 facet normal  1.000000e+00  0.000000e+00  0.000000e+00
   outer loop
     vertex -1.282500e+02  4.602236e+02 -1.009106e+02
     vertex -1.282500e+02  4.595982e+02 -9.938329e+01
     vertex -1.282500e+02  4.593008e+02 -9.966519e+01
   endloop
 endfacet
 facet normal  1.000000e+00 -3.640323e-14  3.184870e-15
   outer loop
     vertex -1.282500e+02  4.593385e+02 -9.522355e+01
     vertex -1.282500e+02  4.585719e+02 -9.506168e+01
     vertex -1.282500e+02  4.584368e+02 -9.660578e+01
   endloop
 endfacet
 facet normal  1.000000e+00 -3.816131e-15 -1.807276e-14
   outer loop
     vertex -1.282500e+02  4.593385e+02 -9.522355e+01
     vertex -1.282500e+02  4.584368e+02 -9.660578e+01
     vertex -1.282500e+02  4.588378e+02 -9.669045e+01
   endloop
 endfacet
 facet normal  1.000000e+00  0.000000e+00  0.000000e+00
   outer loop
     vertex -1.282500e+02  4.607923e+02 -1.003716e+02
     vertex -1.282500e+02  4.598196e+02 -9.903839e+01
     vertex -1.282500e+02  4.595982e+02 -9.938329e+01
   endloop
 endfacet
 facet normal  1.000000e+00  0.000000e+00  0.000000e+00
   outer loop
     vertex -1.282500e+02  4.607923e+02 -1.003716e+02
     vertex -1.282500e+02  4.595982e+02 -9.938329e+01
     vertex -1.282500e+02  4.602236e+02 -1.009106e+02
   endloop
 endfacet
 facet normal  1.000000e+00 -8.030336e-15 -1.663434e-14
   outer loop
     vertex -1.282500e+02  4.600441e+02 -9.556417e+01
     vertex -1.282500e+02  4.593385e+02 -9.522355e+01
     vertex -1.282500e+02  4.588378e+02 -9.669045e+01
   endloop
 endfacet
 facet normal  1.000000e+00 -5.879322e-14  3.773343e-14
   outer loop
     vertex -1.282500e+02  4.600441e+02 -9.556417e+01
     vertex -1.282500e+02  4.588378e+02 -9.669045e+01
     vertex -1.282500e+02  4.592069e+02 -9.686862e+01
   endloop
 endfacet
 facet normal  1.000000e+00  0.000000e+00  0.000000e+00
   outer loop
     vertex -1.282500e+02  4.612154e+02 -9.971224e+01
     vertex -1.282500e+02  4.599520e+02 -9.865053e+01
     vertex -1.282500e+02  4.598196e+02 -9.903839e+01
   endloop
 endfacet
 facet normal  1.000000e+00  0.000000e+00  0.000000e+00
   outer loop
     vertex -1.282500e+02  4.612154e+02 -9.971224e+01
     vertex -1.282500e+02  4.598196e+02 -9.903839e+01
     vertex -1.282500e+02  4.607923e+02 -1.003716e+02
   endloop
 endfacet
 facet normal  1.000000e+00  0.000000e+00  0.000000e+00
   outer loop
     vertex -1.282500e+02  4.606476e+02 -9.606375e+01
     vertex -1.282500e+02  4.592069e+02 -9.686862e+01
     vertex -1.282500e+02  4.595226e+02 -9.712994e+01
   endloop
 endfacet
 facet normal  1.000000e+00  0.000000e+00  0.000000e+00
   outer loop
     vertex -1.282500e+02  4.606476e+02 -9.606375e+01
     vertex -1.282500e+02  4.600441e+02 -9.556417e+01
     vertex -1.282500e+02  4.592069e+02 -9.686862e+01
   endloop
 endfacet
 facet normal  1.000000e+00  0.000000e+00  0.000000e+00
   outer loop
     vertex -1.282500e+02  4.614685e+02 -9.897076e+01
     vertex -1.282500e+02  4.599520e+02 -9.865053e+01
     vertex -1.282500e+02  4.612154e+02 -9.971224e+01
   endloop
 endfacet
 facet normal  1.000000e+00  0.000000e+00  0.000000e+00
   outer loop
     vertex -1.282500e+02  4.611141e+02 -9.669325e+01
     vertex -1.282500e+02  4.606476e+02 -9.606375e+01
     vertex -1.282500e+02  4.595226e+02 -9.712994e+01
   endloop
 endfacet
 facet normal  1.000000e+00  0.000000e+00  0.000000e+00
   outer loop
     vertex -1.282500e+02  4.611141e+02 -9.669325e+01
     vertex -1.282500e+02  4.597666e+02 -9.745922e+01
     vertex -1.282500e+02  4.599247e+02 -9.783732e+01
   endloop
 endfacet
 facet normal  1.000000e+00  0.000000e+00  0.000000e+00
   outer loop
     vertex -1.282500e+02  4.611141e+02 -9.669325e+01
     vertex -1.282500e+02  4.595226e+02 -9.712994e+01
     vertex -1.282500e+02  4.597666e+02 -9.745922e+01
   endloop
 endfacet
 facet normal  1.000000e+00  0.000000e+00  0.000000e+00
   outer loop
     vertex -1.282500e+02  4.615368e+02 -9.819025e+01
     vertex -1.282500e+02  4.599877e+02 -9.824227e+01
     vertex -1.282500e+02  4.599520e+02 -9.865053e+01
   endloop
 endfacet
 facet normal  1.000000e+00  0.000000e+00  0.000000e+00
   outer loop
     vertex -1.282500e+02  4.615368e+02 -9.819025e+01
     vertex -1.282500e+02  4.599247e+02 -9.783732e+01
     vertex -1.282500e+02  4.599877e+02 -9.824227e+01
   endloop
 endfacet
 facet normal  1.000000e+00  0.000000e+00  0.000000e+00
   outer loop
     vertex -1.282500e+02  4.615368e+02 -9.819025e+01
     vertex -1.282500e+02  4.599520e+02 -9.865053e+01
     vertex -1.282500e+02  4.614685e+02 -9.897076e+01
   endloop
 endfacet
 facet normal  1.000000e+00  0.000000e+00  0.000000e+00
   outer loop
     vertex -1.282500e+02  4.614163e+02 -9.741608e+01
     vertex -1.282500e+02  4.611141e+02 -9.669325e+01
     vertex -1.282500e+02  4.599247e+02 -9.783732e+01
   endloop
 endfacet
 facet normal  1.000000e+00  0.000000e+00  0.000000e+00
   outer loop
     vertex -1.282500e+02  4.614163e+02 -9.741608e+01
     vertex -1.282500e+02  4.599247e+02 -9.783732e+01
     vertex -1.282500e+02  4.615368e+02 -9.819025e+01
   endloop
 endfacet
 facet normal  1.000000e+00 -1.704140e-14 -7.125884e-15
   outer loop
     vertex -1.282500e+02  4.786633e+02 -1.141733e+02
     vertex -1.282500e+02  4.771716e+02 -1.145946e+02
     vertex -1.282500e+02  4.774739e+02 -1.153174e+02
   endloop
 endfacet
 facet normal  1.000000e+00  0.000000e+00  0.000000e+00
   outer loop
     vertex -1.282500e+02  4.786003e+02 -1.137684e+02
     vertex -1.282500e+02  4.770511e+02 -1.138204e+02
     vertex -1.282500e+02  4.771716e+02 -1.145946e+02
   endloop
 endfacet
 facet normal  1.000000e+00 -3.723701e-14  6.439045e-14
   outer loop
     vertex -1.282500e+02  4.786003e+02 -1.137684e+02
     vertex -1.282500e+02  4.771716e+02 -1.145946e+02
     vertex -1.282500e+02  4.786633e+02 -1.141733e+02
   endloop
 endfacet
 facet normal  1.000000e+00 -1.704140e-14 -7.125884e-15
   outer loop
     vertex -1.282500e+02  4.788214e+02 -1.145514e+02
     vertex -1.282500e+02  4.786633e+02 -1.141733e+02
     vertex -1.282500e+02  4.774739e+02 -1.153174e+02
   endloop
 endfacet
 facet normal  1.000000e+00 -1.840097e-14  1.609877e-15
   outer loop
     vertex -1.282500e+02  4.786360e+02 -1.133601e+02
     vertex -1.282500e+02  4.771194e+02 -1.130399e+02
     vertex -1.282500e+02  4.770511e+02 -1.138204e+02
   endloop
 endfacet
 facet normal  1.000000e+00 -1.748101e-14  5.966738e-15
   outer loop
     vertex -1.282500e+02  4.786360e+02 -1.133601e+02
     vertex -1.282500e+02  4.773725e+02 -1.122984e+02
     vertex -1.282500e+02  4.771194e+02 -1.130399e+02
   endloop
 endfacet
 facet normal  1.000000e+00  2.344351e-15 -6.982091e-14
   outer loop
     vertex -1.282500e+02  4.786360e+02 -1.133601e+02
     vertex -1.282500e+02  4.770511e+02 -1.138204e+02
     vertex -1.282500e+02  4.786003e+02 -1.137684e+02
   endloop
 endfacet
 facet normal  1.000000e+00 -1.484087e-14 -1.099709e-14
   outer loop
     vertex -1.282500e+02  4.790654e+02 -1.148807e+02
     vertex -1.282500e+02  4.774739e+02 -1.153174e+02
     vertex -1.282500e+02  4.779403e+02 -1.159469e+02
   endloop
 endfacet
 facet normal  1.000000e+00 -1.484087e-14 -1.099709e-14
   outer loop
     vertex -1.282500e+02  4.790654e+02 -1.148807e+02
     vertex -1.282500e+02  4.788214e+02 -1.145514e+02
     vertex -1.282500e+02  4.774739e+02 -1.153174e+02
   endloop
 endfacet
 facet normal  1.000000e+00 -1.554511e-14  9.976834e-15
   outer loop
     vertex -1.282500e+02  4.787684e+02 -1.129723e+02
     vertex -1.282500e+02  4.777957e+02 -1.116390e+02
     vertex -1.282500e+02  4.773725e+02 -1.122984e+02
   endloop
 endfacet
 facet normal  1.000000e+00 -1.748101e-14  5.966738e-15
   outer loop
     vertex -1.282500e+02  4.787684e+02 -1.129723e+02
     vertex -1.282500e+02  4.773725e+02 -1.122984e+02
     vertex -1.282500e+02  4.786360e+02 -1.133601e+02
   endloop
 endfacet
 facet normal  1.000000e+00 -1.177785e-14 -1.422919e-14
   outer loop
     vertex -1.282500e+02  4.793811e+02 -1.151420e+02
     vertex -1.282500e+02  4.779403e+02 -1.159469e+02
     vertex -1.282500e+02  4.785439e+02 -1.164465e+02
   endloop
 endfacet
 facet normal  1.000000e+00 -1.177785e-14 -1.422919e-14
   outer loop
     vertex -1.282500e+02  4.793811e+02 -1.151420e+02
     vertex -1.282500e+02  4.790654e+02 -1.148807e+02
     vertex -1.282500e+02  4.779403e+02 -1.159469e+02
   endloop
 endfacet
 facet normal  1.000000e+00 -1.270578e-14  1.340711e-14
   outer loop
     vertex -1.282500e+02  4.789897e+02 -1.126274e+02
     vertex -1.282500e+02  4.783644e+02 -1.111001e+02
     vertex -1.282500e+02  4.777957e+02 -1.116390e+02
   endloop
 endfacet
 facet normal  1.000000e+00 -1.554511e-14  9.976834e-15
   outer loop
     vertex -1.282500e+02  4.789897e+02 -1.126274e+02
     vertex -1.282500e+02  4.777957e+02 -1.116390e+02
     vertex -1.282500e+02  4.787684e+02 -1.129723e+02
   endloop
 endfacet
 facet normal  1.000000e+00 -3.458323e-14  1.180419e-14
   outer loop
     vertex -1.282500e+02  4.797502e+02 -1.153202e+02
     vertex -1.282500e+02  4.785439e+02 -1.164465e+02
     vertex -1.282500e+02  4.792495e+02 -1.167871e+02
   endloop
 endfacet
 facet normal  1.000000e+00 -8.030336e-15 -1.663434e-14
   outer loop
     vertex -1.282500e+02  4.797502e+02 -1.153202e+02
     vertex -1.282500e+02  4.793811e+02 -1.151420e+02
     vertex -1.282500e+02  4.785439e+02 -1.164465e+02
   endloop
 endfacet
 facet normal  1.000000e+00 -1.270578e-14  1.340711e-14
   outer loop
     vertex -1.282500e+02  4.792872e+02 -1.123455e+02
     vertex -1.282500e+02  4.783644e+02 -1.111001e+02
     vertex -1.282500e+02  4.789897e+02 -1.126274e+02
   endloop
 endfacet
 facet normal  1.000000e+00 -3.848821e-14 -5.697679e-15
   outer loop
     vertex -1.282500e+02  4.790455e+02 -1.107129e+02
     vertex -1.282500e+02  4.783644e+02 -1.111001e+02
     vertex -1.282500e+02  4.792872e+02 -1.123455e+02
   endloop
 endfacet
 facet normal  1.000000e+00  0.000000e+00  0.000000e+00
   outer loop
     vertex -1.282500e+02  4.801512e+02 -1.154049e+02
     vertex -1.282500e+02  4.792495e+02 -1.167871e+02
     vertex -1.282500e+02  4.800161e+02 -1.169490e+02
   endloop
 endfacet
 facet normal  1.000000e+00  0.000000e+00  0.000000e+00
   outer loop
     vertex -1.282500e+02  4.801512e+02 -1.154049e+02
     vertex -1.282500e+02  4.797502e+02 -1.153202e+02
     vertex -1.282500e+02  4.792495e+02 -1.167871e+02
   endloop
 endfacet
 facet normal  1.000000e+00  0.000000e+00  0.000000e+00
   outer loop
     vertex -1.282500e+02  4.796435e+02 -1.121429e+02
     vertex -1.282500e+02  4.790455e+02 -1.107129e+02
     vertex -1.282500e+02  4.792872e+02 -1.123455e+02
   endloop
 endfacet
 facet normal  1.000000e+00  0.000000e+00  0.000000e+00
   outer loop
     vertex -1.282500e+02  4.805607e+02 -1.153911e+02
     vertex -1.282500e+02  4.800161e+02 -1.169490e+02
     vertex -1.282500e+02  4.807991e+02 -1.169227e+02
   endloop
 endfacet
 facet normal  1.000000e+00  0.000000e+00  0.000000e+00
   outer loop
     vertex -1.282500e+02  4.805607e+02 -1.153911e+02
     vertex -1.282500e+02  4.801512e+02 -1.154049e+02
     vertex -1.282500e+02  4.800161e+02 -1.169490e+02
   endloop
 endfacet
 facet normal  1.000000e+00  0.000000e+00  0.000000e+00
   outer loop
     vertex -1.282500e+02  4.797995e+02 -1.105000e+02
     vertex -1.282500e+02  4.790455e+02 -1.107129e+02
     vertex -1.282500e+02  4.796435e+02 -1.121429e+02
   endloop
 endfacet
 facet normal  1.000000e+00  0.000000e+00  0.000000e+00
   outer loop
     vertex -1.282500e+02  4.797995e+02 -1.105000e+02
     vertex -1.282500e+02  4.796435e+02 -1.121429e+02
     vertex -1.282500e+02  4.800379e+02 -1.120316e+02
   endloop
 endfacet
 facet normal  1.000000e+00  0.000000e+00  0.000000e+00
   outer loop
     vertex -1.282500e+02  4.815531e+02 -1.167098e+02
     vertex -1.282500e+02  4.805607e+02 -1.153911e+02
     vertex -1.282500e+02  4.807991e+02 -1.169227e+02
   endloop
 endfacet
 facet normal  1.000000e+00  0.000000e+00  0.000000e+00
   outer loop
     vertex -1.282500e+02  4.815531e+02 -1.167098e+02
     vertex -1.282500e+02  4.809551e+02 -1.152798e+02
     vertex -1.282500e+02  4.805607e+02 -1.153911e+02
   endloop
 endfacet
 facet normal  1.000000e+00  0.000000e+00  0.000000e+00
   outer loop
     vertex -1.282500e+02  4.813114e+02 -1.150772e+02
     vertex -1.282500e+02  4.809551e+02 -1.152798e+02
     vertex -1.282500e+02  4.815531e+02 -1.167098e+02
   endloop
 endfacet
 facet normal  1.000000e+00  0.000000e+00  0.000000e+00
   outer loop
     vertex -1.282500e+02  4.805826e+02 -1.104737e+02
     vertex -1.282500e+02  4.797995e+02 -1.105000e+02
     vertex -1.282500e+02  4.800379e+02 -1.120316e+02
   endloop
 endfacet
 facet normal  1.000000e+00  0.000000e+00  0.000000e+00
   outer loop
     vertex -1.282500e+02  4.805826e+02 -1.104737e+02
     vertex -1.282500e+02  4.800379e+02 -1.120316e+02
     vertex -1.282500e+02  4.804475e+02 -1.120178e+02
   endloop
 endfacet
 facet normal  1.000000e+00  7.697642e-14  1.139536e-14
   outer loop
     vertex -1.282500e+02  4.822342e+02 -1.163226e+02
     vertex -1.282500e+02  4.813114e+02 -1.150772e+02
     vertex -1.282500e+02  4.815531e+02 -1.167098e+02
   endloop
 endfacet
 facet normal  1.000000e+00  2.541156e-14 -2.681423e-14
   outer loop
     vertex -1.282500e+02  4.822342e+02 -1.163226e+02
     vertex -1.282500e+02  4.816089e+02 -1.147953e+02
     vertex -1.282500e+02  4.813114e+02 -1.150772e+02
   endloop
 endfacet
 facet normal  1.000000e+00  0.000000e+00  0.000000e+00
   outer loop
     vertex -1.282500e+02  4.813492e+02 -1.106356e+02
     vertex -1.282500e+02  4.805826e+02 -1.104737e+02
     vertex -1.282500e+02  4.804475e+02 -1.120178e+02
   endloop
 endfacet
 facet normal  1.000000e+00  0.000000e+00  0.000000e+00
   outer loop
     vertex -1.282500e+02  4.813492e+02 -1.106356e+02
     vertex -1.282500e+02  4.804475e+02 -1.120178e+02
     vertex -1.282500e+02  4.808485e+02 -1.121025e+02
   endloop
 endfacet
 facet normal  1.000000e+00  2.541156e-14 -2.681423e-14
   outer loop
     vertex -1.282500e+02  4.828029e+02 -1.157836e+02
     vertex -1.282500e+02  4.816089e+02 -1.147953e+02
     vertex -1.282500e+02  4.822342e+02 -1.163226e+02
   endloop
 endfacet
 facet normal  1.000000e+00  7.563527e-14  3.386262e-14
   outer loop
     vertex -1.282500e+02  4.828029e+02 -1.157836e+02
     vertex -1.282500e+02  4.818303e+02 -1.144504e+02
     vertex -1.282500e+02  4.816089e+02 -1.147953e+02
   endloop
 endfacet
 facet normal  1.000000e+00  3.458323e-14 -1.180419e-14
   outer loop
     vertex -1.282500e+02  4.820547e+02 -1.109762e+02
     vertex -1.282500e+02  4.813492e+02 -1.106356e+02
     vertex -1.282500e+02  4.808485e+02 -1.121025e+02
   endloop
 endfacet
 facet normal  1.000000e+00  8.030336e-15  1.663434e-14
   outer loop
     vertex -1.282500e+02  4.820547e+02 -1.109762e+02
     vertex -1.282500e+02  4.808485e+02 -1.121025e+02
     vertex -1.282500e+02  4.812175e+02 -1.122807e+02
   endloop
 endfacet
 facet normal  1.000000e+00  1.554511e-14 -9.976834e-15
   outer loop
     vertex -1.282500e+02  4.832261e+02 -1.151243e+02
     vertex -1.282500e+02  4.818303e+02 -1.144504e+02
     vertex -1.282500e+02  4.828029e+02 -1.157836e+02
   endloop
 endfacet
 facet normal  1.000000e+00  2.355569e-14  2.845838e-14
   outer loop
     vertex -1.282500e+02  4.826583e+02 -1.114758e+02
     vertex -1.282500e+02  4.812175e+02 -1.122807e+02
     vertex -1.282500e+02  4.815332e+02 -1.125420e+02
   endloop
 endfacet
 facet normal  1.000000e+00  4.253122e-14 -5.508297e-15
   outer loop
     vertex -1.282500e+02  4.826583e+02 -1.114758e+02
     vertex -1.282500e+02  4.820547e+02 -1.109762e+02
     vertex -1.282500e+02  4.812175e+02 -1.122807e+02
   endloop
 endfacet
 facet normal  1.000000e+00  1.748101e-14 -5.966738e-15
   outer loop
     vertex -1.282500e+02  4.834792e+02 -1.143828e+02
     vertex -1.282500e+02  4.819626e+02 -1.140626e+02
     vertex -1.282500e+02  4.818303e+02 -1.144504e+02
   endloop
 endfacet
 facet normal  1.000000e+00  1.748101e-14 -5.966738e-15
   outer loop
     vertex -1.282500e+02  4.834792e+02 -1.143828e+02
     vertex -1.282500e+02  4.818303e+02 -1.144504e+02
     vertex -1.282500e+02  4.832261e+02 -1.151243e+02
   endloop
 endfacet
 facet normal  1.000000e+00  2.968175e-14  2.199419e-14
   outer loop
     vertex -1.282500e+02  4.831247e+02 -1.121053e+02
     vertex -1.282500e+02  4.826583e+02 -1.114758e+02
     vertex -1.282500e+02  4.815332e+02 -1.125420e+02
   endloop
 endfacet
 facet normal  1.000000e+00  4.936409e-14 -4.973677e-14
   outer loop
     vertex -1.282500e+02  4.831247e+02 -1.121053e+02
     vertex -1.282500e+02  4.815332e+02 -1.125420e+02
     vertex -1.282500e+02  4.817772e+02 -1.128712e+02
   endloop
 endfacet
 facet normal  1.000000e+00  1.840097e-14 -1.609877e-15
   outer loop
     vertex -1.282500e+02  4.835475e+02 -1.136023e+02
     vertex -1.282500e+02  4.819984e+02 -1.136543e+02
     vertex -1.282500e+02  4.819626e+02 -1.140626e+02
   endloop
 endfacet
 facet normal  1.000000e+00  1.840097e-14 -1.609877e-15
   outer loop
     vertex -1.282500e+02  4.835475e+02 -1.136023e+02
     vertex -1.282500e+02  4.819626e+02 -1.140626e+02
     vertex -1.282500e+02  4.834792e+02 -1.143828e+02
   endloop
 endfacet
 facet normal  1.000000e+00  1.825154e-14  2.840545e-15
   outer loop
     vertex -1.282500e+02  4.834270e+02 -1.128281e+02
     vertex -1.282500e+02  4.819353e+02 -1.132493e+02
     vertex -1.282500e+02  4.819984e+02 -1.136543e+02
   endloop
 endfacet
 facet normal  1.000000e+00  1.704140e-14  7.125884e-15
   outer loop
     vertex -1.282500e+02  4.834270e+02 -1.128281e+02
     vertex -1.282500e+02  4.817772e+02 -1.128712e+02
     vertex -1.282500e+02  4.819353e+02 -1.132493e+02
   endloop
 endfacet
 facet normal  1.000000e+00  1.704140e-14  7.125884e-15
   outer loop
     vertex -1.282500e+02  4.834270e+02 -1.128281e+02
     vertex -1.282500e+02  4.831247e+02 -1.121053e+02
     vertex -1.282500e+02  4.817772e+02 -1.128712e+02
   endloop
 endfacet
 facet normal  1.000000e+00  1.825154e-14  2.840545e-15
   outer loop
     vertex -1.282500e+02  4.834270e+02 -1.128281e+02
     vertex -1.282500e+02  4.819984e+02 -1.136543e+02
     vertex -1.282500e+02  4.835475e+02 -1.136023e+02
   endloop
 endfacet
 facet normal  3.967166e-16 -4.361939e-02 -9.990482e-01
   outer loop
     vertex -1.220000e+02  4.957113e+02 -8.845068e+01
     vertex -1.282500e+02  4.959946e+02 -8.846305e+01
     vertex -1.220000e+02  4.959946e+02 -8.846305e+01
   endloop
 endfacet
 facet normal  3.498490e-03  3.355752e-02 -9.994307e-01
   outer loop
     vertex -1.220000e+02  4.957113e+02 -8.845068e+01
     vertex -1.282500e+02  4.952116e+02 -8.848934e+01
     vertex -1.282500e+02  4.959946e+02 -8.846305e+01
   endloop
 endfacet
 facet normal  2.691502e-03  4.361923e-02 -9.990446e-01
   outer loop
     vertex -1.220000e+02  4.954281e+02 -8.846305e+01
     vertex -1.282500e+02  4.952116e+02 -8.848934e+01
     vertex -1.220000e+02  4.957113e+02 -8.845068e+01
   endloop
 endfacet
 facet normal  1.157499e-03  2.717633e-01 -9.623634e-01
   outer loop
     vertex -1.220000e+02  4.951470e+02 -8.850006e+01
     vertex -1.282500e+02  4.944576e+02 -8.870227e+01
     vertex -1.282500e+02  4.952116e+02 -8.848934e+01
   endloop
 endfacet
 facet normal -3.514097e-04  1.305262e-01 -9.914448e-01
   outer loop
     vertex -1.220000e+02  4.951470e+02 -8.850006e+01
     vertex -1.282500e+02  4.952116e+02 -8.848934e+01
     vertex -1.220000e+02  4.954281e+02 -8.846305e+01
   endloop
 endfacet
 facet normal  0.000000e+00  2.902847e-01 -9.569403e-01
   outer loop
     vertex -1.210000e+02  4.944024e+02 -8.872592e+01
     vertex -1.220000e+02  4.951470e+02 -8.850006e+01
     vertex -1.210000e+02  4.951470e+02 -8.850006e+01
   endloop
 endfacet
 facet normal  9.215937e-04  4.941751e-01 -8.693619e-01
   outer loop
     vertex -1.210000e+02  4.944024e+02 -8.872592e+01
     vertex -1.282500e+02  4.937764e+02 -8.908945e+01
     vertex -1.282500e+02  4.944576e+02 -8.870227e+01
   endloop
 endfacet
 facet normal -9.244641e-04  2.891474e-01 -9.572842e-01
   outer loop
     vertex -1.210000e+02  4.944024e+02 -8.872592e+01
     vertex -1.282500e+02  4.944576e+02 -8.870227e+01
     vertex -1.220000e+02  4.951470e+02 -8.850006e+01
   endloop
 endfacet
 facet normal  8.440875e-04  6.878672e-01 -7.258360e-01
   outer loop
     vertex -1.210000e+02  4.937329e+02 -8.912229e+01
     vertex -1.282500e+02  4.932077e+02 -8.962838e+01
     vertex -1.282500e+02  4.937764e+02 -8.908945e+01
   endloop
 endfacet
 facet normal -8.378146e-04  5.094168e-01 -8.605195e-01
   outer loop
     vertex -1.210000e+02  4.937329e+02 -8.912229e+01
     vertex -1.282500e+02  4.937764e+02 -8.908945e+01
     vertex -1.210000e+02  4.944024e+02 -8.872592e+01
   endloop
 endfacet
 facet normal  7.653256e-04  8.415831e-01 -5.401272e-01
   outer loop
     vertex -1.210000e+02  4.931767e+02 -8.966643e+01
     vertex -1.282500e+02  4.927846e+02 -9.028776e+01
     vertex -1.282500e+02  4.932077e+02 -8.962838e+01
   endloop
 endfacet
 facet normal -7.596805e-04  6.993513e-01 -7.147777e-01
   outer loop
     vertex -1.210000e+02  4.931767e+02 -8.966643e+01
     vertex -1.282500e+02  4.932077e+02 -8.962838e+01
     vertex -1.210000e+02  4.937329e+02 -8.912229e+01
   endloop
 endfacet
 facet normal  6.853082e-04  9.463891e-01 -3.230281e-01
   outer loop
     vertex -1.210000e+02  4.927658e+02 -9.032718e+01
     vertex -1.282500e+02  4.925315e+02 -9.102924e+01
     vertex -1.282500e+02  4.927846e+02 -9.028776e+01
   endloop
 endfacet
 facet normal -6.802908e-04  8.492020e-01 -5.280677e-01
   outer loop
     vertex -1.210000e+02  4.927658e+02 -9.032718e+01
     vertex -1.282500e+02  4.927846e+02 -9.028776e+01
     vertex -1.210000e+02  4.931767e+02 -8.966643e+01
   endloop
 endfacet
 facet normal  6.040355e-04  9.961945e-01 -8.715573e-02
   outer loop
     vertex -1.210000e+02  4.925238e+02 -9.106664e+01
     vertex -1.282500e+02  4.924632e+02 -9.180975e+01
     vertex -1.282500e+02  4.925315e+02 -9.102924e+01
   endloop
 endfacet
 facet normal -5.996457e-04  9.503799e-01 -3.110911e-01
   outer loop
     vertex -1.210000e+02  4.925238e+02 -9.106664e+01
     vertex -1.282500e+02  4.925315e+02 -9.102924e+01
     vertex -1.210000e+02  4.927658e+02 -9.032718e+01
   endloop
 endfacet
 facet normal  5.215079e-04  9.881047e-01  1.537818e-01
   outer loop
     vertex -1.210000e+02  4.924644e+02 -9.184245e+01
     vertex -1.282500e+02  4.925837e+02 -9.258392e+01
     vertex -1.282500e+02  4.924632e+02 -9.180975e+01
   endloop
 endfacet
 facet normal -5.177456e-04  9.970860e-01 -7.628396e-02
   outer loop
     vertex -1.210000e+02  4.924644e+02 -9.184245e+01
     vertex -1.282500e+02  4.924632e+02 -9.180975e+01
     vertex -1.210000e+02  4.925238e+02 -9.106664e+01
   endloop
 endfacet
 facet normal  4.377254e-04  9.225898e-01  3.857821e-01
   outer loop
     vertex -1.210000e+02  4.925912e+02 -9.261013e+01
     vertex -1.282500e+02  4.928859e+02 -9.330675e+01
     vertex -1.282500e+02  4.925837e+02 -9.258392e+01
   endloop
 endfacet
 facet normal -4.345905e-04  9.866432e-01  1.628955e-01
   outer loop
     vertex -1.210000e+02  4.925912e+02 -9.261013e+01
     vertex -1.282500e+02  4.925837e+02 -9.258392e+01
     vertex -1.210000e+02  4.924644e+02 -9.184245e+01
   endloop
 endfacet
 facet normal  3.526885e-04  8.034573e-01  5.953622e-01
   outer loop
     vertex -1.210000e+02  4.928968e+02 -9.332568e+01
     vertex -1.282500e+02  4.933524e+02 -9.393625e+01
     vertex -1.282500e+02  4.928859e+02 -9.330675e+01
   endloop
 endfacet
 facet normal -3.501807e-04  9.196502e-01  3.927384e-01
   outer loop
     vertex -1.210000e+02  4.928968e+02 -9.332568e+01
     vertex -1.282500e+02  4.928859e+02 -9.330675e+01
     vertex -1.210000e+02  4.925912e+02 -9.261013e+01
   endloop
 endfacet
 facet normal  2.663972e-04  6.376308e-01  7.703420e-01
   outer loop
     vertex -1.210000e+02  4.933637e+02 -9.394810e+01
     vertex -1.282500e+02  4.939559e+02 -9.443583e+01
     vertex -1.282500e+02  4.933524e+02 -9.393625e+01
   endloop
 endfacet
 facet normal -2.645166e-04  7.999465e-01  6.000712e-01
   outer loop
     vertex -1.210000e+02  4.933637e+02 -9.394810e+01
     vertex -1.282500e+02  4.933524e+02 -9.393625e+01
     vertex -1.210000e+02  4.928968e+02 -9.332568e+01
   endloop
 endfacet
 facet normal  1.788518e-04  4.347475e-01  9.005524e-01
   outer loop
     vertex -1.210000e+02  4.939651e+02 -9.444171e+01
     vertex -1.282500e+02  4.946615e+02 -9.477645e+01
     vertex -1.282500e+02  4.939559e+02 -9.443583e+01
   endloop
 endfacet
 facet normal -1.775982e-04  6.343933e-01  7.730104e-01
   outer loop
     vertex -1.210000e+02  4.939651e+02 -9.444171e+01
     vertex -1.282500e+02  4.939559e+02 -9.443583e+01
     vertex -1.210000e+02  4.933637e+02 -9.394810e+01
   endloop
 endfacet
 facet normal  9.005270e-05  2.065983e-01  9.784258e-01
   outer loop
     vertex -1.210000e+02  4.946667e+02 -9.477821e+01
     vertex -1.282500e+02  4.954281e+02 -9.493832e+01
     vertex -1.282500e+02  4.946615e+02 -9.477645e+01
   endloop
 endfacet
 facet normal -8.942596e-05  4.324792e-01  9.016439e-01
   outer loop
     vertex -1.210000e+02  4.946667e+02 -9.477821e+01
     vertex -1.282500e+02  4.946615e+02 -9.477645e+01
     vertex -1.210000e+02  4.939651e+02 -9.444171e+01
   endloop
 endfacet
 facet normal -1.613390e-15  2.057772e-01  9.785989e-01
   outer loop
     vertex -1.210000e+02  4.954281e+02 -9.493832e+01
     vertex -1.282500e+02  4.954281e+02 -9.493832e+01
     vertex -1.210000e+02  4.946667e+02 -9.477821e+01
   endloop
 endfacet
 facet normal  1.000000e+00  0.000000e+00  0.000000e+00
   outer loop
     vertex -1.282500e+02  4.940753e+02 -9.216268e+01
     vertex -1.282500e+02  4.924632e+02 -9.180975e+01
     vertex -1.282500e+02  4.925837e+02 -9.258392e+01
   endloop
 endfacet
 facet normal  1.000000e+00  0.000000e+00  0.000000e+00
   outer loop
     vertex -1.282500e+02  4.940123e+02 -9.175773e+01
     vertex -1.282500e+02  4.925315e+02 -9.102924e+01
     vertex -1.282500e+02  4.924632e+02 -9.180975e+01
   endloop
 endfacet
 facet normal  1.000000e+00  0.000000e+00  0.000000e+00
   outer loop
     vertex -1.282500e+02  4.940123e+02 -9.175773e+01
     vertex -1.282500e+02  4.924632e+02 -9.180975e+01
     vertex -1.282500e+02  4.940753e+02 -9.216268e+01
   endloop
 endfacet
 facet normal  1.000000e+00  0.000000e+00  0.000000e+00
   outer loop
     vertex -1.282500e+02  4.942334e+02 -9.254078e+01
     vertex -1.282500e+02  4.925837e+02 -9.258392e+01
     vertex -1.282500e+02  4.928859e+02 -9.330675e+01
   endloop
 endfacet
 facet normal  1.000000e+00  0.000000e+00  0.000000e+00
   outer loop
     vertex -1.282500e+02  4.942334e+02 -9.254078e+01
     vertex -1.282500e+02  4.940753e+02 -9.216268e+01
     vertex -1.282500e+02  4.925837e+02 -9.258392e+01
   endloop
 endfacet
 facet normal  1.000000e+00  0.000000e+00  0.000000e+00
   outer loop
     vertex -1.282500e+02  4.940480e+02 -9.134947e+01
     vertex -1.282500e+02  4.927846e+02 -9.028776e+01
     vertex -1.282500e+02  4.925315e+02 -9.102924e+01
   endloop
 endfacet
 facet normal  1.000000e+00  0.000000e+00  0.000000e+00
   outer loop
     vertex -1.282500e+02  4.940480e+02 -9.134947e+01
     vertex -1.282500e+02  4.925315e+02 -9.102924e+01
     vertex -1.282500e+02  4.940123e+02 -9.175773e+01
   endloop
 endfacet
 facet normal  1.000000e+00  0.000000e+00  0.000000e+00
   outer loop
     vertex -1.282500e+02  4.944774e+02 -9.287006e+01
     vertex -1.282500e+02  4.928859e+02 -9.330675e+01
     vertex -1.282500e+02  4.933524e+02 -9.393625e+01
   endloop
 endfacet
 facet normal  1.000000e+00  0.000000e+00  0.000000e+00
   outer loop
     vertex -1.282500e+02  4.944774e+02 -9.287006e+01
     vertex -1.282500e+02  4.942334e+02 -9.254078e+01
     vertex -1.282500e+02  4.928859e+02 -9.330675e+01
   endloop
 endfacet
 facet normal  1.000000e+00  0.000000e+00  0.000000e+00
   outer loop
     vertex -1.282500e+02  4.941804e+02 -9.096161e+01
     vertex -1.282500e+02  4.932077e+02 -8.962838e+01
     vertex -1.282500e+02  4.927846e+02 -9.028776e+01
   endloop
 endfacet
 facet normal  1.000000e+00  0.000000e+00  0.000000e+00
   outer loop
     vertex -1.282500e+02  4.941804e+02 -9.096161e+01
     vertex -1.282500e+02  4.927846e+02 -9.028776e+01
     vertex -1.282500e+02  4.940480e+02 -9.134947e+01
   endloop
 endfacet
 facet normal  1.000000e+00  0.000000e+00  0.000000e+00
   outer loop
     vertex -1.282500e+02  4.947931e+02 -9.313138e+01
     vertex -1.282500e+02  4.933524e+02 -9.393625e+01
     vertex -1.282500e+02  4.939559e+02 -9.443583e+01
   endloop
 endfacet
 facet normal  1.000000e+00  0.000000e+00  0.000000e+00
   outer loop
     vertex -1.282500e+02  4.947931e+02 -9.313138e+01
     vertex -1.282500e+02  4.944774e+02 -9.287006e+01
     vertex -1.282500e+02  4.933524e+02 -9.393625e+01
   endloop
 endfacet
 facet normal  1.000000e+00  0.000000e+00  0.000000e+00
   outer loop
     vertex -1.282500e+02  4.944018e+02 -9.061671e+01
     vertex -1.282500e+02  4.932077e+02 -8.962838e+01
     vertex -1.282500e+02  4.941804e+02 -9.096161e+01
   endloop
 endfacet
 facet normal  1.000000e+00  0.000000e+00  0.000000e+00
   outer loop
     vertex -1.282500e+02  4.951622e+02 -9.330955e+01
     vertex -1.282500e+02  4.946615e+02 -9.477645e+01
     vertex -1.282500e+02  4.954281e+02 -9.493832e+01
   endloop
 endfacet
 facet normal  1.000000e+00  0.000000e+00  0.000000e+00
   outer loop
     vertex -1.282500e+02  4.951622e+02 -9.330955e+01
     vertex -1.282500e+02  4.939559e+02 -9.443583e+01
     vertex -1.282500e+02  4.946615e+02 -9.477645e+01
   endloop
 endfacet
 facet normal  1.000000e+00  0.000000e+00  0.000000e+00
   outer loop
     vertex -1.282500e+02  4.951622e+02 -9.330955e+01
     vertex -1.282500e+02  4.947931e+02 -9.313138e+01
     vertex -1.282500e+02  4.939559e+02 -9.443583e+01
   endloop
 endfacet
 facet normal  1.000000e+00  0.000000e+00  0.000000e+00
   outer loop
     vertex -1.282500e+02  4.946992e+02 -9.033481e+01
     vertex -1.282500e+02  4.937764e+02 -8.908945e+01
     vertex -1.282500e+02  4.932077e+02 -8.962838e+01
   endloop
 endfacet
 facet normal  1.000000e+00  0.000000e+00  0.000000e+00
   outer loop
     vertex -1.282500e+02  4.946992e+02 -9.033481e+01
     vertex -1.282500e+02  4.932077e+02 -8.962838e+01
     vertex -1.282500e+02  4.944018e+02 -9.061671e+01
   endloop
 endfacet
 facet normal  1.000000e+00  0.000000e+00  0.000000e+00
   outer loop
     vertex -1.282500e+02  4.955632e+02 -9.339422e+01
     vertex -1.282500e+02  4.951622e+02 -9.330955e+01
     vertex -1.282500e+02  4.954281e+02 -9.493832e+01
   endloop
 endfacet
 facet normal  1.000000e+00  0.000000e+00  0.000000e+00
   outer loop
     vertex -1.282500e+02  4.950555e+02 -9.013228e+01
     vertex -1.282500e+02  4.944576e+02 -8.870227e+01
     vertex -1.282500e+02  4.937764e+02 -8.908945e+01
   endloop
 endfacet
 facet normal  1.000000e+00  0.000000e+00  0.000000e+00
   outer loop
     vertex -1.282500e+02  4.950555e+02 -9.013228e+01
     vertex -1.282500e+02  4.937764e+02 -8.908945e+01
     vertex -1.282500e+02  4.946992e+02 -9.033481e+01
   endloop
 endfacet
 facet normal  1.000000e+00  0.000000e+00  0.000000e+00
   outer loop
     vertex -1.282500e+02  4.962111e+02 -9.491203e+01
     vertex -1.282500e+02  4.955632e+02 -9.339422e+01
     vertex -1.282500e+02  4.954281e+02 -9.493832e+01
   endloop
 endfacet
 facet normal  1.000000e+00  0.000000e+00  0.000000e+00
   outer loop
     vertex -1.282500e+02  4.959728e+02 -9.338046e+01
     vertex -1.282500e+02  4.955632e+02 -9.339422e+01
     vertex -1.282500e+02  4.962111e+02 -9.491203e+01
   endloop
 endfacet
 facet normal  1.000000e+00  0.000000e+00  0.000000e+00
   outer loop
     vertex -1.282500e+02  4.952116e+02 -8.848934e+01
     vertex -1.282500e+02  4.950555e+02 -9.013228e+01
     vertex -1.282500e+02  4.954499e+02 -9.002091e+01
   endloop
 endfacet
 facet normal  1.000000e+00  0.000000e+00  0.000000e+00
   outer loop
     vertex -1.282500e+02  4.952116e+02 -8.848934e+01
     vertex -1.282500e+02  4.944576e+02 -8.870227e+01
     vertex -1.282500e+02  4.950555e+02 -9.013228e+01
   endloop
 endfacet
 facet normal  1.000000e+00  0.000000e+00  0.000000e+00
   outer loop
     vertex -1.282500e+02  4.963672e+02 -9.326909e+01
     vertex -1.282500e+02  4.959728e+02 -9.338046e+01
     vertex -1.282500e+02  4.962111e+02 -9.491203e+01
   endloop
 endfacet
 facet normal  1.000000e+00  0.000000e+00  0.000000e+00
   outer loop
     vertex -1.282500e+02  4.958595e+02 -9.000715e+01
     vertex -1.282500e+02  4.952116e+02 -8.848934e+01
     vertex -1.282500e+02  4.954499e+02 -9.002091e+01
   endloop
 endfacet
 facet normal  1.000000e+00  0.000000e+00  0.000000e+00
   outer loop
     vertex -1.282500e+02  4.969651e+02 -9.469910e+01
     vertex -1.282500e+02  4.963672e+02 -9.326909e+01
     vertex -1.282500e+02  4.962111e+02 -9.491203e+01
   endloop
 endfacet
 facet normal  1.000000e+00  0.000000e+00  0.000000e+00
   outer loop
     vertex -1.282500e+02  4.959946e+02 -8.846305e+01
     vertex -1.282500e+02  4.952116e+02 -8.848934e+01
     vertex -1.282500e+02  4.958595e+02 -9.000715e+01
   endloop
 endfacet
 facet normal  1.000000e+00  0.000000e+00  0.000000e+00
   outer loop
     vertex -1.282500e+02  4.976463e+02 -9.431192e+01
     vertex -1.282500e+02  4.963672e+02 -9.326909e+01
     vertex -1.282500e+02  4.969651e+02 -9.469910e+01
   endloop
 endfacet
 facet normal  1.000000e+00  0.000000e+00  0.000000e+00
   outer loop
     vertex -1.282500e+02  4.976463e+02 -9.431192e+01
     vertex -1.282500e+02  4.967235e+02 -9.306656e+01
     vertex -1.282500e+02  4.963672e+02 -9.326909e+01
   endloop
 endfacet
 facet normal  1.000000e+00  0.000000e+00  0.000000e+00
   outer loop
     vertex -1.282500e+02  4.967612e+02 -8.862492e+01
     vertex -1.282500e+02  4.959946e+02 -8.846305e+01
     vertex -1.282500e+02  4.958595e+02 -9.000715e+01
   endloop
 endfacet
 facet normal  1.000000e+00  0.000000e+00  0.000000e+00
   outer loop
     vertex -1.282500e+02  4.967612e+02 -8.862492e+01
     vertex -1.282500e+02  4.958595e+02 -9.000715e+01
     vertex -1.282500e+02  4.962605e+02 -9.009182e+01
   endloop
 endfacet
 facet normal  1.000000e+00  0.000000e+00  0.000000e+00
   outer loop
     vertex -1.282500e+02  4.982150e+02 -9.377299e+01
     vertex -1.282500e+02  4.970209e+02 -9.278466e+01
     vertex -1.282500e+02  4.967235e+02 -9.306656e+01
   endloop
 endfacet
 facet normal  1.000000e+00  0.000000e+00  0.000000e+00
   outer loop
     vertex -1.282500e+02  4.982150e+02 -9.377299e+01
     vertex -1.282500e+02  4.972423e+02 -9.243976e+01
     vertex -1.282500e+02  4.970209e+02 -9.278466e+01
   endloop
 endfacet
 facet normal  1.000000e+00  0.000000e+00  0.000000e+00
   outer loop
     vertex -1.282500e+02  4.982150e+02 -9.377299e+01
     vertex -1.282500e+02  4.967235e+02 -9.306656e+01
     vertex -1.282500e+02  4.976463e+02 -9.431192e+01
   endloop
 endfacet
 facet normal  1.000000e+00  0.000000e+00  0.000000e+00
   outer loop
     vertex -1.282500e+02  4.974668e+02 -8.896554e+01
     vertex -1.282500e+02  4.967612e+02 -8.862492e+01
     vertex -1.282500e+02  4.962605e+02 -9.009182e+01
   endloop
 endfacet
 facet normal  1.000000e+00  0.000000e+00  0.000000e+00
   outer loop
     vertex -1.282500e+02  4.974668e+02 -8.896554e+01
     vertex -1.282500e+02  4.962605e+02 -9.009182e+01
     vertex -1.282500e+02  4.966296e+02 -9.026999e+01
   endloop
 endfacet
 facet normal  1.000000e+00 -1.748101e-14  5.966738e-15
   outer loop
     vertex -1.282500e+02  4.986381e+02 -9.311361e+01
     vertex -1.282500e+02  4.973747e+02 -9.205190e+01
     vertex -1.282500e+02  4.972423e+02 -9.243976e+01
   endloop
 endfacet
 facet normal  1.000000e+00 -3.143178e-14 -2.293141e-14
   outer loop
     vertex -1.282500e+02  4.986381e+02 -9.311361e+01
     vertex -1.282500e+02  4.972423e+02 -9.243976e+01
     vertex -1.282500e+02  4.982150e+02 -9.377299e+01
   endloop
 endfacet
 facet normal  1.000000e+00  0.000000e+00  0.000000e+00
   outer loop
     vertex -1.282500e+02  4.980703e+02 -8.946512e+01
     vertex -1.282500e+02  4.966296e+02 -9.026999e+01
     vertex -1.282500e+02  4.969453e+02 -9.053131e+01
   endloop
 endfacet
 facet normal  1.000000e+00  0.000000e+00  0.000000e+00
   outer loop
     vertex -1.282500e+02  4.980703e+02 -8.946512e+01
     vertex -1.282500e+02  4.974668e+02 -8.896554e+01
     vertex -1.282500e+02  4.966296e+02 -9.026999e+01
   endloop
 endfacet
 facet normal  1.000000e+00 -1.748101e-14  5.966738e-15
   outer loop
     vertex -1.282500e+02  4.988912e+02 -9.237213e+01
     vertex -1.282500e+02  4.973747e+02 -9.205190e+01
     vertex -1.282500e+02  4.986381e+02 -9.311361e+01
   endloop
 endfacet
 facet normal  1.000000e+00 -2.513625e-14  2.652372e-14
   outer loop
     vertex -1.282500e+02  4.985368e+02 -9.009461e+01
     vertex -1.282500e+02  4.980703e+02 -8.946512e+01
     vertex -1.282500e+02  4.969453e+02 -9.053131e+01
   endloop
 endfacet
 facet normal  1.000000e+00 -1.484087e-14 -1.099709e-14
   outer loop
     vertex -1.282500e+02  4.985368e+02 -9.009461e+01
     vertex -1.282500e+02  4.969453e+02 -9.053131e+01
     vertex -1.282500e+02  4.971893e+02 -9.086059e+01
   endloop
 endfacet
 facet normal  1.000000e+00 -1.840097e-14  1.609877e-15
   outer loop
     vertex -1.282500e+02  4.989595e+02 -9.159162e+01
     vertex -1.282500e+02  4.974104e+02 -9.164364e+01
     vertex -1.282500e+02  4.973747e+02 -9.205190e+01
   endloop
 endfacet
 facet normal  1.000000e+00 -1.825154e-14 -2.840545e-15
   outer loop
     vertex -1.282500e+02  4.989595e+02 -9.159162e+01
     vertex -1.282500e+02  4.973474e+02 -9.123869e+01
     vertex -1.282500e+02  4.974104e+02 -9.164364e+01
   endloop
 endfacet
 facet normal  1.000000e+00 -1.840097e-14  1.609877e-15
   outer loop
     vertex -1.282500e+02  4.989595e+02 -9.159162e+01
     vertex -1.282500e+02  4.973747e+02 -9.205190e+01
     vertex -1.282500e+02  4.988912e+02 -9.237213e+01
   endloop
 endfacet
 facet normal  1.000000e+00 -1.704140e-14 -7.125884e-15
   outer loop
     vertex -1.282500e+02  4.988390e+02 -9.081745e+01
     vertex -1.282500e+02  4.971893e+02 -9.086059e+01
     vertex -1.282500e+02  4.973474e+02 -9.123869e+01
   endloop
 endfacet
 facet normal  1.000000e+00 -1.825154e-14 -2.840545e-15
   outer loop
     vertex -1.282500e+02  4.988390e+02 -9.081745e+01
     vertex -1.282500e+02  4.973474e+02 -9.123869e+01
     vertex -1.282500e+02  4.989595e+02 -9.159162e+01
   endloop
 endfacet
 facet normal  1.000000e+00 -1.704140e-14 -7.125884e-15
   outer loop
     vertex -1.282500e+02  4.988390e+02 -9.081745e+01
     vertex -1.282500e+02  4.985368e+02 -9.009461e+01
     vertex -1.282500e+02  4.971893e+02 -9.086059e+01
   endloop
 endfacet
 facet normal  1.000000e+00  3.973621e-15 -4.192956e-15
   outer loop
     vertex -1.220000e+02  4.984417e+02 -1.101364e+02
     vertex -1.220000e+02  4.982230e+02 -1.103437e+02
     vertex -1.220000e+02  4.994099e+02 -1.126082e+02
   endloop
 endfacet
 facet normal  1.000000e+00  2.748442e-15 -4.835110e-15
   outer loop
     vertex -1.220000e+02  4.979610e+02 -1.104926e+02
     vertex -1.220000e+02  4.994099e+02 -1.126082e+02
     vertex -1.220000e+02  4.982230e+02 -1.103437e+02
   endloop
 endfacet
 facet normal  1.000000e+00  5.457659e-15 -3.601541e-15
   outer loop
     vertex -1.220000e+02  4.986045e+02 -1.098828e+02
     vertex -1.220000e+02  4.994099e+02 -1.126082e+02
     vertex -1.220000e+02  5.020024e+02 -1.086795e+02
   endloop
 endfacet
 facet normal  1.000000e+00  5.563089e-15 -3.570385e-15
   outer loop
     vertex -1.220000e+02  4.986045e+02 -1.098828e+02
     vertex -1.220000e+02  4.984417e+02 -1.101364e+02
     vertex -1.220000e+02  4.994099e+02 -1.126082e+02
   endloop
 endfacet
 facet normal  1.000000e+00  1.589527e-15 -5.628804e-15
   outer loop
     vertex -1.220000e+02  4.976710e+02 -1.105745e+02
     vertex -1.220000e+02  4.994099e+02 -1.126082e+02
     vertex -1.220000e+02  4.979610e+02 -1.104926e+02
   endloop
 endfacet
 facet normal  1.000000e+00  4.757243e-15 -1.623775e-15
   outer loop
     vertex -1.220000e+02  4.987018e+02 -1.095977e+02
     vertex -1.220000e+02  4.986045e+02 -1.098828e+02
     vertex -1.220000e+02  5.020024e+02 -1.086795e+02
   endloop
 endfacet
 facet normal  1.000000e+00  5.752448e-15 -1.223509e-15
   outer loop
     vertex -1.220000e+02  4.973699e+02 -1.105847e+02
     vertex -1.220000e+02  4.962060e+02 -1.160566e+02
     vertex -1.220000e+02  4.994099e+02 -1.126082e+02
   endloop
 endfacet
 facet normal  1.000000e+00  2.280825e-16 -6.792893e-15
   outer loop
     vertex -1.220000e+02  4.973699e+02 -1.105847e+02
     vertex -1.220000e+02  4.994099e+02 -1.126082e+02
     vertex -1.220000e+02  4.976710e+02 -1.105745e+02
   endloop
 endfacet
 facet normal  1.000000e+00  4.412935e-15 -3.860818e-16
   outer loop
     vertex -1.220000e+02  4.987281e+02 -1.092975e+02
     vertex -1.220000e+02  4.987018e+02 -1.095977e+02
     vertex -1.220000e+02  5.020024e+02 -1.086795e+02
   endloop
 endfacet
 facet normal  1.000000e+00  0.000000e+00  0.000000e+00
   outer loop
     vertex -1.220000e+02  4.970750e+02 -1.105224e+02
     vertex -1.220000e+02  4.962060e+02 -1.160566e+02
     vertex -1.220000e+02  4.973699e+02 -1.105847e+02
   endloop
 endfacet
 facet normal  1.000000e+00  4.216223e-15  6.561839e-16
   outer loop
     vertex -1.220000e+02  4.986818e+02 -1.089997e+02
     vertex -1.220000e+02  4.987281e+02 -1.092975e+02
     vertex -1.220000e+02  5.020024e+02 -1.086795e+02
   endloop
 endfacet
 facet normal  1.000000e+00  0.000000e+00  0.000000e+00
   outer loop
     vertex -1.220000e+02  4.968036e+02 -1.103914e+02
     vertex -1.220000e+02  4.962060e+02 -1.160566e+02
     vertex -1.220000e+02  4.970750e+02 -1.105224e+02
   endloop
 endfacet
 facet normal  1.000000e+00  4.113623e-15  1.720117e-15
   outer loop
     vertex -1.220000e+02  4.985655e+02 -1.087217e+02
     vertex -1.220000e+02  4.986818e+02 -1.089997e+02
     vertex -1.220000e+02  5.020024e+02 -1.086795e+02
   endloop
 endfacet
 facet normal  1.000000e+00  0.000000e+00  0.000000e+00
   outer loop
     vertex -1.220000e+02  4.965715e+02 -1.101992e+02
     vertex -1.220000e+02  4.962060e+02 -1.160566e+02
     vertex -1.220000e+02  4.968036e+02 -1.103914e+02
   endloop
 endfacet
 facet normal  1.000000e+00  4.097459e-15  3.036219e-15
   outer loop
     vertex -1.220000e+02  4.983861e+02 -1.084796e+02
     vertex -1.220000e+02  4.985655e+02 -1.087217e+02
     vertex -1.220000e+02  5.020024e+02 -1.086795e+02
   endloop
 endfacet
 facet normal  1.000000e+00  4.176674e-15  4.751899e-15
   outer loop
     vertex -1.220000e+02  4.981540e+02 -1.082874e+02
     vertex -1.220000e+02  5.020024e+02 -1.086795e+02
     vertex -1.220000e+02  5.039130e+02 -1.043776e+02
   endloop
 endfacet
 facet normal  1.000000e+00  4.210836e-15  5.087244e-15
   outer loop
     vertex -1.220000e+02  4.981540e+02 -1.082874e+02
     vertex -1.220000e+02  4.983861e+02 -1.084796e+02
     vertex -1.220000e+02  5.020024e+02 -1.086795e+02
   endloop
 endfacet
 facet normal  1.000000e+00  3.369233e-15  5.745346e-16
   outer loop
     vertex -1.220000e+02  4.912060e+02 -1.114697e+02
     vertex -1.220000e+02  4.924783e+02 -1.189306e+02
     vertex -1.220000e+02  4.962060e+02 -1.160566e+02
   endloop
 endfacet
 facet normal  1.000000e+00  2.688287e-15 -1.677461e-16
   outer loop
     vertex -1.220000e+02  4.912060e+02 -1.114697e+02
     vertex -1.220000e+02  4.962060e+02 -1.160566e+02
     vertex -1.220000e+02  4.965715e+02 -1.101992e+02
   endloop
 endfacet
 facet normal  1.000000e+00  2.253220e-15  1.669637e-15
   outer loop
     vertex -1.220000e+02  4.912060e+02 -1.114697e+02
     vertex -1.220000e+02  4.965715e+02 -1.101992e+02
     vertex -1.220000e+02  4.963921e+02 -1.099571e+02
   endloop
 endfacet
 facet normal  1.000000e+00  3.417326e-15  1.311182e-17
   outer loop
     vertex -1.220000e+02  4.882993e+02 -1.135846e+02
     vertex -1.220000e+02  4.883283e+02 -1.211518e+02
     vertex -1.220000e+02  4.924783e+02 -1.189306e+02
   endloop
 endfacet
 facet normal  1.000000e+00  4.349325e-15  7.416638e-16
   outer loop
     vertex -1.220000e+02  4.882993e+02 -1.135846e+02
     vertex -1.220000e+02  4.924783e+02 -1.189306e+02
     vertex -1.220000e+02  4.912060e+02 -1.114697e+02
   endloop
 endfacet
 facet normal  1.000000e+00  3.840058e-15 -3.771021e-15
   outer loop
     vertex -1.220000e+02  4.937247e+02 -1.089049e+02
     vertex -1.220000e+02  4.912060e+02 -1.114697e+02
     vertex -1.220000e+02  4.963921e+02 -1.099571e+02
   endloop
 endfacet
 facet normal  1.000000e+00  6.379969e-15  2.667792e-15
   outer loop
     vertex -1.220000e+02  4.937247e+02 -1.089049e+02
     vertex -1.220000e+02  4.963921e+02 -1.099571e+02
     vertex -1.220000e+02  4.962758e+02 -1.096791e+02
   endloop
 endfacet
 facet normal  1.000000e+00  5.846508e-15  9.099103e-16
   outer loop
     vertex -1.220000e+02  4.937247e+02 -1.089049e+02
     vertex -1.220000e+02  4.962758e+02 -1.096791e+02
     vertex -1.220000e+02  4.962295e+02 -1.093814e+02
   endloop
 endfacet
 facet normal  1.000000e+00  5.580570e-15 -4.882366e-16
   outer loop
     vertex -1.220000e+02  4.937247e+02 -1.089049e+02
     vertex -1.220000e+02  4.962295e+02 -1.093814e+02
     vertex -1.220000e+02  4.962558e+02 -1.090812e+02
   endloop
 endfacet
 facet normal  1.000000e+00  5.484224e-15 -1.871913e-15
   outer loop
     vertex -1.220000e+02  4.937247e+02 -1.089049e+02
     vertex -1.220000e+02  4.962558e+02 -1.090812e+02
     vertex -1.220000e+02  4.963531e+02 -1.087960e+02
   endloop
 endfacet
 facet normal  1.000000e+00  5.554395e-15 -3.564805e-15
   outer loop
     vertex -1.220000e+02  4.937247e+02 -1.089049e+02
     vertex -1.220000e+02  4.963531e+02 -1.087960e+02
     vertex -1.220000e+02  4.965159e+02 -1.085424e+02
   endloop
 endfacet
 facet normal  1.000000e+00 -4.411201e-15 -1.692518e-17
   outer loop
     vertex -1.220000e+02  4.850839e+02 -1.151919e+02
     vertex -1.220000e+02  4.883283e+02 -1.211518e+02
     vertex -1.220000e+02  4.882993e+02 -1.135846e+02
   endloop
 endfacet
 facet normal  1.000000e+00  1.980192e-15  3.568707e-15
   outer loop
     vertex -1.220000e+02  4.848703e+02 -1.152510e+02
     vertex -1.220000e+02  4.838694e+02 -1.226598e+02
     vertex -1.220000e+02  4.883283e+02 -1.211518e+02
   endloop
 endfacet
 facet normal  1.000000e+00 -5.730029e-16  2.072468e-15
   outer loop
     vertex -1.220000e+02  4.848703e+02 -1.152510e+02
     vertex -1.220000e+02  4.883283e+02 -1.211518e+02
     vertex -1.220000e+02  4.850839e+02 -1.151919e+02
   endloop
 endfacet
 facet normal  1.000000e+00  4.221578e-15  6.696126e-15
   outer loop
     vertex -1.220000e+02  4.957865e+02 -1.059603e+02
     vertex -1.220000e+02  4.937247e+02 -1.089049e+02
     vertex -1.220000e+02  4.965159e+02 -1.085424e+02
   endloop
 endfacet
 facet normal  1.000000e+00  1.711226e-15  8.104171e-15
   outer loop
     vertex -1.220000e+02  4.957865e+02 -1.059603e+02
     vertex -1.220000e+02  4.975877e+02 -1.080942e+02
     vertex -1.220000e+02  4.978826e+02 -1.081564e+02
   endloop
 endfacet
 facet normal  1.000000e+00 -4.114415e-15  4.341522e-15
   outer loop
     vertex -1.220000e+02  4.957865e+02 -1.059603e+02
     vertex -1.220000e+02  4.965159e+02 -1.085424e+02
     vertex -1.220000e+02  4.967346e+02 -1.083351e+02
   endloop
 endfacet
 facet normal  1.000000e+00 -2.772412e-15  4.877277e-15
   outer loop
     vertex -1.220000e+02  4.957865e+02 -1.059603e+02
     vertex -1.220000e+02  4.967346e+02 -1.083351e+02
     vertex -1.220000e+02  4.969966e+02 -1.081862e+02
   endloop
 endfacet
 facet normal  1.000000e+00 -1.562970e-15  5.534760e-15
   outer loop
     vertex -1.220000e+02  4.957865e+02 -1.059603e+02
     vertex -1.220000e+02  4.969966e+02 -1.081862e+02
     vertex -1.220000e+02  4.972866e+02 -1.081043e+02
   endloop
 endfacet
 facet normal  1.000000e+00 -2.174476e-16  6.476160e-15
   outer loop
     vertex -1.220000e+02  4.957865e+02 -1.059603e+02
     vertex -1.220000e+02  4.972866e+02 -1.081043e+02
     vertex -1.220000e+02  4.975877e+02 -1.080942e+02
   endloop
 endfacet
 facet normal  1.000000e+00 -1.839661e-16  3.861074e-15
   outer loop
     vertex -1.220000e+02  4.846488e+02 -1.152615e+02
     vertex -1.220000e+02  4.838694e+02 -1.226598e+02
     vertex -1.220000e+02  4.848703e+02 -1.152510e+02
   endloop
 endfacet
 facet normal  1.000000e+00  1.004988e-14  2.782859e-15
   outer loop
     vertex -1.220000e+02  4.821343e+02 -1.163938e+02
     vertex -1.220000e+02  4.838694e+02 -1.226598e+02
     vertex -1.220000e+02  4.846488e+02 -1.152615e+02
   endloop
 endfacet
 facet normal  1.000000e+00  2.350513e-14 -2.709921e-14
   outer loop
     vertex -1.220000e+02  4.826955e+02 -1.159070e+02
     vertex -1.220000e+02  4.821343e+02 -1.163938e+02
     vertex -1.220000e+02  4.846488e+02 -1.152615e+02
   endloop
 endfacet
 facet normal  1.000000e+00  5.062356e-15  2.871153e-14
   outer loop
     vertex -1.220000e+02  4.826955e+02 -1.159070e+02
     vertex -1.220000e+02  4.846488e+02 -1.152615e+02
     vertex -1.220000e+02  4.844305e+02 -1.152230e+02
   endloop
 endfacet
 facet normal  1.000000e+00  8.438698e-15  2.014682e-14
   outer loop
     vertex -1.220000e+02  4.826955e+02 -1.159070e+02
     vertex -1.220000e+02  4.844305e+02 -1.152230e+02
     vertex -1.220000e+02  4.842261e+02 -1.151374e+02
   endloop
 endfacet
 facet normal  1.000000e+00 -0.000000e+00  0.000000e+00
   outer loop
     vertex -1.220000e+02  4.814772e+02 -1.167404e+02
     vertex -1.220000e+02  4.838694e+02 -1.226598e+02
     vertex -1.220000e+02  4.821343e+02 -1.163938e+02
   endloop
 endfacet
 facet normal  1.000000e+00  2.921938e-14 -2.118046e-14
   outer loop
     vertex -1.220000e+02  4.831315e+02 -1.153055e+02
     vertex -1.220000e+02  4.826955e+02 -1.159070e+02
     vertex -1.220000e+02  4.842261e+02 -1.151374e+02
   endloop
 endfacet
 facet normal  1.000000e+00  2.135768e-14  2.999302e-14
   outer loop
     vertex -1.220000e+02  4.831315e+02 -1.153055e+02
     vertex -1.220000e+02  4.842261e+02 -1.151374e+02
     vertex -1.220000e+02  4.840455e+02 -1.150088e+02
   endloop
 endfacet
 facet normal  1.000000e+00  6.737734e-14 -1.117545e-13
   outer loop
     vertex -1.220000e+02  4.831315e+02 -1.153055e+02
     vertex -1.220000e+02  4.840455e+02 -1.150088e+02
     vertex -1.220000e+02  4.838977e+02 -1.148436e+02
   endloop
 endfacet
 facet normal  1.000000e+00 -3.695547e-16  2.279046e-15
   outer loop
     vertex -1.220000e+02  4.807586e+02 -1.169287e+02
     vertex -1.220000e+02  4.792230e+02 -1.234132e+02
     vertex -1.220000e+02  4.838694e+02 -1.226598e+02
   endloop
 endfacet
 facet normal  1.000000e+00 -1.788188e-14 -7.226399e-15
   outer loop
     vertex -1.220000e+02  4.807586e+02 -1.169287e+02
     vertex -1.220000e+02  4.838694e+02 -1.226598e+02
     vertex -1.220000e+02  4.814772e+02 -1.167404e+02
   endloop
 endfacet
 facet normal  1.000000e+00 -1.676318e-14  2.780402e-14
   outer loop
     vertex -1.220000e+02  4.834195e+02 -1.146208e+02
     vertex -1.220000e+02  4.831315e+02 -1.153055e+02
     vertex -1.220000e+02  4.838977e+02 -1.148436e+02
   endloop
 endfacet
 facet normal  1.000000e+00 -4.011787e-14 -2.232111e-14
   outer loop
     vertex -1.220000e+02  4.834195e+02 -1.146208e+02
     vertex -1.220000e+02  4.838977e+02 -1.148436e+02
     vertex -1.220000e+02  4.837899e+02 -1.146499e+02
   endloop
 endfacet
 facet normal  1.000000e+00 -3.927046e-14 -1.153088e-14
   outer loop
     vertex -1.220000e+02  4.834195e+02 -1.146208e+02
     vertex -1.220000e+02  4.837899e+02 -1.146499e+02
     vertex -1.220000e+02  4.837274e+02 -1.144372e+02
   endloop
 endfacet
 facet normal  1.000000e+00  6.731136e-15  9.892238e-16
   outer loop
     vertex -1.220000e+02  4.973352e+02 -1.027163e+02
     vertex -1.220000e+02  4.981540e+02 -1.082874e+02
     vertex -1.220000e+02  5.039130e+02 -1.043776e+02
   endloop
 endfacet
 facet normal  1.000000e+00  0.000000e+00  0.000000e+00
   outer loop
     vertex -1.220000e+02  4.973352e+02 -1.027163e+02
     vertex -1.220000e+02  4.978826e+02 -1.081564e+02
     vertex -1.220000e+02  4.981540e+02 -1.082874e+02
   endloop
 endfacet
 facet normal  1.000000e+00 -7.578800e-15 -7.625605e-16
   outer loop
     vertex -1.220000e+02  4.973352e+02 -1.027163e+02
     vertex -1.220000e+02  4.957865e+02 -1.059603e+02
     vertex -1.220000e+02  4.978826e+02 -1.081564e+02
   endloop
 endfacet
 facet normal  1.000000e+00  0.000000e+00  0.000000e+00
   outer loop
     vertex -1.220000e+02  4.755653e+02 -1.209092e+02
     vertex -1.220000e+02  4.745161e+02 -1.233915e+02
     vertex -1.220000e+02  4.792230e+02 -1.234132e+02
   endloop
 endfacet
 facet normal  1.000000e+00  0.000000e+00  0.000000e+00
   outer loop
     vertex -1.220000e+02  4.757840e+02 -1.207019e+02
     vertex -1.220000e+02  4.755653e+02 -1.209092e+02
     vertex -1.220000e+02  4.792230e+02 -1.234132e+02
   endloop
 endfacet
 facet normal  1.000000e+00 -0.000000e+00  0.000000e+00
   outer loop
     vertex -1.220000e+02  4.753033e+02 -1.210581e+02
     vertex -1.220000e+02  4.745161e+02 -1.233915e+02
     vertex -1.220000e+02  4.755653e+02 -1.209092e+02
   endloop
 endfacet
 facet normal  1.000000e+00  0.000000e+00  0.000000e+00
   outer loop
     vertex -1.220000e+02  4.759468e+02 -1.204483e+02
     vertex -1.220000e+02  4.757840e+02 -1.207019e+02
     vertex -1.220000e+02  4.792230e+02 -1.234132e+02
   endloop
 endfacet
 facet normal  1.000000e+00 -6.016821e-17  2.205779e-15
   outer loop
     vertex -1.220000e+02  4.800161e+02 -1.169490e+02
     vertex -1.220000e+02  4.792230e+02 -1.234132e+02
     vertex -1.220000e+02  4.807586e+02 -1.169287e+02
   endloop
 endfacet
 facet normal  1.000000e+00 -0.000000e+00  0.000000e+00
   outer loop
     vertex -1.220000e+02  4.750133e+02 -1.211400e+02
     vertex -1.220000e+02  4.745161e+02 -1.233915e+02
     vertex -1.220000e+02  4.753033e+02 -1.210581e+02
   endloop
 endfacet
 facet normal  1.000000e+00 -5.137404e-14  8.769991e-15
   outer loop
     vertex -1.220000e+02  4.835445e+02 -1.138885e+02
     vertex -1.220000e+02  4.834195e+02 -1.146208e+02
     vertex -1.220000e+02  4.837274e+02 -1.144372e+02
   endloop
 endfacet
 facet normal  1.000000e+00  0.000000e+00  0.000000e+00
   outer loop
     vertex -1.220000e+02  4.760441e+02 -1.201631e+02
     vertex -1.220000e+02  4.759468e+02 -1.204483e+02
     vertex -1.220000e+02  4.792230e+02 -1.234132e+02
   endloop
 endfacet
 facet normal  1.000000e+00 -0.000000e+00  0.000000e+00
   outer loop
     vertex -1.220000e+02  4.747122e+02 -1.211501e+02
     vertex -1.220000e+02  4.745161e+02 -1.233915e+02
     vertex -1.220000e+02  4.750133e+02 -1.211400e+02
   endloop
 endfacet
 facet normal  1.000000e+00  0.000000e+00  0.000000e+00
   outer loop
     vertex -1.220000e+02  4.760704e+02 -1.198629e+02
     vertex -1.220000e+02  4.760441e+02 -1.201631e+02
     vertex -1.220000e+02  4.792230e+02 -1.234132e+02
   endloop
 endfacet
 facet normal  1.000000e+00  2.175160e-15  1.931549e-15
   outer loop
     vertex -1.220000e+02  4.760704e+02 -1.198629e+02
     vertex -1.220000e+02  4.792230e+02 -1.234132e+02
     vertex -1.220000e+02  4.800161e+02 -1.169490e+02
   endloop
 endfacet
 facet normal  1.000000e+00  0.000000e+00  0.000000e+00
   outer loop
     vertex -1.220000e+02  4.744173e+02 -1.210879e+02
     vertex -1.220000e+02  4.745161e+02 -1.233915e+02
     vertex -1.220000e+02  4.747122e+02 -1.211501e+02
   endloop
 endfacet
 facet normal  1.000000e+00  1.689515e-14 -1.800024e-14
   outer loop
     vertex -1.220000e+02  4.793220e+02 -1.168109e+02
     vertex -1.220000e+02  4.760704e+02 -1.198629e+02
     vertex -1.220000e+02  4.800161e+02 -1.169490e+02
   endloop
 endfacet
 facet normal  1.000000e+00 -0.000000e+00  0.000000e+00
   outer loop
     vertex -1.220000e+02  4.760241e+02 -1.195652e+02
     vertex -1.220000e+02  4.760704e+02 -1.198629e+02
     vertex -1.220000e+02  4.793220e+02 -1.168109e+02
   endloop
 endfacet
 facet normal  1.000000e+00  0.000000e+00  0.000000e+00
   outer loop
     vertex -1.220000e+02  4.741459e+02 -1.209568e+02
     vertex -1.220000e+02  4.745161e+02 -1.233915e+02
     vertex -1.220000e+02  4.744173e+02 -1.210879e+02
   endloop
 endfacet
 facet normal  1.000000e+00  1.400587e-13  2.129119e-14
   outer loop
     vertex -1.220000e+02  4.739138e+02 -1.207647e+02
     vertex -1.220000e+02  4.745161e+02 -1.233915e+02
     vertex -1.220000e+02  4.741459e+02 -1.209568e+02
   endloop
 endfacet
 facet normal  1.000000e+00  1.436940e-14 -1.720612e-14
   outer loop
     vertex -1.220000e+02  4.786743e+02 -1.165259e+02
     vertex -1.220000e+02  4.760241e+02 -1.195652e+02
     vertex -1.220000e+02  4.793220e+02 -1.168109e+02
   endloop
 endfacet
 facet normal  1.000000e+00 -3.624189e-15 -1.515459e-15
   outer loop
     vertex -1.220000e+02  4.786743e+02 -1.165259e+02
     vertex -1.220000e+02  4.759078e+02 -1.192871e+02
     vertex -1.220000e+02  4.760241e+02 -1.195652e+02
   endloop
 endfacet
 facet normal  1.000000e+00  6.173993e-15 -1.593678e-15
   outer loop
     vertex -1.220000e+02  4.983284e+02 -9.926154e+01
     vertex -1.220000e+02  5.039130e+02 -1.043776e+02
     vertex -1.220000e+02  5.050895e+02 -9.982001e+01
   endloop
 endfacet
 facet normal  1.000000e+00  6.042541e-15 -1.737167e-15
   outer loop
     vertex -1.220000e+02  4.983284e+02 -9.926154e+01
     vertex -1.220000e+02  4.973352e+02 -1.027163e+02
     vertex -1.220000e+02  5.039130e+02 -1.043776e+02
   endloop
 endfacet
 facet normal  1.000000e+00 -2.634774e-15 -1.952369e-15
   outer loop
     vertex -1.220000e+02  4.698768e+02 -1.225955e+02
     vertex -1.220000e+02  4.739138e+02 -1.207647e+02
     vertex -1.220000e+02  4.737344e+02 -1.205226e+02
   endloop
 endfacet
 facet normal  1.000000e+00  1.256006e-15 -1.053174e-14
   outer loop
     vertex -1.220000e+02  4.698768e+02 -1.225955e+02
     vertex -1.220000e+02  4.745161e+02 -1.233915e+02
     vertex -1.220000e+02  4.739138e+02 -1.207647e+02
   endloop
 endfacet
 facet normal  1.000000e+00 -3.008006e-15 -1.257802e-15
   outer loop
     vertex -1.220000e+02  4.698768e+02 -1.225955e+02
     vertex -1.220000e+02  4.737344e+02 -1.205226e+02
     vertex -1.220000e+02  4.736182e+02 -1.202446e+02
   endloop
 endfacet
 facet normal  1.000000e+00 -3.459997e-15 -5.384901e-16
   outer loop
     vertex -1.220000e+02  4.698768e+02 -1.225955e+02
     vertex -1.220000e+02  4.736182e+02 -1.202446e+02
     vertex -1.220000e+02  4.735718e+02 -1.199468e+02
   endloop
 endfacet
 facet normal  1.000000e+00 -4.103343e-15  3.589960e-16
   outer loop
     vertex -1.220000e+02  4.698768e+02 -1.225955e+02
     vertex -1.220000e+02  4.735718e+02 -1.199468e+02
     vertex -1.220000e+02  4.735981e+02 -1.196466e+02
   endloop
 endfacet
 facet normal  1.000000e+00 -0.000000e+00  0.000000e+00
   outer loop
     vertex -1.220000e+02  4.770971e+02 -1.163944e+02
     vertex -1.220000e+02  4.786743e+02 -1.165259e+02
     vertex -1.220000e+02  4.781036e+02 -1.161075e+02
   endloop
 endfacet
 facet normal  1.000000e+00  0.000000e+00  0.000000e+00
   outer loop
     vertex -1.220000e+02  4.770971e+02 -1.163944e+02
     vertex -1.220000e+02  4.769343e+02 -1.165448e+02
     vertex -1.220000e+02  4.786743e+02 -1.165259e+02
   endloop
 endfacet
 facet normal  1.000000e+00  3.704983e-16 -5.517796e-15
   outer loop
     vertex -1.220000e+02  4.767423e+02 -1.166557e+02
     vertex -1.220000e+02  4.759078e+02 -1.192871e+02
     vertex -1.220000e+02  4.786743e+02 -1.165259e+02
   endloop
 endfacet
 facet normal  1.000000e+00  0.000000e+00  0.000000e+00
   outer loop
     vertex -1.220000e+02  4.767423e+02 -1.166557e+02
     vertex -1.220000e+02  4.786743e+02 -1.165259e+02
     vertex -1.220000e+02  4.769343e+02 -1.165448e+02
   endloop
 endfacet
 facet normal  1.000000e+00 -0.000000e+00  0.000000e+00
   outer loop
     vertex -1.220000e+02  4.772228e+02 -1.162118e+02
     vertex -1.220000e+02  4.770971e+02 -1.163944e+02
     vertex -1.220000e+02  4.781036e+02 -1.161075e+02
   endloop
 endfacet
 facet normal  1.000000e+00  1.862802e-15 -5.991031e-15
   outer loop
     vertex -1.220000e+02  4.765306e+02 -1.167215e+02
     vertex -1.220000e+02  4.759078e+02 -1.192871e+02
     vertex -1.220000e+02  4.767423e+02 -1.166557e+02
   endloop
 endfacet
 facet normal  1.000000e+00 -5.630350e-15 -4.172092e-15
   outer loop
     vertex -1.220000e+02  4.765306e+02 -1.167215e+02
     vertex -1.220000e+02  4.757284e+02 -1.190450e+02
     vertex -1.220000e+02  4.759078e+02 -1.192871e+02
   endloop
 endfacet
 facet normal  1.000000e+00  0.000000e+00  0.000000e+00
   outer loop
     vertex -1.220000e+02  4.773052e+02 -1.160060e+02
     vertex -1.220000e+02  4.772228e+02 -1.162118e+02
     vertex -1.220000e+02  4.781036e+02 -1.161075e+02
   endloop
 endfacet
 facet normal  1.000000e+00  2.545817e-16 -7.582110e-15
   outer loop
     vertex -1.220000e+02  4.763096e+02 -1.167390e+02
     vertex -1.220000e+02  4.746289e+02 -1.186697e+02
     vertex -1.220000e+02  4.749301e+02 -1.186596e+02
   endloop
 endfacet
 facet normal  1.000000e+00  4.998649e-16 -6.288570e-15
   outer loop
     vertex -1.220000e+02  4.763096e+02 -1.167390e+02
     vertex -1.220000e+02  4.757284e+02 -1.190450e+02
     vertex -1.220000e+02  4.765306e+02 -1.167215e+02
   endloop
 endfacet
 facet normal  1.000000e+00 -1.356613e-15 -6.424762e-15
   outer loop
     vertex -1.220000e+02  4.763096e+02 -1.167390e+02
     vertex -1.220000e+02  4.749301e+02 -1.186596e+02
     vertex -1.220000e+02  4.752249e+02 -1.187219e+02
   endloop
 endfacet
 facet normal  1.000000e+00 -2.737028e-15 -5.669583e-15
   outer loop
     vertex -1.220000e+02  4.763096e+02 -1.167390e+02
     vertex -1.220000e+02  4.752249e+02 -1.187219e+02
     vertex -1.220000e+02  4.754963e+02 -1.188529e+02
   endloop
 endfacet
 facet normal  1.000000e+00 -4.220405e-15 -5.098805e-15
   outer loop
     vertex -1.220000e+02  4.763096e+02 -1.167390e+02
     vertex -1.220000e+02  4.754963e+02 -1.188529e+02
     vertex -1.220000e+02  4.757284e+02 -1.190450e+02
   endloop
 endfacet
 facet normal  1.000000e+00  0.000000e+00  0.000000e+00
   outer loop
     vertex -1.220000e+02  4.776371e+02 -1.155755e+02
     vertex -1.220000e+02  4.773052e+02 -1.160060e+02
     vertex -1.220000e+02  4.781036e+02 -1.161075e+02
   endloop
 endfacet
 facet normal  1.000000e+00 -0.000000e+00  0.000000e+00
   outer loop
     vertex -1.220000e+02  4.773402e+02 -1.157871e+02
     vertex -1.220000e+02  4.773052e+02 -1.160060e+02
     vertex -1.220000e+02  4.776371e+02 -1.155755e+02
   endloop
 endfacet
 facet normal  1.000000e+00  0.000000e+00  0.000000e+00
   outer loop
     vertex -1.220000e+02  4.773262e+02 -1.155659e+02
     vertex -1.220000e+02  4.773402e+02 -1.157871e+02
     vertex -1.220000e+02  4.776371e+02 -1.155755e+02
   endloop
 endfacet
 facet normal  1.000000e+00  0.000000e+00  0.000000e+00
   outer loop
     vertex -1.220000e+02  4.772967e+02 -1.149551e+02
     vertex -1.220000e+02  4.773262e+02 -1.155659e+02
     vertex -1.220000e+02  4.776371e+02 -1.155755e+02
   endloop
 endfacet
 facet normal  1.000000e+00  6.351966e-15 -5.557250e-16
   outer loop
     vertex -1.220000e+02  4.987390e+02 -9.569036e+01
     vertex -1.220000e+02  5.050895e+02 -9.982001e+01
     vertex -1.220000e+02  5.054997e+02 -9.513090e+01
   endloop
 endfacet
 facet normal  1.000000e+00  6.246308e-15 -7.182015e-16
   outer loop
     vertex -1.220000e+02  4.987390e+02 -9.569036e+01
     vertex -1.220000e+02  4.983284e+02 -9.926154e+01
     vertex -1.220000e+02  5.050895e+02 -9.982001e+01
   endloop
 endfacet
 facet normal  1.000000e+00  6.266238e-15  4.802280e-16
   outer loop
     vertex -1.220000e+02  4.987225e+02 -9.547495e+01
     vertex -1.220000e+02  4.987390e+02 -9.569036e+01
     vertex -1.220000e+02  5.054997e+02 -9.513090e+01
   endloop
 endfacet
 facet normal  1.000000e+00  6.195743e-15  1.868851e-15
   outer loop
     vertex -1.220000e+02  4.986601e+02 -9.526811e+01
     vertex -1.220000e+02  4.987225e+02 -9.547495e+01
     vertex -1.220000e+02  5.054997e+02 -9.513090e+01
   endloop
 endfacet
 facet normal  1.000000e+00  2.847942e-15 -9.839748e-15
   outer loop
     vertex -1.220000e+02  4.727385e+02 -1.163284e+02
     vertex -1.220000e+02  4.746289e+02 -1.186697e+02
     vertex -1.220000e+02  4.763096e+02 -1.167390e+02
   endloop
 endfacet
 facet normal  1.000000e+00  0.000000e+00  0.000000e+00
   outer loop
     vertex -1.220000e+02  4.727385e+02 -1.163284e+02
     vertex -1.220000e+02  4.735981e+02 -1.196466e+02
     vertex -1.220000e+02  4.736954e+02 -1.193614e+02
   endloop
 endfacet
 facet normal  1.000000e+00  0.000000e+00  0.000000e+00
   outer loop
     vertex -1.220000e+02  4.727385e+02 -1.163284e+02
     vertex -1.220000e+02  4.736954e+02 -1.193614e+02
     vertex -1.220000e+02  4.738582e+02 -1.191078e+02
   endloop
 endfacet
 facet normal  1.000000e+00  0.000000e+00  0.000000e+00
   outer loop
     vertex -1.220000e+02  4.727385e+02 -1.163284e+02
     vertex -1.220000e+02  4.738582e+02 -1.191078e+02
     vertex -1.220000e+02  4.740769e+02 -1.189005e+02
   endloop
 endfacet
 facet normal  1.000000e+00  8.372480e-14  4.356759e-14
   outer loop
     vertex -1.220000e+02  4.727385e+02 -1.163284e+02
     vertex -1.220000e+02  4.740769e+02 -1.189005e+02
     vertex -1.220000e+02  4.743389e+02 -1.187516e+02
   endloop
 endfacet
 facet normal  1.000000e+00  2.791525e-15 -9.885300e-15
   outer loop
     vertex -1.220000e+02  4.727385e+02 -1.163284e+02
     vertex -1.220000e+02  4.743389e+02 -1.187516e+02
     vertex -1.220000e+02  4.746289e+02 -1.186697e+02
   endloop
 endfacet
 facet normal  1.000000e+00  0.000000e+00  0.000000e+00
   outer loop
     vertex -1.220000e+02  4.976898e+02 -9.427908e+01
     vertex -1.220000e+02  4.975659e+02 -9.467381e+01
     vertex -1.220000e+02  4.976524e+02 -9.466243e+01
   endloop
 endfacet
 facet normal  1.000000e+00  0.000000e+00  0.000000e+00
   outer loop
     vertex -1.220000e+02  4.976898e+02 -9.427908e+01
     vertex -1.220000e+02  4.976524e+02 -9.466243e+01
     vertex -1.220000e+02  4.977395e+02 -9.465862e+01
   endloop
 endfacet
 facet normal  1.000000e+00  0.000000e+00  0.000000e+00
   outer loop
     vertex -1.220000e+02  4.976898e+02 -9.427908e+01
     vertex -1.220000e+02  4.977395e+02 -9.465862e+01
     vertex -1.220000e+02  4.978267e+02 -9.466243e+01
   endloop
 endfacet
 facet normal  1.000000e+00  0.000000e+00  0.000000e+00
   outer loop
     vertex -1.220000e+02  4.976898e+02 -9.427908e+01
     vertex -1.220000e+02  4.978267e+02 -9.466243e+01
     vertex -1.220000e+02  4.980386e+02 -9.470440e+01
   endloop
 endfacet
 facet normal  1.000000e+00  0.000000e+00  0.000000e+00
   outer loop
     vertex -1.220000e+02  4.982460e+02 -9.373494e+01
     vertex -1.220000e+02  4.980386e+02 -9.470440e+01
     vertex -1.220000e+02  4.982366e+02 -9.479090e+01
   endloop
 endfacet
 facet normal  1.000000e+00  0.000000e+00  0.000000e+00
   outer loop
     vertex -1.220000e+02  4.982460e+02 -9.373494e+01
     vertex -1.220000e+02  4.982366e+02 -9.479090e+01
     vertex -1.220000e+02  4.984114e+02 -9.491791e+01
   endloop
 endfacet
 facet normal  1.000000e+00  0.000000e+00  0.000000e+00
   outer loop
     vertex -1.220000e+02  4.982460e+02 -9.373494e+01
     vertex -1.220000e+02  4.984114e+02 -9.491791e+01
     vertex -1.220000e+02  4.985548e+02 -9.507949e+01
   endloop
 endfacet
 facet normal  1.000000e+00  0.000000e+00  0.000000e+00
   outer loop
     vertex -1.220000e+02  4.982460e+02 -9.373494e+01
     vertex -1.220000e+02  4.976898e+02 -9.427908e+01
     vertex -1.220000e+02  4.980386e+02 -9.470440e+01
   endloop
 endfacet
 facet normal  1.000000e+00  0.000000e+00  0.000000e+00
   outer loop
     vertex -1.220000e+02  4.970203e+02 -9.467545e+01
     vertex -1.220000e+02  4.975659e+02 -9.467381e+01
     vertex -1.220000e+02  4.976898e+02 -9.427908e+01
   endloop
 endfacet
 facet normal  1.000000e+00  0.000000e+00  0.000000e+00
   outer loop
     vertex -1.220000e+02  4.986568e+02 -9.307419e+01
     vertex -1.220000e+02  4.985548e+02 -9.507949e+01
     vertex -1.220000e+02  4.986601e+02 -9.526811e+01
   endloop
 endfacet
 facet normal  1.000000e+00  6.233046e-15  9.358873e-18
   outer loop
     vertex -1.220000e+02  4.986568e+02 -9.307419e+01
     vertex -1.220000e+02  4.986601e+02 -9.526811e+01
     vertex -1.220000e+02  5.054997e+02 -9.513090e+01
   endloop
 endfacet
 facet normal  1.000000e+00  0.000000e+00  0.000000e+00
   outer loop
     vertex -1.220000e+02  4.986568e+02 -9.307419e+01
     vertex -1.220000e+02  4.982460e+02 -9.373494e+01
     vertex -1.220000e+02  4.985548e+02 -9.507949e+01
   endloop
 endfacet
 facet normal  1.000000e+00  6.680096e-15  5.226479e-16
   outer loop
     vertex -1.220000e+02  4.988989e+02 -9.233473e+01
     vertex -1.220000e+02  5.054997e+02 -9.513090e+01
     vertex -1.220000e+02  5.051325e+02 -9.043822e+01
   endloop
 endfacet
 facet normal  1.000000e+00  5.672181e-15 -1.856694e-15
   outer loop
     vertex -1.220000e+02  4.988989e+02 -9.233473e+01
     vertex -1.220000e+02  4.986568e+02 -9.307419e+01
     vertex -1.220000e+02  5.054997e+02 -9.513090e+01
   endloop
 endfacet
 facet normal  1.000000e+00  1.296398e-15  1.821834e-14
   outer loop
     vertex -1.220000e+02  4.989583e+02 -9.155892e+01
     vertex -1.220000e+02  4.988989e+02 -9.233473e+01
     vertex -1.220000e+02  5.051325e+02 -9.043822e+01
   endloop
 endfacet
 facet normal  1.000000e+00  7.731566e-15 -1.723491e-14
   outer loop
     vertex -1.220000e+02  4.988315e+02 -9.079124e+01
     vertex -1.220000e+02  4.989583e+02 -9.155892e+01
     vertex -1.220000e+02  5.051325e+02 -9.043822e+01
   endloop
 endfacet
 facet normal  1.000000e+00 -2.129881e-15 -2.131356e-15
   outer loop
     vertex -1.220000e+02  4.692837e+02 -1.153352e+02
     vertex -1.220000e+02  4.698768e+02 -1.225955e+02
     vertex -1.220000e+02  4.735981e+02 -1.196466e+02
   endloop
 endfacet
 facet normal  1.000000e+00  2.588775e-15 -1.745845e-15
   outer loop
     vertex -1.220000e+02  4.692837e+02 -1.153352e+02
     vertex -1.220000e+02  4.654319e+02 -1.210467e+02
     vertex -1.220000e+02  4.698768e+02 -1.225955e+02
   endloop
 endfacet
 facet normal  1.000000e+00  0.000000e+00  0.000000e+00
   outer loop
     vertex -1.220000e+02  4.692837e+02 -1.153352e+02
     vertex -1.220000e+02  4.735981e+02 -1.196466e+02
     vertex -1.220000e+02  4.727385e+02 -1.163284e+02
   endloop
 endfacet
 facet normal  1.000000e+00  6.607860e-15  2.821900e-15
   outer loop
     vertex -1.220000e+02  4.985259e+02 -9.007568e+01
     vertex -1.220000e+02  4.988315e+02 -9.079124e+01
     vertex -1.220000e+02  5.051325e+02 -9.043822e+01
   endloop
 endfacet
 facet normal  1.000000e+00  6.542168e-15  1.624764e-15
   outer loop
     vertex -1.220000e+02  4.985259e+02 -9.007568e+01
     vertex -1.220000e+02  5.051325e+02 -9.043822e+01
     vertex -1.220000e+02  5.039980e+02 -8.586997e+01
   endloop
 endfacet
 facet normal  1.000000e+00  3.507976e-15 -3.701608e-15
   outer loop
     vertex -1.220000e+02  5.006206e+02 -8.523158e+01
     vertex -1.220000e+02  5.004019e+02 -8.543887e+01
     vertex -1.220000e+02  5.039980e+02 -8.586997e+01
   endloop
 endfacet
 facet normal  1.000000e+00  3.263473e-15 -5.741161e-15
   outer loop
     vertex -1.220000e+02  5.001399e+02 -8.558778e+01
     vertex -1.220000e+02  5.039980e+02 -8.586997e+01
     vertex -1.220000e+02  5.004019e+02 -8.543887e+01
   endloop
 endfacet
 facet normal  1.000000e+00  4.040322e-15  4.879931e-15
   outer loop
     vertex -1.220000e+02  5.001399e+02 -8.558778e+01
     vertex -1.220000e+02  4.985259e+02 -9.007568e+01
     vertex -1.220000e+02  5.039980e+02 -8.586997e+01
   endloop
 endfacet
 facet normal  1.000000e+00  3.752433e-15 -2.408308e-15
   outer loop
     vertex -1.220000e+02  5.007834e+02 -8.497798e+01
     vertex -1.220000e+02  5.006206e+02 -8.523158e+01
     vertex -1.220000e+02  5.039980e+02 -8.586997e+01
   endloop
 endfacet
 facet normal  1.000000e+00 -1.990526e-15  7.048815e-15
   outer loop
     vertex -1.220000e+02  4.998499e+02 -8.566967e+01
     vertex -1.220000e+02  4.985259e+02 -9.007568e+01
     vertex -1.220000e+02  5.001399e+02 -8.558778e+01
   endloop
 endfacet
 facet normal  1.000000e+00  6.139775e-15  4.605685e-15
   outer loop
     vertex -1.220000e+02  4.998499e+02 -8.566967e+01
     vertex -1.220000e+02  4.980590e+02 -8.945327e+01
     vertex -1.220000e+02  4.985259e+02 -9.007568e+01
   endloop
 endfacet
 facet normal  1.000000e+00  0.000000e+00  0.000000e+00
   outer loop
     vertex -1.220000e+02  4.968436e+02 -8.810233e+01
     vertex -1.220000e+02  4.967560e+02 -8.862316e+01
     vertex -1.220000e+02  4.974576e+02 -8.895966e+01
   endloop
 endfacet
 facet normal  1.000000e+00  0.000000e+00  0.000000e+00
   outer loop
     vertex -1.220000e+02  4.970088e+02 -8.795452e+01
     vertex -1.220000e+02  4.968436e+02 -8.810233e+01
     vertex -1.220000e+02  4.974576e+02 -8.895966e+01
   endloop
 endfacet
 facet normal  1.000000e+00 -8.592320e-15 -4.689724e-14
   outer loop
     vertex -1.220000e+02  5.008807e+02 -8.469279e+01
     vertex -1.220000e+02  5.007834e+02 -8.497798e+01
     vertex -1.220000e+02  5.039980e+02 -8.586997e+01
   endloop
 endfacet
 facet normal  1.000000e+00 -0.000000e+00  0.000000e+00
   outer loop
     vertex -1.220000e+02  4.966499e+02 -8.821011e+01
     vertex -1.220000e+02  4.967560e+02 -8.862316e+01
     vertex -1.220000e+02  4.968436e+02 -8.810233e+01
   endloop
 endfacet
 facet normal  1.000000e+00  0.000000e+00  0.000000e+00
   outer loop
     vertex -1.220000e+02  4.971374e+02 -8.777395e+01
     vertex -1.220000e+02  4.970088e+02 -8.795452e+01
     vertex -1.220000e+02  4.974576e+02 -8.895966e+01
   endloop
 endfacet
 facet normal  1.000000e+00  4.769091e-14 -1.506175e-14
   outer loop
     vertex -1.220000e+02  4.995488e+02 -8.567979e+01
     vertex -1.220000e+02  4.980590e+02 -8.945327e+01
     vertex -1.220000e+02  4.998499e+02 -8.566967e+01
   endloop
 endfacet
 facet normal  1.000000e+00  0.000000e+00  0.000000e+00
   outer loop
     vertex -1.220000e+02  4.660397e+02 -1.137865e+02
     vertex -1.220000e+02  4.654319e+02 -1.210467e+02
     vertex -1.220000e+02  4.692837e+02 -1.153352e+02
   endloop
 endfacet
 facet normal  1.000000e+00  3.290693e-15 -2.754702e-16
   outer loop
     vertex -1.220000e+02  4.660397e+02 -1.137865e+02
     vertex -1.220000e+02  4.613026e+02 -1.187874e+02
     vertex -1.220000e+02  4.654319e+02 -1.210467e+02
   endloop
 endfacet
 facet normal  1.000000e+00 -0.000000e+00  0.000000e+00
   outer loop
     vertex -1.220000e+02  4.964372e+02 -8.827256e+01
     vertex -1.220000e+02  4.967560e+02 -8.862316e+01
     vertex -1.220000e+02  4.966499e+02 -8.821011e+01
   endloop
 endfacet
 facet normal  1.000000e+00  0.000000e+00  0.000000e+00
   outer loop
     vertex -1.220000e+02  4.972230e+02 -8.756948e+01
     vertex -1.220000e+02  4.974576e+02 -8.895966e+01
     vertex -1.220000e+02  4.980590e+02 -8.945327e+01
   endloop
 endfacet
 facet normal  1.000000e+00  0.000000e+00  0.000000e+00
   outer loop
     vertex -1.220000e+02  4.972230e+02 -8.756948e+01
     vertex -1.220000e+02  4.971374e+02 -8.777395e+01
     vertex -1.220000e+02  4.974576e+02 -8.895966e+01
   endloop
 endfacet
 facet normal  1.000000e+00  8.825870e-15 -7.721636e-16
   outer loop
     vertex -1.220000e+02  5.009070e+02 -8.439260e+01
     vertex -1.220000e+02  5.008807e+02 -8.469279e+01
     vertex -1.220000e+02  5.039980e+02 -8.586997e+01
   endloop
 endfacet
 facet normal  1.000000e+00 -0.000000e+00  0.000000e+00
   outer loop
     vertex -1.220000e+02  4.959946e+02 -8.846305e+01
     vertex -1.220000e+02  4.967560e+02 -8.862316e+01
     vertex -1.220000e+02  4.964372e+02 -8.827256e+01
   endloop
 endfacet
 facet normal  1.000000e+00  4.864519e-15  1.845534e-15
   outer loop
     vertex -1.220000e+02  4.972615e+02 -8.735117e+01
     vertex -1.220000e+02  4.980590e+02 -8.945327e+01
     vertex -1.220000e+02  4.995488e+02 -8.567979e+01
   endloop
 endfacet
 facet normal  1.000000e+00  0.000000e+00  0.000000e+00
   outer loop
     vertex -1.220000e+02  4.972615e+02 -8.735117e+01
     vertex -1.220000e+02  4.972230e+02 -8.756948e+01
     vertex -1.220000e+02  4.980590e+02 -8.945327e+01
   endloop
 endfacet
 facet normal  1.000000e+00  1.392851e-15  6.596384e-15
   outer loop
     vertex -1.220000e+02  4.992539e+02 -8.561753e+01
     vertex -1.220000e+02  4.972615e+02 -8.735117e+01
     vertex -1.220000e+02  4.995488e+02 -8.567979e+01
   endloop
 endfacet
 facet normal  1.000000e+00 -4.554905e-14  1.058286e-13
   outer loop
     vertex -1.220000e+02  4.957113e+02 -8.845068e+01
     vertex -1.220000e+02  4.959946e+02 -8.846305e+01
     vertex -1.220000e+02  4.964372e+02 -8.827256e+01
   endloop
 endfacet
 facet normal  1.000000e+00  6.848642e-15  3.263129e-16
   outer loop
     vertex -1.220000e+02  4.972510e+02 -8.712974e+01
     vertex -1.220000e+02  4.972615e+02 -8.735117e+01
     vertex -1.220000e+02  4.992539e+02 -8.561753e+01
   endloop
 endfacet
 facet normal  1.000000e+00  9.933871e-15  1.546039e-15
   outer loop
     vertex -1.220000e+02  5.008606e+02 -8.409484e+01
     vertex -1.220000e+02  5.009070e+02 -8.439260e+01
     vertex -1.220000e+02  5.039980e+02 -8.586997e+01
   endloop
 endfacet
 facet normal  1.000000e+00  2.767238e-15  5.732161e-15
   outer loop
     vertex -1.220000e+02  4.989825e+02 -8.548652e+01
     vertex -1.220000e+02  4.972510e+02 -8.712974e+01
     vertex -1.220000e+02  4.992539e+02 -8.561753e+01
   endloop
 endfacet
 facet normal  1.000000e+00  6.501186e-15  1.797470e-15
   outer loop
     vertex -1.220000e+02  4.971919e+02 -8.691608e+01
     vertex -1.220000e+02  4.972510e+02 -8.712974e+01
     vertex -1.220000e+02  4.989825e+02 -8.548652e+01
   endloop
 endfacet
 facet normal  1.000000e+00  3.409576e-14 -3.276694e-14
   outer loop
     vertex -1.220000e+02  4.987504e+02 -8.529438e+01
     vertex -1.220000e+02  4.971919e+02 -8.691608e+01
     vertex -1.220000e+02  4.989825e+02 -8.548652e+01
   endloop
 endfacet
 facet normal  1.000000e+00  0.000000e+00  0.000000e+00
   outer loop
     vertex -1.220000e+02  4.985710e+02 -8.505226e+01
     vertex -1.220000e+02  4.971919e+02 -8.691608e+01
     vertex -1.220000e+02  4.987504e+02 -8.529438e+01
   endloop
 endfacet
 facet normal  1.000000e+00  0.000000e+00  0.000000e+00
   outer loop
     vertex -1.220000e+02  4.984547e+02 -8.477425e+01
     vertex -1.220000e+02  4.971919e+02 -8.691608e+01
     vertex -1.220000e+02  4.985710e+02 -8.505226e+01
   endloop
 endfacet
 facet normal  1.000000e+00 -3.546295e-15 -4.284391e-15
   outer loop
     vertex -1.220000e+02  5.021270e+02 -8.155076e+01
     vertex -1.220000e+02  5.003329e+02 -8.338256e+01
     vertex -1.220000e+02  5.005650e+02 -8.357471e+01
   endloop
 endfacet
 facet normal  1.000000e+00 -4.641352e-15 -3.439244e-15
   outer loop
     vertex -1.220000e+02  5.021270e+02 -8.155076e+01
     vertex -1.220000e+02  5.005650e+02 -8.357471e+01
     vertex -1.220000e+02  5.007444e+02 -8.381682e+01
   endloop
 endfacet
 facet normal  1.000000e+00 -5.580710e-14  2.777965e-14
   outer loop
     vertex -1.220000e+02  5.021270e+02 -8.155076e+01
     vertex -1.220000e+02  5.007444e+02 -8.381682e+01
     vertex -1.220000e+02  5.008606e+02 -8.409484e+01
   endloop
 endfacet
 facet normal  1.000000e+00  7.068346e-15 -3.518480e-15
   outer loop
     vertex -1.220000e+02  5.021270e+02 -8.155076e+01
     vertex -1.220000e+02  5.008606e+02 -8.409484e+01
     vertex -1.220000e+02  5.039980e+02 -8.586997e+01
   endloop
 endfacet
 facet normal  1.000000e+00 -2.542810e-15 -5.267271e-15
   outer loop
     vertex -1.220000e+02  5.000615e+02 -8.325156e+01
     vertex -1.220000e+02  5.003329e+02 -8.338256e+01
     vertex -1.220000e+02  5.021270e+02 -8.155076e+01
   endloop
 endfacet
 facet normal  1.000000e+00 -1.404191e-15 -6.650088e-15
   outer loop
     vertex -1.220000e+02  4.997666e+02 -8.318930e+01
     vertex -1.220000e+02  5.000615e+02 -8.325156e+01
     vertex -1.220000e+02  5.021270e+02 -8.155076e+01
   endloop
 endfacet
 facet normal  1.000000e+00  6.999343e-15 -3.788538e-15
   outer loop
     vertex -1.220000e+02  4.630951e+02 -1.117247e+02
     vertex -1.220000e+02  4.613026e+02 -1.187874e+02
     vertex -1.220000e+02  4.660397e+02 -1.137865e+02
   endloop
 endfacet
 facet normal  1.000000e+00  5.084218e-15 -3.302478e-15
   outer loop
     vertex -1.220000e+02  4.576014e+02 -1.158793e+02
     vertex -1.220000e+02  4.613026e+02 -1.187874e+02
     vertex -1.220000e+02  4.630951e+02 -1.117247e+02
   endloop
 endfacet
 facet normal  1.000000e+00 -4.967993e-15 -7.731843e-16
   outer loop
     vertex -1.220000e+02  4.953745e+02 -8.336209e+01
     vertex -1.220000e+02  4.984547e+02 -8.477425e+01
     vertex -1.220000e+02  4.984084e+02 -8.447649e+01
   endloop
 endfacet
 facet normal  1.000000e+00 -4.538153e-15  3.970370e-16
   outer loop
     vertex -1.220000e+02  4.953745e+02 -8.336209e+01
     vertex -1.220000e+02  4.984084e+02 -8.447649e+01
     vertex -1.220000e+02  4.984347e+02 -8.417630e+01
   endloop
 endfacet
 facet normal  1.000000e+00 -4.257174e-15  1.453088e-15
   outer loop
     vertex -1.220000e+02  4.953745e+02 -8.336209e+01
     vertex -1.220000e+02  4.984347e+02 -8.417630e+01
     vertex -1.220000e+02  4.985320e+02 -8.389111e+01
   endloop
 endfacet
 facet normal  1.000000e+00 -4.063667e-15  2.608057e-15
   outer loop
     vertex -1.220000e+02  4.953745e+02 -8.336209e+01
     vertex -1.220000e+02  4.985320e+02 -8.389111e+01
     vertex -1.220000e+02  4.986948e+02 -8.363750e+01
   endloop
 endfacet
 facet normal  1.000000e+00 -3.935533e-15  4.152766e-15
   outer loop
     vertex -1.220000e+02  4.953745e+02 -8.336209e+01
     vertex -1.220000e+02  4.986948e+02 -8.363750e+01
     vertex -1.220000e+02  4.989135e+02 -8.343022e+01
   endloop
 endfacet
 facet normal  1.000000e+00 -3.631812e-15  2.141344e-15
   outer loop
     vertex -1.220000e+02  4.953745e+02 -8.336209e+01
     vertex -1.220000e+02  4.971919e+02 -8.691608e+01
     vertex -1.220000e+02  4.984547e+02 -8.477425e+01
   endloop
 endfacet
 facet normal  1.000000e+00  5.647763e-14 -3.927578e-15
   outer loop
     vertex -1.220000e+02  4.995707e+02 -7.759842e+01
     vertex -1.220000e+02  4.989135e+02 -8.343022e+01
     vertex -1.220000e+02  4.991755e+02 -8.328131e+01
   endloop
 endfacet
 facet normal  1.000000e+00  0.000000e+00  0.000000e+00
   outer loop
     vertex -1.220000e+02  4.995707e+02 -7.759842e+01
     vertex -1.220000e+02  4.991755e+02 -8.328131e+01
     vertex -1.220000e+02  4.994655e+02 -8.319941e+01
   endloop
 endfacet
 facet normal  1.000000e+00  4.721496e-14 -8.868087e-16
   outer loop
     vertex -1.220000e+02  4.995707e+02 -7.759842e+01
     vertex -1.220000e+02  4.994655e+02 -8.319941e+01
     vertex -1.220000e+02  4.997666e+02 -8.318930e+01
   endloop
 endfacet
 facet normal  1.000000e+00 -3.959979e-15  2.883029e-15
   outer loop
     vertex -1.220000e+02  4.995707e+02 -7.759842e+01
     vertex -1.220000e+02  4.953745e+02 -8.336209e+01
     vertex -1.220000e+02  4.989135e+02 -8.343022e+01
   endloop
 endfacet
 facet normal  1.000000e+00 -4.154975e-15 -2.687433e-15
   outer loop
     vertex -1.220000e+02  4.995707e+02 -7.759842e+01
     vertex -1.220000e+02  4.997666e+02 -8.318930e+01
     vertex -1.220000e+02  5.021270e+02 -8.155076e+01
   endloop
 endfacet
 facet normal  1.000000e+00 -9.491551e-16  4.675646e-15
   outer loop
     vertex -1.220000e+02  4.605303e+02 -1.092060e+02
     vertex -1.220000e+02  4.576014e+02 -1.158793e+02
     vertex -1.220000e+02  4.630951e+02 -1.117247e+02
   endloop
 endfacet
 facet normal  1.000000e+00  5.998183e-15 -4.366927e-15
   outer loop
     vertex -1.220000e+02  4.929382e+02 -8.020008e+01
     vertex -1.220000e+02  4.953745e+02 -8.336209e+01
     vertex -1.220000e+02  4.995707e+02 -7.759842e+01
   endloop
 endfacet
 facet normal  1.000000e+00  1.278659e-16  4.202938e-15
   outer loop
     vertex -1.220000e+02  4.544293e+02 -1.124016e+02
     vertex -1.220000e+02  4.576014e+02 -1.158793e+02
     vertex -1.220000e+02  4.605303e+02 -1.092060e+02
   endloop
 endfacet
 facet normal  1.000000e+00  4.336551e-15 -1.308747e-16
   outer loop
     vertex -1.220000e+02  4.963986e+02 -7.412075e+01
     vertex -1.220000e+02  4.929382e+02 -8.020008e+01
     vertex -1.220000e+02  4.995707e+02 -7.759842e+01
   endloop
 endfacet
 facet normal  1.000000e+00 -1.778628e-15  3.349992e-15
   outer loop
     vertex -1.220000e+02  4.899650e+02 -7.753658e+01
     vertex -1.220000e+02  4.929382e+02 -8.020008e+01
     vertex -1.220000e+02  4.963986e+02 -7.412075e+01
   endloop
 endfacet
 facet normal  1.000000e+00  2.475393e-15 -2.789477e-16
   outer loop
     vertex -1.220000e+02  4.550865e+02 -1.065698e+02
     vertex -1.220000e+02  4.544293e+02 -1.124016e+02
     vertex -1.220000e+02  4.605303e+02 -1.092060e+02
   endloop
 endfacet
 facet normal  1.000000e+00 -3.280530e-15 -1.216480e-14
   outer loop
     vertex -1.220000e+02  4.550865e+02 -1.065698e+02
     vertex -1.220000e+02  4.605303e+02 -1.092060e+02
     vertex -1.220000e+02  4.584154e+02 -1.062993e+02
   endloop
 endfacet
 facet normal  1.000000e+00 -4.669337e-15  4.927074e-15
   outer loop
     vertex -1.220000e+02  4.553052e+02 -1.063625e+02
     vertex -1.220000e+02  4.550865e+02 -1.065698e+02
     vertex -1.220000e+02  4.584154e+02 -1.062993e+02
   endloop
 endfacet
 facet normal  1.000000e+00 -0.000000e+00  0.000000e+00
   outer loop
     vertex -1.220000e+02  4.548245e+02 -1.067187e+02
     vertex -1.220000e+02  4.544293e+02 -1.124016e+02
     vertex -1.220000e+02  4.550865e+02 -1.065698e+02
   endloop
 endfacet
 facet normal  1.000000e+00 -4.629590e-15  2.971266e-15
   outer loop
     vertex -1.220000e+02  4.554680e+02 -1.061089e+02
     vertex -1.220000e+02  4.553052e+02 -1.063625e+02
     vertex -1.220000e+02  4.584154e+02 -1.062993e+02
   endloop
 endfacet
 facet normal  1.000000e+00 -0.000000e+00  0.000000e+00
   outer loop
     vertex -1.220000e+02  4.545345e+02 -1.068006e+02
     vertex -1.220000e+02  4.544293e+02 -1.124016e+02
     vertex -1.220000e+02  4.548245e+02 -1.067187e+02
   endloop
 endfacet
 facet normal  1.000000e+00 -4.717514e-15  1.610214e-15
   outer loop
     vertex -1.220000e+02  4.555653e+02 -1.058237e+02
     vertex -1.220000e+02  4.554680e+02 -1.061089e+02
     vertex -1.220000e+02  4.584154e+02 -1.062993e+02
   endloop
 endfacet
 facet normal  1.000000e+00  9.442992e-14 -1.773617e-15
   outer loop
     vertex -1.220000e+02  4.542334e+02 -1.068107e+02
     vertex -1.220000e+02  4.544293e+02 -1.124016e+02
     vertex -1.220000e+02  4.545345e+02 -1.068006e+02
   endloop
 endfacet
 facet normal  1.000000e+00 -4.914464e-15  4.299598e-16
   outer loop
     vertex -1.220000e+02  4.555916e+02 -1.055235e+02
     vertex -1.220000e+02  4.555653e+02 -1.058237e+02
     vertex -1.220000e+02  4.584154e+02 -1.062993e+02
   endloop
 endfacet
 facet normal  1.000000e+00  3.445081e-15 -4.962827e-15
   outer loop
     vertex -1.220000e+02  4.518730e+02 -1.084492e+02
     vertex -1.220000e+02  4.544293e+02 -1.124016e+02
     vertex -1.220000e+02  4.542334e+02 -1.068107e+02
   endloop
 endfacet
 facet normal  1.000000e+00  0.000000e+00  0.000000e+00
   outer loop
     vertex -1.220000e+02  4.518730e+02 -1.084492e+02
     vertex -1.220000e+02  4.542334e+02 -1.068107e+02
     vertex -1.220000e+02  4.539385e+02 -1.067484e+02
   endloop
 endfacet
 facet normal  1.000000e+00 -5.257380e-15 -8.182225e-16
   outer loop
     vertex -1.220000e+02  4.555453e+02 -1.052258e+02
     vertex -1.220000e+02  4.555916e+02 -1.055235e+02
     vertex -1.220000e+02  4.584154e+02 -1.062993e+02
   endloop
 endfacet
 facet normal  1.000000e+00  0.000000e+00  0.000000e+00
   outer loop
     vertex -1.220000e+02  4.536671e+02 -1.066174e+02
     vertex -1.220000e+02  4.518730e+02 -1.084492e+02
     vertex -1.220000e+02  4.539385e+02 -1.067484e+02
   endloop
 endfacet
 facet normal  1.000000e+00  0.000000e+00  0.000000e+00
   outer loop
     vertex -1.220000e+02  4.534350e+02 -1.064253e+02
     vertex -1.220000e+02  4.518730e+02 -1.084492e+02
     vertex -1.220000e+02  4.536671e+02 -1.066174e+02
   endloop
 endfacet
 facet normal  1.000000e+00  0.000000e+00  0.000000e+00
   outer loop
     vertex -1.220000e+02  4.532556e+02 -1.061832e+02
     vertex -1.220000e+02  4.518730e+02 -1.084492e+02
     vertex -1.220000e+02  4.534350e+02 -1.064253e+02
   endloop
 endfacet
 facet normal  1.000000e+00 -5.148517e-15 -3.815053e-15
   outer loop
     vertex -1.220000e+02  4.568081e+02 -1.030839e+02
     vertex -1.220000e+02  4.552496e+02 -1.047056e+02
     vertex -1.220000e+02  4.554290e+02 -1.049477e+02
   endloop
 endfacet
 facet normal  1.000000e+00 -6.583819e-15 -2.753032e-15
   outer loop
     vertex -1.220000e+02  4.568081e+02 -1.030839e+02
     vertex -1.220000e+02  4.554290e+02 -1.049477e+02
     vertex -1.220000e+02  4.555453e+02 -1.052258e+02
   endloop
 endfacet
 facet normal  1.000000e+00 -6.089987e-15 -3.044199e-15
   outer loop
     vertex -1.220000e+02  4.568081e+02 -1.030839e+02
     vertex -1.220000e+02  4.555453e+02 -1.052258e+02
     vertex -1.220000e+02  4.584154e+02 -1.062993e+02
   endloop
 endfacet
 facet normal  1.000000e+00 -4.039777e-15 -4.880583e-15
   outer loop
     vertex -1.220000e+02  4.550175e+02 -1.045135e+02
     vertex -1.220000e+02  4.552496e+02 -1.047056e+02
     vertex -1.220000e+02  4.568081e+02 -1.030839e+02
   endloop
 endfacet
 facet normal  1.000000e+00  0.000000e+00  0.000000e+00
   outer loop
     vertex -1.220000e+02  4.531394e+02 -1.059052e+02
     vertex -1.220000e+02  4.518730e+02 -1.084492e+02
     vertex -1.220000e+02  4.532556e+02 -1.061832e+02
   endloop
 endfacet
 facet normal  1.000000e+00 -6.501186e-15 -1.797470e-15
   outer loop
     vertex -1.220000e+02  4.567490e+02 -1.028703e+02
     vertex -1.220000e+02  4.550175e+02 -1.045135e+02
     vertex -1.220000e+02  4.568081e+02 -1.030839e+02
   endloop
 endfacet
 facet normal  1.000000e+00 -2.767238e-15 -5.732161e-15
   outer loop
     vertex -1.220000e+02  4.547461e+02 -1.043825e+02
     vertex -1.220000e+02  4.550175e+02 -1.045135e+02
     vertex -1.220000e+02  4.567490e+02 -1.028703e+02
   endloop
 endfacet
 facet normal  1.000000e+00 -6.848642e-15 -3.263129e-16
   outer loop
     vertex -1.220000e+02  4.567385e+02 -1.026488e+02
     vertex -1.220000e+02  4.547461e+02 -1.043825e+02
     vertex -1.220000e+02  4.567490e+02 -1.028703e+02
   endloop
 endfacet
 facet normal  1.000000e+00  0.000000e+00  0.000000e+00
   outer loop
     vertex -1.220000e+02  4.575628e+02 -1.017274e+02
     vertex -1.220000e+02  4.582887e+02 -1.015493e+02
     vertex -1.220000e+02  4.580054e+02 -1.015369e+02
   endloop
 endfacet
 facet normal  1.000000e+00 -1.392851e-15 -6.596384e-15
   outer loop
     vertex -1.220000e+02  4.544513e+02 -1.043202e+02
     vertex -1.220000e+02  4.547461e+02 -1.043825e+02
     vertex -1.220000e+02  4.567385e+02 -1.026488e+02
   endloop
 endfacet
 facet normal  1.000000e+00  0.000000e+00  0.000000e+00
   outer loop
     vertex -1.220000e+02  4.572440e+02 -1.013768e+02
     vertex -1.220000e+02  4.571564e+02 -1.018977e+02
     vertex -1.220000e+02  4.573501e+02 -1.017899e+02
   endloop
 endfacet
 facet normal  1.000000e+00  0.000000e+00  0.000000e+00
   outer loop
     vertex -1.220000e+02  4.572440e+02 -1.013768e+02
     vertex -1.220000e+02  4.573501e+02 -1.017899e+02
     vertex -1.220000e+02  4.575628e+02 -1.017274e+02
   endloop
 endfacet
 facet normal  1.000000e+00  0.000000e+00  0.000000e+00
   outer loop
     vertex -1.220000e+02  4.572440e+02 -1.013768e+02
     vertex -1.220000e+02  4.575628e+02 -1.017274e+02
     vertex -1.220000e+02  4.580054e+02 -1.015369e+02
   endloop
 endfacet
 facet normal  1.000000e+00  1.548262e-15 -2.916105e-15
   outer loop
     vertex -1.220000e+02  4.926974e+02 -7.121260e+01
     vertex -1.220000e+02  4.899650e+02 -7.753658e+01
     vertex -1.220000e+02  4.963986e+02 -7.412075e+01
   endloop
 endfacet
 facet normal  1.000000e+00  0.000000e+00  0.000000e+00
   outer loop
     vertex -1.220000e+02  4.565424e+02 -1.010403e+02
     vertex -1.220000e+02  4.567770e+02 -1.024305e+02
     vertex -1.220000e+02  4.568626e+02 -1.022261e+02
   endloop
 endfacet
 facet normal  1.000000e+00  0.000000e+00  0.000000e+00
   outer loop
     vertex -1.220000e+02  4.565424e+02 -1.010403e+02
     vertex -1.220000e+02  4.568626e+02 -1.022261e+02
     vertex -1.220000e+02  4.569912e+02 -1.020455e+02
   endloop
 endfacet
 facet normal  1.000000e+00  0.000000e+00  0.000000e+00
   outer loop
     vertex -1.220000e+02  4.565424e+02 -1.010403e+02
     vertex -1.220000e+02  4.569912e+02 -1.020455e+02
     vertex -1.220000e+02  4.571564e+02 -1.018977e+02
   endloop
 endfacet
 facet normal  1.000000e+00  0.000000e+00  0.000000e+00
   outer loop
     vertex -1.220000e+02  4.565424e+02 -1.010403e+02
     vertex -1.220000e+02  4.571564e+02 -1.018977e+02
     vertex -1.220000e+02  4.572440e+02 -1.013768e+02
   endloop
 endfacet
 facet normal  1.000000e+00  5.516793e-15 -4.630809e-15
   outer loop
     vertex -1.220000e+02  4.865552e+02 -7.546128e+01
     vertex -1.220000e+02  4.899650e+02 -7.753658e+01
     vertex -1.220000e+02  4.926974e+02 -7.121260e+01
   endloop
 endfacet
 facet normal  1.000000e+00 -1.216532e-14  2.144963e-15
   outer loop
     vertex -1.220000e+02  4.559410e+02 -1.005467e+02
     vertex -1.220000e+02  4.567385e+02 -1.026488e+02
     vertex -1.220000e+02  4.567770e+02 -1.024305e+02
   endloop
 endfacet
 facet normal  1.000000e+00 -2.742445e-14 -4.626837e-15
   outer loop
     vertex -1.220000e+02  4.559410e+02 -1.005467e+02
     vertex -1.220000e+02  4.567770e+02 -1.024305e+02
     vertex -1.220000e+02  4.565424e+02 -1.010403e+02
   endloop
 endfacet
 facet normal  1.000000e+00  9.563811e-14 -3.775665e-14
   outer loop
     vertex -1.220000e+02  4.559410e+02 -1.005467e+02
     vertex -1.220000e+02  4.541501e+02 -1.043303e+02
     vertex -1.220000e+02  4.544513e+02 -1.043202e+02
   endloop
 endfacet
 facet normal  1.000000e+00 -8.732311e-15  3.447400e-15
   outer loop
     vertex -1.220000e+02  4.559410e+02 -1.005467e+02
     vertex -1.220000e+02  4.544513e+02 -1.043202e+02
     vertex -1.220000e+02  4.567385e+02 -1.026488e+02
   endloop
 endfacet
 facet normal  1.000000e+00  6.139775e-15  4.605685e-15
   outer loop
     vertex -1.220000e+02  4.554741e+02 -9.992432e+01
     vertex -1.220000e+02  4.541501e+02 -1.043303e+02
     vertex -1.220000e+02  4.559410e+02 -1.005467e+02
   endloop
 endfacet
 facet normal  1.000000e+00 -1.990526e-15  7.048815e-15
   outer loop
     vertex -1.220000e+02  4.554741e+02 -9.992432e+01
     vertex -1.220000e+02  4.538601e+02 -1.044122e+02
     vertex -1.220000e+02  4.541501e+02 -1.043303e+02
   endloop
 endfacet
 facet normal  1.000000e+00  4.513340e-16  6.170645e-15
   outer loop
     vertex -1.220000e+02  4.500020e+02 -1.041300e+02
     vertex -1.220000e+02  4.538601e+02 -1.044122e+02
     vertex -1.220000e+02  4.554741e+02 -9.992432e+01
   endloop
 endfacet
 facet normal  1.000000e+00  0.000000e+00  0.000000e+00
   outer loop
     vertex -1.220000e+02  4.500020e+02 -1.041300e+02
     vertex -1.220000e+02  4.531394e+02 -1.059052e+02
     vertex -1.220000e+02  4.530930e+02 -1.056074e+02
   endloop
 endfacet
 facet normal  1.000000e+00  0.000000e+00  0.000000e+00
   outer loop
     vertex -1.220000e+02  4.500020e+02 -1.041300e+02
     vertex -1.220000e+02  4.530930e+02 -1.056074e+02
     vertex -1.220000e+02  4.531193e+02 -1.053072e+02
   endloop
 endfacet
 facet normal  1.000000e+00  0.000000e+00  0.000000e+00
   outer loop
     vertex -1.220000e+02  4.500020e+02 -1.041300e+02
     vertex -1.220000e+02  4.531193e+02 -1.053072e+02
     vertex -1.220000e+02  4.532166e+02 -1.050220e+02
   endloop
 endfacet
 facet normal  1.000000e+00  0.000000e+00  0.000000e+00
   outer loop
     vertex -1.220000e+02  4.500020e+02 -1.041300e+02
     vertex -1.220000e+02  4.532166e+02 -1.050220e+02
     vertex -1.220000e+02  4.533794e+02 -1.047684e+02
   endloop
 endfacet
 facet normal  1.000000e+00  0.000000e+00  0.000000e+00
   outer loop
     vertex -1.220000e+02  4.500020e+02 -1.041300e+02
     vertex -1.220000e+02  4.533794e+02 -1.047684e+02
     vertex -1.220000e+02  4.535981e+02 -1.045611e+02
   endloop
 endfacet
 facet normal  1.000000e+00  0.000000e+00  0.000000e+00
   outer loop
     vertex -1.220000e+02  4.500020e+02 -1.041300e+02
     vertex -1.220000e+02  4.535981e+02 -1.045611e+02
     vertex -1.220000e+02  4.538601e+02 -1.044122e+02
   endloop
 endfacet
 facet normal  1.000000e+00  0.000000e+00  0.000000e+00
   outer loop
     vertex -1.220000e+02  4.500020e+02 -1.041300e+02
     vertex -1.220000e+02  4.518730e+02 -1.084492e+02
     vertex -1.220000e+02  4.531394e+02 -1.059052e+02
   endloop
 endfacet
 facet normal  1.000000e+00  3.407861e-15 -1.054050e-15
   outer loop
     vertex -1.220000e+02  4.885681e+02 -6.895332e+01
     vertex -1.220000e+02  4.828235e+02 -7.404410e+01
     vertex -1.220000e+02  4.865552e+02 -7.546128e+01
   endloop
 endfacet
 facet normal  1.000000e+00  2.943324e-15 -9.103687e-16
   outer loop
     vertex -1.220000e+02  4.885681e+02 -6.895332e+01
     vertex -1.220000e+02  4.865552e+02 -7.546128e+01
     vertex -1.220000e+02  4.926974e+02 -7.121260e+01
   endloop
 endfacet
 facet normal  1.000000e+00  1.078433e-16 -3.603522e-14
   outer loop
     vertex -1.220000e+02  4.564341e+02 -9.532619e+01
     vertex -1.220000e+02  4.563102e+02 -9.572092e+01
     vertex -1.220000e+02  4.569797e+02 -9.532455e+01
   endloop
 endfacet
 facet normal  1.000000e+00 -6.320836e-14 -1.615717e-14
   outer loop
     vertex -1.220000e+02  4.562129e+02 -9.534025e+01
     vertex -1.220000e+02  4.563102e+02 -9.572092e+01
     vertex -1.220000e+02  4.564341e+02 -9.532619e+01
   endloop
 endfacet
 facet normal  1.000000e+00  0.000000e+00  0.000000e+00
   outer loop
     vertex -1.220000e+02  4.559940e+02 -9.530522e+01
     vertex -1.220000e+02  4.557540e+02 -9.626506e+01
     vertex -1.220000e+02  4.563102e+02 -9.572092e+01
   endloop
 endfacet
 facet normal  1.000000e+00  0.000000e+00  0.000000e+00
   outer loop
     vertex -1.220000e+02  4.559940e+02 -9.530522e+01
     vertex -1.220000e+02  4.563102e+02 -9.572092e+01
     vertex -1.220000e+02  4.562129e+02 -9.534025e+01
   endloop
 endfacet
 facet normal  1.000000e+00  0.000000e+00  0.000000e+00
   outer loop
     vertex -1.220000e+02  4.557882e+02 -9.522283e+01
     vertex -1.220000e+02  4.557540e+02 -9.626506e+01
     vertex -1.220000e+02  4.559940e+02 -9.530522e+01
   endloop
 endfacet
 facet normal  1.000000e+00  0.000000e+00  0.000000e+00
   outer loop
     vertex -1.220000e+02  4.556056e+02 -9.509712e+01
     vertex -1.220000e+02  4.557540e+02 -9.626506e+01
     vertex -1.220000e+02  4.557882e+02 -9.522283e+01
   endloop
 endfacet
 facet normal  1.000000e+00  0.000000e+00  0.000000e+00
   outer loop
     vertex -1.220000e+02  4.554552e+02 -9.493428e+01
     vertex -1.220000e+02  4.553432e+02 -9.692581e+01
     vertex -1.220000e+02  4.557540e+02 -9.626506e+01
   endloop
 endfacet
 facet normal  1.000000e+00  0.000000e+00  0.000000e+00
   outer loop
     vertex -1.220000e+02  4.554552e+02 -9.493428e+01
     vertex -1.220000e+02  4.557540e+02 -9.626506e+01
     vertex -1.220000e+02  4.556056e+02 -9.509712e+01
   endloop
 endfacet
 facet normal  1.000000e+00  0.000000e+00  0.000000e+00
   outer loop
     vertex -1.220000e+02  4.553443e+02 -9.474230e+01
     vertex -1.220000e+02  4.553432e+02 -9.692581e+01
     vertex -1.220000e+02  4.554552e+02 -9.493428e+01
   endloop
 endfacet
 facet normal  1.000000e+00  6.369108e-15 -1.529005e-15
   outer loop
     vertex -1.220000e+02  4.488675e+02 -9.956178e+01
     vertex -1.220000e+02  4.500020e+02 -1.041300e+02
     vertex -1.220000e+02  4.554741e+02 -9.992432e+01
   endloop
 endfacet
 facet normal  1.000000e+00  6.607860e-15  2.821900e-15
   outer loop
     vertex -1.220000e+02  4.488675e+02 -9.956178e+01
     vertex -1.220000e+02  4.554741e+02 -9.992432e+01
     vertex -1.220000e+02  4.551685e+02 -9.920876e+01
   endloop
 endfacet
 facet normal  1.000000e+00  6.703949e-15  1.106826e-15
   outer loop
     vertex -1.220000e+02  4.488675e+02 -9.956178e+01
     vertex -1.220000e+02  4.551685e+02 -9.920876e+01
     vertex -1.220000e+02  4.550417e+02 -9.844108e+01
   endloop
 endfacet
 facet normal  1.000000e+00  7.002088e-15 -5.357081e-16
   outer loop
     vertex -1.220000e+02  4.488675e+02 -9.956178e+01
     vertex -1.220000e+02  4.550417e+02 -9.844108e+01
     vertex -1.220000e+02  4.551011e+02 -9.766527e+01
   endloop
 endfacet
 facet normal  1.000000e+00 -0.000000e+00  0.000000e+00
   outer loop
     vertex -1.220000e+02  4.763629e+02 -7.442453e+01
     vertex -1.220000e+02  4.766738e+02 -7.443410e+01
     vertex -1.220000e+02  4.766598e+02 -7.421287e+01
   endloop
 endfacet
 facet normal  1.000000e+00  0.000000e+00  0.000000e+00
   outer loop
     vertex -1.220000e+02  4.763629e+02 -7.442453e+01
     vertex -1.220000e+02  4.767033e+02 -7.504493e+01
     vertex -1.220000e+02  4.766738e+02 -7.443410e+01
   endloop
 endfacet
 facet normal  1.000000e+00  0.000000e+00  0.000000e+00
   outer loop
     vertex -1.220000e+02  4.766948e+02 -7.399398e+01
     vertex -1.220000e+02  4.763629e+02 -7.442453e+01
     vertex -1.220000e+02  4.766598e+02 -7.421287e+01
   endloop
 endfacet
 facet normal  1.000000e+00  5.467215e-15  1.021101e-14
   outer loop
     vertex -1.220000e+02  4.799231e+02 -7.109945e+01
     vertex -1.220000e+02  4.788956e+02 -7.333277e+01
     vertex -1.220000e+02  4.828235e+02 -7.404410e+01
   endloop
 endfacet
 facet normal  1.000000e+00 -2.365494e-15  2.496064e-15
   outer loop
     vertex -1.220000e+02  4.801418e+02 -7.089217e+01
     vertex -1.220000e+02  4.799231e+02 -7.109945e+01
     vertex -1.220000e+02  4.828235e+02 -7.404410e+01
   endloop
 endfacet
 facet normal  1.000000e+00  6.365867e-14 -1.656060e-14
   outer loop
     vertex -1.220000e+02  4.796611e+02 -7.124837e+01
     vertex -1.220000e+02  4.788956e+02 -7.333277e+01
     vertex -1.220000e+02  4.799231e+02 -7.109945e+01
   endloop
 endfacet
 facet normal  1.000000e+00 -3.020656e-15  1.938654e-15
   outer loop
     vertex -1.220000e+02  4.803046e+02 -7.063857e+01
     vertex -1.220000e+02  4.801418e+02 -7.089217e+01
     vertex -1.220000e+02  4.828235e+02 -7.404410e+01
   endloop
 endfacet
 facet normal  1.000000e+00  2.992962e-15 -5.858651e-16
   outer loop
     vertex -1.220000e+02  4.841232e+02 -6.740452e+01
     vertex -1.220000e+02  4.828235e+02 -7.404410e+01
     vertex -1.220000e+02  4.885681e+02 -6.895332e+01
   endloop
 endfacet
 facet normal  1.000000e+00 -2.148037e-15  7.606591e-15
   outer loop
     vertex -1.220000e+02  4.793711e+02 -7.133026e+01
     vertex -1.220000e+02  4.788956e+02 -7.333277e+01
     vertex -1.220000e+02  4.796611e+02 -7.124837e+01
   endloop
 endfacet
 facet normal  1.000000e+00 -3.860291e-15  1.317621e-15
   outer loop
     vertex -1.220000e+02  4.804019e+02 -7.035338e+01
     vertex -1.220000e+02  4.803046e+02 -7.063857e+01
     vertex -1.220000e+02  4.828235e+02 -7.404410e+01
   endloop
 endfacet
 facet normal  1.000000e+00 -4.519995e-15  8.847781e-16
   outer loop
     vertex -1.220000e+02  4.804019e+02 -7.035338e+01
     vertex -1.220000e+02  4.828235e+02 -7.404410e+01
     vertex -1.220000e+02  4.841232e+02 -6.740452e+01
   endloop
 endfacet
 facet normal  1.000000e+00  0.000000e+00  0.000000e+00
   outer loop
     vertex -1.220000e+02  4.790699e+02 -7.134038e+01
     vertex -1.220000e+02  4.784943e+02 -7.330140e+01
     vertex -1.220000e+02  4.788956e+02 -7.333277e+01
   endloop
 endfacet
 facet normal  1.000000e+00  4.732420e-14 -4.140331e-15
   outer loop
     vertex -1.220000e+02  4.790699e+02 -7.134038e+01
     vertex -1.220000e+02  4.788956e+02 -7.333277e+01
     vertex -1.220000e+02  4.793711e+02 -7.133026e+01
   endloop
 endfacet
 facet normal  1.000000e+00 -1.693677e-14  6.780539e-15
   outer loop
     vertex -1.220000e+02  4.758964e+02 -7.389250e+01
     vertex -1.220000e+02  4.766948e+02 -7.399398e+01
     vertex -1.220000e+02  4.767772e+02 -7.378818e+01
   endloop
 endfacet
 facet normal  1.000000e+00 -1.756602e-14  1.209346e-14
   outer loop
     vertex -1.220000e+02  4.758964e+02 -7.389250e+01
     vertex -1.220000e+02  4.767772e+02 -7.378818e+01
     vertex -1.220000e+02  4.769029e+02 -7.360559e+01
   endloop
 endfacet
 facet normal  1.000000e+00 -1.621055e-14  1.249446e-14
   outer loop
     vertex -1.220000e+02  4.758964e+02 -7.389250e+01
     vertex -1.220000e+02  4.763629e+02 -7.442453e+01
     vertex -1.220000e+02  4.766948e+02 -7.399398e+01
   endloop
 endfacet
 facet normal  1.000000e+00 -4.103343e-15  3.589960e-16
   outer loop
     vertex -1.220000e+02  4.804282e+02 -7.005319e+01
     vertex -1.220000e+02  4.804019e+02 -7.035338e+01
     vertex -1.220000e+02  4.841232e+02 -6.740452e+01
   endloop
 endfacet
 facet normal  1.000000e+00  0.000000e+00  0.000000e+00
   outer loop
     vertex -1.220000e+02  4.787751e+02 -7.127812e+01
     vertex -1.220000e+02  4.780925e+02 -7.327746e+01
     vertex -1.220000e+02  4.784943e+02 -7.330140e+01
   endloop
 endfacet
 facet normal  1.000000e+00  0.000000e+00  0.000000e+00
   outer loop
     vertex -1.220000e+02  4.787751e+02 -7.127812e+01
     vertex -1.220000e+02  4.784943e+02 -7.330140e+01
     vertex -1.220000e+02  4.790699e+02 -7.134038e+01
   endloop
 endfacet
 facet normal  1.000000e+00 -3.459997e-15 -5.384901e-16
   outer loop
     vertex -1.220000e+02  4.803818e+02 -6.975543e+01
     vertex -1.220000e+02  4.804282e+02 -7.005319e+01
     vertex -1.220000e+02  4.841232e+02 -6.740452e+01
   endloop
 endfacet
 facet normal  1.000000e+00  0.000000e+00  0.000000e+00
   outer loop
     vertex -1.220000e+02  4.785037e+02 -7.114711e+01
     vertex -1.220000e+02  4.776904e+02 -7.326096e+01
     vertex -1.220000e+02  4.780925e+02 -7.327746e+01
   endloop
 endfacet
 facet normal  1.000000e+00  0.000000e+00  0.000000e+00
   outer loop
     vertex -1.220000e+02  4.785037e+02 -7.114711e+01
     vertex -1.220000e+02  4.780925e+02 -7.327746e+01
     vertex -1.220000e+02  4.787751e+02 -7.127812e+01
   endloop
 endfacet
 facet normal  1.000000e+00 -3.008006e-15 -1.257802e-15
   outer loop
     vertex -1.220000e+02  4.802656e+02 -6.947741e+01
     vertex -1.220000e+02  4.803818e+02 -6.975543e+01
     vertex -1.220000e+02  4.841232e+02 -6.740452e+01
   endloop
 endfacet
 facet normal  1.000000e+00 -8.264123e-15  8.947325e-15
   outer loop
     vertex -1.220000e+02  4.753257e+02 -7.347407e+01
     vertex -1.220000e+02  4.769029e+02 -7.360559e+01
     vertex -1.220000e+02  4.770657e+02 -7.345518e+01
   endloop
 endfacet
 facet normal  1.000000e+00 -8.323502e-15  1.441702e-14
   outer loop
     vertex -1.220000e+02  4.753257e+02 -7.347407e+01
     vertex -1.220000e+02  4.770657e+02 -7.345518e+01
     vertex -1.220000e+02  4.772577e+02 -7.334434e+01
   endloop
 endfacet
 facet normal  1.000000e+00 -1.016643e-14 -1.386526e-14
   outer loop
     vertex -1.220000e+02  4.753257e+02 -7.347407e+01
     vertex -1.220000e+02  4.758964e+02 -7.389250e+01
     vertex -1.220000e+02  4.769029e+02 -7.360559e+01
   endloop
 endfacet
 facet normal  1.000000e+00  0.000000e+00  0.000000e+00
   outer loop
     vertex -1.220000e+02  4.782716e+02 -7.095497e+01
     vertex -1.220000e+02  4.774694e+02 -7.327852e+01
     vertex -1.220000e+02  4.776904e+02 -7.326096e+01
   endloop
 endfacet
 facet normal  1.000000e+00  0.000000e+00  0.000000e+00
   outer loop
     vertex -1.220000e+02  4.782716e+02 -7.095497e+01
     vertex -1.220000e+02  4.776904e+02 -7.326096e+01
     vertex -1.220000e+02  4.785037e+02 -7.114711e+01
   endloop
 endfacet
 facet normal  1.000000e+00 -2.634774e-15 -1.952369e-15
   outer loop
     vertex -1.220000e+02  4.800862e+02 -6.923530e+01
     vertex -1.220000e+02  4.802656e+02 -6.947741e+01
     vertex -1.220000e+02  4.841232e+02 -6.740452e+01
   endloop
 endfacet
 facet normal  1.000000e+00  0.000000e+00  0.000000e+00
   outer loop
     vertex -1.220000e+02  4.780922e+02 -7.071285e+01
     vertex -1.220000e+02  4.772577e+02 -7.334434e+01
     vertex -1.220000e+02  4.774694e+02 -7.327852e+01
   endloop
 endfacet
 facet normal  1.000000e+00 -7.515484e-15  2.383288e-15
   outer loop
     vertex -1.220000e+02  4.780922e+02 -7.071285e+01
     vertex -1.220000e+02  4.753257e+02 -7.347407e+01
     vertex -1.220000e+02  4.772577e+02 -7.334434e+01
   endloop
 endfacet
 facet normal  1.000000e+00  0.000000e+00  0.000000e+00
   outer loop
     vertex -1.220000e+02  4.780922e+02 -7.071285e+01
     vertex -1.220000e+02  4.774694e+02 -7.327852e+01
     vertex -1.220000e+02  4.782716e+02 -7.095497e+01
   endloop
 endfacet
 facet normal  1.000000e+00 -3.624189e-15 -1.515459e-15
   outer loop
     vertex -1.220000e+02  4.779759e+02 -7.043484e+01
     vertex -1.220000e+02  4.753257e+02 -7.347407e+01
     vertex -1.220000e+02  4.780922e+02 -7.071285e+01
   endloop
 endfacet
 facet normal  1.000000e+00 -1.486890e-15 -3.379214e-15
   outer loop
     vertex -1.220000e+02  4.746780e+02 -7.318907e+01
     vertex -1.220000e+02  4.753257e+02 -7.347407e+01
     vertex -1.220000e+02  4.779759e+02 -7.043484e+01
   endloop
 endfacet
 facet normal  1.000000e+00  6.680096e-15  5.226479e-16
   outer loop
     vertex -1.220000e+02  4.485003e+02 -9.486910e+01
     vertex -1.220000e+02  4.488675e+02 -9.956178e+01
     vertex -1.220000e+02  4.551011e+02 -9.766527e+01
   endloop
 endfacet
 facet normal  1.000000e+00  5.672181e-15 -1.856694e-15
   outer loop
     vertex -1.220000e+02  4.485003e+02 -9.486910e+01
     vertex -1.220000e+02  4.551011e+02 -9.766527e+01
     vertex -1.220000e+02  4.553432e+02 -9.692581e+01
   endloop
 endfacet
 facet normal  1.000000e+00  6.193471e-15  1.925747e-15
   outer loop
     vertex -1.220000e+02  4.485003e+02 -9.486910e+01
     vertex -1.220000e+02  4.553443e+02 -9.474230e+01
     vertex -1.220000e+02  4.552785e+02 -9.453062e+01
   endloop
 endfacet
 facet normal  1.000000e+00  6.264769e-15  4.979730e-16
   outer loop
     vertex -1.220000e+02  4.485003e+02 -9.486910e+01
     vertex -1.220000e+02  4.552785e+02 -9.453062e+01
     vertex -1.220000e+02  4.552610e+02 -9.430964e+01
   endloop
 endfacet
 facet normal  1.000000e+00  6.229213e-15 -3.396352e-18
   outer loop
     vertex -1.220000e+02  4.485003e+02 -9.486910e+01
     vertex -1.220000e+02  4.553432e+02 -9.692581e+01
     vertex -1.220000e+02  4.553443e+02 -9.474230e+01
   endloop
 endfacet
 facet normal  1.000000e+00 -3.813346e-15 -5.934830e-16
   outer loop
     vertex -1.220000e+02  4.779296e+02 -7.013708e+01
     vertex -1.220000e+02  4.746780e+02 -7.318907e+01
     vertex -1.220000e+02  4.779759e+02 -7.043484e+01
   endloop
 endfacet
 facet normal  1.000000e+00  1.613092e-14 -2.184228e-14
   outer loop
     vertex -1.220000e+02  4.739839e+02 -7.305102e+01
     vertex -1.220000e+02  4.746780e+02 -7.318907e+01
     vertex -1.220000e+02  4.779296e+02 -7.013708e+01
   endloop
 endfacet
 facet normal  1.000000e+00 -0.000000e+00  0.000000e+00
   outer loop
     vertex -1.220000e+02  4.702726e+02 -7.556282e+01
     vertex -1.220000e+02  4.704555e+02 -7.611148e+01
     vertex -1.220000e+02  4.705805e+02 -7.537921e+01
   endloop
 endfacet
 facet normal  1.000000e+00  0.000000e+00  0.000000e+00
   outer loop
     vertex -1.220000e+02  4.702116e+02 -7.535378e+01
     vertex -1.220000e+02  4.702726e+02 -7.556282e+01
     vertex -1.220000e+02  4.705805e+02 -7.537921e+01
   endloop
 endfacet
 facet normal  1.000000e+00  0.000000e+00  0.000000e+00
   outer loop
     vertex -1.220000e+02  4.701069e+02 -7.516289e+01
     vertex -1.220000e+02  4.702116e+02 -7.535378e+01
     vertex -1.220000e+02  4.705805e+02 -7.537921e+01
   endloop
 endfacet
 facet normal  1.000000e+00 -0.000000e+00  0.000000e+00
   outer loop
     vertex -1.220000e+02  4.701069e+02 -7.516289e+01
     vertex -1.220000e+02  4.705805e+02 -7.537921e+01
     vertex -1.220000e+02  4.708685e+02 -7.469445e+01
   endloop
 endfacet
 facet normal  1.000000e+00  3.468393e-14 -5.639289e-14
   outer loop
     vertex -1.220000e+02  4.699633e+02 -7.499919e+01
     vertex -1.220000e+02  4.701069e+02 -7.516289e+01
     vertex -1.220000e+02  4.708685e+02 -7.469445e+01
   endloop
 endfacet
 facet normal  1.000000e+00  1.075923e-14  1.467374e-14
   outer loop
     vertex -1.220000e+02  4.697878e+02 -7.487044e+01
     vertex -1.220000e+02  4.699633e+02 -7.499919e+01
     vertex -1.220000e+02  4.708685e+02 -7.469445e+01
   endloop
 endfacet
 facet normal  1.000000e+00 -9.663198e-16 -5.631398e-15
   outer loop
     vertex -1.220000e+02  4.794839e+02 -6.660845e+01
     vertex -1.220000e+02  4.800862e+02 -6.923530e+01
     vertex -1.220000e+02  4.841232e+02 -6.740452e+01
   endloop
 endfacet
 facet normal  1.000000e+00  0.000000e+00  0.000000e+00
   outer loop
     vertex -1.220000e+02  4.794839e+02 -6.660845e+01
     vertex -1.220000e+02  4.792878e+02 -6.884989e+01
     vertex -1.220000e+02  4.795827e+02 -6.891215e+01
   endloop
 endfacet
 facet normal  1.000000e+00  0.000000e+00  0.000000e+00
   outer loop
     vertex -1.220000e+02  4.794839e+02 -6.660845e+01
     vertex -1.220000e+02  4.795827e+02 -6.891215e+01
     vertex -1.220000e+02  4.798541e+02 -6.904315e+01
   endloop
 endfacet
 facet normal  1.000000e+00  7.002937e-14  1.064559e-14
   outer loop
     vertex -1.220000e+02  4.794839e+02 -6.660845e+01
     vertex -1.220000e+02  4.798541e+02 -6.904315e+01
     vertex -1.220000e+02  4.800862e+02 -6.923530e+01
   endloop
 endfacet
 facet normal  1.000000e+00 -4.283262e-15  7.535192e-15
   outer loop
     vertex -1.220000e+02  4.794839e+02 -6.660845e+01
     vertex -1.220000e+02  4.784347e+02 -6.909081e+01
     vertex -1.220000e+02  4.786967e+02 -6.894190e+01
   endloop
 endfacet
 facet normal  1.000000e+00 -1.900894e-15  6.731414e-15
   outer loop
     vertex -1.220000e+02  4.794839e+02 -6.660845e+01
     vertex -1.220000e+02  4.786967e+02 -6.894190e+01
     vertex -1.220000e+02  4.789867e+02 -6.886000e+01
   endloop
 endfacet
 facet normal  1.000000e+00  4.732420e-14 -4.140331e-15
   outer loop
     vertex -1.220000e+02  4.794839e+02 -6.660845e+01
     vertex -1.220000e+02  4.789867e+02 -6.886000e+01
     vertex -1.220000e+02  4.792878e+02 -6.884989e+01
   endloop
 endfacet
 facet normal  1.000000e+00  9.597055e-15  2.181097e-14
   outer loop
     vertex -1.220000e+02  4.695885e+02 -7.478275e+01
     vertex -1.220000e+02  4.697878e+02 -7.487044e+01
     vertex -1.220000e+02  4.708685e+02 -7.469445e+01
   endloop
 endfacet
 facet normal  1.000000e+00  1.340131e-14 -3.334131e-14
   outer loop
     vertex -1.220000e+02  4.695885e+02 -7.478275e+01
     vertex -1.220000e+02  4.708685e+02 -7.469445e+01
     vertex -1.220000e+02  4.713045e+02 -7.409298e+01
   endloop
 endfacet
 facet normal  1.000000e+00  4.451589e-14 -1.107517e-13
   outer loop
     vertex -1.220000e+02  4.693749e+02 -7.474027e+01
     vertex -1.220000e+02  4.695885e+02 -7.478275e+01
     vertex -1.220000e+02  4.713045e+02 -7.409298e+01
   endloop
 endfacet
 facet normal  1.000000e+00  1.977057e-16  2.136516e-14
   outer loop
     vertex -1.220000e+02  4.692191e+02 -7.473883e+01
     vertex -1.220000e+02  4.693749e+02 -7.474027e+01
     vertex -1.220000e+02  4.713045e+02 -7.409298e+01
   endloop
 endfacet
 facet normal  1.000000e+00  1.059810e-14 -1.221862e-14
   outer loop
     vertex -1.220000e+02  4.692191e+02 -7.473883e+01
     vertex -1.220000e+02  4.713045e+02 -7.409298e+01
     vertex -1.220000e+02  4.718657e+02 -7.360623e+01
   endloop
 endfacet
 facet normal  1.000000e+00  6.351966e-15 -5.557250e-16
   outer loop
     vertex -1.220000e+02  4.489105e+02 -9.017999e+01
     vertex -1.220000e+02  4.485003e+02 -9.486910e+01
     vertex -1.220000e+02  4.552610e+02 -9.430964e+01
   endloop
 endfacet
 facet normal  1.000000e+00  6.246308e-15 -7.182015e-16
   outer loop
     vertex -1.220000e+02  4.489105e+02 -9.017999e+01
     vertex -1.220000e+02  4.552610e+02 -9.430964e+01
     vertex -1.220000e+02  4.556716e+02 -9.073846e+01
   endloop
 endfacet
 facet normal  1.000000e+00  0.000000e+00  0.000000e+00
   outer loop
     vertex -1.220000e+02  4.574841e+02 -8.145763e+01
     vertex -1.220000e+02  4.572654e+02 -8.166491e+01
     vertex -1.220000e+02  4.582135e+02 -8.403969e+01
   endloop
 endfacet
 facet normal  1.000000e+00  9.822330e-15  2.774437e-15
   outer loop
     vertex -1.220000e+02  4.574841e+02 -8.145763e+01
     vertex -1.220000e+02  4.582135e+02 -8.403969e+01
     vertex -1.220000e+02  4.602753e+02 -8.109508e+01
   endloop
 endfacet
 facet normal  1.000000e+00 -0.000000e+00  0.000000e+00
   outer loop
     vertex -1.220000e+02  4.570034e+02 -8.181383e+01
     vertex -1.220000e+02  4.582135e+02 -8.403969e+01
     vertex -1.220000e+02  4.572654e+02 -8.166491e+01
   endloop
 endfacet
 facet normal  1.000000e+00  1.110879e-14 -7.129610e-15
   outer loop
     vertex -1.220000e+02  4.576469e+02 -8.120402e+01
     vertex -1.220000e+02  4.574841e+02 -8.145763e+01
     vertex -1.220000e+02  4.602753e+02 -8.109508e+01
   endloop
 endfacet
 facet normal  1.000000e+00 -0.000000e+00  0.000000e+00
   outer loop
     vertex -1.220000e+02  4.567134e+02 -8.189572e+01
     vertex -1.220000e+02  4.582135e+02 -8.403969e+01
     vertex -1.220000e+02  4.570034e+02 -8.181383e+01
   endloop
 endfacet
 facet normal  1.000000e+00  1.096845e-14 -3.743827e-15
   outer loop
     vertex -1.220000e+02  4.577442e+02 -8.091884e+01
     vertex -1.220000e+02  4.576469e+02 -8.120402e+01
     vertex -1.220000e+02  4.602753e+02 -8.109508e+01
   endloop
 endfacet
 facet normal  1.000000e+00  1.914099e-14 -1.498139e-16
   outer loop
     vertex -1.220000e+02  4.747770e+02 -6.658683e+01
     vertex -1.220000e+02  4.732414e+02 -7.307128e+01
     vertex -1.220000e+02  4.739839e+02 -7.305102e+01
   endloop
 endfacet
 facet normal  1.000000e+00  2.624279e-17  5.713644e-15
   outer loop
     vertex -1.220000e+02  4.747770e+02 -6.658683e+01
     vertex -1.220000e+02  4.784347e+02 -6.909081e+01
     vertex -1.220000e+02  4.794839e+02 -6.660845e+01
   endloop
 endfacet
 facet normal  1.000000e+00 -1.785308e-15  2.417419e-15
   outer loop
     vertex -1.220000e+02  4.747770e+02 -6.658683e+01
     vertex -1.220000e+02  4.739839e+02 -7.305102e+01
     vertex -1.220000e+02  4.779296e+02 -7.013708e+01
   endloop
 endfacet
 facet normal  1.000000e+00 -4.103343e-15  3.589960e-16
   outer loop
     vertex -1.220000e+02  4.747770e+02 -6.658683e+01
     vertex -1.220000e+02  4.779296e+02 -7.013708e+01
     vertex -1.220000e+02  4.779559e+02 -6.983688e+01
   endloop
 endfacet
 facet normal  1.000000e+00 -3.313924e-15  1.131131e-15
   outer loop
     vertex -1.220000e+02  4.747770e+02 -6.658683e+01
     vertex -1.220000e+02  4.779559e+02 -6.983688e+01
     vertex -1.220000e+02  4.780532e+02 -6.955170e+01
   endloop
 endfacet
 facet normal  1.000000e+00 -2.743893e-15  1.761028e-15
   outer loop
     vertex -1.220000e+02  4.747770e+02 -6.658683e+01
     vertex -1.220000e+02  4.780532e+02 -6.955170e+01
     vertex -1.220000e+02  4.782160e+02 -6.929809e+01
   endloop
 endfacet
 facet normal  1.000000e+00 -2.255721e-15  2.380231e-15
   outer loop
     vertex -1.220000e+02  4.747770e+02 -6.658683e+01
     vertex -1.220000e+02  4.782160e+02 -6.929809e+01
     vertex -1.220000e+02  4.784347e+02 -6.909081e+01
   endloop
 endfacet
 facet normal  1.000000e+00 -0.000000e+00  0.000000e+00
   outer loop
     vertex -1.220000e+02  4.564123e+02 -8.190583e+01
     vertex -1.220000e+02  4.582135e+02 -8.403969e+01
     vertex -1.220000e+02  4.567134e+02 -8.189572e+01
   endloop
 endfacet
 facet normal  1.000000e+00  1.116114e-14 -9.764732e-16
   outer loop
     vertex -1.220000e+02  4.577705e+02 -8.061864e+01
     vertex -1.220000e+02  4.577442e+02 -8.091884e+01
     vertex -1.220000e+02  4.602753e+02 -8.109508e+01
   endloop
 endfacet
 facet normal  1.000000e+00 -5.865248e-14 -4.950910e-14
   outer loop
     vertex -1.220000e+02  4.561174e+02 -8.184358e+01
     vertex -1.220000e+02  4.582135e+02 -8.403969e+01
     vertex -1.220000e+02  4.564123e+02 -8.190583e+01
   endloop
 endfacet
 facet normal  1.000000e+00 -4.519323e-15  2.157513e-15
   outer loop
     vertex -1.220000e+02  4.561174e+02 -8.184358e+01
     vertex -1.220000e+02  4.566648e+02 -8.728369e+01
     vertex -1.220000e+02  4.582135e+02 -8.403969e+01
   endloop
 endfacet
 facet normal  1.000000e+00  1.169302e-14  1.819821e-15
   outer loop
     vertex -1.220000e+02  4.577242e+02 -8.032088e+01
     vertex -1.220000e+02  4.577705e+02 -8.061864e+01
     vertex -1.220000e+02  4.602753e+02 -8.109508e+01
   endloop
 endfacet
 facet normal  1.000000e+00  1.325457e-15  2.745601e-15
   outer loop
     vertex -1.220000e+02  4.558460e+02 -8.171257e+01
     vertex -1.220000e+02  4.566648e+02 -8.728369e+01
     vertex -1.220000e+02  4.561174e+02 -8.184358e+01
   endloop
 endfacet
 facet normal  1.000000e+00  1.275994e-14  5.335585e-15
   outer loop
     vertex -1.220000e+02  4.576079e+02 -8.004287e+01
     vertex -1.220000e+02  4.577242e+02 -8.032088e+01
     vertex -1.220000e+02  4.602753e+02 -8.109508e+01
   endloop
 endfacet
 facet normal  1.000000e+00  6.104733e-15 -1.153572e-14
   outer loop
     vertex -1.220000e+02  4.576079e+02 -8.004287e+01
     vertex -1.220000e+02  4.602753e+02 -8.109508e+01
     vertex -1.220000e+02  4.627940e+02 -7.853028e+01
   endloop
 endfacet
 facet normal  1.000000e+00  2.253220e-15  1.669637e-15
   outer loop
     vertex -1.220000e+02  4.574285e+02 -7.980075e+01
     vertex -1.220000e+02  4.576079e+02 -8.004287e+01
     vertex -1.220000e+02  4.627940e+02 -7.853028e+01
   endloop
 endfacet
 facet normal  1.000000e+00  6.426169e-15  1.459262e-15
   outer loop
     vertex -1.220000e+02  4.500870e+02 -8.562236e+01
     vertex -1.220000e+02  4.489105e+02 -9.017999e+01
     vertex -1.220000e+02  4.556716e+02 -9.073846e+01
   endloop
 endfacet
 facet normal  1.000000e+00  2.912796e-15  2.978880e-15
   outer loop
     vertex -1.220000e+02  4.500870e+02 -8.562236e+01
     vertex -1.220000e+02  4.566648e+02 -8.728369e+01
     vertex -1.220000e+02  4.558460e+02 -8.171257e+01
   endloop
 endfacet
 facet normal  1.000000e+00  1.045602e-15 -4.413997e-15
   outer loop
     vertex -1.220000e+02  4.500870e+02 -8.562236e+01
     vertex -1.220000e+02  4.556716e+02 -9.073846e+01
     vertex -1.220000e+02  4.566648e+02 -8.728369e+01
   endloop
 endfacet
 facet normal  1.000000e+00  2.441537e-15  3.804868e-15
   outer loop
     vertex -1.220000e+02  4.701306e+02 -6.734025e+01
     vertex -1.220000e+02  4.732414e+02 -7.307128e+01
     vertex -1.220000e+02  4.747770e+02 -6.658683e+01
   endloop
 endfacet
 facet normal  1.000000e+00  3.932800e-15  3.356948e-15
   outer loop
     vertex -1.220000e+02  4.701306e+02 -6.734025e+01
     vertex -1.220000e+02  4.692191e+02 -7.473883e+01
     vertex -1.220000e+02  4.718657e+02 -7.360623e+01
   endloop
 endfacet
 facet normal  1.000000e+00 -1.043895e-15  1.978877e-15
   outer loop
     vertex -1.220000e+02  4.701306e+02 -6.734025e+01
     vertex -1.220000e+02  4.718657e+02 -7.360623e+01
     vertex -1.220000e+02  4.725228e+02 -7.325963e+01
   endloop
 endfacet
 facet normal  1.000000e+00 -5.689912e-16  2.170795e-15
   outer loop
     vertex -1.220000e+02  4.701306e+02 -6.734025e+01
     vertex -1.220000e+02  4.725228e+02 -7.325963e+01
     vertex -1.220000e+02  4.732414e+02 -7.307128e+01
   endloop
 endfacet
 facet normal  1.000000e+00  7.065514e-15 -3.137996e-15
   outer loop
     vertex -1.220000e+02  4.519976e+02 -8.132052e+01
     vertex -1.220000e+02  4.500870e+02 -8.562236e+01
     vertex -1.220000e+02  4.558460e+02 -8.171257e+01
   endloop
 endfacet
 facet normal  1.000000e+00  8.421671e-15  1.017449e-14
   outer loop
     vertex -1.220000e+02  4.519976e+02 -8.132052e+01
     vertex -1.220000e+02  4.558460e+02 -8.171257e+01
     vertex -1.220000e+02  4.556139e+02 -8.152042e+01
   endloop
 endfacet
 facet normal  1.000000e+00  8.194919e-15  6.072438e-15
   outer loop
     vertex -1.220000e+02  4.519976e+02 -8.132052e+01
     vertex -1.220000e+02  4.556139e+02 -8.152042e+01
     vertex -1.220000e+02  4.554345e+02 -8.127831e+01
   endloop
 endfacet
 facet normal  1.000000e+00  8.227247e-15  3.440234e-15
   outer loop
     vertex -1.220000e+02  4.519976e+02 -8.132052e+01
     vertex -1.220000e+02  4.554345e+02 -8.127831e+01
     vertex -1.220000e+02  4.553182e+02 -8.100029e+01
   endloop
 endfacet
 facet normal  1.000000e+00  8.432445e-15  1.312368e-15
   outer loop
     vertex -1.220000e+02  4.519976e+02 -8.132052e+01
     vertex -1.220000e+02  4.553182e+02 -8.100029e+01
     vertex -1.220000e+02  4.552719e+02 -8.070254e+01
   endloop
 endfacet
 facet normal  1.000000e+00  8.825870e-15 -7.721636e-16
   outer loop
     vertex -1.220000e+02  4.519976e+02 -8.132052e+01
     vertex -1.220000e+02  4.552719e+02 -8.070254e+01
     vertex -1.220000e+02  4.552982e+02 -8.040234e+01
   endloop
 endfacet
 facet normal  1.000000e+00  9.514486e-15 -3.247550e-15
   outer loop
     vertex -1.220000e+02  4.519976e+02 -8.132052e+01
     vertex -1.220000e+02  4.552982e+02 -8.040234e+01
     vertex -1.220000e+02  4.553955e+02 -8.011715e+01
   endloop
 endfacet
 facet normal  1.000000e+00 -4.411201e-15 -1.692518e-17
   outer loop
     vertex -1.220000e+02  4.656717e+02 -6.884815e+01
     vertex -1.220000e+02  4.657007e+02 -7.641537e+01
     vertex -1.220000e+02  4.689161e+02 -7.480810e+01
   endloop
 endfacet
 facet normal  1.000000e+00 -6.366300e-16  2.037831e-15
   outer loop
     vertex -1.220000e+02  4.656717e+02 -6.884815e+01
     vertex -1.220000e+02  4.689161e+02 -7.480810e+01
     vertex -1.220000e+02  4.690649e+02 -7.476162e+01
   endloop
 endfacet
 facet normal  1.000000e+00 -3.274887e-16  2.215218e-15
   outer loop
     vertex -1.220000e+02  4.656717e+02 -6.884815e+01
     vertex -1.220000e+02  4.690649e+02 -7.476162e+01
     vertex -1.220000e+02  4.692191e+02 -7.473883e+01
   endloop
 endfacet
 facet normal  1.000000e+00  1.970021e-15  3.598783e-15
   outer loop
     vertex -1.220000e+02  4.656717e+02 -6.884815e+01
     vertex -1.220000e+02  4.692191e+02 -7.473883e+01
     vertex -1.220000e+02  4.701306e+02 -6.734025e+01
   endloop
 endfacet
 facet normal  1.000000e+00  7.571940e-15  2.237621e-15
   outer loop
     vertex -1.220000e+02  4.545901e+02 -7.739182e+01
     vertex -1.220000e+02  4.519976e+02 -8.132052e+01
     vertex -1.220000e+02  4.553955e+02 -8.011715e+01
   endloop
 endfacet
 facet normal  1.000000e+00  0.000000e+00  0.000000e+00
   outer loop
     vertex -1.220000e+02  4.545901e+02 -7.739182e+01
     vertex -1.220000e+02  4.553955e+02 -8.011715e+01
     vertex -1.220000e+02  4.555583e+02 -7.986355e+01
   endloop
 endfacet
 facet normal  1.000000e+00  0.000000e+00  0.000000e+00
   outer loop
     vertex -1.220000e+02  4.545901e+02 -7.739182e+01
     vertex -1.220000e+02  4.555583e+02 -7.986355e+01
     vertex -1.220000e+02  4.557770e+02 -7.965627e+01
   endloop
 endfacet
 facet normal  1.000000e+00  0.000000e+00  0.000000e+00
   outer loop
     vertex -1.220000e+02  4.545901e+02 -7.739182e+01
     vertex -1.220000e+02  4.557770e+02 -7.965627e+01
     vertex -1.220000e+02  4.560390e+02 -7.950735e+01
   endloop
 endfacet
 facet normal  1.000000e+00  0.000000e+00  0.000000e+00
   outer loop
     vertex -1.220000e+02  4.545901e+02 -7.739182e+01
     vertex -1.220000e+02  4.560390e+02 -7.950735e+01
     vertex -1.220000e+02  4.563290e+02 -7.942546e+01
   endloop
 endfacet
 facet normal  1.000000e+00 -4.586833e-14 -3.921928e-14
   outer loop
     vertex -1.220000e+02  4.545901e+02 -7.739182e+01
     vertex -1.220000e+02  4.563290e+02 -7.942546e+01
     vertex -1.220000e+02  4.566301e+02 -7.941535e+01
   endloop
 endfacet
 facet normal  1.000000e+00  8.698651e-15  1.483328e-15
   outer loop
     vertex -1.220000e+02  4.615217e+02 -7.106941e+01
     vertex -1.220000e+02  4.627940e+02 -7.853028e+01
     vertex -1.220000e+02  4.657007e+02 -7.641537e+01
   endloop
 endfacet
 facet normal  1.000000e+00  6.834653e-15  2.622364e-17
   outer loop
     vertex -1.220000e+02  4.615217e+02 -7.106941e+01
     vertex -1.220000e+02  4.657007e+02 -7.641537e+01
     vertex -1.220000e+02  4.656717e+02 -6.884815e+01
   endloop
 endfacet
 facet normal  1.000000e+00  2.688287e-15 -1.677461e-16
   outer loop
     vertex -1.220000e+02  4.577940e+02 -7.394343e+01
     vertex -1.220000e+02  4.574285e+02 -7.980075e+01
     vertex -1.220000e+02  4.627940e+02 -7.853028e+01
   endloop
 endfacet
 facet normal  1.000000e+00  0.000000e+00  0.000000e+00
   outer loop
     vertex -1.220000e+02  4.577940e+02 -7.394343e+01
     vertex -1.220000e+02  4.566301e+02 -7.941535e+01
     vertex -1.220000e+02  4.569250e+02 -7.947760e+01
   endloop
 endfacet
 facet normal  1.000000e+00  0.000000e+00  0.000000e+00
   outer loop
     vertex -1.220000e+02  4.577940e+02 -7.394343e+01
     vertex -1.220000e+02  4.569250e+02 -7.947760e+01
     vertex -1.220000e+02  4.571964e+02 -7.960861e+01
   endloop
 endfacet
 facet normal  1.000000e+00  0.000000e+00  0.000000e+00
   outer loop
     vertex -1.220000e+02  4.577940e+02 -7.394343e+01
     vertex -1.220000e+02  4.571964e+02 -7.960861e+01
     vertex -1.220000e+02  4.574285e+02 -7.980075e+01
   endloop
 endfacet
 facet normal  1.000000e+00 -5.752448e-15  1.223509e-15
   outer loop
     vertex -1.220000e+02  4.577940e+02 -7.394343e+01
     vertex -1.220000e+02  4.545901e+02 -7.739182e+01
     vertex -1.220000e+02  4.566301e+02 -7.941535e+01
   endloop
 endfacet
 facet normal  1.000000e+00  3.369233e-15  5.745346e-16
   outer loop
     vertex -1.220000e+02  4.577940e+02 -7.394343e+01
     vertex -1.220000e+02  4.627940e+02 -7.853028e+01
     vertex -1.220000e+02  4.615217e+02 -7.106941e+01
   endloop
 endfacet
 facet normal  1.000000e+00  0.000000e+00  0.000000e+00
   outer loop
     vertex -1.220000e+02  4.769013e+02 -7.572430e+01
     vertex -1.220000e+02  4.766738e+02 -7.443410e+01
     vertex -1.220000e+02  4.767033e+02 -7.504493e+01
   endloop
 endfacet
 facet normal  1.000000e+00  3.245900e-14 -2.465506e-13
   outer loop
     vertex -1.220000e+02  4.964372e+02 -8.827256e+01
     vertex -1.220000e+02  4.951470e+02 -8.850006e+01
     vertex -1.220000e+02  4.954281e+02 -8.846305e+01
   endloop
 endfacet
 facet normal  1.000000e+00  4.237233e-15 -9.704860e-14
   outer loop
     vertex -1.220000e+02  4.964372e+02 -8.827256e+01
     vertex -1.220000e+02  4.954281e+02 -8.846305e+01
     vertex -1.220000e+02  4.957113e+02 -8.845068e+01
   endloop
 endfacet
 facet normal  1.000000e+00  0.000000e+00  0.000000e+00
   outer loop
     vertex -1.220000e+02  4.962757e+02 -9.490131e+01
     vertex -1.220000e+02  4.975659e+02 -9.467381e+01
     vertex -1.220000e+02  4.970203e+02 -9.467545e+01
   endloop
 endfacet
 facet normal  1.000000e+00 -1.648409e-13 -2.906589e-14
   outer loop
     vertex -1.220000e+02  4.837274e+02 -1.144372e+02
     vertex -1.220000e+02  4.834999e+02 -1.131470e+02
     vertex -1.220000e+02  4.835445e+02 -1.138885e+02
   endloop
 endfacet
 facet normal  1.000000e+00  0.000000e+00  0.000000e+00
   outer loop
     vertex -1.220000e+02  4.770987e+02 -1.142757e+02
     vertex -1.220000e+02  4.773262e+02 -1.155659e+02
     vertex -1.220000e+02  4.772967e+02 -1.149551e+02
   endloop
 endfacet
 facet normal  1.000000e+00  0.000000e+00  0.000000e+00
   outer loop
     vertex -1.220000e+02  4.575628e+02 -1.017274e+02
     vertex -1.220000e+02  4.588530e+02 -1.014999e+02
     vertex -1.220000e+02  4.585719e+02 -1.015369e+02
   endloop
 endfacet
 facet normal  1.000000e+00  0.000000e+00  0.000000e+00
   outer loop
     vertex -1.220000e+02  4.575628e+02 -1.017274e+02
     vertex -1.220000e+02  4.585719e+02 -1.015369e+02
     vertex -1.220000e+02  4.582887e+02 -1.015493e+02
   endloop
 endfacet
 facet normal  1.000000e+00  0.000000e+00  0.000000e+00
   outer loop
     vertex -1.220000e+02  4.577243e+02 -9.509869e+01
     vertex -1.220000e+02  4.564341e+02 -9.532619e+01
     vertex -1.220000e+02  4.569797e+02 -9.532455e+01
   endloop
 endfacet
 facet normal  1.000000e+00  0.000000e+00  0.000000e+00
   outer loop
     vertex -1.220000e+02  4.702726e+02 -7.556282e+01
     vertex -1.220000e+02  4.705001e+02 -7.685301e+01
     vertex -1.220000e+02  4.704555e+02 -7.611148e+01
   endloop
 endfacet
 facet normal  0.000000e+00 -1.736482e-01  9.848078e-01
   outer loop
     vertex -1.210000e+02  4.962757e+02 -9.490131e+01
     vertex -1.210000e+02  4.975659e+02 -9.467381e+01
     vertex -1.220000e+02  4.975659e+02 -9.467381e+01
   endloop
 endfacet
 facet normal  0.000000e+00 -1.736482e-01  9.848078e-01
   outer loop
     vertex -1.210000e+02  4.962757e+02 -9.490131e+01
     vertex -1.220000e+02  4.975659e+02 -9.467381e+01
     vertex -1.220000e+02  4.962757e+02 -9.490131e+01
   endloop
 endfacet
 facet normal  0.000000e+00  4.471203e-01 -8.944738e-01
   outer loop
     vertex -1.210000e+02  4.882993e+02 -1.135846e+02
     vertex -1.210000e+02  4.850839e+02 -1.151919e+02
     vertex -1.220000e+02  4.850839e+02 -1.151919e+02
   endloop
 endfacet
 facet normal  0.000000e+00  4.471203e-01 -8.944738e-01
   outer loop
     vertex -1.210000e+02  4.882993e+02 -1.135846e+02
     vertex -1.220000e+02  4.850839e+02 -1.151919e+02
     vertex -1.220000e+02  4.882993e+02 -1.135846e+02
   endloop
 endfacet
 facet normal  0.000000e+00  5.883412e-01 -8.086128e-01
   outer loop
     vertex -1.210000e+02  4.912060e+02 -1.114697e+02
     vertex -1.220000e+02  4.882993e+02 -1.135846e+02
     vertex -1.220000e+02  4.912060e+02 -1.114697e+02
   endloop
 endfacet
 facet normal  0.000000e+00  5.883412e-01 -8.086128e-01
   outer loop
     vertex -1.210000e+02  4.912060e+02 -1.114697e+02
     vertex -1.210000e+02  4.882993e+02 -1.135846e+02
     vertex -1.220000e+02  4.882993e+02 -1.135846e+02
   endloop
 endfacet
 facet normal  0.000000e+00  7.134913e-01 -7.006641e-01
   outer loop
     vertex -1.210000e+02  4.937247e+02 -1.089049e+02
     vertex -1.220000e+02  4.912060e+02 -1.114697e+02
     vertex -1.220000e+02  4.937247e+02 -1.089049e+02
   endloop
 endfacet
 facet normal  0.000000e+00  7.134913e-01 -7.006641e-01
   outer loop
     vertex -1.210000e+02  4.937247e+02 -1.089049e+02
     vertex -1.210000e+02  4.912060e+02 -1.114697e+02
     vertex -1.220000e+02  4.912060e+02 -1.114697e+02
   endloop
 endfacet
 facet normal  0.000000e+00  8.191520e-01 -5.735764e-01
   outer loop
     vertex -1.210000e+02  4.957865e+02 -1.059603e+02
     vertex -1.220000e+02  4.937247e+02 -1.089049e+02
     vertex -1.220000e+02  4.957865e+02 -1.059603e+02
   endloop
 endfacet
 facet normal  0.000000e+00  8.191520e-01 -5.735764e-01
   outer loop
     vertex -1.210000e+02  4.957865e+02 -1.059603e+02
     vertex -1.210000e+02  4.937247e+02 -1.089049e+02
     vertex -1.220000e+02  4.937247e+02 -1.089049e+02
   endloop
 endfacet
 facet normal  0.000000e+00  9.024373e-01 -4.308213e-01
   outer loop
     vertex -1.210000e+02  4.973352e+02 -1.027163e+02
     vertex -1.220000e+02  4.957865e+02 -1.059603e+02
     vertex -1.220000e+02  4.973352e+02 -1.027163e+02
   endloop
 endfacet
 facet normal  0.000000e+00  9.024373e-01 -4.308213e-01
   outer loop
     vertex -1.210000e+02  4.973352e+02 -1.027163e+02
     vertex -1.210000e+02  4.957865e+02 -1.059603e+02
     vertex -1.220000e+02  4.957865e+02 -1.059603e+02
   endloop
 endfacet
 facet normal  0.000000e+00  9.610720e-01 -2.762980e-01
   outer loop
     vertex -1.210000e+02  4.983284e+02 -9.926154e+01
     vertex -1.220000e+02  4.973352e+02 -1.027163e+02
     vertex -1.220000e+02  4.983284e+02 -9.926154e+01
   endloop
 endfacet
 facet normal  0.000000e+00  9.610720e-01 -2.762980e-01
   outer loop
     vertex -1.210000e+02  4.983284e+02 -9.926154e+01
     vertex -1.210000e+02  4.973352e+02 -1.027163e+02
     vertex -1.220000e+02  4.973352e+02 -1.027163e+02
   endloop
 endfacet
 facet normal  0.000000e+00  9.934546e-01 -1.142276e-01
   outer loop
     vertex -1.210000e+02  4.987390e+02 -9.569036e+01
     vertex -1.220000e+02  4.983284e+02 -9.926154e+01
     vertex -1.220000e+02  4.987390e+02 -9.569036e+01
   endloop
 endfacet
 facet normal  0.000000e+00  9.934546e-01 -1.142276e-01
   outer loop
     vertex -1.210000e+02  4.987390e+02 -9.569036e+01
     vertex -1.210000e+02  4.983284e+02 -9.926154e+01
     vertex -1.220000e+02  4.983284e+02 -9.926154e+01
   endloop
 endfacet
 facet normal -0.000000e+00 -9.848078e-01 -1.736482e-01
   outer loop
     vertex -1.210000e+02  4.837274e+02 -1.144372e+02
     vertex -1.220000e+02  4.834999e+02 -1.131470e+02
     vertex -1.220000e+02  4.837274e+02 -1.144372e+02
   endloop
 endfacet
 facet normal  5.597317e-14 -9.848078e-01 -1.736482e-01
   outer loop
     vertex -1.210000e+02  4.837274e+02 -1.144372e+02
     vertex -1.210000e+02  4.834999e+02 -1.131470e+02
     vertex -1.220000e+02  4.834999e+02 -1.131470e+02
   endloop
 endfacet
 facet normal -5.597317e-14  9.848078e-01  1.736482e-01
   outer loop
     vertex -1.210000e+02  4.770987e+02 -1.142757e+02
     vertex -1.210000e+02  4.773262e+02 -1.155659e+02
     vertex -1.220000e+02  4.773262e+02 -1.155659e+02
   endloop
 endfacet
 facet normal -5.351215e-14  9.848078e-01  1.736482e-01
   outer loop
     vertex -1.210000e+02  4.770987e+02 -1.142757e+02
     vertex -1.220000e+02  4.773262e+02 -1.155659e+02
     vertex -1.220000e+02  4.770987e+02 -1.142757e+02
   endloop
 endfacet
 facet normal -0.000000e+00 -8.944738e-01 -4.471203e-01
   outer loop
     vertex -1.210000e+02  4.584154e+02 -1.062993e+02
     vertex -1.220000e+02  4.568081e+02 -1.030839e+02
     vertex -1.220000e+02  4.584154e+02 -1.062993e+02
   endloop
 endfacet
 facet normal  0.000000e+00 -8.944738e-01 -4.471203e-01
   outer loop
     vertex -1.210000e+02  4.584154e+02 -1.062993e+02
     vertex -1.210000e+02  4.568081e+02 -1.030839e+02
     vertex -1.220000e+02  4.568081e+02 -1.030839e+02
   endloop
 endfacet
 facet normal -0.000000e+00 -8.086128e-01 -5.883412e-01
   outer loop
     vertex -1.210000e+02  4.605303e+02 -1.092060e+02
     vertex -1.220000e+02  4.584154e+02 -1.062993e+02
     vertex -1.220000e+02  4.605303e+02 -1.092060e+02
   endloop
 endfacet
 facet normal  0.000000e+00 -8.086128e-01 -5.883412e-01
   outer loop
     vertex -1.210000e+02  4.605303e+02 -1.092060e+02
     vertex -1.210000e+02  4.584154e+02 -1.062993e+02
     vertex -1.220000e+02  4.584154e+02 -1.062993e+02
   endloop
 endfacet
 facet normal -0.000000e+00 -7.006641e-01 -7.134913e-01
   outer loop
     vertex -1.210000e+02  4.630951e+02 -1.117247e+02
     vertex -1.220000e+02  4.605303e+02 -1.092060e+02
     vertex -1.220000e+02  4.630951e+02 -1.117247e+02
   endloop
 endfacet
 facet normal  0.000000e+00 -7.006641e-01 -7.134913e-01
   outer loop
     vertex -1.210000e+02  4.630951e+02 -1.117247e+02
     vertex -1.210000e+02  4.605303e+02 -1.092060e+02
     vertex -1.220000e+02  4.605303e+02 -1.092060e+02
   endloop
 endfacet
 facet normal -0.000000e+00 -5.735764e-01 -8.191520e-01
   outer loop
     vertex -1.210000e+02  4.660397e+02 -1.137865e+02
     vertex -1.220000e+02  4.630951e+02 -1.117247e+02
     vertex -1.220000e+02  4.660397e+02 -1.137865e+02
   endloop
 endfacet
 facet normal  0.000000e+00 -5.735764e-01 -8.191520e-01
   outer loop
     vertex -1.210000e+02  4.660397e+02 -1.137865e+02
     vertex -1.210000e+02  4.630951e+02 -1.117247e+02
     vertex -1.220000e+02  4.630951e+02 -1.117247e+02
   endloop
 endfacet
 facet normal -0.000000e+00 -4.308213e-01 -9.024373e-01
   outer loop
     vertex -1.210000e+02  4.692837e+02 -1.153352e+02
     vertex -1.220000e+02  4.660397e+02 -1.137865e+02
     vertex -1.220000e+02  4.692837e+02 -1.153352e+02
   endloop
 endfacet
 facet normal  0.000000e+00 -4.308213e-01 -9.024373e-01
   outer loop
     vertex -1.210000e+02  4.692837e+02 -1.153352e+02
     vertex -1.210000e+02  4.660397e+02 -1.137865e+02
     vertex -1.220000e+02  4.660397e+02 -1.137865e+02
   endloop
 endfacet
 facet normal -0.000000e+00 -2.762980e-01 -9.610720e-01
   outer loop
     vertex -1.210000e+02  4.727385e+02 -1.163284e+02
     vertex -1.220000e+02  4.692837e+02 -1.153352e+02
     vertex -1.220000e+02  4.727385e+02 -1.163284e+02
   endloop
 endfacet
 facet normal  0.000000e+00 -2.762980e-01 -9.610720e-01
   outer loop
     vertex -1.210000e+02  4.727385e+02 -1.163284e+02
     vertex -1.210000e+02  4.692837e+02 -1.153352e+02
     vertex -1.220000e+02  4.692837e+02 -1.153352e+02
   endloop
 endfacet
 facet normal -0.000000e+00 -1.142276e-01 -9.934546e-01
   outer loop
     vertex -1.210000e+02  4.763096e+02 -1.167390e+02
     vertex -1.220000e+02  4.727385e+02 -1.163284e+02
     vertex -1.220000e+02  4.763096e+02 -1.167390e+02
   endloop
 endfacet
 facet normal  0.000000e+00 -1.142276e-01 -9.934546e-01
   outer loop
     vertex -1.210000e+02  4.763096e+02 -1.167390e+02
     vertex -1.210000e+02  4.727385e+02 -1.163284e+02
     vertex -1.220000e+02  4.727385e+02 -1.163284e+02
   endloop
 endfacet
 facet normal  0.000000e+00 -1.736482e-01  9.848078e-01
   outer loop
     vertex -1.210000e+02  4.575628e+02 -1.017274e+02
     vertex -1.220000e+02  4.588530e+02 -1.014999e+02
     vertex -1.220000e+02  4.575628e+02 -1.017274e+02
   endloop
 endfacet
 facet normal  0.000000e+00 -1.736482e-01  9.848078e-01
   outer loop
     vertex -1.210000e+02  4.575628e+02 -1.017274e+02
     vertex -1.210000e+02  4.588530e+02 -1.014999e+02
     vertex -1.220000e+02  4.588530e+02 -1.014999e+02
   endloop
 endfacet
 facet normal  0.000000e+00  1.736482e-01 -9.848078e-01
   outer loop
     vertex -1.210000e+02  4.577243e+02 -9.509869e+01
     vertex -1.210000e+02  4.564341e+02 -9.532619e+01
     vertex -1.220000e+02  4.564341e+02 -9.532619e+01
   endloop
 endfacet
 facet normal  0.000000e+00  1.736482e-01 -9.848078e-01
   outer loop
     vertex -1.210000e+02  4.577243e+02 -9.509869e+01
     vertex -1.220000e+02  4.564341e+02 -9.532619e+01
     vertex -1.220000e+02  4.577243e+02 -9.509869e+01
   endloop
 endfacet
 facet normal  0.000000e+00 -4.471203e-01  8.944738e-01
   outer loop
     vertex -1.210000e+02  4.657007e+02 -7.641537e+01
     vertex -1.220000e+02  4.689161e+02 -7.480810e+01
     vertex -1.220000e+02  4.657007e+02 -7.641537e+01
   endloop
 endfacet
 facet normal  0.000000e+00 -4.471203e-01  8.944738e-01
   outer loop
     vertex -1.210000e+02  4.657007e+02 -7.641537e+01
     vertex -1.210000e+02  4.689161e+02 -7.480810e+01
     vertex -1.220000e+02  4.689161e+02 -7.480810e+01
   endloop
 endfacet
 facet normal  0.000000e+00 -5.883412e-01  8.086128e-01
   outer loop
     vertex -1.210000e+02  4.627940e+02 -7.853028e+01
     vertex -1.220000e+02  4.657007e+02 -7.641537e+01
     vertex -1.220000e+02  4.627940e+02 -7.853028e+01
   endloop
 endfacet
 facet normal  0.000000e+00 -5.883412e-01  8.086128e-01
   outer loop
     vertex -1.210000e+02  4.627940e+02 -7.853028e+01
     vertex -1.210000e+02  4.657007e+02 -7.641537e+01
     vertex -1.220000e+02  4.657007e+02 -7.641537e+01
   endloop
 endfacet
 facet normal  0.000000e+00 -7.134913e-01  7.006641e-01
   outer loop
     vertex -1.210000e+02  4.602753e+02 -8.109508e+01
     vertex -1.220000e+02  4.627940e+02 -7.853028e+01
     vertex -1.220000e+02  4.602753e+02 -8.109508e+01
   endloop
 endfacet
 facet normal  0.000000e+00 -7.134913e-01  7.006641e-01
   outer loop
     vertex -1.210000e+02  4.602753e+02 -8.109508e+01
     vertex -1.210000e+02  4.627940e+02 -7.853028e+01
     vertex -1.220000e+02  4.627940e+02 -7.853028e+01
   endloop
 endfacet
 facet normal  4.656340e-14 -8.191520e-01  5.735764e-01
   outer loop
     vertex -1.210000e+02  4.582135e+02 -8.403969e+01
     vertex -1.220000e+02  4.602753e+02 -8.109508e+01
     vertex -1.220000e+02  4.582135e+02 -8.403969e+01
   endloop
 endfacet
 facet normal  0.000000e+00 -8.191520e-01  5.735764e-01
   outer loop
     vertex -1.210000e+02  4.582135e+02 -8.403969e+01
     vertex -1.210000e+02  4.602753e+02 -8.109508e+01
     vertex -1.220000e+02  4.602753e+02 -8.109508e+01
   endloop
 endfacet
 facet normal  0.000000e+00 -9.024373e-01  4.308213e-01
   outer loop
     vertex -1.210000e+02  4.566648e+02 -8.728369e+01
     vertex -1.220000e+02  4.582135e+02 -8.403969e+01
     vertex -1.220000e+02  4.566648e+02 -8.728369e+01
   endloop
 endfacet
 facet normal  5.114545e-14 -9.024373e-01  4.308213e-01
   outer loop
     vertex -1.210000e+02  4.566648e+02 -8.728369e+01
     vertex -1.210000e+02  4.582135e+02 -8.403969e+01
     vertex -1.220000e+02  4.582135e+02 -8.403969e+01
   endloop
 endfacet
 facet normal  0.000000e+00 -9.610720e-01  2.762980e-01
   outer loop
     vertex -1.210000e+02  4.556716e+02 -9.073846e+01
     vertex -1.220000e+02  4.566648e+02 -8.728369e+01
     vertex -1.220000e+02  4.556716e+02 -9.073846e+01
   endloop
 endfacet
 facet normal  0.000000e+00 -9.610720e-01  2.762980e-01
   outer loop
     vertex -1.210000e+02  4.556716e+02 -9.073846e+01
     vertex -1.210000e+02  4.566648e+02 -8.728369e+01
     vertex -1.220000e+02  4.566648e+02 -8.728369e+01
   endloop
 endfacet
 facet normal  0.000000e+00 -9.934546e-01  1.142276e-01
   outer loop
     vertex -1.210000e+02  4.552610e+02 -9.430964e+01
     vertex -1.220000e+02  4.556716e+02 -9.073846e+01
     vertex -1.220000e+02  4.552610e+02 -9.430964e+01
   endloop
 endfacet
 facet normal  0.000000e+00 -9.934546e-01  1.142276e-01
   outer loop
     vertex -1.210000e+02  4.552610e+02 -9.430964e+01
     vertex -1.210000e+02  4.556716e+02 -9.073846e+01
     vertex -1.220000e+02  4.556716e+02 -9.073846e+01
   endloop
 endfacet
 facet normal  0.000000e+00  9.848078e-01  1.736482e-01
   outer loop
     vertex -1.210000e+02  4.702726e+02 -7.556282e+01
     vertex -1.220000e+02  4.705001e+02 -7.685301e+01
     vertex -1.220000e+02  4.702726e+02 -7.556282e+01
   endloop
 endfacet
 facet normal -5.843074e-14  9.848078e-01  1.736482e-01
   outer loop
     vertex -1.210000e+02  4.702726e+02 -7.556282e+01
     vertex -1.210000e+02  4.705001e+02 -7.685301e+01
     vertex -1.220000e+02  4.705001e+02 -7.685301e+01
   endloop
 endfacet
 facet normal  0.000000e+00 -9.848078e-01 -1.736482e-01
   outer loop
     vertex -1.210000e+02  4.769013e+02 -7.572430e+01
     vertex -1.210000e+02  4.766738e+02 -7.443410e+01
     vertex -1.220000e+02  4.766738e+02 -7.443410e+01
   endloop
 endfacet
 facet normal -0.000000e+00 -9.848078e-01 -1.736482e-01
   outer loop
     vertex -1.210000e+02  4.769013e+02 -7.572430e+01
     vertex -1.220000e+02  4.766738e+02 -7.443410e+01
     vertex -1.220000e+02  4.769013e+02 -7.572430e+01
   endloop
 endfacet
 facet normal  0.000000e+00  7.793397e-02  9.969585e-01
   outer loop
     vertex -1.210000e+02  4.784943e+02 -7.330140e+01
     vertex -1.210000e+02  4.788956e+02 -7.333277e+01
     vertex -1.220000e+02  4.788956e+02 -7.333277e+01
   endloop
 endfacet
 facet normal  0.000000e+00  7.793397e-02  9.969585e-01
   outer loop
     vertex -1.210000e+02  4.784943e+02 -7.330140e+01
     vertex -1.220000e+02  4.788956e+02 -7.333277e+01
     vertex -1.220000e+02  4.784943e+02 -7.330140e+01
   endloop
 endfacet
 facet normal  0.000000e+00  5.947119e-02  9.982300e-01
   outer loop
     vertex -1.210000e+02  4.780925e+02 -7.327746e+01
     vertex -1.220000e+02  4.784943e+02 -7.330140e+01
     vertex -1.220000e+02  4.780925e+02 -7.327746e+01
   endloop
 endfacet
 facet normal  0.000000e+00  5.947119e-02  9.982300e-01
   outer loop
     vertex -1.210000e+02  4.780925e+02 -7.327746e+01
     vertex -1.210000e+02  4.784943e+02 -7.330140e+01
     vertex -1.220000e+02  4.784943e+02 -7.330140e+01
   endloop
 endfacet
 facet normal -2.329900e-15  4.098804e-02  9.991596e-01
   outer loop
     vertex -1.210000e+02  4.776904e+02 -7.326096e+01
     vertex -1.220000e+02  4.780925e+02 -7.327746e+01
     vertex -1.220000e+02  4.776904e+02 -7.326096e+01
   endloop
 endfacet
 facet normal  0.000000e+00  4.098804e-02  9.991596e-01
   outer loop
     vertex -1.210000e+02  4.776904e+02 -7.326096e+01
     vertex -1.210000e+02  4.780925e+02 -7.327746e+01
     vertex -1.220000e+02  4.780925e+02 -7.327746e+01
   endloop
 endfacet
 facet normal  0.000000e+00  1.736482e-01 -9.848078e-01
   outer loop
     vertex -1.210000e+02  4.964372e+02 -8.827256e+01
     vertex -1.220000e+02  4.951470e+02 -8.850006e+01
     vertex -1.220000e+02  4.964372e+02 -8.827256e+01
   endloop
 endfacet
 facet normal  0.000000e+00  1.736482e-01 -9.848078e-01
   outer loop
     vertex -1.210000e+02  4.964372e+02 -8.827256e+01
     vertex -1.210000e+02  4.951470e+02 -8.850006e+01
     vertex -1.220000e+02  4.951470e+02 -8.850006e+01
   endloop
 endfacet
 facet normal  0.000000e+00  7.923792e-02 -9.968557e-01
   outer loop
     vertex -1.210000e+02  4.765306e+02 -1.167215e+02
     vertex -1.220000e+02  4.763096e+02 -1.167390e+02
     vertex -1.220000e+02  4.765306e+02 -1.167215e+02
   endloop
 endfacet
 facet normal  0.000000e+00  7.923792e-02 -9.968557e-01
   outer loop
     vertex -1.210000e+02  4.765306e+02 -1.167215e+02
     vertex -1.210000e+02  4.763096e+02 -1.167390e+02
     vertex -1.220000e+02  4.763096e+02 -1.167390e+02
   endloop
 endfacet
 facet normal -1.687740e-14  2.969104e-01 -9.549053e-01
   outer loop
     vertex -1.210000e+02  4.767423e+02 -1.166557e+02
     vertex -1.220000e+02  4.765306e+02 -1.167215e+02
     vertex -1.220000e+02  4.767423e+02 -1.166557e+02
   endloop
 endfacet
 facet normal  0.000000e+00  2.969104e-01 -9.549053e-01
   outer loop
     vertex -1.210000e+02  4.767423e+02 -1.166557e+02
     vertex -1.210000e+02  4.765306e+02 -1.167215e+02
     vertex -1.220000e+02  4.765306e+02 -1.167215e+02
   endloop
 endfacet
 facet normal  0.000000e+00  4.999923e-01 -8.660298e-01
   outer loop
     vertex -1.210000e+02  4.769343e+02 -1.165448e+02
     vertex -1.220000e+02  4.767423e+02 -1.166557e+02
     vertex -1.220000e+02  4.769343e+02 -1.165448e+02
   endloop
 endfacet
 facet normal -2.842193e-14  4.999923e-01 -8.660298e-01
   outer loop
     vertex -1.210000e+02  4.769343e+02 -1.165448e+02
     vertex -1.210000e+02  4.767423e+02 -1.166557e+02
     vertex -1.220000e+02  4.767423e+02 -1.166557e+02
   endloop
 endfacet
 facet normal  0.000000e+00  6.785041e-01 -7.345966e-01
   outer loop
     vertex -1.210000e+02  4.770971e+02 -1.163944e+02
     vertex -1.220000e+02  4.769343e+02 -1.165448e+02
     vertex -1.220000e+02  4.770971e+02 -1.163944e+02
   endloop
 endfacet
 facet normal  0.000000e+00  6.785041e-01 -7.345966e-01
   outer loop
     vertex -1.210000e+02  4.770971e+02 -1.163944e+02
     vertex -1.210000e+02  4.769343e+02 -1.165448e+02
     vertex -1.220000e+02  4.769343e+02 -1.165448e+02
   endloop
 endfacet
 facet normal  0.000000e+00  8.236734e-01 -5.670645e-01
   outer loop
     vertex -1.210000e+02  4.772228e+02 -1.162118e+02
     vertex -1.220000e+02  4.770971e+02 -1.163944e+02
     vertex -1.220000e+02  4.772228e+02 -1.162118e+02
   endloop
 endfacet
 facet normal  0.000000e+00  8.236734e-01 -5.670645e-01
   outer loop
     vertex -1.210000e+02  4.772228e+02 -1.162118e+02
     vertex -1.210000e+02  4.770971e+02 -1.163944e+02
     vertex -1.220000e+02  4.770971e+02 -1.163944e+02
   endloop
 endfacet
 facet normal  0.000000e+00  9.283664e-01 -3.716662e-01
   outer loop
     vertex -1.210000e+02  4.773052e+02 -1.160060e+02
     vertex -1.220000e+02  4.772228e+02 -1.162118e+02
     vertex -1.220000e+02  4.773052e+02 -1.160060e+02
   endloop
 endfacet
 facet normal  0.000000e+00  9.283664e-01 -3.716662e-01
   outer loop
     vertex -1.210000e+02  4.773052e+02 -1.160060e+02
     vertex -1.210000e+02  4.772228e+02 -1.162118e+02
     vertex -1.220000e+02  4.772228e+02 -1.162118e+02
   endloop
 endfacet
 facet normal  0.000000e+00  9.874385e-01 -1.580038e-01
   outer loop
     vertex -1.210000e+02  4.773402e+02 -1.157871e+02
     vertex -1.220000e+02  4.773052e+02 -1.160060e+02
     vertex -1.220000e+02  4.773402e+02 -1.157871e+02
   endloop
 endfacet
 facet normal  0.000000e+00  9.874385e-01 -1.580038e-01
   outer loop
     vertex -1.210000e+02  4.773402e+02 -1.157871e+02
     vertex -1.210000e+02  4.773052e+02 -1.160060e+02
     vertex -1.220000e+02  4.773052e+02 -1.160060e+02
   endloop
 endfacet
 facet normal -5.672898e-14  9.979867e-01  6.342312e-02
   outer loop
     vertex -1.210000e+02  4.773262e+02 -1.155659e+02
     vertex -1.220000e+02  4.773402e+02 -1.157871e+02
     vertex -1.220000e+02  4.773262e+02 -1.155659e+02
   endloop
 endfacet
 facet normal  0.000000e+00  9.979867e-01  6.342312e-02
   outer loop
     vertex -1.210000e+02  4.773262e+02 -1.155659e+02
     vertex -1.210000e+02  4.773402e+02 -1.157871e+02
     vertex -1.220000e+02  4.773402e+02 -1.157871e+02
   endloop
 endfacet
 facet normal -0.000000e+00 -9.594927e-01 -2.817333e-01
   outer loop
     vertex -1.210000e+02  4.837899e+02 -1.146499e+02
     vertex -1.220000e+02  4.837274e+02 -1.144372e+02
     vertex -1.220000e+02  4.837899e+02 -1.146499e+02
   endloop
 endfacet
 facet normal  0.000000e+00 -9.594927e-01 -2.817333e-01
   outer loop
     vertex -1.210000e+02  4.837899e+02 -1.146499e+02
     vertex -1.210000e+02  4.837274e+02 -1.144372e+02
     vertex -1.220000e+02  4.837274e+02 -1.144372e+02
   endloop
 endfacet
 facet normal -0.000000e+00 -8.738482e-01 -4.861988e-01
   outer loop
     vertex -1.210000e+02  4.838977e+02 -1.148436e+02
     vertex -1.220000e+02  4.837899e+02 -1.146499e+02
     vertex -1.220000e+02  4.838977e+02 -1.148436e+02
   endloop
 endfacet
 facet normal  0.000000e+00 -8.738482e-01 -4.861988e-01
   outer loop
     vertex -1.210000e+02  4.838977e+02 -1.148436e+02
     vertex -1.210000e+02  4.837899e+02 -1.146499e+02
     vertex -1.220000e+02  4.837899e+02 -1.146499e+02
   endloop
 endfacet
 facet normal -0.000000e+00 -7.452618e-01 -6.667720e-01
   outer loop
     vertex -1.210000e+02  4.840455e+02 -1.150088e+02
     vertex -1.220000e+02  4.838977e+02 -1.148436e+02
     vertex -1.220000e+02  4.840455e+02 -1.150088e+02
   endloop
 endfacet
 facet normal  0.000000e+00 -7.452618e-01 -6.667720e-01
   outer loop
     vertex -1.210000e+02  4.840455e+02 -1.150088e+02
     vertex -1.210000e+02  4.838977e+02 -1.148436e+02
     vertex -1.220000e+02  4.838977e+02 -1.148436e+02
   endloop
 endfacet
 facet normal -0.000000e+00 -5.800523e-01 -8.145792e-01
   outer loop
     vertex -1.210000e+02  4.842261e+02 -1.151374e+02
     vertex -1.220000e+02  4.840455e+02 -1.150088e+02
     vertex -1.220000e+02  4.842261e+02 -1.151374e+02
   endloop
 endfacet
 facet normal  0.000000e+00 -5.800523e-01 -8.145792e-01
   outer loop
     vertex -1.210000e+02  4.842261e+02 -1.151374e+02
     vertex -1.210000e+02  4.840455e+02 -1.150088e+02
     vertex -1.220000e+02  4.840455e+02 -1.150088e+02
   endloop
 endfacet
 facet normal -0.000000e+00 -3.863384e-01 -9.223571e-01
   outer loop
     vertex -1.210000e+02  4.844305e+02 -1.152230e+02
     vertex -1.220000e+02  4.842261e+02 -1.151374e+02
     vertex -1.220000e+02  4.844305e+02 -1.152230e+02
   endloop
 endfacet
 facet normal  0.000000e+00 -3.863384e-01 -9.223571e-01
   outer loop
     vertex -1.210000e+02  4.844305e+02 -1.152230e+02
     vertex -1.210000e+02  4.842261e+02 -1.151374e+02
     vertex -1.220000e+02  4.842261e+02 -1.151374e+02
   endloop
 endfacet
 facet normal -0.000000e+00 -1.736395e-01 -9.848093e-01
   outer loop
     vertex -1.210000e+02  4.846488e+02 -1.152615e+02
     vertex -1.220000e+02  4.844305e+02 -1.152230e+02
     vertex -1.220000e+02  4.846488e+02 -1.152615e+02
   endloop
 endfacet
 facet normal  0.000000e+00 -1.736395e-01 -9.848093e-01
   outer loop
     vertex -1.210000e+02  4.846488e+02 -1.152615e+02
     vertex -1.210000e+02  4.844305e+02 -1.152230e+02
     vertex -1.220000e+02  4.844305e+02 -1.152230e+02
   endloop
 endfacet
 facet normal  0.000000e+00  4.759237e-02 -9.988668e-01
   outer loop
     vertex -1.210000e+02  4.848703e+02 -1.152510e+02
     vertex -1.220000e+02  4.846488e+02 -1.152615e+02
     vertex -1.220000e+02  4.848703e+02 -1.152510e+02
   endloop
 endfacet
 facet normal  0.000000e+00  4.759237e-02 -9.988668e-01
   outer loop
     vertex -1.210000e+02  4.848703e+02 -1.152510e+02
     vertex -1.210000e+02  4.846488e+02 -1.152615e+02
     vertex -1.220000e+02  4.846488e+02 -1.152615e+02
   endloop
 endfacet
 facet normal  0.000000e+00  2.664855e-01 -9.638389e-01
   outer loop
     vertex -1.210000e+02  4.850839e+02 -1.151919e+02
     vertex -1.220000e+02  4.848703e+02 -1.152510e+02
     vertex -1.220000e+02  4.850839e+02 -1.151919e+02
   endloop
 endfacet
 facet normal  0.000000e+00  2.664855e-01 -9.638389e-01
   outer loop
     vertex -1.210000e+02  4.850839e+02 -1.151919e+02
     vertex -1.210000e+02  4.848703e+02 -1.152510e+02
     vertex -1.220000e+02  4.848703e+02 -1.152510e+02
   endloop
 endfacet
 facet normal -0.000000e+00 -9.968557e-01 -7.923792e-02
   outer loop
     vertex -1.210000e+02  4.552610e+02 -9.430964e+01
     vertex -1.220000e+02  4.552610e+02 -9.430964e+01
     vertex -1.220000e+02  4.552785e+02 -9.453062e+01
   endloop
 endfacet
 facet normal -0.000000e+00 -9.549053e-01 -2.969104e-01
   outer loop
     vertex -1.210000e+02  4.552785e+02 -9.453062e+01
     vertex -1.220000e+02  4.552785e+02 -9.453062e+01
     vertex -1.220000e+02  4.553443e+02 -9.474230e+01
   endloop
 endfacet
 facet normal -0.000000e+00 -9.968557e-01 -7.923792e-02
   outer loop
     vertex -1.210000e+02  4.552785e+02 -9.453062e+01
     vertex -1.210000e+02  4.552610e+02 -9.430964e+01
     vertex -1.220000e+02  4.552785e+02 -9.453062e+01
   endloop
 endfacet
 facet normal -0.000000e+00 -8.660298e-01 -4.999923e-01
   outer loop
     vertex -1.210000e+02  4.553443e+02 -9.474230e+01
     vertex -1.220000e+02  4.553443e+02 -9.474230e+01
     vertex -1.220000e+02  4.554552e+02 -9.493428e+01
   endloop
 endfacet
 facet normal -0.000000e+00 -9.549053e-01 -2.969104e-01
   outer loop
     vertex -1.210000e+02  4.553443e+02 -9.474230e+01
     vertex -1.210000e+02  4.552785e+02 -9.453062e+01
     vertex -1.220000e+02  4.553443e+02 -9.474230e+01
   endloop
 endfacet
 facet normal -0.000000e+00 -7.345966e-01 -6.785041e-01
   outer loop
     vertex -1.210000e+02  4.554552e+02 -9.493428e+01
     vertex -1.220000e+02  4.554552e+02 -9.493428e+01
     vertex -1.220000e+02  4.556056e+02 -9.509712e+01
   endloop
 endfacet
 facet normal -0.000000e+00 -8.660298e-01 -4.999923e-01
   outer loop
     vertex -1.210000e+02  4.554552e+02 -9.493428e+01
     vertex -1.210000e+02  4.553443e+02 -9.474230e+01
     vertex -1.220000e+02  4.554552e+02 -9.493428e+01
   endloop
 endfacet
 facet normal -0.000000e+00 -5.670645e-01 -8.236734e-01
   outer loop
     vertex -1.210000e+02  4.556056e+02 -9.509712e+01
     vertex -1.220000e+02  4.556056e+02 -9.509712e+01
     vertex -1.220000e+02  4.557882e+02 -9.522283e+01
   endloop
 endfacet
 facet normal -0.000000e+00 -7.345966e-01 -6.785041e-01
   outer loop
     vertex -1.210000e+02  4.556056e+02 -9.509712e+01
     vertex -1.210000e+02  4.554552e+02 -9.493428e+01
     vertex -1.220000e+02  4.556056e+02 -9.509712e+01
   endloop
 endfacet
 facet normal -0.000000e+00 -3.716662e-01 -9.283664e-01
   outer loop
     vertex -1.210000e+02  4.557882e+02 -9.522283e+01
     vertex -1.220000e+02  4.557882e+02 -9.522283e+01
     vertex -1.220000e+02  4.559940e+02 -9.530522e+01
   endloop
 endfacet
 facet normal -0.000000e+00 -5.670645e-01 -8.236734e-01
   outer loop
     vertex -1.210000e+02  4.557882e+02 -9.522283e+01
     vertex -1.210000e+02  4.556056e+02 -9.509712e+01
     vertex -1.220000e+02  4.557882e+02 -9.522283e+01
   endloop
 endfacet
 facet normal  8.981475e-15 -1.580038e-01 -9.874385e-01
   outer loop
     vertex -1.210000e+02  4.559940e+02 -9.530522e+01
     vertex -1.220000e+02  4.559940e+02 -9.530522e+01
     vertex -1.220000e+02  4.562129e+02 -9.534025e+01
   endloop
 endfacet
 facet normal  2.112678e-14 -3.716662e-01 -9.283664e-01
   outer loop
     vertex -1.210000e+02  4.559940e+02 -9.530522e+01
     vertex -1.210000e+02  4.557882e+02 -9.522283e+01
     vertex -1.220000e+02  4.559940e+02 -9.530522e+01
   endloop
 endfacet
 facet normal -0.000000e+00 -1.580038e-01 -9.874385e-01
   outer loop
     vertex -1.210000e+02  4.562129e+02 -9.534025e+01
     vertex -1.210000e+02  4.559940e+02 -9.530522e+01
     vertex -1.220000e+02  4.562129e+02 -9.534025e+01
   endloop
 endfacet
 facet normal  0.000000e+00  6.342312e-02 -9.979867e-01
   outer loop
     vertex -1.210000e+02  4.564341e+02 -9.532619e+01
     vertex -1.220000e+02  4.562129e+02 -9.534025e+01
     vertex -1.220000e+02  4.564341e+02 -9.532619e+01
   endloop
 endfacet
 facet normal  0.000000e+00  6.342312e-02 -9.979867e-01
   outer loop
     vertex -1.210000e+02  4.564341e+02 -9.532619e+01
     vertex -1.210000e+02  4.562129e+02 -9.534025e+01
     vertex -1.220000e+02  4.562129e+02 -9.534025e+01
   endloop
 endfacet
 facet normal  0.000000e+00 -2.817333e-01  9.594927e-01
   outer loop
     vertex -1.210000e+02  4.575628e+02 -1.017274e+02
     vertex -1.220000e+02  4.575628e+02 -1.017274e+02
     vertex -1.220000e+02  4.573501e+02 -1.017899e+02
   endloop
 endfacet
 facet normal  0.000000e+00 -4.861988e-01  8.738482e-01
   outer loop
     vertex -1.210000e+02  4.573501e+02 -1.017899e+02
     vertex -1.220000e+02  4.573501e+02 -1.017899e+02
     vertex -1.220000e+02  4.571564e+02 -1.018977e+02
   endloop
 endfacet
 facet normal  0.000000e+00 -2.817333e-01  9.594927e-01
   outer loop
     vertex -1.210000e+02  4.573501e+02 -1.017899e+02
     vertex -1.210000e+02  4.575628e+02 -1.017274e+02
     vertex -1.220000e+02  4.573501e+02 -1.017899e+02
   endloop
 endfacet
 facet normal  0.000000e+00 -6.667720e-01  7.452618e-01
   outer loop
     vertex -1.210000e+02  4.571564e+02 -1.018977e+02
     vertex -1.220000e+02  4.571564e+02 -1.018977e+02
     vertex -1.220000e+02  4.569912e+02 -1.020455e+02
   endloop
 endfacet
 facet normal  0.000000e+00 -4.861988e-01  8.738482e-01
   outer loop
     vertex -1.210000e+02  4.571564e+02 -1.018977e+02
     vertex -1.210000e+02  4.573501e+02 -1.017899e+02
     vertex -1.220000e+02  4.571564e+02 -1.018977e+02
   endloop
 endfacet
 facet normal  8.243039e-15 -8.145792e-01  5.800523e-01
   outer loop
     vertex -1.210000e+02  4.569912e+02 -1.020455e+02
     vertex -1.220000e+02  4.569912e+02 -1.020455e+02
     vertex -1.220000e+02  4.568626e+02 -1.022261e+02
   endloop
 endfacet
 facet normal  1.059081e-14 -6.667720e-01  7.452618e-01
   outer loop
     vertex -1.210000e+02  4.569912e+02 -1.020455e+02
     vertex -1.210000e+02  4.571564e+02 -1.018977e+02
     vertex -1.220000e+02  4.569912e+02 -1.020455e+02
   endloop
 endfacet
 facet normal  5.242993e-14 -9.223571e-01  3.863384e-01
   outer loop
     vertex -1.210000e+02  4.568626e+02 -1.022261e+02
     vertex -1.220000e+02  4.568626e+02 -1.022261e+02
     vertex -1.220000e+02  4.567770e+02 -1.024305e+02
   endloop
 endfacet
 facet normal  4.630347e-14 -8.145792e-01  5.800523e-01
   outer loop
     vertex -1.210000e+02  4.568626e+02 -1.022261e+02
     vertex -1.210000e+02  4.569912e+02 -1.020455e+02
     vertex -1.220000e+02  4.568626e+02 -1.022261e+02
   endloop
 endfacet
 facet normal  0.000000e+00 -9.848093e-01  1.736395e-01
   outer loop
     vertex -1.210000e+02  4.567770e+02 -1.024305e+02
     vertex -1.220000e+02  4.567770e+02 -1.024305e+02
     vertex -1.220000e+02  4.567385e+02 -1.026488e+02
   endloop
 endfacet
 facet normal  0.000000e+00 -9.223571e-01  3.863384e-01
   outer loop
     vertex -1.210000e+02  4.567770e+02 -1.024305e+02
     vertex -1.210000e+02  4.568626e+02 -1.022261e+02
     vertex -1.220000e+02  4.567770e+02 -1.024305e+02
   endloop
 endfacet
 facet normal -0.000000e+00 -9.988668e-01 -4.759237e-02
   outer loop
     vertex -1.210000e+02  4.567385e+02 -1.026488e+02
     vertex -1.220000e+02  4.567385e+02 -1.026488e+02
     vertex -1.220000e+02  4.567490e+02 -1.028703e+02
   endloop
 endfacet
 facet normal  0.000000e+00 -9.848093e-01  1.736395e-01
   outer loop
     vertex -1.210000e+02  4.567385e+02 -1.026488e+02
     vertex -1.210000e+02  4.567770e+02 -1.024305e+02
     vertex -1.220000e+02  4.567385e+02 -1.026488e+02
   endloop
 endfacet
 facet normal -0.000000e+00 -9.988668e-01 -4.759237e-02
   outer loop
     vertex -1.210000e+02  4.567490e+02 -1.028703e+02
     vertex -1.210000e+02  4.567385e+02 -1.026488e+02
     vertex -1.220000e+02  4.567490e+02 -1.028703e+02
   endloop
 endfacet
 facet normal -0.000000e+00 -9.638389e-01 -2.664855e-01
   outer loop
     vertex -1.210000e+02  4.568081e+02 -1.030839e+02
     vertex -1.220000e+02  4.567490e+02 -1.028703e+02
     vertex -1.220000e+02  4.568081e+02 -1.030839e+02
   endloop
 endfacet
 facet normal  0.000000e+00 -9.638389e-01 -2.664855e-01
   outer loop
     vertex -1.210000e+02  4.568081e+02 -1.030839e+02
     vertex -1.210000e+02  4.567490e+02 -1.028703e+02
     vertex -1.220000e+02  4.567490e+02 -1.028703e+02
   endloop
 endfacet
 facet normal -5.258662e-16  9.253255e-03  9.999572e-01
   outer loop
     vertex -1.210000e+02  4.692191e+02 -7.473883e+01
     vertex -1.210000e+02  4.693749e+02 -7.474027e+01
     vertex -1.220000e+02  4.693749e+02 -7.474027e+01
   endloop
 endfacet
 facet normal  0.000000e+00  9.253255e-03  9.999572e-01
   outer loop
     vertex -1.210000e+02  4.692191e+02 -7.473883e+01
     vertex -1.220000e+02  4.693749e+02 -7.474027e+01
     vertex -1.220000e+02  4.692191e+02 -7.473883e+01
   endloop
 endfacet
 facet normal  0.000000e+00 -1.462464e-01  9.892482e-01
   outer loop
     vertex -1.210000e+02  4.690649e+02 -7.476162e+01
     vertex -1.220000e+02  4.692191e+02 -7.473883e+01
     vertex -1.220000e+02  4.690649e+02 -7.476162e+01
   endloop
 endfacet
 facet normal  0.000000e+00 -1.462464e-01  9.892482e-01
   outer loop
     vertex -1.210000e+02  4.690649e+02 -7.476162e+01
     vertex -1.210000e+02  4.692191e+02 -7.473883e+01
     vertex -1.220000e+02  4.692191e+02 -7.473883e+01
   endloop
 endfacet
 facet normal  0.000000e+00 -2.981930e-01  9.545056e-01
   outer loop
     vertex -1.210000e+02  4.689161e+02 -7.480810e+01
     vertex -1.220000e+02  4.690649e+02 -7.476162e+01
     vertex -1.220000e+02  4.689161e+02 -7.480810e+01
   endloop
 endfacet
 facet normal  0.000000e+00 -2.981930e-01  9.545056e-01
   outer loop
     vertex -1.210000e+02  4.689161e+02 -7.480810e+01
     vertex -1.210000e+02  4.690649e+02 -7.476162e+01
     vertex -1.220000e+02  4.690649e+02 -7.476162e+01
   endloop
 endfacet
 facet normal  4.504154e-15 -7.923792e-02  9.968557e-01
   outer loop
     vertex -1.210000e+02  4.776904e+02 -7.326096e+01
     vertex -1.220000e+02  4.776904e+02 -7.326096e+01
     vertex -1.220000e+02  4.774694e+02 -7.327852e+01
   endloop
 endfacet
 facet normal  0.000000e+00 -2.969104e-01  9.549053e-01
   outer loop
     vertex -1.210000e+02  4.774694e+02 -7.327852e+01
     vertex -1.220000e+02  4.774694e+02 -7.327852e+01
     vertex -1.220000e+02  4.772577e+02 -7.334434e+01
   endloop
 endfacet
 facet normal  0.000000e+00 -7.923792e-02  9.968557e-01
   outer loop
     vertex -1.210000e+02  4.774694e+02 -7.327852e+01
     vertex -1.210000e+02  4.776904e+02 -7.326096e+01
     vertex -1.220000e+02  4.774694e+02 -7.327852e+01
   endloop
 endfacet
 facet normal  0.000000e+00 -4.999923e-01  8.660298e-01
   outer loop
     vertex -1.210000e+02  4.772577e+02 -7.334434e+01
     vertex -1.220000e+02  4.772577e+02 -7.334434e+01
     vertex -1.220000e+02  4.770657e+02 -7.345518e+01
   endloop
 endfacet
 facet normal  0.000000e+00 -2.969104e-01  9.549053e-01
   outer loop
     vertex -1.210000e+02  4.772577e+02 -7.334434e+01
     vertex -1.210000e+02  4.774694e+02 -7.327852e+01
     vertex -1.220000e+02  4.772577e+02 -7.334434e+01
   endloop
 endfacet
 facet normal  0.000000e+00 -6.785041e-01  7.345966e-01
   outer loop
     vertex -1.210000e+02  4.770657e+02 -7.345518e+01
     vertex -1.220000e+02  4.770657e+02 -7.345518e+01
     vertex -1.220000e+02  4.769029e+02 -7.360559e+01
   endloop
 endfacet
 facet normal  0.000000e+00 -4.999923e-01  8.660298e-01
   outer loop
     vertex -1.210000e+02  4.770657e+02 -7.345518e+01
     vertex -1.210000e+02  4.772577e+02 -7.334434e+01
     vertex -1.220000e+02  4.770657e+02 -7.345518e+01
   endloop
 endfacet
 facet normal  5.487888e-14 -8.236734e-01  5.670645e-01
   outer loop
     vertex -1.210000e+02  4.769029e+02 -7.360559e+01
     vertex -1.220000e+02  4.769029e+02 -7.360559e+01
     vertex -1.220000e+02  4.767772e+02 -7.378818e+01
   endloop
 endfacet
 facet normal  4.900774e-14 -6.785041e-01  7.345966e-01
   outer loop
     vertex -1.210000e+02  4.769029e+02 -7.360559e+01
     vertex -1.210000e+02  4.770657e+02 -7.345518e+01
     vertex -1.220000e+02  4.769029e+02 -7.360559e+01
   endloop
 endfacet
 facet normal  0.000000e+00 -9.283664e-01  3.716662e-01
   outer loop
     vertex -1.210000e+02  4.767772e+02 -7.378818e+01
     vertex -1.220000e+02  4.767772e+02 -7.378818e+01
     vertex -1.220000e+02  4.766948e+02 -7.399398e+01
   endloop
 endfacet
 facet normal  0.000000e+00 -8.236734e-01  5.670645e-01
   outer loop
     vertex -1.210000e+02  4.767772e+02 -7.378818e+01
     vertex -1.210000e+02  4.769029e+02 -7.360559e+01
     vertex -1.220000e+02  4.767772e+02 -7.378818e+01
   endloop
 endfacet
 facet normal  0.000000e+00 -9.874385e-01  1.580038e-01
   outer loop
     vertex -1.210000e+02  4.766948e+02 -7.399398e+01
     vertex -1.220000e+02  4.766948e+02 -7.399398e+01
     vertex -1.220000e+02  4.766598e+02 -7.421287e+01
   endloop
 endfacet
 facet normal  0.000000e+00 -9.283664e-01  3.716662e-01
   outer loop
     vertex -1.210000e+02  4.766948e+02 -7.399398e+01
     vertex -1.210000e+02  4.767772e+02 -7.378818e+01
     vertex -1.220000e+02  4.766948e+02 -7.399398e+01
   endloop
 endfacet
 facet normal  0.000000e+00 -9.874385e-01  1.580038e-01
   outer loop
     vertex -1.210000e+02  4.766598e+02 -7.421287e+01
     vertex -1.210000e+02  4.766948e+02 -7.399398e+01
     vertex -1.220000e+02  4.766598e+02 -7.421287e+01
   endloop
 endfacet
 facet normal -0.000000e+00 -9.979867e-01 -6.342312e-02
   outer loop
     vertex -1.210000e+02  4.766738e+02 -7.443410e+01
     vertex -1.220000e+02  4.766598e+02 -7.421287e+01
     vertex -1.220000e+02  4.766738e+02 -7.443410e+01
   endloop
 endfacet
 facet normal  0.000000e+00 -9.979867e-01 -6.342312e-02
   outer loop
     vertex -1.210000e+02  4.766738e+02 -7.443410e+01
     vertex -1.210000e+02  4.766598e+02 -7.421287e+01
     vertex -1.220000e+02  4.766598e+02 -7.421287e+01
   endloop
 endfacet
 facet normal  0.000000e+00  2.817333e-01 -9.594927e-01
   outer loop
     vertex -1.210000e+02  4.966499e+02 -8.821011e+01
     vertex -1.220000e+02  4.964372e+02 -8.827256e+01
     vertex -1.220000e+02  4.966499e+02 -8.821011e+01
   endloop
 endfacet
 facet normal  0.000000e+00  2.817333e-01 -9.594927e-01
   outer loop
     vertex -1.210000e+02  4.966499e+02 -8.821011e+01
     vertex -1.210000e+02  4.964372e+02 -8.827256e+01
     vertex -1.220000e+02  4.964372e+02 -8.827256e+01
   endloop
 endfacet
 facet normal  0.000000e+00  4.861988e-01 -8.738482e-01
   outer loop
     vertex -1.210000e+02  4.968436e+02 -8.810233e+01
     vertex -1.220000e+02  4.966499e+02 -8.821011e+01
     vertex -1.220000e+02  4.968436e+02 -8.810233e+01
   endloop
 endfacet
 facet normal  0.000000e+00  4.861988e-01 -8.738482e-01
   outer loop
     vertex -1.210000e+02  4.968436e+02 -8.810233e+01
     vertex -1.210000e+02  4.966499e+02 -8.821011e+01
     vertex -1.220000e+02  4.966499e+02 -8.821011e+01
   endloop
 endfacet
 facet normal  0.000000e+00  6.667720e-01 -7.452618e-01
   outer loop
     vertex -1.210000e+02  4.970088e+02 -8.795452e+01
     vertex -1.220000e+02  4.968436e+02 -8.810233e+01
     vertex -1.220000e+02  4.970088e+02 -8.795452e+01
   endloop
 endfacet
 facet normal  0.000000e+00  6.667720e-01 -7.452618e-01
   outer loop
     vertex -1.210000e+02  4.970088e+02 -8.795452e+01
     vertex -1.210000e+02  4.968436e+02 -8.810233e+01
     vertex -1.220000e+02  4.968436e+02 -8.810233e+01
   endloop
 endfacet
 facet normal  0.000000e+00  8.145792e-01 -5.800523e-01
   outer loop
     vertex -1.210000e+02  4.971374e+02 -8.777395e+01
     vertex -1.220000e+02  4.970088e+02 -8.795452e+01
     vertex -1.220000e+02  4.971374e+02 -8.777395e+01
   endloop
 endfacet
 facet normal  0.000000e+00  8.145792e-01 -5.800523e-01
   outer loop
     vertex -1.210000e+02  4.971374e+02 -8.777395e+01
     vertex -1.210000e+02  4.970088e+02 -8.795452e+01
     vertex -1.220000e+02  4.970088e+02 -8.795452e+01
   endloop
 endfacet
 facet normal -5.597993e-14  9.848093e-01 -1.736395e-01
   outer loop
     vertex -1.210000e+02  4.972230e+02 -8.756948e+01
     vertex -1.220000e+02  4.972230e+02 -8.756948e+01
     vertex -1.220000e+02  4.972615e+02 -8.735117e+01
   endloop
 endfacet
 facet normal -5.242993e-14  9.223571e-01 -3.863384e-01
   outer loop
     vertex -1.210000e+02  4.972230e+02 -8.756948e+01
     vertex -1.220000e+02  4.971374e+02 -8.777395e+01
     vertex -1.220000e+02  4.972230e+02 -8.756948e+01
   endloop
 endfacet
 facet normal  0.000000e+00  9.223571e-01 -3.863384e-01
   outer loop
     vertex -1.210000e+02  4.972230e+02 -8.756948e+01
     vertex -1.210000e+02  4.971374e+02 -8.777395e+01
     vertex -1.220000e+02  4.971374e+02 -8.777395e+01
   endloop
 endfacet
 facet normal  0.000000e+00  9.988668e-01  4.759237e-02
   outer loop
     vertex -1.210000e+02  4.972615e+02 -8.735117e+01
     vertex -1.220000e+02  4.972615e+02 -8.735117e+01
     vertex -1.220000e+02  4.972510e+02 -8.712974e+01
   endloop
 endfacet
 facet normal  0.000000e+00  9.848093e-01 -1.736395e-01
   outer loop
     vertex -1.210000e+02  4.972615e+02 -8.735117e+01
     vertex -1.210000e+02  4.972230e+02 -8.756948e+01
     vertex -1.220000e+02  4.972615e+02 -8.735117e+01
   endloop
 endfacet
 facet normal  0.000000e+00  9.988668e-01  4.759237e-02
   outer loop
     vertex -1.210000e+02  4.972510e+02 -8.712974e+01
     vertex -1.210000e+02  4.972615e+02 -8.735117e+01
     vertex -1.220000e+02  4.972510e+02 -8.712974e+01
   endloop
 endfacet
 facet normal  0.000000e+00  9.638389e-01  2.664855e-01
   outer loop
     vertex -1.210000e+02  4.971919e+02 -8.691608e+01
     vertex -1.220000e+02  4.972510e+02 -8.712974e+01
     vertex -1.220000e+02  4.971919e+02 -8.691608e+01
   endloop
 endfacet
 facet normal  0.000000e+00  9.638389e-01  2.664855e-01
   outer loop
     vertex -1.210000e+02  4.971919e+02 -8.691608e+01
     vertex -1.210000e+02  4.972510e+02 -8.712974e+01
     vertex -1.220000e+02  4.972510e+02 -8.712974e+01
   endloop
 endfacet
 facet normal  0.000000e+00  4.361939e-02  9.990482e-01
   outer loop
     vertex -1.210000e+02  4.977395e+02 -9.465862e+01
     vertex -1.210000e+02  4.978267e+02 -9.466243e+01
     vertex -1.220000e+02  4.978267e+02 -9.466243e+01
   endloop
 endfacet
 facet normal  0.000000e+00  4.361939e-02  9.990482e-01
   outer loop
     vertex -1.210000e+02  4.977395e+02 -9.465862e+01
     vertex -1.220000e+02  4.978267e+02 -9.466243e+01
     vertex -1.220000e+02  4.977395e+02 -9.465862e+01
   endloop
 endfacet
 facet normal  0.000000e+00 -4.361939e-02  9.990482e-01
   outer loop
     vertex -1.210000e+02  4.976524e+02 -9.466243e+01
     vertex -1.220000e+02  4.977395e+02 -9.465862e+01
     vertex -1.220000e+02  4.976524e+02 -9.466243e+01
   endloop
 endfacet
 facet normal  0.000000e+00 -4.361939e-02  9.990482e-01
   outer loop
     vertex -1.210000e+02  4.976524e+02 -9.466243e+01
     vertex -1.210000e+02  4.977395e+02 -9.465862e+01
     vertex -1.220000e+02  4.977395e+02 -9.465862e+01
   endloop
 endfacet
 facet normal  0.000000e+00 -1.305262e-01  9.914449e-01
   outer loop
     vertex -1.210000e+02  4.975659e+02 -9.467381e+01
     vertex -1.220000e+02  4.976524e+02 -9.466243e+01
     vertex -1.220000e+02  4.975659e+02 -9.467381e+01
   endloop
 endfacet
 facet normal  0.000000e+00 -1.305262e-01  9.914449e-01
   outer loop
     vertex -1.210000e+02  4.975659e+02 -9.467381e+01
     vertex -1.210000e+02  4.976524e+02 -9.466243e+01
     vertex -1.220000e+02  4.976524e+02 -9.466243e+01
   endloop
 endfacet
 facet normal  0.000000e+00  2.065983e-01  9.784259e-01
   outer loop
     vertex -1.210000e+02  4.800688e+02 -8.600930e+01
     vertex -1.210000e+02  4.778280e+02 -8.553615e+01
     vertex -1.165000e+02  4.778280e+02 -8.553615e+01
   endloop
 endfacet
 facet normal -0.000000e+00  2.065983e-01  9.784259e-01
   outer loop
     vertex -1.210000e+02  4.800688e+02 -8.600930e+01
     vertex -1.165000e+02  4.778280e+02 -8.553615e+01
     vertex -1.165000e+02  4.800688e+02 -8.600930e+01
   endloop
 endfacet
 facet normal -0.000000e+00  6.376309e-01  7.703421e-01
   outer loop
     vertex -1.210000e+02  4.821312e+02 -8.700496e+01
     vertex -1.165000e+02  4.821312e+02 -8.700496e+01
     vertex -1.165000e+02  4.838954e+02 -8.846526e+01
   endloop
 endfacet
 facet normal -0.000000e+00  4.347475e-01  9.005524e-01
   outer loop
     vertex -1.210000e+02  4.821312e+02 -8.700496e+01
     vertex -1.165000e+02  4.800688e+02 -8.600930e+01
     vertex -1.165000e+02  4.821312e+02 -8.700496e+01
   endloop
 endfacet
 facet normal  0.000000e+00  4.347475e-01  9.005524e-01
   outer loop
     vertex -1.210000e+02  4.821312e+02 -8.700496e+01
     vertex -1.210000e+02  4.800688e+02 -8.600930e+01
     vertex -1.165000e+02  4.800688e+02 -8.600930e+01
   endloop
 endfacet
 facet normal -8.054471e-15  6.376309e-01  7.703421e-01
   outer loop
     vertex -1.210000e+02  4.838954e+02 -8.846526e+01
     vertex -1.210000e+02  4.821312e+02 -8.700496e+01
     vertex -1.165000e+02  4.838954e+02 -8.846526e+01
   endloop
 endfacet
 facet normal -0.000000e+00  9.225899e-01  3.857822e-01
   outer loop
     vertex -1.210000e+02  4.852589e+02 -9.030533e+01
     vertex -1.165000e+02  4.852589e+02 -9.030533e+01
     vertex -1.165000e+02  4.861425e+02 -9.241825e+01
   endloop
 endfacet
 facet normal -0.000000e+00  8.034574e-01  5.953623e-01
   outer loop
     vertex -1.210000e+02  4.852589e+02 -9.030533e+01
     vertex -1.165000e+02  4.838954e+02 -8.846526e+01
     vertex -1.165000e+02  4.852589e+02 -9.030533e+01
   endloop
 endfacet
 facet normal -1.016944e-14  8.034574e-01  5.953623e-01
   outer loop
     vertex -1.210000e+02  4.852589e+02 -9.030533e+01
     vertex -1.210000e+02  4.838954e+02 -8.846526e+01
     vertex -1.165000e+02  4.838954e+02 -8.846526e+01
   endloop
 endfacet
 facet normal -0.000000e+00  9.225899e-01  3.857822e-01
   outer loop
     vertex -1.210000e+02  4.861425e+02 -9.241825e+01
     vertex -1.210000e+02  4.852589e+02 -9.030533e+01
     vertex -1.165000e+02  4.861425e+02 -9.241825e+01
   endloop
 endfacet
 facet normal -0.000000e+00  9.881048e-01  1.537818e-01
   outer loop
     vertex -1.210000e+02  4.864946e+02 -9.468120e+01
     vertex -1.165000e+02  4.861425e+02 -9.241825e+01
     vertex -1.165000e+02  4.864946e+02 -9.468120e+01
   endloop
 endfacet
 facet normal  0.000000e+00  9.881048e-01  1.537818e-01
   outer loop
     vertex -1.210000e+02  4.864946e+02 -9.468120e+01
     vertex -1.210000e+02  4.861425e+02 -9.241825e+01
     vertex -1.165000e+02  4.861425e+02 -9.241825e+01
   endloop
 endfacet
 facet normal  0.000000e+00  9.961947e-01 -8.715574e-02
   outer loop
     vertex -1.210000e+02  4.862950e+02 -9.696268e+01
     vertex -1.165000e+02  4.864946e+02 -9.468120e+01
     vertex -1.165000e+02  4.862950e+02 -9.696268e+01
   endloop
 endfacet
 facet normal  0.000000e+00  9.961947e-01 -8.715574e-02
   outer loop
     vertex -1.210000e+02  4.862950e+02 -9.696268e+01
     vertex -1.210000e+02  4.864946e+02 -9.468120e+01
     vertex -1.165000e+02  4.864946e+02 -9.468120e+01
   endloop
 endfacet
 facet normal  0.000000e+00  9.463894e-01 -3.230282e-01
   outer loop
     vertex -1.210000e+02  4.855552e+02 -9.913010e+01
     vertex -1.165000e+02  4.862950e+02 -9.696268e+01
     vertex -1.165000e+02  4.855552e+02 -9.913010e+01
   endloop
 endfacet
 facet normal  0.000000e+00  9.463894e-01 -3.230282e-01
   outer loop
     vertex -1.210000e+02  4.855552e+02 -9.913010e+01
     vertex -1.210000e+02  4.862950e+02 -9.696268e+01
     vertex -1.165000e+02  4.862950e+02 -9.696268e+01
   endloop
 endfacet
 facet normal  0.000000e+00  8.415833e-01 -5.401273e-01
   outer loop
     vertex -1.210000e+02  4.843182e+02 -1.010575e+02
     vertex -1.165000e+02  4.855552e+02 -9.913010e+01
     vertex -1.165000e+02  4.843182e+02 -1.010575e+02
   endloop
 endfacet
 facet normal  0.000000e+00  8.415833e-01 -5.401273e-01
   outer loop
     vertex -1.210000e+02  4.843182e+02 -1.010575e+02
     vertex -1.210000e+02  4.855552e+02 -9.913010e+01
     vertex -1.165000e+02  4.855552e+02 -9.913010e+01
   endloop
 endfacet
 facet normal -8.689053e-15  6.878675e-01 -7.258363e-01
   outer loop
     vertex -1.210000e+02  4.826559e+02 -1.026328e+02
     vertex -1.165000e+02  4.843182e+02 -1.010575e+02
     vertex -1.165000e+02  4.826559e+02 -1.026328e+02
   endloop
 endfacet
 facet normal  0.000000e+00  6.878675e-01 -7.258363e-01
   outer loop
     vertex -1.210000e+02  4.826559e+02 -1.026328e+02
     vertex -1.210000e+02  4.843182e+02 -1.010575e+02
     vertex -1.165000e+02  4.843182e+02 -1.010575e+02
   endloop
 endfacet
 facet normal  0.000000e+00  2.717635e-01 -9.623641e-01
   outer loop
     vertex -1.210000e+02  4.806649e+02 -1.037646e+02
     vertex -1.165000e+02  4.806649e+02 -1.037646e+02
     vertex -1.165000e+02  4.784609e+02 -1.043870e+02
   endloop
 endfacet
 facet normal  0.000000e+00  4.941753e-01 -8.693623e-01
   outer loop
     vertex -1.210000e+02  4.806649e+02 -1.037646e+02
     vertex -1.165000e+02  4.826559e+02 -1.026328e+02
     vertex -1.165000e+02  4.806649e+02 -1.037646e+02
   endloop
 endfacet
 facet normal -6.248171e-15  4.941753e-01 -8.693623e-01
   outer loop
     vertex -1.210000e+02  4.806649e+02 -1.037646e+02
     vertex -1.210000e+02  4.826559e+02 -1.026328e+02
     vertex -1.165000e+02  4.826559e+02 -1.026328e+02
   endloop
 endfacet
 facet normal -3.432881e-15  2.717635e-01 -9.623641e-01
   outer loop
     vertex -1.210000e+02  4.784609e+02 -1.043870e+02
     vertex -1.210000e+02  4.806649e+02 -1.037646e+02
     vertex -1.165000e+02  4.784609e+02 -1.043870e+02
   endloop
 endfacet
 facet normal  0.000000e+00  3.355772e-02 -9.994368e-01
   outer loop
     vertex -1.210000e+02  4.761720e+02 -1.044638e+02
     vertex -1.165000e+02  4.784609e+02 -1.043870e+02
     vertex -1.165000e+02  4.761720e+02 -1.044638e+02
   endloop
 endfacet
 facet normal -4.228288e-16  3.355772e-02 -9.994368e-01
   outer loop
     vertex -1.210000e+02  4.761720e+02 -1.044638e+02
     vertex -1.210000e+02  4.784609e+02 -1.043870e+02
     vertex -1.165000e+02  4.784609e+02 -1.043870e+02
   endloop
 endfacet
 facet normal  1.000000e+00  1.781820e-14 -7.602290e-16
   outer loop
     vertex -1.165000e+02  4.835479e+02 -1.004199e+02
     vertex -1.165000e+02  4.826559e+02 -1.026328e+02
     vertex -1.165000e+02  4.843182e+02 -1.010575e+02
   endloop
 endfacet
 facet normal  1.000000e+00  5.612974e-15  4.159216e-15
   outer loop
     vertex -1.165000e+02  4.835479e+02 -1.004199e+02
     vertex -1.165000e+02  4.820606e+02 -1.018294e+02
     vertex -1.165000e+02  4.826559e+02 -1.026328e+02
   endloop
 endfacet
 facet normal  1.000000e+00 -5.766790e-15 -2.411391e-15
   outer loop
     vertex -1.165000e+02  4.802791e+02 -1.028420e+02
     vertex -1.165000e+02  4.806649e+02 -1.037646e+02
     vertex -1.165000e+02  4.826559e+02 -1.026328e+02
   endloop
 endfacet
 facet normal  1.000000e+00 -5.612974e-15 -4.159216e-15
   outer loop
     vertex -1.165000e+02  4.802791e+02 -1.028420e+02
     vertex -1.165000e+02  4.826559e+02 -1.026328e+02
     vertex -1.165000e+02  4.820606e+02 -1.018294e+02
   endloop
 endfacet
 facet normal  1.000000e+00  0.000000e+00  0.000000e+00
   outer loop
     vertex -1.165000e+02  4.846547e+02 -9.869535e+01
     vertex -1.165000e+02  4.843182e+02 -1.010575e+02
     vertex -1.165000e+02  4.855552e+02 -9.913010e+01
   endloop
 endfacet
 facet normal  1.000000e+00  1.650196e-14 -2.350417e-15
   outer loop
     vertex -1.165000e+02  4.846547e+02 -9.869535e+01
     vertex -1.165000e+02  4.835479e+02 -1.004199e+02
     vertex -1.165000e+02  4.843182e+02 -1.010575e+02
   endloop
 endfacet
 facet normal  1.000000e+00  1.235260e-14  1.922474e-15
   outer loop
     vertex -1.165000e+02  4.783071e+02 -1.033989e+02
     vertex -1.165000e+02  4.784609e+02 -1.043870e+02
     vertex -1.165000e+02  4.806649e+02 -1.037646e+02
   endloop
 endfacet
 facet normal  1.000000e+00  1.289047e-14  5.390168e-15
   outer loop
     vertex -1.165000e+02  4.783071e+02 -1.033989e+02
     vertex -1.165000e+02  4.806649e+02 -1.037646e+02
     vertex -1.165000e+02  4.802791e+02 -1.028420e+02
   endloop
 endfacet
 facet normal  1.000000e+00  0.000000e+00  0.000000e+00
   outer loop
     vertex -1.165000e+02  4.761720e+02 -1.044638e+02
     vertex -1.165000e+02  4.784609e+02 -1.043870e+02
     vertex -1.165000e+02  4.783071e+02 -1.033989e+02
   endloop
 endfacet
 facet normal  1.000000e+00 -1.483915e-14 -1.491580e-15
   outer loop
     vertex -1.165000e+02  4.853166e+02 -9.675609e+01
     vertex -1.165000e+02  4.855552e+02 -9.913010e+01
     vertex -1.165000e+02  4.862950e+02 -9.696268e+01
   endloop
 endfacet
 facet normal  1.000000e+00  0.000000e+00  0.000000e+00
   outer loop
     vertex -1.165000e+02  4.853166e+02 -9.675609e+01
     vertex -1.165000e+02  4.846547e+02 -9.869535e+01
     vertex -1.165000e+02  4.855552e+02 -9.913010e+01
   endloop
 endfacet
 facet normal  1.000000e+00 -0.000000e+00  0.000000e+00
   outer loop
     vertex -1.165000e+02  4.762592e+02 -1.034677e+02
     vertex -1.165000e+02  4.761720e+02 -1.044638e+02
     vertex -1.165000e+02  4.783071e+02 -1.033989e+02
   endloop
 endfacet
 facet normal  1.000000e+00 -1.426076e-14  1.247654e-15
   outer loop
     vertex -1.165000e+02  4.864946e+02 -9.468120e+01
     vertex -1.165000e+02  4.853166e+02 -9.675609e+01
     vertex -1.165000e+02  4.862950e+02 -9.696268e+01
   endloop
 endfacet
 facet normal  1.000000e+00 -1.426076e-14  1.247654e-15
   outer loop
     vertex -1.165000e+02  4.854952e+02 -9.471476e+01
     vertex -1.165000e+02  4.853166e+02 -9.675609e+01
     vertex -1.165000e+02  4.864946e+02 -9.468120e+01
   endloop
 endfacet
 facet normal  1.000000e+00  2.957502e-15  1.400639e-14
   outer loop
     vertex -1.165000e+02  4.742543e+02 -1.030443e+02
     vertex -1.165000e+02  4.739312e+02 -1.039907e+02
     vertex -1.165000e+02  4.761720e+02 -1.044638e+02
   endloop
 endfacet
 facet normal  1.000000e+00 -6.959441e-15  6.088722e-16
   outer loop
     vertex -1.165000e+02  4.742543e+02 -1.030443e+02
     vertex -1.165000e+02  4.761720e+02 -1.044638e+02
     vertex -1.165000e+02  4.762592e+02 -1.034677e+02
   endloop
 endfacet
 facet normal  1.000000e+00 -1.414495e-14 -2.201422e-15
   outer loop
     vertex -1.165000e+02  4.851801e+02 -9.269001e+01
     vertex -1.165000e+02  4.864946e+02 -9.468120e+01
     vertex -1.165000e+02  4.861425e+02 -9.241825e+01
   endloop
 endfacet
 facet normal  1.000000e+00 -1.414495e-14 -2.201422e-15
   outer loop
     vertex -1.165000e+02  4.851801e+02 -9.269001e+01
     vertex -1.165000e+02  4.854952e+02 -9.471476e+01
     vertex -1.165000e+02  4.864946e+02 -9.468120e+01
   endloop
 endfacet
 facet normal  1.000000e+00  5.260446e-15 -3.376149e-15
   outer loop
     vertex -1.165000e+02  4.724089e+02 -1.021535e+02
     vertex -1.165000e+02  4.718688e+02 -1.029950e+02
     vertex -1.165000e+02  4.739312e+02 -1.039907e+02
   endloop
 endfacet
 facet normal  1.000000e+00  1.944651e-14  8.378248e-15
   outer loop
     vertex -1.165000e+02  4.724089e+02 -1.021535e+02
     vertex -1.165000e+02  4.739312e+02 -1.039907e+02
     vertex -1.165000e+02  4.742543e+02 -1.030443e+02
   endloop
 endfacet
 facet normal  1.000000e+00 -3.088919e-15  5.434083e-15
   outer loop
     vertex -1.165000e+02  4.843896e+02 -9.079951e+01
     vertex -1.165000e+02  4.861425e+02 -9.241825e+01
     vertex -1.165000e+02  4.852589e+02 -9.030533e+01
   endloop
 endfacet
 facet normal  1.000000e+00 -1.320709e-14 -5.522560e-15
   outer loop
     vertex -1.165000e+02  4.843896e+02 -9.079951e+01
     vertex -1.165000e+02  4.851801e+02 -9.269001e+01
     vertex -1.165000e+02  4.861425e+02 -9.241825e+01
   endloop
 endfacet
 facet normal  1.000000e+00 -4.299622e-15  4.536952e-15
   outer loop
     vertex -1.165000e+02  4.708304e+02 -1.008469e+02
     vertex -1.165000e+02  4.701046e+02 -1.015347e+02
     vertex -1.165000e+02  4.718688e+02 -1.029950e+02
   endloop
 endfacet
 facet normal  1.000000e+00 -5.879322e-15  3.773343e-15
   outer loop
     vertex -1.165000e+02  4.708304e+02 -1.008469e+02
     vertex -1.165000e+02  4.718688e+02 -1.029950e+02
     vertex -1.165000e+02  4.724089e+02 -1.021535e+02
   endloop
 endfacet
 facet normal  1.000000e+00  2.111260e-14 -1.618674e-15
   outer loop
     vertex -1.165000e+02  4.838954e+02 -8.846526e+01
     vertex -1.165000e+02  4.831696e+02 -8.915313e+01
     vertex -1.165000e+02  4.843896e+02 -9.079951e+01
   endloop
 endfacet
 facet normal  1.000000e+00  3.088919e-15 -5.434083e-15
   outer loop
     vertex -1.165000e+02  4.838954e+02 -8.846526e+01
     vertex -1.165000e+02  4.843896e+02 -9.079951e+01
     vertex -1.165000e+02  4.852589e+02 -9.030533e+01
   endloop
 endfacet
 facet normal  1.000000e+00  4.805460e-15 -5.070711e-15
   outer loop
     vertex -1.165000e+02  4.696104e+02 -9.920049e+01
     vertex -1.165000e+02  4.701046e+02 -1.015347e+02
     vertex -1.165000e+02  4.708304e+02 -1.008469e+02
   endloop
 endfacet
 facet normal  1.000000e+00  1.767951e-14 -2.345419e-15
   outer loop
     vertex -1.165000e+02  4.687411e+02 -9.969467e+01
     vertex -1.165000e+02  4.701046e+02 -1.015347e+02
     vertex -1.165000e+02  4.696104e+02 -9.920049e+01
   endloop
 endfacet
 facet normal  1.000000e+00  0.000000e+00  0.000000e+00
   outer loop
     vertex -1.165000e+02  4.821312e+02 -8.700496e+01
     vertex -1.165000e+02  4.815911e+02 -8.784654e+01
     vertex -1.165000e+02  4.831696e+02 -8.915313e+01
   endloop
 endfacet
 facet normal  1.000000e+00  1.342745e-14  6.490671e-15
   outer loop
     vertex -1.165000e+02  4.821312e+02 -8.700496e+01
     vertex -1.165000e+02  4.831696e+02 -8.915313e+01
     vertex -1.165000e+02  4.838954e+02 -8.846526e+01
   endloop
 endfacet
 facet normal  1.000000e+00  1.665941e-14 -5.508265e-16
   outer loop
     vertex -1.165000e+02  4.688199e+02 -9.730999e+01
     vertex -1.165000e+02  4.687411e+02 -9.969467e+01
     vertex -1.165000e+02  4.696104e+02 -9.920049e+01
   endloop
 endfacet
 facet normal  1.000000e+00 -0.000000e+00  0.000000e+00
   outer loop
     vertex -1.165000e+02  4.678575e+02 -9.758175e+01
     vertex -1.165000e+02  4.687411e+02 -9.969467e+01
     vertex -1.165000e+02  4.688199e+02 -9.730999e+01
   endloop
 endfacet
 facet normal  1.000000e+00  6.223511e-15  1.289161e-14
   outer loop
     vertex -1.165000e+02  4.800688e+02 -8.600930e+01
     vertex -1.165000e+02  4.797457e+02 -8.695569e+01
     vertex -1.165000e+02  4.815911e+02 -8.784654e+01
   endloop
 endfacet
 facet normal  1.000000e+00 -5.260446e-15  3.376149e-15
   outer loop
     vertex -1.165000e+02  4.800688e+02 -8.600930e+01
     vertex -1.165000e+02  4.815911e+02 -8.784654e+01
     vertex -1.165000e+02  4.821312e+02 -8.700496e+01
   endloop
 endfacet
 facet normal  1.000000e+00  0.000000e+00  0.000000e+00
   outer loop
     vertex -1.165000e+02  4.675054e+02 -9.531880e+01
     vertex -1.165000e+02  4.678575e+02 -9.758175e+01
     vertex -1.165000e+02  4.688199e+02 -9.730999e+01
   endloop
 endfacet
 facet normal  1.000000e+00 -0.000000e+00  0.000000e+00
   outer loop
     vertex -1.165000e+02  4.675054e+02 -9.531880e+01
     vertex -1.165000e+02  4.688199e+02 -9.730999e+01
     vertex -1.165000e+02  4.685048e+02 -9.528524e+01
   endloop
 endfacet
 facet normal  1.000000e+00  0.000000e+00  0.000000e+00
   outer loop
     vertex -1.165000e+02  4.686834e+02 -9.324391e+01
     vertex -1.165000e+02  4.675054e+02 -9.531880e+01
     vertex -1.165000e+02  4.685048e+02 -9.528524e+01
   endloop
 endfacet
 facet normal  1.000000e+00  1.478861e-14  9.968116e-15
   outer loop
     vertex -1.165000e+02  4.778280e+02 -8.553615e+01
     vertex -1.165000e+02  4.797457e+02 -8.695569e+01
     vertex -1.165000e+02  4.800688e+02 -8.600930e+01
   endloop
 endfacet
 facet normal  1.000000e+00  6.959441e-15 -6.088722e-16
   outer loop
     vertex -1.165000e+02  4.778280e+02 -8.553615e+01
     vertex -1.165000e+02  4.777408e+02 -8.653235e+01
     vertex -1.165000e+02  4.797457e+02 -8.695569e+01
   endloop
 endfacet
 facet normal  1.000000e+00  0.000000e+00  0.000000e+00
   outer loop
     vertex -1.165000e+02  4.677050e+02 -9.303732e+01
     vertex -1.165000e+02  4.675054e+02 -9.531880e+01
     vertex -1.165000e+02  4.686834e+02 -9.324391e+01
   endloop
 endfacet
 facet normal  1.000000e+00 -6.226868e-15  5.447804e-16
   outer loop
     vertex -1.165000e+02  4.755391e+02 -8.561300e+01
     vertex -1.165000e+02  4.777408e+02 -8.653235e+01
     vertex -1.165000e+02  4.778280e+02 -8.553615e+01
   endloop
 endfacet
 facet normal  1.000000e+00 -6.902925e-15 -1.074324e-15
   outer loop
     vertex -1.165000e+02  4.755391e+02 -8.561300e+01
     vertex -1.165000e+02  4.756929e+02 -8.660111e+01
     vertex -1.165000e+02  4.777408e+02 -8.653235e+01
   endloop
 endfacet
 facet normal  1.000000e+00  0.000000e+00  0.000000e+00
   outer loop
     vertex -1.165000e+02  4.684448e+02 -9.086990e+01
     vertex -1.165000e+02  4.677050e+02 -9.303732e+01
     vertex -1.165000e+02  4.686834e+02 -9.324391e+01
   endloop
 endfacet
 facet normal  1.000000e+00  1.658494e-14  1.667060e-15
   outer loop
     vertex -1.165000e+02  4.684448e+02 -9.086990e+01
     vertex -1.165000e+02  4.686834e+02 -9.324391e+01
     vertex -1.165000e+02  4.693453e+02 -9.130465e+01
   endloop
 endfacet
 facet normal  1.000000e+00  1.033559e-14 -1.108138e-14
   outer loop
     vertex -1.165000e+02  4.733351e+02 -8.623540e+01
     vertex -1.165000e+02  4.737209e+02 -8.715799e+01
     vertex -1.165000e+02  4.756929e+02 -8.660111e+01
   endloop
 endfacet
 facet normal  1.000000e+00  1.235260e-14  1.922474e-15
   outer loop
     vertex -1.165000e+02  4.733351e+02 -8.623540e+01
     vertex -1.165000e+02  4.756929e+02 -8.660111e+01
     vertex -1.165000e+02  4.755391e+02 -8.561300e+01
   endloop
 endfacet
 facet normal  1.000000e+00  1.650196e-14 -2.350417e-15
   outer loop
     vertex -1.165000e+02  4.696818e+02 -8.894251e+01
     vertex -1.165000e+02  4.693453e+02 -9.130465e+01
     vertex -1.165000e+02  4.704521e+02 -8.958014e+01
   endloop
 endfacet
 facet normal  1.000000e+00  1.476491e-14 -2.103005e-15
   outer loop
     vertex -1.165000e+02  4.696818e+02 -8.894251e+01
     vertex -1.165000e+02  4.684448e+02 -9.086990e+01
     vertex -1.165000e+02  4.693453e+02 -9.130465e+01
   endloop
 endfacet
 facet normal  1.000000e+00  7.074233e-15 -1.244512e-14
   outer loop
     vertex -1.165000e+02  4.713441e+02 -8.736715e+01
     vertex -1.165000e+02  4.737209e+02 -8.715799e+01
     vertex -1.165000e+02  4.733351e+02 -8.623540e+01
   endloop
 endfacet
 facet normal  1.000000e+00  5.612974e-15  4.159216e-15
   outer loop
     vertex -1.165000e+02  4.713441e+02 -8.736715e+01
     vertex -1.165000e+02  4.719394e+02 -8.817061e+01
     vertex -1.165000e+02  4.737209e+02 -8.715799e+01
   endloop
 endfacet
 facet normal  1.000000e+00 -5.612974e-15 -4.159216e-15
   outer loop
     vertex -1.165000e+02  4.713441e+02 -8.736715e+01
     vertex -1.165000e+02  4.704521e+02 -8.958014e+01
     vertex -1.165000e+02  4.719394e+02 -8.817061e+01
   endloop
 endfacet
 facet normal  1.000000e+00  9.846981e-15 -1.039051e-14
   outer loop
     vertex -1.165000e+02  4.713441e+02 -8.736715e+01
     vertex -1.165000e+02  4.696818e+02 -8.894251e+01
     vertex -1.165000e+02  4.704521e+02 -8.958014e+01
   endloop
 endfacet
 facet normal  0.000000e+00  2.065983e-01  9.784259e-01
   outer loop
     vertex -1.165000e+02  4.797457e+02 -8.695569e+01
     vertex -1.165000e+02  4.777408e+02 -8.653235e+01
     vertex -1.115000e+02  4.777408e+02 -8.653235e+01
   endloop
 endfacet
 facet normal -0.000000e+00  2.065983e-01  9.784259e-01
   outer loop
     vertex -1.165000e+02  4.797457e+02 -8.695569e+01
     vertex -1.115000e+02  4.777408e+02 -8.653235e+01
     vertex -1.115000e+02  4.797457e+02 -8.695569e+01
   endloop
 endfacet
 facet normal -4.942507e-15  4.347475e-01  9.005524e-01
   outer loop
     vertex -1.165000e+02  4.815911e+02 -8.784654e+01
     vertex -1.115000e+02  4.797457e+02 -8.695569e+01
     vertex -1.115000e+02  4.815911e+02 -8.784654e+01
   endloop
 endfacet
 facet normal  0.000000e+00  4.347475e-01  9.005524e-01
   outer loop
     vertex -1.165000e+02  4.815911e+02 -8.784654e+01
     vertex -1.165000e+02  4.797457e+02 -8.695569e+01
     vertex -1.115000e+02  4.797457e+02 -8.695569e+01
   endloop
 endfacet
 facet normal -0.000000e+00  8.034574e-01  5.953623e-01
   outer loop
     vertex -1.165000e+02  4.831696e+02 -8.915313e+01
     vertex -1.115000e+02  4.831696e+02 -8.915313e+01
     vertex -1.115000e+02  4.843896e+02 -9.079951e+01
   endloop
 endfacet
 facet normal -0.000000e+00  6.376309e-01  7.703421e-01
   outer loop
     vertex -1.165000e+02  4.831696e+02 -8.915313e+01
     vertex -1.115000e+02  4.815911e+02 -8.784654e+01
     vertex -1.115000e+02  4.831696e+02 -8.915313e+01
   endloop
 endfacet
 facet normal -7.238499e-15  6.376309e-01  7.703421e-01
   outer loop
     vertex -1.165000e+02  4.831696e+02 -8.915313e+01
     vertex -1.165000e+02  4.815911e+02 -8.784654e+01
     vertex -1.115000e+02  4.815911e+02 -8.784654e+01
   endloop
 endfacet
 facet normal -7.442132e-15  8.034574e-01  5.953623e-01
   outer loop
     vertex -1.165000e+02  4.843896e+02 -9.079951e+01
     vertex -1.165000e+02  4.831696e+02 -8.915313e+01
     vertex -1.115000e+02  4.843896e+02 -9.079951e+01
   endloop
 endfacet
 facet normal -1.048863e-14  9.225899e-01  3.857822e-01
   outer loop
     vertex -1.165000e+02  4.851801e+02 -9.269001e+01
     vertex -1.115000e+02  4.843896e+02 -9.079951e+01
     vertex -1.115000e+02  4.851801e+02 -9.269001e+01
   endloop
 endfacet
 facet normal -9.384043e-15  9.225899e-01  3.857822e-01
   outer loop
     vertex -1.165000e+02  4.851801e+02 -9.269001e+01
     vertex -1.165000e+02  4.843896e+02 -9.079951e+01
     vertex -1.115000e+02  4.843896e+02 -9.079951e+01
   endloop
 endfacet
 facet normal -0.000000e+00  9.881048e-01  1.537818e-01
   outer loop
     vertex -1.165000e+02  4.854952e+02 -9.471476e+01
     vertex -1.115000e+02  4.851801e+02 -9.269001e+01
     vertex -1.115000e+02  4.854952e+02 -9.471476e+01
   endloop
 endfacet
 facet normal -1.122618e-14  9.881048e-01  1.537818e-01
   outer loop
     vertex -1.165000e+02  4.854952e+02 -9.471476e+01
     vertex -1.165000e+02  4.851801e+02 -9.269001e+01
     vertex -1.115000e+02  4.851801e+02 -9.269001e+01
   endloop
 endfacet
 facet normal  0.000000e+00  9.961947e-01 -8.715574e-02
   outer loop
     vertex -1.165000e+02  4.853166e+02 -9.675609e+01
     vertex -1.115000e+02  4.854952e+02 -9.471476e+01
     vertex -1.115000e+02  4.853166e+02 -9.675609e+01
   endloop
 endfacet
 facet normal  0.000000e+00  9.961947e-01 -8.715574e-02
   outer loop
     vertex -1.165000e+02  4.853166e+02 -9.675609e+01
     vertex -1.165000e+02  4.854952e+02 -9.471476e+01
     vertex -1.115000e+02  4.854952e+02 -9.471476e+01
   endloop
 endfacet
 facet normal -1.167730e-14  9.463894e-01 -3.230282e-01
   outer loop
     vertex -1.165000e+02  4.846547e+02 -9.869535e+01
     vertex -1.115000e+02  4.853166e+02 -9.675609e+01
     vertex -1.115000e+02  4.846547e+02 -9.869535e+01
   endloop
 endfacet
 facet normal  0.000000e+00  9.463894e-01 -3.230282e-01
   outer loop
     vertex -1.165000e+02  4.846547e+02 -9.869535e+01
     vertex -1.165000e+02  4.853166e+02 -9.675609e+01
     vertex -1.115000e+02  4.853166e+02 -9.675609e+01
   endloop
 endfacet
 facet normal  0.000000e+00  6.878675e-01 -7.258363e-01
   outer loop
     vertex -1.165000e+02  4.835479e+02 -1.004199e+02
     vertex -1.115000e+02  4.835479e+02 -1.004199e+02
     vertex -1.115000e+02  4.820606e+02 -1.018294e+02
   endloop
 endfacet
 facet normal  0.000000e+00  8.415833e-01 -5.401273e-01
   outer loop
     vertex -1.165000e+02  4.835479e+02 -1.004199e+02
     vertex -1.115000e+02  4.846547e+02 -9.869535e+01
     vertex -1.115000e+02  4.835479e+02 -1.004199e+02
   endloop
 endfacet
 facet normal -1.111781e-14  8.415833e-01 -5.401273e-01
   outer loop
     vertex -1.165000e+02  4.835479e+02 -1.004199e+02
     vertex -1.165000e+02  4.846547e+02 -9.869535e+01
     vertex -1.115000e+02  4.846547e+02 -9.869535e+01
   endloop
 endfacet
 facet normal  0.000000e+00  6.878675e-01 -7.258363e-01
   outer loop
     vertex -1.165000e+02  4.820606e+02 -1.018294e+02
     vertex -1.165000e+02  4.835479e+02 -1.004199e+02
     vertex -1.115000e+02  4.820606e+02 -1.018294e+02
   endloop
 endfacet
 facet normal  0.000000e+00  4.941753e-01 -8.693623e-01
   outer loop
     vertex -1.165000e+02  4.802791e+02 -1.028420e+02
     vertex -1.115000e+02  4.820606e+02 -1.018294e+02
     vertex -1.115000e+02  4.802791e+02 -1.028420e+02
   endloop
 endfacet
 facet normal  0.000000e+00  4.941753e-01 -8.693623e-01
   outer loop
     vertex -1.165000e+02  4.802791e+02 -1.028420e+02
     vertex -1.165000e+02  4.820606e+02 -1.018294e+02
     vertex -1.115000e+02  4.820606e+02 -1.018294e+02
   endloop
 endfacet
 facet normal  0.000000e+00  3.355772e-02 -9.994368e-01
   outer loop
     vertex -1.165000e+02  4.783071e+02 -1.033989e+02
     vertex -1.115000e+02  4.783071e+02 -1.033989e+02
     vertex -1.115000e+02  4.762592e+02 -1.034677e+02
   endloop
 endfacet
 facet normal  0.000000e+00  2.717635e-01 -9.623641e-01
   outer loop
     vertex -1.165000e+02  4.783071e+02 -1.033989e+02
     vertex -1.115000e+02  4.802791e+02 -1.028420e+02
     vertex -1.115000e+02  4.783071e+02 -1.033989e+02
   endloop
 endfacet
 facet normal  0.000000e+00  2.717635e-01 -9.623641e-01
   outer loop
     vertex -1.165000e+02  4.783071e+02 -1.033989e+02
     vertex -1.165000e+02  4.802791e+02 -1.028420e+02
     vertex -1.115000e+02  4.802791e+02 -1.028420e+02
   endloop
 endfacet
 facet normal  2.077556e-15  3.355772e-02 -9.994368e-01
   outer loop
     vertex -1.165000e+02  4.762592e+02 -1.034677e+02
     vertex -1.165000e+02  4.783071e+02 -1.033989e+02
     vertex -1.115000e+02  4.762592e+02 -1.034677e+02
   endloop
 endfacet
 facet normal  1.000000e+00 -7.971051e-15 -1.084251e-17
   outer loop
     vertex -1.115000e+02  4.802745e+02 -9.941902e+01
     vertex -1.115000e+02  4.802791e+02 -1.028420e+02
     vertex -1.115000e+02  4.820606e+02 -1.018294e+02
   endloop
 endfacet
 facet normal  1.000000e+00  0.000000e+00  0.000000e+00
   outer loop
     vertex -1.115000e+02  4.812369e+02 -9.850697e+01
     vertex -1.115000e+02  4.820606e+02 -1.018294e+02
     vertex -1.115000e+02  4.835479e+02 -1.004199e+02
   endloop
 endfacet
 facet normal  1.000000e+00 -1.195692e-14 -2.964375e-15
   outer loop
     vertex -1.115000e+02  4.812369e+02 -9.850697e+01
     vertex -1.115000e+02  4.802745e+02 -9.941902e+01
     vertex -1.115000e+02  4.820606e+02 -1.018294e+02
   endloop
 endfacet
 facet normal  1.000000e+00  1.231890e-14  1.675661e-17
   outer loop
     vertex -1.115000e+02  4.791218e+02 -1.000742e+02
     vertex -1.115000e+02  4.802791e+02 -1.028420e+02
     vertex -1.115000e+02  4.802745e+02 -9.941902e+01
   endloop
 endfacet
 facet normal  1.000000e+00  1.410595e-14  7.427865e-15
   outer loop
     vertex -1.115000e+02  4.819530e+02 -9.739111e+01
     vertex -1.115000e+02  4.835479e+02 -1.004199e+02
     vertex -1.115000e+02  4.846547e+02 -9.869535e+01
   endloop
 endfacet
 facet normal  1.000000e+00  0.000000e+00  0.000000e+00
   outer loop
     vertex -1.115000e+02  4.819530e+02 -9.739111e+01
     vertex -1.115000e+02  4.812369e+02 -9.850697e+01
     vertex -1.115000e+02  4.835479e+02 -1.004199e+02
   endloop
 endfacet
 facet normal  1.000000e+00  0.000000e+00  0.000000e+00
   outer loop
     vertex -1.115000e+02  4.778458e+02 -1.004346e+02
     vertex -1.115000e+02  4.762592e+02 -1.034677e+02
     vertex -1.115000e+02  4.783071e+02 -1.033989e+02
   endloop
 endfacet
 facet normal  1.000000e+00  1.380585e-14  2.148648e-15
   outer loop
     vertex -1.115000e+02  4.778458e+02 -1.004346e+02
     vertex -1.115000e+02  4.783071e+02 -1.033989e+02
     vertex -1.115000e+02  4.802791e+02 -1.028420e+02
   endloop
 endfacet
 facet normal  1.000000e+00  1.125761e-14 -4.270241e-16
   outer loop
     vertex -1.115000e+02  4.778458e+02 -1.004346e+02
     vertex -1.115000e+02  4.802791e+02 -1.028420e+02
     vertex -1.115000e+02  4.791218e+02 -1.000742e+02
   endloop
 endfacet
 facet normal  1.000000e+00  9.031853e-15 -3.082815e-15
   outer loop
     vertex -1.115000e+02  4.823813e+02 -9.613629e+01
     vertex -1.115000e+02  4.846547e+02 -9.869535e+01
     vertex -1.115000e+02  4.853166e+02 -9.675609e+01
   endloop
 endfacet
 facet normal  1.000000e+00  9.031853e-15 -3.082815e-15
   outer loop
     vertex -1.115000e+02  4.823813e+02 -9.613629e+01
     vertex -1.115000e+02  4.819530e+02 -9.739111e+01
     vertex -1.115000e+02  4.846547e+02 -9.869535e+01
   endloop
 endfacet
 facet normal  1.000000e+00 -0.000000e+00  0.000000e+00
   outer loop
     vertex -1.115000e+02  4.765206e+02 -1.004791e+02
     vertex -1.115000e+02  4.762592e+02 -1.034677e+02
     vertex -1.115000e+02  4.778458e+02 -1.004346e+02
   endloop
 endfacet
 facet normal  1.000000e+00  9.507170e-15 -8.317696e-16
   outer loop
     vertex -1.115000e+02  4.824969e+02 -9.481543e+01
     vertex -1.115000e+02  4.853166e+02 -9.675609e+01
     vertex -1.115000e+02  4.854952e+02 -9.471476e+01
   endloop
 endfacet
 facet normal  1.000000e+00  9.507170e-15 -8.317696e-16
   outer loop
     vertex -1.115000e+02  4.824969e+02 -9.481543e+01
     vertex -1.115000e+02  4.823813e+02 -9.613629e+01
     vertex -1.115000e+02  4.853166e+02 -9.675609e+01
   endloop
 endfacet
 facet normal  1.000000e+00 -6.611500e-15  2.256683e-15
   outer loop
     vertex -1.115000e+02  4.752233e+02 -1.002051e+02
     vertex -1.115000e+02  4.742543e+02 -1.030443e+02
     vertex -1.115000e+02  4.762592e+02 -1.034677e+02
   endloop
 endfacet
 facet normal  1.000000e+00 -1.075550e-14  9.409843e-16
   outer loop
     vertex -1.115000e+02  4.752233e+02 -1.002051e+02
     vertex -1.115000e+02  4.762592e+02 -1.034677e+02
     vertex -1.115000e+02  4.765206e+02 -1.004791e+02
   endloop
 endfacet
 facet normal  1.000000e+00  1.322300e-14 -4.513366e-15
   outer loop
     vertex -1.115000e+02  4.724089e+02 -1.021535e+02
     vertex -1.115000e+02  4.742543e+02 -1.030443e+02
     vertex -1.115000e+02  4.752233e+02 -1.002051e+02
   endloop
 endfacet
 facet normal  1.000000e+00  9.429964e-15  1.467615e-15
   outer loop
     vertex -1.115000e+02  4.822930e+02 -9.350530e+01
     vertex -1.115000e+02  4.854952e+02 -9.471476e+01
     vertex -1.115000e+02  4.851801e+02 -9.269001e+01
   endloop
 endfacet
 facet normal  1.000000e+00  9.429964e-15  1.467615e-15
   outer loop
     vertex -1.115000e+02  4.822930e+02 -9.350530e+01
     vertex -1.115000e+02  4.824969e+02 -9.481543e+01
     vertex -1.115000e+02  4.854952e+02 -9.471476e+01
   endloop
 endfacet
 facet normal  1.000000e+00  4.149007e-15  8.594409e-15
   outer loop
     vertex -1.115000e+02  4.740293e+02 -9.962871e+01
     vertex -1.115000e+02  4.724089e+02 -1.021535e+02
     vertex -1.115000e+02  4.752233e+02 -1.002051e+02
   endloop
 endfacet
 facet normal  1.000000e+00  8.804724e-15  3.681707e-15
   outer loop
     vertex -1.115000e+02  4.817815e+02 -9.228204e+01
     vertex -1.115000e+02  4.851801e+02 -9.269001e+01
     vertex -1.115000e+02  4.843896e+02 -9.079951e+01
   endloop
 endfacet
 facet normal  1.000000e+00  8.804724e-15  3.681707e-15
   outer loop
     vertex -1.115000e+02  4.817815e+02 -9.228204e+01
     vertex -1.115000e+02  4.822930e+02 -9.350530e+01
     vertex -1.115000e+02  4.851801e+02 -9.269001e+01
   endloop
 endfacet
 facet normal  1.000000e+00 -7.848070e-15  1.394836e-15
   outer loop
     vertex -1.115000e+02  4.730079e+02 -9.878327e+01
     vertex -1.115000e+02  4.708304e+02 -1.008469e+02
     vertex -1.115000e+02  4.724089e+02 -1.021535e+02
   endloop
 endfacet
 facet normal  1.000000e+00  2.425767e-14 -4.311312e-15
   outer loop
     vertex -1.115000e+02  4.730079e+02 -9.878327e+01
     vertex -1.115000e+02  4.724089e+02 -1.021535e+02
     vertex -1.115000e+02  4.740293e+02 -9.962871e+01
   endloop
 endfacet
 facet normal  1.000000e+00  1.457243e-14 -6.464942e-15
   outer loop
     vertex -1.115000e+02  4.831696e+02 -8.915313e+01
     vertex -1.115000e+02  4.817815e+02 -9.228204e+01
     vertex -1.115000e+02  4.843896e+02 -9.079951e+01
   endloop
 endfacet
 facet normal  1.000000e+00 -1.126051e-14  4.995637e-15
   outer loop
     vertex -1.115000e+02  4.831696e+02 -8.915313e+01
     vertex -1.115000e+02  4.809921e+02 -9.121673e+01
     vertex -1.115000e+02  4.817815e+02 -9.228204e+01
   endloop
 endfacet
 facet normal  1.000000e+00 -3.833892e-15 -2.840916e-15
   outer loop
     vertex -1.115000e+02  4.722185e+02 -9.771796e+01
     vertex -1.115000e+02  4.708304e+02 -1.008469e+02
     vertex -1.115000e+02  4.730079e+02 -9.878327e+01
   endloop
 endfacet
 facet normal  1.000000e+00  3.452321e-15 -6.073387e-15
   outer loop
     vertex -1.115000e+02  4.696104e+02 -9.920049e+01
     vertex -1.115000e+02  4.708304e+02 -1.008469e+02
     vertex -1.115000e+02  4.722185e+02 -9.771796e+01
   endloop
 endfacet
 facet normal  1.000000e+00  4.384009e-15 -1.151243e-14
   outer loop
     vertex -1.115000e+02  4.799707e+02 -9.037129e+01
     vertex -1.115000e+02  4.809921e+02 -9.121673e+01
     vertex -1.115000e+02  4.831696e+02 -8.915313e+01
   endloop
 endfacet
 facet normal  1.000000e+00  0.000000e+00  0.000000e+00
   outer loop
     vertex -1.115000e+02  4.815911e+02 -8.784654e+01
     vertex -1.115000e+02  4.799707e+02 -9.037129e+01
     vertex -1.115000e+02  4.831696e+02 -8.915313e+01
   endloop
 endfacet
 facet normal  1.000000e+00  3.452321e-15 -6.073387e-15
   outer loop
     vertex -1.115000e+02  4.688199e+02 -9.730999e+01
     vertex -1.115000e+02  4.696104e+02 -9.920049e+01
     vertex -1.115000e+02  4.722185e+02 -9.771796e+01
   endloop
 endfacet
 facet normal  1.000000e+00  4.402362e-15  1.840853e-15
   outer loop
     vertex -1.115000e+02  4.688199e+02 -9.730999e+01
     vertex -1.115000e+02  4.722185e+02 -9.771796e+01
     vertex -1.115000e+02  4.717070e+02 -9.649470e+01
   endloop
 endfacet
 facet normal  1.000000e+00  0.000000e+00  0.000000e+00
   outer loop
     vertex -1.115000e+02  4.797457e+02 -8.695569e+01
     vertex -1.115000e+02  4.799707e+02 -9.037129e+01
     vertex -1.115000e+02  4.815911e+02 -8.784654e+01
   endloop
 endfacet
 facet normal  1.000000e+00  1.229228e-14  8.096037e-16
   outer loop
     vertex -1.115000e+02  4.797457e+02 -8.695569e+01
     vertex -1.115000e+02  4.787767e+02 -8.979486e+01
     vertex -1.115000e+02  4.799707e+02 -9.037129e+01
   endloop
 endfacet
 facet normal  1.000000e+00  4.714982e-15  7.338074e-16
   outer loop
     vertex -1.115000e+02  4.685048e+02 -9.528524e+01
     vertex -1.115000e+02  4.688199e+02 -9.730999e+01
     vertex -1.115000e+02  4.717070e+02 -9.649470e+01
   endloop
 endfacet
 facet normal  1.000000e+00  4.714982e-15  7.338074e-16
   outer loop
     vertex -1.115000e+02  4.685048e+02 -9.528524e+01
     vertex -1.115000e+02  4.717070e+02 -9.649470e+01
     vertex -1.115000e+02  4.715031e+02 -9.518457e+01
   endloop
 endfacet
 facet normal  1.000000e+00  7.597334e-15  2.412114e-15
   outer loop
     vertex -1.115000e+02  4.777408e+02 -8.653235e+01
     vertex -1.115000e+02  4.787767e+02 -8.979486e+01
     vertex -1.115000e+02  4.797457e+02 -8.695569e+01
   endloop
 endfacet
 facet normal  1.000000e+00  0.000000e+00  0.000000e+00
   outer loop
     vertex -1.115000e+02  4.777408e+02 -8.653235e+01
     vertex -1.115000e+02  4.774794e+02 -8.952093e+01
     vertex -1.115000e+02  4.787767e+02 -8.979486e+01
   endloop
 endfacet
 facet normal  1.000000e+00  4.515927e-15 -1.541407e-15
   outer loop
     vertex -1.115000e+02  4.686834e+02 -9.324391e+01
     vertex -1.115000e+02  4.716187e+02 -9.386371e+01
     vertex -1.115000e+02  4.720470e+02 -9.260889e+01
   endloop
 endfacet
 facet normal  1.000000e+00  4.753585e-15 -4.158848e-16
   outer loop
     vertex -1.115000e+02  4.686834e+02 -9.324391e+01
     vertex -1.115000e+02  4.715031e+02 -9.518457e+01
     vertex -1.115000e+02  4.716187e+02 -9.386371e+01
   endloop
 endfacet
 facet normal  1.000000e+00  4.753585e-15 -4.158848e-16
   outer loop
     vertex -1.115000e+02  4.686834e+02 -9.324391e+01
     vertex -1.115000e+02  4.685048e+02 -9.528524e+01
     vertex -1.115000e+02  4.715031e+02 -9.518457e+01
   endloop
 endfacet
 facet normal  1.000000e+00 -1.601288e-16  4.769055e-15
   outer loop
     vertex -1.115000e+02  4.756929e+02 -8.660111e+01
     vertex -1.115000e+02  4.761542e+02 -8.956542e+01
     vertex -1.115000e+02  4.774794e+02 -8.952093e+01
   endloop
 endfacet
 facet normal  1.000000e+00 -6.959441e-15  6.088722e-16
   outer loop
     vertex -1.115000e+02  4.756929e+02 -8.660111e+01
     vertex -1.115000e+02  4.774794e+02 -8.952093e+01
     vertex -1.115000e+02  4.777408e+02 -8.653235e+01
   endloop
 endfacet
 facet normal  1.000000e+00  3.037157e-15  6.291282e-15
   outer loop
     vertex -1.115000e+02  4.693453e+02 -9.130465e+01
     vertex -1.115000e+02  4.686834e+02 -9.324391e+01
     vertex -1.115000e+02  4.720470e+02 -9.260889e+01
   endloop
 endfacet
 facet normal  1.000000e+00 -7.367249e-15 -1.334944e-14
   outer loop
     vertex -1.115000e+02  4.737209e+02 -8.715799e+01
     vertex -1.115000e+02  4.748782e+02 -8.992576e+01
     vertex -1.115000e+02  4.761542e+02 -8.956542e+01
   endloop
 endfacet
 facet normal  1.000000e+00  1.250906e-14  6.740802e-15
   outer loop
     vertex -1.115000e+02  4.737209e+02 -8.715799e+01
     vertex -1.115000e+02  4.761542e+02 -8.956542e+01
     vertex -1.115000e+02  4.756929e+02 -8.660111e+01
   endloop
 endfacet
 facet normal  1.000000e+00 -3.282327e-15  3.463504e-15
   outer loop
     vertex -1.115000e+02  4.704521e+02 -8.958014e+01
     vertex -1.115000e+02  4.727631e+02 -9.149303e+01
     vertex -1.115000e+02  4.737255e+02 -9.058098e+01
   endloop
 endfacet
 facet normal  1.000000e+00 -4.015819e-15  2.577349e-15
   outer loop
     vertex -1.115000e+02  4.704521e+02 -8.958014e+01
     vertex -1.115000e+02  4.720470e+02 -9.260889e+01
     vertex -1.115000e+02  4.727631e+02 -9.149303e+01
   endloop
 endfacet
 facet normal  1.000000e+00  3.037157e-15  6.291282e-15
   outer loop
     vertex -1.115000e+02  4.704521e+02 -8.958014e+01
     vertex -1.115000e+02  4.693453e+02 -9.130465e+01
     vertex -1.115000e+02  4.720470e+02 -9.260889e+01
   endloop
 endfacet
 facet normal  1.000000e+00  1.734919e-14  1.285576e-14
   outer loop
     vertex -1.115000e+02  4.719394e+02 -8.817061e+01
     vertex -1.115000e+02  4.737255e+02 -9.058098e+01
     vertex -1.115000e+02  4.748782e+02 -8.992576e+01
   endloop
 endfacet
 facet normal  1.000000e+00  4.716155e-15 -8.296747e-15
   outer loop
     vertex -1.115000e+02  4.719394e+02 -8.817061e+01
     vertex -1.115000e+02  4.748782e+02 -8.992576e+01
     vertex -1.115000e+02  4.737209e+02 -8.715799e+01
   endloop
 endfacet
 facet normal  1.000000e+00 -5.612974e-15 -4.159216e-15
   outer loop
     vertex -1.115000e+02  4.719394e+02 -8.817061e+01
     vertex -1.115000e+02  4.704521e+02 -8.958014e+01
     vertex -1.115000e+02  4.737255e+02 -9.058098e+01
   endloop
 endfacet
 facet normal -1.000000e+00  2.775124e-15  3.621050e-15
   outer loop
     vertex -1.240000e+02  4.802745e+02 -9.941902e+01
     vertex -1.240000e+02  4.873243e+02 -1.048219e+02
     vertex -1.240000e+02  4.848799e+02 -1.068731e+02
   endloop
 endfacet
 facet normal -1.000000e+00 -4.552665e-15 -2.138309e-15
   outer loop
     vertex -1.240000e+02  4.812369e+02 -9.850697e+01
     vertex -1.240000e+02  4.892511e+02 -1.022783e+02
     vertex -1.240000e+02  4.873243e+02 -1.048219e+02
   endloop
 endfacet
 facet normal -1.000000e+00  6.602181e-15  8.614686e-15
   outer loop
     vertex -1.240000e+02  4.812369e+02 -9.850697e+01
     vertex -1.240000e+02  4.873243e+02 -1.048219e+02
     vertex -1.240000e+02  4.802745e+02 -9.941902e+01
   endloop
 endfacet
 facet normal -1.000000e+00 -9.220437e-15 -1.538461e-15
   outer loop
     vertex -1.240000e+02  4.791218e+02 -1.000742e+02
     vertex -1.240000e+02  4.848799e+02 -1.068731e+02
     vertex -1.240000e+02  4.820403e+02 -1.083288e+02
   endloop
 endfacet
 facet normal -1.000000e+00 -1.905010e-14 -9.863482e-15
   outer loop
     vertex -1.240000e+02  4.791218e+02 -1.000742e+02
     vertex -1.240000e+02  4.802745e+02 -9.941902e+01
     vertex -1.240000e+02  4.848799e+02 -1.068731e+02
   endloop
 endfacet
 facet normal -1.000000e+00 -5.503343e-15 -2.402596e-15
   outer loop
     vertex -1.240000e+02  4.819530e+02 -9.739111e+01
     vertex -1.240000e+02  4.905635e+02 -9.936969e+01
     vertex -1.240000e+02  4.892511e+02 -1.022783e+02
   endloop
 endfacet
 facet normal -1.000000e+00 -2.723787e-15  1.748124e-15
   outer loop
     vertex -1.240000e+02  4.819530e+02 -9.739111e+01
     vertex -1.240000e+02  4.892511e+02 -1.022783e+02
     vertex -1.240000e+02  4.812369e+02 -9.850697e+01
   endloop
 endfacet
 facet normal -1.000000e+00 -4.451628e-15 -5.651812e-16
   outer loop
     vertex -1.240000e+02  4.778458e+02 -1.004346e+02
     vertex -1.240000e+02  4.820403e+02 -1.083288e+02
     vertex -1.240000e+02  4.789480e+02 -1.091162e+02
   endloop
 endfacet
 facet normal -1.000000e+00 -4.420241e-16  1.565288e-15
   outer loop
     vertex -1.240000e+02  4.778458e+02 -1.004346e+02
     vertex -1.240000e+02  4.791218e+02 -1.000742e+02
     vertex -1.240000e+02  4.820403e+02 -1.083288e+02
   endloop
 endfacet
 facet normal -1.000000e+00 -3.162313e-15  5.182797e-15
   outer loop
     vertex -1.240000e+02  4.823813e+02 -9.613629e+01
     vertex -1.240000e+02  4.911958e+02 -9.624197e+01
     vertex -1.240000e+02  4.905635e+02 -9.936969e+01
   endloop
 endfacet
 facet normal -1.000000e+00 -4.591159e-15  1.567086e-15
   outer loop
     vertex -1.240000e+02  4.823813e+02 -9.613629e+01
     vertex -1.240000e+02  4.905635e+02 -9.936969e+01
     vertex -1.240000e+02  4.819530e+02 -9.739111e+01
   endloop
 endfacet
 facet normal -1.000000e+00  4.423814e-15  1.243268e-15
   outer loop
     vertex -1.240000e+02  4.765206e+02 -1.004791e+02
     vertex -1.240000e+02  4.789480e+02 -1.091162e+02
     vertex -1.240000e+02  4.757580e+02 -1.091958e+02
   endloop
 endfacet
 facet normal -1.000000e+00 -8.605276e-15  2.383166e-15
   outer loop
     vertex -1.240000e+02  4.765206e+02 -1.004791e+02
     vertex -1.240000e+02  4.757580e+02 -1.091958e+02
     vertex -1.240000e+02  4.726303e+02 -1.085635e+02
   endloop
 endfacet
 facet normal -1.000000e+00  0.000000e+00  0.000000e+00
   outer loop
     vertex -1.240000e+02  4.765206e+02 -1.004791e+02
     vertex -1.240000e+02  4.778458e+02 -1.004346e+02
     vertex -1.240000e+02  4.789480e+02 -1.091162e+02
   endloop
 endfacet
 facet normal -1.000000e+00 -3.280704e-15 -8.181564e-17
   outer loop
     vertex -1.240000e+02  4.824969e+02 -9.481543e+01
     vertex -1.240000e+02  4.911162e+02 -9.305197e+01
     vertex -1.240000e+02  4.911958e+02 -9.624197e+01
   endloop
 endfacet
 facet normal -1.000000e+00 -3.221073e-15  2.818074e-16
   outer loop
     vertex -1.240000e+02  4.824969e+02 -9.481543e+01
     vertex -1.240000e+02  4.911958e+02 -9.624197e+01
     vertex -1.240000e+02  4.823813e+02 -9.613629e+01
   endloop
 endfacet
 facet normal -1.000000e+00  2.939942e-15 -4.312462e-15
   outer loop
     vertex -1.240000e+02  4.752233e+02 -1.002051e+02
     vertex -1.240000e+02  4.726303e+02 -1.085635e+02
     vertex -1.240000e+02  4.697217e+02 -1.072511e+02
   endloop
 endfacet
 facet normal -1.000000e+00  9.606871e-15 -6.380761e-15
   outer loop
     vertex -1.240000e+02  4.752233e+02 -1.002051e+02
     vertex -1.240000e+02  4.765206e+02 -1.004791e+02
     vertex -1.240000e+02  4.726303e+02 -1.085635e+02
   endloop
 endfacet
 facet normal -1.000000e+00 -2.946578e-15 -5.345832e-15
   outer loop
     vertex -1.240000e+02  4.822930e+02 -9.350530e+01
     vertex -1.240000e+02  4.903288e+02 -8.995966e+01
     vertex -1.240000e+02  4.911162e+02 -9.305197e+01
   endloop
 endfacet
 facet normal -1.000000e+00 -3.195687e-15 -4.973548e-16
   outer loop
     vertex -1.240000e+02  4.822930e+02 -9.350530e+01
     vertex -1.240000e+02  4.911162e+02 -9.305197e+01
     vertex -1.240000e+02  4.824969e+02 -9.481543e+01
   endloop
 endfacet
 facet normal -1.000000e+00 -1.799381e-14  1.203311e-14
   outer loop
     vertex -1.240000e+02  4.740293e+02 -9.962871e+01
     vertex -1.240000e+02  4.752233e+02 -1.002051e+02
     vertex -1.240000e+02  4.697217e+02 -1.072511e+02
   endloop
 endfacet
 facet normal -1.000000e+00 -6.835428e-15  5.727231e-15
   outer loop
     vertex -1.240000e+02  4.671781e+02 -1.053243e+02
     vertex -1.240000e+02  4.740293e+02 -9.962871e+01
     vertex -1.240000e+02  4.697217e+02 -1.072511e+02
   endloop
 endfacet
 facet normal -1.000000e+00 -4.478948e-15 -1.872878e-15
   outer loop
     vertex -1.240000e+02  4.817815e+02 -9.228204e+01
     vertex -1.240000e+02  4.903288e+02 -8.995966e+01
     vertex -1.240000e+02  4.822930e+02 -9.350530e+01
   endloop
 endfacet
 facet normal -1.000000e+00 -6.765043e-15  6.540925e-15
   outer loop
     vertex -1.240000e+02  4.817815e+02 -9.228204e+01
     vertex -1.240000e+02  4.888731e+02 -8.712009e+01
     vertex -1.240000e+02  4.903288e+02 -8.995966e+01
   endloop
 endfacet
 facet normal -1.000000e+00 -1.034848e-15 -1.250232e-15
   outer loop
     vertex -1.240000e+02  4.730079e+02 -9.878327e+01
     vertex -1.240000e+02  4.740293e+02 -9.962871e+01
     vertex -1.240000e+02  4.671781e+02 -1.053243e+02
   endloop
 endfacet
 facet normal -1.000000e+00  5.005954e-15 -9.630266e-15
   outer loop
     vertex -1.240000e+02  4.809921e+02 -9.121673e+01
     vertex -1.240000e+02  4.888731e+02 -8.712009e+01
     vertex -1.240000e+02  4.817815e+02 -9.228204e+01
   endloop
 endfacet
 facet normal -1.000000e+00  2.104175e-15 -4.047933e-15
   outer loop
     vertex -1.240000e+02  4.651269e+02 -1.028799e+02
     vertex -1.240000e+02  4.730079e+02 -9.878327e+01
     vertex -1.240000e+02  4.671781e+02 -1.053243e+02
   endloop
 endfacet
 facet normal -1.000000e+00  0.000000e+00  0.000000e+00
   outer loop
     vertex -1.240000e+02  4.651269e+02 -1.028799e+02
     vertex -1.240000e+02  4.722185e+02 -9.771796e+01
     vertex -1.240000e+02  4.730079e+02 -9.878327e+01
   endloop
 endfacet
 facet normal -1.000000e+00  0.000000e+00 -0.000000e+00
   outer loop
     vertex -1.240000e+02  4.868219e+02 -8.467565e+01
     vertex -1.240000e+02  4.888731e+02 -8.712009e+01
     vertex -1.240000e+02  4.809921e+02 -9.121673e+01
   endloop
 endfacet
 facet normal -1.000000e+00  0.000000e+00  0.000000e+00
   outer loop
     vertex -1.240000e+02  4.799707e+02 -9.037129e+01
     vertex -1.240000e+02  4.868219e+02 -8.467565e+01
     vertex -1.240000e+02  4.809921e+02 -9.121673e+01
   endloop
 endfacet
 facet normal -1.000000e+00 -5.305715e-15  7.289079e-15
   outer loop
     vertex -1.240000e+02  4.636712e+02 -1.000403e+02
     vertex -1.240000e+02  4.722185e+02 -9.771796e+01
     vertex -1.240000e+02  4.651269e+02 -1.028799e+02
   endloop
 endfacet
 facet normal -1.000000e+00 -2.985965e-15 -1.248585e-15
   outer loop
     vertex -1.240000e+02  4.636712e+02 -1.000403e+02
     vertex -1.240000e+02  4.717070e+02 -9.649470e+01
     vertex -1.240000e+02  4.722185e+02 -9.771796e+01
   endloop
 endfacet
 facet normal -1.000000e+00  0.000000e+00 -0.000000e+00
   outer loop
     vertex -1.240000e+02  4.842783e+02 -8.274892e+01
     vertex -1.240000e+02  4.868219e+02 -8.467565e+01
     vertex -1.240000e+02  4.799707e+02 -9.037129e+01
   endloop
 endfacet
 facet normal -1.000000e+00 -1.870093e-14  1.056836e-14
   outer loop
     vertex -1.240000e+02  4.842783e+02 -8.274892e+01
     vertex -1.240000e+02  4.799707e+02 -9.037129e+01
     vertex -1.240000e+02  4.787767e+02 -8.979486e+01
   endloop
 endfacet
 facet normal -1.000000e+00 -3.179642e-15 -8.096364e-16
   outer loop
     vertex -1.240000e+02  4.628838e+02 -9.694803e+01
     vertex -1.240000e+02  4.717070e+02 -9.649470e+01
     vertex -1.240000e+02  4.636712e+02 -1.000403e+02
   endloop
 endfacet
 facet normal -1.000000e+00 -3.195687e-15 -4.973548e-16
   outer loop
     vertex -1.240000e+02  4.628838e+02 -9.694803e+01
     vertex -1.240000e+02  4.715031e+02 -9.518457e+01
     vertex -1.240000e+02  4.717070e+02 -9.649470e+01
   endloop
 endfacet
 facet normal -1.000000e+00 -4.958812e-15 -1.618133e-16
   outer loop
     vertex -1.240000e+02  4.813697e+02 -8.143651e+01
     vertex -1.240000e+02  4.842783e+02 -8.274892e+01
     vertex -1.240000e+02  4.787767e+02 -8.979486e+01
   endloop
 endfacet
 facet normal -1.000000e+00 -3.369319e-16 -1.595671e-15
   outer loop
     vertex -1.240000e+02  4.813697e+02 -8.143651e+01
     vertex -1.240000e+02  4.787767e+02 -8.979486e+01
     vertex -1.240000e+02  4.774794e+02 -8.952093e+01
   endloop
 endfacet
 facet normal -1.000000e+00 -3.280704e-15 -8.181564e-17
   outer loop
     vertex -1.240000e+02  4.628042e+02 -9.375803e+01
     vertex -1.240000e+02  4.715031e+02 -9.518457e+01
     vertex -1.240000e+02  4.628838e+02 -9.694803e+01
   endloop
 endfacet
 facet normal -1.000000e+00 -3.221073e-15  2.818074e-16
   outer loop
     vertex -1.240000e+02  4.628042e+02 -9.375803e+01
     vertex -1.240000e+02  4.716187e+02 -9.386371e+01
     vertex -1.240000e+02  4.715031e+02 -9.518457e+01
   endloop
 endfacet
 facet normal -1.000000e+00 -4.464560e-15  3.905984e-16
   outer loop
     vertex -1.240000e+02  4.782420e+02 -8.080423e+01
     vertex -1.240000e+02  4.813697e+02 -8.143651e+01
     vertex -1.240000e+02  4.774794e+02 -8.952093e+01
   endloop
 endfacet
 facet normal -1.000000e+00 -3.060773e-15  1.044724e-15
   outer loop
     vertex -1.240000e+02  4.634365e+02 -9.063031e+01
     vertex -1.240000e+02  4.720470e+02 -9.260889e+01
     vertex -1.240000e+02  4.716187e+02 -9.386371e+01
   endloop
 endfacet
 facet normal -1.000000e+00 -3.216655e-15  6.502609e-16
   outer loop
     vertex -1.240000e+02  4.634365e+02 -9.063031e+01
     vertex -1.240000e+02  4.716187e+02 -9.386371e+01
     vertex -1.240000e+02  4.628042e+02 -9.375803e+01
   endloop
 endfacet
 facet normal -1.000000e+00  4.464560e-15 -3.905984e-16
   outer loop
     vertex -1.240000e+02  4.750520e+02 -8.088378e+01
     vertex -1.240000e+02  4.782420e+02 -8.080423e+01
     vertex -1.240000e+02  4.774794e+02 -8.952093e+01
   endloop
 endfacet
 facet normal -1.000000e+00  5.472779e-17 -1.629937e-15
   outer loop
     vertex -1.240000e+02  4.750520e+02 -8.088378e+01
     vertex -1.240000e+02  4.774794e+02 -8.952093e+01
     vertex -1.240000e+02  4.761542e+02 -8.956542e+01
   endloop
 endfacet
 facet normal -1.000000e+00 -5.025197e-15 -7.504144e-15
   outer loop
     vertex -1.240000e+02  4.647489e+02 -8.772171e+01
     vertex -1.240000e+02  4.720470e+02 -9.260889e+01
     vertex -1.240000e+02  4.634365e+02 -9.063031e+01
   endloop
 endfacet
 facet normal -1.000000e+00  0.000000e+00  0.000000e+00
   outer loop
     vertex -1.240000e+02  4.647489e+02 -8.772171e+01
     vertex -1.240000e+02  4.727631e+02 -9.149303e+01
     vertex -1.240000e+02  4.720470e+02 -9.260889e+01
   endloop
 endfacet
 facet normal -1.000000e+00  9.241948e-15  6.710785e-15
   outer loop
     vertex -1.240000e+02  4.719597e+02 -8.167118e+01
     vertex -1.240000e+02  4.761542e+02 -8.956542e+01
     vertex -1.240000e+02  4.748782e+02 -8.992576e+01
   endloop
 endfacet
 facet normal -1.000000e+00 -8.499507e-15 -2.715987e-15
   outer loop
     vertex -1.240000e+02  4.719597e+02 -8.167118e+01
     vertex -1.240000e+02  4.750520e+02 -8.088378e+01
     vertex -1.240000e+02  4.761542e+02 -8.956542e+01
   endloop
 endfacet
 facet normal -1.000000e+00 -1.114489e-15  1.176007e-15
   outer loop
     vertex -1.240000e+02  4.666757e+02 -8.517807e+01
     vertex -1.240000e+02  4.737255e+02 -9.058098e+01
     vertex -1.240000e+02  4.727631e+02 -9.149303e+01
   endloop
 endfacet
 facet normal -1.000000e+00  1.938180e-15  4.118704e-15
   outer loop
     vertex -1.240000e+02  4.666757e+02 -8.517807e+01
     vertex -1.240000e+02  4.727631e+02 -9.149303e+01
     vertex -1.240000e+02  4.647489e+02 -8.772171e+01
   endloop
 endfacet
 facet normal -1.000000e+00 -1.905010e-14 -9.863482e-15
   outer loop
     vertex -1.240000e+02  4.691201e+02 -8.312694e+01
     vertex -1.240000e+02  4.748782e+02 -8.992576e+01
     vertex -1.240000e+02  4.737255e+02 -9.058098e+01
   endloop
 endfacet
 facet normal -1.000000e+00 -1.053530e-15  1.255548e-15
   outer loop
     vertex -1.240000e+02  4.691201e+02 -8.312694e+01
     vertex -1.240000e+02  4.737255e+02 -9.058098e+01
     vertex -1.240000e+02  4.666757e+02 -8.517807e+01
   endloop
 endfacet
 facet normal -1.000000e+00 -5.730967e-15  1.416870e-15
   outer loop
     vertex -1.240000e+02  4.691201e+02 -8.312694e+01
     vertex -1.240000e+02  4.719597e+02 -8.167118e+01
     vertex -1.240000e+02  4.748782e+02 -8.992576e+01
   endloop
 endfacet
 facet normal -1.670038e-15  1.981461e-01  9.801725e-01
   outer loop
     vertex -1.307500e+02  4.726303e+02 -1.085635e+02
     vertex -1.240000e+02  4.757580e+02 -1.091958e+02
     vertex -1.307500e+02  4.757580e+02 -1.091958e+02
   endloop
 endfacet
 facet normal -0.000000e+00  1.981461e-01  9.801725e-01
   outer loop
     vertex -1.307500e+02  4.726303e+02 -1.085635e+02
     vertex -1.240000e+02  4.726303e+02 -1.085635e+02
     vertex -1.240000e+02  4.757580e+02 -1.091958e+02
   endloop
 endfacet
 facet normal -1.919004e-15  4.112871e-01  9.115059e-01
   outer loop
     vertex -1.307500e+02  4.697217e+02 -1.072511e+02
     vertex -1.240000e+02  4.697217e+02 -1.072511e+02
     vertex -1.240000e+02  4.726303e+02 -1.085635e+02
   endloop
 endfacet
 facet normal  0.000000e+00  4.112871e-01  9.115059e-01
   outer loop
     vertex -1.307500e+02  4.697217e+02 -1.072511e+02
     vertex -1.240000e+02  4.726303e+02 -1.085635e+02
     vertex -1.307500e+02  4.726303e+02 -1.085635e+02
   endloop
 endfacet
 facet normal -1.678212e-15  6.038044e-01  7.971325e-01
   outer loop
     vertex -1.307500e+02  4.671781e+02 -1.053243e+02
     vertex -1.240000e+02  4.671781e+02 -1.053243e+02
     vertex -1.240000e+02  4.697217e+02 -1.072511e+02
   endloop
 endfacet
 facet normal -1.690656e-15  6.038044e-01  7.971325e-01
   outer loop
     vertex -1.307500e+02  4.671781e+02 -1.053243e+02
     vertex -1.240000e+02  4.697217e+02 -1.072511e+02
     vertex -1.307500e+02  4.697217e+02 -1.072511e+02
   endloop
 endfacet
 facet normal -0.000000e+00  7.660444e-01  6.427876e-01
   outer loop
     vertex -1.307500e+02  4.651269e+02 -1.028799e+02
     vertex -1.240000e+02  4.651269e+02 -1.028799e+02
     vertex -1.240000e+02  4.671781e+02 -1.053243e+02
   endloop
 endfacet
 facet normal -0.000000e+00  8.898718e-01  4.562107e-01
   outer loop
     vertex -1.307500e+02  4.651269e+02 -1.028799e+02
     vertex -1.240000e+02  4.636712e+02 -1.000403e+02
     vertex -1.240000e+02  4.651269e+02 -1.028799e+02
   endloop
 endfacet
 facet normal -1.360772e-15  7.660444e-01  6.427876e-01
   outer loop
     vertex -1.307500e+02  4.651269e+02 -1.028799e+02
     vertex -1.240000e+02  4.671781e+02 -1.053243e+02
     vertex -1.307500e+02  4.671781e+02 -1.053243e+02
   endloop
 endfacet
 facet normal -9.604657e-16  8.898718e-01  4.562107e-01
   outer loop
     vertex -1.307500e+02  4.636712e+02 -1.000403e+02
     vertex -1.240000e+02  4.636712e+02 -1.000403e+02
     vertex -1.307500e+02  4.651269e+02 -1.028799e+02
   endloop
 endfacet
 facet normal -8.680341e-15  9.690773e-01  2.467574e-01
   outer loop
     vertex -1.307500e+02  4.628838e+02 -9.694803e+01
     vertex -1.240000e+02  4.628838e+02 -9.694803e+01
     vertex -1.240000e+02  4.636712e+02 -1.000403e+02
   endloop
 endfacet
 facet normal -5.360616e-16  9.690773e-01  2.467574e-01
   outer loop
     vertex -1.307500e+02  4.628838e+02 -9.694803e+01
     vertex -1.240000e+02  4.636712e+02 -1.000403e+02
     vertex -1.307500e+02  4.636712e+02 -1.000403e+02
   endloop
 endfacet
 facet normal  8.366143e-15  9.996892e-01  2.493069e-02
   outer loop
     vertex -1.307500e+02  4.628042e+02 -9.375803e+01
     vertex -1.240000e+02  4.628042e+02 -9.375803e+01
     vertex -1.240000e+02  4.628838e+02 -9.694803e+01
   endloop
 endfacet
 facet normal  8.671434e-15  9.801725e-01 -1.981461e-01
   outer loop
     vertex -1.307500e+02  4.628042e+02 -9.375803e+01
     vertex -1.240000e+02  4.634365e+02 -9.063031e+01
     vertex -1.240000e+02  4.628042e+02 -9.375803e+01
   endloop
 endfacet
 facet normal -8.471319e-15  9.996892e-01  2.493069e-02
   outer loop
     vertex -1.307500e+02  4.628042e+02 -9.375803e+01
     vertex -1.240000e+02  4.628838e+02 -9.694803e+01
     vertex -1.307500e+02  4.628838e+02 -9.694803e+01
   endloop
 endfacet
 facet normal  7.837115e-15  9.801725e-01 -1.981461e-01
   outer loop
     vertex -1.307500e+02  4.634365e+02 -9.063031e+01
     vertex -1.240000e+02  4.634365e+02 -9.063031e+01
     vertex -1.307500e+02  4.628042e+02 -9.375803e+01
   endloop
 endfacet
 facet normal  0.000000e+00  9.115059e-01 -4.112871e-01
   outer loop
     vertex -1.307500e+02  4.647489e+02 -8.772171e+01
     vertex -1.240000e+02  4.647489e+02 -8.772171e+01
     vertex -1.240000e+02  4.634365e+02 -9.063031e+01
   endloop
 endfacet
 facet normal  6.803859e-15  9.115059e-01 -4.112871e-01
   outer loop
     vertex -1.307500e+02  4.647489e+02 -8.772171e+01
     vertex -1.240000e+02  4.634365e+02 -9.063031e+01
     vertex -1.307500e+02  4.634365e+02 -9.063031e+01
   endloop
 endfacet
 facet normal  6.712850e-15  7.971325e-01 -6.038044e-01
   outer loop
     vertex -1.307500e+02  4.666757e+02 -8.517807e+01
     vertex -1.240000e+02  4.666757e+02 -8.517807e+01
     vertex -1.240000e+02  4.647489e+02 -8.772171e+01
   endloop
 endfacet
 facet normal  0.000000e+00  7.971325e-01 -6.038044e-01
   outer loop
     vertex -1.307500e+02  4.666757e+02 -8.517807e+01
     vertex -1.240000e+02  4.647489e+02 -8.772171e+01
     vertex -1.307500e+02  4.647489e+02 -8.772171e+01
   endloop
 endfacet
 facet normal  7.025836e-15  6.427876e-01 -7.660444e-01
   outer loop
     vertex -1.307500e+02  4.691201e+02 -8.312694e+01
     vertex -1.240000e+02  4.691201e+02 -8.312694e+01
     vertex -1.240000e+02  4.666757e+02 -8.517807e+01
   endloop
 endfacet
 facet normal  5.401851e-15  6.427876e-01 -7.660444e-01
   outer loop
     vertex -1.307500e+02  4.691201e+02 -8.312694e+01
     vertex -1.240000e+02  4.666757e+02 -8.517807e+01
     vertex -1.307500e+02  4.666757e+02 -8.517807e+01
   endloop
 endfacet
 facet normal  3.841863e-15  4.562107e-01 -8.898718e-01
   outer loop
     vertex -1.307500e+02  4.719597e+02 -8.167118e+01
     vertex -1.240000e+02  4.719597e+02 -8.167118e+01
     vertex -1.240000e+02  4.691201e+02 -8.312694e+01
   endloop
 endfacet
 facet normal  5.731735e-15  4.562107e-01 -8.898718e-01
   outer loop
     vertex -1.307500e+02  4.719597e+02 -8.167118e+01
     vertex -1.240000e+02  4.691201e+02 -8.312694e+01
     vertex -1.307500e+02  4.691201e+02 -8.312694e+01
   endloop
 endfacet
 facet normal  0.000000e+00  2.467574e-01 -9.690773e-01
   outer loop
     vertex -1.307500e+02  4.750520e+02 -8.088378e+01
     vertex -1.240000e+02  4.750520e+02 -8.088378e+01
     vertex -1.240000e+02  4.719597e+02 -8.167118e+01
   endloop
 endfacet
 facet normal  2.082393e-15  2.467574e-01 -9.690773e-01
   outer loop
     vertex -1.307500e+02  4.750520e+02 -8.088378e+01
     vertex -1.240000e+02  4.719597e+02 -8.167118e+01
     vertex -1.307500e+02  4.719597e+02 -8.167118e+01
   endloop
 endfacet
 facet normal  2.099475e-16  2.493069e-02 -9.996892e-01
   outer loop
     vertex -1.307500e+02  4.782420e+02 -8.080423e+01
     vertex -1.240000e+02  4.782420e+02 -8.080423e+01
     vertex -1.240000e+02  4.750520e+02 -8.088378e+01
   endloop
 endfacet
 facet normal  0.000000e+00  2.493069e-02 -9.996892e-01
   outer loop
     vertex -1.307500e+02  4.782420e+02 -8.080423e+01
     vertex -1.240000e+02  4.750520e+02 -8.088378e+01
     vertex -1.307500e+02  4.750520e+02 -8.088378e+01
   endloop
 endfacet
 facet normal  0.000000e+00  3.355772e-02 -9.994368e-01
   outer loop
     vertex -1.115000e+02  4.761542e+02 -8.956542e+01
     vertex -1.240000e+02  4.774794e+02 -8.952093e+01
     vertex -1.115000e+02  4.774794e+02 -8.952093e+01
   endloop
 endfacet
 facet normal -3.052057e-16  3.355772e-02 -9.994368e-01
   outer loop
     vertex -1.115000e+02  4.761542e+02 -8.956542e+01
     vertex -1.240000e+02  4.761542e+02 -8.956542e+01
     vertex -1.240000e+02  4.774794e+02 -8.952093e+01
   endloop
 endfacet
 facet normal -1.235837e-15  2.717635e-01 -9.623641e-01
   outer loop
     vertex -1.115000e+02  4.748782e+02 -8.992576e+01
     vertex -1.240000e+02  4.748782e+02 -8.992576e+01
     vertex -1.240000e+02  4.761542e+02 -8.956542e+01
   endloop
 endfacet
 facet normal -2.471808e-15  2.717635e-01 -9.623641e-01
   outer loop
     vertex -1.115000e+02  4.748782e+02 -8.992576e+01
     vertex -1.240000e+02  4.761542e+02 -8.956542e+01
     vertex -1.115000e+02  4.761542e+02 -8.956542e+01
   endloop
 endfacet
 facet normal -4.494498e-15  4.941753e-01 -8.693623e-01
   outer loop
     vertex -1.115000e+02  4.737255e+02 -9.058098e+01
     vertex -1.240000e+02  4.737255e+02 -9.058098e+01
     vertex -1.240000e+02  4.748782e+02 -8.992576e+01
   endloop
 endfacet
 facet normal -2.244053e-15  4.941753e-01 -8.693623e-01
   outer loop
     vertex -1.115000e+02  4.737255e+02 -9.058098e+01
     vertex -1.240000e+02  4.748782e+02 -8.992576e+01
     vertex -1.115000e+02  4.748782e+02 -8.992576e+01
   endloop
 endfacet
 facet normal -6.256118e-15  6.878675e-01 -7.258363e-01
   outer loop
     vertex -1.115000e+02  4.727631e+02 -9.149303e+01
     vertex -1.240000e+02  4.727631e+02 -9.149303e+01
     vertex -1.240000e+02  4.737255e+02 -9.058098e+01
   endloop
 endfacet
 facet normal -6.256554e-15  6.878675e-01 -7.258363e-01
   outer loop
     vertex -1.115000e+02  4.727631e+02 -9.149303e+01
     vertex -1.240000e+02  4.737255e+02 -9.058098e+01
     vertex -1.115000e+02  4.737255e+02 -9.058098e+01
   endloop
 endfacet
 facet normal -3.213024e-15  8.415833e-01 -5.401273e-01
   outer loop
     vertex -1.115000e+02  4.720470e+02 -9.260889e+01
     vertex -1.240000e+02  4.720470e+02 -9.260889e+01
     vertex -1.240000e+02  4.727631e+02 -9.149303e+01
   endloop
 endfacet
 facet normal -7.649876e-15  8.415833e-01 -5.401273e-01
   outer loop
     vertex -1.115000e+02  4.720470e+02 -9.260889e+01
     vertex -1.240000e+02  4.727631e+02 -9.149303e+01
     vertex -1.115000e+02  4.727631e+02 -9.149303e+01
   endloop
 endfacet
 facet normal -3.936440e-15  9.463894e-01 -3.230282e-01
   outer loop
     vertex -1.115000e+02  4.716187e+02 -9.386371e+01
     vertex -1.240000e+02  4.716187e+02 -9.386371e+01
     vertex -1.240000e+02  4.720470e+02 -9.260889e+01
   endloop
 endfacet
 facet normal -3.932117e-15  9.463894e-01 -3.230282e-01
   outer loop
     vertex -1.115000e+02  4.716187e+02 -9.386371e+01
     vertex -1.240000e+02  4.720470e+02 -9.260889e+01
     vertex -1.115000e+02  4.720470e+02 -9.260889e+01
   endloop
 endfacet
 facet normal -4.530169e-15  9.961947e-01 -8.715574e-02
   outer loop
     vertex -1.115000e+02  4.715031e+02 -9.518457e+01
     vertex -1.240000e+02  4.715031e+02 -9.518457e+01
     vertex -1.240000e+02  4.716187e+02 -9.386371e+01
   endloop
 endfacet
 facet normal -4.431167e-15  9.961947e-01 -8.715574e-02
   outer loop
     vertex -1.115000e+02  4.715031e+02 -9.518457e+01
     vertex -1.240000e+02  4.716187e+02 -9.386371e+01
     vertex -1.115000e+02  4.716187e+02 -9.386371e+01
   endloop
 endfacet
 facet normal -9.161591e-15  9.881048e-01  1.537818e-01
   outer loop
     vertex -1.115000e+02  4.717070e+02 -9.649470e+01
     vertex -1.240000e+02  4.717070e+02 -9.649470e+01
     vertex -1.240000e+02  4.715031e+02 -9.518457e+01
   endloop
 endfacet
 facet normal -4.494805e-15  9.881048e-01  1.537818e-01
   outer loop
     vertex -1.115000e+02  4.717070e+02 -9.649470e+01
     vertex -1.240000e+02  4.715031e+02 -9.518457e+01
     vertex -1.115000e+02  4.715031e+02 -9.518457e+01
   endloop
 endfacet
 facet normal -3.756870e-15  9.225899e-01  3.857822e-01
   outer loop
     vertex -1.115000e+02  4.722185e+02 -9.771796e+01
     vertex -1.240000e+02  4.722185e+02 -9.771796e+01
     vertex -1.240000e+02  4.717070e+02 -9.649470e+01
   endloop
 endfacet
 facet normal -8.828841e-15  9.225899e-01  3.857822e-01
   outer loop
     vertex -1.115000e+02  4.722185e+02 -9.771796e+01
     vertex -1.240000e+02  4.717070e+02 -9.649470e+01
     vertex -1.115000e+02  4.717070e+02 -9.649470e+01
   endloop
 endfacet
 facet normal -3.653701e-15  8.034574e-01  5.953623e-01
   outer loop
     vertex -1.115000e+02  4.730079e+02 -9.878327e+01
     vertex -1.240000e+02  4.730079e+02 -9.878327e+01
     vertex -1.240000e+02  4.722185e+02 -9.771796e+01
   endloop
 endfacet
 facet normal -2.974208e-15  8.034574e-01  5.953623e-01
   outer loop
     vertex -1.115000e+02  4.730079e+02 -9.878327e+01
     vertex -1.240000e+02  4.722185e+02 -9.771796e+01
     vertex -1.115000e+02  4.722185e+02 -9.771796e+01
   endloop
 endfacet
 facet normal -2.899609e-15  6.376309e-01  7.703421e-01
   outer loop
     vertex -1.115000e+02  4.740293e+02 -9.962871e+01
     vertex -1.240000e+02  4.740293e+02 -9.962871e+01
     vertex -1.240000e+02  4.730079e+02 -9.878327e+01
   endloop
 endfacet
 facet normal -2.900522e-15  6.376309e-01  7.703421e-01
   outer loop
     vertex -1.115000e+02  4.740293e+02 -9.962871e+01
     vertex -1.240000e+02  4.730079e+02 -9.878327e+01
     vertex -1.115000e+02  4.730079e+02 -9.878327e+01
   endloop
 endfacet
 facet normal -3.000812e-15  4.347475e-01  9.005524e-01
   outer loop
     vertex -1.115000e+02  4.752233e+02 -1.002051e+02
     vertex -1.240000e+02  4.752233e+02 -1.002051e+02
     vertex -1.240000e+02  4.740293e+02 -9.962871e+01
   endloop
 endfacet
 facet normal -1.976106e-15  4.347475e-01  9.005524e-01
   outer loop
     vertex -1.115000e+02  4.752233e+02 -1.002051e+02
     vertex -1.240000e+02  4.740293e+02 -9.962871e+01
     vertex -1.115000e+02  4.740293e+02 -9.962871e+01
   endloop
 endfacet
 facet normal -7.666590e-16  2.065983e-01  9.784259e-01
   outer loop
     vertex -1.115000e+02  4.765206e+02 -1.004791e+02
     vertex -1.240000e+02  4.765206e+02 -1.004791e+02
     vertex -1.240000e+02  4.752233e+02 -1.002051e+02
   endloop
 endfacet
 facet normal -2.053141e-15  2.065983e-01  9.784259e-01
   outer loop
     vertex -1.115000e+02  4.765206e+02 -1.004791e+02
     vertex -1.240000e+02  4.752233e+02 -1.002051e+02
     vertex -1.115000e+02  4.752233e+02 -1.002051e+02
   endloop
 endfacet
endsolid
