solid 
 facet normal  9.927089e-01  0.000000e+00  1.205367e-01
   outer loop
     vertex -7.800992e+01  8.800000e+00 -1.107419e+02
     vertex -7.810000e+01  1.380000e+01 -1.100000e+02
     vertex -7.810000e+01  8.800000e+00 -1.100000e+02
   endloop
 endfacet
 facet normal  9.927089e-01  3.425859e-16  1.205367e-01
   outer loop
     vertex -7.800992e+01  8.800000e+00 -1.107419e+02
     vertex -7.800992e+01  1.380000e+01 -1.107419e+02
     vertex -7.810000e+01  1.380000e+01 -1.100000e+02
   endloop
 endfacet
 facet normal  9.350162e-01 -0.000000e+00  3.546049e-01
   outer loop
     vertex -7.774491e+01  8.800000e+00 -1.114406e+02
     vertex -7.774491e+01  1.380000e+01 -1.114406e+02
     vertex -7.800992e+01  1.380000e+01 -1.107419e+02
   endloop
 endfacet
 facet normal  9.350162e-01  1.010202e-15  3.546049e-01
   outer loop
     vertex -7.774491e+01  8.800000e+00 -1.114406e+02
     vertex -7.800992e+01  1.380000e+01 -1.107419e+02
     vertex -7.800992e+01  8.800000e+00 -1.107419e+02
   endloop
 endfacet
 facet normal  8.229839e-01 -0.000000e+00  5.680647e-01
   outer loop
     vertex -7.732038e+01  8.800000e+00 -1.120557e+02
     vertex -7.732038e+01  1.380000e+01 -1.120557e+02
     vertex -7.774491e+01  1.380000e+01 -1.114406e+02
   endloop
 endfacet
 facet normal  8.229839e-01  0.000000e+00  5.680647e-01
   outer loop
     vertex -7.732038e+01  8.800000e+00 -1.120557e+02
     vertex -7.774491e+01  1.380000e+01 -1.114406e+02
     vertex -7.774491e+01  8.800000e+00 -1.114406e+02
   endloop
 endfacet
 facet normal  6.631227e-01  2.127395e-15  7.485107e-01
   outer loop
     vertex -7.676100e+01  8.800000e+00 -1.125512e+02
     vertex -7.676100e+01  1.380000e+01 -1.125512e+02
     vertex -7.732038e+01  1.380000e+01 -1.120557e+02
   endloop
 endfacet
 facet normal  6.631227e-01  0.000000e+00  7.485107e-01
   outer loop
     vertex -7.676100e+01  8.800000e+00 -1.125512e+02
     vertex -7.732038e+01  1.380000e+01 -1.120557e+02
     vertex -7.732038e+01  8.800000e+00 -1.120557e+02
   endloop
 endfacet
 facet normal  4.647232e-01 -0.000000e+00  8.854560e-01
   outer loop
     vertex -7.609928e+01  8.800000e+00 -1.128986e+02
     vertex -7.609928e+01  1.380000e+01 -1.128986e+02
     vertex -7.676100e+01  1.380000e+01 -1.125512e+02
   endloop
 endfacet
 facet normal  4.647232e-01  2.518077e-15  8.854560e-01
   outer loop
     vertex -7.609928e+01  8.800000e+00 -1.128986e+02
     vertex -7.676100e+01  1.380000e+01 -1.125512e+02
     vertex -7.676100e+01  8.800000e+00 -1.125512e+02
   endloop
 endfacet
 facet normal  2.393157e-01 -0.000000e+00  9.709418e-01
   outer loop
     vertex -7.537366e+01  8.800000e+00 -1.130774e+02
     vertex -7.537366e+01  1.380000e+01 -1.130774e+02
     vertex -7.609928e+01  1.380000e+01 -1.128986e+02
   endloop
 endfacet
 facet normal  2.393157e-01  0.000000e+00  9.709418e-01
   outer loop
     vertex -7.537366e+01  8.800000e+00 -1.130774e+02
     vertex -7.609928e+01  1.380000e+01 -1.128986e+02
     vertex -7.609928e+01  8.800000e+00 -1.128986e+02
   endloop
 endfacet
 facet normal  0.000000e+00 -0.000000e+00  1.000000e+00
   outer loop
     vertex -7.462634e+01  8.800000e+00 -1.130774e+02
     vertex -7.462634e+01  1.380000e+01 -1.130774e+02
     vertex -7.537366e+01  1.380000e+01 -1.130774e+02
   endloop
 endfacet
 facet normal  0.000000e+00  0.000000e+00  1.000000e+00
   outer loop
     vertex -7.462634e+01  8.800000e+00 -1.130774e+02
     vertex -7.537366e+01  1.380000e+01 -1.130774e+02
     vertex -7.537366e+01  8.800000e+00 -1.130774e+02
   endloop
 endfacet
 facet normal -2.393157e-01  0.000000e+00  9.709418e-01
   outer loop
     vertex -7.390072e+01  8.800000e+00 -1.128986e+02
     vertex -7.390072e+01  1.380000e+01 -1.128986e+02
     vertex -7.462634e+01  1.380000e+01 -1.130774e+02
   endloop
 endfacet
 facet normal -2.393157e-01  0.000000e+00  9.709418e-01
   outer loop
     vertex -7.390072e+01  8.800000e+00 -1.128986e+02
     vertex -7.462634e+01  1.380000e+01 -1.130774e+02
     vertex -7.462634e+01  8.800000e+00 -1.130774e+02
   endloop
 endfacet
 facet normal -4.647232e-01  1.320823e-15  8.854560e-01
   outer loop
     vertex -7.323900e+01  8.800000e+00 -1.125512e+02
     vertex -7.323900e+01  1.380000e+01 -1.125512e+02
     vertex -7.390072e+01  1.380000e+01 -1.128986e+02
   endloop
 endfacet
 facet normal -4.647232e-01  0.000000e+00  8.854560e-01
   outer loop
     vertex -7.323900e+01  8.800000e+00 -1.125512e+02
     vertex -7.390072e+01  1.380000e+01 -1.128986e+02
     vertex -7.390072e+01  8.800000e+00 -1.128986e+02
   endloop
 endfacet
 facet normal -6.631227e-01  0.000000e+00  7.485107e-01
   outer loop
     vertex -7.267962e+01  8.800000e+00 -1.120557e+02
     vertex -7.267962e+01  1.380000e+01 -1.120557e+02
     vertex -7.323900e+01  1.380000e+01 -1.125512e+02
   endloop
 endfacet
 facet normal -6.631227e-01  1.886701e-15  7.485107e-01
   outer loop
     vertex -7.267962e+01  8.800000e+00 -1.120557e+02
     vertex -7.323900e+01  1.380000e+01 -1.125512e+02
     vertex -7.323900e+01  8.800000e+00 -1.125512e+02
   endloop
 endfacet
 facet normal -8.229839e-01 -1.614537e-15  5.680647e-01
   outer loop
     vertex -7.225509e+01  8.800000e+00 -1.114406e+02
     vertex -7.225509e+01  1.380000e+01 -1.114406e+02
     vertex -7.267962e+01  1.380000e+01 -1.120557e+02
   endloop
 endfacet
 facet normal -8.229839e-01  0.000000e+00  5.680647e-01
   outer loop
     vertex -7.225509e+01  8.800000e+00 -1.114406e+02
     vertex -7.267962e+01  1.380000e+01 -1.120557e+02
     vertex -7.267962e+01  8.800000e+00 -1.120557e+02
   endloop
 endfacet
 facet normal -9.350162e-01  0.000000e+00  3.546049e-01
   outer loop
     vertex -7.199008e+01  8.800000e+00 -1.107419e+02
     vertex -7.199008e+01  1.380000e+01 -1.107419e+02
     vertex -7.225509e+01  1.380000e+01 -1.114406e+02
   endloop
 endfacet
 facet normal -9.350162e-01 -1.002774e-15  3.546049e-01
   outer loop
     vertex -7.199008e+01  8.800000e+00 -1.107419e+02
     vertex -7.225509e+01  1.380000e+01 -1.114406e+02
     vertex -7.225509e+01  8.800000e+00 -1.114406e+02
   endloop
 endfacet
 facet normal -9.927089e-01  0.000000e+00  1.205367e-01
   outer loop
     vertex -7.190000e+01  8.800000e+00 -1.100000e+02
     vertex -7.190000e+01  1.380000e+01 -1.100000e+02
     vertex -7.199008e+01  1.380000e+01 -1.107419e+02
   endloop
 endfacet
 facet normal -9.927089e-01  0.000000e+00  1.205367e-01
   outer loop
     vertex -7.190000e+01  8.800000e+00 -1.100000e+02
     vertex -7.199008e+01  1.380000e+01 -1.107419e+02
     vertex -7.199008e+01  8.800000e+00 -1.107419e+02
   endloop
 endfacet
 facet normal  9.927089e-01  0.000000e+00  1.205367e-01
   outer loop
     vertex -7.800992e+01  8.800000e+00 -8.074188e+01
     vertex -7.810000e+01  1.380000e+01 -8.000000e+01
     vertex -7.810000e+01  8.800000e+00 -8.000000e+01
   endloop
 endfacet
 facet normal  9.927089e-01  3.425859e-16  1.205367e-01
   outer loop
     vertex -7.800992e+01  8.800000e+00 -8.074188e+01
     vertex -7.800992e+01  1.380000e+01 -8.074188e+01
     vertex -7.810000e+01  1.380000e+01 -8.000000e+01
   endloop
 endfacet
 facet normal  9.350162e-01 -0.000000e+00  3.546049e-01
   outer loop
     vertex -7.774491e+01  8.800000e+00 -8.144064e+01
     vertex -7.774491e+01  1.380000e+01 -8.144064e+01
     vertex -7.800992e+01  1.380000e+01 -8.074188e+01
   endloop
 endfacet
 facet normal  9.350162e-01  1.010202e-15  3.546049e-01
   outer loop
     vertex -7.774491e+01  8.800000e+00 -8.144064e+01
     vertex -7.800992e+01  1.380000e+01 -8.074188e+01
     vertex -7.800992e+01  8.800000e+00 -8.074188e+01
   endloop
 endfacet
 facet normal  8.229839e-01 -0.000000e+00  5.680647e-01
   outer loop
     vertex -7.732038e+01  8.800000e+00 -8.205568e+01
     vertex -7.732038e+01  1.380000e+01 -8.205568e+01
     vertex -7.774491e+01  1.380000e+01 -8.144064e+01
   endloop
 endfacet
 facet normal  8.229839e-01  0.000000e+00  5.680647e-01
   outer loop
     vertex -7.732038e+01  8.800000e+00 -8.205568e+01
     vertex -7.774491e+01  1.380000e+01 -8.144064e+01
     vertex -7.774491e+01  8.800000e+00 -8.144064e+01
   endloop
 endfacet
 facet normal  6.631227e-01 -0.000000e+00  7.485107e-01
   outer loop
     vertex -7.676100e+01  8.800000e+00 -8.255125e+01
     vertex -7.676100e+01  1.380000e+01 -8.255125e+01
     vertex -7.732038e+01  1.380000e+01 -8.205568e+01
   endloop
 endfacet
 facet normal  6.631227e-01  0.000000e+00  7.485107e-01
   outer loop
     vertex -7.676100e+01  8.800000e+00 -8.255125e+01
     vertex -7.732038e+01  1.380000e+01 -8.205568e+01
     vertex -7.732038e+01  8.800000e+00 -8.205568e+01
   endloop
 endfacet
 facet normal  4.647232e-01 -0.000000e+00  8.854560e-01
   outer loop
     vertex -7.609928e+01  8.800000e+00 -8.289855e+01
     vertex -7.609928e+01  1.380000e+01 -8.289855e+01
     vertex -7.676100e+01  1.380000e+01 -8.255125e+01
   endloop
 endfacet
 facet normal  4.647232e-01  0.000000e+00  8.854560e-01
   outer loop
     vertex -7.609928e+01  8.800000e+00 -8.289855e+01
     vertex -7.676100e+01  1.380000e+01 -8.255125e+01
     vertex -7.676100e+01  8.800000e+00 -8.255125e+01
   endloop
 endfacet
 facet normal  2.393157e-01 -0.000000e+00  9.709418e-01
   outer loop
     vertex -7.537366e+01  8.800000e+00 -8.307740e+01
     vertex -7.537366e+01  1.380000e+01 -8.307740e+01
     vertex -7.609928e+01  1.380000e+01 -8.289855e+01
   endloop
 endfacet
 facet normal  2.393157e-01  0.000000e+00  9.709418e-01
   outer loop
     vertex -7.537366e+01  8.800000e+00 -8.307740e+01
     vertex -7.609928e+01  1.380000e+01 -8.289855e+01
     vertex -7.609928e+01  8.800000e+00 -8.289855e+01
   endloop
 endfacet
 facet normal  0.000000e+00 -0.000000e+00  1.000000e+00
   outer loop
     vertex -7.462634e+01  8.800000e+00 -8.307740e+01
     vertex -7.462634e+01  1.380000e+01 -8.307740e+01
     vertex -7.537366e+01  1.380000e+01 -8.307740e+01
   endloop
 endfacet
 facet normal  0.000000e+00  0.000000e+00  1.000000e+00
   outer loop
     vertex -7.462634e+01  8.800000e+00 -8.307740e+01
     vertex -7.537366e+01  1.380000e+01 -8.307740e+01
     vertex -7.537366e+01  8.800000e+00 -8.307740e+01
   endloop
 endfacet
 facet normal -2.393157e-01  0.000000e+00  9.709418e-01
   outer loop
     vertex -7.390072e+01  8.800000e+00 -8.289855e+01
     vertex -7.390072e+01  1.380000e+01 -8.289855e+01
     vertex -7.462634e+01  1.380000e+01 -8.307740e+01
   endloop
 endfacet
 facet normal -2.393157e-01  0.000000e+00  9.709418e-01
   outer loop
     vertex -7.390072e+01  8.800000e+00 -8.289855e+01
     vertex -7.462634e+01  1.380000e+01 -8.307740e+01
     vertex -7.462634e+01  8.800000e+00 -8.307740e+01
   endloop
 endfacet
 facet normal -4.647232e-01  1.320823e-15  8.854560e-01
   outer loop
     vertex -7.323900e+01  8.800000e+00 -8.255125e+01
     vertex -7.323900e+01  1.380000e+01 -8.255125e+01
     vertex -7.390072e+01  1.380000e+01 -8.289855e+01
   endloop
 endfacet
 facet normal -4.647232e-01  0.000000e+00  8.854560e-01
   outer loop
     vertex -7.323900e+01  8.800000e+00 -8.255125e+01
     vertex -7.390072e+01  1.380000e+01 -8.289855e+01
     vertex -7.390072e+01  8.800000e+00 -8.289855e+01
   endloop
 endfacet
 facet normal -6.631227e-01  0.000000e+00  7.485107e-01
   outer loop
     vertex -7.267962e+01  8.800000e+00 -8.205568e+01
     vertex -7.267962e+01  1.380000e+01 -8.205568e+01
     vertex -7.323900e+01  1.380000e+01 -8.255125e+01
   endloop
 endfacet
 facet normal -6.631227e-01  1.886701e-15  7.485107e-01
   outer loop
     vertex -7.267962e+01  8.800000e+00 -8.205568e+01
     vertex -7.323900e+01  1.380000e+01 -8.255125e+01
     vertex -7.323900e+01  8.800000e+00 -8.255125e+01
   endloop
 endfacet
 facet normal -8.229839e-01 -1.614537e-15  5.680647e-01
   outer loop
     vertex -7.225509e+01  8.800000e+00 -8.144064e+01
     vertex -7.225509e+01  1.380000e+01 -8.144064e+01
     vertex -7.267962e+01  1.380000e+01 -8.205568e+01
   endloop
 endfacet
 facet normal -8.229839e-01  0.000000e+00  5.680647e-01
   outer loop
     vertex -7.225509e+01  8.800000e+00 -8.144064e+01
     vertex -7.267962e+01  1.380000e+01 -8.205568e+01
     vertex -7.267962e+01  8.800000e+00 -8.205568e+01
   endloop
 endfacet
 facet normal -9.350162e-01  0.000000e+00  3.546049e-01
   outer loop
     vertex -7.199008e+01  8.800000e+00 -8.074188e+01
     vertex -7.199008e+01  1.380000e+01 -8.074188e+01
     vertex -7.225509e+01  1.380000e+01 -8.144064e+01
   endloop
 endfacet
 facet normal -9.350162e-01 -1.002774e-15  3.546049e-01
   outer loop
     vertex -7.199008e+01  8.800000e+00 -8.074188e+01
     vertex -7.225509e+01  1.380000e+01 -8.144064e+01
     vertex -7.225509e+01  8.800000e+00 -8.144064e+01
   endloop
 endfacet
 facet normal -9.927089e-01  0.000000e+00  1.205367e-01
   outer loop
     vertex -7.190000e+01  8.800000e+00 -8.000000e+01
     vertex -7.190000e+01  1.380000e+01 -8.000000e+01
     vertex -7.199008e+01  1.380000e+01 -8.074188e+01
   endloop
 endfacet
 facet normal -9.927089e-01  0.000000e+00  1.205367e-01
   outer loop
     vertex -7.190000e+01  8.800000e+00 -8.000000e+01
     vertex -7.199008e+01  1.380000e+01 -8.074188e+01
     vertex -7.199008e+01  8.800000e+00 -8.074188e+01
   endloop
 endfacet
 facet normal  9.927089e-01  0.000000e+00  1.205367e-01
   outer loop
     vertex -4.800992e+01  8.800000e+00 -8.074188e+01
     vertex -4.810000e+01  1.380000e+01 -8.000000e+01
     vertex -4.810000e+01  8.800000e+00 -8.000000e+01
   endloop
 endfacet
 facet normal  9.927089e-01 -0.000000e+00  1.205367e-01
   outer loop
     vertex -4.800992e+01  8.800000e+00 -8.074188e+01
     vertex -4.800992e+01  1.380000e+01 -8.074188e+01
     vertex -4.810000e+01  1.380000e+01 -8.000000e+01
   endloop
 endfacet
 facet normal  9.350162e-01 -0.000000e+00  3.546049e-01
   outer loop
     vertex -4.774491e+01  8.800000e+00 -8.144064e+01
     vertex -4.774491e+01  1.380000e+01 -8.144064e+01
     vertex -4.800992e+01  1.380000e+01 -8.074188e+01
   endloop
 endfacet
 facet normal  9.350162e-01  0.000000e+00  3.546049e-01
   outer loop
     vertex -4.774491e+01  8.800000e+00 -8.144064e+01
     vertex -4.800992e+01  1.380000e+01 -8.074188e+01
     vertex -4.800992e+01  8.800000e+00 -8.074188e+01
   endloop
 endfacet
 facet normal  8.229839e-01 -0.000000e+00  5.680647e-01
   outer loop
     vertex -4.732038e+01  8.800000e+00 -8.205568e+01
     vertex -4.732038e+01  1.380000e+01 -8.205568e+01
     vertex -4.774491e+01  1.380000e+01 -8.144064e+01
   endloop
 endfacet
 facet normal  8.229839e-01  0.000000e+00  5.680647e-01
   outer loop
     vertex -4.732038e+01  8.800000e+00 -8.205568e+01
     vertex -4.774491e+01  1.380000e+01 -8.144064e+01
     vertex -4.774491e+01  8.800000e+00 -8.144064e+01
   endloop
 endfacet
 facet normal  6.631227e-01 -9.423540e-16  7.485107e-01
   outer loop
     vertex -4.676100e+01  8.800000e+00 -8.255125e+01
     vertex -4.676100e+01  1.380000e+01 -8.255125e+01
     vertex -4.732038e+01  1.380000e+01 -8.205568e+01
   endloop
 endfacet
 facet normal  6.631227e-01  0.000000e+00  7.485107e-01
   outer loop
     vertex -4.676100e+01  8.800000e+00 -8.255125e+01
     vertex -4.732038e+01  1.380000e+01 -8.205568e+01
     vertex -4.732038e+01  8.800000e+00 -8.205568e+01
   endloop
 endfacet
 facet normal  4.647232e-01 -0.000000e+00  8.854560e-01
   outer loop
     vertex -4.609928e+01  8.800000e+00 -8.289855e+01
     vertex -4.609928e+01  1.380000e+01 -8.289855e+01
     vertex -4.676100e+01  1.380000e+01 -8.255125e+01
   endloop
 endfacet
 facet normal  4.647232e-01 -6.536601e-16  8.854560e-01
   outer loop
     vertex -4.609928e+01  8.800000e+00 -8.289855e+01
     vertex -4.676100e+01  1.380000e+01 -8.255125e+01
     vertex -4.676100e+01  8.800000e+00 -8.255125e+01
   endloop
 endfacet
 facet normal  2.393157e-01 -3.400880e-16  9.709418e-01
   outer loop
     vertex -4.537366e+01  8.800000e+00 -8.307740e+01
     vertex -4.537366e+01  1.380000e+01 -8.307740e+01
     vertex -4.609928e+01  1.380000e+01 -8.289855e+01
   endloop
 endfacet
 facet normal  2.393157e-01  0.000000e+00  9.709418e-01
   outer loop
     vertex -4.537366e+01  8.800000e+00 -8.307740e+01
     vertex -4.609928e+01  1.380000e+01 -8.289855e+01
     vertex -4.609928e+01  8.800000e+00 -8.289855e+01
   endloop
 endfacet
 facet normal  0.000000e+00 -0.000000e+00  1.000000e+00
   outer loop
     vertex -4.462634e+01  8.800000e+00 -8.307740e+01
     vertex -4.462634e+01  1.380000e+01 -8.307740e+01
     vertex -4.537366e+01  1.380000e+01 -8.307740e+01
   endloop
 endfacet
 facet normal  0.000000e+00  0.000000e+00  1.000000e+00
   outer loop
     vertex -4.462634e+01  8.800000e+00 -8.307740e+01
     vertex -4.537366e+01  1.380000e+01 -8.307740e+01
     vertex -4.537366e+01  8.800000e+00 -8.307740e+01
   endloop
 endfacet
 facet normal -2.393157e-01  0.000000e+00  9.709418e-01
   outer loop
     vertex -4.390072e+01  8.800000e+00 -8.289855e+01
     vertex -4.390072e+01  1.380000e+01 -8.289855e+01
     vertex -4.462634e+01  1.380000e+01 -8.307740e+01
   endloop
 endfacet
 facet normal -2.393157e-01  0.000000e+00  9.709418e-01
   outer loop
     vertex -4.390072e+01  8.800000e+00 -8.289855e+01
     vertex -4.462634e+01  1.380000e+01 -8.307740e+01
     vertex -4.462634e+01  8.800000e+00 -8.307740e+01
   endloop
 endfacet
 facet normal -4.647232e-01  6.604113e-16  8.854560e-01
   outer loop
     vertex -4.323900e+01  8.800000e+00 -8.255125e+01
     vertex -4.323900e+01  1.380000e+01 -8.255125e+01
     vertex -4.390072e+01  1.380000e+01 -8.289855e+01
   endloop
 endfacet
 facet normal -4.647232e-01  0.000000e+00  8.854560e-01
   outer loop
     vertex -4.323900e+01  8.800000e+00 -8.255125e+01
     vertex -4.390072e+01  1.380000e+01 -8.289855e+01
     vertex -4.390072e+01  8.800000e+00 -8.289855e+01
   endloop
 endfacet
 facet normal -6.631227e-01  0.000000e+00  7.485107e-01
   outer loop
     vertex -4.267962e+01  8.800000e+00 -8.205568e+01
     vertex -4.267962e+01  1.380000e+01 -8.205568e+01
     vertex -4.323900e+01  1.380000e+01 -8.255125e+01
   endloop
 endfacet
 facet normal -6.631227e-01  9.359224e-16  7.485107e-01
   outer loop
     vertex -4.267962e+01  8.800000e+00 -8.205568e+01
     vertex -4.323900e+01  1.380000e+01 -8.255125e+01
     vertex -4.323900e+01  8.800000e+00 -8.255125e+01
   endloop
 endfacet
 facet normal -8.229839e-01 -1.614537e-15  5.680647e-01
   outer loop
     vertex -4.225509e+01  8.800000e+00 -8.144064e+01
     vertex -4.225509e+01  1.380000e+01 -8.144064e+01
     vertex -4.267962e+01  1.380000e+01 -8.205568e+01
   endloop
 endfacet
 facet normal -8.229839e-01  0.000000e+00  5.680647e-01
   outer loop
     vertex -4.225509e+01  8.800000e+00 -8.144064e+01
     vertex -4.267962e+01  1.380000e+01 -8.205568e+01
     vertex -4.267962e+01  8.800000e+00 -8.205568e+01
   endloop
 endfacet
 facet normal -9.350162e-01  0.000000e+00  3.546049e-01
   outer loop
     vertex -4.199008e+01  8.800000e+00 -8.074188e+01
     vertex -4.199008e+01  1.380000e+01 -8.074188e+01
     vertex -4.225509e+01  1.380000e+01 -8.144064e+01
   endloop
 endfacet
 facet normal -9.350162e-01 -1.002774e-15  3.546049e-01
   outer loop
     vertex -4.199008e+01  8.800000e+00 -8.074188e+01
     vertex -4.225509e+01  1.380000e+01 -8.144064e+01
     vertex -4.225509e+01  8.800000e+00 -8.144064e+01
   endloop
 endfacet
 facet normal -9.927089e-01  0.000000e+00  1.205367e-01
   outer loop
     vertex -4.190000e+01  8.800000e+00 -8.000000e+01
     vertex -4.190000e+01  1.380000e+01 -8.000000e+01
     vertex -4.199008e+01  1.380000e+01 -8.074188e+01
   endloop
 endfacet
 facet normal -9.927089e-01  0.000000e+00  1.205367e-01
   outer loop
     vertex -4.190000e+01  8.800000e+00 -8.000000e+01
     vertex -4.199008e+01  1.380000e+01 -8.074188e+01
     vertex -4.199008e+01  8.800000e+00 -8.074188e+01
   endloop
 endfacet
 facet normal  9.927089e-01  0.000000e+00  1.205367e-01
   outer loop
     vertex -4.800992e+01  8.800000e+00 -1.107419e+02
     vertex -4.810000e+01  1.380000e+01 -1.100000e+02
     vertex -4.810000e+01  8.800000e+00 -1.100000e+02
   endloop
 endfacet
 facet normal  9.927089e-01 -0.000000e+00  1.205367e-01
   outer loop
     vertex -4.800992e+01  8.800000e+00 -1.107419e+02
     vertex -4.800992e+01  1.380000e+01 -1.107419e+02
     vertex -4.810000e+01  1.380000e+01 -1.100000e+02
   endloop
 endfacet
 facet normal  9.350162e-01 -0.000000e+00  3.546049e-01
   outer loop
     vertex -4.774491e+01  8.800000e+00 -1.114406e+02
     vertex -4.774491e+01  1.380000e+01 -1.114406e+02
     vertex -4.800992e+01  1.380000e+01 -1.107419e+02
   endloop
 endfacet
 facet normal  9.350162e-01  0.000000e+00  3.546049e-01
   outer loop
     vertex -4.774491e+01  8.800000e+00 -1.114406e+02
     vertex -4.800992e+01  1.380000e+01 -1.107419e+02
     vertex -4.800992e+01  8.800000e+00 -1.107419e+02
   endloop
 endfacet
 facet normal  8.229839e-01 -0.000000e+00  5.680647e-01
   outer loop
     vertex -4.732038e+01  8.800000e+00 -1.120557e+02
     vertex -4.732038e+01  1.380000e+01 -1.120557e+02
     vertex -4.774491e+01  1.380000e+01 -1.114406e+02
   endloop
 endfacet
 facet normal  8.229839e-01  0.000000e+00  5.680647e-01
   outer loop
     vertex -4.732038e+01  8.800000e+00 -1.120557e+02
     vertex -4.774491e+01  1.380000e+01 -1.114406e+02
     vertex -4.774491e+01  8.800000e+00 -1.114406e+02
   endloop
 endfacet
 facet normal  6.631227e-01 -9.423540e-16  7.485107e-01
   outer loop
     vertex -4.676100e+01  8.800000e+00 -1.125512e+02
     vertex -4.676100e+01  1.380000e+01 -1.125512e+02
     vertex -4.732038e+01  1.380000e+01 -1.120557e+02
   endloop
 endfacet
 facet normal  6.631227e-01  0.000000e+00  7.485107e-01
   outer loop
     vertex -4.676100e+01  8.800000e+00 -1.125512e+02
     vertex -4.732038e+01  1.380000e+01 -1.120557e+02
     vertex -4.732038e+01  8.800000e+00 -1.120557e+02
   endloop
 endfacet
 facet normal  4.647232e-01 -0.000000e+00  8.854560e-01
   outer loop
     vertex -4.609928e+01  8.800000e+00 -1.128986e+02
     vertex -4.609928e+01  1.380000e+01 -1.128986e+02
     vertex -4.676100e+01  1.380000e+01 -1.125512e+02
   endloop
 endfacet
 facet normal  4.647232e-01 -6.610881e-16  8.854560e-01
   outer loop
     vertex -4.609928e+01  8.800000e+00 -1.128986e+02
     vertex -4.676100e+01  1.380000e+01 -1.125512e+02
     vertex -4.676100e+01  8.800000e+00 -1.125512e+02
   endloop
 endfacet
 facet normal  2.393157e-01 -3.400880e-16  9.709418e-01
   outer loop
     vertex -4.537366e+01  8.800000e+00 -1.130774e+02
     vertex -4.537366e+01  1.380000e+01 -1.130774e+02
     vertex -4.609928e+01  1.380000e+01 -1.128986e+02
   endloop
 endfacet
 facet normal  2.393157e-01  0.000000e+00  9.709418e-01
   outer loop
     vertex -4.537366e+01  8.800000e+00 -1.130774e+02
     vertex -4.609928e+01  1.380000e+01 -1.128986e+02
     vertex -4.609928e+01  8.800000e+00 -1.128986e+02
   endloop
 endfacet
 facet normal  0.000000e+00 -0.000000e+00  1.000000e+00
   outer loop
     vertex -4.462634e+01  8.800000e+00 -1.130774e+02
     vertex -4.462634e+01  1.380000e+01 -1.130774e+02
     vertex -4.537366e+01  1.380000e+01 -1.130774e+02
   endloop
 endfacet
 facet normal  0.000000e+00  0.000000e+00  1.000000e+00
   outer loop
     vertex -4.462634e+01  8.800000e+00 -1.130774e+02
     vertex -4.537366e+01  1.380000e+01 -1.130774e+02
     vertex -4.537366e+01  8.800000e+00 -1.130774e+02
   endloop
 endfacet
 facet normal -2.393157e-01  0.000000e+00  9.709418e-01
   outer loop
     vertex -4.390072e+01  8.800000e+00 -1.128986e+02
     vertex -4.390072e+01  1.380000e+01 -1.128986e+02
     vertex -4.462634e+01  1.380000e+01 -1.130774e+02
   endloop
 endfacet
 facet normal -2.393157e-01  0.000000e+00  9.709418e-01
   outer loop
     vertex -4.390072e+01  8.800000e+00 -1.128986e+02
     vertex -4.462634e+01  1.380000e+01 -1.130774e+02
     vertex -4.462634e+01  8.800000e+00 -1.130774e+02
   endloop
 endfacet
 facet normal -4.647232e-01  6.604113e-16  8.854560e-01
   outer loop
     vertex -4.323900e+01  8.800000e+00 -1.125512e+02
     vertex -4.323900e+01  1.380000e+01 -1.125512e+02
     vertex -4.390072e+01  1.380000e+01 -1.128986e+02
   endloop
 endfacet
 facet normal -4.647232e-01  0.000000e+00  8.854560e-01
   outer loop
     vertex -4.323900e+01  8.800000e+00 -1.125512e+02
     vertex -4.390072e+01  1.380000e+01 -1.128986e+02
     vertex -4.390072e+01  8.800000e+00 -1.128986e+02
   endloop
 endfacet
 facet normal -6.631227e-01  0.000000e+00  7.485107e-01
   outer loop
     vertex -4.267962e+01  8.800000e+00 -1.120557e+02
     vertex -4.267962e+01  1.380000e+01 -1.120557e+02
     vertex -4.323900e+01  1.380000e+01 -1.125512e+02
   endloop
 endfacet
 facet normal -6.631227e-01  9.359224e-16  7.485107e-01
   outer loop
     vertex -4.267962e+01  8.800000e+00 -1.120557e+02
     vertex -4.323900e+01  1.380000e+01 -1.125512e+02
     vertex -4.323900e+01  8.800000e+00 -1.125512e+02
   endloop
 endfacet
 facet normal -8.229839e-01 -1.614537e-15  5.680647e-01
   outer loop
     vertex -4.225509e+01  8.800000e+00 -1.114406e+02
     vertex -4.225509e+01  1.380000e+01 -1.114406e+02
     vertex -4.267962e+01  1.380000e+01 -1.120557e+02
   endloop
 endfacet
 facet normal -8.229839e-01  0.000000e+00  5.680647e-01
   outer loop
     vertex -4.225509e+01  8.800000e+00 -1.114406e+02
     vertex -4.267962e+01  1.380000e+01 -1.120557e+02
     vertex -4.267962e+01  8.800000e+00 -1.120557e+02
   endloop
 endfacet
 facet normal -9.350162e-01  0.000000e+00  3.546049e-01
   outer loop
     vertex -4.199008e+01  8.800000e+00 -1.107419e+02
     vertex -4.199008e+01  1.380000e+01 -1.107419e+02
     vertex -4.225509e+01  1.380000e+01 -1.114406e+02
   endloop
 endfacet
 facet normal -9.350162e-01 -1.002774e-15  3.546049e-01
   outer loop
     vertex -4.199008e+01  8.800000e+00 -1.107419e+02
     vertex -4.225509e+01  1.380000e+01 -1.114406e+02
     vertex -4.225509e+01  8.800000e+00 -1.114406e+02
   endloop
 endfacet
 facet normal -9.927089e-01  0.000000e+00  1.205367e-01
   outer loop
     vertex -4.190000e+01  8.800000e+00 -1.100000e+02
     vertex -4.190000e+01  1.380000e+01 -1.100000e+02
     vertex -4.199008e+01  1.380000e+01 -1.107419e+02
   endloop
 endfacet
 facet normal -9.927089e-01  0.000000e+00  1.205367e-01
   outer loop
     vertex -4.190000e+01  8.800000e+00 -1.100000e+02
     vertex -4.199008e+01  1.380000e+01 -1.107419e+02
     vertex -4.199008e+01  8.800000e+00 -1.107419e+02
   endloop
 endfacet
 facet normal  0.000000e+00  1.205367e-01 -9.927089e-01
   outer loop
     vertex -3.000000e+01  3.305812e+01 -7.699008e+01
     vertex -3.500000e+01  3.380000e+01 -7.690000e+01
     vertex -3.000000e+01  3.380000e+01 -7.690000e+01
   endloop
 endfacet
 facet normal  0.000000e+00  1.205367e-01 -9.927089e-01
   outer loop
     vertex -3.000000e+01  3.305812e+01 -7.699008e+01
     vertex -3.500000e+01  3.305812e+01 -7.699008e+01
     vertex -3.500000e+01  3.380000e+01 -7.690000e+01
   endloop
 endfacet
 facet normal  2.657476e-15  3.546049e-01 -9.350162e-01
   outer loop
     vertex -3.000000e+01  3.235936e+01 -7.725509e+01
     vertex -3.500000e+01  3.235936e+01 -7.725509e+01
     vertex -3.500000e+01  3.305812e+01 -7.699008e+01
   endloop
 endfacet
 facet normal  0.000000e+00  3.546049e-01 -9.350162e-01
   outer loop
     vertex -3.000000e+01  3.235936e+01 -7.725509e+01
     vertex -3.500000e+01  3.305812e+01 -7.699008e+01
     vertex -3.000000e+01  3.305812e+01 -7.699008e+01
   endloop
 endfacet
 facet normal  0.000000e+00  5.680647e-01 -8.229839e-01
   outer loop
     vertex -3.000000e+01  3.174432e+01 -7.767962e+01
     vertex -3.500000e+01  3.174432e+01 -7.767962e+01
     vertex -3.500000e+01  3.235936e+01 -7.725509e+01
   endloop
 endfacet
 facet normal  2.332378e-15  5.680647e-01 -8.229839e-01
   outer loop
     vertex -3.000000e+01  3.174432e+01 -7.767962e+01
     vertex -3.500000e+01  3.235936e+01 -7.725509e+01
     vertex -3.000000e+01  3.235936e+01 -7.725509e+01
   endloop
 endfacet
 facet normal  0.000000e+00  7.485107e-01 -6.631227e-01
   outer loop
     vertex -3.000000e+01  3.124875e+01 -7.823900e+01
     vertex -3.500000e+01  3.124875e+01 -7.823900e+01
     vertex -3.500000e+01  3.174432e+01 -7.767962e+01
   endloop
 endfacet
 facet normal  0.000000e+00  7.485107e-01 -6.631227e-01
   outer loop
     vertex -3.000000e+01  3.124875e+01 -7.823900e+01
     vertex -3.500000e+01  3.174432e+01 -7.767962e+01
     vertex -3.000000e+01  3.174432e+01 -7.767962e+01
   endloop
 endfacet
 facet normal  1.949977e-15  8.854560e-01 -4.647232e-01
   outer loop
     vertex -3.000000e+01  3.090145e+01 -7.890072e+01
     vertex -3.500000e+01  3.090145e+01 -7.890072e+01
     vertex -3.500000e+01  3.124875e+01 -7.823900e+01
   endloop
 endfacet
 facet normal  0.000000e+00  8.854560e-01 -4.647232e-01
   outer loop
     vertex -3.000000e+01  3.090145e+01 -7.890072e+01
     vertex -3.500000e+01  3.124875e+01 -7.823900e+01
     vertex -3.000000e+01  3.124875e+01 -7.823900e+01
   endloop
 endfacet
 facet normal  6.801760e-16  9.709418e-01 -2.393157e-01
   outer loop
     vertex -3.000000e+01  3.072260e+01 -7.962634e+01
     vertex -3.500000e+01  3.072260e+01 -7.962634e+01
     vertex -3.500000e+01  3.090145e+01 -7.890072e+01
   endloop
 endfacet
 facet normal  1.366744e-15  9.709418e-01 -2.393157e-01
   outer loop
     vertex -3.000000e+01  3.072260e+01 -7.962634e+01
     vertex -3.500000e+01  3.090145e+01 -7.890072e+01
     vertex -3.000000e+01  3.090145e+01 -7.890072e+01
   endloop
 endfacet
 facet normal  0.000000e+00  1.000000e+00  0.000000e+00
   outer loop
     vertex -3.000000e+01  3.072260e+01 -8.037366e+01
     vertex -3.500000e+01  3.072260e+01 -8.037366e+01
     vertex -3.500000e+01  3.072260e+01 -7.962634e+01
   endloop
 endfacet
 facet normal  0.000000e+00  1.000000e+00 -0.000000e+00
   outer loop
     vertex -3.000000e+01  3.072260e+01 -8.037366e+01
     vertex -3.500000e+01  3.072260e+01 -7.962634e+01
     vertex -3.000000e+01  3.072260e+01 -7.962634e+01
   endloop
 endfacet
 facet normal  1.379791e-15  9.709418e-01  2.393157e-01
   outer loop
     vertex -3.000000e+01  3.090145e+01 -8.109928e+01
     vertex -3.500000e+01  3.090145e+01 -8.109928e+01
     vertex -3.500000e+01  3.072260e+01 -8.037366e+01
   endloop
 endfacet
 facet normal  0.000000e+00  9.709418e-01  2.393157e-01
   outer loop
     vertex -3.000000e+01  3.090145e+01 -8.109928e+01
     vertex -3.500000e+01  3.072260e+01 -8.037366e+01
     vertex -3.000000e+01  3.072260e+01 -8.037366e+01
   endloop
 endfacet
 facet normal  6.291543e-16  8.854560e-01  4.647232e-01
   outer loop
     vertex -3.000000e+01  3.124875e+01 -8.176100e+01
     vertex -3.500000e+01  3.124875e+01 -8.176100e+01
     vertex -3.500000e+01  3.090145e+01 -8.109928e+01
   endloop
 endfacet
 facet normal  1.255325e-15  8.854560e-01  4.647232e-01
   outer loop
     vertex -3.000000e+01  3.124875e+01 -8.176100e+01
     vertex -3.500000e+01  3.090145e+01 -8.109928e+01
     vertex -3.000000e+01  3.090145e+01 -8.109928e+01
   endloop
 endfacet
 facet normal -8.210102e-16  7.485107e-01  6.631227e-01
   outer loop
     vertex -3.000000e+01  3.174432e+01 -8.232038e+01
     vertex -3.500000e+01  3.174432e+01 -8.232038e+01
     vertex -3.500000e+01  3.124875e+01 -8.176100e+01
   endloop
 endfacet
 facet normal  5.199569e-16  7.485107e-01  6.631227e-01
   outer loop
     vertex -3.000000e+01  3.174432e+01 -8.232038e+01
     vertex -3.500000e+01  3.124875e+01 -8.176100e+01
     vertex -3.000000e+01  3.124875e+01 -8.176100e+01
   endloop
 endfacet
 facet normal  1.614537e-15  5.680647e-01  8.229839e-01
   outer loop
     vertex -3.000000e+01  3.235936e+01 -8.274491e+01
     vertex -3.500000e+01  3.235936e+01 -8.274491e+01
     vertex -3.500000e+01  3.174432e+01 -8.232038e+01
   endloop
 endfacet
 facet normal -1.530159e-15  5.680647e-01  8.229839e-01
   outer loop
     vertex -3.000000e+01  3.235936e+01 -8.274491e+01
     vertex -3.500000e+01  3.174432e+01 -8.232038e+01
     vertex -3.000000e+01  3.174432e+01 -8.232038e+01
   endloop
 endfacet
 facet normal  5.039239e-16  3.546049e-01  9.350162e-01
   outer loop
     vertex -3.000000e+01  3.305812e+01 -8.300992e+01
     vertex -3.500000e+01  3.305812e+01 -8.300992e+01
     vertex -3.500000e+01  3.235936e+01 -8.274491e+01
   endloop
 endfacet
 facet normal  1.002774e-15  3.546049e-01  9.350162e-01
   outer loop
     vertex -3.000000e+01  3.305812e+01 -8.300992e+01
     vertex -3.500000e+01  3.235936e+01 -8.274491e+01
     vertex -3.000000e+01  3.235936e+01 -8.274491e+01
   endloop
 endfacet
 facet normal  0.000000e+00  1.205367e-01  9.927089e-01
   outer loop
     vertex -3.000000e+01  3.380000e+01 -8.310000e+01
     vertex -3.500000e+01  3.380000e+01 -8.310000e+01
     vertex -3.500000e+01  3.305812e+01 -8.300992e+01
   endloop
 endfacet
 facet normal  1.708430e-16  1.205367e-01  9.927089e-01
   outer loop
     vertex -3.000000e+01  3.380000e+01 -8.310000e+01
     vertex -3.500000e+01  3.305812e+01 -8.300992e+01
     vertex -3.000000e+01  3.305812e+01 -8.300992e+01
   endloop
 endfacet
 facet normal  0.000000e+00  1.205367e-01 -9.927089e-01
   outer loop
     vertex -3.000000e+01  5.305812e+01 -1.069901e+02
     vertex -3.500000e+01  5.380000e+01 -1.069000e+02
     vertex -3.000000e+01  5.380000e+01 -1.069000e+02
   endloop
 endfacet
 facet normal  0.000000e+00  1.205367e-01 -9.927089e-01
   outer loop
     vertex -3.000000e+01  5.305812e+01 -1.069901e+02
     vertex -3.500000e+01  5.305812e+01 -1.069901e+02
     vertex -3.500000e+01  5.380000e+01 -1.069000e+02
   endloop
 endfacet
 facet normal  0.000000e+00  3.546049e-01 -9.350162e-01
   outer loop
     vertex -3.000000e+01  5.235936e+01 -1.072551e+02
     vertex -3.500000e+01  5.235936e+01 -1.072551e+02
     vertex -3.500000e+01  5.305812e+01 -1.069901e+02
   endloop
 endfacet
 facet normal  0.000000e+00  3.546049e-01 -9.350162e-01
   outer loop
     vertex -3.000000e+01  5.235936e+01 -1.072551e+02
     vertex -3.500000e+01  5.305812e+01 -1.069901e+02
     vertex -3.000000e+01  5.305812e+01 -1.069901e+02
   endloop
 endfacet
 facet normal  0.000000e+00  5.680647e-01 -8.229839e-01
   outer loop
     vertex -3.000000e+01  5.174432e+01 -1.076796e+02
     vertex -3.500000e+01  5.174432e+01 -1.076796e+02
     vertex -3.500000e+01  5.235936e+01 -1.072551e+02
   endloop
 endfacet
 facet normal  0.000000e+00  5.680647e-01 -8.229839e-01
   outer loop
     vertex -3.000000e+01  5.174432e+01 -1.076796e+02
     vertex -3.500000e+01  5.235936e+01 -1.072551e+02
     vertex -3.000000e+01  5.235936e+01 -1.072551e+02
   endloop
 endfacet
 facet normal  0.000000e+00  7.485107e-01 -6.631227e-01
   outer loop
     vertex -3.000000e+01  5.124875e+01 -1.082390e+02
     vertex -3.500000e+01  5.124875e+01 -1.082390e+02
     vertex -3.500000e+01  5.174432e+01 -1.076796e+02
   endloop
 endfacet
 facet normal  0.000000e+00  7.485107e-01 -6.631227e-01
   outer loop
     vertex -3.000000e+01  5.124875e+01 -1.082390e+02
     vertex -3.500000e+01  5.174432e+01 -1.076796e+02
     vertex -3.000000e+01  5.174432e+01 -1.076796e+02
   endloop
 endfacet
 facet normal  1.320823e-15  8.854560e-01 -4.647232e-01
   outer loop
     vertex -3.000000e+01  5.090145e+01 -1.089007e+02
     vertex -3.500000e+01  5.090145e+01 -1.089007e+02
     vertex -3.500000e+01  5.124875e+01 -1.082390e+02
   endloop
 endfacet
 facet normal  0.000000e+00  8.854560e-01 -4.647232e-01
   outer loop
     vertex -3.000000e+01  5.090145e+01 -1.089007e+02
     vertex -3.500000e+01  5.124875e+01 -1.082390e+02
     vertex -3.000000e+01  5.124875e+01 -1.082390e+02
   endloop
 endfacet
 facet normal -2.079407e-15  9.709418e-01 -2.393157e-01
   outer loop
     vertex -3.000000e+01  5.072260e+01 -1.096263e+02
     vertex -3.500000e+01  5.072260e+01 -1.096263e+02
     vertex -3.500000e+01  5.090145e+01 -1.089007e+02
   endloop
 endfacet
 facet normal  6.833719e-16  9.709418e-01 -2.393157e-01
   outer loop
     vertex -3.000000e+01  5.072260e+01 -1.096263e+02
     vertex -3.500000e+01  5.090145e+01 -1.089007e+02
     vertex -3.000000e+01  5.090145e+01 -1.089007e+02
   endloop
 endfacet
 facet normal -2.842171e-15  1.000000e+00  0.000000e+00
   outer loop
     vertex -3.000000e+01  5.072260e+01 -1.103737e+02
     vertex -3.500000e+01  5.072260e+01 -1.103737e+02
     vertex -3.500000e+01  5.072260e+01 -1.096263e+02
   endloop
 endfacet
 facet normal -2.842171e-15  1.000000e+00  0.000000e+00
   outer loop
     vertex -3.000000e+01  5.072260e+01 -1.103737e+02
     vertex -3.500000e+01  5.072260e+01 -1.096263e+02
     vertex -3.000000e+01  5.072260e+01 -1.096263e+02
   endloop
 endfacet
 facet normal  0.000000e+00  9.709418e-01  2.393157e-01
   outer loop
     vertex -3.000000e+01  5.090145e+01 -1.110993e+02
     vertex -3.500000e+01  5.090145e+01 -1.110993e+02
     vertex -3.500000e+01  5.072260e+01 -1.103737e+02
   endloop
 endfacet
 facet normal -2.763200e-15  9.709418e-01  2.393157e-01
   outer loop
     vertex -3.000000e+01  5.090145e+01 -1.110993e+02
     vertex -3.500000e+01  5.072260e+01 -1.103737e+02
     vertex -3.000000e+01  5.072260e+01 -1.103737e+02
   endloop
 endfacet
 facet normal -1.320823e-15  8.854560e-01  4.647232e-01
   outer loop
     vertex -3.000000e+01  5.124875e+01 -1.117610e+02
     vertex -3.500000e+01  5.124875e+01 -1.117610e+02
     vertex -3.500000e+01  5.090145e+01 -1.110993e+02
   endloop
 endfacet
 facet normal  0.000000e+00  8.854560e-01  4.647232e-01
   outer loop
     vertex -3.000000e+01  5.124875e+01 -1.117610e+02
     vertex -3.500000e+01  5.090145e+01 -1.110993e+02
     vertex -3.000000e+01  5.090145e+01 -1.110993e+02
   endloop
 endfacet
 facet normal -1.884708e-15  7.485107e-01  6.631227e-01
   outer loop
     vertex -3.000000e+01  5.174432e+01 -1.123204e+02
     vertex -3.500000e+01  5.174432e+01 -1.123204e+02
     vertex -3.500000e+01  5.124875e+01 -1.117610e+02
   endloop
 endfacet
 facet normal -1.871845e-15  7.485107e-01  6.631227e-01
   outer loop
     vertex -3.000000e+01  5.174432e+01 -1.123204e+02
     vertex -3.500000e+01  5.124875e+01 -1.117610e+02
     vertex -3.000000e+01  5.124875e+01 -1.117610e+02
   endloop
 endfacet
 facet normal  1.614537e-15  5.680647e-01  8.229839e-01
   outer loop
     vertex -3.000000e+01  5.235936e+01 -1.127449e+02
     vertex -3.500000e+01  5.235936e+01 -1.127449e+02
     vertex -3.500000e+01  5.174432e+01 -1.123204e+02
   endloop
 endfacet
 facet normal -2.347234e-15  5.680647e-01  8.229839e-01
   outer loop
     vertex -3.000000e+01  5.235936e+01 -1.127449e+02
     vertex -3.500000e+01  5.174432e+01 -1.123204e+02
     vertex -3.000000e+01  5.174432e+01 -1.123204e+02
   endloop
 endfacet
 facet normal  1.007848e-15  3.546049e-01  9.350162e-01
   outer loop
     vertex -3.000000e+01  5.305812e+01 -1.130099e+02
     vertex -3.500000e+01  5.305812e+01 -1.130099e+02
     vertex -3.500000e+01  5.235936e+01 -1.127449e+02
   endloop
 endfacet
 facet normal  3.425859e-16  1.205367e-01  9.927089e-01
   outer loop
     vertex -3.000000e+01  5.305812e+01 -1.130099e+02
     vertex -3.500000e+01  5.380000e+01 -1.131000e+02
     vertex -3.500000e+01  5.305812e+01 -1.130099e+02
   endloop
 endfacet
 facet normal  1.002774e-15  3.546049e-01  9.350162e-01
   outer loop
     vertex -3.000000e+01  5.305812e+01 -1.130099e+02
     vertex -3.500000e+01  5.235936e+01 -1.127449e+02
     vertex -3.000000e+01  5.235936e+01 -1.127449e+02
   endloop
 endfacet
 facet normal -2.821448e-15  1.205367e-01  9.927089e-01
   outer loop
     vertex -3.000000e+01  5.380000e+01 -1.131000e+02
     vertex -3.500000e+01  5.380000e+01 -1.131000e+02
     vertex -3.000000e+01  5.305812e+01 -1.130099e+02
   endloop
 endfacet
 facet normal  0.000000e+00  1.205367e-01 -9.927089e-01
   outer loop
     vertex -3.000000e+01  5.305812e+01 -7.699008e+01
     vertex -3.500000e+01  5.380000e+01 -7.690000e+01
     vertex -3.000000e+01  5.380000e+01 -7.690000e+01
   endloop
 endfacet
 facet normal  0.000000e+00  1.205367e-01 -9.927089e-01
   outer loop
     vertex -3.000000e+01  5.305812e+01 -7.699008e+01
     vertex -3.500000e+01  5.305812e+01 -7.699008e+01
     vertex -3.500000e+01  5.380000e+01 -7.690000e+01
   endloop
 endfacet
 facet normal  2.657476e-15  3.546049e-01 -9.350162e-01
   outer loop
     vertex -3.000000e+01  5.235936e+01 -7.725509e+01
     vertex -3.500000e+01  5.235936e+01 -7.725509e+01
     vertex -3.500000e+01  5.305812e+01 -7.699008e+01
   endloop
 endfacet
 facet normal  0.000000e+00  3.546049e-01 -9.350162e-01
   outer loop
     vertex -3.000000e+01  5.235936e+01 -7.725509e+01
     vertex -3.500000e+01  5.305812e+01 -7.699008e+01
     vertex -3.000000e+01  5.305812e+01 -7.699008e+01
   endloop
 endfacet
 facet normal  0.000000e+00  5.680647e-01 -8.229839e-01
   outer loop
     vertex -3.000000e+01  5.174432e+01 -7.767962e+01
     vertex -3.500000e+01  5.174432e+01 -7.767962e+01
     vertex -3.500000e+01  5.235936e+01 -7.725509e+01
   endloop
 endfacet
 facet normal  2.332378e-15  5.680647e-01 -8.229839e-01
   outer loop
     vertex -3.000000e+01  5.174432e+01 -7.767962e+01
     vertex -3.500000e+01  5.235936e+01 -7.725509e+01
     vertex -3.000000e+01  5.235936e+01 -7.725509e+01
   endloop
 endfacet
 facet normal  0.000000e+00  7.485107e-01 -6.631227e-01
   outer loop
     vertex -3.000000e+01  5.124875e+01 -7.823900e+01
     vertex -3.500000e+01  5.124875e+01 -7.823900e+01
     vertex -3.500000e+01  5.174432e+01 -7.767962e+01
   endloop
 endfacet
 facet normal  0.000000e+00  7.485107e-01 -6.631227e-01
   outer loop
     vertex -3.000000e+01  5.124875e+01 -7.823900e+01
     vertex -3.500000e+01  5.174432e+01 -7.767962e+01
     vertex -3.000000e+01  5.174432e+01 -7.767962e+01
   endloop
 endfacet
 facet normal  1.320823e-15  8.854560e-01 -4.647232e-01
   outer loop
     vertex -3.000000e+01  5.090145e+01 -7.890072e+01
     vertex -3.500000e+01  5.090145e+01 -7.890072e+01
     vertex -3.500000e+01  5.124875e+01 -7.823900e+01
   endloop
 endfacet
 facet normal  0.000000e+00  8.854560e-01 -4.647232e-01
   outer loop
     vertex -3.000000e+01  5.090145e+01 -7.890072e+01
     vertex -3.500000e+01  5.124875e+01 -7.823900e+01
     vertex -3.000000e+01  5.124875e+01 -7.823900e+01
   endloop
 endfacet
 facet normal  3.439759e-15  9.709418e-01 -2.393157e-01
   outer loop
     vertex -3.000000e+01  5.072260e+01 -7.962634e+01
     vertex -3.500000e+01  5.072260e+01 -7.962634e+01
     vertex -3.500000e+01  5.090145e+01 -7.890072e+01
   endloop
 endfacet
 facet normal  6.759440e-16  9.709418e-01 -2.393157e-01
   outer loop
     vertex -3.000000e+01  5.072260e+01 -7.962634e+01
     vertex -3.500000e+01  5.090145e+01 -7.890072e+01
     vertex -3.000000e+01  5.090145e+01 -7.890072e+01
   endloop
 endfacet
 facet normal  2.842171e-15  1.000000e+00  0.000000e+00
   outer loop
     vertex -3.000000e+01  5.072260e+01 -8.037366e+01
     vertex -3.500000e+01  5.072260e+01 -8.037366e+01
     vertex -3.500000e+01  5.072260e+01 -7.962634e+01
   endloop
 endfacet
 facet normal  2.842171e-15  1.000000e+00 -0.000000e+00
   outer loop
     vertex -3.000000e+01  5.072260e+01 -8.037366e+01
     vertex -3.500000e+01  5.072260e+01 -7.962634e+01
     vertex -3.000000e+01  5.072260e+01 -7.962634e+01
   endloop
 endfacet
 facet normal  2.759583e-15  9.709418e-01  2.393157e-01
   outer loop
     vertex -3.000000e+01  5.090145e+01 -8.109928e+01
     vertex -3.500000e+01  5.090145e+01 -8.109928e+01
     vertex -3.500000e+01  5.072260e+01 -8.037366e+01
   endloop
 endfacet
 facet normal  2.763200e-15  9.709418e-01  2.393157e-01
   outer loop
     vertex -3.000000e+01  5.090145e+01 -8.109928e+01
     vertex -3.500000e+01  5.072260e+01 -8.037366e+01
     vertex -3.000000e+01  5.072260e+01 -8.037366e+01
   endloop
 endfacet
 facet normal  2.516617e-15  8.854560e-01  4.647232e-01
   outer loop
     vertex -3.000000e+01  5.124875e+01 -8.176100e+01
     vertex -3.500000e+01  5.124875e+01 -8.176100e+01
     vertex -3.500000e+01  5.090145e+01 -8.109928e+01
   endloop
 endfacet
 facet normal  2.518077e-15  8.854560e-01  4.647232e-01
   outer loop
     vertex -3.000000e+01  5.124875e+01 -8.176100e+01
     vertex -3.500000e+01  5.090145e+01 -8.109928e+01
     vertex -3.000000e+01  5.090145e+01 -8.109928e+01
   endloop
 endfacet
 facet normal -1.884708e-15  7.485107e-01  6.631227e-01
   outer loop
     vertex -3.000000e+01  5.174432e+01 -8.232038e+01
     vertex -3.500000e+01  5.174432e+01 -8.232038e+01
     vertex -3.500000e+01  5.124875e+01 -8.176100e+01
   endloop
 endfacet
 facet normal  2.124395e-15  7.485107e-01  6.631227e-01
   outer loop
     vertex -3.000000e+01  5.174432e+01 -8.232038e+01
     vertex -3.500000e+01  5.124875e+01 -8.176100e+01
     vertex -3.000000e+01  5.124875e+01 -8.176100e+01
   endloop
 endfacet
 facet normal  1.614537e-15  5.680647e-01  8.229839e-01
   outer loop
     vertex -3.000000e+01  5.235936e+01 -8.274491e+01
     vertex -3.500000e+01  5.235936e+01 -8.274491e+01
     vertex -3.500000e+01  5.174432e+01 -8.232038e+01
   endloop
 endfacet
 facet normal -2.347234e-15  5.680647e-01  8.229839e-01
   outer loop
     vertex -3.000000e+01  5.235936e+01 -8.274491e+01
     vertex -3.500000e+01  5.174432e+01 -8.232038e+01
     vertex -3.000000e+01  5.174432e+01 -8.232038e+01
   endloop
 endfacet
 facet normal  1.007848e-15  3.546049e-01  9.350162e-01
   outer loop
     vertex -3.000000e+01  5.305812e+01 -8.300992e+01
     vertex -3.500000e+01  5.305812e+01 -8.300992e+01
     vertex -3.500000e+01  5.235936e+01 -8.274491e+01
   endloop
 endfacet
 facet normal  3.425859e-16  1.205367e-01  9.927089e-01
   outer loop
     vertex -3.000000e+01  5.305812e+01 -8.300992e+01
     vertex -3.500000e+01  5.380000e+01 -8.310000e+01
     vertex -3.500000e+01  5.305812e+01 -8.300992e+01
   endloop
 endfacet
 facet normal  1.002774e-15  3.546049e-01  9.350162e-01
   outer loop
     vertex -3.000000e+01  5.305812e+01 -8.300992e+01
     vertex -3.500000e+01  5.235936e+01 -8.274491e+01
     vertex -3.000000e+01  5.235936e+01 -8.274491e+01
   endloop
 endfacet
 facet normal  0.000000e+00  1.205367e-01  9.927089e-01
   outer loop
     vertex -3.000000e+01  5.380000e+01 -8.310000e+01
     vertex -3.500000e+01  5.380000e+01 -8.310000e+01
     vertex -3.000000e+01  5.305812e+01 -8.300992e+01
   endloop
 endfacet
 facet normal  0.000000e+00  1.205367e-01 -9.927089e-01
   outer loop
     vertex -3.000000e+01  3.305812e+01 -1.069901e+02
     vertex -3.500000e+01  3.380000e+01 -1.069000e+02
     vertex -3.000000e+01  3.380000e+01 -1.069000e+02
   endloop
 endfacet
 facet normal  0.000000e+00  1.205367e-01 -9.927089e-01
   outer loop
     vertex -3.000000e+01  3.305812e+01 -1.069901e+02
     vertex -3.500000e+01  3.305812e+01 -1.069901e+02
     vertex -3.500000e+01  3.380000e+01 -1.069000e+02
   endloop
 endfacet
 facet normal  0.000000e+00  3.546049e-01 -9.350162e-01
   outer loop
     vertex -3.000000e+01  3.235936e+01 -1.072551e+02
     vertex -3.500000e+01  3.235936e+01 -1.072551e+02
     vertex -3.500000e+01  3.305812e+01 -1.069901e+02
   endloop
 endfacet
 facet normal  0.000000e+00  3.546049e-01 -9.350162e-01
   outer loop
     vertex -3.000000e+01  3.235936e+01 -1.072551e+02
     vertex -3.500000e+01  3.305812e+01 -1.069901e+02
     vertex -3.000000e+01  3.305812e+01 -1.069901e+02
   endloop
 endfacet
 facet normal -4.036343e-16  5.680647e-01 -8.229839e-01
   outer loop
     vertex -3.000000e+01  3.174432e+01 -1.076796e+02
     vertex -3.500000e+01  3.174432e+01 -1.076796e+02
     vertex -3.500000e+01  3.235936e+01 -1.072551e+02
   endloop
 endfacet
 facet normal  0.000000e+00  5.680647e-01 -8.229839e-01
   outer loop
     vertex -3.000000e+01  3.174432e+01 -1.076796e+02
     vertex -3.500000e+01  3.235936e+01 -1.072551e+02
     vertex -3.000000e+01  3.235936e+01 -1.072551e+02
   endloop
 endfacet
 facet normal -5.318489e-16  7.485107e-01 -6.631227e-01
   outer loop
     vertex -3.000000e+01  3.124875e+01 -1.082390e+02
     vertex -3.500000e+01  3.124875e+01 -1.082390e+02
     vertex -3.500000e+01  3.174432e+01 -1.076796e+02
   endloop
 endfacet
 facet normal -5.348128e-16  7.485107e-01 -6.631227e-01
   outer loop
     vertex -3.000000e+01  3.124875e+01 -1.082390e+02
     vertex -3.500000e+01  3.174432e+01 -1.076796e+02
     vertex -3.000000e+01  3.174432e+01 -1.076796e+02
   endloop
 endfacet
 facet normal  6.916683e-16  8.854560e-01 -4.647232e-01
   outer loop
     vertex -3.000000e+01  3.090145e+01 -1.089007e+02
     vertex -3.500000e+01  3.090145e+01 -1.089007e+02
     vertex -3.500000e+01  3.124875e+01 -1.082390e+02
   endloop
 endfacet
 facet normal -6.239483e-16  8.854560e-01 -4.647232e-01
   outer loop
     vertex -3.000000e+01  3.090145e+01 -1.089007e+02
     vertex -3.500000e+01  3.124875e+01 -1.082390e+02
     vertex -3.000000e+01  3.124875e+01 -1.082390e+02
   endloop
 endfacet
 facet normal -9.719628e-18  9.709418e-01 -2.393157e-01
   outer loop
     vertex -3.000000e+01  3.072260e+01 -1.096263e+02
     vertex -3.500000e+01  3.072260e+01 -1.096263e+02
     vertex -3.500000e+01  3.090145e+01 -1.089007e+02
   endloop
 endfacet
 facet normal -7.427956e-18  9.709418e-01 -2.393157e-01
   outer loop
     vertex -3.000000e+01  3.072260e+01 -1.096263e+02
     vertex -3.500000e+01  3.090145e+01 -1.089007e+02
     vertex -3.000000e+01  3.090145e+01 -1.089007e+02
   endloop
 endfacet
 facet normal  0.000000e+00  1.000000e+00  0.000000e+00
   outer loop
     vertex -3.000000e+01  3.072260e+01 -1.103737e+02
     vertex -3.500000e+01  3.072260e+01 -1.103737e+02
     vertex -3.500000e+01  3.072260e+01 -1.096263e+02
   endloop
 endfacet
 facet normal -7.105427e-16  1.000000e+00 -4.753892e-15
   outer loop
     vertex -3.000000e+01  3.072260e+01 -1.103737e+02
     vertex -3.500000e+01  3.072260e+01 -1.096263e+02
     vertex -3.000000e+01  3.072260e+01 -1.096263e+02
   endloop
 endfacet
 facet normal  0.000000e+00  9.709418e-01  2.393157e-01
   outer loop
     vertex -3.000000e+01  3.090145e+01 -1.110993e+02
     vertex -3.500000e+01  3.090145e+01 -1.110993e+02
     vertex -3.500000e+01  3.072260e+01 -1.103737e+02
   endloop
 endfacet
 facet normal  0.000000e+00  9.709418e-01  2.393157e-01
   outer loop
     vertex -3.000000e+01  3.090145e+01 -1.110993e+02
     vertex -3.500000e+01  3.072260e+01 -1.103737e+02
     vertex -3.000000e+01  3.072260e+01 -1.103737e+02
   endloop
 endfacet
 facet normal -6.916683e-16  8.854560e-01  4.647232e-01
   outer loop
     vertex -3.000000e+01  3.124875e+01 -1.117610e+02
     vertex -3.500000e+01  3.124875e+01 -1.117610e+02
     vertex -3.500000e+01  3.090145e+01 -1.110993e+02
   endloop
 endfacet
 facet normal  0.000000e+00  8.854560e-01  4.647232e-01
   outer loop
     vertex -3.000000e+01  3.124875e+01 -1.117610e+02
     vertex -3.500000e+01  3.090145e+01 -1.110993e+02
     vertex -3.000000e+01  3.090145e+01 -1.110993e+02
   endloop
 endfacet
 facet normal -1.352859e-15  7.485107e-01  6.631227e-01
   outer loop
     vertex -3.000000e+01  3.174432e+01 -1.123204e+02
     vertex -3.500000e+01  3.174432e+01 -1.123204e+02
     vertex -3.500000e+01  3.124875e+01 -1.117610e+02
   endloop
 endfacet
 facet normal -1.351888e-15  7.485107e-01  6.631227e-01
   outer loop
     vertex -3.000000e+01  3.174432e+01 -1.123204e+02
     vertex -3.500000e+01  3.124875e+01 -1.117610e+02
     vertex -3.000000e+01  3.124875e+01 -1.117610e+02
   endloop
 endfacet
 facet normal  1.614537e-15  5.680647e-01  8.229839e-01
   outer loop
     vertex -3.000000e+01  3.235936e+01 -1.127449e+02
     vertex -3.500000e+01  3.235936e+01 -1.127449e+02
     vertex -3.500000e+01  3.174432e+01 -1.123204e+02
   endloop
 endfacet
 facet normal -1.931269e-15  5.680647e-01  8.229839e-01
   outer loop
     vertex -3.000000e+01  3.235936e+01 -1.127449e+02
     vertex -3.500000e+01  3.174432e+01 -1.123204e+02
     vertex -3.000000e+01  3.174432e+01 -1.123204e+02
   endloop
 endfacet
 facet normal  5.039239e-16  3.546049e-01  9.350162e-01
   outer loop
     vertex -3.000000e+01  3.305812e+01 -1.130099e+02
     vertex -3.500000e+01  3.305812e+01 -1.130099e+02
     vertex -3.500000e+01  3.235936e+01 -1.127449e+02
   endloop
 endfacet
 facet normal  1.712929e-16  1.205367e-01  9.927089e-01
   outer loop
     vertex -3.000000e+01  3.305812e+01 -1.130099e+02
     vertex -3.500000e+01  3.380000e+01 -1.131000e+02
     vertex -3.500000e+01  3.305812e+01 -1.130099e+02
   endloop
 endfacet
 facet normal  1.002774e-15  3.546049e-01  9.350162e-01
   outer loop
     vertex -3.000000e+01  3.305812e+01 -1.130099e+02
     vertex -3.500000e+01  3.235936e+01 -1.127449e+02
     vertex -3.000000e+01  3.235936e+01 -1.127449e+02
   endloop
 endfacet
 facet normal -2.821448e-15  1.205367e-01  9.927089e-01
   outer loop
     vertex -3.000000e+01  3.380000e+01 -1.131000e+02
     vertex -3.500000e+01  3.380000e+01 -1.131000e+02
     vertex -3.000000e+01  3.305812e+01 -1.130099e+02
   endloop
 endfacet
 facet normal  2.177932e-13  1.000000e+00 -2.458377e-13
   outer loop
     vertex -4.323900e+01  1.380000e+01 -8.255125e+01
     vertex -4.267962e+01  1.380000e+01 -8.205568e+01
     vertex -3.500000e+01  1.380000e+01 -9.375000e+01
   endloop
 endfacet
 facet normal  2.886987e-13  1.000000e+00 -1.992743e-13
   outer loop
     vertex -4.225509e+01  1.380000e+01 -8.144064e+01
     vertex -3.500000e+01  1.380000e+01 -9.375000e+01
     vertex -4.267962e+01  1.380000e+01 -8.205568e+01
   endloop
 endfacet
 facet normal  1.537533e-13  1.000000e+00 -2.929524e-13
   outer loop
     vertex -4.390072e+01  1.380000e+01 -8.289855e+01
     vertex -4.323900e+01  1.380000e+01 -8.255125e+01
     vertex -3.500000e+01  1.380000e+01 -9.375000e+01
   endloop
 endfacet
 facet normal  3.813903e-13  1.000000e+00 -1.446423e-13
   outer loop
     vertex -4.199008e+01  1.380000e+01 -8.074188e+01
     vertex -3.500000e+01  1.380000e+01 -9.375000e+01
     vertex -4.225509e+01  1.380000e+01 -8.144064e+01
   endloop
 endfacet
 facet normal  8.592008e-14  1.000000e+00 -3.485914e-13
   outer loop
     vertex -4.462634e+01  1.380000e+01 -8.307740e+01
     vertex -4.390072e+01  1.380000e+01 -8.289855e+01
     vertex -3.500000e+01  1.380000e+01 -9.375000e+01
   endloop
 endfacet
 facet normal  0.000000e+00  1.000000e+00 -4.260885e-13
   outer loop
     vertex -4.537366e+01  1.380000e+01 -8.307740e+01
     vertex -4.462634e+01  1.380000e+01 -8.307740e+01
     vertex -3.500000e+01  1.380000e+01 -9.375000e+01
   endloop
 endfacet
 facet normal  0.000000e+00  1.000000e+00  0.000000e+00
   outer loop
     vertex -3.500000e+01  1.380000e+01 -7.250000e+01
     vertex -4.199008e+01  1.380000e+01 -8.074188e+01
     vertex -4.190000e+01  1.380000e+01 -8.000000e+01
   endloop
 endfacet
 facet normal  2.523221e-13  1.000000e+00 -2.139988e-13
   outer loop
     vertex -3.500000e+01  1.380000e+01 -7.250000e+01
     vertex -3.500000e+01  1.380000e+01 -9.375000e+01
     vertex -4.199008e+01  1.380000e+01 -8.074188e+01
   endloop
 endfacet
 facet normal -0.000000e+00  1.000000e+00  0.000000e+00
   outer loop
     vertex -4.199008e+01  1.380000e+01 -7.925812e+01
     vertex -3.500000e+01  1.380000e+01 -7.250000e+01
     vertex -4.190000e+01  1.380000e+01 -8.000000e+01
   endloop
 endfacet
 facet normal -1.381086e-13  1.000000e+00 -5.603288e-13
   outer loop
     vertex -4.609928e+01  1.380000e+01 -8.289855e+01
     vertex -4.537366e+01  1.380000e+01 -8.307740e+01
     vertex -3.500000e+01  1.380000e+01 -9.375000e+01
   endloop
 endfacet
 facet normal -0.000000e+00  1.000000e+00  0.000000e+00
   outer loop
     vertex -4.225509e+01  1.380000e+01 -7.855936e+01
     vertex -3.500000e+01  1.380000e+01 -7.250000e+01
     vertex -4.199008e+01  1.380000e+01 -7.925812e+01
   endloop
 endfacet
 facet normal -4.748608e-13  1.000000e+00 -9.047717e-13
   outer loop
     vertex -4.676100e+01  1.380000e+01 -8.255125e+01
     vertex -4.609928e+01  1.380000e+01 -8.289855e+01
     vertex -3.500000e+01  1.380000e+01 -9.375000e+01
   endloop
 endfacet
 facet normal -0.000000e+00  1.000000e+00  0.000000e+00
   outer loop
     vertex -4.267962e+01  1.380000e+01 -7.794432e+01
     vertex -3.500000e+01  1.380000e+01 -7.250000e+01
     vertex -4.225509e+01  1.380000e+01 -7.855936e+01
   endloop
 endfacet
 facet normal -0.000000e+00  1.000000e+00  0.000000e+00
   outer loop
     vertex -4.323900e+01  1.380000e+01 -7.744875e+01
     vertex -3.500000e+01  1.380000e+01 -7.250000e+01
     vertex -4.267962e+01  1.380000e+01 -7.794432e+01
   endloop
 endfacet
 facet normal -0.000000e+00  1.000000e+00  0.000000e+00
   outer loop
     vertex -4.390072e+01  1.380000e+01 -7.710145e+01
     vertex -3.500000e+01  1.380000e+01 -7.250000e+01
     vertex -4.323900e+01  1.380000e+01 -7.744875e+01
   endloop
 endfacet
 facet normal -0.000000e+00  1.000000e+00  0.000000e+00
   outer loop
     vertex -4.462634e+01  1.380000e+01 -7.692260e+01
     vertex -3.500000e+01  1.380000e+01 -7.250000e+01
     vertex -4.390072e+01  1.380000e+01 -7.710145e+01
   endloop
 endfacet
 facet normal  0.000000e+00  1.000000e+00  0.000000e+00
   outer loop
     vertex -4.537366e+01  1.380000e+01 -7.692260e+01
     vertex -3.500000e+01  1.380000e+01 -7.250000e+01
     vertex -4.462634e+01  1.380000e+01 -7.692260e+01
   endloop
 endfacet
 facet normal  0.000000e+00  1.000000e+00  0.000000e+00
   outer loop
     vertex -7.323900e+01  1.380000e+01 -8.255125e+01
     vertex -4.732038e+01  1.380000e+01 -8.205568e+01
     vertex -4.676100e+01  1.380000e+01 -8.255125e+01
   endloop
 endfacet
 facet normal  0.000000e+00  1.000000e+00  0.000000e+00
   outer loop
     vertex -7.323900e+01  1.380000e+01 -8.255125e+01
     vertex -7.267962e+01  1.380000e+01 -8.205568e+01
     vertex -4.732038e+01  1.380000e+01 -8.205568e+01
   endloop
 endfacet
 facet normal -0.000000e+00  1.000000e+00  0.000000e+00
   outer loop
     vertex -7.225509e+01  1.380000e+01 -8.144064e+01
     vertex -4.774491e+01  1.380000e+01 -8.144064e+01
     vertex -4.732038e+01  1.380000e+01 -8.205568e+01
   endloop
 endfacet
 facet normal  0.000000e+00  1.000000e+00  0.000000e+00
   outer loop
     vertex -7.225509e+01  1.380000e+01 -8.144064e+01
     vertex -4.732038e+01  1.380000e+01 -8.205568e+01
     vertex -7.267962e+01  1.380000e+01 -8.205568e+01
   endloop
 endfacet
 facet normal -2.440921e-27  1.000000e+00  4.669802e-12
   outer loop
     vertex -8.491018e+01  1.380000e+01 -9.375000e+01
     vertex -7.323900e+01  1.380000e+01 -8.255125e+01
     vertex -4.676100e+01  1.380000e+01 -8.255125e+01
   endloop
 endfacet
 facet normal -5.410156e-12  1.000000e+00  1.030819e-11
   outer loop
     vertex -8.491018e+01  1.380000e+01 -9.375000e+01
     vertex -7.390072e+01  1.380000e+01 -8.289855e+01
     vertex -7.323900e+01  1.380000e+01 -8.255125e+01
   endloop
 endfacet
 facet normal  1.138914e-12  1.000000e+00  7.900256e-13
   outer loop
     vertex -8.491018e+01  1.380000e+01 -9.375000e+01
     vertex -4.676100e+01  1.380000e+01 -8.255125e+01
     vertex -3.500000e+01  1.380000e+01 -9.375000e+01
   endloop
 endfacet
 facet normal  0.000000e+00  1.000000e+00  0.000000e+00
   outer loop
     vertex -7.199008e+01  1.380000e+01 -8.074188e+01
     vertex -4.774491e+01  1.380000e+01 -8.144064e+01
     vertex -7.225509e+01  1.380000e+01 -8.144064e+01
   endloop
 endfacet
 facet normal  0.000000e+00  1.000000e+00  0.000000e+00
   outer loop
     vertex -7.199008e+01  1.380000e+01 -8.074188e+01
     vertex -4.810000e+01  1.380000e+01 -8.000000e+01
     vertex -4.800992e+01  1.380000e+01 -8.074188e+01
   endloop
 endfacet
 facet normal -0.000000e+00  1.000000e+00  0.000000e+00
   outer loop
     vertex -7.199008e+01  1.380000e+01 -8.074188e+01
     vertex -4.800992e+01  1.380000e+01 -8.074188e+01
     vertex -4.774491e+01  1.380000e+01 -8.144064e+01
   endloop
 endfacet
 facet normal -1.583929e-12  1.000000e+00  6.426251e-12
   outer loop
     vertex -7.462634e+01  1.380000e+01 -8.307740e+01
     vertex -7.390072e+01  1.380000e+01 -8.289855e+01
     vertex -8.491018e+01  1.380000e+01 -9.375000e+01
   endloop
 endfacet
 facet normal -0.000000e+00  1.000000e+00  0.000000e+00
   outer loop
     vertex -7.190000e+01  1.380000e+01 -8.000000e+01
     vertex -4.810000e+01  1.380000e+01 -8.000000e+01
     vertex -7.199008e+01  1.380000e+01 -8.074188e+01
   endloop
 endfacet
 facet normal -0.000000e+00  1.000000e+00  4.900018e-12
   outer loop
     vertex -7.537366e+01  1.380000e+01 -8.307740e+01
     vertex -7.462634e+01  1.380000e+01 -8.307740e+01
     vertex -8.491018e+01  1.380000e+01 -9.375000e+01
   endloop
 endfacet
 facet normal -0.000000e+00  1.000000e+00  0.000000e+00
   outer loop
     vertex -7.199008e+01  1.380000e+01 -7.925812e+01
     vertex -4.800992e+01  1.380000e+01 -7.925812e+01
     vertex -4.810000e+01  1.380000e+01 -8.000000e+01
   endloop
 endfacet
 facet normal  0.000000e+00  1.000000e+00  0.000000e+00
   outer loop
     vertex -7.199008e+01  1.380000e+01 -7.925812e+01
     vertex -4.810000e+01  1.380000e+01 -8.000000e+01
     vertex -7.190000e+01  1.380000e+01 -8.000000e+01
   endloop
 endfacet
 facet normal  9.897606e-13  1.000000e+00  4.015616e-12
   outer loop
     vertex -7.609928e+01  1.380000e+01 -8.289855e+01
     vertex -7.537366e+01  1.380000e+01 -8.307740e+01
     vertex -8.491018e+01  1.380000e+01 -9.375000e+01
   endloop
 endfacet
 facet normal  0.000000e+00  1.000000e+00  0.000000e+00
   outer loop
     vertex -7.225509e+01  1.380000e+01 -7.855936e+01
     vertex -4.800992e+01  1.380000e+01 -7.925812e+01
     vertex -7.199008e+01  1.380000e+01 -7.925812e+01
   endloop
 endfacet
 facet normal -0.000000e+00  1.000000e+00  0.000000e+00
   outer loop
     vertex -7.225509e+01  1.380000e+01 -7.855936e+01
     vertex -4.774491e+01  1.380000e+01 -7.855936e+01
     vertex -4.800992e+01  1.380000e+01 -7.925812e+01
   endloop
 endfacet
 facet normal  1.773549e-12  1.000000e+00  3.379215e-12
   outer loop
     vertex -7.676100e+01  1.380000e+01 -8.255125e+01
     vertex -7.609928e+01  1.380000e+01 -8.289855e+01
     vertex -8.491018e+01  1.380000e+01 -9.375000e+01
   endloop
 endfacet
 facet normal  0.000000e+00  1.000000e+00  0.000000e+00
   outer loop
     vertex -7.267962e+01  1.380000e+01 -7.794432e+01
     vertex -4.774491e+01  1.380000e+01 -7.855936e+01
     vertex -7.225509e+01  1.380000e+01 -7.855936e+01
   endloop
 endfacet
 facet normal  0.000000e+00  1.000000e+00  0.000000e+00
   outer loop
     vertex -7.267962e+01  1.380000e+01 -7.794432e+01
     vertex -4.676100e+01  1.380000e+01 -7.744875e+01
     vertex -4.732038e+01  1.380000e+01 -7.794432e+01
   endloop
 endfacet
 facet normal -0.000000e+00  1.000000e+00  0.000000e+00
   outer loop
     vertex -7.267962e+01  1.380000e+01 -7.794432e+01
     vertex -4.732038e+01  1.380000e+01 -7.794432e+01
     vertex -4.774491e+01  1.380000e+01 -7.855936e+01
   endloop
 endfacet
 facet normal  2.515443e-12  1.000000e+00  2.839348e-12
   outer loop
     vertex -7.732038e+01  1.380000e+01 -8.205568e+01
     vertex -7.676100e+01  1.380000e+01 -8.255125e+01
     vertex -8.491018e+01  1.380000e+01 -9.375000e+01
   endloop
 endfacet
 facet normal -0.000000e+00  1.000000e+00  0.000000e+00
   outer loop
     vertex -7.323900e+01  1.380000e+01 -7.744875e+01
     vertex -4.676100e+01  1.380000e+01 -7.744875e+01
     vertex -7.267962e+01  1.380000e+01 -7.794432e+01
   endloop
 endfacet
 facet normal  3.339076e-12  1.000000e+00  2.304798e-12
   outer loop
     vertex -7.774491e+01  1.380000e+01 -8.144064e+01
     vertex -7.732038e+01  1.380000e+01 -8.205568e+01
     vertex -8.491018e+01  1.380000e+01 -9.375000e+01
   endloop
 endfacet
 facet normal  4.419280e-12  1.000000e+00  1.676012e-12
   outer loop
     vertex -7.800992e+01  1.380000e+01 -8.074188e+01
     vertex -7.774491e+01  1.380000e+01 -8.144064e+01
     vertex -8.491018e+01  1.380000e+01 -9.375000e+01
   endloop
 endfacet
 facet normal  0.000000e+00  1.000000e+00  0.000000e+00
   outer loop
     vertex -8.491018e+01  1.380000e+01 -7.250000e+01
     vertex -7.462634e+01  1.380000e+01 -7.692260e+01
     vertex -7.537366e+01  1.380000e+01 -7.692260e+01
   endloop
 endfacet
 facet normal  0.000000e+00  1.000000e+00  0.000000e+00
   outer loop
     vertex -8.491018e+01  1.380000e+01 -7.250000e+01
     vertex -7.537366e+01  1.380000e+01 -7.692260e+01
     vertex -7.609928e+01  1.380000e+01 -7.710145e+01
   endloop
 endfacet
 facet normal  0.000000e+00  1.000000e+00  0.000000e+00
   outer loop
     vertex -8.491018e+01  1.380000e+01 -7.250000e+01
     vertex -7.609928e+01  1.380000e+01 -7.710145e+01
     vertex -7.676100e+01  1.380000e+01 -7.744875e+01
   endloop
 endfacet
 facet normal  0.000000e+00  1.000000e+00  0.000000e+00
   outer loop
     vertex -8.491018e+01  1.380000e+01 -7.250000e+01
     vertex -7.676100e+01  1.380000e+01 -7.744875e+01
     vertex -7.732038e+01  1.380000e+01 -7.794432e+01
   endloop
 endfacet
 facet normal  0.000000e+00  1.000000e+00  0.000000e+00
   outer loop
     vertex -8.491018e+01  1.380000e+01 -7.250000e+01
     vertex -7.732038e+01  1.380000e+01 -7.794432e+01
     vertex -7.774491e+01  1.380000e+01 -7.855936e+01
   endloop
 endfacet
 facet normal  0.000000e+00  1.000000e+00  0.000000e+00
   outer loop
     vertex -8.491018e+01  1.380000e+01 -7.250000e+01
     vertex -7.774491e+01  1.380000e+01 -7.855936e+01
     vertex -7.800992e+01  1.380000e+01 -7.925812e+01
   endloop
 endfacet
 facet normal  0.000000e+00  1.000000e+00  0.000000e+00
   outer loop
     vertex -8.491018e+01  1.380000e+01 -7.250000e+01
     vertex -7.800992e+01  1.380000e+01 -7.925812e+01
     vertex -7.810000e+01  1.380000e+01 -8.000000e+01
   endloop
 endfacet
 facet normal  0.000000e+00  1.000000e+00  0.000000e+00
   outer loop
     vertex -8.491018e+01  1.380000e+01 -7.250000e+01
     vertex -7.810000e+01  1.380000e+01 -8.000000e+01
     vertex -7.800992e+01  1.380000e+01 -8.074188e+01
   endloop
 endfacet
 facet normal  2.939475e-12  1.000000e+00  2.460986e-12
   outer loop
     vertex -8.491018e+01  1.380000e+01 -7.250000e+01
     vertex -7.800992e+01  1.380000e+01 -8.074188e+01
     vertex -8.491018e+01  1.380000e+01 -9.375000e+01
   endloop
 endfacet
 facet normal -0.000000e+00  1.000000e+00  0.000000e+00
   outer loop
     vertex -8.491018e+01  1.380000e+01 -7.250000e+01
     vertex -3.500000e+01  1.380000e+01 -7.250000e+01
     vertex -4.537366e+01  1.380000e+01 -7.692260e+01
   endloop
 endfacet
 facet normal  0.000000e+00  1.000000e+00  0.000000e+00
   outer loop
     vertex -8.491018e+01  1.380000e+01 -7.250000e+01
     vertex -4.537366e+01  1.380000e+01 -7.692260e+01
     vertex -4.609928e+01  1.380000e+01 -7.710145e+01
   endloop
 endfacet
 facet normal  0.000000e+00  1.000000e+00  0.000000e+00
   outer loop
     vertex -8.491018e+01  1.380000e+01 -7.250000e+01
     vertex -4.609928e+01  1.380000e+01 -7.710145e+01
     vertex -4.676100e+01  1.380000e+01 -7.744875e+01
   endloop
 endfacet
 facet normal  0.000000e+00  1.000000e+00  0.000000e+00
   outer loop
     vertex -8.491018e+01  1.380000e+01 -7.250000e+01
     vertex -4.676100e+01  1.380000e+01 -7.744875e+01
     vertex -7.462634e+01  1.380000e+01 -7.692260e+01
   endloop
 endfacet
 facet normal  0.000000e+00  1.000000e+00  0.000000e+00
   outer loop
     vertex -7.462634e+01  1.380000e+01 -7.692260e+01
     vertex -4.676100e+01  1.380000e+01 -7.744875e+01
     vertex -7.390072e+01  1.380000e+01 -7.710145e+01
   endloop
 endfacet
 facet normal  0.000000e+00  1.000000e+00  0.000000e+00
   outer loop
     vertex -7.390072e+01  1.380000e+01 -7.710145e+01
     vertex -4.676100e+01  1.380000e+01 -7.744875e+01
     vertex -7.323900e+01  1.380000e+01 -7.744875e+01
   endloop
 endfacet
 facet normal -1.000000e+00 -1.622574e-13 -1.437476e-13
   outer loop
     vertex -3.500000e+01  3.124875e+01 -8.176100e+01
     vertex -3.500000e+01  3.174432e+01 -8.232038e+01
     vertex -3.500000e+01  1.380000e+01 -9.375000e+01
   endloop
 endfacet
 facet normal -1.000000e+00 -1.320054e-13 -1.912428e-13
   outer loop
     vertex -3.500000e+01  3.235936e+01 -8.274491e+01
     vertex -3.500000e+01  1.380000e+01 -9.375000e+01
     vertex -3.500000e+01  3.174432e+01 -8.232038e+01
   endloop
 endfacet
 facet normal -1.000000e+00 -1.918439e-13 -1.006875e-13
   outer loop
     vertex -3.500000e+01  3.090145e+01 -8.109928e+01
     vertex -3.500000e+01  3.124875e+01 -8.176100e+01
     vertex -3.500000e+01  1.380000e+01 -9.375000e+01
   endloop
 endfacet
 facet normal -1.000000e+00 -9.572991e-14 -2.524190e-13
   outer loop
     vertex -3.500000e+01  3.305812e+01 -8.300992e+01
     vertex -3.500000e+01  1.380000e+01 -9.375000e+01
     vertex -3.500000e+01  3.235936e+01 -8.274491e+01
   endloop
 endfacet
 facet normal -1.000000e+00 -9.998815e-14 -2.139988e-13
   outer loop
     vertex -3.500000e+01  3.072260e+01 -8.037366e+01
     vertex -3.500000e+01  1.380000e+01 -9.375000e+01
     vertex -3.500000e+01  1.380000e+01 -7.250000e+01
   endloop
 endfacet
 facet normal -1.000000e+00 -2.252559e-13 -5.552060e-14
   outer loop
     vertex -3.500000e+01  3.072260e+01 -8.037366e+01
     vertex -3.500000e+01  3.090145e+01 -8.109928e+01
     vertex -3.500000e+01  1.380000e+01 -9.375000e+01
   endloop
 endfacet
 facet normal -1.000000e+00 -4.228532e-14 -3.482509e-13
   outer loop
     vertex -3.500000e+01  3.380000e+01 -8.310000e+01
     vertex -3.500000e+01  1.380000e+01 -9.375000e+01
     vertex -3.500000e+01  3.305812e+01 -8.300992e+01
   endloop
 endfacet
 facet normal -1.000000e+00 -4.198779e-16 -0.000000e+00
   outer loop
     vertex -3.500000e+01  3.072260e+01 -7.962634e+01
     vertex -3.500000e+01  3.072260e+01 -8.037366e+01
     vertex -3.500000e+01  1.380000e+01 -7.250000e+01
   endloop
 endfacet
 facet normal -1.000000e+00  6.726533e-14 -5.539799e-13
   outer loop
     vertex -3.500000e+01  3.454188e+01 -8.300992e+01
     vertex -3.500000e+01  1.380000e+01 -9.375000e+01
     vertex -3.500000e+01  3.380000e+01 -8.310000e+01
   endloop
 endfacet
 facet normal -1.000000e+00 -3.803948e-16  9.375890e-17
   outer loop
     vertex -3.500000e+01  3.090145e+01 -7.890072e+01
     vertex -3.500000e+01  3.072260e+01 -7.962634e+01
     vertex -3.500000e+01  1.380000e+01 -7.250000e+01
   endloop
 endfacet
 facet normal -1.000000e+00 -3.472701e-16  1.822614e-16
   outer loop
     vertex -3.500000e+01  3.124875e+01 -7.823900e+01
     vertex -3.500000e+01  3.090145e+01 -7.890072e+01
     vertex -3.500000e+01  1.380000e+01 -7.250000e+01
   endloop
 endfacet
 facet normal -1.000000e+00 -3.153334e-16  2.793611e-16
   outer loop
     vertex -3.500000e+01  3.174432e+01 -7.767962e+01
     vertex -3.500000e+01  3.124875e+01 -7.823900e+01
     vertex -3.500000e+01  1.380000e+01 -7.250000e+01
   endloop
 endfacet
 facet normal -1.000000e+00 -2.792104e-16  4.045061e-16
   outer loop
     vertex -3.500000e+01  3.235936e+01 -7.725509e+01
     vertex -3.500000e+01  3.174432e+01 -7.767962e+01
     vertex -3.500000e+01  1.380000e+01 -7.250000e+01
   endloop
 endfacet
 facet normal -1.000000e+00 -2.284888e-16  6.024754e-16
   outer loop
     vertex -3.500000e+01  3.305812e+01 -7.699008e+01
     vertex -3.500000e+01  3.235936e+01 -7.725509e+01
     vertex -3.500000e+01  1.380000e+01 -7.250000e+01
   endloop
 endfacet
 facet normal -1.000000e+00 -1.263473e-16  1.040564e-15
   outer loop
     vertex -3.500000e+01  3.380000e+01 -7.690000e+01
     vertex -3.500000e+01  3.305812e+01 -7.699008e+01
     vertex -3.500000e+01  1.380000e+01 -7.250000e+01
   endloop
 endfacet
 facet normal -1.000000e+00 -0.000000e+00  0.000000e+00
   outer loop
     vertex -3.500000e+01  5.174432e+01 -8.232038e+01
     vertex -3.500000e+01  3.524064e+01 -8.274491e+01
     vertex -3.500000e+01  3.585568e+01 -8.232038e+01
   endloop
 endfacet
 facet normal -1.000000e+00  0.000000e+00  0.000000e+00
   outer loop
     vertex -3.500000e+01  5.174432e+01 -8.232038e+01
     vertex -3.500000e+01  3.585568e+01 -8.232038e+01
     vertex -3.500000e+01  3.635125e+01 -8.176100e+01
   endloop
 endfacet
 facet normal -1.000000e+00 -0.000000e+00 -0.000000e+00
   outer loop
     vertex -3.500000e+01  5.124875e+01 -8.176100e+01
     vertex -3.500000e+01  5.174432e+01 -8.232038e+01
     vertex -3.500000e+01  3.635125e+01 -8.176100e+01
   endloop
 endfacet
 facet normal -1.000000e+00  0.000000e+00  0.000000e+00
   outer loop
     vertex -3.500000e+01  5.124875e+01 -8.176100e+01
     vertex -3.500000e+01  3.635125e+01 -8.176100e+01
     vertex -3.500000e+01  3.669855e+01 -8.109928e+01
   endloop
 endfacet
 facet normal -1.000000e+00 -0.000000e+00  0.000000e+00
   outer loop
     vertex -3.500000e+01  5.235936e+01 -8.274491e+01
     vertex -3.500000e+01  3.524064e+01 -8.274491e+01
     vertex -3.500000e+01  5.174432e+01 -8.232038e+01
   endloop
 endfacet
 facet normal -1.000000e+00  0.000000e+00 -0.000000e+00
   outer loop
     vertex -3.500000e+01  5.090145e+01 -8.109928e+01
     vertex -3.500000e+01  5.124875e+01 -8.176100e+01
     vertex -3.500000e+01  3.669855e+01 -8.109928e+01
   endloop
 endfacet
 facet normal -1.000000e+00  7.922720e-14 -2.089050e-13
   outer loop
     vertex -3.500000e+01  6.371018e+01 -9.375000e+01
     vertex -3.500000e+01  3.454188e+01 -8.300992e+01
     vertex -3.500000e+01  3.524064e+01 -8.274491e+01
   endloop
 endfacet
 facet normal -1.000000e+00  3.430250e-28 -4.138613e-13
   outer loop
     vertex -3.500000e+01  6.371018e+01 -9.375000e+01
     vertex -3.500000e+01  3.524064e+01 -8.274491e+01
     vertex -3.500000e+01  5.235936e+01 -8.274491e+01
   endloop
 endfacet
 facet normal -1.000000e+00 -0.000000e+00 -4.240731e-13
   outer loop
     vertex -3.500000e+01  6.371018e+01 -9.375000e+01
     vertex -3.500000e+01  1.380000e+01 -9.375000e+01
     vertex -3.500000e+01  3.454188e+01 -8.300992e+01
   endloop
 endfacet
 facet normal -1.000000e+00 -2.577985e-13 -6.797587e-13
   outer loop
     vertex -3.500000e+01  5.305812e+01 -8.300992e+01
     vertex -3.500000e+01  6.371018e+01 -9.375000e+01
     vertex -3.500000e+01  5.235936e+01 -8.274491e+01
   endloop
 endfacet
 facet normal -1.000000e+00  0.000000e+00  0.000000e+00
   outer loop
     vertex -3.500000e+01  5.072260e+01 -8.037366e+01
     vertex -3.500000e+01  3.669855e+01 -8.109928e+01
     vertex -3.500000e+01  3.687740e+01 -8.037366e+01
   endloop
 endfacet
 facet normal -1.000000e+00 -0.000000e+00  0.000000e+00
   outer loop
     vertex -3.500000e+01  5.072260e+01 -8.037366e+01
     vertex -3.500000e+01  3.687740e+01 -8.037366e+01
     vertex -3.500000e+01  3.687740e+01 -7.962634e+01
   endloop
 endfacet
 facet normal -1.000000e+00  0.000000e+00 -0.000000e+00
   outer loop
     vertex -3.500000e+01  5.072260e+01 -8.037366e+01
     vertex -3.500000e+01  5.090145e+01 -8.109928e+01
     vertex -3.500000e+01  3.669855e+01 -8.109928e+01
   endloop
 endfacet
 facet normal -1.000000e+00 -5.854180e-14 -4.821351e-13
   outer loop
     vertex -3.500000e+01  5.380000e+01 -8.310000e+01
     vertex -3.500000e+01  6.371018e+01 -9.375000e+01
     vertex -3.500000e+01  5.305812e+01 -8.300992e+01
   endloop
 endfacet
 facet normal -1.000000e+00 -0.000000e+00 -0.000000e+00
   outer loop
     vertex -3.500000e+01  5.072260e+01 -7.962634e+01
     vertex -3.500000e+01  5.072260e+01 -8.037366e+01
     vertex -3.500000e+01  3.687740e+01 -7.962634e+01
   endloop
 endfacet
 facet normal -1.000000e+00  4.665581e-14 -3.842452e-13
   outer loop
     vertex -3.500000e+01  5.454188e+01 -8.300992e+01
     vertex -3.500000e+01  6.371018e+01 -9.375000e+01
     vertex -3.500000e+01  5.380000e+01 -8.310000e+01
   endloop
 endfacet
 facet normal -1.000000e+00 -0.000000e+00  0.000000e+00
   outer loop
     vertex -3.500000e+01  5.090145e+01 -7.890072e+01
     vertex -3.500000e+01  3.687740e+01 -7.962634e+01
     vertex -3.500000e+01  3.669855e+01 -7.890072e+01
   endloop
 endfacet
 facet normal -1.000000e+00  0.000000e+00  0.000000e+00
   outer loop
     vertex -3.500000e+01  5.090145e+01 -7.890072e+01
     vertex -3.500000e+01  5.072260e+01 -7.962634e+01
     vertex -3.500000e+01  3.687740e+01 -7.962634e+01
   endloop
 endfacet
 facet normal -1.000000e+00  1.214957e-13 -3.203579e-13
   outer loop
     vertex -3.500000e+01  5.524064e+01 -8.274491e+01
     vertex -3.500000e+01  6.371018e+01 -9.375000e+01
     vertex -3.500000e+01  5.454188e+01 -8.300992e+01
   endloop
 endfacet
 facet normal -1.000000e+00  0.000000e+00  0.000000e+00
   outer loop
     vertex -3.500000e+01  5.124875e+01 -7.823900e+01
     vertex -3.500000e+01  3.669855e+01 -7.890072e+01
     vertex -3.500000e+01  3.635125e+01 -7.823900e+01
   endloop
 endfacet
 facet normal -1.000000e+00  0.000000e+00  0.000000e+00
   outer loop
     vertex -3.500000e+01  5.124875e+01 -7.823900e+01
     vertex -3.500000e+01  5.090145e+01 -7.890072e+01
     vertex -3.500000e+01  3.669855e+01 -7.890072e+01
   endloop
 endfacet
 facet normal -1.000000e+00  1.865625e-13 -2.702824e-13
   outer loop
     vertex -3.500000e+01  5.585568e+01 -8.232038e+01
     vertex -3.500000e+01  6.371018e+01 -9.375000e+01
     vertex -3.500000e+01  5.524064e+01 -8.274491e+01
   endloop
 endfacet
 facet normal -1.000000e+00  0.000000e+00  0.000000e+00
   outer loop
     vertex -3.500000e+01  5.174432e+01 -7.767962e+01
     vertex -3.500000e+01  3.635125e+01 -7.823900e+01
     vertex -3.500000e+01  3.585568e+01 -7.767962e+01
   endloop
 endfacet
 facet normal -1.000000e+00 -0.000000e+00  0.000000e+00
   outer loop
     vertex -3.500000e+01  5.174432e+01 -7.767962e+01
     vertex -3.500000e+01  3.585568e+01 -7.767962e+01
     vertex -3.500000e+01  3.524064e+01 -7.725509e+01
   endloop
 endfacet
 facet normal -1.000000e+00  0.000000e+00  0.000000e+00
   outer loop
     vertex -3.500000e+01  5.174432e+01 -7.767962e+01
     vertex -3.500000e+01  5.124875e+01 -7.823900e+01
     vertex -3.500000e+01  3.635125e+01 -7.823900e+01
   endloop
 endfacet
 facet normal -1.000000e+00  2.533100e-13 -2.244131e-13
   outer loop
     vertex -3.500000e+01  5.635125e+01 -8.176100e+01
     vertex -3.500000e+01  6.371018e+01 -9.375000e+01
     vertex -3.500000e+01  5.585568e+01 -8.232038e+01
   endloop
 endfacet
 facet normal -1.000000e+00 -0.000000e+00  0.000000e+00
   outer loop
     vertex -3.500000e+01  5.235936e+01 -7.725509e+01
     vertex -3.500000e+01  5.174432e+01 -7.767962e+01
     vertex -3.500000e+01  3.524064e+01 -7.725509e+01
   endloop
 endfacet
 facet normal -1.000000e+00  3.336384e-13 -1.751070e-13
   outer loop
     vertex -3.500000e+01  5.669855e+01 -8.109928e+01
     vertex -3.500000e+01  6.371018e+01 -9.375000e+01
     vertex -3.500000e+01  5.635125e+01 -8.176100e+01
   endloop
 endfacet
 facet normal -1.000000e+00 -0.000000e+00  0.000000e+00
   outer loop
     vertex -3.500000e+01  5.305812e+01 -7.699008e+01
     vertex -3.500000e+01  3.524064e+01 -7.725509e+01
     vertex -3.500000e+01  3.454188e+01 -7.699008e+01
   endloop
 endfacet
 facet normal -1.000000e+00  0.000000e+00  0.000000e+00
   outer loop
     vertex -3.500000e+01  5.305812e+01 -7.699008e+01
     vertex -3.500000e+01  5.235936e+01 -7.725509e+01
     vertex -3.500000e+01  3.524064e+01 -7.725509e+01
   endloop
 endfacet
 facet normal -1.000000e+00  4.496239e-13 -1.108223e-13
   outer loop
     vertex -3.500000e+01  5.687740e+01 -8.037366e+01
     vertex -3.500000e+01  6.371018e+01 -9.375000e+01
     vertex -3.500000e+01  5.669855e+01 -8.109928e+01
   endloop
 endfacet
 facet normal -1.000000e+00  0.000000e+00  1.582472e-15
   outer loop
     vertex -3.500000e+01  6.371018e+01 -7.250000e+01
     vertex -3.500000e+01  5.305812e+01 -7.699008e+01
     vertex -3.500000e+01  3.454188e+01 -7.699008e+01
   endloop
 endfacet
 facet normal -1.000000e+00  1.039903e-15  0.000000e+00
   outer loop
     vertex -3.500000e+01  6.371018e+01 -7.250000e+01
     vertex -3.500000e+01  5.687740e+01 -8.037366e+01
     vertex -3.500000e+01  5.687740e+01 -7.962634e+01
   endloop
 endfacet
 facet normal -1.000000e+00  8.272450e-16  2.038976e-16
   outer loop
     vertex -3.500000e+01  6.371018e+01 -7.250000e+01
     vertex -3.500000e+01  5.687740e+01 -7.962634e+01
     vertex -3.500000e+01  5.669855e+01 -7.890072e+01
   endloop
 endfacet
 facet normal -1.000000e+00  6.851253e-16  3.595815e-16
   outer loop
     vertex -3.500000e+01  6.371018e+01 -7.250000e+01
     vertex -3.500000e+01  5.669855e+01 -7.890072e+01
     vertex -3.500000e+01  5.635125e+01 -7.823900e+01
   endloop
 endfacet
 facet normal -1.000000e+00  5.710271e-16  5.058859e-16
   outer loop
     vertex -3.500000e+01  6.371018e+01 -7.250000e+01
     vertex -3.500000e+01  5.635125e+01 -7.823900e+01
     vertex -3.500000e+01  5.585568e+01 -7.767962e+01
   endloop
 endfacet
 facet normal -1.000000e+00  4.626390e-16  6.702483e-16
   outer loop
     vertex -3.500000e+01  6.371018e+01 -7.250000e+01
     vertex -3.500000e+01  5.585568e+01 -7.767962e+01
     vertex -3.500000e+01  5.524064e+01 -7.725509e+01
   endloop
 endfacet
 facet normal -1.000000e+00  3.382301e-16  8.918396e-16
   outer loop
     vertex -3.500000e+01  6.371018e+01 -7.250000e+01
     vertex -3.500000e+01  5.524064e+01 -7.725509e+01
     vertex -3.500000e+01  5.454188e+01 -7.699008e+01
   endloop
 endfacet
 facet normal -1.000000e+00  1.539723e-16  1.268076e-15
   outer loop
     vertex -3.500000e+01  6.371018e+01 -7.250000e+01
     vertex -3.500000e+01  5.454188e+01 -7.699008e+01
     vertex -3.500000e+01  5.380000e+01 -7.690000e+01
   endloop
 endfacet
 facet normal -1.000000e+00 -2.698904e-16  2.222748e-15
   outer loop
     vertex -3.500000e+01  6.371018e+01 -7.250000e+01
     vertex -3.500000e+01  5.380000e+01 -7.690000e+01
     vertex -3.500000e+01  5.305812e+01 -7.699008e+01
   endloop
 endfacet
 facet normal -1.000000e+00  2.476385e-13 -2.139988e-13
   outer loop
     vertex -3.500000e+01  6.371018e+01 -7.250000e+01
     vertex -3.500000e+01  6.371018e+01 -9.375000e+01
     vertex -3.500000e+01  5.687740e+01 -8.037366e+01
   endloop
 endfacet
 facet normal -1.000000e+00  0.000000e+00  1.614870e-15
   outer loop
     vertex -3.500000e+01  1.380000e+01 -7.250000e+01
     vertex -3.500000e+01  6.371018e+01 -7.250000e+01
     vertex -3.500000e+01  3.380000e+01 -7.690000e+01
   endloop
 endfacet
 facet normal -1.000000e+00  1.074180e-16  8.846670e-16
   outer loop
     vertex -3.500000e+01  3.380000e+01 -7.690000e+01
     vertex -3.500000e+01  6.371018e+01 -7.250000e+01
     vertex -3.500000e+01  3.454188e+01 -7.699008e+01
   endloop
 endfacet
 facet normal -0.000000e+00  1.000000e+00  0.000000e+00
   outer loop
     vertex -4.323900e+01  1.380000e+01 -1.125512e+02
     vertex -4.267962e+01  1.380000e+01 -1.120557e+02
     vertex -3.500000e+01  1.380000e+01 -1.175000e+02
   endloop
 endfacet
 facet normal  0.000000e+00  1.000000e+00  0.000000e+00
   outer loop
     vertex -4.225509e+01  1.380000e+01 -1.114406e+02
     vertex -3.500000e+01  1.380000e+01 -1.175000e+02
     vertex -4.267962e+01  1.380000e+01 -1.120557e+02
   endloop
 endfacet
 facet normal -0.000000e+00  1.000000e+00  0.000000e+00
   outer loop
     vertex -4.390072e+01  1.380000e+01 -1.128986e+02
     vertex -4.323900e+01  1.380000e+01 -1.125512e+02
     vertex -3.500000e+01  1.380000e+01 -1.175000e+02
   endloop
 endfacet
 facet normal  0.000000e+00  1.000000e+00  0.000000e+00
   outer loop
     vertex -4.199008e+01  1.380000e+01 -1.107419e+02
     vertex -3.500000e+01  1.380000e+01 -1.175000e+02
     vertex -4.225509e+01  1.380000e+01 -1.114406e+02
   endloop
 endfacet
 facet normal -0.000000e+00  1.000000e+00  0.000000e+00
   outer loop
     vertex -4.462634e+01  1.380000e+01 -1.130774e+02
     vertex -4.390072e+01  1.380000e+01 -1.128986e+02
     vertex -3.500000e+01  1.380000e+01 -1.175000e+02
   endloop
 endfacet
 facet normal  0.000000e+00  1.000000e+00  0.000000e+00
   outer loop
     vertex -4.190000e+01  1.380000e+01 -1.100000e+02
     vertex -3.500000e+01  1.380000e+01 -1.175000e+02
     vertex -4.199008e+01  1.380000e+01 -1.107419e+02
   endloop
 endfacet
 facet normal -0.000000e+00  1.000000e+00  0.000000e+00
   outer loop
     vertex -4.537366e+01  1.380000e+01 -1.130774e+02
     vertex -4.462634e+01  1.380000e+01 -1.130774e+02
     vertex -3.500000e+01  1.380000e+01 -1.175000e+02
   endloop
 endfacet
 facet normal  0.000000e+00  1.000000e+00  0.000000e+00
   outer loop
     vertex -4.199008e+01  1.380000e+01 -1.092581e+02
     vertex -3.500000e+01  1.380000e+01 -1.175000e+02
     vertex -4.190000e+01  1.380000e+01 -1.100000e+02
   endloop
 endfacet
 facet normal  0.000000e+00  1.000000e+00  0.000000e+00
   outer loop
     vertex -4.609928e+01  1.380000e+01 -1.128986e+02
     vertex -4.537366e+01  1.380000e+01 -1.130774e+02
     vertex -3.500000e+01  1.380000e+01 -1.175000e+02
   endloop
 endfacet
 facet normal  3.813903e-13  1.000000e+00  1.446423e-13
   outer loop
     vertex -3.500000e+01  1.380000e+01 -9.625000e+01
     vertex -4.199008e+01  1.380000e+01 -1.092581e+02
     vertex -4.225509e+01  1.380000e+01 -1.085594e+02
   endloop
 endfacet
 facet normal  2.886987e-13  1.000000e+00  1.992743e-13
   outer loop
     vertex -3.500000e+01  1.380000e+01 -9.625000e+01
     vertex -4.225509e+01  1.380000e+01 -1.085594e+02
     vertex -4.267962e+01  1.380000e+01 -1.079443e+02
   endloop
 endfacet
 facet normal  2.177932e-13  1.000000e+00  2.458377e-13
   outer loop
     vertex -3.500000e+01  1.380000e+01 -9.625000e+01
     vertex -4.267962e+01  1.380000e+01 -1.079443e+02
     vertex -4.323900e+01  1.380000e+01 -1.074488e+02
   endloop
 endfacet
 facet normal  1.537533e-13  1.000000e+00  2.929524e-13
   outer loop
     vertex -3.500000e+01  1.380000e+01 -9.625000e+01
     vertex -4.323900e+01  1.380000e+01 -1.074488e+02
     vertex -4.390072e+01  1.380000e+01 -1.071014e+02
   endloop
 endfacet
 facet normal  8.592008e-14  1.000000e+00  3.485914e-13
   outer loop
     vertex -3.500000e+01  1.380000e+01 -9.625000e+01
     vertex -4.390072e+01  1.380000e+01 -1.071014e+02
     vertex -4.462634e+01  1.380000e+01 -1.069226e+02
   endloop
 endfacet
 facet normal  0.000000e+00  1.000000e+00  4.260885e-13
   outer loop
     vertex -3.500000e+01  1.380000e+01 -9.625000e+01
     vertex -4.462634e+01  1.380000e+01 -1.069226e+02
     vertex -4.537366e+01  1.380000e+01 -1.069226e+02
   endloop
 endfacet
 facet normal  2.523221e-13  1.000000e+00  2.139988e-13
   outer loop
     vertex -3.500000e+01  1.380000e+01 -9.625000e+01
     vertex -3.500000e+01  1.380000e+01 -1.175000e+02
     vertex -4.199008e+01  1.380000e+01 -1.092581e+02
   endloop
 endfacet
 facet normal -1.381086e-13  1.000000e+00  5.603288e-13
   outer loop
     vertex -4.609928e+01  1.380000e+01 -1.071014e+02
     vertex -3.500000e+01  1.380000e+01 -9.625000e+01
     vertex -4.537366e+01  1.380000e+01 -1.069226e+02
   endloop
 endfacet
 facet normal -4.748608e-13  1.000000e+00  9.047717e-13
   outer loop
     vertex -4.676100e+01  1.380000e+01 -1.074488e+02
     vertex -3.500000e+01  1.380000e+01 -9.625000e+01
     vertex -4.609928e+01  1.380000e+01 -1.071014e+02
   endloop
 endfacet
 facet normal  0.000000e+00  1.000000e+00  0.000000e+00
   outer loop
     vertex -7.323900e+01  1.380000e+01 -1.125512e+02
     vertex -4.732038e+01  1.380000e+01 -1.120557e+02
     vertex -4.676100e+01  1.380000e+01 -1.125512e+02
   endloop
 endfacet
 facet normal -0.000000e+00  1.000000e+00  0.000000e+00
   outer loop
     vertex -7.323900e+01  1.380000e+01 -1.125512e+02
     vertex -4.676100e+01  1.380000e+01 -1.125512e+02
     vertex -4.609928e+01  1.380000e+01 -1.128986e+02
   endloop
 endfacet
 facet normal  0.000000e+00  1.000000e+00  0.000000e+00
   outer loop
     vertex -7.323900e+01  1.380000e+01 -1.125512e+02
     vertex -7.267962e+01  1.380000e+01 -1.120557e+02
     vertex -4.732038e+01  1.380000e+01 -1.120557e+02
   endloop
 endfacet
 facet normal -0.000000e+00  1.000000e+00  0.000000e+00
   outer loop
     vertex -7.225509e+01  1.380000e+01 -1.114406e+02
     vertex -4.774491e+01  1.380000e+01 -1.114406e+02
     vertex -4.732038e+01  1.380000e+01 -1.120557e+02
   endloop
 endfacet
 facet normal  0.000000e+00  1.000000e+00  0.000000e+00
   outer loop
     vertex -7.225509e+01  1.380000e+01 -1.114406e+02
     vertex -4.732038e+01  1.380000e+01 -1.120557e+02
     vertex -7.267962e+01  1.380000e+01 -1.120557e+02
   endloop
 endfacet
 facet normal  0.000000e+00  1.000000e+00  0.000000e+00
   outer loop
     vertex -7.390072e+01  1.380000e+01 -1.128986e+02
     vertex -7.323900e+01  1.380000e+01 -1.125512e+02
     vertex -4.609928e+01  1.380000e+01 -1.128986e+02
   endloop
 endfacet
 facet normal  0.000000e+00  1.000000e+00  0.000000e+00
   outer loop
     vertex -7.199008e+01  1.380000e+01 -1.107419e+02
     vertex -4.774491e+01  1.380000e+01 -1.114406e+02
     vertex -7.225509e+01  1.380000e+01 -1.114406e+02
   endloop
 endfacet
 facet normal -0.000000e+00  1.000000e+00  0.000000e+00
   outer loop
     vertex -7.199008e+01  1.380000e+01 -1.107419e+02
     vertex -4.800992e+01  1.380000e+01 -1.107419e+02
     vertex -4.774491e+01  1.380000e+01 -1.114406e+02
   endloop
 endfacet
 facet normal  0.000000e+00  1.000000e+00  0.000000e+00
   outer loop
     vertex -7.190000e+01  1.380000e+01 -1.100000e+02
     vertex -4.800992e+01  1.380000e+01 -1.107419e+02
     vertex -7.199008e+01  1.380000e+01 -1.107419e+02
   endloop
 endfacet
 facet normal -0.000000e+00  1.000000e+00  0.000000e+00
   outer loop
     vertex -7.190000e+01  1.380000e+01 -1.100000e+02
     vertex -4.810000e+01  1.380000e+01 -1.100000e+02
     vertex -4.800992e+01  1.380000e+01 -1.107419e+02
   endloop
 endfacet
 facet normal  0.000000e+00  1.000000e+00  0.000000e+00
   outer loop
     vertex -7.199008e+01  1.380000e+01 -1.092581e+02
     vertex -4.810000e+01  1.380000e+01 -1.100000e+02
     vertex -7.190000e+01  1.380000e+01 -1.100000e+02
   endloop
 endfacet
 facet normal -0.000000e+00  1.000000e+00  0.000000e+00
   outer loop
     vertex -7.199008e+01  1.380000e+01 -1.092581e+02
     vertex -4.800992e+01  1.380000e+01 -1.092581e+02
     vertex -4.810000e+01  1.380000e+01 -1.100000e+02
   endloop
 endfacet
 facet normal  0.000000e+00  1.000000e+00  0.000000e+00
   outer loop
     vertex -7.225509e+01  1.380000e+01 -1.085594e+02
     vertex -4.800992e+01  1.380000e+01 -1.092581e+02
     vertex -7.199008e+01  1.380000e+01 -1.092581e+02
   endloop
 endfacet
 facet normal -0.000000e+00  1.000000e+00  0.000000e+00
   outer loop
     vertex -7.225509e+01  1.380000e+01 -1.085594e+02
     vertex -4.774491e+01  1.380000e+01 -1.085594e+02
     vertex -4.800992e+01  1.380000e+01 -1.092581e+02
   endloop
 endfacet
 facet normal  0.000000e+00  1.000000e+00  0.000000e+00
   outer loop
     vertex -7.267962e+01  1.380000e+01 -1.079443e+02
     vertex -4.774491e+01  1.380000e+01 -1.085594e+02
     vertex -7.225509e+01  1.380000e+01 -1.085594e+02
   endloop
 endfacet
 facet normal  0.000000e+00  1.000000e+00  0.000000e+00
   outer loop
     vertex -7.267962e+01  1.380000e+01 -1.079443e+02
     vertex -4.676100e+01  1.380000e+01 -1.074488e+02
     vertex -4.732038e+01  1.380000e+01 -1.079443e+02
   endloop
 endfacet
 facet normal -0.000000e+00  1.000000e+00  0.000000e+00
   outer loop
     vertex -7.267962e+01  1.380000e+01 -1.079443e+02
     vertex -4.732038e+01  1.380000e+01 -1.079443e+02
     vertex -4.774491e+01  1.380000e+01 -1.085594e+02
   endloop
 endfacet
 facet normal -0.000000e+00  1.000000e+00  0.000000e+00
   outer loop
     vertex -7.323900e+01  1.380000e+01 -1.074488e+02
     vertex -4.676100e+01  1.380000e+01 -1.074488e+02
     vertex -7.267962e+01  1.380000e+01 -1.079443e+02
   endloop
 endfacet
 facet normal  0.000000e+00  1.000000e+00  0.000000e+00
   outer loop
     vertex -8.491018e+01  1.380000e+01 -1.175000e+02
     vertex -7.800992e+01  1.380000e+01 -1.107419e+02
     vertex -7.774491e+01  1.380000e+01 -1.114406e+02
   endloop
 endfacet
 facet normal  0.000000e+00  1.000000e+00  0.000000e+00
   outer loop
     vertex -8.491018e+01  1.380000e+01 -1.175000e+02
     vertex -7.774491e+01  1.380000e+01 -1.114406e+02
     vertex -7.732038e+01  1.380000e+01 -1.120557e+02
   endloop
 endfacet
 facet normal  0.000000e+00  1.000000e+00  0.000000e+00
   outer loop
     vertex -8.491018e+01  1.380000e+01 -1.175000e+02
     vertex -7.732038e+01  1.380000e+01 -1.120557e+02
     vertex -7.676100e+01  1.380000e+01 -1.125512e+02
   endloop
 endfacet
 facet normal  0.000000e+00  1.000000e+00  0.000000e+00
   outer loop
     vertex -8.491018e+01  1.380000e+01 -1.175000e+02
     vertex -7.676100e+01  1.380000e+01 -1.125512e+02
     vertex -7.609928e+01  1.380000e+01 -1.128986e+02
   endloop
 endfacet
 facet normal  0.000000e+00  1.000000e+00  0.000000e+00
   outer loop
     vertex -8.491018e+01  1.380000e+01 -1.175000e+02
     vertex -7.609928e+01  1.380000e+01 -1.128986e+02
     vertex -7.537366e+01  1.380000e+01 -1.130774e+02
   endloop
 endfacet
 facet normal  0.000000e+00  1.000000e+00  0.000000e+00
   outer loop
     vertex -8.491018e+01  1.380000e+01 -1.175000e+02
     vertex -7.537366e+01  1.380000e+01 -1.130774e+02
     vertex -7.462634e+01  1.380000e+01 -1.130774e+02
   endloop
 endfacet
 facet normal  0.000000e+00  1.000000e+00  0.000000e+00
   outer loop
     vertex -8.491018e+01  1.380000e+01 -1.175000e+02
     vertex -7.462634e+01  1.380000e+01 -1.130774e+02
     vertex -7.390072e+01  1.380000e+01 -1.128986e+02
   endloop
 endfacet
 facet normal  0.000000e+00  1.000000e+00  0.000000e+00
   outer loop
     vertex -8.491018e+01  1.380000e+01 -1.175000e+02
     vertex -4.609928e+01  1.380000e+01 -1.128986e+02
     vertex -3.500000e+01  1.380000e+01 -1.175000e+02
   endloop
 endfacet
 facet normal  0.000000e+00  1.000000e+00  0.000000e+00
   outer loop
     vertex -8.491018e+01  1.380000e+01 -1.175000e+02
     vertex -7.390072e+01  1.380000e+01 -1.128986e+02
     vertex -4.609928e+01  1.380000e+01 -1.128986e+02
   endloop
 endfacet
 facet normal  0.000000e+00  1.000000e+00  0.000000e+00
   outer loop
     vertex -7.810000e+01  1.380000e+01 -1.100000e+02
     vertex -7.800992e+01  1.380000e+01 -1.107419e+02
     vertex -8.491018e+01  1.380000e+01 -1.175000e+02
   endloop
 endfacet
 facet normal  0.000000e+00  1.000000e+00  0.000000e+00
   outer loop
     vertex -7.800992e+01  1.380000e+01 -1.092581e+02
     vertex -7.810000e+01  1.380000e+01 -1.100000e+02
     vertex -8.491018e+01  1.380000e+01 -1.175000e+02
   endloop
 endfacet
 facet normal  0.000000e+00  1.000000e+00  0.000000e+00
   outer loop
     vertex -8.491018e+01  1.380000e+01 -9.625000e+01
     vertex -7.323900e+01  1.380000e+01 -1.074488e+02
     vertex -7.390072e+01  1.380000e+01 -1.071014e+02
   endloop
 endfacet
 facet normal  0.000000e+00  1.000000e+00  0.000000e+00
   outer loop
     vertex -8.491018e+01  1.380000e+01 -9.625000e+01
     vertex -7.390072e+01  1.380000e+01 -1.071014e+02
     vertex -7.462634e+01  1.380000e+01 -1.069226e+02
   endloop
 endfacet
 facet normal  0.000000e+00  1.000000e+00  0.000000e+00
   outer loop
     vertex -8.491018e+01  1.380000e+01 -9.625000e+01
     vertex -7.462634e+01  1.380000e+01 -1.069226e+02
     vertex -7.537366e+01  1.380000e+01 -1.069226e+02
   endloop
 endfacet
 facet normal  0.000000e+00  1.000000e+00  0.000000e+00
   outer loop
     vertex -8.491018e+01  1.380000e+01 -9.625000e+01
     vertex -7.537366e+01  1.380000e+01 -1.069226e+02
     vertex -7.609928e+01  1.380000e+01 -1.071014e+02
   endloop
 endfacet
 facet normal  9.111315e-14  1.000000e+00  3.103821e-13
   outer loop
     vertex -8.491018e+01  1.380000e+01 -9.625000e+01
     vertex -3.500000e+01  1.380000e+01 -9.625000e+01
     vertex -4.676100e+01  1.380000e+01 -1.074488e+02
   endloop
 endfacet
 facet normal  0.000000e+00  1.000000e+00  0.000000e+00
   outer loop
     vertex -8.491018e+01  1.380000e+01 -9.625000e+01
     vertex -7.609928e+01  1.380000e+01 -1.071014e+02
     vertex -7.676100e+01  1.380000e+01 -1.074488e+02
   endloop
 endfacet
 facet normal  0.000000e+00  1.000000e+00  0.000000e+00
   outer loop
     vertex -8.491018e+01  1.380000e+01 -9.625000e+01
     vertex -7.676100e+01  1.380000e+01 -1.074488e+02
     vertex -7.732038e+01  1.380000e+01 -1.079443e+02
   endloop
 endfacet
 facet normal  0.000000e+00  1.000000e+00  0.000000e+00
   outer loop
     vertex -8.491018e+01  1.380000e+01 -9.625000e+01
     vertex -7.732038e+01  1.380000e+01 -1.079443e+02
     vertex -7.774491e+01  1.380000e+01 -1.085594e+02
   endloop
 endfacet
 facet normal  0.000000e+00  1.000000e+00  0.000000e+00
   outer loop
     vertex -8.491018e+01  1.380000e+01 -9.625000e+01
     vertex -7.774491e+01  1.380000e+01 -1.085594e+02
     vertex -7.800992e+01  1.380000e+01 -1.092581e+02
   endloop
 endfacet
 facet normal  0.000000e+00  1.000000e+00  0.000000e+00
   outer loop
     vertex -8.491018e+01  1.380000e+01 -9.625000e+01
     vertex -4.676100e+01  1.380000e+01 -1.074488e+02
     vertex -7.323900e+01  1.380000e+01 -1.074488e+02
   endloop
 endfacet
 facet normal  0.000000e+00  1.000000e+00  0.000000e+00
   outer loop
     vertex -8.491018e+01  1.380000e+01 -9.625000e+01
     vertex -7.800992e+01  1.380000e+01 -1.092581e+02
     vertex -8.491018e+01  1.380000e+01 -1.175000e+02
   endloop
 endfacet
 facet normal -1.000000e+00 -3.153334e-16 -2.793611e-16
   outer loop
     vertex -3.500000e+01  3.124875e+01 -1.117610e+02
     vertex -3.500000e+01  3.174432e+01 -1.123204e+02
     vertex -3.500000e+01  1.380000e+01 -1.175000e+02
   endloop
 endfacet
 facet normal -1.000000e+00 -2.792104e-16 -4.045061e-16
   outer loop
     vertex -3.500000e+01  3.235936e+01 -1.127449e+02
     vertex -3.500000e+01  1.380000e+01 -1.175000e+02
     vertex -3.500000e+01  3.174432e+01 -1.123204e+02
   endloop
 endfacet
 facet normal -1.000000e+00 -3.472701e-16 -1.822614e-16
   outer loop
     vertex -3.500000e+01  3.090145e+01 -1.110993e+02
     vertex -3.500000e+01  3.124875e+01 -1.117610e+02
     vertex -3.500000e+01  1.380000e+01 -1.175000e+02
   endloop
 endfacet
 facet normal -1.000000e+00 -2.284888e-16 -6.024754e-16
   outer loop
     vertex -3.500000e+01  3.305812e+01 -1.130099e+02
     vertex -3.500000e+01  1.380000e+01 -1.175000e+02
     vertex -3.500000e+01  3.235936e+01 -1.127449e+02
   endloop
 endfacet
 facet normal -1.000000e+00 -3.803948e-16 -9.375890e-17
   outer loop
     vertex -3.500000e+01  3.072260e+01 -1.103737e+02
     vertex -3.500000e+01  3.090145e+01 -1.110993e+02
     vertex -3.500000e+01  1.380000e+01 -1.175000e+02
   endloop
 endfacet
 facet normal -1.000000e+00 -1.263473e-16 -1.040564e-15
   outer loop
     vertex -3.500000e+01  3.380000e+01 -1.131000e+02
     vertex -3.500000e+01  1.380000e+01 -1.175000e+02
     vertex -3.500000e+01  3.305812e+01 -1.130099e+02
   endloop
 endfacet
 facet normal -1.000000e+00 -9.998815e-14  2.139988e-13
   outer loop
     vertex -3.500000e+01  3.072260e+01 -1.096263e+02
     vertex -3.500000e+01  1.380000e+01 -1.175000e+02
     vertex -3.500000e+01  1.380000e+01 -9.625000e+01
   endloop
 endfacet
 facet normal -1.000000e+00 -4.198779e-16 -0.000000e+00
   outer loop
     vertex -3.500000e+01  3.072260e+01 -1.096263e+02
     vertex -3.500000e+01  3.072260e+01 -1.103737e+02
     vertex -3.500000e+01  1.380000e+01 -1.175000e+02
   endloop
 endfacet
 facet normal -1.000000e+00 -2.252559e-13  5.552060e-14
   outer loop
     vertex -3.500000e+01  3.090145e+01 -1.089007e+02
     vertex -3.500000e+01  3.072260e+01 -1.096263e+02
     vertex -3.500000e+01  1.380000e+01 -9.625000e+01
   endloop
 endfacet
 facet normal -1.000000e+00 -1.918439e-13  1.006875e-13
   outer loop
     vertex -3.500000e+01  3.124875e+01 -1.082390e+02
     vertex -3.500000e+01  3.090145e+01 -1.089007e+02
     vertex -3.500000e+01  1.380000e+01 -9.625000e+01
   endloop
 endfacet
 facet normal -1.000000e+00 -1.622574e-13  1.437476e-13
   outer loop
     vertex -3.500000e+01  3.174432e+01 -1.076796e+02
     vertex -3.500000e+01  3.124875e+01 -1.082390e+02
     vertex -3.500000e+01  1.380000e+01 -9.625000e+01
   endloop
 endfacet
 facet normal -1.000000e+00 -1.320054e-13  1.912428e-13
   outer loop
     vertex -3.500000e+01  3.235936e+01 -1.072551e+02
     vertex -3.500000e+01  3.174432e+01 -1.076796e+02
     vertex -3.500000e+01  1.380000e+01 -9.625000e+01
   endloop
 endfacet
 facet normal -1.000000e+00 -9.572991e-14  2.524190e-13
   outer loop
     vertex -3.500000e+01  3.305812e+01 -1.069901e+02
     vertex -3.500000e+01  3.235936e+01 -1.072551e+02
     vertex -3.500000e+01  1.380000e+01 -9.625000e+01
   endloop
 endfacet
 facet normal -1.000000e+00 -4.228532e-14  3.482509e-13
   outer loop
     vertex -3.500000e+01  3.380000e+01 -1.069000e+02
     vertex -3.500000e+01  3.305812e+01 -1.069901e+02
     vertex -3.500000e+01  1.380000e+01 -9.625000e+01
   endloop
 endfacet
 facet normal -1.000000e+00  6.726533e-14  5.539799e-13
   outer loop
     vertex -3.500000e+01  3.454188e+01 -1.069901e+02
     vertex -3.500000e+01  3.380000e+01 -1.069000e+02
     vertex -3.500000e+01  1.380000e+01 -9.625000e+01
   endloop
 endfacet
 facet normal -1.000000e+00  4.472017e-16  3.961862e-16
   outer loop
     vertex -3.500000e+01  5.124875e+01 -1.117610e+02
     vertex -3.500000e+01  5.174432e+01 -1.123204e+02
     vertex -3.500000e+01  3.585568e+01 -1.123204e+02
   endloop
 endfacet
 facet normal -1.000000e+00  4.769543e-16 -4.225447e-16
   outer loop
     vertex -3.500000e+01  5.124875e+01 -1.117610e+02
     vertex -3.500000e+01  3.585568e+01 -1.123204e+02
     vertex -3.500000e+01  3.635125e+01 -1.117610e+02
   endloop
 endfacet
 facet normal -1.000000e+00  4.472017e-16  6.478836e-16
   outer loop
     vertex -3.500000e+01  5.235936e+01 -1.127449e+02
     vertex -3.500000e+01  3.585568e+01 -1.123204e+02
     vertex -3.500000e+01  5.174432e+01 -1.123204e+02
   endloop
 endfacet
 facet normal -1.000000e+00  4.150678e-16 -6.013295e-16
   outer loop
     vertex -3.500000e+01  5.235936e+01 -1.127449e+02
     vertex -3.500000e+01  3.524064e+01 -1.127449e+02
     vertex -3.500000e+01  3.585568e+01 -1.123204e+02
   endloop
 endfacet
 facet normal -1.000000e+00  4.769543e-16  2.503250e-16
   outer loop
     vertex -3.500000e+01  5.090145e+01 -1.110993e+02
     vertex -3.500000e+01  5.124875e+01 -1.117610e+02
     vertex -3.500000e+01  3.635125e+01 -1.117610e+02
   endloop
 endfacet
 facet normal -1.000000e+00  5.002801e-16 -2.625672e-16
   outer loop
     vertex -3.500000e+01  5.090145e+01 -1.110993e+02
     vertex -3.500000e+01  3.635125e+01 -1.117610e+02
     vertex -3.500000e+01  3.669855e+01 -1.110993e+02
   endloop
 endfacet
 facet normal -1.000000e+00  3.837402e-16 -1.011840e-15
   outer loop
     vertex -3.500000e+01  5.305812e+01 -1.130099e+02
     vertex -3.500000e+01  3.454188e+01 -1.130099e+02
     vertex -3.500000e+01  3.524064e+01 -1.127449e+02
   endloop
 endfacet
 facet normal -1.000000e+00  4.150678e-16  1.094444e-15
   outer loop
     vertex -3.500000e+01  5.305812e+01 -1.130099e+02
     vertex -3.500000e+01  3.524064e+01 -1.127449e+02
     vertex -3.500000e+01  5.235936e+01 -1.127449e+02
   endloop
 endfacet
 facet normal -1.000000e+00  5.002801e-16  1.233080e-16
   outer loop
     vertex -3.500000e+01  5.072260e+01 -1.103737e+02
     vertex -3.500000e+01  5.090145e+01 -1.110993e+02
     vertex -3.500000e+01  3.669855e+01 -1.110993e+02
   endloop
 endfacet
 facet normal -1.000000e+00  5.132049e-16 -1.264937e-16
   outer loop
     vertex -3.500000e+01  5.072260e+01 -1.103737e+02
     vertex -3.500000e+01  3.669855e+01 -1.110993e+02
     vertex -3.500000e+01  3.687740e+01 -1.103737e+02
   endloop
 endfacet
 facet normal -1.000000e+00  5.132049e-16  0.000000e+00
   outer loop
     vertex -3.500000e+01  5.072260e+01 -1.096263e+02
     vertex -3.500000e+01  5.072260e+01 -1.103737e+02
     vertex -3.500000e+01  3.687740e+01 -1.103737e+02
   endloop
 endfacet
 facet normal -1.000000e+00  5.132049e-16  0.000000e+00
   outer loop
     vertex -3.500000e+01  5.072260e+01 -1.096263e+02
     vertex -3.500000e+01  3.687740e+01 -1.103737e+02
     vertex -3.500000e+01  3.687740e+01 -1.096263e+02
   endloop
 endfacet
 facet normal -1.000000e+00  5.132049e-16 -1.264937e-16
   outer loop
     vertex -3.500000e+01  5.090145e+01 -1.089007e+02
     vertex -3.500000e+01  5.072260e+01 -1.096263e+02
     vertex -3.500000e+01  3.687740e+01 -1.096263e+02
   endloop
 endfacet
 facet normal -1.000000e+00  5.002801e-16  1.233080e-16
   outer loop
     vertex -3.500000e+01  5.090145e+01 -1.089007e+02
     vertex -3.500000e+01  3.687740e+01 -1.096263e+02
     vertex -3.500000e+01  3.669855e+01 -1.089007e+02
   endloop
 endfacet
 facet normal -1.000000e+00  5.002801e-16 -2.625672e-16
   outer loop
     vertex -3.500000e+01  5.124875e+01 -1.082390e+02
     vertex -3.500000e+01  5.090145e+01 -1.089007e+02
     vertex -3.500000e+01  3.669855e+01 -1.089007e+02
   endloop
 endfacet
 facet normal -1.000000e+00  4.769543e-16  2.503250e-16
   outer loop
     vertex -3.500000e+01  5.124875e+01 -1.082390e+02
     vertex -3.500000e+01  3.669855e+01 -1.089007e+02
     vertex -3.500000e+01  3.635125e+01 -1.082390e+02
   endloop
 endfacet
 facet normal -1.000000e+00  4.769543e-16 -4.225447e-16
   outer loop
     vertex -3.500000e+01  5.174432e+01 -1.076796e+02
     vertex -3.500000e+01  5.124875e+01 -1.082390e+02
     vertex -3.500000e+01  3.635125e+01 -1.082390e+02
   endloop
 endfacet
 facet normal -1.000000e+00  4.472017e-16  3.961862e-16
   outer loop
     vertex -3.500000e+01  5.174432e+01 -1.076796e+02
     vertex -3.500000e+01  3.635125e+01 -1.082390e+02
     vertex -3.500000e+01  3.585568e+01 -1.076796e+02
   endloop
 endfacet
 facet normal -1.000000e+00  4.472017e-16 -6.478836e-16
   outer loop
     vertex -3.500000e+01  5.235936e+01 -1.072551e+02
     vertex -3.500000e+01  5.174432e+01 -1.076796e+02
     vertex -3.500000e+01  3.585568e+01 -1.076796e+02
   endloop
 endfacet
 facet normal -1.000000e+00  4.150678e-16  6.013295e-16
   outer loop
     vertex -3.500000e+01  5.235936e+01 -1.072551e+02
     vertex -3.500000e+01  3.585568e+01 -1.076796e+02
     vertex -3.500000e+01  3.524064e+01 -1.072551e+02
   endloop
 endfacet
 facet normal -1.000000e+00  0.000000e+00  0.000000e+00
   outer loop
     vertex -3.500000e+01  6.371018e+01 -1.175000e+02
     vertex -3.500000e+01  5.380000e+01 -1.131000e+02
     vertex -3.500000e+01  5.454188e+01 -1.130099e+02
   endloop
 endfacet
 facet normal -1.000000e+00  0.000000e+00  0.000000e+00
   outer loop
     vertex -3.500000e+01  6.371018e+01 -1.175000e+02
     vertex -3.500000e+01  5.454188e+01 -1.130099e+02
     vertex -3.500000e+01  5.524064e+01 -1.127449e+02
   endloop
 endfacet
 facet normal -1.000000e+00  0.000000e+00  0.000000e+00
   outer loop
     vertex -3.500000e+01  6.371018e+01 -1.175000e+02
     vertex -3.500000e+01  5.524064e+01 -1.127449e+02
     vertex -3.500000e+01  5.585568e+01 -1.123204e+02
   endloop
 endfacet
 facet normal -1.000000e+00  0.000000e+00  0.000000e+00
   outer loop
     vertex -3.500000e+01  6.371018e+01 -1.175000e+02
     vertex -3.500000e+01  5.585568e+01 -1.123204e+02
     vertex -3.500000e+01  5.635125e+01 -1.117610e+02
   endloop
 endfacet
 facet normal -1.000000e+00  0.000000e+00  0.000000e+00
   outer loop
     vertex -3.500000e+01  6.371018e+01 -1.175000e+02
     vertex -3.500000e+01  5.635125e+01 -1.117610e+02
     vertex -3.500000e+01  5.669855e+01 -1.110993e+02
   endloop
 endfacet
 facet normal -1.000000e+00  3.837402e-16  9.103675e-16
   outer loop
     vertex -3.500000e+01  6.371018e+01 -1.175000e+02
     vertex -3.500000e+01  3.454188e+01 -1.130099e+02
     vertex -3.500000e+01  5.305812e+01 -1.130099e+02
   endloop
 endfacet
 facet normal -1.000000e+00  0.000000e+00  0.000000e+00
   outer loop
     vertex -3.500000e+01  6.371018e+01 -1.175000e+02
     vertex -3.500000e+01  5.305812e+01 -1.130099e+02
     vertex -3.500000e+01  5.380000e+01 -1.131000e+02
   endloop
 endfacet
 facet normal -1.000000e+00  0.000000e+00 -0.000000e+00
   outer loop
     vertex -3.500000e+01  5.687740e+01 -1.103737e+02
     vertex -3.500000e+01  6.371018e+01 -1.175000e+02
     vertex -3.500000e+01  5.669855e+01 -1.110993e+02
   endloop
 endfacet
 facet normal -1.000000e+00  0.000000e+00  0.000000e+00
   outer loop
     vertex -3.500000e+01  5.687740e+01 -1.096263e+02
     vertex -3.500000e+01  6.371018e+01 -1.175000e+02
     vertex -3.500000e+01  5.687740e+01 -1.103737e+02
   endloop
 endfacet
 facet normal -1.000000e+00  4.489224e-13  1.106494e-13
   outer loop
     vertex -3.500000e+01  6.371018e+01 -9.625000e+01
     vertex -3.500000e+01  5.687740e+01 -1.096263e+02
     vertex -3.500000e+01  5.669855e+01 -1.089007e+02
   endloop
 endfacet
 facet normal -1.000000e+00  3.331179e-13  1.748338e-13
   outer loop
     vertex -3.500000e+01  6.371018e+01 -9.625000e+01
     vertex -3.500000e+01  5.669855e+01 -1.089007e+02
     vertex -3.500000e+01  5.635125e+01 -1.082390e+02
   endloop
 endfacet
 facet normal -1.000000e+00  2.529148e-13  2.240630e-13
   outer loop
     vertex -3.500000e+01  6.371018e+01 -9.625000e+01
     vertex -3.500000e+01  5.635125e+01 -1.082390e+02
     vertex -3.500000e+01  5.585568e+01 -1.076796e+02
   endloop
 endfacet
 facet normal -1.000000e+00  1.862714e-13  2.698607e-13
   outer loop
     vertex -3.500000e+01  6.371018e+01 -9.625000e+01
     vertex -3.500000e+01  5.585568e+01 -1.076796e+02
     vertex -3.500000e+01  5.524064e+01 -1.072551e+02
   endloop
 endfacet
 facet normal -1.000000e+00  1.213062e-13  3.198581e-13
   outer loop
     vertex -3.500000e+01  6.371018e+01 -9.625000e+01
     vertex -3.500000e+01  5.524064e+01 -1.072551e+02
     vertex -3.500000e+01  5.454188e+01 -1.069901e+02
   endloop
 endfacet
 facet normal -1.000000e+00  4.658303e-14  3.836458e-13
   outer loop
     vertex -3.500000e+01  6.371018e+01 -9.625000e+01
     vertex -3.500000e+01  5.454188e+01 -1.069901e+02
     vertex -3.500000e+01  5.380000e+01 -1.069000e+02
   endloop
 endfacet
 facet normal -1.000000e+00 -5.845047e-14  4.813829e-13
   outer loop
     vertex -3.500000e+01  6.371018e+01 -9.625000e+01
     vertex -3.500000e+01  5.380000e+01 -1.069000e+02
     vertex -3.500000e+01  5.305812e+01 -1.069901e+02
   endloop
 endfacet
 facet normal -1.000000e+00 -2.573963e-13  6.786983e-13
   outer loop
     vertex -3.500000e+01  6.371018e+01 -9.625000e+01
     vertex -3.500000e+01  5.305812e+01 -1.069901e+02
     vertex -3.500000e+01  5.235936e+01 -1.072551e+02
   endloop
 endfacet
 facet normal -1.000000e+00  7.922720e-14  2.089050e-13
   outer loop
     vertex -3.500000e+01  6.371018e+01 -9.625000e+01
     vertex -3.500000e+01  3.524064e+01 -1.072551e+02
     vertex -3.500000e+01  3.454188e+01 -1.069901e+02
   endloop
 endfacet
 facet normal -1.000000e+00  4.150678e-16  4.127875e-13
   outer loop
     vertex -3.500000e+01  6.371018e+01 -9.625000e+01
     vertex -3.500000e+01  5.235936e+01 -1.072551e+02
     vertex -3.500000e+01  3.524064e+01 -1.072551e+02
   endloop
 endfacet
 facet normal -1.000000e+00  2.465986e-13  2.139988e-13
   outer loop
     vertex -3.500000e+01  6.371018e+01 -9.625000e+01
     vertex -3.500000e+01  6.371018e+01 -1.175000e+02
     vertex -3.500000e+01  5.687740e+01 -1.096263e+02
   endloop
 endfacet
 facet normal -1.000000e+00  0.000000e+00  4.240731e-13
   outer loop
     vertex -3.500000e+01  6.371018e+01 -9.625000e+01
     vertex -3.500000e+01  3.454188e+01 -1.069901e+02
     vertex -3.500000e+01  1.380000e+01 -9.625000e+01
   endloop
 endfacet
 facet normal -1.000000e+00 -0.000000e+00 -1.614870e-15
   outer loop
     vertex -3.500000e+01  6.371018e+01 -1.175000e+02
     vertex -3.500000e+01  1.380000e+01 -1.175000e+02
     vertex -3.500000e+01  3.380000e+01 -1.131000e+02
   endloop
 endfacet
 facet normal -1.000000e+00  1.074180e-16 -8.846670e-16
   outer loop
     vertex -3.500000e+01  6.371018e+01 -1.175000e+02
     vertex -3.500000e+01  3.380000e+01 -1.131000e+02
     vertex -3.500000e+01  3.454188e+01 -1.130099e+02
   endloop
 endfacet
 facet normal -0.000000e+00  0.000000e+00  1.000000e+00
   outer loop
     vertex -3.500000e+01  6.371018e+01 -7.000000e+01
     vertex -3.000000e+01  8.800000e+00 -7.000000e+01
     vertex -3.000000e+01  6.380000e+01 -7.000000e+01
   endloop
 endfacet
 facet normal  0.000000e+00  0.000000e+00  1.000000e+00
   outer loop
     vertex -8.491018e+01  1.380000e+01 -7.000000e+01
     vertex -8.500000e+01  8.800000e+00 -7.000000e+01
     vertex -3.000000e+01  8.800000e+00 -7.000000e+01
   endloop
 endfacet
 facet normal -0.000000e+00  0.000000e+00  1.000000e+00
   outer loop
     vertex -8.491018e+01  1.380000e+01 -7.000000e+01
     vertex -3.000000e+01  8.800000e+00 -7.000000e+01
     vertex -3.500000e+01  6.371018e+01 -7.000000e+01
   endloop
 endfacet
 facet normal -2.842171e-15  0.000000e+00 -1.000000e+00
   outer loop
     vertex -3.500000e+01  6.371018e+01 -1.200000e+02
     vertex -3.000000e+01  6.380000e+01 -1.200000e+02
     vertex -3.000000e+01  8.800000e+00 -1.200000e+02
   endloop
 endfacet
 facet normal  0.000000e+00 -0.000000e+00 -1.000000e+00
   outer loop
     vertex -8.491018e+01  1.380000e+01 -1.200000e+02
     vertex -3.000000e+01  8.800000e+00 -1.200000e+02
     vertex -8.500000e+01  8.800000e+00 -1.200000e+02
   endloop
 endfacet
 facet normal  2.376296e-17  2.609656e-16 -1.000000e+00
   outer loop
     vertex -8.491018e+01  1.380000e+01 -1.200000e+02
     vertex -3.500000e+01  6.371018e+01 -1.200000e+02
     vertex -3.000000e+01  8.800000e+00 -1.200000e+02
   endloop
 endfacet
 facet normal -1.796116e-02  9.998387e-01  0.000000e+00
   outer loop
     vertex -3.500000e+01  6.371018e+01 -1.175000e+02
     vertex -3.000000e+01  6.380000e+01 -1.200000e+02
     vertex -3.500000e+01  6.371018e+01 -1.200000e+02
   endloop
 endfacet
 facet normal -1.796116e-02  9.998387e-01 -1.772728e-12
   outer loop
     vertex -3.500000e+01  6.371018e+01 -9.625000e+01
     vertex -3.000000e+01  6.380000e+01 -1.200000e+02
     vertex -3.500000e+01  6.371018e+01 -1.175000e+02
   endloop
 endfacet
 facet normal -1.796116e-02  9.998387e-01  1.772728e-12
   outer loop
     vertex -3.500000e+01  6.371018e+01 -7.250000e+01
     vertex -3.000000e+01  6.380000e+01 -7.000000e+01
     vertex -3.500000e+01  6.371018e+01 -9.375000e+01
   endloop
 endfacet
 facet normal -1.796116e-02  9.998387e-01  0.000000e+00
   outer loop
     vertex -3.500000e+01  6.371018e+01 -7.000000e+01
     vertex -3.000000e+01  6.380000e+01 -7.000000e+01
     vertex -3.500000e+01  6.371018e+01 -7.250000e+01
   endloop
 endfacet
 facet normal -1.796116e-02  9.998387e-01  0.000000e+00
   outer loop
     vertex -3.000000e+01  6.380000e+01 -7.000000e+01
     vertex -3.000000e+01  6.380000e+01 -1.200000e+02
     vertex -3.500000e+01  6.371018e+01 -9.625000e+01
   endloop
 endfacet
 facet normal -1.796116e-02  9.998387e-01  0.000000e+00
   outer loop
     vertex -3.000000e+01  6.380000e+01 -7.000000e+01
     vertex -3.500000e+01  6.371018e+01 -9.625000e+01
     vertex -3.500000e+01  6.371018e+01 -9.375000e+01
   endloop
 endfacet
 facet normal  1.000000e+00  0.000000e+00 -0.000000e+00
   outer loop
     vertex -3.000000e+01  3.124875e+01 -7.823900e+01
     vertex -3.000000e+01  3.174432e+01 -7.767962e+01
     vertex -3.000000e+01  8.800000e+00 -7.000000e+01
   endloop
 endfacet
 facet normal  1.000000e+00  0.000000e+00  0.000000e+00
   outer loop
     vertex -3.000000e+01  3.235936e+01 -7.725509e+01
     vertex -3.000000e+01  8.800000e+00 -7.000000e+01
     vertex -3.000000e+01  3.174432e+01 -7.767962e+01
   endloop
 endfacet
 facet normal  1.000000e+00  0.000000e+00 -0.000000e+00
   outer loop
     vertex -3.000000e+01  3.090145e+01 -7.890072e+01
     vertex -3.000000e+01  3.124875e+01 -7.823900e+01
     vertex -3.000000e+01  8.800000e+00 -7.000000e+01
   endloop
 endfacet
 facet normal  1.000000e+00  0.000000e+00  0.000000e+00
   outer loop
     vertex -3.000000e+01  3.305812e+01 -7.699008e+01
     vertex -3.000000e+01  8.800000e+00 -7.000000e+01
     vertex -3.000000e+01  3.235936e+01 -7.725509e+01
   endloop
 endfacet
 facet normal  1.000000e+00  0.000000e+00 -0.000000e+00
   outer loop
     vertex -3.000000e+01  3.072260e+01 -7.962634e+01
     vertex -3.000000e+01  3.090145e+01 -7.890072e+01
     vertex -3.000000e+01  8.800000e+00 -7.000000e+01
   endloop
 endfacet
 facet normal  1.000000e+00  0.000000e+00  0.000000e+00
   outer loop
     vertex -3.000000e+01  3.380000e+01 -7.690000e+01
     vertex -3.000000e+01  8.800000e+00 -7.000000e+01
     vertex -3.000000e+01  3.305812e+01 -7.699008e+01
   endloop
 endfacet
 facet normal  1.000000e+00  0.000000e+00 -0.000000e+00
   outer loop
     vertex -3.000000e+01  3.072260e+01 -8.037366e+01
     vertex -3.000000e+01  3.072260e+01 -7.962634e+01
     vertex -3.000000e+01  8.800000e+00 -7.000000e+01
   endloop
 endfacet
 facet normal  1.000000e+00  0.000000e+00  0.000000e+00
   outer loop
     vertex -3.000000e+01  3.090145e+01 -8.109928e+01
     vertex -3.000000e+01  3.072260e+01 -8.037366e+01
     vertex -3.000000e+01  8.800000e+00 -7.000000e+01
   endloop
 endfacet
 facet normal  1.000000e+00  0.000000e+00  0.000000e+00
   outer loop
     vertex -3.000000e+01  3.124875e+01 -8.176100e+01
     vertex -3.000000e+01  3.090145e+01 -8.109928e+01
     vertex -3.000000e+01  8.800000e+00 -7.000000e+01
   endloop
 endfacet
 facet normal  1.000000e+00  0.000000e+00  0.000000e+00
   outer loop
     vertex -3.000000e+01  8.800000e+00 -1.200000e+02
     vertex -3.000000e+01  3.124875e+01 -8.176100e+01
     vertex -3.000000e+01  8.800000e+00 -7.000000e+01
   endloop
 endfacet
 facet normal  1.000000e+00  0.000000e+00  0.000000e+00
   outer loop
     vertex -3.000000e+01  5.174432e+01 -7.767962e+01
     vertex -3.000000e+01  3.524064e+01 -7.725509e+01
     vertex -3.000000e+01  3.585568e+01 -7.767962e+01
   endloop
 endfacet
 facet normal  1.000000e+00  0.000000e+00  0.000000e+00
   outer loop
     vertex -3.000000e+01  5.124875e+01 -7.823900e+01
     vertex -3.000000e+01  3.585568e+01 -7.767962e+01
     vertex -3.000000e+01  3.635125e+01 -7.823900e+01
   endloop
 endfacet
 facet normal  1.000000e+00  0.000000e+00 -0.000000e+00
   outer loop
     vertex -3.000000e+01  5.124875e+01 -7.823900e+01
     vertex -3.000000e+01  5.174432e+01 -7.767962e+01
     vertex -3.000000e+01  3.585568e+01 -7.767962e+01
   endloop
 endfacet
 facet normal  1.000000e+00  0.000000e+00  0.000000e+00
   outer loop
     vertex -3.000000e+01  5.235936e+01 -7.725509e+01
     vertex -3.000000e+01  3.524064e+01 -7.725509e+01
     vertex -3.000000e+01  5.174432e+01 -7.767962e+01
   endloop
 endfacet
 facet normal  1.000000e+00  0.000000e+00  0.000000e+00
   outer loop
     vertex -3.000000e+01  5.090145e+01 -7.890072e+01
     vertex -3.000000e+01  3.635125e+01 -7.823900e+01
     vertex -3.000000e+01  3.669855e+01 -7.890072e+01
   endloop
 endfacet
 facet normal  1.000000e+00  0.000000e+00 -0.000000e+00
   outer loop
     vertex -3.000000e+01  5.090145e+01 -7.890072e+01
     vertex -3.000000e+01  5.124875e+01 -7.823900e+01
     vertex -3.000000e+01  3.635125e+01 -7.823900e+01
   endloop
 endfacet
 facet normal  1.000000e+00  0.000000e+00  0.000000e+00
   outer loop
     vertex -3.000000e+01  5.305812e+01 -7.699008e+01
     vertex -3.000000e+01  3.454188e+01 -7.699008e+01
     vertex -3.000000e+01  3.524064e+01 -7.725509e+01
   endloop
 endfacet
 facet normal  1.000000e+00  0.000000e+00  0.000000e+00
   outer loop
     vertex -3.000000e+01  5.305812e+01 -7.699008e+01
     vertex -3.000000e+01  3.524064e+01 -7.725509e+01
     vertex -3.000000e+01  5.235936e+01 -7.725509e+01
   endloop
 endfacet
 facet normal  1.000000e+00  0.000000e+00  0.000000e+00
   outer loop
     vertex -3.000000e+01  5.072260e+01 -7.962634e+01
     vertex -3.000000e+01  3.669855e+01 -7.890072e+01
     vertex -3.000000e+01  3.687740e+01 -7.962634e+01
   endloop
 endfacet
 facet normal  1.000000e+00  0.000000e+00 -0.000000e+00
   outer loop
     vertex -3.000000e+01  5.072260e+01 -7.962634e+01
     vertex -3.000000e+01  5.090145e+01 -7.890072e+01
     vertex -3.000000e+01  3.669855e+01 -7.890072e+01
   endloop
 endfacet
 facet normal  1.000000e+00  0.000000e+00  0.000000e+00
   outer loop
     vertex -3.000000e+01  5.072260e+01 -8.037366e+01
     vertex -3.000000e+01  3.687740e+01 -7.962634e+01
     vertex -3.000000e+01  3.687740e+01 -8.037366e+01
   endloop
 endfacet
 facet normal  1.000000e+00  0.000000e+00 -0.000000e+00
   outer loop
     vertex -3.000000e+01  5.072260e+01 -8.037366e+01
     vertex -3.000000e+01  5.072260e+01 -7.962634e+01
     vertex -3.000000e+01  3.687740e+01 -7.962634e+01
   endloop
 endfacet
 facet normal  1.000000e+00  0.000000e+00  0.000000e+00
   outer loop
     vertex -3.000000e+01  5.090145e+01 -8.109928e+01
     vertex -3.000000e+01  3.687740e+01 -8.037366e+01
     vertex -3.000000e+01  3.669855e+01 -8.109928e+01
   endloop
 endfacet
 facet normal  1.000000e+00  0.000000e+00  0.000000e+00
   outer loop
     vertex -3.000000e+01  5.090145e+01 -8.109928e+01
     vertex -3.000000e+01  5.072260e+01 -8.037366e+01
     vertex -3.000000e+01  3.687740e+01 -8.037366e+01
   endloop
 endfacet
 facet normal  1.000000e+00  0.000000e+00  0.000000e+00
   outer loop
     vertex -3.000000e+01  5.124875e+01 -8.176100e+01
     vertex -3.000000e+01  3.635125e+01 -8.176100e+01
     vertex -3.000000e+01  3.585568e+01 -8.232038e+01
   endloop
 endfacet
 facet normal  1.000000e+00  0.000000e+00  0.000000e+00
   outer loop
     vertex -3.000000e+01  5.124875e+01 -8.176100e+01
     vertex -3.000000e+01  3.669855e+01 -8.109928e+01
     vertex -3.000000e+01  3.635125e+01 -8.176100e+01
   endloop
 endfacet
 facet normal  1.000000e+00  0.000000e+00  0.000000e+00
   outer loop
     vertex -3.000000e+01  5.124875e+01 -8.176100e+01
     vertex -3.000000e+01  5.090145e+01 -8.109928e+01
     vertex -3.000000e+01  3.669855e+01 -8.109928e+01
   endloop
 endfacet
 facet normal  1.000000e+00  0.000000e+00  0.000000e+00
   outer loop
     vertex -3.000000e+01  6.380000e+01 -7.000000e+01
     vertex -3.000000e+01  8.800000e+00 -7.000000e+01
     vertex -3.000000e+01  3.380000e+01 -7.690000e+01
   endloop
 endfacet
 facet normal  1.000000e+00  0.000000e+00  0.000000e+00
   outer loop
     vertex -3.000000e+01  6.380000e+01 -7.000000e+01
     vertex -3.000000e+01  3.380000e+01 -7.690000e+01
     vertex -3.000000e+01  3.454188e+01 -7.699008e+01
   endloop
 endfacet
 facet normal  1.000000e+00  0.000000e+00  0.000000e+00
   outer loop
     vertex -3.000000e+01  6.380000e+01 -7.000000e+01
     vertex -3.000000e+01  5.524064e+01 -7.725509e+01
     vertex -3.000000e+01  5.585568e+01 -7.767962e+01
   endloop
 endfacet
 facet normal  1.000000e+00  0.000000e+00  0.000000e+00
   outer loop
     vertex -3.000000e+01  6.380000e+01 -7.000000e+01
     vertex -3.000000e+01  5.454188e+01 -7.699008e+01
     vertex -3.000000e+01  5.524064e+01 -7.725509e+01
   endloop
 endfacet
 facet normal  1.000000e+00  0.000000e+00  0.000000e+00
   outer loop
     vertex -3.000000e+01  6.380000e+01 -7.000000e+01
     vertex -3.000000e+01  5.380000e+01 -7.690000e+01
     vertex -3.000000e+01  5.454188e+01 -7.699008e+01
   endloop
 endfacet
 facet normal  1.000000e+00  0.000000e+00  0.000000e+00
   outer loop
     vertex -3.000000e+01  6.380000e+01 -7.000000e+01
     vertex -3.000000e+01  5.305812e+01 -7.699008e+01
     vertex -3.000000e+01  5.380000e+01 -7.690000e+01
   endloop
 endfacet
 facet normal  1.000000e+00  0.000000e+00  0.000000e+00
   outer loop
     vertex -3.000000e+01  6.380000e+01 -7.000000e+01
     vertex -3.000000e+01  3.454188e+01 -7.699008e+01
     vertex -3.000000e+01  5.305812e+01 -7.699008e+01
   endloop
 endfacet
 facet normal  1.000000e+00  0.000000e+00  0.000000e+00
   outer loop
     vertex -3.000000e+01  5.174432e+01 -8.232038e+01
     vertex -3.000000e+01  5.124875e+01 -8.176100e+01
     vertex -3.000000e+01  3.585568e+01 -8.232038e+01
   endloop
 endfacet
 facet normal  1.000000e+00  0.000000e+00 -0.000000e+00
   outer loop
     vertex -3.000000e+01  5.635125e+01 -7.823900e+01
     vertex -3.000000e+01  6.380000e+01 -7.000000e+01
     vertex -3.000000e+01  5.585568e+01 -7.767962e+01
   endloop
 endfacet
 facet normal  1.000000e+00  0.000000e+00  0.000000e+00
   outer loop
     vertex -3.000000e+01  5.235936e+01 -8.274491e+01
     vertex -3.000000e+01  3.585568e+01 -8.232038e+01
     vertex -3.000000e+01  3.524064e+01 -8.274491e+01
   endloop
 endfacet
 facet normal  1.000000e+00  0.000000e+00  0.000000e+00
   outer loop
     vertex -3.000000e+01  5.235936e+01 -8.274491e+01
     vertex -3.000000e+01  5.174432e+01 -8.232038e+01
     vertex -3.000000e+01  3.585568e+01 -8.232038e+01
   endloop
 endfacet
 facet normal  1.000000e+00  0.000000e+00 -0.000000e+00
   outer loop
     vertex -3.000000e+01  5.669855e+01 -7.890072e+01
     vertex -3.000000e+01  6.380000e+01 -7.000000e+01
     vertex -3.000000e+01  5.635125e+01 -7.823900e+01
   endloop
 endfacet
 facet normal  1.000000e+00  0.000000e+00 -0.000000e+00
   outer loop
     vertex -3.000000e+01  5.687740e+01 -7.962634e+01
     vertex -3.000000e+01  6.380000e+01 -7.000000e+01
     vertex -3.000000e+01  5.669855e+01 -7.890072e+01
   endloop
 endfacet
 facet normal  1.000000e+00  0.000000e+00  0.000000e+00
   outer loop
     vertex -3.000000e+01  5.687740e+01 -8.037366e+01
     vertex -3.000000e+01  6.380000e+01 -7.000000e+01
     vertex -3.000000e+01  5.687740e+01 -7.962634e+01
   endloop
 endfacet
 facet normal  1.000000e+00  0.000000e+00  0.000000e+00
   outer loop
     vertex -3.000000e+01  5.669855e+01 -8.109928e+01
     vertex -3.000000e+01  6.380000e+01 -7.000000e+01
     vertex -3.000000e+01  5.687740e+01 -8.037366e+01
   endloop
 endfacet
 facet normal  1.000000e+00  0.000000e+00  0.000000e+00
   outer loop
     vertex -3.000000e+01  3.174432e+01 -1.076796e+02
     vertex -3.000000e+01  3.174432e+01 -8.232038e+01
     vertex -3.000000e+01  3.124875e+01 -8.176100e+01
   endloop
 endfacet
 facet normal  1.000000e+00  0.000000e+00 -0.000000e+00
   outer loop
     vertex -3.000000e+01  3.174432e+01 -1.076796e+02
     vertex -3.000000e+01  3.235936e+01 -8.274491e+01
     vertex -3.000000e+01  3.174432e+01 -8.232038e+01
   endloop
 endfacet
 facet normal  1.000000e+00  0.000000e+00 -0.000000e+00
   outer loop
     vertex -3.000000e+01  3.124875e+01 -1.082390e+02
     vertex -3.000000e+01  3.174432e+01 -1.076796e+02
     vertex -3.000000e+01  3.124875e+01 -8.176100e+01
   endloop
 endfacet
 facet normal  1.000000e+00  0.000000e+00  0.000000e+00
   outer loop
     vertex -3.000000e+01  3.124875e+01 -1.082390e+02
     vertex -3.000000e+01  3.124875e+01 -8.176100e+01
     vertex -3.000000e+01  8.800000e+00 -1.200000e+02
   endloop
 endfacet
 facet normal  1.000000e+00  0.000000e+00  0.000000e+00
   outer loop
     vertex -3.000000e+01  3.235936e+01 -1.072551e+02
     vertex -3.000000e+01  3.235936e+01 -8.274491e+01
     vertex -3.000000e+01  3.174432e+01 -1.076796e+02
   endloop
 endfacet
 facet normal  1.000000e+00  0.000000e+00 -0.000000e+00
   outer loop
     vertex -3.000000e+01  3.090145e+01 -1.089007e+02
     vertex -3.000000e+01  3.124875e+01 -1.082390e+02
     vertex -3.000000e+01  8.800000e+00 -1.200000e+02
   endloop
 endfacet
 facet normal  1.000000e+00  0.000000e+00  0.000000e+00
   outer loop
     vertex -3.000000e+01  3.305812e+01 -1.069901e+02
     vertex -3.000000e+01  3.235936e+01 -8.274491e+01
     vertex -3.000000e+01  3.235936e+01 -1.072551e+02
   endloop
 endfacet
 facet normal  1.000000e+00  0.000000e+00  0.000000e+00
   outer loop
     vertex -3.000000e+01  3.305812e+01 -1.069901e+02
     vertex -3.000000e+01  3.305812e+01 -8.300992e+01
     vertex -3.000000e+01  3.235936e+01 -8.274491e+01
   endloop
 endfacet
 facet normal  1.000000e+00  0.000000e+00 -0.000000e+00
   outer loop
     vertex -3.000000e+01  3.072260e+01 -1.096263e+02
     vertex -3.000000e+01  3.090145e+01 -1.089007e+02
     vertex -3.000000e+01  8.800000e+00 -1.200000e+02
   endloop
 endfacet
 facet normal  1.000000e+00  0.000000e+00  0.000000e+00
   outer loop
     vertex -3.000000e+01  3.380000e+01 -1.069000e+02
     vertex -3.000000e+01  3.454188e+01 -8.300992e+01
     vertex -3.000000e+01  3.380000e+01 -8.310000e+01
   endloop
 endfacet
 facet normal  1.000000e+00  0.000000e+00  0.000000e+00
   outer loop
     vertex -3.000000e+01  3.380000e+01 -1.069000e+02
     vertex -3.000000e+01  3.305812e+01 -8.300992e+01
     vertex -3.000000e+01  3.305812e+01 -1.069901e+02
   endloop
 endfacet
 facet normal  1.000000e+00  0.000000e+00 -0.000000e+00
   outer loop
     vertex -3.000000e+01  3.380000e+01 -1.069000e+02
     vertex -3.000000e+01  3.380000e+01 -8.310000e+01
     vertex -3.000000e+01  3.305812e+01 -8.300992e+01
   endloop
 endfacet
 facet normal  1.000000e+00  0.000000e+00 -0.000000e+00
   outer loop
     vertex -3.000000e+01  3.072260e+01 -1.103737e+02
     vertex -3.000000e+01  3.072260e+01 -1.096263e+02
     vertex -3.000000e+01  8.800000e+00 -1.200000e+02
   endloop
 endfacet
 facet normal  1.000000e+00  0.000000e+00  0.000000e+00
   outer loop
     vertex -3.000000e+01  3.454188e+01 -1.069901e+02
     vertex -3.000000e+01  3.524064e+01 -8.274491e+01
     vertex -3.000000e+01  3.454188e+01 -8.300992e+01
   endloop
 endfacet
 facet normal  1.000000e+00  0.000000e+00 -0.000000e+00
   outer loop
     vertex -3.000000e+01  3.454188e+01 -1.069901e+02
     vertex -3.000000e+01  3.454188e+01 -8.300992e+01
     vertex -3.000000e+01  3.380000e+01 -1.069000e+02
   endloop
 endfacet
 facet normal  1.000000e+00  0.000000e+00  0.000000e+00
   outer loop
     vertex -3.000000e+01  3.090145e+01 -1.110993e+02
     vertex -3.000000e+01  3.072260e+01 -1.103737e+02
     vertex -3.000000e+01  8.800000e+00 -1.200000e+02
   endloop
 endfacet
 facet normal  1.000000e+00  0.000000e+00 -0.000000e+00
   outer loop
     vertex -3.000000e+01  3.524064e+01 -1.072551e+02
     vertex -3.000000e+01  3.524064e+01 -8.274491e+01
     vertex -3.000000e+01  3.454188e+01 -1.069901e+02
   endloop
 endfacet
 facet normal  1.000000e+00  0.000000e+00  0.000000e+00
   outer loop
     vertex -3.000000e+01  3.124875e+01 -1.117610e+02
     vertex -3.000000e+01  3.090145e+01 -1.110993e+02
     vertex -3.000000e+01  8.800000e+00 -1.200000e+02
   endloop
 endfacet
 facet normal  1.000000e+00  0.000000e+00  0.000000e+00
   outer loop
     vertex -3.000000e+01  3.174432e+01 -1.123204e+02
     vertex -3.000000e+01  3.124875e+01 -1.117610e+02
     vertex -3.000000e+01  8.800000e+00 -1.200000e+02
   endloop
 endfacet
 facet normal  1.000000e+00  0.000000e+00  0.000000e+00
   outer loop
     vertex -3.000000e+01  3.235936e+01 -1.127449e+02
     vertex -3.000000e+01  3.174432e+01 -1.123204e+02
     vertex -3.000000e+01  8.800000e+00 -1.200000e+02
   endloop
 endfacet
 facet normal  1.000000e+00  0.000000e+00  0.000000e+00
   outer loop
     vertex -3.000000e+01  3.305812e+01 -1.130099e+02
     vertex -3.000000e+01  3.235936e+01 -1.127449e+02
     vertex -3.000000e+01  8.800000e+00 -1.200000e+02
   endloop
 endfacet
 facet normal  1.000000e+00  0.000000e+00  0.000000e+00
   outer loop
     vertex -3.000000e+01  3.380000e+01 -1.131000e+02
     vertex -3.000000e+01  3.305812e+01 -1.130099e+02
     vertex -3.000000e+01  8.800000e+00 -1.200000e+02
   endloop
 endfacet
 facet normal  1.000000e+00  0.000000e+00  0.000000e+00
   outer loop
     vertex -3.000000e+01  5.174432e+01 -1.076796e+02
     vertex -3.000000e+01  3.585568e+01 -1.076796e+02
     vertex -3.000000e+01  3.635125e+01 -1.082390e+02
   endloop
 endfacet
 facet normal  1.000000e+00  0.000000e+00 -0.000000e+00
   outer loop
     vertex -3.000000e+01  5.124875e+01 -1.082390e+02
     vertex -3.000000e+01  5.174432e+01 -1.076796e+02
     vertex -3.000000e+01  3.635125e+01 -1.082390e+02
   endloop
 endfacet
 facet normal  1.000000e+00  0.000000e+00  0.000000e+00
   outer loop
     vertex -3.000000e+01  5.235936e+01 -1.072551e+02
     vertex -3.000000e+01  3.524064e+01 -8.274491e+01
     vertex -3.000000e+01  3.524064e+01 -1.072551e+02
   endloop
 endfacet
 facet normal  1.000000e+00  0.000000e+00  0.000000e+00
   outer loop
     vertex -3.000000e+01  5.235936e+01 -1.072551e+02
     vertex -3.000000e+01  5.235936e+01 -8.274491e+01
     vertex -3.000000e+01  3.524064e+01 -8.274491e+01
   endloop
 endfacet
 facet normal  1.000000e+00  0.000000e+00  0.000000e+00
   outer loop
     vertex -3.000000e+01  5.235936e+01 -1.072551e+02
     vertex -3.000000e+01  3.585568e+01 -1.076796e+02
     vertex -3.000000e+01  5.174432e+01 -1.076796e+02
   endloop
 endfacet
 facet normal  1.000000e+00  0.000000e+00  0.000000e+00
   outer loop
     vertex -3.000000e+01  5.235936e+01 -1.072551e+02
     vertex -3.000000e+01  3.524064e+01 -1.072551e+02
     vertex -3.000000e+01  3.585568e+01 -1.076796e+02
   endloop
 endfacet
 facet normal  1.000000e+00  0.000000e+00 -0.000000e+00
   outer loop
     vertex -3.000000e+01  5.090145e+01 -1.089007e+02
     vertex -3.000000e+01  5.124875e+01 -1.082390e+02
     vertex -3.000000e+01  3.635125e+01 -1.082390e+02
   endloop
 endfacet
 facet normal  1.000000e+00  0.000000e+00  0.000000e+00
   outer loop
     vertex -3.000000e+01  5.090145e+01 -1.089007e+02
     vertex -3.000000e+01  3.635125e+01 -1.082390e+02
     vertex -3.000000e+01  3.669855e+01 -1.089007e+02
   endloop
 endfacet
 facet normal  1.000000e+00  0.000000e+00  0.000000e+00
   outer loop
     vertex -3.000000e+01  5.305812e+01 -1.069901e+02
     vertex -3.000000e+01  5.235936e+01 -8.274491e+01
     vertex -3.000000e+01  5.235936e+01 -1.072551e+02
   endloop
 endfacet
 facet normal  1.000000e+00  0.000000e+00  0.000000e+00
   outer loop
     vertex -3.000000e+01  5.305812e+01 -1.069901e+02
     vertex -3.000000e+01  5.305812e+01 -8.300992e+01
     vertex -3.000000e+01  5.235936e+01 -8.274491e+01
   endloop
 endfacet
 facet normal  1.000000e+00  0.000000e+00 -0.000000e+00
   outer loop
     vertex -3.000000e+01  5.072260e+01 -1.096263e+02
     vertex -3.000000e+01  5.090145e+01 -1.089007e+02
     vertex -3.000000e+01  3.669855e+01 -1.089007e+02
   endloop
 endfacet
 facet normal  1.000000e+00  0.000000e+00  0.000000e+00
   outer loop
     vertex -3.000000e+01  5.072260e+01 -1.096263e+02
     vertex -3.000000e+01  3.669855e+01 -1.089007e+02
     vertex -3.000000e+01  3.687740e+01 -1.096263e+02
   endloop
 endfacet
 facet normal  1.000000e+00  0.000000e+00 -0.000000e+00
   outer loop
     vertex -3.000000e+01  5.380000e+01 -1.069000e+02
     vertex -3.000000e+01  5.380000e+01 -8.310000e+01
     vertex -3.000000e+01  5.305812e+01 -8.300992e+01
   endloop
 endfacet
 facet normal  1.000000e+00  0.000000e+00  0.000000e+00
   outer loop
     vertex -3.000000e+01  5.380000e+01 -1.069000e+02
     vertex -3.000000e+01  5.305812e+01 -8.300992e+01
     vertex -3.000000e+01  5.305812e+01 -1.069901e+02
   endloop
 endfacet
 facet normal  1.000000e+00  0.000000e+00 -0.000000e+00
   outer loop
     vertex -3.000000e+01  5.072260e+01 -1.103737e+02
     vertex -3.000000e+01  5.072260e+01 -1.096263e+02
     vertex -3.000000e+01  3.687740e+01 -1.096263e+02
   endloop
 endfacet
 facet normal  1.000000e+00  0.000000e+00  0.000000e+00
   outer loop
     vertex -3.000000e+01  5.072260e+01 -1.103737e+02
     vertex -3.000000e+01  3.687740e+01 -1.096263e+02
     vertex -3.000000e+01  3.687740e+01 -1.103737e+02
   endloop
 endfacet
 facet normal  1.000000e+00  0.000000e+00  0.000000e+00
   outer loop
     vertex -3.000000e+01  5.454188e+01 -1.069901e+02
     vertex -3.000000e+01  5.380000e+01 -8.310000e+01
     vertex -3.000000e+01  5.380000e+01 -1.069000e+02
   endloop
 endfacet
 facet normal  1.000000e+00  0.000000e+00 -0.000000e+00
   outer loop
     vertex -3.000000e+01  5.454188e+01 -1.069901e+02
     vertex -3.000000e+01  5.454188e+01 -8.300992e+01
     vertex -3.000000e+01  5.380000e+01 -8.310000e+01
   endloop
 endfacet
 facet normal  1.000000e+00  0.000000e+00  0.000000e+00
   outer loop
     vertex -3.000000e+01  5.454188e+01 -1.069901e+02
     vertex -3.000000e+01  5.524064e+01 -8.274491e+01
     vertex -3.000000e+01  5.454188e+01 -8.300992e+01
   endloop
 endfacet
 facet normal  1.000000e+00  0.000000e+00  0.000000e+00
   outer loop
     vertex -3.000000e+01  5.090145e+01 -1.110993e+02
     vertex -3.000000e+01  3.687740e+01 -1.103737e+02
     vertex -3.000000e+01  3.669855e+01 -1.110993e+02
   endloop
 endfacet
 facet normal  1.000000e+00  0.000000e+00  0.000000e+00
   outer loop
     vertex -3.000000e+01  5.090145e+01 -1.110993e+02
     vertex -3.000000e+01  5.072260e+01 -1.103737e+02
     vertex -3.000000e+01  3.687740e+01 -1.103737e+02
   endloop
 endfacet
 facet normal  1.000000e+00  0.000000e+00 -0.000000e+00
   outer loop
     vertex -3.000000e+01  5.524064e+01 -1.072551e+02
     vertex -3.000000e+01  5.524064e+01 -8.274491e+01
     vertex -3.000000e+01  5.454188e+01 -1.069901e+02
   endloop
 endfacet
 facet normal  1.000000e+00  0.000000e+00  0.000000e+00
   outer loop
     vertex -3.000000e+01  5.124875e+01 -1.117610e+02
     vertex -3.000000e+01  3.669855e+01 -1.110993e+02
     vertex -3.000000e+01  3.635125e+01 -1.117610e+02
   endloop
 endfacet
 facet normal  1.000000e+00  0.000000e+00  0.000000e+00
   outer loop
     vertex -3.000000e+01  5.124875e+01 -1.117610e+02
     vertex -3.000000e+01  5.090145e+01 -1.110993e+02
     vertex -3.000000e+01  3.669855e+01 -1.110993e+02
   endloop
 endfacet
 facet normal  1.000000e+00  0.000000e+00 -0.000000e+00
   outer loop
     vertex -3.000000e+01  5.585568e+01 -1.076796e+02
     vertex -3.000000e+01  5.585568e+01 -8.232038e+01
     vertex -3.000000e+01  5.524064e+01 -8.274491e+01
   endloop
 endfacet
 facet normal  1.000000e+00  0.000000e+00  0.000000e+00
   outer loop
     vertex -3.000000e+01  5.585568e+01 -1.076796e+02
     vertex -3.000000e+01  5.524064e+01 -8.274491e+01
     vertex -3.000000e+01  5.524064e+01 -1.072551e+02
   endloop
 endfacet
 facet normal  1.000000e+00  0.000000e+00  0.000000e+00
   outer loop
     vertex -3.000000e+01  5.174432e+01 -1.123204e+02
     vertex -3.000000e+01  3.635125e+01 -1.117610e+02
     vertex -3.000000e+01  3.585568e+01 -1.123204e+02
   endloop
 endfacet
 facet normal  1.000000e+00  0.000000e+00  0.000000e+00
   outer loop
     vertex -3.000000e+01  5.174432e+01 -1.123204e+02
     vertex -3.000000e+01  5.124875e+01 -1.117610e+02
     vertex -3.000000e+01  3.635125e+01 -1.117610e+02
   endloop
 endfacet
 facet normal  1.000000e+00  0.000000e+00 -0.000000e+00
   outer loop
     vertex -3.000000e+01  5.635125e+01 -1.082390e+02
     vertex -3.000000e+01  5.635125e+01 -8.176100e+01
     vertex -3.000000e+01  5.585568e+01 -8.232038e+01
   endloop
 endfacet
 facet normal  1.000000e+00  0.000000e+00  0.000000e+00
   outer loop
     vertex -3.000000e+01  5.635125e+01 -1.082390e+02
     vertex -3.000000e+01  5.669855e+01 -8.109928e+01
     vertex -3.000000e+01  5.635125e+01 -8.176100e+01
   endloop
 endfacet
 facet normal  1.000000e+00  0.000000e+00  0.000000e+00
   outer loop
     vertex -3.000000e+01  5.635125e+01 -1.082390e+02
     vertex -3.000000e+01  5.585568e+01 -8.232038e+01
     vertex -3.000000e+01  5.585568e+01 -1.076796e+02
   endloop
 endfacet
 facet normal  1.000000e+00  0.000000e+00  0.000000e+00
   outer loop
     vertex -3.000000e+01  5.235936e+01 -1.127449e+02
     vertex -3.000000e+01  3.524064e+01 -1.127449e+02
     vertex -3.000000e+01  3.454188e+01 -1.130099e+02
   endloop
 endfacet
 facet normal  1.000000e+00  0.000000e+00  0.000000e+00
   outer loop
     vertex -3.000000e+01  5.235936e+01 -1.127449e+02
     vertex -3.000000e+01  3.585568e+01 -1.123204e+02
     vertex -3.000000e+01  3.524064e+01 -1.127449e+02
   endloop
 endfacet
 facet normal  1.000000e+00  0.000000e+00  0.000000e+00
   outer loop
     vertex -3.000000e+01  5.235936e+01 -1.127449e+02
     vertex -3.000000e+01  5.174432e+01 -1.123204e+02
     vertex -3.000000e+01  3.585568e+01 -1.123204e+02
   endloop
 endfacet
 facet normal  1.000000e+00  0.000000e+00 -0.000000e+00
   outer loop
     vertex -3.000000e+01  5.669855e+01 -1.089007e+02
     vertex -3.000000e+01  5.669855e+01 -8.109928e+01
     vertex -3.000000e+01  5.635125e+01 -1.082390e+02
   endloop
 endfacet
 facet normal  1.000000e+00  0.000000e+00  0.000000e+00
   outer loop
     vertex -3.000000e+01  5.305812e+01 -1.130099e+02
     vertex -3.000000e+01  5.235936e+01 -1.127449e+02
     vertex -3.000000e+01  3.454188e+01 -1.130099e+02
   endloop
 endfacet
 facet normal  1.000000e+00  0.000000e+00  0.000000e+00
   outer loop
     vertex -3.000000e+01  6.380000e+01 -1.200000e+02
     vertex -3.000000e+01  5.454188e+01 -1.130099e+02
     vertex -3.000000e+01  5.380000e+01 -1.131000e+02
   endloop
 endfacet
 facet normal  1.000000e+00  0.000000e+00  0.000000e+00
   outer loop
     vertex -3.000000e+01  6.380000e+01 -1.200000e+02
     vertex -3.000000e+01  5.524064e+01 -1.127449e+02
     vertex -3.000000e+01  5.454188e+01 -1.130099e+02
   endloop
 endfacet
 facet normal  1.000000e+00  0.000000e+00  0.000000e+00
   outer loop
     vertex -3.000000e+01  6.380000e+01 -1.200000e+02
     vertex -3.000000e+01  5.585568e+01 -1.123204e+02
     vertex -3.000000e+01  5.524064e+01 -1.127449e+02
   endloop
 endfacet
 facet normal  1.000000e+00  0.000000e+00  0.000000e+00
   outer loop
     vertex -3.000000e+01  6.380000e+01 -1.200000e+02
     vertex -3.000000e+01  5.635125e+01 -1.117610e+02
     vertex -3.000000e+01  5.585568e+01 -1.123204e+02
   endloop
 endfacet
 facet normal  1.000000e+00  0.000000e+00  0.000000e+00
   outer loop
     vertex -3.000000e+01  6.380000e+01 -1.200000e+02
     vertex -3.000000e+01  5.669855e+01 -1.110993e+02
     vertex -3.000000e+01  5.635125e+01 -1.117610e+02
   endloop
 endfacet
 facet normal  1.000000e+00  0.000000e+00  0.000000e+00
   outer loop
     vertex -3.000000e+01  6.380000e+01 -1.200000e+02
     vertex -3.000000e+01  5.687740e+01 -1.103737e+02
     vertex -3.000000e+01  5.669855e+01 -1.110993e+02
   endloop
 endfacet
 facet normal  1.000000e+00  0.000000e+00  0.000000e+00
   outer loop
     vertex -3.000000e+01  6.380000e+01 -1.200000e+02
     vertex -3.000000e+01  5.687740e+01 -1.096263e+02
     vertex -3.000000e+01  5.687740e+01 -1.103737e+02
   endloop
 endfacet
 facet normal  1.000000e+00  0.000000e+00  0.000000e+00
   outer loop
     vertex -3.000000e+01  6.380000e+01 -1.200000e+02
     vertex -3.000000e+01  5.669855e+01 -1.089007e+02
     vertex -3.000000e+01  5.687740e+01 -1.096263e+02
   endloop
 endfacet
 facet normal  1.000000e+00  0.000000e+00  0.000000e+00
   outer loop
     vertex -3.000000e+01  6.380000e+01 -1.200000e+02
     vertex -3.000000e+01  5.305812e+01 -1.130099e+02
     vertex -3.000000e+01  3.454188e+01 -1.130099e+02
   endloop
 endfacet
 facet normal  1.000000e+00  0.000000e+00  0.000000e+00
   outer loop
     vertex -3.000000e+01  6.380000e+01 -1.200000e+02
     vertex -3.000000e+01  5.380000e+01 -1.131000e+02
     vertex -3.000000e+01  5.305812e+01 -1.130099e+02
   endloop
 endfacet
 facet normal  1.000000e+00  0.000000e+00  0.000000e+00
   outer loop
     vertex -3.000000e+01  6.380000e+01 -1.200000e+02
     vertex -3.000000e+01  3.380000e+01 -1.131000e+02
     vertex -3.000000e+01  8.800000e+00 -1.200000e+02
   endloop
 endfacet
 facet normal  1.000000e+00  0.000000e+00  0.000000e+00
   outer loop
     vertex -3.000000e+01  6.380000e+01 -1.200000e+02
     vertex -3.000000e+01  3.454188e+01 -1.130099e+02
     vertex -3.000000e+01  3.380000e+01 -1.131000e+02
   endloop
 endfacet
 facet normal  1.000000e+00  0.000000e+00 -0.000000e+00
   outer loop
     vertex -3.000000e+01  6.380000e+01 -1.200000e+02
     vertex -3.000000e+01  6.380000e+01 -7.000000e+01
     vertex -3.000000e+01  5.669855e+01 -8.109928e+01
   endloop
 endfacet
 facet normal  1.000000e+00  0.000000e+00  0.000000e+00
   outer loop
     vertex -3.000000e+01  6.380000e+01 -1.200000e+02
     vertex -3.000000e+01  5.669855e+01 -8.109928e+01
     vertex -3.000000e+01  5.669855e+01 -1.089007e+02
   endloop
 endfacet
 facet normal -0.000000e+00 -1.000000e+00  0.000000e+00
   outer loop
     vertex -7.676100e+01  8.800000e+00 -1.125512e+02
     vertex -7.732038e+01  8.800000e+00 -1.120557e+02
     vertex -8.500000e+01  8.800000e+00 -1.200000e+02
   endloop
 endfacet
 facet normal  0.000000e+00 -1.000000e+00 -0.000000e+00
   outer loop
     vertex -7.774491e+01  8.800000e+00 -1.114406e+02
     vertex -8.500000e+01  8.800000e+00 -1.200000e+02
     vertex -7.732038e+01  8.800000e+00 -1.120557e+02
   endloop
 endfacet
 facet normal -0.000000e+00 -1.000000e+00  0.000000e+00
   outer loop
     vertex -7.609928e+01  8.800000e+00 -1.128986e+02
     vertex -7.676100e+01  8.800000e+00 -1.125512e+02
     vertex -8.500000e+01  8.800000e+00 -1.200000e+02
   endloop
 endfacet
 facet normal  0.000000e+00 -1.000000e+00 -0.000000e+00
   outer loop
     vertex -7.800992e+01  8.800000e+00 -1.107419e+02
     vertex -8.500000e+01  8.800000e+00 -1.200000e+02
     vertex -7.774491e+01  8.800000e+00 -1.114406e+02
   endloop
 endfacet
 facet normal -0.000000e+00 -1.000000e+00  0.000000e+00
   outer loop
     vertex -7.537366e+01  8.800000e+00 -1.130774e+02
     vertex -7.609928e+01  8.800000e+00 -1.128986e+02
     vertex -8.500000e+01  8.800000e+00 -1.200000e+02
   endloop
 endfacet
 facet normal  0.000000e+00 -1.000000e+00 -0.000000e+00
   outer loop
     vertex -7.810000e+01  8.800000e+00 -1.100000e+02
     vertex -8.500000e+01  8.800000e+00 -1.200000e+02
     vertex -7.800992e+01  8.800000e+00 -1.107419e+02
   endloop
 endfacet
 facet normal -0.000000e+00 -1.000000e+00  0.000000e+00
   outer loop
     vertex -7.462634e+01  8.800000e+00 -1.130774e+02
     vertex -7.537366e+01  8.800000e+00 -1.130774e+02
     vertex -8.500000e+01  8.800000e+00 -1.200000e+02
   endloop
 endfacet
 facet normal  0.000000e+00 -1.000000e+00  0.000000e+00
   outer loop
     vertex -7.800992e+01  8.800000e+00 -1.092581e+02
     vertex -8.500000e+01  8.800000e+00 -1.200000e+02
     vertex -7.810000e+01  8.800000e+00 -1.100000e+02
   endloop
 endfacet
 facet normal  0.000000e+00 -1.000000e+00  0.000000e+00
   outer loop
     vertex -7.390072e+01  8.800000e+00 -1.128986e+02
     vertex -7.462634e+01  8.800000e+00 -1.130774e+02
     vertex -8.500000e+01  8.800000e+00 -1.200000e+02
   endloop
 endfacet
 facet normal  0.000000e+00 -1.000000e+00  0.000000e+00
   outer loop
     vertex -7.774491e+01  8.800000e+00 -1.085594e+02
     vertex -8.500000e+01  8.800000e+00 -1.200000e+02
     vertex -7.800992e+01  8.800000e+00 -1.092581e+02
   endloop
 endfacet
 facet normal  0.000000e+00 -1.000000e+00  0.000000e+00
   outer loop
     vertex -7.732038e+01  8.800000e+00 -8.205568e+01
     vertex -7.732038e+01  8.800000e+00 -1.079443e+02
     vertex -7.676100e+01  8.800000e+00 -1.074488e+02
   endloop
 endfacet
 facet normal -0.000000e+00 -1.000000e+00  0.000000e+00
   outer loop
     vertex -4.732038e+01  8.800000e+00 -1.120557e+02
     vertex -7.267962e+01  8.800000e+00 -1.120557e+02
     vertex -7.323900e+01  8.800000e+00 -1.125512e+02
   endloop
 endfacet
 facet normal  0.000000e+00 -1.000000e+00  0.000000e+00
   outer loop
     vertex -4.732038e+01  8.800000e+00 -1.120557e+02
     vertex -7.225509e+01  8.800000e+00 -1.114406e+02
     vertex -7.267962e+01  8.800000e+00 -1.120557e+02
   endloop
 endfacet
 facet normal  0.000000e+00 -1.000000e+00  0.000000e+00
   outer loop
     vertex -4.676100e+01  8.800000e+00 -1.125512e+02
     vertex -4.732038e+01  8.800000e+00 -1.120557e+02
     vertex -7.323900e+01  8.800000e+00 -1.125512e+02
   endloop
 endfacet
 facet normal -0.000000e+00 -1.000000e+00 -0.000000e+00
   outer loop
     vertex -7.676100e+01  8.800000e+00 -8.255125e+01
     vertex -7.732038e+01  8.800000e+00 -8.205568e+01
     vertex -7.676100e+01  8.800000e+00 -1.074488e+02
   endloop
 endfacet
 facet normal -0.000000e+00 -1.000000e+00  0.000000e+00
   outer loop
     vertex -4.774491e+01  8.800000e+00 -1.114406e+02
     vertex -7.199008e+01  8.800000e+00 -1.107419e+02
     vertex -7.225509e+01  8.800000e+00 -1.114406e+02
   endloop
 endfacet
 facet normal  0.000000e+00 -1.000000e+00 -0.000000e+00
   outer loop
     vertex -4.774491e+01  8.800000e+00 -1.114406e+02
     vertex -7.225509e+01  8.800000e+00 -1.114406e+02
     vertex -4.732038e+01  8.800000e+00 -1.120557e+02
   endloop
 endfacet
 facet normal  0.000000e+00 -1.000000e+00  0.000000e+00
   outer loop
     vertex -7.774491e+01  8.800000e+00 -8.144064e+01
     vertex -7.774491e+01  8.800000e+00 -1.085594e+02
     vertex -7.732038e+01  8.800000e+00 -1.079443e+02
   endloop
 endfacet
 facet normal  0.000000e+00 -1.000000e+00  0.000000e+00
   outer loop
     vertex -7.774491e+01  8.800000e+00 -8.144064e+01
     vertex -7.732038e+01  8.800000e+00 -1.079443e+02
     vertex -7.732038e+01  8.800000e+00 -8.205568e+01
   endloop
 endfacet
 facet normal  0.000000e+00 -1.000000e+00  0.000000e+00
   outer loop
     vertex -4.609928e+01  8.800000e+00 -1.128986e+02
     vertex -7.323900e+01  8.800000e+00 -1.125512e+02
     vertex -7.390072e+01  8.800000e+00 -1.128986e+02
   endloop
 endfacet
 facet normal -0.000000e+00 -1.000000e+00  0.000000e+00
   outer loop
     vertex -4.609928e+01  8.800000e+00 -1.128986e+02
     vertex -7.390072e+01  8.800000e+00 -1.128986e+02
     vertex -8.500000e+01  8.800000e+00 -1.200000e+02
   endloop
 endfacet
 facet normal  0.000000e+00 -1.000000e+00  0.000000e+00
   outer loop
     vertex -4.609928e+01  8.800000e+00 -1.128986e+02
     vertex -4.676100e+01  8.800000e+00 -1.125512e+02
     vertex -7.323900e+01  8.800000e+00 -1.125512e+02
   endloop
 endfacet
 facet normal  0.000000e+00 -1.000000e+00  0.000000e+00
   outer loop
     vertex -7.609928e+01  8.800000e+00 -8.289855e+01
     vertex -7.609928e+01  8.800000e+00 -1.071014e+02
     vertex -7.537366e+01  8.800000e+00 -1.069226e+02
   endloop
 endfacet
 facet normal  0.000000e+00 -1.000000e+00 -0.000000e+00
   outer loop
     vertex -7.609928e+01  8.800000e+00 -8.289855e+01
     vertex -7.676100e+01  8.800000e+00 -1.074488e+02
     vertex -7.609928e+01  8.800000e+00 -1.071014e+02
   endloop
 endfacet
 facet normal -0.000000e+00 -1.000000e+00  0.000000e+00
   outer loop
     vertex -7.609928e+01  8.800000e+00 -8.289855e+01
     vertex -7.676100e+01  8.800000e+00 -8.255125e+01
     vertex -7.676100e+01  8.800000e+00 -1.074488e+02
   endloop
 endfacet
 facet normal -0.000000e+00 -1.000000e+00 -0.000000e+00
   outer loop
     vertex -4.800992e+01  8.800000e+00 -1.107419e+02
     vertex -7.199008e+01  8.800000e+00 -1.107419e+02
     vertex -4.774491e+01  8.800000e+00 -1.114406e+02
   endloop
 endfacet
 facet normal -0.000000e+00 -1.000000e+00 -0.000000e+00
   outer loop
     vertex -7.537366e+01  8.800000e+00 -8.307740e+01
     vertex -7.609928e+01  8.800000e+00 -8.289855e+01
     vertex -7.537366e+01  8.800000e+00 -1.069226e+02
   endloop
 endfacet
 facet normal -0.000000e+00 -1.000000e+00  0.000000e+00
   outer loop
     vertex -4.810000e+01  8.800000e+00 -1.100000e+02
     vertex -7.190000e+01  8.800000e+00 -1.100000e+02
     vertex -7.199008e+01  8.800000e+00 -1.107419e+02
   endloop
 endfacet
 facet normal  0.000000e+00 -1.000000e+00 -0.000000e+00
   outer loop
     vertex -4.810000e+01  8.800000e+00 -1.100000e+02
     vertex -7.199008e+01  8.800000e+00 -1.107419e+02
     vertex -4.800992e+01  8.800000e+00 -1.107419e+02
   endloop
 endfacet
 facet normal  0.000000e+00 -1.000000e+00 -0.000000e+00
   outer loop
     vertex -7.462634e+01  8.800000e+00 -8.307740e+01
     vertex -7.537366e+01  8.800000e+00 -1.069226e+02
     vertex -7.462634e+01  8.800000e+00 -1.069226e+02
   endloop
 endfacet
 facet normal -0.000000e+00 -1.000000e+00  0.000000e+00
   outer loop
     vertex -7.462634e+01  8.800000e+00 -8.307740e+01
     vertex -7.537366e+01  8.800000e+00 -8.307740e+01
     vertex -7.537366e+01  8.800000e+00 -1.069226e+02
   endloop
 endfacet
 facet normal -0.000000e+00 -1.000000e+00  0.000000e+00
   outer loop
     vertex -4.800992e+01  8.800000e+00 -1.092581e+02
     vertex -7.199008e+01  8.800000e+00 -1.092581e+02
     vertex -7.190000e+01  8.800000e+00 -1.100000e+02
   endloop
 endfacet
 facet normal  0.000000e+00 -1.000000e+00  0.000000e+00
   outer loop
     vertex -4.800992e+01  8.800000e+00 -1.092581e+02
     vertex -7.190000e+01  8.800000e+00 -1.100000e+02
     vertex -4.810000e+01  8.800000e+00 -1.100000e+02
   endloop
 endfacet
 facet normal  0.000000e+00 -1.000000e+00 -0.000000e+00
   outer loop
     vertex -7.390072e+01  8.800000e+00 -8.289855e+01
     vertex -7.462634e+01  8.800000e+00 -1.069226e+02
     vertex -7.390072e+01  8.800000e+00 -1.071014e+02
   endloop
 endfacet
 facet normal  0.000000e+00 -1.000000e+00  0.000000e+00
   outer loop
     vertex -7.390072e+01  8.800000e+00 -8.289855e+01
     vertex -7.462634e+01  8.800000e+00 -8.307740e+01
     vertex -7.462634e+01  8.800000e+00 -1.069226e+02
   endloop
 endfacet
 facet normal  0.000000e+00 -1.000000e+00  0.000000e+00
   outer loop
     vertex -4.774491e+01  8.800000e+00 -1.085594e+02
     vertex -7.225509e+01  8.800000e+00 -1.085594e+02
     vertex -7.199008e+01  8.800000e+00 -1.092581e+02
   endloop
 endfacet
 facet normal -0.000000e+00 -1.000000e+00  0.000000e+00
   outer loop
     vertex -4.774491e+01  8.800000e+00 -1.085594e+02
     vertex -7.267962e+01  8.800000e+00 -1.079443e+02
     vertex -7.225509e+01  8.800000e+00 -1.085594e+02
   endloop
 endfacet
 facet normal  0.000000e+00 -1.000000e+00  0.000000e+00
   outer loop
     vertex -4.774491e+01  8.800000e+00 -1.085594e+02
     vertex -7.199008e+01  8.800000e+00 -1.092581e+02
     vertex -4.800992e+01  8.800000e+00 -1.092581e+02
   endloop
 endfacet
 facet normal  0.000000e+00 -1.000000e+00  0.000000e+00
   outer loop
     vertex -7.323900e+01  8.800000e+00 -8.255125e+01
     vertex -7.323900e+01  8.800000e+00 -1.074488e+02
     vertex -7.267962e+01  8.800000e+00 -1.079443e+02
   endloop
 endfacet
 facet normal  0.000000e+00 -1.000000e+00 -0.000000e+00
   outer loop
     vertex -7.323900e+01  8.800000e+00 -8.255125e+01
     vertex -7.390072e+01  8.800000e+00 -1.071014e+02
     vertex -7.323900e+01  8.800000e+00 -1.074488e+02
   endloop
 endfacet
 facet normal  0.000000e+00 -1.000000e+00  0.000000e+00
   outer loop
     vertex -7.323900e+01  8.800000e+00 -8.255125e+01
     vertex -7.390072e+01  8.800000e+00 -8.289855e+01
     vertex -7.390072e+01  8.800000e+00 -1.071014e+02
   endloop
 endfacet
 facet normal -0.000000e+00 -1.000000e+00  0.000000e+00
   outer loop
     vertex -4.732038e+01  8.800000e+00 -1.079443e+02
     vertex -7.267962e+01  8.800000e+00 -1.079443e+02
     vertex -4.774491e+01  8.800000e+00 -1.085594e+02
   endloop
 endfacet
 facet normal  0.000000e+00 -1.000000e+00  0.000000e+00
   outer loop
     vertex -8.500000e+01  8.800000e+00 -7.000000e+01
     vertex -8.500000e+01  8.800000e+00 -1.200000e+02
     vertex -7.774491e+01  8.800000e+00 -1.085594e+02
   endloop
 endfacet
 facet normal  0.000000e+00 -1.000000e+00  0.000000e+00
   outer loop
     vertex -8.500000e+01  8.800000e+00 -7.000000e+01
     vertex -7.774491e+01  8.800000e+00 -7.855936e+01
     vertex -7.732038e+01  8.800000e+00 -7.794432e+01
   endloop
 endfacet
 facet normal  0.000000e+00 -1.000000e+00  0.000000e+00
   outer loop
     vertex -8.500000e+01  8.800000e+00 -7.000000e+01
     vertex -7.800992e+01  8.800000e+00 -7.925812e+01
     vertex -7.774491e+01  8.800000e+00 -7.855936e+01
   endloop
 endfacet
 facet normal  0.000000e+00 -1.000000e+00  0.000000e+00
   outer loop
     vertex -8.500000e+01  8.800000e+00 -7.000000e+01
     vertex -7.810000e+01  8.800000e+00 -8.000000e+01
     vertex -7.800992e+01  8.800000e+00 -7.925812e+01
   endloop
 endfacet
 facet normal  0.000000e+00 -1.000000e+00  0.000000e+00
   outer loop
     vertex -8.500000e+01  8.800000e+00 -7.000000e+01
     vertex -7.800992e+01  8.800000e+00 -8.074188e+01
     vertex -7.810000e+01  8.800000e+00 -8.000000e+01
   endloop
 endfacet
 facet normal  0.000000e+00 -1.000000e+00  0.000000e+00
   outer loop
     vertex -8.500000e+01  8.800000e+00 -7.000000e+01
     vertex -7.774491e+01  8.800000e+00 -8.144064e+01
     vertex -7.800992e+01  8.800000e+00 -8.074188e+01
   endloop
 endfacet
 facet normal  0.000000e+00 -1.000000e+00  0.000000e+00
   outer loop
     vertex -8.500000e+01  8.800000e+00 -7.000000e+01
     vertex -7.774491e+01  8.800000e+00 -1.085594e+02
     vertex -7.774491e+01  8.800000e+00 -8.144064e+01
   endloop
 endfacet
 facet normal  0.000000e+00 -1.000000e+00 -0.000000e+00
   outer loop
     vertex -7.267962e+01  8.800000e+00 -8.205568e+01
     vertex -7.323900e+01  8.800000e+00 -8.255125e+01
     vertex -7.267962e+01  8.800000e+00 -1.079443e+02
   endloop
 endfacet
 facet normal -0.000000e+00 -1.000000e+00  0.000000e+00
   outer loop
     vertex -7.676100e+01  8.800000e+00 -7.744875e+01
     vertex -8.500000e+01  8.800000e+00 -7.000000e+01
     vertex -7.732038e+01  8.800000e+00 -7.794432e+01
   endloop
 endfacet
 facet normal -0.000000e+00 -1.000000e+00  0.000000e+00
   outer loop
     vertex -7.609928e+01  8.800000e+00 -7.710145e+01
     vertex -8.500000e+01  8.800000e+00 -7.000000e+01
     vertex -7.676100e+01  8.800000e+00 -7.744875e+01
   endloop
 endfacet
 facet normal -0.000000e+00 -1.000000e+00  0.000000e+00
   outer loop
     vertex -7.537366e+01  8.800000e+00 -7.692260e+01
     vertex -8.500000e+01  8.800000e+00 -7.000000e+01
     vertex -7.609928e+01  8.800000e+00 -7.710145e+01
   endloop
 endfacet
 facet normal  0.000000e+00 -1.000000e+00  0.000000e+00
   outer loop
     vertex -7.462634e+01  8.800000e+00 -7.692260e+01
     vertex -8.500000e+01  8.800000e+00 -7.000000e+01
     vertex -7.537366e+01  8.800000e+00 -7.692260e+01
   endloop
 endfacet
 facet normal  0.000000e+00 -1.000000e+00  0.000000e+00
   outer loop
     vertex -7.390072e+01  8.800000e+00 -7.710145e+01
     vertex -8.500000e+01  8.800000e+00 -7.000000e+01
     vertex -7.462634e+01  8.800000e+00 -7.692260e+01
   endloop
 endfacet
 facet normal  0.000000e+00 -1.000000e+00  0.000000e+00
   outer loop
     vertex -3.000000e+01  8.800000e+00 -1.200000e+02
     vertex -4.537366e+01  8.800000e+00 -1.130774e+02
     vertex -4.609928e+01  8.800000e+00 -1.128986e+02
   endloop
 endfacet
 facet normal  0.000000e+00 -1.000000e+00  0.000000e+00
   outer loop
     vertex -3.000000e+01  8.800000e+00 -1.200000e+02
     vertex -4.462634e+01  8.800000e+00 -1.130774e+02
     vertex -4.537366e+01  8.800000e+00 -1.130774e+02
   endloop
 endfacet
 facet normal  0.000000e+00 -1.000000e+00  0.000000e+00
   outer loop
     vertex -3.000000e+01  8.800000e+00 -1.200000e+02
     vertex -4.390072e+01  8.800000e+00 -1.128986e+02
     vertex -4.462634e+01  8.800000e+00 -1.130774e+02
   endloop
 endfacet
 facet normal  0.000000e+00 -1.000000e+00  0.000000e+00
   outer loop
     vertex -3.000000e+01  8.800000e+00 -1.200000e+02
     vertex -4.323900e+01  8.800000e+00 -1.125512e+02
     vertex -4.390072e+01  8.800000e+00 -1.128986e+02
   endloop
 endfacet
 facet normal  0.000000e+00 -1.000000e+00  0.000000e+00
   outer loop
     vertex -3.000000e+01  8.800000e+00 -1.200000e+02
     vertex -4.267962e+01  8.800000e+00 -1.120557e+02
     vertex -4.323900e+01  8.800000e+00 -1.125512e+02
   endloop
 endfacet
 facet normal  0.000000e+00 -1.000000e+00  0.000000e+00
   outer loop
     vertex -3.000000e+01  8.800000e+00 -1.200000e+02
     vertex -4.225509e+01  8.800000e+00 -1.114406e+02
     vertex -4.267962e+01  8.800000e+00 -1.120557e+02
   endloop
 endfacet
 facet normal  0.000000e+00 -1.000000e+00  0.000000e+00
   outer loop
     vertex -3.000000e+01  8.800000e+00 -1.200000e+02
     vertex -4.199008e+01  8.800000e+00 -1.107419e+02
     vertex -4.225509e+01  8.800000e+00 -1.114406e+02
   endloop
 endfacet
 facet normal  0.000000e+00 -1.000000e+00  0.000000e+00
   outer loop
     vertex -3.000000e+01  8.800000e+00 -1.200000e+02
     vertex -4.190000e+01  8.800000e+00 -1.100000e+02
     vertex -4.199008e+01  8.800000e+00 -1.107419e+02
   endloop
 endfacet
 facet normal  0.000000e+00 -1.000000e+00  0.000000e+00
   outer loop
     vertex -3.000000e+01  8.800000e+00 -1.200000e+02
     vertex -4.609928e+01  8.800000e+00 -1.128986e+02
     vertex -8.500000e+01  8.800000e+00 -1.200000e+02
   endloop
 endfacet
 facet normal  0.000000e+00 -1.000000e+00  0.000000e+00
   outer loop
     vertex -3.000000e+01  8.800000e+00 -1.200000e+02
     vertex -4.199008e+01  8.800000e+00 -1.092581e+02
     vertex -4.190000e+01  8.800000e+00 -1.100000e+02
   endloop
 endfacet
 facet normal  0.000000e+00 -1.000000e+00  0.000000e+00
   outer loop
     vertex -3.000000e+01  8.800000e+00 -1.200000e+02
     vertex -4.225509e+01  8.800000e+00 -1.085594e+02
     vertex -4.199008e+01  8.800000e+00 -1.092581e+02
   endloop
 endfacet
 facet normal -0.000000e+00 -1.000000e+00  0.000000e+00
   outer loop
     vertex -4.732038e+01  8.800000e+00 -8.205568e+01
     vertex -7.267962e+01  8.800000e+00 -8.205568e+01
     vertex -7.267962e+01  8.800000e+00 -1.079443e+02
   endloop
 endfacet
 facet normal  0.000000e+00 -1.000000e+00  0.000000e+00
   outer loop
     vertex -4.732038e+01  8.800000e+00 -8.205568e+01
     vertex -7.225509e+01  8.800000e+00 -8.144064e+01
     vertex -7.267962e+01  8.800000e+00 -8.205568e+01
   endloop
 endfacet
 facet normal  0.000000e+00 -1.000000e+00  0.000000e+00
   outer loop
     vertex -4.732038e+01  8.800000e+00 -8.205568e+01
     vertex -4.732038e+01  8.800000e+00 -1.079443e+02
     vertex -4.676100e+01  8.800000e+00 -1.074488e+02
   endloop
 endfacet
 facet normal  0.000000e+00 -1.000000e+00 -0.000000e+00
   outer loop
     vertex -4.732038e+01  8.800000e+00 -8.205568e+01
     vertex -7.267962e+01  8.800000e+00 -1.079443e+02
     vertex -4.732038e+01  8.800000e+00 -1.079443e+02
   endloop
 endfacet
 facet normal -0.000000e+00 -1.000000e+00 -0.000000e+00
   outer loop
     vertex -4.676100e+01  8.800000e+00 -8.255125e+01
     vertex -4.732038e+01  8.800000e+00 -8.205568e+01
     vertex -4.676100e+01  8.800000e+00 -1.074488e+02
   endloop
 endfacet
 facet normal  0.000000e+00 -1.000000e+00 -0.000000e+00
   outer loop
     vertex -4.774491e+01  8.800000e+00 -8.144064e+01
     vertex -7.225509e+01  8.800000e+00 -8.144064e+01
     vertex -4.732038e+01  8.800000e+00 -8.205568e+01
   endloop
 endfacet
 facet normal -0.000000e+00 -1.000000e+00  0.000000e+00
   outer loop
     vertex -4.774491e+01  8.800000e+00 -8.144064e+01
     vertex -7.199008e+01  8.800000e+00 -8.074188e+01
     vertex -7.225509e+01  8.800000e+00 -8.144064e+01
   endloop
 endfacet
 facet normal -0.000000e+00 -1.000000e+00  0.000000e+00
   outer loop
     vertex -4.609928e+01  8.800000e+00 -8.289855e+01
     vertex -4.676100e+01  8.800000e+00 -8.255125e+01
     vertex -4.676100e+01  8.800000e+00 -1.074488e+02
   endloop
 endfacet
 facet normal  0.000000e+00 -1.000000e+00 -0.000000e+00
   outer loop
     vertex -4.609928e+01  8.800000e+00 -8.289855e+01
     vertex -4.676100e+01  8.800000e+00 -1.074488e+02
     vertex -4.609928e+01  8.800000e+00 -1.071014e+02
   endloop
 endfacet
 facet normal -0.000000e+00 -1.000000e+00 -0.000000e+00
   outer loop
     vertex -4.800992e+01  8.800000e+00 -8.074188e+01
     vertex -7.199008e+01  8.800000e+00 -8.074188e+01
     vertex -4.774491e+01  8.800000e+00 -8.144064e+01
   endloop
 endfacet
 facet normal -0.000000e+00 -1.000000e+00  0.000000e+00
   outer loop
     vertex -4.537366e+01  8.800000e+00 -8.307740e+01
     vertex -4.609928e+01  8.800000e+00 -8.289855e+01
     vertex -4.609928e+01  8.800000e+00 -1.071014e+02
   endloop
 endfacet
 facet normal  0.000000e+00 -1.000000e+00  0.000000e+00
   outer loop
     vertex -4.537366e+01  8.800000e+00 -8.307740e+01
     vertex -4.537366e+01  8.800000e+00 -1.069226e+02
     vertex -4.462634e+01  8.800000e+00 -1.069226e+02
   endloop
 endfacet
 facet normal  0.000000e+00 -1.000000e+00 -0.000000e+00
   outer loop
     vertex -4.537366e+01  8.800000e+00 -8.307740e+01
     vertex -4.609928e+01  8.800000e+00 -1.071014e+02
     vertex -4.537366e+01  8.800000e+00 -1.069226e+02
   endloop
 endfacet
 facet normal  0.000000e+00 -1.000000e+00  0.000000e+00
   outer loop
     vertex -4.810000e+01  8.800000e+00 -8.000000e+01
     vertex -7.199008e+01  8.800000e+00 -7.925812e+01
     vertex -7.190000e+01  8.800000e+00 -8.000000e+01
   endloop
 endfacet
 facet normal -0.000000e+00 -1.000000e+00  0.000000e+00
   outer loop
     vertex -4.810000e+01  8.800000e+00 -8.000000e+01
     vertex -7.190000e+01  8.800000e+00 -8.000000e+01
     vertex -7.199008e+01  8.800000e+00 -8.074188e+01
   endloop
 endfacet
 facet normal  0.000000e+00 -1.000000e+00 -0.000000e+00
   outer loop
     vertex -4.810000e+01  8.800000e+00 -8.000000e+01
     vertex -7.199008e+01  8.800000e+00 -8.074188e+01
     vertex -4.800992e+01  8.800000e+00 -8.074188e+01
   endloop
 endfacet
 facet normal -0.000000e+00 -1.000000e+00 -0.000000e+00
   outer loop
     vertex -4.462634e+01  8.800000e+00 -8.307740e+01
     vertex -4.537366e+01  8.800000e+00 -8.307740e+01
     vertex -4.462634e+01  8.800000e+00 -1.069226e+02
   endloop
 endfacet
 facet normal -0.000000e+00 -1.000000e+00  0.000000e+00
   outer loop
     vertex -4.800992e+01  8.800000e+00 -7.925812e+01
     vertex -7.199008e+01  8.800000e+00 -7.925812e+01
     vertex -4.810000e+01  8.800000e+00 -8.000000e+01
   endloop
 endfacet
 facet normal  0.000000e+00 -1.000000e+00  0.000000e+00
   outer loop
     vertex -4.390072e+01  8.800000e+00 -8.289855e+01
     vertex -4.462634e+01  8.800000e+00 -8.307740e+01
     vertex -4.462634e+01  8.800000e+00 -1.069226e+02
   endloop
 endfacet
 facet normal  0.000000e+00 -1.000000e+00 -0.000000e+00
   outer loop
     vertex -4.390072e+01  8.800000e+00 -8.289855e+01
     vertex -4.462634e+01  8.800000e+00 -1.069226e+02
     vertex -4.390072e+01  8.800000e+00 -1.071014e+02
   endloop
 endfacet
 facet normal -0.000000e+00 -1.000000e+00  0.000000e+00
   outer loop
     vertex -4.774491e+01  8.800000e+00 -7.855936e+01
     vertex -7.225509e+01  8.800000e+00 -7.855936e+01
     vertex -7.199008e+01  8.800000e+00 -7.925812e+01
   endloop
 endfacet
 facet normal  0.000000e+00 -1.000000e+00  0.000000e+00
   outer loop
     vertex -4.774491e+01  8.800000e+00 -7.855936e+01
     vertex -7.199008e+01  8.800000e+00 -7.925812e+01
     vertex -4.800992e+01  8.800000e+00 -7.925812e+01
   endloop
 endfacet
 facet normal  0.000000e+00 -1.000000e+00 -0.000000e+00
   outer loop
     vertex -4.323900e+01  8.800000e+00 -8.255125e+01
     vertex -4.390072e+01  8.800000e+00 -1.071014e+02
     vertex -4.323900e+01  8.800000e+00 -1.074488e+02
   endloop
 endfacet
 facet normal  0.000000e+00 -1.000000e+00  0.000000e+00
   outer loop
     vertex -4.323900e+01  8.800000e+00 -8.255125e+01
     vertex -4.390072e+01  8.800000e+00 -8.289855e+01
     vertex -4.390072e+01  8.800000e+00 -1.071014e+02
   endloop
 endfacet
 facet normal -0.000000e+00 -1.000000e+00  0.000000e+00
   outer loop
     vertex -4.732038e+01  8.800000e+00 -7.794432e+01
     vertex -7.267962e+01  8.800000e+00 -7.794432e+01
     vertex -7.225509e+01  8.800000e+00 -7.855936e+01
   endloop
 endfacet
 facet normal  0.000000e+00 -1.000000e+00  0.000000e+00
   outer loop
     vertex -4.732038e+01  8.800000e+00 -7.794432e+01
     vertex -7.225509e+01  8.800000e+00 -7.855936e+01
     vertex -4.774491e+01  8.800000e+00 -7.855936e+01
   endloop
 endfacet
 facet normal  0.000000e+00 -1.000000e+00 -0.000000e+00
   outer loop
     vertex -4.267962e+01  8.800000e+00 -8.205568e+01
     vertex -4.323900e+01  8.800000e+00 -1.074488e+02
     vertex -4.267962e+01  8.800000e+00 -1.079443e+02
   endloop
 endfacet
 facet normal  0.000000e+00 -1.000000e+00  0.000000e+00
   outer loop
     vertex -4.267962e+01  8.800000e+00 -8.205568e+01
     vertex -4.323900e+01  8.800000e+00 -8.255125e+01
     vertex -4.323900e+01  8.800000e+00 -1.074488e+02
   endloop
 endfacet
 facet normal -0.000000e+00 -1.000000e+00  0.000000e+00
   outer loop
     vertex -4.676100e+01  8.800000e+00 -7.744875e+01
     vertex -7.323900e+01  8.800000e+00 -7.744875e+01
     vertex -7.267962e+01  8.800000e+00 -7.794432e+01
   endloop
 endfacet
 facet normal  0.000000e+00 -1.000000e+00  0.000000e+00
   outer loop
     vertex -4.676100e+01  8.800000e+00 -7.744875e+01
     vertex -7.267962e+01  8.800000e+00 -7.794432e+01
     vertex -4.732038e+01  8.800000e+00 -7.794432e+01
   endloop
 endfacet
 facet normal  0.000000e+00 -1.000000e+00 -0.000000e+00
   outer loop
     vertex -4.225509e+01  8.800000e+00 -8.144064e+01
     vertex -4.267962e+01  8.800000e+00 -1.079443e+02
     vertex -4.225509e+01  8.800000e+00 -1.085594e+02
   endloop
 endfacet
 facet normal  0.000000e+00 -1.000000e+00  0.000000e+00
   outer loop
     vertex -4.225509e+01  8.800000e+00 -8.144064e+01
     vertex -4.267962e+01  8.800000e+00 -8.205568e+01
     vertex -4.267962e+01  8.800000e+00 -1.079443e+02
   endloop
 endfacet
 facet normal -0.000000e+00 -1.000000e+00  0.000000e+00
   outer loop
     vertex -4.609928e+01  8.800000e+00 -7.710145e+01
     vertex -7.390072e+01  8.800000e+00 -7.710145e+01
     vertex -7.323900e+01  8.800000e+00 -7.744875e+01
   endloop
 endfacet
 facet normal  0.000000e+00 -1.000000e+00  0.000000e+00
   outer loop
     vertex -4.609928e+01  8.800000e+00 -7.710145e+01
     vertex -7.323900e+01  8.800000e+00 -7.744875e+01
     vertex -4.676100e+01  8.800000e+00 -7.744875e+01
   endloop
 endfacet
 facet normal  0.000000e+00 -1.000000e+00  0.000000e+00
   outer loop
     vertex -3.000000e+01  8.800000e+00 -7.000000e+01
     vertex -4.199008e+01  8.800000e+00 -7.925812e+01
     vertex -4.190000e+01  8.800000e+00 -8.000000e+01
   endloop
 endfacet
 facet normal  0.000000e+00 -1.000000e+00  0.000000e+00
   outer loop
     vertex -3.000000e+01  8.800000e+00 -7.000000e+01
     vertex -4.225509e+01  8.800000e+00 -7.855936e+01
     vertex -4.199008e+01  8.800000e+00 -7.925812e+01
   endloop
 endfacet
 facet normal  0.000000e+00 -1.000000e+00  0.000000e+00
   outer loop
     vertex -3.000000e+01  8.800000e+00 -7.000000e+01
     vertex -4.267962e+01  8.800000e+00 -7.794432e+01
     vertex -4.225509e+01  8.800000e+00 -7.855936e+01
   endloop
 endfacet
 facet normal  0.000000e+00 -1.000000e+00  0.000000e+00
   outer loop
     vertex -3.000000e+01  8.800000e+00 -7.000000e+01
     vertex -4.323900e+01  8.800000e+00 -7.744875e+01
     vertex -4.267962e+01  8.800000e+00 -7.794432e+01
   endloop
 endfacet
 facet normal  0.000000e+00 -1.000000e+00  0.000000e+00
   outer loop
     vertex -3.000000e+01  8.800000e+00 -7.000000e+01
     vertex -4.390072e+01  8.800000e+00 -7.710145e+01
     vertex -4.323900e+01  8.800000e+00 -7.744875e+01
   endloop
 endfacet
 facet normal  0.000000e+00 -1.000000e+00  0.000000e+00
   outer loop
     vertex -3.000000e+01  8.800000e+00 -7.000000e+01
     vertex -4.462634e+01  8.800000e+00 -7.692260e+01
     vertex -4.390072e+01  8.800000e+00 -7.710145e+01
   endloop
 endfacet
 facet normal  0.000000e+00 -1.000000e+00  0.000000e+00
   outer loop
     vertex -3.000000e+01  8.800000e+00 -7.000000e+01
     vertex -4.537366e+01  8.800000e+00 -7.692260e+01
     vertex -4.462634e+01  8.800000e+00 -7.692260e+01
   endloop
 endfacet
 facet normal  0.000000e+00 -1.000000e+00 -0.000000e+00
   outer loop
     vertex -3.000000e+01  8.800000e+00 -7.000000e+01
     vertex -4.225509e+01  8.800000e+00 -1.085594e+02
     vertex -3.000000e+01  8.800000e+00 -1.200000e+02
   endloop
 endfacet
 facet normal  0.000000e+00 -1.000000e+00  0.000000e+00
   outer loop
     vertex -3.000000e+01  8.800000e+00 -7.000000e+01
     vertex -4.199008e+01  8.800000e+00 -8.074188e+01
     vertex -4.225509e+01  8.800000e+00 -8.144064e+01
   endloop
 endfacet
 facet normal  0.000000e+00 -1.000000e+00  0.000000e+00
   outer loop
     vertex -3.000000e+01  8.800000e+00 -7.000000e+01
     vertex -4.190000e+01  8.800000e+00 -8.000000e+01
     vertex -4.199008e+01  8.800000e+00 -8.074188e+01
   endloop
 endfacet
 facet normal  0.000000e+00 -1.000000e+00  0.000000e+00
   outer loop
     vertex -3.000000e+01  8.800000e+00 -7.000000e+01
     vertex -4.225509e+01  8.800000e+00 -8.144064e+01
     vertex -4.225509e+01  8.800000e+00 -1.085594e+02
   endloop
 endfacet
 facet normal -0.000000e+00 -1.000000e+00  0.000000e+00
   outer loop
     vertex -3.000000e+01  8.800000e+00 -7.000000e+01
     vertex -8.500000e+01  8.800000e+00 -7.000000e+01
     vertex -4.537366e+01  8.800000e+00 -7.692260e+01
   endloop
 endfacet
 facet normal -0.000000e+00 -1.000000e+00  0.000000e+00
   outer loop
     vertex -4.537366e+01  8.800000e+00 -7.692260e+01
     vertex -8.500000e+01  8.800000e+00 -7.000000e+01
     vertex -4.609928e+01  8.800000e+00 -7.710145e+01
   endloop
 endfacet
 facet normal  0.000000e+00 -1.000000e+00  0.000000e+00
   outer loop
     vertex -4.609928e+01  8.800000e+00 -7.710145e+01
     vertex -8.500000e+01  8.800000e+00 -7.000000e+01
     vertex -7.390072e+01  8.800000e+00 -7.710145e+01
   endloop
 endfacet
 facet normal -9.998387e-01  1.796116e-02  0.000000e+00
   outer loop
     vertex -8.500000e+01  8.800000e+00 -1.200000e+02
     vertex -8.491018e+01  1.380000e+01 -1.175000e+02
     vertex -8.491018e+01  1.380000e+01 -1.200000e+02
   endloop
 endfacet
 facet normal -9.998387e-01  1.796116e-02  0.000000e+00
   outer loop
     vertex -8.491018e+01  1.380000e+01 -9.625000e+01
     vertex -8.491018e+01  1.380000e+01 -1.175000e+02
     vertex -8.500000e+01  8.800000e+00 -1.200000e+02
   endloop
 endfacet
 facet normal -9.998387e-01  1.796116e-02  0.000000e+00
   outer loop
     vertex -8.500000e+01  8.800000e+00 -7.000000e+01
     vertex -8.491018e+01  1.380000e+01 -7.000000e+01
     vertex -8.491018e+01  1.380000e+01 -7.250000e+01
   endloop
 endfacet
 facet normal -9.998387e-01  1.796116e-02 -8.678203e-13
   outer loop
     vertex -8.500000e+01  8.800000e+00 -7.000000e+01
     vertex -8.491018e+01  1.380000e+01 -7.250000e+01
     vertex -8.491018e+01  1.380000e+01 -9.375000e+01
   endloop
 endfacet
 facet normal -9.998387e-01  1.796116e-02  0.000000e+00
   outer loop
     vertex -8.500000e+01  8.800000e+00 -1.200000e+02
     vertex -8.500000e+01  8.800000e+00 -7.000000e+01
     vertex -8.491018e+01  1.380000e+01 -9.625000e+01
   endloop
 endfacet
 facet normal -9.998387e-01  1.796116e-02  7.376473e-12
   outer loop
     vertex -8.491018e+01  1.380000e+01 -9.625000e+01
     vertex -8.500000e+01  8.800000e+00 -7.000000e+01
     vertex -8.491018e+01  1.380000e+01 -9.375000e+01
   endloop
 endfacet
 facet normal -7.071068e-01  7.071068e-01  0.000000e+00
   outer loop
     vertex -8.491018e+01  1.380000e+01 -1.200000e+02
     vertex -3.500000e+01  6.371018e+01 -1.175000e+02
     vertex -3.500000e+01  6.371018e+01 -1.200000e+02
   endloop
 endfacet
 facet normal -7.071068e-01  7.071068e-01  0.000000e+00
   outer loop
     vertex -8.491018e+01  1.380000e+01 -1.175000e+02
     vertex -3.500000e+01  6.371018e+01 -1.175000e+02
     vertex -8.491018e+01  1.380000e+01 -1.200000e+02
   endloop
 endfacet
 facet normal  0.000000e+00  0.000000e+00  1.000000e+00
   outer loop
     vertex -8.491018e+01  1.380000e+01 -1.175000e+02
     vertex -3.500000e+01  1.380000e+01 -1.175000e+02
     vertex -3.500000e+01  6.371018e+01 -1.175000e+02
   endloop
 endfacet
 facet normal -7.071068e-01  7.071068e-01  0.000000e+00
   outer loop
     vertex -8.491018e+01  1.380000e+01 -9.625000e+01
     vertex -3.500000e+01  6.371018e+01 -9.375000e+01
     vertex -3.500000e+01  6.371018e+01 -9.625000e+01
   endloop
 endfacet
 facet normal -7.071068e-01  7.071068e-01 -9.309015e-12
   outer loop
     vertex -8.491018e+01  1.380000e+01 -9.375000e+01
     vertex -3.500000e+01  6.371018e+01 -9.375000e+01
     vertex -8.491018e+01  1.380000e+01 -9.625000e+01
   endloop
 endfacet
 facet normal  0.000000e+00  0.000000e+00  1.000000e+00
   outer loop
     vertex -3.500000e+01  6.371018e+01 -9.375000e+01
     vertex -8.491018e+01  1.380000e+01 -9.375000e+01
     vertex -3.500000e+01  1.380000e+01 -9.375000e+01
   endloop
 endfacet
 facet normal  0.000000e+00 -0.000000e+00 -1.000000e+00
   outer loop
     vertex -3.500000e+01  6.371018e+01 -9.625000e+01
     vertex -3.500000e+01  1.380000e+01 -9.625000e+01
     vertex -8.491018e+01  1.380000e+01 -9.625000e+01
   endloop
 endfacet
 facet normal -7.071068e-01  7.071068e-01  0.000000e+00
   outer loop
     vertex -3.500000e+01  6.371018e+01 -7.000000e+01
     vertex -8.491018e+01  1.380000e+01 -7.250000e+01
     vertex -8.491018e+01  1.380000e+01 -7.000000e+01
   endloop
 endfacet
 facet normal -7.071068e-01  7.071068e-01  0.000000e+00
   outer loop
     vertex -3.500000e+01  6.371018e+01 -7.000000e+01
     vertex -3.500000e+01  6.371018e+01 -7.250000e+01
     vertex -8.491018e+01  1.380000e+01 -7.250000e+01
   endloop
 endfacet
 facet normal  2.847286e-16  0.000000e+00 -1.000000e+00
   outer loop
     vertex -8.491018e+01  1.380000e+01 -7.250000e+01
     vertex -3.500000e+01  6.371018e+01 -7.250000e+01
     vertex -3.500000e+01  1.380000e+01 -7.250000e+01
   endloop
 endfacet
 facet normal -2.818909e-15 -1.205367e-01  9.927089e-01
   outer loop
     vertex -3.000000e+01  3.454188e+01 -1.130099e+02
     vertex -3.500000e+01  3.380000e+01 -1.131000e+02
     vertex -3.000000e+01  3.380000e+01 -1.131000e+02
   endloop
 endfacet
 facet normal  0.000000e+00 -1.205367e-01  9.927089e-01
   outer loop
     vertex -3.000000e+01  3.454188e+01 -1.130099e+02
     vertex -3.500000e+01  3.454188e+01 -1.130099e+02
     vertex -3.500000e+01  3.380000e+01 -1.131000e+02
   endloop
 endfacet
 facet normal  0.000000e+00 -3.546049e-01  9.350162e-01
   outer loop
     vertex -3.000000e+01  3.454188e+01 -1.130099e+02
     vertex -3.500000e+01  3.524064e+01 -1.127449e+02
     vertex -3.500000e+01  3.454188e+01 -1.130099e+02
   endloop
 endfacet
 facet normal -2.339061e-15 -5.680647e-01  8.229839e-01
   outer loop
     vertex -3.000000e+01  3.524064e+01 -1.127449e+02
     vertex -3.500000e+01  3.585568e+01 -1.123204e+02
     vertex -3.500000e+01  3.524064e+01 -1.127449e+02
   endloop
 endfacet
 facet normal -2.657476e-15 -3.546049e-01  9.350162e-01
   outer loop
     vertex -3.000000e+01  3.524064e+01 -1.127449e+02
     vertex -3.500000e+01  3.524064e+01 -1.127449e+02
     vertex -3.000000e+01  3.454188e+01 -1.130099e+02
   endloop
 endfacet
 facet normal  0.000000e+00 -7.485107e-01  6.631227e-01
   outer loop
     vertex -3.000000e+01  3.585568e+01 -1.123204e+02
     vertex -3.500000e+01  3.635125e+01 -1.117610e+02
     vertex -3.500000e+01  3.585568e+01 -1.123204e+02
   endloop
 endfacet
 facet normal  0.000000e+00 -5.680647e-01  8.229839e-01
   outer loop
     vertex -3.000000e+01  3.585568e+01 -1.123204e+02
     vertex -3.500000e+01  3.585568e+01 -1.123204e+02
     vertex -3.000000e+01  3.524064e+01 -1.127449e+02
   endloop
 endfacet
 facet normal  0.000000e+00 -8.854560e-01  4.647232e-01
   outer loop
     vertex -3.000000e+01  3.635125e+01 -1.117610e+02
     vertex -3.500000e+01  3.669855e+01 -1.110993e+02
     vertex -3.500000e+01  3.635125e+01 -1.117610e+02
   endloop
 endfacet
 facet normal  0.000000e+00 -7.485107e-01  6.631227e-01
   outer loop
     vertex -3.000000e+01  3.635125e+01 -1.117610e+02
     vertex -3.500000e+01  3.635125e+01 -1.117610e+02
     vertex -3.000000e+01  3.585568e+01 -1.123204e+02
   endloop
 endfacet
 facet normal -6.801760e-16 -9.709418e-01  2.393157e-01
   outer loop
     vertex -3.000000e+01  3.669855e+01 -1.110993e+02
     vertex -3.500000e+01  3.687740e+01 -1.103737e+02
     vertex -3.500000e+01  3.669855e+01 -1.110993e+02
   endloop
 endfacet
 facet normal -1.320823e-15 -8.854560e-01  4.647232e-01
   outer loop
     vertex -3.000000e+01  3.669855e+01 -1.110993e+02
     vertex -3.500000e+01  3.669855e+01 -1.110993e+02
     vertex -3.000000e+01  3.635125e+01 -1.117610e+02
   endloop
 endfacet
 facet normal -0.000000e+00 -1.000000e+00  0.000000e+00
   outer loop
     vertex -3.000000e+01  3.687740e+01 -1.103737e+02
     vertex -3.500000e+01  3.687740e+01 -1.096263e+02
     vertex -3.500000e+01  3.687740e+01 -1.103737e+02
   endloop
 endfacet
 facet normal -6.801760e-16 -9.709418e-01  2.393157e-01
   outer loop
     vertex -3.000000e+01  3.687740e+01 -1.103737e+02
     vertex -3.500000e+01  3.687740e+01 -1.103737e+02
     vertex -3.000000e+01  3.669855e+01 -1.110993e+02
   endloop
 endfacet
 facet normal -0.000000e+00 -1.000000e+00 -0.000000e+00
   outer loop
     vertex -3.000000e+01  3.687740e+01 -1.096263e+02
     vertex -3.500000e+01  3.687740e+01 -1.096263e+02
     vertex -3.000000e+01  3.687740e+01 -1.103737e+02
   endloop
 endfacet
 facet normal -0.000000e+00 -9.709418e-01 -2.393157e-01
   outer loop
     vertex -3.000000e+01  3.669855e+01 -1.089007e+02
     vertex -3.500000e+01  3.669855e+01 -1.089007e+02
     vertex -3.500000e+01  3.687740e+01 -1.096263e+02
   endloop
 endfacet
 facet normal -0.000000e+00 -8.854560e-01 -4.647232e-01
   outer loop
     vertex -3.000000e+01  3.669855e+01 -1.089007e+02
     vertex -3.500000e+01  3.635125e+01 -1.082390e+02
     vertex -3.500000e+01  3.669855e+01 -1.089007e+02
   endloop
 endfacet
 facet normal  0.000000e+00 -9.709418e-01 -2.393157e-01
   outer loop
     vertex -3.000000e+01  3.669855e+01 -1.089007e+02
     vertex -3.500000e+01  3.687740e+01 -1.096263e+02
     vertex -3.000000e+01  3.687740e+01 -1.096263e+02
   endloop
 endfacet
 facet normal -0.000000e+00 -7.485107e-01 -6.631227e-01
   outer loop
     vertex -3.000000e+01  3.635125e+01 -1.082390e+02
     vertex -3.500000e+01  3.585568e+01 -1.076796e+02
     vertex -3.500000e+01  3.635125e+01 -1.082390e+02
   endloop
 endfacet
 facet normal -0.000000e+00 -8.854560e-01 -4.647232e-01
   outer loop
     vertex -3.000000e+01  3.635125e+01 -1.082390e+02
     vertex -3.500000e+01  3.635125e+01 -1.082390e+02
     vertex -3.000000e+01  3.669855e+01 -1.089007e+02
   endloop
 endfacet
 facet normal  7.245237e-16 -5.680647e-01 -8.229839e-01
   outer loop
     vertex -3.000000e+01  3.585568e+01 -1.076796e+02
     vertex -3.500000e+01  3.524064e+01 -1.072551e+02
     vertex -3.500000e+01  3.585568e+01 -1.076796e+02
   endloop
 endfacet
 facet normal -2.426875e-16 -7.485107e-01 -6.631227e-01
   outer loop
     vertex -3.000000e+01  3.585568e+01 -1.076796e+02
     vertex -3.500000e+01  3.585568e+01 -1.076796e+02
     vertex -3.000000e+01  3.635125e+01 -1.082390e+02
   endloop
 endfacet
 facet normal -0.000000e+00 -5.680647e-01 -8.229839e-01
   outer loop
     vertex -3.000000e+01  3.524064e+01 -1.072551e+02
     vertex -3.500000e+01  3.524064e+01 -1.072551e+02
     vertex -3.000000e+01  3.585568e+01 -1.076796e+02
   endloop
 endfacet
 facet normal -0.000000e+00 -3.546049e-01 -9.350162e-01
   outer loop
     vertex -3.000000e+01  3.454188e+01 -1.069901e+02
     vertex -3.500000e+01  3.454188e+01 -1.069901e+02
     vertex -3.500000e+01  3.524064e+01 -1.072551e+02
   endloop
 endfacet
 facet normal -0.000000e+00 -1.205367e-01 -9.927089e-01
   outer loop
     vertex -3.000000e+01  3.454188e+01 -1.069901e+02
     vertex -3.500000e+01  3.380000e+01 -1.069000e+02
     vertex -3.500000e+01  3.454188e+01 -1.069901e+02
   endloop
 endfacet
 facet normal  0.000000e+00 -3.546049e-01 -9.350162e-01
   outer loop
     vertex -3.000000e+01  3.454188e+01 -1.069901e+02
     vertex -3.500000e+01  3.524064e+01 -1.072551e+02
     vertex -3.000000e+01  3.524064e+01 -1.072551e+02
   endloop
 endfacet
 facet normal -0.000000e+00 -1.205367e-01 -9.927089e-01
   outer loop
     vertex -3.000000e+01  3.380000e+01 -1.069000e+02
     vertex -3.500000e+01  3.380000e+01 -1.069000e+02
     vertex -3.000000e+01  3.454188e+01 -1.069901e+02
   endloop
 endfacet
 facet normal  0.000000e+00 -1.205367e-01  9.927089e-01
   outer loop
     vertex -3.000000e+01  5.454188e+01 -8.300992e+01
     vertex -3.500000e+01  5.380000e+01 -8.310000e+01
     vertex -3.000000e+01  5.380000e+01 -8.310000e+01
   endloop
 endfacet
 facet normal  0.000000e+00 -1.205367e-01  9.927089e-01
   outer loop
     vertex -3.000000e+01  5.454188e+01 -8.300992e+01
     vertex -3.500000e+01  5.454188e+01 -8.300992e+01
     vertex -3.500000e+01  5.380000e+01 -8.310000e+01
   endloop
 endfacet
 facet normal  0.000000e+00 -3.546049e-01  9.350162e-01
   outer loop
     vertex -3.000000e+01  5.454188e+01 -8.300992e+01
     vertex -3.500000e+01  5.524064e+01 -8.274491e+01
     vertex -3.500000e+01  5.454188e+01 -8.300992e+01
   endloop
 endfacet
 facet normal  0.000000e+00 -5.680647e-01  8.229839e-01
   outer loop
     vertex -3.000000e+01  5.524064e+01 -8.274491e+01
     vertex -3.500000e+01  5.585568e+01 -8.232038e+01
     vertex -3.500000e+01  5.524064e+01 -8.274491e+01
   endloop
 endfacet
 facet normal  0.000000e+00 -3.546049e-01  9.350162e-01
   outer loop
     vertex -3.000000e+01  5.524064e+01 -8.274491e+01
     vertex -3.500000e+01  5.524064e+01 -8.274491e+01
     vertex -3.000000e+01  5.454188e+01 -8.300992e+01
   endloop
 endfacet
 facet normal  0.000000e+00 -7.485107e-01  6.631227e-01
   outer loop
     vertex -3.000000e+01  5.585568e+01 -8.232038e+01
     vertex -3.500000e+01  5.635125e+01 -8.176100e+01
     vertex -3.500000e+01  5.585568e+01 -8.232038e+01
   endloop
 endfacet
 facet normal  0.000000e+00 -5.680647e-01  8.229839e-01
   outer loop
     vertex -3.000000e+01  5.585568e+01 -8.232038e+01
     vertex -3.500000e+01  5.585568e+01 -8.232038e+01
     vertex -3.000000e+01  5.524064e+01 -8.274491e+01
   endloop
 endfacet
 facet normal  0.000000e+00 -8.854560e-01  4.647232e-01
   outer loop
     vertex -3.000000e+01  5.635125e+01 -8.176100e+01
     vertex -3.500000e+01  5.669855e+01 -8.109928e+01
     vertex -3.500000e+01  5.635125e+01 -8.176100e+01
   endloop
 endfacet
 facet normal  0.000000e+00 -7.485107e-01  6.631227e-01
   outer loop
     vertex -3.000000e+01  5.635125e+01 -8.176100e+01
     vertex -3.500000e+01  5.635125e+01 -8.176100e+01
     vertex -3.000000e+01  5.585568e+01 -8.232038e+01
   endloop
 endfacet
 facet normal -6.801760e-16 -9.709418e-01  2.393157e-01
   outer loop
     vertex -3.000000e+01  5.669855e+01 -8.109928e+01
     vertex -3.500000e+01  5.687740e+01 -8.037366e+01
     vertex -3.500000e+01  5.669855e+01 -8.109928e+01
   endloop
 endfacet
 facet normal -1.320823e-15 -8.854560e-01  4.647232e-01
   outer loop
     vertex -3.000000e+01  5.669855e+01 -8.109928e+01
     vertex -3.500000e+01  5.669855e+01 -8.109928e+01
     vertex -3.000000e+01  5.635125e+01 -8.176100e+01
   endloop
 endfacet
 facet normal -0.000000e+00 -1.000000e+00  0.000000e+00
   outer loop
     vertex -3.000000e+01  5.687740e+01 -8.037366e+01
     vertex -3.500000e+01  5.687740e+01 -7.962634e+01
     vertex -3.500000e+01  5.687740e+01 -8.037366e+01
   endloop
 endfacet
 facet normal -6.801760e-16 -9.709418e-01  2.393157e-01
   outer loop
     vertex -3.000000e+01  5.687740e+01 -8.037366e+01
     vertex -3.500000e+01  5.687740e+01 -8.037366e+01
     vertex -3.000000e+01  5.669855e+01 -8.109928e+01
   endloop
 endfacet
 facet normal -0.000000e+00 -1.000000e+00 -0.000000e+00
   outer loop
     vertex -3.000000e+01  5.687740e+01 -7.962634e+01
     vertex -3.500000e+01  5.687740e+01 -7.962634e+01
     vertex -3.000000e+01  5.687740e+01 -8.037366e+01
   endloop
 endfacet
 facet normal -0.000000e+00 -9.709418e-01 -2.393157e-01
   outer loop
     vertex -3.000000e+01  5.669855e+01 -7.890072e+01
     vertex -3.500000e+01  5.669855e+01 -7.890072e+01
     vertex -3.500000e+01  5.687740e+01 -7.962634e+01
   endloop
 endfacet
 facet normal -0.000000e+00 -8.854560e-01 -4.647232e-01
   outer loop
     vertex -3.000000e+01  5.669855e+01 -7.890072e+01
     vertex -3.500000e+01  5.635125e+01 -7.823900e+01
     vertex -3.500000e+01  5.669855e+01 -7.890072e+01
   endloop
 endfacet
 facet normal  0.000000e+00 -9.709418e-01 -2.393157e-01
   outer loop
     vertex -3.000000e+01  5.669855e+01 -7.890072e+01
     vertex -3.500000e+01  5.687740e+01 -7.962634e+01
     vertex -3.000000e+01  5.687740e+01 -7.962634e+01
   endloop
 endfacet
 facet normal  1.884708e-15 -7.485107e-01 -6.631227e-01
   outer loop
     vertex -3.000000e+01  5.635125e+01 -7.823900e+01
     vertex -3.500000e+01  5.585568e+01 -7.767962e+01
     vertex -3.500000e+01  5.635125e+01 -7.823900e+01
   endloop
 endfacet
 facet normal  1.320823e-15 -8.854560e-01 -4.647232e-01
   outer loop
     vertex -3.000000e+01  5.635125e+01 -7.823900e+01
     vertex -3.500000e+01  5.635125e+01 -7.823900e+01
     vertex -3.000000e+01  5.669855e+01 -7.890072e+01
   endloop
 endfacet
 facet normal  7.245237e-16 -5.680647e-01 -8.229839e-01
   outer loop
     vertex -3.000000e+01  5.585568e+01 -7.767962e+01
     vertex -3.500000e+01  5.524064e+01 -7.725509e+01
     vertex -3.500000e+01  5.585568e+01 -7.767962e+01
   endloop
 endfacet
 facet normal -2.426875e-16 -7.485107e-01 -6.631227e-01
   outer loop
     vertex -3.000000e+01  5.585568e+01 -7.767962e+01
     vertex -3.500000e+01  5.585568e+01 -7.767962e+01
     vertex -3.000000e+01  5.635125e+01 -7.823900e+01
   endloop
 endfacet
 facet normal -0.000000e+00 -5.680647e-01 -8.229839e-01
   outer loop
     vertex -3.000000e+01  5.524064e+01 -7.725509e+01
     vertex -3.500000e+01  5.524064e+01 -7.725509e+01
     vertex -3.000000e+01  5.585568e+01 -7.767962e+01
   endloop
 endfacet
 facet normal -0.000000e+00 -3.546049e-01 -9.350162e-01
   outer loop
     vertex -3.000000e+01  5.454188e+01 -7.699008e+01
     vertex -3.500000e+01  5.454188e+01 -7.699008e+01
     vertex -3.500000e+01  5.524064e+01 -7.725509e+01
   endloop
 endfacet
 facet normal -0.000000e+00 -1.205367e-01 -9.927089e-01
   outer loop
     vertex -3.000000e+01  5.454188e+01 -7.699008e+01
     vertex -3.500000e+01  5.380000e+01 -7.690000e+01
     vertex -3.500000e+01  5.454188e+01 -7.699008e+01
   endloop
 endfacet
 facet normal  0.000000e+00 -3.546049e-01 -9.350162e-01
   outer loop
     vertex -3.000000e+01  5.454188e+01 -7.699008e+01
     vertex -3.500000e+01  5.524064e+01 -7.725509e+01
     vertex -3.000000e+01  5.524064e+01 -7.725509e+01
   endloop
 endfacet
 facet normal -0.000000e+00 -1.205367e-01 -9.927089e-01
   outer loop
     vertex -3.000000e+01  5.380000e+01 -7.690000e+01
     vertex -3.500000e+01  5.380000e+01 -7.690000e+01
     vertex -3.000000e+01  5.454188e+01 -7.699008e+01
   endloop
 endfacet
 facet normal -2.818909e-15 -1.205367e-01  9.927089e-01
   outer loop
     vertex -3.000000e+01  5.454188e+01 -1.130099e+02
     vertex -3.500000e+01  5.380000e+01 -1.131000e+02
     vertex -3.000000e+01  5.380000e+01 -1.131000e+02
   endloop
 endfacet
 facet normal  0.000000e+00 -1.205367e-01  9.927089e-01
   outer loop
     vertex -3.000000e+01  5.454188e+01 -1.130099e+02
     vertex -3.500000e+01  5.454188e+01 -1.130099e+02
     vertex -3.500000e+01  5.380000e+01 -1.131000e+02
   endloop
 endfacet
 facet normal  0.000000e+00 -3.546049e-01  9.350162e-01
   outer loop
     vertex -3.000000e+01  5.454188e+01 -1.130099e+02
     vertex -3.500000e+01  5.524064e+01 -1.127449e+02
     vertex -3.500000e+01  5.454188e+01 -1.130099e+02
   endloop
 endfacet
 facet normal -2.339061e-15 -5.680647e-01  8.229839e-01
   outer loop
     vertex -3.000000e+01  5.524064e+01 -1.127449e+02
     vertex -3.500000e+01  5.585568e+01 -1.123204e+02
     vertex -3.500000e+01  5.524064e+01 -1.127449e+02
   endloop
 endfacet
 facet normal -2.657476e-15 -3.546049e-01  9.350162e-01
   outer loop
     vertex -3.000000e+01  5.524064e+01 -1.127449e+02
     vertex -3.500000e+01  5.524064e+01 -1.127449e+02
     vertex -3.000000e+01  5.454188e+01 -1.130099e+02
   endloop
 endfacet
 facet normal  0.000000e+00 -7.485107e-01  6.631227e-01
   outer loop
     vertex -3.000000e+01  5.585568e+01 -1.123204e+02
     vertex -3.500000e+01  5.635125e+01 -1.117610e+02
     vertex -3.500000e+01  5.585568e+01 -1.123204e+02
   endloop
 endfacet
 facet normal  0.000000e+00 -5.680647e-01  8.229839e-01
   outer loop
     vertex -3.000000e+01  5.585568e+01 -1.123204e+02
     vertex -3.500000e+01  5.585568e+01 -1.123204e+02
     vertex -3.000000e+01  5.524064e+01 -1.127449e+02
   endloop
 endfacet
 facet normal  0.000000e+00 -8.854560e-01  4.647232e-01
   outer loop
     vertex -3.000000e+01  5.635125e+01 -1.117610e+02
     vertex -3.500000e+01  5.669855e+01 -1.110993e+02
     vertex -3.500000e+01  5.635125e+01 -1.117610e+02
   endloop
 endfacet
 facet normal  0.000000e+00 -7.485107e-01  6.631227e-01
   outer loop
     vertex -3.000000e+01  5.635125e+01 -1.117610e+02
     vertex -3.500000e+01  5.635125e+01 -1.117610e+02
     vertex -3.000000e+01  5.585568e+01 -1.123204e+02
   endloop
 endfacet
 facet normal -6.801760e-16 -9.709418e-01  2.393157e-01
   outer loop
     vertex -3.000000e+01  5.669855e+01 -1.110993e+02
     vertex -3.500000e+01  5.687740e+01 -1.103737e+02
     vertex -3.500000e+01  5.669855e+01 -1.110993e+02
   endloop
 endfacet
 facet normal -1.320823e-15 -8.854560e-01  4.647232e-01
   outer loop
     vertex -3.000000e+01  5.669855e+01 -1.110993e+02
     vertex -3.500000e+01  5.669855e+01 -1.110993e+02
     vertex -3.000000e+01  5.635125e+01 -1.117610e+02
   endloop
 endfacet
 facet normal -0.000000e+00 -1.000000e+00  0.000000e+00
   outer loop
     vertex -3.000000e+01  5.687740e+01 -1.103737e+02
     vertex -3.500000e+01  5.687740e+01 -1.096263e+02
     vertex -3.500000e+01  5.687740e+01 -1.103737e+02
   endloop
 endfacet
 facet normal -6.801760e-16 -9.709418e-01  2.393157e-01
   outer loop
     vertex -3.000000e+01  5.687740e+01 -1.103737e+02
     vertex -3.500000e+01  5.687740e+01 -1.103737e+02
     vertex -3.000000e+01  5.669855e+01 -1.110993e+02
   endloop
 endfacet
 facet normal -0.000000e+00 -1.000000e+00 -0.000000e+00
   outer loop
     vertex -3.000000e+01  5.687740e+01 -1.096263e+02
     vertex -3.500000e+01  5.687740e+01 -1.096263e+02
     vertex -3.000000e+01  5.687740e+01 -1.103737e+02
   endloop
 endfacet
 facet normal -0.000000e+00 -9.709418e-01 -2.393157e-01
   outer loop
     vertex -3.000000e+01  5.669855e+01 -1.089007e+02
     vertex -3.500000e+01  5.669855e+01 -1.089007e+02
     vertex -3.500000e+01  5.687740e+01 -1.096263e+02
   endloop
 endfacet
 facet normal -0.000000e+00 -8.854560e-01 -4.647232e-01
   outer loop
     vertex -3.000000e+01  5.669855e+01 -1.089007e+02
     vertex -3.500000e+01  5.635125e+01 -1.082390e+02
     vertex -3.500000e+01  5.669855e+01 -1.089007e+02
   endloop
 endfacet
 facet normal  0.000000e+00 -9.709418e-01 -2.393157e-01
   outer loop
     vertex -3.000000e+01  5.669855e+01 -1.089007e+02
     vertex -3.500000e+01  5.687740e+01 -1.096263e+02
     vertex -3.000000e+01  5.687740e+01 -1.096263e+02
   endloop
 endfacet
 facet normal -0.000000e+00 -7.485107e-01 -6.631227e-01
   outer loop
     vertex -3.000000e+01  5.635125e+01 -1.082390e+02
     vertex -3.500000e+01  5.585568e+01 -1.076796e+02
     vertex -3.500000e+01  5.635125e+01 -1.082390e+02
   endloop
 endfacet
 facet normal -0.000000e+00 -8.854560e-01 -4.647232e-01
   outer loop
     vertex -3.000000e+01  5.635125e+01 -1.082390e+02
     vertex -3.500000e+01  5.635125e+01 -1.082390e+02
     vertex -3.000000e+01  5.669855e+01 -1.089007e+02
   endloop
 endfacet
 facet normal  7.245237e-16 -5.680647e-01 -8.229839e-01
   outer loop
     vertex -3.000000e+01  5.585568e+01 -1.076796e+02
     vertex -3.500000e+01  5.524064e+01 -1.072551e+02
     vertex -3.500000e+01  5.585568e+01 -1.076796e+02
   endloop
 endfacet
 facet normal -2.426875e-16 -7.485107e-01 -6.631227e-01
   outer loop
     vertex -3.000000e+01  5.585568e+01 -1.076796e+02
     vertex -3.500000e+01  5.585568e+01 -1.076796e+02
     vertex -3.000000e+01  5.635125e+01 -1.082390e+02
   endloop
 endfacet
 facet normal -0.000000e+00 -5.680647e-01 -8.229839e-01
   outer loop
     vertex -3.000000e+01  5.524064e+01 -1.072551e+02
     vertex -3.500000e+01  5.524064e+01 -1.072551e+02
     vertex -3.000000e+01  5.585568e+01 -1.076796e+02
   endloop
 endfacet
 facet normal -0.000000e+00 -3.546049e-01 -9.350162e-01
   outer loop
     vertex -3.000000e+01  5.454188e+01 -1.069901e+02
     vertex -3.500000e+01  5.454188e+01 -1.069901e+02
     vertex -3.500000e+01  5.524064e+01 -1.072551e+02
   endloop
 endfacet
 facet normal -0.000000e+00 -1.205367e-01 -9.927089e-01
   outer loop
     vertex -3.000000e+01  5.454188e+01 -1.069901e+02
     vertex -3.500000e+01  5.380000e+01 -1.069000e+02
     vertex -3.500000e+01  5.454188e+01 -1.069901e+02
   endloop
 endfacet
 facet normal  0.000000e+00 -3.546049e-01 -9.350162e-01
   outer loop
     vertex -3.000000e+01  5.454188e+01 -1.069901e+02
     vertex -3.500000e+01  5.524064e+01 -1.072551e+02
     vertex -3.000000e+01  5.524064e+01 -1.072551e+02
   endloop
 endfacet
 facet normal -0.000000e+00 -1.205367e-01 -9.927089e-01
   outer loop
     vertex -3.000000e+01  5.380000e+01 -1.069000e+02
     vertex -3.500000e+01  5.380000e+01 -1.069000e+02
     vertex -3.000000e+01  5.454188e+01 -1.069901e+02
   endloop
 endfacet
 facet normal  0.000000e+00 -1.205367e-01  9.927089e-01
   outer loop
     vertex -3.000000e+01  3.380000e+01 -8.310000e+01
     vertex -3.500000e+01  3.454188e+01 -8.300992e+01
     vertex -3.500000e+01  3.380000e+01 -8.310000e+01
   endloop
 endfacet
 facet normal  0.000000e+00 -3.546049e-01  9.350162e-01
   outer loop
     vertex -3.000000e+01  3.454188e+01 -8.300992e+01
     vertex -3.500000e+01  3.524064e+01 -8.274491e+01
     vertex -3.500000e+01  3.454188e+01 -8.300992e+01
   endloop
 endfacet
 facet normal  0.000000e+00 -1.205367e-01  9.927089e-01
   outer loop
     vertex -3.000000e+01  3.454188e+01 -8.300992e+01
     vertex -3.500000e+01  3.454188e+01 -8.300992e+01
     vertex -3.000000e+01  3.380000e+01 -8.310000e+01
   endloop
 endfacet
 facet normal  5.039239e-16 -3.546049e-01  9.350162e-01
   outer loop
     vertex -3.000000e+01  3.524064e+01 -8.274491e+01
     vertex -3.500000e+01  3.524064e+01 -8.274491e+01
     vertex -3.000000e+01  3.454188e+01 -8.300992e+01
   endloop
 endfacet
 facet normal  0.000000e+00 -5.680647e-01  8.229839e-01
   outer loop
     vertex -3.000000e+01  3.585568e+01 -8.232038e+01
     vertex -3.500000e+01  3.585568e+01 -8.232038e+01
     vertex -3.500000e+01  3.524064e+01 -8.274491e+01
   endloop
 endfacet
 facet normal  0.000000e+00 -7.485107e-01  6.631227e-01
   outer loop
     vertex -3.000000e+01  3.585568e+01 -8.232038e+01
     vertex -3.500000e+01  3.635125e+01 -8.176100e+01
     vertex -3.500000e+01  3.585568e+01 -8.232038e+01
   endloop
 endfacet
 facet normal  8.022192e-16 -5.680647e-01  8.229839e-01
   outer loop
     vertex -3.000000e+01  3.585568e+01 -8.232038e+01
     vertex -3.500000e+01  3.524064e+01 -8.274491e+01
     vertex -3.000000e+01  3.524064e+01 -8.274491e+01
   endloop
 endfacet
 facet normal  1.258309e-15 -8.854560e-01  4.647232e-01
   outer loop
     vertex -3.000000e+01  3.635125e+01 -8.176100e+01
     vertex -3.500000e+01  3.669855e+01 -8.109928e+01
     vertex -3.500000e+01  3.635125e+01 -8.176100e+01
   endloop
 endfacet
 facet normal  1.063698e-15 -7.485107e-01  6.631227e-01
   outer loop
     vertex -3.000000e+01  3.635125e+01 -8.176100e+01
     vertex -3.500000e+01  3.635125e+01 -8.176100e+01
     vertex -3.000000e+01  3.585568e+01 -8.232038e+01
   endloop
 endfacet
 facet normal -1.320823e-15 -8.854560e-01  4.647232e-01
   outer loop
     vertex -3.000000e+01  3.669855e+01 -8.109928e+01
     vertex -3.500000e+01  3.669855e+01 -8.109928e+01
     vertex -3.000000e+01  3.635125e+01 -8.176100e+01
   endloop
 endfacet
 facet normal -6.801760e-16 -9.709418e-01  2.393157e-01
   outer loop
     vertex -3.000000e+01  3.687740e+01 -8.037366e+01
     vertex -3.500000e+01  3.687740e+01 -8.037366e+01
     vertex -3.500000e+01  3.669855e+01 -8.109928e+01
   endloop
 endfacet
 facet normal -0.000000e+00 -1.000000e+00  0.000000e+00
   outer loop
     vertex -3.000000e+01  3.687740e+01 -8.037366e+01
     vertex -3.500000e+01  3.687740e+01 -7.962634e+01
     vertex -3.500000e+01  3.687740e+01 -8.037366e+01
   endloop
 endfacet
 facet normal -6.759440e-16 -9.709418e-01  2.393157e-01
   outer loop
     vertex -3.000000e+01  3.687740e+01 -8.037366e+01
     vertex -3.500000e+01  3.669855e+01 -8.109928e+01
     vertex -3.000000e+01  3.669855e+01 -8.109928e+01
   endloop
 endfacet
 facet normal -0.000000e+00 -9.709418e-01 -2.393157e-01
   outer loop
     vertex -3.000000e+01  3.687740e+01 -7.962634e+01
     vertex -3.500000e+01  3.669855e+01 -7.890072e+01
     vertex -3.500000e+01  3.687740e+01 -7.962634e+01
   endloop
 endfacet
 facet normal -0.000000e+00 -1.000000e+00 -0.000000e+00
   outer loop
     vertex -3.000000e+01  3.687740e+01 -7.962634e+01
     vertex -3.500000e+01  3.687740e+01 -7.962634e+01
     vertex -3.000000e+01  3.687740e+01 -8.037366e+01
   endloop
 endfacet
 facet normal -0.000000e+00 -9.709418e-01 -2.393157e-01
   outer loop
     vertex -3.000000e+01  3.669855e+01 -7.890072e+01
     vertex -3.500000e+01  3.669855e+01 -7.890072e+01
     vertex -3.000000e+01  3.687740e+01 -7.962634e+01
   endloop
 endfacet
 facet normal  1.320823e-15 -8.854560e-01 -4.647232e-01
   outer loop
     vertex -3.000000e+01  3.635125e+01 -7.823900e+01
     vertex -3.500000e+01  3.635125e+01 -7.823900e+01
     vertex -3.500000e+01  3.669855e+01 -7.890072e+01
   endloop
 endfacet
 facet normal  1.884708e-15 -7.485107e-01 -6.631227e-01
   outer loop
     vertex -3.000000e+01  3.635125e+01 -7.823900e+01
     vertex -3.500000e+01  3.585568e+01 -7.767962e+01
     vertex -3.500000e+01  3.635125e+01 -7.823900e+01
   endloop
 endfacet
 facet normal  0.000000e+00 -8.854560e-01 -4.647232e-01
   outer loop
     vertex -3.000000e+01  3.635125e+01 -7.823900e+01
     vertex -3.500000e+01  3.669855e+01 -7.890072e+01
     vertex -3.000000e+01  3.669855e+01 -7.890072e+01
   endloop
 endfacet
 facet normal  1.531792e-15 -5.680647e-01 -8.229839e-01
   outer loop
     vertex -3.000000e+01  3.585568e+01 -7.767962e+01
     vertex -3.500000e+01  3.524064e+01 -7.725509e+01
     vertex -3.500000e+01  3.585568e+01 -7.767962e+01
   endloop
 endfacet
 facet normal  8.210102e-16 -7.485107e-01 -6.631227e-01
   outer loop
     vertex -3.000000e+01  3.585568e+01 -7.767962e+01
     vertex -3.500000e+01  3.585568e+01 -7.767962e+01
     vertex -3.000000e+01  3.635125e+01 -7.823900e+01
   endloop
 endfacet
 facet normal -0.000000e+00 -5.680647e-01 -8.229839e-01
   outer loop
     vertex -3.000000e+01  3.524064e+01 -7.725509e+01
     vertex -3.500000e+01  3.524064e+01 -7.725509e+01
     vertex -3.000000e+01  3.585568e+01 -7.767962e+01
   endloop
 endfacet
 facet normal -0.000000e+00 -3.546049e-01 -9.350162e-01
   outer loop
     vertex -3.000000e+01  3.454188e+01 -7.699008e+01
     vertex -3.500000e+01  3.454188e+01 -7.699008e+01
     vertex -3.500000e+01  3.524064e+01 -7.725509e+01
   endloop
 endfacet
 facet normal -0.000000e+00 -1.205367e-01 -9.927089e-01
   outer loop
     vertex -3.000000e+01  3.454188e+01 -7.699008e+01
     vertex -3.500000e+01  3.380000e+01 -7.690000e+01
     vertex -3.500000e+01  3.454188e+01 -7.699008e+01
   endloop
 endfacet
 facet normal  0.000000e+00 -3.546049e-01 -9.350162e-01
   outer loop
     vertex -3.000000e+01  3.454188e+01 -7.699008e+01
     vertex -3.500000e+01  3.524064e+01 -7.725509e+01
     vertex -3.000000e+01  3.524064e+01 -7.725509e+01
   endloop
 endfacet
 facet normal -0.000000e+00 -1.205367e-01 -9.927089e-01
   outer loop
     vertex -3.000000e+01  3.380000e+01 -7.690000e+01
     vertex -3.500000e+01  3.380000e+01 -7.690000e+01
     vertex -3.000000e+01  3.454188e+01 -7.699008e+01
   endloop
 endfacet
 facet normal -9.927089e-01  0.000000e+00 -1.205367e-01
   outer loop
     vertex -4.190000e+01  8.800000e+00 -1.100000e+02
     vertex -4.199008e+01  1.380000e+01 -1.092581e+02
     vertex -4.190000e+01  1.380000e+01 -1.100000e+02
   endloop
 endfacet
 facet normal -9.350162e-01 -1.007848e-15 -3.546049e-01
   outer loop
     vertex -4.199008e+01  8.800000e+00 -1.092581e+02
     vertex -4.225509e+01  1.380000e+01 -1.085594e+02
     vertex -4.199008e+01  1.380000e+01 -1.092581e+02
   endloop
 endfacet
 facet normal -9.927089e-01 -3.425859e-16 -1.205367e-01
   outer loop
     vertex -4.199008e+01  8.800000e+00 -1.092581e+02
     vertex -4.199008e+01  1.380000e+01 -1.092581e+02
     vertex -4.190000e+01  8.800000e+00 -1.100000e+02
   endloop
 endfacet
 facet normal -9.350162e-01  0.000000e+00 -3.546049e-01
   outer loop
     vertex -4.225509e+01  8.800000e+00 -1.085594e+02
     vertex -4.225509e+01  1.380000e+01 -1.085594e+02
     vertex -4.199008e+01  8.800000e+00 -1.092581e+02
   endloop
 endfacet
 facet normal -8.229839e-01  0.000000e+00 -5.680647e-01
   outer loop
     vertex -4.267962e+01  8.800000e+00 -1.079443e+02
     vertex -4.267962e+01  1.380000e+01 -1.079443e+02
     vertex -4.225509e+01  1.380000e+01 -1.085594e+02
   endloop
 endfacet
 facet normal -6.631227e-01  0.000000e+00 -7.485107e-01
   outer loop
     vertex -4.267962e+01  8.800000e+00 -1.079443e+02
     vertex -4.323900e+01  1.380000e+01 -1.074488e+02
     vertex -4.267962e+01  1.380000e+01 -1.079443e+02
   endloop
 endfacet
 facet normal -8.229839e-01  0.000000e+00 -5.680647e-01
   outer loop
     vertex -4.267962e+01  8.800000e+00 -1.079443e+02
     vertex -4.225509e+01  1.380000e+01 -1.085594e+02
     vertex -4.225509e+01  8.800000e+00 -1.085594e+02
   endloop
 endfacet
 facet normal -4.647232e-01 -2.516617e-15 -8.854560e-01
   outer loop
     vertex -4.323900e+01  8.800000e+00 -1.074488e+02
     vertex -4.390072e+01  1.380000e+01 -1.071014e+02
     vertex -4.323900e+01  1.380000e+01 -1.074488e+02
   endloop
 endfacet
 facet normal -6.631227e-01 -2.127395e-15 -7.485107e-01
   outer loop
     vertex -4.323900e+01  8.800000e+00 -1.074488e+02
     vertex -4.323900e+01  1.380000e+01 -1.074488e+02
     vertex -4.267962e+01  8.800000e+00 -1.079443e+02
   endloop
 endfacet
 facet normal -4.647232e-01  6.604113e-16 -8.854560e-01
   outer loop
     vertex -4.390072e+01  8.800000e+00 -1.071014e+02
     vertex -4.390072e+01  1.380000e+01 -1.071014e+02
     vertex -4.323900e+01  8.800000e+00 -1.074488e+02
   endloop
 endfacet
 facet normal -2.393157e-01  3.400880e-16 -9.709418e-01
   outer loop
     vertex -4.462634e+01  8.800000e+00 -1.069226e+02
     vertex -4.462634e+01  1.380000e+01 -1.069226e+02
     vertex -4.390072e+01  1.380000e+01 -1.071014e+02
   endloop
 endfacet
 facet normal  0.000000e+00  0.000000e+00 -1.000000e+00
   outer loop
     vertex -4.462634e+01  8.800000e+00 -1.069226e+02
     vertex -4.537366e+01  1.380000e+01 -1.069226e+02
     vertex -4.462634e+01  1.380000e+01 -1.069226e+02
   endloop
 endfacet
 facet normal -2.393157e-01  3.342580e-16 -9.709418e-01
   outer loop
     vertex -4.462634e+01  8.800000e+00 -1.069226e+02
     vertex -4.390072e+01  1.380000e+01 -1.071014e+02
     vertex -4.390072e+01  8.800000e+00 -1.071014e+02
   endloop
 endfacet
 facet normal  2.393157e-01 -3.400880e-16 -9.709418e-01
   outer loop
     vertex -4.537366e+01  8.800000e+00 -1.069226e+02
     vertex -4.609928e+01  1.380000e+01 -1.071014e+02
     vertex -4.537366e+01  1.380000e+01 -1.069226e+02
   endloop
 endfacet
 facet normal  0.000000e+00  0.000000e+00 -1.000000e+00
   outer loop
     vertex -4.537366e+01  8.800000e+00 -1.069226e+02
     vertex -4.537366e+01  1.380000e+01 -1.069226e+02
     vertex -4.462634e+01  8.800000e+00 -1.069226e+02
   endloop
 endfacet
 facet normal  2.393157e-01 -6.801760e-16 -9.709418e-01
   outer loop
     vertex -4.609928e+01  8.800000e+00 -1.071014e+02
     vertex -4.609928e+01  1.380000e+01 -1.071014e+02
     vertex -4.537366e+01  8.800000e+00 -1.069226e+02
   endloop
 endfacet
 facet normal  4.647232e-01  0.000000e+00 -8.854560e-01
   outer loop
     vertex -4.676100e+01  8.800000e+00 -1.074488e+02
     vertex -4.676100e+01  1.380000e+01 -1.074488e+02
     vertex -4.609928e+01  1.380000e+01 -1.071014e+02
   endloop
 endfacet
 facet normal  6.631227e-01  0.000000e+00 -7.485107e-01
   outer loop
     vertex -4.676100e+01  8.800000e+00 -1.074488e+02
     vertex -4.732038e+01  1.380000e+01 -1.079443e+02
     vertex -4.676100e+01  1.380000e+01 -1.074488e+02
   endloop
 endfacet
 facet normal  4.647232e-01 -1.322176e-15 -8.854560e-01
   outer loop
     vertex -4.676100e+01  8.800000e+00 -1.074488e+02
     vertex -4.609928e+01  1.380000e+01 -1.071014e+02
     vertex -4.609928e+01  8.800000e+00 -1.071014e+02
   endloop
 endfacet
 facet normal  8.229839e-01 -1.169530e-15 -5.680647e-01
   outer loop
     vertex -4.732038e+01  8.800000e+00 -1.079443e+02
     vertex -4.774491e+01  1.380000e+01 -1.085594e+02
     vertex -4.732038e+01  1.380000e+01 -1.079443e+02
   endloop
 endfacet
 facet normal  6.631227e-01 -9.423540e-16 -7.485107e-01
   outer loop
     vertex -4.732038e+01  8.800000e+00 -1.079443e+02
     vertex -4.732038e+01  1.380000e+01 -1.079443e+02
     vertex -4.676100e+01  8.800000e+00 -1.074488e+02
   endloop
 endfacet
 facet normal  8.229839e-01 -1.169530e-15 -5.680647e-01
   outer loop
     vertex -4.774491e+01  8.800000e+00 -1.085594e+02
     vertex -4.774491e+01  1.380000e+01 -1.085594e+02
     vertex -4.732038e+01  8.800000e+00 -1.079443e+02
   endloop
 endfacet
 facet normal  9.350162e-01  0.000000e+00 -3.546049e-01
   outer loop
     vertex -4.800992e+01  8.800000e+00 -1.092581e+02
     vertex -4.800992e+01  1.380000e+01 -1.092581e+02
     vertex -4.774491e+01  1.380000e+01 -1.085594e+02
   endloop
 endfacet
 facet normal  9.927089e-01  0.000000e+00 -1.205367e-01
   outer loop
     vertex -4.800992e+01  8.800000e+00 -1.092581e+02
     vertex -4.810000e+01  1.380000e+01 -1.100000e+02
     vertex -4.800992e+01  1.380000e+01 -1.092581e+02
   endloop
 endfacet
 facet normal  9.350162e-01 -1.322176e-15 -3.546049e-01
   outer loop
     vertex -4.800992e+01  8.800000e+00 -1.092581e+02
     vertex -4.774491e+01  1.380000e+01 -1.085594e+02
     vertex -4.774491e+01  8.800000e+00 -1.085594e+02
   endloop
 endfacet
 facet normal  9.927089e-01  0.000000e+00 -1.205367e-01
   outer loop
     vertex -4.810000e+01  8.800000e+00 -1.100000e+02
     vertex -4.810000e+01  1.380000e+01 -1.100000e+02
     vertex -4.800992e+01  8.800000e+00 -1.092581e+02
   endloop
 endfacet
 facet normal -9.927089e-01  0.000000e+00 -1.205367e-01
   outer loop
     vertex -4.190000e+01  8.800000e+00 -8.000000e+01
     vertex -4.199008e+01  1.380000e+01 -7.925812e+01
     vertex -4.190000e+01  1.380000e+01 -8.000000e+01
   endloop
 endfacet
 facet normal -9.350162e-01 -1.007848e-15 -3.546049e-01
   outer loop
     vertex -4.199008e+01  8.800000e+00 -7.925812e+01
     vertex -4.225509e+01  1.380000e+01 -7.855936e+01
     vertex -4.199008e+01  1.380000e+01 -7.925812e+01
   endloop
 endfacet
 facet normal -9.927089e-01 -3.425859e-16 -1.205367e-01
   outer loop
     vertex -4.199008e+01  8.800000e+00 -7.925812e+01
     vertex -4.199008e+01  1.380000e+01 -7.925812e+01
     vertex -4.190000e+01  8.800000e+00 -8.000000e+01
   endloop
 endfacet
 facet normal -9.350162e-01  0.000000e+00 -3.546049e-01
   outer loop
     vertex -4.225509e+01  8.800000e+00 -7.855936e+01
     vertex -4.225509e+01  1.380000e+01 -7.855936e+01
     vertex -4.199008e+01  8.800000e+00 -7.925812e+01
   endloop
 endfacet
 facet normal -8.229839e-01  0.000000e+00 -5.680647e-01
   outer loop
     vertex -4.267962e+01  8.800000e+00 -7.794432e+01
     vertex -4.267962e+01  1.380000e+01 -7.794432e+01
     vertex -4.225509e+01  1.380000e+01 -7.855936e+01
   endloop
 endfacet
 facet normal -6.631227e-01  0.000000e+00 -7.485107e-01
   outer loop
     vertex -4.267962e+01  8.800000e+00 -7.794432e+01
     vertex -4.323900e+01  1.380000e+01 -7.744875e+01
     vertex -4.267962e+01  1.380000e+01 -7.794432e+01
   endloop
 endfacet
 facet normal -8.229839e-01  0.000000e+00 -5.680647e-01
   outer loop
     vertex -4.267962e+01  8.800000e+00 -7.794432e+01
     vertex -4.225509e+01  1.380000e+01 -7.855936e+01
     vertex -4.225509e+01  8.800000e+00 -7.855936e+01
   endloop
 endfacet
 facet normal -4.647232e-01 -2.516617e-15 -8.854560e-01
   outer loop
     vertex -4.323900e+01  8.800000e+00 -7.744875e+01
     vertex -4.390072e+01  1.380000e+01 -7.710145e+01
     vertex -4.323900e+01  1.380000e+01 -7.744875e+01
   endloop
 endfacet
 facet normal -6.631227e-01 -2.127395e-15 -7.485107e-01
   outer loop
     vertex -4.323900e+01  8.800000e+00 -7.744875e+01
     vertex -4.323900e+01  1.380000e+01 -7.744875e+01
     vertex -4.267962e+01  8.800000e+00 -7.794432e+01
   endloop
 endfacet
 facet normal -4.647232e-01  6.604113e-16 -8.854560e-01
   outer loop
     vertex -4.390072e+01  8.800000e+00 -7.710145e+01
     vertex -4.390072e+01  1.380000e+01 -7.710145e+01
     vertex -4.323900e+01  8.800000e+00 -7.744875e+01
   endloop
 endfacet
 facet normal -2.393157e-01  3.400880e-16 -9.709418e-01
   outer loop
     vertex -4.462634e+01  8.800000e+00 -7.692260e+01
     vertex -4.462634e+01  1.380000e+01 -7.692260e+01
     vertex -4.390072e+01  1.380000e+01 -7.710145e+01
   endloop
 endfacet
 facet normal  0.000000e+00  0.000000e+00 -1.000000e+00
   outer loop
     vertex -4.462634e+01  8.800000e+00 -7.692260e+01
     vertex -4.537366e+01  1.380000e+01 -7.692260e+01
     vertex -4.462634e+01  1.380000e+01 -7.692260e+01
   endloop
 endfacet
 facet normal -2.393157e-01  3.342580e-16 -9.709418e-01
   outer loop
     vertex -4.462634e+01  8.800000e+00 -7.692260e+01
     vertex -4.390072e+01  1.380000e+01 -7.710145e+01
     vertex -4.390072e+01  8.800000e+00 -7.710145e+01
   endloop
 endfacet
 facet normal  2.393157e-01 -3.400880e-16 -9.709418e-01
   outer loop
     vertex -4.537366e+01  8.800000e+00 -7.692260e+01
     vertex -4.609928e+01  1.380000e+01 -7.710145e+01
     vertex -4.537366e+01  1.380000e+01 -7.692260e+01
   endloop
 endfacet
 facet normal  0.000000e+00  0.000000e+00 -1.000000e+00
   outer loop
     vertex -4.537366e+01  8.800000e+00 -7.692260e+01
     vertex -4.537366e+01  1.380000e+01 -7.692260e+01
     vertex -4.462634e+01  8.800000e+00 -7.692260e+01
   endloop
 endfacet
 facet normal  2.393157e-01 -6.801760e-16 -9.709418e-01
   outer loop
     vertex -4.609928e+01  8.800000e+00 -7.710145e+01
     vertex -4.609928e+01  1.380000e+01 -7.710145e+01
     vertex -4.537366e+01  8.800000e+00 -7.692260e+01
   endloop
 endfacet
 facet normal  4.647232e-01  0.000000e+00 -8.854560e-01
   outer loop
     vertex -4.676100e+01  8.800000e+00 -7.744875e+01
     vertex -4.676100e+01  1.380000e+01 -7.744875e+01
     vertex -4.609928e+01  1.380000e+01 -7.710145e+01
   endloop
 endfacet
 facet normal  6.631227e-01  0.000000e+00 -7.485107e-01
   outer loop
     vertex -4.676100e+01  8.800000e+00 -7.744875e+01
     vertex -4.732038e+01  1.380000e+01 -7.794432e+01
     vertex -4.676100e+01  1.380000e+01 -7.744875e+01
   endloop
 endfacet
 facet normal  4.647232e-01 -1.322176e-15 -8.854560e-01
   outer loop
     vertex -4.676100e+01  8.800000e+00 -7.744875e+01
     vertex -4.609928e+01  1.380000e+01 -7.710145e+01
     vertex -4.609928e+01  8.800000e+00 -7.710145e+01
   endloop
 endfacet
 facet normal  8.229839e-01 -1.169530e-15 -5.680647e-01
   outer loop
     vertex -4.732038e+01  8.800000e+00 -7.794432e+01
     vertex -4.774491e+01  1.380000e+01 -7.855936e+01
     vertex -4.732038e+01  1.380000e+01 -7.794432e+01
   endloop
 endfacet
 facet normal  6.631227e-01 -9.423540e-16 -7.485107e-01
   outer loop
     vertex -4.732038e+01  8.800000e+00 -7.794432e+01
     vertex -4.732038e+01  1.380000e+01 -7.794432e+01
     vertex -4.676100e+01  8.800000e+00 -7.744875e+01
   endloop
 endfacet
 facet normal  8.229839e-01  4.450067e-16 -5.680647e-01
   outer loop
     vertex -4.774491e+01  8.800000e+00 -7.855936e+01
     vertex -4.774491e+01  1.380000e+01 -7.855936e+01
     vertex -4.732038e+01  8.800000e+00 -7.794432e+01
   endloop
 endfacet
 facet normal  9.350162e-01  0.000000e+00 -3.546049e-01
   outer loop
     vertex -4.800992e+01  8.800000e+00 -7.925812e+01
     vertex -4.800992e+01  1.380000e+01 -7.925812e+01
     vertex -4.774491e+01  1.380000e+01 -7.855936e+01
   endloop
 endfacet
 facet normal  9.927089e-01  0.000000e+00 -1.205367e-01
   outer loop
     vertex -4.800992e+01  8.800000e+00 -7.925812e+01
     vertex -4.810000e+01  1.380000e+01 -8.000000e+01
     vertex -4.800992e+01  1.380000e+01 -7.925812e+01
   endloop
 endfacet
 facet normal  9.350162e-01 -3.194021e-16 -3.546049e-01
   outer loop
     vertex -4.800992e+01  8.800000e+00 -7.925812e+01
     vertex -4.774491e+01  1.380000e+01 -7.855936e+01
     vertex -4.774491e+01  8.800000e+00 -7.855936e+01
   endloop
 endfacet
 facet normal  9.927089e-01  0.000000e+00 -1.205367e-01
   outer loop
     vertex -4.810000e+01  8.800000e+00 -8.000000e+01
     vertex -4.810000e+01  1.380000e+01 -8.000000e+01
     vertex -4.800992e+01  8.800000e+00 -7.925812e+01
   endloop
 endfacet
 facet normal -9.927089e-01  0.000000e+00 -1.205367e-01
   outer loop
     vertex -7.190000e+01  8.800000e+00 -8.000000e+01
     vertex -7.199008e+01  1.380000e+01 -7.925812e+01
     vertex -7.190000e+01  1.380000e+01 -8.000000e+01
   endloop
 endfacet
 facet normal -9.350162e-01 -1.007848e-15 -3.546049e-01
   outer loop
     vertex -7.199008e+01  8.800000e+00 -7.925812e+01
     vertex -7.225509e+01  1.380000e+01 -7.855936e+01
     vertex -7.199008e+01  1.380000e+01 -7.925812e+01
   endloop
 endfacet
 facet normal -9.927089e-01 -3.425859e-16 -1.205367e-01
   outer loop
     vertex -7.199008e+01  8.800000e+00 -7.925812e+01
     vertex -7.199008e+01  1.380000e+01 -7.925812e+01
     vertex -7.190000e+01  8.800000e+00 -8.000000e+01
   endloop
 endfacet
 facet normal -9.350162e-01  0.000000e+00 -3.546049e-01
   outer loop
     vertex -7.225509e+01  8.800000e+00 -7.855936e+01
     vertex -7.225509e+01  1.380000e+01 -7.855936e+01
     vertex -7.199008e+01  8.800000e+00 -7.925812e+01
   endloop
 endfacet
 facet normal -8.229839e-01  2.339061e-15 -5.680647e-01
   outer loop
     vertex -7.267962e+01  8.800000e+00 -7.794432e+01
     vertex -7.267962e+01  1.380000e+01 -7.794432e+01
     vertex -7.225509e+01  1.380000e+01 -7.855936e+01
   endloop
 endfacet
 facet normal -6.631227e-01  1.884708e-15 -7.485107e-01
   outer loop
     vertex -7.267962e+01  8.800000e+00 -7.794432e+01
     vertex -7.323900e+01  1.380000e+01 -7.744875e+01
     vertex -7.267962e+01  1.380000e+01 -7.794432e+01
   endloop
 endfacet
 facet normal -8.229839e-01  0.000000e+00 -5.680647e-01
   outer loop
     vertex -7.267962e+01  8.800000e+00 -7.794432e+01
     vertex -7.225509e+01  1.380000e+01 -7.855936e+01
     vertex -7.225509e+01  8.800000e+00 -7.855936e+01
   endloop
 endfacet
 facet normal -4.647232e-01 -2.516617e-15 -8.854560e-01
   outer loop
     vertex -7.323900e+01  8.800000e+00 -7.744875e+01
     vertex -7.390072e+01  1.380000e+01 -7.710145e+01
     vertex -7.323900e+01  1.380000e+01 -7.744875e+01
   endloop
 endfacet
 facet normal -6.631227e-01 -2.127395e-15 -7.485107e-01
   outer loop
     vertex -7.323900e+01  8.800000e+00 -7.744875e+01
     vertex -7.323900e+01  1.380000e+01 -7.744875e+01
     vertex -7.267962e+01  8.800000e+00 -7.794432e+01
   endloop
 endfacet
 facet normal -4.647232e-01  0.000000e+00 -8.854560e-01
   outer loop
     vertex -7.390072e+01  8.800000e+00 -7.710145e+01
     vertex -7.390072e+01  1.380000e+01 -7.710145e+01
     vertex -7.323900e+01  8.800000e+00 -7.744875e+01
   endloop
 endfacet
 facet normal -2.393157e-01  0.000000e+00 -9.709418e-01
   outer loop
     vertex -7.462634e+01  8.800000e+00 -7.692260e+01
     vertex -7.462634e+01  1.380000e+01 -7.692260e+01
     vertex -7.390072e+01  1.380000e+01 -7.710145e+01
   endloop
 endfacet
 facet normal  0.000000e+00  0.000000e+00 -1.000000e+00
   outer loop
     vertex -7.462634e+01  8.800000e+00 -7.692260e+01
     vertex -7.537366e+01  1.380000e+01 -7.692260e+01
     vertex -7.462634e+01  1.380000e+01 -7.692260e+01
   endloop
 endfacet
 facet normal -2.393157e-01  0.000000e+00 -9.709418e-01
   outer loop
     vertex -7.462634e+01  8.800000e+00 -7.692260e+01
     vertex -7.390072e+01  1.380000e+01 -7.710145e+01
     vertex -7.390072e+01  8.800000e+00 -7.710145e+01
   endloop
 endfacet
 facet normal  2.393157e-01 -6.801760e-16 -9.709418e-01
   outer loop
     vertex -7.537366e+01  8.800000e+00 -7.692260e+01
     vertex -7.609928e+01  1.380000e+01 -7.710145e+01
     vertex -7.537366e+01  1.380000e+01 -7.692260e+01
   endloop
 endfacet
 facet normal  0.000000e+00  0.000000e+00 -1.000000e+00
   outer loop
     vertex -7.537366e+01  8.800000e+00 -7.692260e+01
     vertex -7.537366e+01  1.380000e+01 -7.692260e+01
     vertex -7.462634e+01  8.800000e+00 -7.692260e+01
   endloop
 endfacet
 facet normal  2.393157e-01 -6.801760e-16 -9.709418e-01
   outer loop
     vertex -7.609928e+01  8.800000e+00 -7.710145e+01
     vertex -7.609928e+01  1.380000e+01 -7.710145e+01
     vertex -7.537366e+01  8.800000e+00 -7.692260e+01
   endloop
 endfacet
 facet normal  4.647232e-01  0.000000e+00 -8.854560e-01
   outer loop
     vertex -7.676100e+01  8.800000e+00 -7.744875e+01
     vertex -7.676100e+01  1.380000e+01 -7.744875e+01
     vertex -7.609928e+01  1.380000e+01 -7.710145e+01
   endloop
 endfacet
 facet normal  6.631227e-01  0.000000e+00 -7.485107e-01
   outer loop
     vertex -7.676100e+01  8.800000e+00 -7.744875e+01
     vertex -7.732038e+01  1.380000e+01 -7.794432e+01
     vertex -7.676100e+01  1.380000e+01 -7.744875e+01
   endloop
 endfacet
 facet normal  4.647232e-01 -1.322176e-15 -8.854560e-01
   outer loop
     vertex -7.676100e+01  8.800000e+00 -7.744875e+01
     vertex -7.609928e+01  1.380000e+01 -7.710145e+01
     vertex -7.609928e+01  8.800000e+00 -7.710145e+01
   endloop
 endfacet
 facet normal  8.229839e-01  0.000000e+00 -5.680647e-01
   outer loop
     vertex -7.732038e+01  8.800000e+00 -7.794432e+01
     vertex -7.774491e+01  1.380000e+01 -7.855936e+01
     vertex -7.732038e+01  1.380000e+01 -7.794432e+01
   endloop
 endfacet
 facet normal  6.631227e-01  0.000000e+00 -7.485107e-01
   outer loop
     vertex -7.732038e+01  8.800000e+00 -7.794432e+01
     vertex -7.732038e+01  1.380000e+01 -7.794432e+01
     vertex -7.676100e+01  8.800000e+00 -7.744875e+01
   endloop
 endfacet
 facet normal  8.229839e-01  1.614537e-15 -5.680647e-01
   outer loop
     vertex -7.774491e+01  8.800000e+00 -7.855936e+01
     vertex -7.774491e+01  1.380000e+01 -7.855936e+01
     vertex -7.732038e+01  8.800000e+00 -7.794432e+01
   endloop
 endfacet
 facet normal  9.350162e-01  0.000000e+00 -3.546049e-01
   outer loop
     vertex -7.800992e+01  8.800000e+00 -7.925812e+01
     vertex -7.800992e+01  1.380000e+01 -7.925812e+01
     vertex -7.774491e+01  1.380000e+01 -7.855936e+01
   endloop
 endfacet
 facet normal  9.927089e-01  0.000000e+00 -1.205367e-01
   outer loop
     vertex -7.800992e+01  8.800000e+00 -7.925812e+01
     vertex -7.810000e+01  1.380000e+01 -8.000000e+01
     vertex -7.800992e+01  1.380000e+01 -7.925812e+01
   endloop
 endfacet
 facet normal  9.350162e-01  1.010202e-15 -3.546049e-01
   outer loop
     vertex -7.800992e+01  8.800000e+00 -7.925812e+01
     vertex -7.774491e+01  1.380000e+01 -7.855936e+01
     vertex -7.774491e+01  8.800000e+00 -7.855936e+01
   endloop
 endfacet
 facet normal  9.927089e-01  0.000000e+00 -1.205367e-01
   outer loop
     vertex -7.810000e+01  8.800000e+00 -8.000000e+01
     vertex -7.810000e+01  1.380000e+01 -8.000000e+01
     vertex -7.800992e+01  8.800000e+00 -7.925812e+01
   endloop
 endfacet
 facet normal -9.927089e-01  0.000000e+00 -1.205367e-01
   outer loop
     vertex -7.190000e+01  8.800000e+00 -1.100000e+02
     vertex -7.199008e+01  1.380000e+01 -1.092581e+02
     vertex -7.190000e+01  1.380000e+01 -1.100000e+02
   endloop
 endfacet
 facet normal -9.350162e-01 -1.007848e-15 -3.546049e-01
   outer loop
     vertex -7.199008e+01  8.800000e+00 -1.092581e+02
     vertex -7.225509e+01  1.380000e+01 -1.085594e+02
     vertex -7.199008e+01  1.380000e+01 -1.092581e+02
   endloop
 endfacet
 facet normal -9.927089e-01 -3.425859e-16 -1.205367e-01
   outer loop
     vertex -7.199008e+01  8.800000e+00 -1.092581e+02
     vertex -7.199008e+01  1.380000e+01 -1.092581e+02
     vertex -7.190000e+01  8.800000e+00 -1.100000e+02
   endloop
 endfacet
 facet normal -9.350162e-01  0.000000e+00 -3.546049e-01
   outer loop
     vertex -7.225509e+01  8.800000e+00 -1.085594e+02
     vertex -7.225509e+01  1.380000e+01 -1.085594e+02
     vertex -7.199008e+01  8.800000e+00 -1.092581e+02
   endloop
 endfacet
 facet normal -8.229839e-01  2.339061e-15 -5.680647e-01
   outer loop
     vertex -7.267962e+01  8.800000e+00 -1.079443e+02
     vertex -7.267962e+01  1.380000e+01 -1.079443e+02
     vertex -7.225509e+01  1.380000e+01 -1.085594e+02
   endloop
 endfacet
 facet normal -6.631227e-01  1.884708e-15 -7.485107e-01
   outer loop
     vertex -7.267962e+01  8.800000e+00 -1.079443e+02
     vertex -7.323900e+01  1.380000e+01 -1.074488e+02
     vertex -7.267962e+01  1.380000e+01 -1.079443e+02
   endloop
 endfacet
 facet normal -8.229839e-01  0.000000e+00 -5.680647e-01
   outer loop
     vertex -7.267962e+01  8.800000e+00 -1.079443e+02
     vertex -7.225509e+01  1.380000e+01 -1.085594e+02
     vertex -7.225509e+01  8.800000e+00 -1.085594e+02
   endloop
 endfacet
 facet normal -4.647232e-01  0.000000e+00 -8.854560e-01
   outer loop
     vertex -7.323900e+01  8.800000e+00 -1.074488e+02
     vertex -7.390072e+01  1.380000e+01 -1.071014e+02
     vertex -7.323900e+01  1.380000e+01 -1.074488e+02
   endloop
 endfacet
 facet normal -6.631227e-01  0.000000e+00 -7.485107e-01
   outer loop
     vertex -7.323900e+01  8.800000e+00 -1.074488e+02
     vertex -7.323900e+01  1.380000e+01 -1.074488e+02
     vertex -7.267962e+01  8.800000e+00 -1.079443e+02
   endloop
 endfacet
 facet normal -4.647232e-01  0.000000e+00 -8.854560e-01
   outer loop
     vertex -7.390072e+01  8.800000e+00 -1.071014e+02
     vertex -7.390072e+01  1.380000e+01 -1.071014e+02
     vertex -7.323900e+01  8.800000e+00 -1.074488e+02
   endloop
 endfacet
 facet normal -2.393157e-01  0.000000e+00 -9.709418e-01
   outer loop
     vertex -7.462634e+01  8.800000e+00 -1.069226e+02
     vertex -7.462634e+01  1.380000e+01 -1.069226e+02
     vertex -7.390072e+01  1.380000e+01 -1.071014e+02
   endloop
 endfacet
 facet normal  0.000000e+00  0.000000e+00 -1.000000e+00
   outer loop
     vertex -7.462634e+01  8.800000e+00 -1.069226e+02
     vertex -7.537366e+01  1.380000e+01 -1.069226e+02
     vertex -7.462634e+01  1.380000e+01 -1.069226e+02
   endloop
 endfacet
 facet normal -2.393157e-01  0.000000e+00 -9.709418e-01
   outer loop
     vertex -7.462634e+01  8.800000e+00 -1.069226e+02
     vertex -7.390072e+01  1.380000e+01 -1.071014e+02
     vertex -7.390072e+01  8.800000e+00 -1.071014e+02
   endloop
 endfacet
 facet normal  2.393157e-01 -6.801760e-16 -9.709418e-01
   outer loop
     vertex -7.537366e+01  8.800000e+00 -1.069226e+02
     vertex -7.609928e+01  1.380000e+01 -1.071014e+02
     vertex -7.537366e+01  1.380000e+01 -1.069226e+02
   endloop
 endfacet
 facet normal  0.000000e+00  0.000000e+00 -1.000000e+00
   outer loop
     vertex -7.537366e+01  8.800000e+00 -1.069226e+02
     vertex -7.537366e+01  1.380000e+01 -1.069226e+02
     vertex -7.462634e+01  8.800000e+00 -1.069226e+02
   endloop
 endfacet
 facet normal  2.393157e-01 -6.801760e-16 -9.709418e-01
   outer loop
     vertex -7.609928e+01  8.800000e+00 -1.071014e+02
     vertex -7.609928e+01  1.380000e+01 -1.071014e+02
     vertex -7.537366e+01  8.800000e+00 -1.069226e+02
   endloop
 endfacet
 facet normal  4.647232e-01  0.000000e+00 -8.854560e-01
   outer loop
     vertex -7.676100e+01  8.800000e+00 -1.074488e+02
     vertex -7.676100e+01  1.380000e+01 -1.074488e+02
     vertex -7.609928e+01  1.380000e+01 -1.071014e+02
   endloop
 endfacet
 facet normal  6.631227e-01  0.000000e+00 -7.485107e-01
   outer loop
     vertex -7.676100e+01  8.800000e+00 -1.074488e+02
     vertex -7.732038e+01  1.380000e+01 -1.079443e+02
     vertex -7.676100e+01  1.380000e+01 -1.074488e+02
   endloop
 endfacet
 facet normal  4.647232e-01 -1.322176e-15 -8.854560e-01
   outer loop
     vertex -7.676100e+01  8.800000e+00 -1.074488e+02
     vertex -7.609928e+01  1.380000e+01 -1.071014e+02
     vertex -7.609928e+01  8.800000e+00 -1.071014e+02
   endloop
 endfacet
 facet normal  8.229839e-01  0.000000e+00 -5.680647e-01
   outer loop
     vertex -7.732038e+01  8.800000e+00 -1.079443e+02
     vertex -7.774491e+01  1.380000e+01 -1.085594e+02
     vertex -7.732038e+01  1.380000e+01 -1.079443e+02
   endloop
 endfacet
 facet normal  6.631227e-01  0.000000e+00 -7.485107e-01
   outer loop
     vertex -7.732038e+01  8.800000e+00 -1.079443e+02
     vertex -7.732038e+01  1.380000e+01 -1.079443e+02
     vertex -7.676100e+01  8.800000e+00 -1.074488e+02
   endloop
 endfacet
 facet normal  8.229839e-01  1.614537e-15 -5.680647e-01
   outer loop
     vertex -7.774491e+01  8.800000e+00 -1.085594e+02
     vertex -7.774491e+01  1.380000e+01 -1.085594e+02
     vertex -7.732038e+01  8.800000e+00 -1.079443e+02
   endloop
 endfacet
 facet normal  9.350162e-01  0.000000e+00 -3.546049e-01
   outer loop
     vertex -7.800992e+01  8.800000e+00 -1.092581e+02
     vertex -7.800992e+01  1.380000e+01 -1.092581e+02
     vertex -7.774491e+01  1.380000e+01 -1.085594e+02
   endloop
 endfacet
 facet normal  9.927089e-01  0.000000e+00 -1.205367e-01
   outer loop
     vertex -7.800992e+01  8.800000e+00 -1.092581e+02
     vertex -7.810000e+01  1.380000e+01 -1.100000e+02
     vertex -7.800992e+01  1.380000e+01 -1.092581e+02
   endloop
 endfacet
 facet normal  9.350162e-01  1.010202e-15 -3.546049e-01
   outer loop
     vertex -7.800992e+01  8.800000e+00 -1.092581e+02
     vertex -7.774491e+01  1.380000e+01 -1.085594e+02
     vertex -7.774491e+01  8.800000e+00 -1.085594e+02
   endloop
 endfacet
 facet normal  9.927089e-01  0.000000e+00 -1.205367e-01
   outer loop
     vertex -7.810000e+01  8.800000e+00 -1.100000e+02
     vertex -7.810000e+01  1.380000e+01 -1.100000e+02
     vertex -7.800992e+01  8.800000e+00 -1.092581e+02
   endloop
 endfacet
endsolid
