solid 
 facet normal -9.927089e-01  0.000000e+00 -1.205367e-01
   outer loop
     vertex  7.800992e+01  8.800000e+00 -7.925812e+01
     vertex  7.810000e+01  1.380000e+01 -8.000000e+01
     vertex  7.810000e+01  8.800000e+00 -8.000000e+01
   endloop
 endfacet
 facet normal -9.927089e-01  3.425859e-16 -1.205367e-01
   outer loop
     vertex  7.800992e+01  8.800000e+00 -7.925812e+01
     vertex  7.800992e+01  1.380000e+01 -7.925812e+01
     vertex  7.810000e+01  1.380000e+01 -8.000000e+01
   endloop
 endfacet
 facet normal -9.350162e-01  0.000000e+00 -3.546049e-01
   outer loop
     vertex  7.774491e+01  8.800000e+00 -7.855936e+01
     vertex  7.774491e+01  1.380000e+01 -7.855936e+01
     vertex  7.800992e+01  1.380000e+01 -7.925812e+01
   endloop
 endfacet
 facet normal -9.350162e-01  1.010202e-15 -3.546049e-01
   outer loop
     vertex  7.774491e+01  8.800000e+00 -7.855936e+01
     vertex  7.800992e+01  1.380000e+01 -7.925812e+01
     vertex  7.800992e+01  8.800000e+00 -7.925812e+01
   endloop
 endfacet
 facet normal -8.229839e-01  0.000000e+00 -5.680647e-01
   outer loop
     vertex  7.732038e+01  8.800000e+00 -7.794432e+01
     vertex  7.732038e+01  1.380000e+01 -7.794432e+01
     vertex  7.774491e+01  1.380000e+01 -7.855936e+01
   endloop
 endfacet
 facet normal -8.229839e-01  0.000000e+00 -5.680647e-01
   outer loop
     vertex  7.732038e+01  8.800000e+00 -7.794432e+01
     vertex  7.774491e+01  1.380000e+01 -7.855936e+01
     vertex  7.774491e+01  8.800000e+00 -7.855936e+01
   endloop
 endfacet
 facet normal -6.631227e-01  2.127395e-15 -7.485107e-01
   outer loop
     vertex  7.676100e+01  8.800000e+00 -7.744875e+01
     vertex  7.676100e+01  1.380000e+01 -7.744875e+01
     vertex  7.732038e+01  1.380000e+01 -7.794432e+01
   endloop
 endfacet
 facet normal -6.631227e-01  0.000000e+00 -7.485107e-01
   outer loop
     vertex  7.676100e+01  8.800000e+00 -7.744875e+01
     vertex  7.732038e+01  1.380000e+01 -7.794432e+01
     vertex  7.732038e+01  8.800000e+00 -7.794432e+01
   endloop
 endfacet
 facet normal -4.647232e-01  0.000000e+00 -8.854560e-01
   outer loop
     vertex  7.609928e+01  8.800000e+00 -7.710145e+01
     vertex  7.609928e+01  1.380000e+01 -7.710145e+01
     vertex  7.676100e+01  1.380000e+01 -7.744875e+01
   endloop
 endfacet
 facet normal -4.647232e-01  2.518077e-15 -8.854560e-01
   outer loop
     vertex  7.609928e+01  8.800000e+00 -7.710145e+01
     vertex  7.676100e+01  1.380000e+01 -7.744875e+01
     vertex  7.676100e+01  8.800000e+00 -7.744875e+01
   endloop
 endfacet
 facet normal -2.393157e-01  0.000000e+00 -9.709418e-01
   outer loop
     vertex  7.537366e+01  8.800000e+00 -7.692260e+01
     vertex  7.537366e+01  1.380000e+01 -7.692260e+01
     vertex  7.609928e+01  1.380000e+01 -7.710145e+01
   endloop
 endfacet
 facet normal -2.393157e-01  0.000000e+00 -9.709418e-01
   outer loop
     vertex  7.537366e+01  8.800000e+00 -7.692260e+01
     vertex  7.609928e+01  1.380000e+01 -7.710145e+01
     vertex  7.609928e+01  8.800000e+00 -7.710145e+01
   endloop
 endfacet
 facet normal -1.901557e-14  0.000000e+00 -1.000000e+00
   outer loop
     vertex  7.462634e+01  8.800000e+00 -7.692260e+01
     vertex  7.462634e+01  1.380000e+01 -7.692260e+01
     vertex  7.537366e+01  1.380000e+01 -7.692260e+01
   endloop
 endfacet
 facet normal -1.901557e-14  0.000000e+00 -1.000000e+00
   outer loop
     vertex  7.462634e+01  8.800000e+00 -7.692260e+01
     vertex  7.537366e+01  1.380000e+01 -7.692260e+01
     vertex  7.537366e+01  8.800000e+00 -7.692260e+01
   endloop
 endfacet
 facet normal  2.393157e-01  0.000000e+00 -9.709418e-01
   outer loop
     vertex  7.390072e+01  8.800000e+00 -7.710145e+01
     vertex  7.390072e+01  1.380000e+01 -7.710145e+01
     vertex  7.462634e+01  1.380000e+01 -7.692260e+01
   endloop
 endfacet
 facet normal  2.393157e-01  0.000000e+00 -9.709418e-01
   outer loop
     vertex  7.390072e+01  8.800000e+00 -7.710145e+01
     vertex  7.462634e+01  1.380000e+01 -7.692260e+01
     vertex  7.462634e+01  8.800000e+00 -7.692260e+01
   endloop
 endfacet
 facet normal  4.647232e-01  2.641645e-15 -8.854560e-01
   outer loop
     vertex  7.323900e+01  8.800000e+00 -7.744875e+01
     vertex  7.323900e+01  1.380000e+01 -7.744875e+01
     vertex  7.390072e+01  1.380000e+01 -7.710145e+01
   endloop
 endfacet
 facet normal  4.647232e-01  0.000000e+00 -8.854560e-01
   outer loop
     vertex  7.323900e+01  8.800000e+00 -7.744875e+01
     vertex  7.390072e+01  1.380000e+01 -7.710145e+01
     vertex  7.390072e+01  8.800000e+00 -7.710145e+01
   endloop
 endfacet
 facet normal  6.631227e-01  0.000000e+00 -7.485107e-01
   outer loop
     vertex  7.267962e+01  8.800000e+00 -7.794432e+01
     vertex  7.267962e+01  1.380000e+01 -7.794432e+01
     vertex  7.323900e+01  1.380000e+01 -7.744875e+01
   endloop
 endfacet
 facet normal  6.631227e-01  3.758546e-15 -7.485107e-01
   outer loop
     vertex  7.267962e+01  8.800000e+00 -7.794432e+01
     vertex  7.323900e+01  1.380000e+01 -7.744875e+01
     vertex  7.323900e+01  8.800000e+00 -7.744875e+01
   endloop
 endfacet
 facet normal  8.229839e-01 -1.614537e-15 -5.680647e-01
   outer loop
     vertex  7.225509e+01  8.800000e+00 -7.855936e+01
     vertex  7.225509e+01  1.380000e+01 -7.855936e+01
     vertex  7.267962e+01  1.380000e+01 -7.794432e+01
   endloop
 endfacet
 facet normal  8.229839e-01  0.000000e+00 -5.680647e-01
   outer loop
     vertex  7.225509e+01  8.800000e+00 -7.855936e+01
     vertex  7.267962e+01  1.380000e+01 -7.794432e+01
     vertex  7.267962e+01  8.800000e+00 -7.794432e+01
   endloop
 endfacet
 facet normal  9.350162e-01  0.000000e+00 -3.546049e-01
   outer loop
     vertex  7.199008e+01  8.800000e+00 -7.925812e+01
     vertex  7.199008e+01  1.380000e+01 -7.925812e+01
     vertex  7.225509e+01  1.380000e+01 -7.855936e+01
   endloop
 endfacet
 facet normal  9.350162e-01 -1.010202e-15 -3.546049e-01
   outer loop
     vertex  7.199008e+01  8.800000e+00 -7.925812e+01
     vertex  7.225509e+01  1.380000e+01 -7.855936e+01
     vertex  7.225509e+01  8.800000e+00 -7.855936e+01
   endloop
 endfacet
 facet normal  9.927089e-01  0.000000e+00 -1.205367e-01
   outer loop
     vertex  7.190000e+01  8.800000e+00 -8.000000e+01
     vertex  7.190000e+01  1.380000e+01 -8.000000e+01
     vertex  7.199008e+01  1.380000e+01 -7.925812e+01
   endloop
 endfacet
 facet normal  9.927089e-01  0.000000e+00 -1.205367e-01
   outer loop
     vertex  7.190000e+01  8.800000e+00 -8.000000e+01
     vertex  7.199008e+01  1.380000e+01 -7.925812e+01
     vertex  7.199008e+01  8.800000e+00 -7.925812e+01
   endloop
 endfacet
 facet normal -9.927089e-01  0.000000e+00 -1.205367e-01
   outer loop
     vertex  7.800992e+01  8.800000e+00 -1.092581e+02
     vertex  7.810000e+01  1.380000e+01 -1.100000e+02
     vertex  7.810000e+01  8.800000e+00 -1.100000e+02
   endloop
 endfacet
 facet normal -9.927089e-01  3.425859e-16 -1.205367e-01
   outer loop
     vertex  7.800992e+01  8.800000e+00 -1.092581e+02
     vertex  7.800992e+01  1.380000e+01 -1.092581e+02
     vertex  7.810000e+01  1.380000e+01 -1.100000e+02
   endloop
 endfacet
 facet normal -9.350162e-01  0.000000e+00 -3.546049e-01
   outer loop
     vertex  7.774491e+01  8.800000e+00 -1.085594e+02
     vertex  7.774491e+01  1.380000e+01 -1.085594e+02
     vertex  7.800992e+01  1.380000e+01 -1.092581e+02
   endloop
 endfacet
 facet normal -9.350162e-01  1.010202e-15 -3.546049e-01
   outer loop
     vertex  7.774491e+01  8.800000e+00 -1.085594e+02
     vertex  7.800992e+01  1.380000e+01 -1.092581e+02
     vertex  7.800992e+01  8.800000e+00 -1.092581e+02
   endloop
 endfacet
 facet normal -8.229839e-01  0.000000e+00 -5.680647e-01
   outer loop
     vertex  7.732038e+01  8.800000e+00 -1.079443e+02
     vertex  7.732038e+01  1.380000e+01 -1.079443e+02
     vertex  7.774491e+01  1.380000e+01 -1.085594e+02
   endloop
 endfacet
 facet normal -8.229839e-01  0.000000e+00 -5.680647e-01
   outer loop
     vertex  7.732038e+01  8.800000e+00 -1.079443e+02
     vertex  7.774491e+01  1.380000e+01 -1.085594e+02
     vertex  7.774491e+01  8.800000e+00 -1.085594e+02
   endloop
 endfacet
 facet normal -6.631227e-01  0.000000e+00 -7.485107e-01
   outer loop
     vertex  7.676100e+01  8.800000e+00 -1.074488e+02
     vertex  7.676100e+01  1.380000e+01 -1.074488e+02
     vertex  7.732038e+01  1.380000e+01 -1.079443e+02
   endloop
 endfacet
 facet normal -6.631227e-01  0.000000e+00 -7.485107e-01
   outer loop
     vertex  7.676100e+01  8.800000e+00 -1.074488e+02
     vertex  7.732038e+01  1.380000e+01 -1.079443e+02
     vertex  7.732038e+01  8.800000e+00 -1.079443e+02
   endloop
 endfacet
 facet normal -4.647232e-01  0.000000e+00 -8.854560e-01
   outer loop
     vertex  7.609928e+01  8.800000e+00 -1.071014e+02
     vertex  7.609928e+01  1.380000e+01 -1.071014e+02
     vertex  7.676100e+01  1.380000e+01 -1.074488e+02
   endloop
 endfacet
 facet normal -4.647232e-01  0.000000e+00 -8.854560e-01
   outer loop
     vertex  7.609928e+01  8.800000e+00 -1.071014e+02
     vertex  7.676100e+01  1.380000e+01 -1.074488e+02
     vertex  7.676100e+01  8.800000e+00 -1.074488e+02
   endloop
 endfacet
 facet normal -2.393157e-01  0.000000e+00 -9.709418e-01
   outer loop
     vertex  7.537366e+01  8.800000e+00 -1.069226e+02
     vertex  7.537366e+01  1.380000e+01 -1.069226e+02
     vertex  7.609928e+01  1.380000e+01 -1.071014e+02
   endloop
 endfacet
 facet normal -2.393157e-01  0.000000e+00 -9.709418e-01
   outer loop
     vertex  7.537366e+01  8.800000e+00 -1.069226e+02
     vertex  7.609928e+01  1.380000e+01 -1.071014e+02
     vertex  7.609928e+01  8.800000e+00 -1.071014e+02
   endloop
 endfacet
 facet normal -1.901557e-14  0.000000e+00 -1.000000e+00
   outer loop
     vertex  7.462634e+01  8.800000e+00 -1.069226e+02
     vertex  7.462634e+01  1.380000e+01 -1.069226e+02
     vertex  7.537366e+01  1.380000e+01 -1.069226e+02
   endloop
 endfacet
 facet normal -1.901557e-14  0.000000e+00 -1.000000e+00
   outer loop
     vertex  7.462634e+01  8.800000e+00 -1.069226e+02
     vertex  7.537366e+01  1.380000e+01 -1.069226e+02
     vertex  7.537366e+01  8.800000e+00 -1.069226e+02
   endloop
 endfacet
 facet normal  2.393157e-01  0.000000e+00 -9.709418e-01
   outer loop
     vertex  7.390072e+01  8.800000e+00 -1.071014e+02
     vertex  7.390072e+01  1.380000e+01 -1.071014e+02
     vertex  7.462634e+01  1.380000e+01 -1.069226e+02
   endloop
 endfacet
 facet normal  2.393157e-01  0.000000e+00 -9.709418e-01
   outer loop
     vertex  7.390072e+01  8.800000e+00 -1.071014e+02
     vertex  7.462634e+01  1.380000e+01 -1.069226e+02
     vertex  7.462634e+01  8.800000e+00 -1.069226e+02
   endloop
 endfacet
 facet normal  4.647232e-01  1.320823e-15 -8.854560e-01
   outer loop
     vertex  7.323900e+01  8.800000e+00 -1.074488e+02
     vertex  7.323900e+01  1.380000e+01 -1.074488e+02
     vertex  7.390072e+01  1.380000e+01 -1.071014e+02
   endloop
 endfacet
 facet normal  4.647232e-01  0.000000e+00 -8.854560e-01
   outer loop
     vertex  7.323900e+01  8.800000e+00 -1.074488e+02
     vertex  7.390072e+01  1.380000e+01 -1.071014e+02
     vertex  7.390072e+01  8.800000e+00 -1.071014e+02
   endloop
 endfacet
 facet normal  6.631227e-01  0.000000e+00 -7.485107e-01
   outer loop
     vertex  7.267962e+01  8.800000e+00 -1.079443e+02
     vertex  7.267962e+01  1.380000e+01 -1.079443e+02
     vertex  7.323900e+01  1.380000e+01 -1.074488e+02
   endloop
 endfacet
 facet normal  6.631227e-01  1.886701e-15 -7.485107e-01
   outer loop
     vertex  7.267962e+01  8.800000e+00 -1.079443e+02
     vertex  7.323900e+01  1.380000e+01 -1.074488e+02
     vertex  7.323900e+01  8.800000e+00 -1.074488e+02
   endloop
 endfacet
 facet normal  8.229839e-01 -1.614537e-15 -5.680647e-01
   outer loop
     vertex  7.225509e+01  8.800000e+00 -1.085594e+02
     vertex  7.225509e+01  1.380000e+01 -1.085594e+02
     vertex  7.267962e+01  1.380000e+01 -1.079443e+02
   endloop
 endfacet
 facet normal  8.229839e-01  0.000000e+00 -5.680647e-01
   outer loop
     vertex  7.225509e+01  8.800000e+00 -1.085594e+02
     vertex  7.267962e+01  1.380000e+01 -1.079443e+02
     vertex  7.267962e+01  8.800000e+00 -1.079443e+02
   endloop
 endfacet
 facet normal  9.350162e-01  0.000000e+00 -3.546049e-01
   outer loop
     vertex  7.199008e+01  8.800000e+00 -1.092581e+02
     vertex  7.199008e+01  1.380000e+01 -1.092581e+02
     vertex  7.225509e+01  1.380000e+01 -1.085594e+02
   endloop
 endfacet
 facet normal  9.350162e-01 -1.010202e-15 -3.546049e-01
   outer loop
     vertex  7.199008e+01  8.800000e+00 -1.092581e+02
     vertex  7.225509e+01  1.380000e+01 -1.085594e+02
     vertex  7.225509e+01  8.800000e+00 -1.085594e+02
   endloop
 endfacet
 facet normal  9.927089e-01  0.000000e+00 -1.205367e-01
   outer loop
     vertex  7.190000e+01  8.800000e+00 -1.100000e+02
     vertex  7.190000e+01  1.380000e+01 -1.100000e+02
     vertex  7.199008e+01  1.380000e+01 -1.092581e+02
   endloop
 endfacet
 facet normal  9.927089e-01  0.000000e+00 -1.205367e-01
   outer loop
     vertex  7.190000e+01  8.800000e+00 -1.100000e+02
     vertex  7.199008e+01  1.380000e+01 -1.092581e+02
     vertex  7.199008e+01  8.800000e+00 -1.092581e+02
   endloop
 endfacet
 facet normal -9.927089e-01  0.000000e+00 -1.205367e-01
   outer loop
     vertex  4.800992e+01  8.800000e+00 -1.092581e+02
     vertex  4.810000e+01  1.380000e+01 -1.100000e+02
     vertex  4.810000e+01  8.800000e+00 -1.100000e+02
   endloop
 endfacet
 facet normal -9.927089e-01  0.000000e+00 -1.205367e-01
   outer loop
     vertex  4.800992e+01  8.800000e+00 -1.092581e+02
     vertex  4.800992e+01  1.380000e+01 -1.092581e+02
     vertex  4.810000e+01  1.380000e+01 -1.100000e+02
   endloop
 endfacet
 facet normal -9.350162e-01  0.000000e+00 -3.546049e-01
   outer loop
     vertex  4.774491e+01  8.800000e+00 -1.085594e+02
     vertex  4.774491e+01  1.380000e+01 -1.085594e+02
     vertex  4.800992e+01  1.380000e+01 -1.092581e+02
   endloop
 endfacet
 facet normal -9.350162e-01  0.000000e+00 -3.546049e-01
   outer loop
     vertex  4.774491e+01  8.800000e+00 -1.085594e+02
     vertex  4.800992e+01  1.380000e+01 -1.092581e+02
     vertex  4.800992e+01  8.800000e+00 -1.092581e+02
   endloop
 endfacet
 facet normal -8.229839e-01  0.000000e+00 -5.680647e-01
   outer loop
     vertex  4.732038e+01  8.800000e+00 -1.079443e+02
     vertex  4.732038e+01  1.380000e+01 -1.079443e+02
     vertex  4.774491e+01  1.380000e+01 -1.085594e+02
   endloop
 endfacet
 facet normal -8.229839e-01  0.000000e+00 -5.680647e-01
   outer loop
     vertex  4.732038e+01  8.800000e+00 -1.079443e+02
     vertex  4.774491e+01  1.380000e+01 -1.085594e+02
     vertex  4.774491e+01  8.800000e+00 -1.085594e+02
   endloop
 endfacet
 facet normal -6.631227e-01 -9.423540e-16 -7.485107e-01
   outer loop
     vertex  4.676100e+01  8.800000e+00 -1.074488e+02
     vertex  4.676100e+01  1.380000e+01 -1.074488e+02
     vertex  4.732038e+01  1.380000e+01 -1.079443e+02
   endloop
 endfacet
 facet normal -6.631227e-01  0.000000e+00 -7.485107e-01
   outer loop
     vertex  4.676100e+01  8.800000e+00 -1.074488e+02
     vertex  4.732038e+01  1.380000e+01 -1.079443e+02
     vertex  4.732038e+01  8.800000e+00 -1.079443e+02
   endloop
 endfacet
 facet normal -4.647232e-01  0.000000e+00 -8.854560e-01
   outer loop
     vertex  4.609928e+01  8.800000e+00 -1.071014e+02
     vertex  4.609928e+01  1.380000e+01 -1.071014e+02
     vertex  4.676100e+01  1.380000e+01 -1.074488e+02
   endloop
 endfacet
 facet normal -4.647232e-01 -6.610881e-16 -8.854560e-01
   outer loop
     vertex  4.609928e+01  8.800000e+00 -1.071014e+02
     vertex  4.676100e+01  1.380000e+01 -1.074488e+02
     vertex  4.676100e+01  8.800000e+00 -1.074488e+02
   endloop
 endfacet
 facet normal -2.393157e-01 -3.400880e-16 -9.709418e-01
   outer loop
     vertex  4.537366e+01  8.800000e+00 -1.069226e+02
     vertex  4.537366e+01  1.380000e+01 -1.069226e+02
     vertex  4.609928e+01  1.380000e+01 -1.071014e+02
   endloop
 endfacet
 facet normal -2.393157e-01  0.000000e+00 -9.709418e-01
   outer loop
     vertex  4.537366e+01  8.800000e+00 -1.069226e+02
     vertex  4.609928e+01  1.380000e+01 -1.071014e+02
     vertex  4.609928e+01  8.800000e+00 -1.071014e+02
   endloop
 endfacet
 facet normal  0.000000e+00  0.000000e+00 -1.000000e+00
   outer loop
     vertex  4.462634e+01  8.800000e+00 -1.069226e+02
     vertex  4.462634e+01  1.380000e+01 -1.069226e+02
     vertex  4.537366e+01  1.380000e+01 -1.069226e+02
   endloop
 endfacet
 facet normal  0.000000e+00  0.000000e+00 -1.000000e+00
   outer loop
     vertex  4.462634e+01  8.800000e+00 -1.069226e+02
     vertex  4.537366e+01  1.380000e+01 -1.069226e+02
     vertex  4.537366e+01  8.800000e+00 -1.069226e+02
   endloop
 endfacet
 facet normal  2.393157e-01  0.000000e+00 -9.709418e-01
   outer loop
     vertex  4.390072e+01  8.800000e+00 -1.071014e+02
     vertex  4.390072e+01  1.380000e+01 -1.071014e+02
     vertex  4.462634e+01  1.380000e+01 -1.069226e+02
   endloop
 endfacet
 facet normal  2.393157e-01  0.000000e+00 -9.709418e-01
   outer loop
     vertex  4.390072e+01  8.800000e+00 -1.071014e+02
     vertex  4.462634e+01  1.380000e+01 -1.069226e+02
     vertex  4.462634e+01  8.800000e+00 -1.069226e+02
   endloop
 endfacet
 facet normal  4.647232e-01  6.604113e-16 -8.854560e-01
   outer loop
     vertex  4.323900e+01  8.800000e+00 -1.074488e+02
     vertex  4.323900e+01  1.380000e+01 -1.074488e+02
     vertex  4.390072e+01  1.380000e+01 -1.071014e+02
   endloop
 endfacet
 facet normal  4.647232e-01  0.000000e+00 -8.854560e-01
   outer loop
     vertex  4.323900e+01  8.800000e+00 -1.074488e+02
     vertex  4.390072e+01  1.380000e+01 -1.071014e+02
     vertex  4.390072e+01  8.800000e+00 -1.071014e+02
   endloop
 endfacet
 facet normal  6.631227e-01  0.000000e+00 -7.485107e-01
   outer loop
     vertex  4.267962e+01  8.800000e+00 -1.079443e+02
     vertex  4.267962e+01  1.380000e+01 -1.079443e+02
     vertex  4.323900e+01  1.380000e+01 -1.074488e+02
   endloop
 endfacet
 facet normal  6.631227e-01  9.359224e-16 -7.485107e-01
   outer loop
     vertex  4.267962e+01  8.800000e+00 -1.079443e+02
     vertex  4.323900e+01  1.380000e+01 -1.074488e+02
     vertex  4.323900e+01  8.800000e+00 -1.074488e+02
   endloop
 endfacet
 facet normal  8.229839e-01 -1.614537e-15 -5.680647e-01
   outer loop
     vertex  4.225509e+01  8.800000e+00 -1.085594e+02
     vertex  4.225509e+01  1.380000e+01 -1.085594e+02
     vertex  4.267962e+01  1.380000e+01 -1.079443e+02
   endloop
 endfacet
 facet normal  8.229839e-01  0.000000e+00 -5.680647e-01
   outer loop
     vertex  4.225509e+01  8.800000e+00 -1.085594e+02
     vertex  4.267962e+01  1.380000e+01 -1.079443e+02
     vertex  4.267962e+01  8.800000e+00 -1.079443e+02
   endloop
 endfacet
 facet normal  9.350162e-01  0.000000e+00 -3.546049e-01
   outer loop
     vertex  4.199008e+01  8.800000e+00 -1.092581e+02
     vertex  4.199008e+01  1.380000e+01 -1.092581e+02
     vertex  4.225509e+01  1.380000e+01 -1.085594e+02
   endloop
 endfacet
 facet normal  9.350162e-01 -1.010202e-15 -3.546049e-01
   outer loop
     vertex  4.199008e+01  8.800000e+00 -1.092581e+02
     vertex  4.225509e+01  1.380000e+01 -1.085594e+02
     vertex  4.225509e+01  8.800000e+00 -1.085594e+02
   endloop
 endfacet
 facet normal  9.927089e-01  0.000000e+00 -1.205367e-01
   outer loop
     vertex  4.190000e+01  8.800000e+00 -1.100000e+02
     vertex  4.190000e+01  1.380000e+01 -1.100000e+02
     vertex  4.199008e+01  1.380000e+01 -1.092581e+02
   endloop
 endfacet
 facet normal  9.927089e-01  0.000000e+00 -1.205367e-01
   outer loop
     vertex  4.190000e+01  8.800000e+00 -1.100000e+02
     vertex  4.199008e+01  1.380000e+01 -1.092581e+02
     vertex  4.199008e+01  8.800000e+00 -1.092581e+02
   endloop
 endfacet
 facet normal -9.927089e-01  0.000000e+00 -1.205367e-01
   outer loop
     vertex  4.800992e+01  8.800000e+00 -7.925812e+01
     vertex  4.810000e+01  1.380000e+01 -8.000000e+01
     vertex  4.810000e+01  8.800000e+00 -8.000000e+01
   endloop
 endfacet
 facet normal -9.927089e-01  0.000000e+00 -1.205367e-01
   outer loop
     vertex  4.800992e+01  8.800000e+00 -7.925812e+01
     vertex  4.800992e+01  1.380000e+01 -7.925812e+01
     vertex  4.810000e+01  1.380000e+01 -8.000000e+01
   endloop
 endfacet
 facet normal -9.350162e-01  0.000000e+00 -3.546049e-01
   outer loop
     vertex  4.774491e+01  8.800000e+00 -7.855936e+01
     vertex  4.774491e+01  1.380000e+01 -7.855936e+01
     vertex  4.800992e+01  1.380000e+01 -7.925812e+01
   endloop
 endfacet
 facet normal -9.350162e-01  0.000000e+00 -3.546049e-01
   outer loop
     vertex  4.774491e+01  8.800000e+00 -7.855936e+01
     vertex  4.800992e+01  1.380000e+01 -7.925812e+01
     vertex  4.800992e+01  8.800000e+00 -7.925812e+01
   endloop
 endfacet
 facet normal -8.229839e-01  0.000000e+00 -5.680647e-01
   outer loop
     vertex  4.732038e+01  8.800000e+00 -7.794432e+01
     vertex  4.732038e+01  1.380000e+01 -7.794432e+01
     vertex  4.774491e+01  1.380000e+01 -7.855936e+01
   endloop
 endfacet
 facet normal -8.229839e-01  0.000000e+00 -5.680647e-01
   outer loop
     vertex  4.732038e+01  8.800000e+00 -7.794432e+01
     vertex  4.774491e+01  1.380000e+01 -7.855936e+01
     vertex  4.774491e+01  8.800000e+00 -7.855936e+01
   endloop
 endfacet
 facet normal -6.631227e-01 -1.884708e-15 -7.485107e-01
   outer loop
     vertex  4.676100e+01  8.800000e+00 -7.744875e+01
     vertex  4.676100e+01  1.380000e+01 -7.744875e+01
     vertex  4.732038e+01  1.380000e+01 -7.794432e+01
   endloop
 endfacet
 facet normal -6.631227e-01  0.000000e+00 -7.485107e-01
   outer loop
     vertex  4.676100e+01  8.800000e+00 -7.744875e+01
     vertex  4.732038e+01  1.380000e+01 -7.794432e+01
     vertex  4.732038e+01  8.800000e+00 -7.794432e+01
   endloop
 endfacet
 facet normal -4.647232e-01  0.000000e+00 -8.854560e-01
   outer loop
     vertex  4.609928e+01  8.800000e+00 -7.710145e+01
     vertex  4.609928e+01  1.380000e+01 -7.710145e+01
     vertex  4.676100e+01  1.380000e+01 -7.744875e+01
   endloop
 endfacet
 facet normal -4.647232e-01 -1.322176e-15 -8.854560e-01
   outer loop
     vertex  4.609928e+01  8.800000e+00 -7.710145e+01
     vertex  4.676100e+01  1.380000e+01 -7.744875e+01
     vertex  4.676100e+01  8.800000e+00 -7.744875e+01
   endloop
 endfacet
 facet normal -2.393157e-01 -3.400880e-16 -9.709418e-01
   outer loop
     vertex  4.537366e+01  8.800000e+00 -7.692260e+01
     vertex  4.537366e+01  1.380000e+01 -7.692260e+01
     vertex  4.609928e+01  1.380000e+01 -7.710145e+01
   endloop
 endfacet
 facet normal -2.393157e-01  0.000000e+00 -9.709418e-01
   outer loop
     vertex  4.537366e+01  8.800000e+00 -7.692260e+01
     vertex  4.609928e+01  1.380000e+01 -7.710145e+01
     vertex  4.609928e+01  8.800000e+00 -7.710145e+01
   endloop
 endfacet
 facet normal  0.000000e+00  0.000000e+00 -1.000000e+00
   outer loop
     vertex  4.462634e+01  8.800000e+00 -7.692260e+01
     vertex  4.462634e+01  1.380000e+01 -7.692260e+01
     vertex  4.537366e+01  1.380000e+01 -7.692260e+01
   endloop
 endfacet
 facet normal  0.000000e+00  0.000000e+00 -1.000000e+00
   outer loop
     vertex  4.462634e+01  8.800000e+00 -7.692260e+01
     vertex  4.537366e+01  1.380000e+01 -7.692260e+01
     vertex  4.537366e+01  8.800000e+00 -7.692260e+01
   endloop
 endfacet
 facet normal  2.393157e-01  0.000000e+00 -9.709418e-01
   outer loop
     vertex  4.390072e+01  8.800000e+00 -7.710145e+01
     vertex  4.390072e+01  1.380000e+01 -7.710145e+01
     vertex  4.462634e+01  1.380000e+01 -7.692260e+01
   endloop
 endfacet
 facet normal  2.393157e-01  0.000000e+00 -9.709418e-01
   outer loop
     vertex  4.390072e+01  8.800000e+00 -7.710145e+01
     vertex  4.462634e+01  1.380000e+01 -7.692260e+01
     vertex  4.462634e+01  8.800000e+00 -7.692260e+01
   endloop
 endfacet
 facet normal  4.647232e-01  1.320823e-15 -8.854560e-01
   outer loop
     vertex  4.323900e+01  8.800000e+00 -7.744875e+01
     vertex  4.323900e+01  1.380000e+01 -7.744875e+01
     vertex  4.390072e+01  1.380000e+01 -7.710145e+01
   endloop
 endfacet
 facet normal  4.647232e-01  0.000000e+00 -8.854560e-01
   outer loop
     vertex  4.323900e+01  8.800000e+00 -7.744875e+01
     vertex  4.390072e+01  1.380000e+01 -7.710145e+01
     vertex  4.390072e+01  8.800000e+00 -7.710145e+01
   endloop
 endfacet
 facet normal  6.631227e-01  0.000000e+00 -7.485107e-01
   outer loop
     vertex  4.267962e+01  8.800000e+00 -7.794432e+01
     vertex  4.267962e+01  1.380000e+01 -7.794432e+01
     vertex  4.323900e+01  1.380000e+01 -7.744875e+01
   endloop
 endfacet
 facet normal  6.631227e-01  1.886701e-15 -7.485107e-01
   outer loop
     vertex  4.267962e+01  8.800000e+00 -7.794432e+01
     vertex  4.323900e+01  1.380000e+01 -7.744875e+01
     vertex  4.323900e+01  8.800000e+00 -7.744875e+01
   endloop
 endfacet
 facet normal  8.229839e-01  0.000000e+00 -5.680647e-01
   outer loop
     vertex  4.225509e+01  8.800000e+00 -7.855936e+01
     vertex  4.225509e+01  1.380000e+01 -7.855936e+01
     vertex  4.267962e+01  1.380000e+01 -7.794432e+01
   endloop
 endfacet
 facet normal  8.229839e-01  0.000000e+00 -5.680647e-01
   outer loop
     vertex  4.225509e+01  8.800000e+00 -7.855936e+01
     vertex  4.267962e+01  1.380000e+01 -7.794432e+01
     vertex  4.267962e+01  8.800000e+00 -7.794432e+01
   endloop
 endfacet
 facet normal  9.350162e-01  0.000000e+00 -3.546049e-01
   outer loop
     vertex  4.199008e+01  8.800000e+00 -7.925812e+01
     vertex  4.199008e+01  1.380000e+01 -7.925812e+01
     vertex  4.225509e+01  1.380000e+01 -7.855936e+01
   endloop
 endfacet
 facet normal  9.350162e-01  0.000000e+00 -3.546049e-01
   outer loop
     vertex  4.199008e+01  8.800000e+00 -7.925812e+01
     vertex  4.225509e+01  1.380000e+01 -7.855936e+01
     vertex  4.225509e+01  8.800000e+00 -7.855936e+01
   endloop
 endfacet
 facet normal  9.927089e-01  0.000000e+00 -1.205367e-01
   outer loop
     vertex  4.190000e+01  8.800000e+00 -8.000000e+01
     vertex  4.190000e+01  1.380000e+01 -8.000000e+01
     vertex  4.199008e+01  1.380000e+01 -7.925812e+01
   endloop
 endfacet
 facet normal  9.927089e-01  0.000000e+00 -1.205367e-01
   outer loop
     vertex  4.190000e+01  8.800000e+00 -8.000000e+01
     vertex  4.199008e+01  1.380000e+01 -7.925812e+01
     vertex  4.199008e+01  8.800000e+00 -7.925812e+01
   endloop
 endfacet
 facet normal  5.645247e-15  1.205367e-01  9.927089e-01
   outer loop
     vertex  3.000000e+01  3.305812e+01 -1.130099e+02
     vertex  3.500000e+01  3.380000e+01 -1.131000e+02
     vertex  3.000000e+01  3.380000e+01 -1.131000e+02
   endloop
 endfacet
 facet normal  5.642897e-15  1.205367e-01  9.927089e-01
   outer loop
     vertex  3.000000e+01  3.305812e+01 -1.130099e+02
     vertex  3.500000e+01  3.305812e+01 -1.130099e+02
     vertex  3.500000e+01  3.380000e+01 -1.131000e+02
   endloop
 endfacet
 facet normal  2.657476e-15  3.546049e-01  9.350162e-01
   outer loop
     vertex  3.000000e+01  3.235936e+01 -1.127449e+02
     vertex  3.500000e+01  3.235936e+01 -1.127449e+02
     vertex  3.500000e+01  3.305812e+01 -1.130099e+02
   endloop
 endfacet
 facet normal  5.310988e-15  3.546049e-01  9.350162e-01
   outer loop
     vertex  3.000000e+01  3.235936e+01 -1.127449e+02
     vertex  3.500000e+01  3.305812e+01 -1.130099e+02
     vertex  3.000000e+01  3.305812e+01 -1.130099e+02
   endloop
 endfacet
 facet normal  4.678122e-15  5.680647e-01  8.229839e-01
   outer loop
     vertex  3.000000e+01  3.174432e+01 -1.123204e+02
     vertex  3.500000e+01  3.174432e+01 -1.123204e+02
     vertex  3.500000e+01  3.235936e+01 -1.127449e+02
   endloop
 endfacet
 facet normal  2.347234e-15  5.680647e-01  8.229839e-01
   outer loop
     vertex  3.000000e+01  3.174432e+01 -1.123204e+02
     vertex  3.500000e+01  3.235936e+01 -1.127449e+02
     vertex  3.000000e+01  3.235936e+01 -1.127449e+02
   endloop
 endfacet
 facet normal  3.769416e-15  7.485107e-01  6.631227e-01
   outer loop
     vertex  3.000000e+01  3.124875e+01 -1.117610e+02
     vertex  3.500000e+01  3.124875e+01 -1.117610e+02
     vertex  3.500000e+01  3.174432e+01 -1.123204e+02
   endloop
 endfacet
 facet normal  3.773402e-15  7.485107e-01  6.631227e-01
   outer loop
     vertex  3.000000e+01  3.124875e+01 -1.117610e+02
     vertex  3.500000e+01  3.174432e+01 -1.123204e+02
     vertex  3.000000e+01  3.174432e+01 -1.123204e+02
   endloop
 endfacet
 facet normal  6.916683e-16  8.854560e-01  4.647232e-01
   outer loop
     vertex  3.000000e+01  3.090145e+01 -1.110993e+02
     vertex  3.500000e+01  3.090145e+01 -1.110993e+02
     vertex  3.500000e+01  3.124875e+01 -1.117610e+02
   endloop
 endfacet
 facet normal  2.644352e-15  8.854560e-01  4.647232e-01
   outer loop
     vertex  3.000000e+01  3.090145e+01 -1.110993e+02
     vertex  3.500000e+01  3.124875e+01 -1.117610e+02
     vertex  3.000000e+01  3.124875e+01 -1.117610e+02
   endloop
 endfacet
 facet normal  6.801760e-16  9.709418e-01  2.393157e-01
   outer loop
     vertex  3.000000e+01  3.072260e+01 -1.103737e+02
     vertex  3.500000e+01  3.072260e+01 -1.103737e+02
     vertex  3.500000e+01  3.090145e+01 -1.110993e+02
   endloop
 endfacet
 facet normal -7.427956e-18  9.709418e-01  2.393157e-01
   outer loop
     vertex  3.000000e+01  3.072260e+01 -1.103737e+02
     vertex  3.500000e+01  3.090145e+01 -1.110993e+02
     vertex  3.000000e+01  3.090145e+01 -1.110993e+02
   endloop
 endfacet
 facet normal  0.000000e+00  1.000000e+00  0.000000e+00
   outer loop
     vertex  3.000000e+01  3.072260e+01 -1.096263e+02
     vertex  3.500000e+01  3.072260e+01 -1.096263e+02
     vertex  3.500000e+01  3.072260e+01 -1.103737e+02
   endloop
 endfacet
 facet normal  0.000000e+00  1.000000e+00  0.000000e+00
   outer loop
     vertex  3.000000e+01  3.072260e+01 -1.096263e+02
     vertex  3.500000e+01  3.072260e+01 -1.103737e+02
     vertex  3.000000e+01  3.072260e+01 -1.103737e+02
   endloop
 endfacet
 facet normal -2.740143e-15  9.709418e-01 -2.393157e-01
   outer loop
     vertex  3.000000e+01  3.090145e+01 -1.089007e+02
     vertex  3.500000e+01  3.090145e+01 -1.089007e+02
     vertex  3.500000e+01  3.072260e+01 -1.096263e+02
   endloop
 endfacet
 facet normal -1.359316e-15  9.709418e-01 -2.393157e-01
   outer loop
     vertex  3.000000e+01  3.090145e+01 -1.089007e+02
     vertex  3.500000e+01  3.072260e+01 -1.096263e+02
     vertex  3.000000e+01  3.072260e+01 -1.096263e+02
   endloop
 endfacet
 facet normal -3.270800e-15  8.854560e-01 -4.647232e-01
   outer loop
     vertex  3.000000e+01  3.124875e+01 -1.082390e+02
     vertex  3.500000e+01  3.124875e+01 -1.082390e+02
     vertex  3.500000e+01  3.090145e+01 -1.089007e+02
   endloop
 endfacet
 facet normal -3.899677e-15  8.854560e-01 -4.647232e-01
   outer loop
     vertex  3.000000e+01  3.124875e+01 -1.082390e+02
     vertex  3.500000e+01  3.090145e+01 -1.089007e+02
     vertex  3.000000e+01  3.090145e+01 -1.089007e+02
   endloop
 endfacet
 facet normal -2.948406e-15  7.485107e-01 -6.631227e-01
   outer loop
     vertex  3.000000e+01  3.174432e+01 -1.076796e+02
     vertex  3.500000e+01  3.174432e+01 -1.076796e+02
     vertex  3.500000e+01  3.124875e+01 -1.082390e+02
   endloop
 endfacet
 facet normal -4.293359e-15  7.485107e-01 -6.631227e-01
   outer loop
     vertex  3.000000e+01  3.174432e+01 -1.076796e+02
     vertex  3.500000e+01  3.124875e+01 -1.082390e+02
     vertex  3.000000e+01  3.124875e+01 -1.082390e+02
   endloop
 endfacet
 facet normal -6.292659e-15  5.680647e-01 -8.229839e-01
   outer loop
     vertex  3.000000e+01  3.235936e+01 -1.072551e+02
     vertex  3.500000e+01  3.235936e+01 -1.072551e+02
     vertex  3.500000e+01  3.174432e+01 -1.076796e+02
   endloop
 endfacet
 facet normal -3.134597e-15  5.680647e-01 -8.229839e-01
   outer loop
     vertex  3.000000e+01  3.235936e+01 -1.072551e+02
     vertex  3.500000e+01  3.174432e+01 -1.076796e+02
     vertex  3.000000e+01  3.174432e+01 -1.076796e+02
   endloop
 endfacet
 facet normal -5.314952e-15  3.546049e-01 -9.350162e-01
   outer loop
     vertex  3.000000e+01  3.305812e+01 -1.069901e+02
     vertex  3.500000e+01  3.305812e+01 -1.069901e+02
     vertex  3.500000e+01  3.235936e+01 -1.072551e+02
   endloop
 endfacet
 facet normal -6.321190e-15  3.546049e-01 -9.350162e-01
   outer loop
     vertex  3.000000e+01  3.305812e+01 -1.069901e+02
     vertex  3.500000e+01  3.235936e+01 -1.072551e+02
     vertex  3.000000e+01  3.235936e+01 -1.072551e+02
   endloop
 endfacet
 facet normal -5.642897e-15  1.205367e-01 -9.927089e-01
   outer loop
     vertex  3.000000e+01  3.380000e+01 -1.069000e+02
     vertex  3.500000e+01  3.380000e+01 -1.069000e+02
     vertex  3.500000e+01  3.305812e+01 -1.069901e+02
   endloop
 endfacet
 facet normal -5.645247e-15  1.205367e-01 -9.927089e-01
   outer loop
     vertex  3.000000e+01  3.380000e+01 -1.069000e+02
     vertex  3.500000e+01  3.305812e+01 -1.069901e+02
     vertex  3.000000e+01  3.305812e+01 -1.069901e+02
   endloop
 endfacet
 facet normal  5.645247e-15  1.205367e-01  9.927089e-01
   outer loop
     vertex  3.000000e+01  5.305812e+01 -8.300992e+01
     vertex  3.500000e+01  5.380000e+01 -8.310000e+01
     vertex  3.000000e+01  5.380000e+01 -8.310000e+01
   endloop
 endfacet
 facet normal  5.642897e-15  1.205367e-01  9.927089e-01
   outer loop
     vertex  3.000000e+01  5.305812e+01 -8.300992e+01
     vertex  3.500000e+01  5.305812e+01 -8.300992e+01
     vertex  3.500000e+01  5.380000e+01 -8.310000e+01
   endloop
 endfacet
 facet normal  5.314952e-15  3.546049e-01  9.350162e-01
   outer loop
     vertex  3.000000e+01  5.235936e+01 -8.274491e+01
     vertex  3.500000e+01  5.235936e+01 -8.274491e+01
     vertex  3.500000e+01  5.305812e+01 -8.300992e+01
   endloop
 endfacet
 facet normal  5.310988e-15  3.546049e-01  9.350162e-01
   outer loop
     vertex  3.000000e+01  5.235936e+01 -8.274491e+01
     vertex  3.500000e+01  5.305812e+01 -8.300992e+01
     vertex  3.000000e+01  5.305812e+01 -8.300992e+01
   endloop
 endfacet
 facet normal  4.678122e-15  5.680647e-01  8.229839e-01
   outer loop
     vertex  3.000000e+01  5.174432e+01 -8.232038e+01
     vertex  3.500000e+01  5.174432e+01 -8.232038e+01
     vertex  3.500000e+01  5.235936e+01 -8.274491e+01
   endloop
 endfacet
 facet normal  4.679612e-15  5.680647e-01  8.229839e-01
   outer loop
     vertex  3.000000e+01  5.174432e+01 -8.232038e+01
     vertex  3.500000e+01  5.235936e+01 -8.274491e+01
     vertex  3.000000e+01  5.235936e+01 -8.274491e+01
   endloop
 endfacet
 facet normal  3.769416e-15  7.485107e-01  6.631227e-01
   outer loop
     vertex  3.000000e+01  5.124875e+01 -8.176100e+01
     vertex  3.500000e+01  5.124875e+01 -8.176100e+01
     vertex  3.500000e+01  5.174432e+01 -8.232038e+01
   endloop
 endfacet
 facet normal  3.773402e-15  7.485107e-01  6.631227e-01
   outer loop
     vertex  3.000000e+01  5.124875e+01 -8.176100e+01
     vertex  3.500000e+01  5.174432e+01 -8.232038e+01
     vertex  3.000000e+01  5.174432e+01 -8.232038e+01
   endloop
 endfacet
 facet normal  1.320823e-15  8.854560e-01  4.647232e-01
   outer loop
     vertex  3.000000e+01  5.090145e+01 -8.109928e+01
     vertex  3.500000e+01  5.090145e+01 -8.109928e+01
     vertex  3.500000e+01  5.124875e+01 -8.176100e+01
   endloop
 endfacet
 facet normal  2.636924e-15  8.854560e-01  4.647232e-01
   outer loop
     vertex  3.000000e+01  5.090145e+01 -8.109928e+01
     vertex  3.500000e+01  5.124875e+01 -8.176100e+01
     vertex  3.000000e+01  5.124875e+01 -8.176100e+01
   endloop
 endfacet
 facet normal  3.439759e-15  9.709418e-01  2.393157e-01
   outer loop
     vertex  3.000000e+01  5.072260e+01 -8.037366e+01
     vertex  3.500000e+01  5.072260e+01 -8.037366e+01
     vertex  3.500000e+01  5.090145e+01 -8.109928e+01
   endloop
 endfacet
 facet normal  6.759440e-16  9.709418e-01  2.393157e-01
   outer loop
     vertex  3.000000e+01  5.072260e+01 -8.037366e+01
     vertex  3.500000e+01  5.090145e+01 -8.109928e+01
     vertex  3.000000e+01  5.090145e+01 -8.109928e+01
   endloop
 endfacet
 facet normal  2.842171e-15  1.000000e+00  0.000000e+00
   outer loop
     vertex  3.000000e+01  5.072260e+01 -7.962634e+01
     vertex  3.500000e+01  5.072260e+01 -7.962634e+01
     vertex  3.500000e+01  5.072260e+01 -8.037366e+01
   endloop
 endfacet
 facet normal  2.842171e-15  1.000000e+00 -1.351137e-29
   outer loop
     vertex  3.000000e+01  5.072260e+01 -7.962634e+01
     vertex  3.500000e+01  5.072260e+01 -8.037366e+01
     vertex  3.000000e+01  5.072260e+01 -8.037366e+01
   endloop
 endfacet
 facet normal -1.360352e-15  9.709418e-01 -2.393157e-01
   outer loop
     vertex  3.000000e+01  5.090145e+01 -7.890072e+01
     vertex  3.500000e+01  5.090145e+01 -7.890072e+01
     vertex  3.500000e+01  5.072260e+01 -7.962634e+01
   endloop
 endfacet
 facet normal  1.403884e-15  9.709418e-01 -2.393157e-01
   outer loop
     vertex  3.000000e+01  5.090145e+01 -7.890072e+01
     vertex  3.500000e+01  5.072260e+01 -7.962634e+01
     vertex  3.000000e+01  5.072260e+01 -7.962634e+01
   endloop
 endfacet
 facet normal -1.320823e-15  8.854560e-01 -4.647232e-01
   outer loop
     vertex  3.000000e+01  5.124875e+01 -7.823900e+01
     vertex  3.500000e+01  5.124875e+01 -7.823900e+01
     vertex  3.500000e+01  5.090145e+01 -7.890072e+01
   endloop
 endfacet
 facet normal -2.636924e-15  8.854560e-01 -4.647232e-01
   outer loop
     vertex  3.000000e+01  5.124875e+01 -7.823900e+01
     vertex  3.500000e+01  5.090145e+01 -7.890072e+01
     vertex  3.000000e+01  5.090145e+01 -7.890072e+01
   endloop
 endfacet
 facet normal -1.884708e-15  7.485107e-01 -6.631227e-01
   outer loop
     vertex  3.000000e+01  5.174432e+01 -7.767962e+01
     vertex  3.500000e+01  5.174432e+01 -7.767962e+01
     vertex  3.500000e+01  5.124875e+01 -7.823900e+01
   endloop
 endfacet
 facet normal -1.886701e-15  7.485107e-01 -6.631227e-01
   outer loop
     vertex  3.000000e+01  5.174432e+01 -7.767962e+01
     vertex  3.500000e+01  5.124875e+01 -7.823900e+01
     vertex  3.000000e+01  5.124875e+01 -7.823900e+01
   endloop
 endfacet
 facet normal -6.292659e-15  5.680647e-01 -8.229839e-01
   outer loop
     vertex  3.000000e+01  5.235936e+01 -7.725509e+01
     vertex  3.500000e+01  5.235936e+01 -7.725509e+01
     vertex  3.500000e+01  5.174432e+01 -7.767962e+01
   endloop
 endfacet
 facet normal -2.332378e-15  5.680647e-01 -8.229839e-01
   outer loop
     vertex  3.000000e+01  5.235936e+01 -7.725509e+01
     vertex  3.500000e+01  5.174432e+01 -7.767962e+01
     vertex  3.000000e+01  5.174432e+01 -7.767962e+01
   endloop
 endfacet
 facet normal -6.322800e-15  3.546049e-01 -9.350162e-01
   outer loop
     vertex  3.000000e+01  5.305812e+01 -7.699008e+01
     vertex  3.500000e+01  5.305812e+01 -7.699008e+01
     vertex  3.500000e+01  5.235936e+01 -7.725509e+01
   endloop
 endfacet
 facet normal -5.985482e-15  1.205367e-01 -9.927089e-01
   outer loop
     vertex  3.000000e+01  5.305812e+01 -7.699008e+01
     vertex  3.500000e+01  5.380000e+01 -7.690000e+01
     vertex  3.500000e+01  5.305812e+01 -7.699008e+01
   endloop
 endfacet
 facet normal -6.321190e-15  3.546049e-01 -9.350162e-01
   outer loop
     vertex  3.000000e+01  5.305812e+01 -7.699008e+01
     vertex  3.500000e+01  5.235936e+01 -7.725509e+01
     vertex  3.000000e+01  5.235936e+01 -7.725509e+01
   endloop
 endfacet
 facet normal -2.821448e-15  1.205367e-01 -9.927089e-01
   outer loop
     vertex  3.000000e+01  5.380000e+01 -7.690000e+01
     vertex  3.500000e+01  5.380000e+01 -7.690000e+01
     vertex  3.000000e+01  5.305812e+01 -7.699008e+01
   endloop
 endfacet
 facet normal  5.645247e-15  1.205367e-01  9.927089e-01
   outer loop
     vertex  3.000000e+01  5.305812e+01 -1.130099e+02
     vertex  3.500000e+01  5.380000e+01 -1.131000e+02
     vertex  3.000000e+01  5.380000e+01 -1.131000e+02
   endloop
 endfacet
 facet normal  5.642897e-15  1.205367e-01  9.927089e-01
   outer loop
     vertex  3.000000e+01  5.305812e+01 -1.130099e+02
     vertex  3.500000e+01  5.305812e+01 -1.130099e+02
     vertex  3.500000e+01  5.380000e+01 -1.131000e+02
   endloop
 endfacet
 facet normal  2.657476e-15  3.546049e-01  9.350162e-01
   outer loop
     vertex  3.000000e+01  5.235936e+01 -1.127449e+02
     vertex  3.500000e+01  5.235936e+01 -1.127449e+02
     vertex  3.500000e+01  5.305812e+01 -1.130099e+02
   endloop
 endfacet
 facet normal  5.310988e-15  3.546049e-01  9.350162e-01
   outer loop
     vertex  3.000000e+01  5.235936e+01 -1.127449e+02
     vertex  3.500000e+01  5.305812e+01 -1.130099e+02
     vertex  3.000000e+01  5.305812e+01 -1.130099e+02
   endloop
 endfacet
 facet normal  4.678122e-15  5.680647e-01  8.229839e-01
   outer loop
     vertex  3.000000e+01  5.174432e+01 -1.123204e+02
     vertex  3.500000e+01  5.174432e+01 -1.123204e+02
     vertex  3.500000e+01  5.235936e+01 -1.127449e+02
   endloop
 endfacet
 facet normal  2.347234e-15  5.680647e-01  8.229839e-01
   outer loop
     vertex  3.000000e+01  5.174432e+01 -1.123204e+02
     vertex  3.500000e+01  5.235936e+01 -1.127449e+02
     vertex  3.000000e+01  5.235936e+01 -1.127449e+02
   endloop
 endfacet
 facet normal  3.769416e-15  7.485107e-01  6.631227e-01
   outer loop
     vertex  3.000000e+01  5.124875e+01 -1.117610e+02
     vertex  3.500000e+01  5.124875e+01 -1.117610e+02
     vertex  3.500000e+01  5.174432e+01 -1.123204e+02
   endloop
 endfacet
 facet normal  3.773402e-15  7.485107e-01  6.631227e-01
   outer loop
     vertex  3.000000e+01  5.124875e+01 -1.117610e+02
     vertex  3.500000e+01  5.174432e+01 -1.123204e+02
     vertex  3.000000e+01  5.174432e+01 -1.123204e+02
   endloop
 endfacet
 facet normal  1.320823e-15  8.854560e-01  4.647232e-01
   outer loop
     vertex  3.000000e+01  5.090145e+01 -1.110993e+02
     vertex  3.500000e+01  5.090145e+01 -1.110993e+02
     vertex  3.500000e+01  5.124875e+01 -1.117610e+02
   endloop
 endfacet
 facet normal  2.636924e-15  8.854560e-01  4.647232e-01
   outer loop
     vertex  3.000000e+01  5.090145e+01 -1.110993e+02
     vertex  3.500000e+01  5.124875e+01 -1.117610e+02
     vertex  3.000000e+01  5.124875e+01 -1.117610e+02
   endloop
 endfacet
 facet normal -2.079407e-15  9.709418e-01  2.393157e-01
   outer loop
     vertex  3.000000e+01  5.072260e+01 -1.103737e+02
     vertex  3.500000e+01  5.072260e+01 -1.103737e+02
     vertex  3.500000e+01  5.090145e+01 -1.110993e+02
   endloop
 endfacet
 facet normal  6.833719e-16  9.709418e-01  2.393157e-01
   outer loop
     vertex  3.000000e+01  5.072260e+01 -1.103737e+02
     vertex  3.500000e+01  5.090145e+01 -1.110993e+02
     vertex  3.000000e+01  5.090145e+01 -1.110993e+02
   endloop
 endfacet
 facet normal -2.842171e-15  1.000000e+00  0.000000e+00
   outer loop
     vertex  3.000000e+01  5.072260e+01 -1.096263e+02
     vertex  3.500000e+01  5.072260e+01 -1.096263e+02
     vertex  3.500000e+01  5.072260e+01 -1.103737e+02
   endloop
 endfacet
 facet normal -2.842171e-15  1.000000e+00  1.351137e-29
   outer loop
     vertex  3.000000e+01  5.072260e+01 -1.096263e+02
     vertex  3.500000e+01  5.072260e+01 -1.103737e+02
     vertex  3.000000e+01  5.072260e+01 -1.103737e+02
   endloop
 endfacet
 facet normal -4.119935e-15  9.709418e-01 -2.393157e-01
   outer loop
     vertex  3.000000e+01  5.090145e+01 -1.089007e+02
     vertex  3.500000e+01  5.090145e+01 -1.089007e+02
     vertex  3.500000e+01  5.072260e+01 -1.096263e+02
   endloop
 endfacet
 facet normal -4.122516e-15  9.709418e-01 -2.393157e-01
   outer loop
     vertex  3.000000e+01  5.090145e+01 -1.089007e+02
     vertex  3.500000e+01  5.072260e+01 -1.096263e+02
     vertex  3.000000e+01  5.072260e+01 -1.096263e+02
   endloop
 endfacet
 facet normal -5.158263e-15  8.854560e-01 -4.647232e-01
   outer loop
     vertex  3.000000e+01  5.124875e+01 -1.082390e+02
     vertex  3.500000e+01  5.124875e+01 -1.082390e+02
     vertex  3.500000e+01  5.090145e+01 -1.089007e+02
   endloop
 endfacet
 facet normal -5.155001e-15  8.854560e-01 -4.647232e-01
   outer loop
     vertex  3.000000e+01  5.124875e+01 -1.082390e+02
     vertex  3.500000e+01  5.090145e+01 -1.089007e+02
     vertex  3.000000e+01  5.090145e+01 -1.089007e+02
   endloop
 endfacet
 facet normal -1.884708e-15  7.485107e-01 -6.631227e-01
   outer loop
     vertex  3.000000e+01  5.174432e+01 -1.076796e+02
     vertex  3.500000e+01  5.174432e+01 -1.076796e+02
     vertex  3.500000e+01  5.124875e+01 -1.082390e+02
   endloop
 endfacet
 facet normal -5.897797e-15  7.485107e-01 -6.631227e-01
   outer loop
     vertex  3.000000e+01  5.174432e+01 -1.076796e+02
     vertex  3.500000e+01  5.124875e+01 -1.082390e+02
     vertex  3.000000e+01  5.124875e+01 -1.082390e+02
   endloop
 endfacet
 facet normal -6.292659e-15  5.680647e-01 -8.229839e-01
   outer loop
     vertex  3.000000e+01  5.235936e+01 -1.072551e+02
     vertex  3.500000e+01  5.235936e+01 -1.072551e+02
     vertex  3.500000e+01  5.174432e+01 -1.076796e+02
   endloop
 endfacet
 facet normal -2.332378e-15  5.680647e-01 -8.229839e-01
   outer loop
     vertex  3.000000e+01  5.235936e+01 -1.072551e+02
     vertex  3.500000e+01  5.174432e+01 -1.076796e+02
     vertex  3.000000e+01  5.174432e+01 -1.076796e+02
   endloop
 endfacet
 facet normal -6.322800e-15  3.546049e-01 -9.350162e-01
   outer loop
     vertex  3.000000e+01  5.305812e+01 -1.069901e+02
     vertex  3.500000e+01  5.305812e+01 -1.069901e+02
     vertex  3.500000e+01  5.235936e+01 -1.072551e+02
   endloop
 endfacet
 facet normal -5.985482e-15  1.205367e-01 -9.927089e-01
   outer loop
     vertex  3.000000e+01  5.305812e+01 -1.069901e+02
     vertex  3.500000e+01  5.380000e+01 -1.069000e+02
     vertex  3.500000e+01  5.305812e+01 -1.069901e+02
   endloop
 endfacet
 facet normal -6.321190e-15  3.546049e-01 -9.350162e-01
   outer loop
     vertex  3.000000e+01  5.305812e+01 -1.069901e+02
     vertex  3.500000e+01  5.235936e+01 -1.072551e+02
     vertex  3.000000e+01  5.235936e+01 -1.072551e+02
   endloop
 endfacet
 facet normal -5.642897e-15  1.205367e-01 -9.927089e-01
   outer loop
     vertex  3.000000e+01  5.380000e+01 -1.069000e+02
     vertex  3.500000e+01  5.380000e+01 -1.069000e+02
     vertex  3.000000e+01  5.305812e+01 -1.069901e+02
   endloop
 endfacet
 facet normal  5.645247e-15  1.205367e-01  9.927089e-01
   outer loop
     vertex  3.000000e+01  3.305812e+01 -8.300992e+01
     vertex  3.500000e+01  3.380000e+01 -8.310000e+01
     vertex  3.000000e+01  3.380000e+01 -8.310000e+01
   endloop
 endfacet
 facet normal  5.642897e-15  1.205367e-01  9.927089e-01
   outer loop
     vertex  3.000000e+01  3.305812e+01 -8.300992e+01
     vertex  3.500000e+01  3.305812e+01 -8.300992e+01
     vertex  3.500000e+01  3.380000e+01 -8.310000e+01
   endloop
 endfacet
 facet normal  5.314952e-15  3.546049e-01  9.350162e-01
   outer loop
     vertex  3.000000e+01  3.235936e+01 -8.274491e+01
     vertex  3.500000e+01  3.235936e+01 -8.274491e+01
     vertex  3.500000e+01  3.305812e+01 -8.300992e+01
   endloop
 endfacet
 facet normal  5.310988e-15  3.546049e-01  9.350162e-01
   outer loop
     vertex  3.000000e+01  3.235936e+01 -8.274491e+01
     vertex  3.500000e+01  3.305812e+01 -8.300992e+01
     vertex  3.000000e+01  3.305812e+01 -8.300992e+01
   endloop
 endfacet
 facet normal  5.081756e-15  5.680647e-01  8.229839e-01
   outer loop
     vertex  3.000000e+01  3.174432e+01 -8.232038e+01
     vertex  3.500000e+01  3.174432e+01 -8.232038e+01
     vertex  3.500000e+01  3.235936e+01 -8.274491e+01
   endloop
 endfacet
 facet normal  4.679612e-15  5.680647e-01  8.229839e-01
   outer loop
     vertex  3.000000e+01  3.174432e+01 -8.232038e+01
     vertex  3.500000e+01  3.235936e+01 -8.274491e+01
     vertex  3.000000e+01  3.235936e+01 -8.274491e+01
   endloop
 endfacet
 facet normal  4.301265e-15  7.485107e-01  6.631227e-01
   outer loop
     vertex  3.000000e+01  3.124875e+01 -8.176100e+01
     vertex  3.500000e+01  3.124875e+01 -8.176100e+01
     vertex  3.500000e+01  3.174432e+01 -8.232038e+01
   endloop
 endfacet
 facet normal  4.308214e-15  7.485107e-01  6.631227e-01
   outer loop
     vertex  3.000000e+01  3.124875e+01 -8.176100e+01
     vertex  3.500000e+01  3.174432e+01 -8.232038e+01
     vertex  3.000000e+01  3.174432e+01 -8.232038e+01
   endloop
 endfacet
 facet normal  1.949977e-15  8.854560e-01  4.647232e-01
   outer loop
     vertex  3.000000e+01  3.090145e+01 -8.109928e+01
     vertex  3.500000e+01  3.090145e+01 -8.109928e+01
     vertex  3.500000e+01  3.124875e+01 -8.176100e+01
   endloop
 endfacet
 facet normal  3.268301e-15  8.854560e-01  4.647232e-01
   outer loop
     vertex  3.000000e+01  3.090145e+01 -8.109928e+01
     vertex  3.500000e+01  3.124875e+01 -8.176100e+01
     vertex  3.000000e+01  3.124875e+01 -8.176100e+01
   endloop
 endfacet
 facet normal  1.370072e-15  9.709418e-01  2.393157e-01
   outer loop
     vertex  3.000000e+01  3.072260e+01 -8.037366e+01
     vertex  3.500000e+01  3.072260e+01 -8.037366e+01
     vertex  3.500000e+01  3.090145e+01 -8.109928e+01
   endloop
 endfacet
 facet normal  1.366744e-15  9.709418e-01  2.393157e-01
   outer loop
     vertex  3.000000e+01  3.072260e+01 -8.037366e+01
     vertex  3.500000e+01  3.090145e+01 -8.109928e+01
     vertex  3.000000e+01  3.090145e+01 -8.109928e+01
   endloop
 endfacet
 facet normal  0.000000e+00  1.000000e+00  0.000000e+00
   outer loop
     vertex  3.000000e+01  3.072260e+01 -7.962634e+01
     vertex  3.500000e+01  3.072260e+01 -7.962634e+01
     vertex  3.500000e+01  3.072260e+01 -8.037366e+01
   endloop
 endfacet
 facet normal  7.105427e-16  1.000000e+00  4.753892e-15
   outer loop
     vertex  3.000000e+01  3.072260e+01 -7.962634e+01
     vertex  3.500000e+01  3.072260e+01 -8.037366e+01
     vertex  3.000000e+01  3.072260e+01 -8.037366e+01
   endloop
 endfacet
 facet normal -1.360352e-15  9.709418e-01 -2.393157e-01
   outer loop
     vertex  3.000000e+01  3.090145e+01 -7.890072e+01
     vertex  3.500000e+01  3.090145e+01 -7.890072e+01
     vertex  3.500000e+01  3.072260e+01 -7.962634e+01
   endloop
 endfacet
 facet normal -1.359316e-15  9.709418e-01 -2.393157e-01
   outer loop
     vertex  3.000000e+01  3.090145e+01 -7.890072e+01
     vertex  3.500000e+01  3.072260e+01 -7.962634e+01
     vertex  3.000000e+01  3.072260e+01 -7.962634e+01
   endloop
 endfacet
 facet normal -1.949977e-15  8.854560e-01 -4.647232e-01
   outer loop
     vertex  3.000000e+01  3.124875e+01 -7.823900e+01
     vertex  3.500000e+01  3.124875e+01 -7.823900e+01
     vertex  3.500000e+01  3.090145e+01 -7.890072e+01
   endloop
 endfacet
 facet normal -2.636924e-15  8.854560e-01 -4.647232e-01
   outer loop
     vertex  3.000000e+01  3.124875e+01 -7.823900e+01
     vertex  3.500000e+01  3.090145e+01 -7.890072e+01
     vertex  3.000000e+01  3.090145e+01 -7.890072e+01
   endloop
 endfacet
 facet normal -2.416557e-15  7.485107e-01 -6.631227e-01
   outer loop
     vertex  3.000000e+01  3.174432e+01 -7.767962e+01
     vertex  3.500000e+01  3.174432e+01 -7.767962e+01
     vertex  3.500000e+01  3.124875e+01 -7.823900e+01
   endloop
 endfacet
 facet normal -2.421514e-15  7.485107e-01 -6.631227e-01
   outer loop
     vertex  3.000000e+01  3.174432e+01 -7.767962e+01
     vertex  3.500000e+01  3.124875e+01 -7.823900e+01
     vertex  3.000000e+01  3.124875e+01 -7.823900e+01
   endloop
 endfacet
 facet normal -6.292659e-15  5.680647e-01 -8.229839e-01
   outer loop
     vertex  3.000000e+01  3.235936e+01 -7.725509e+01
     vertex  3.500000e+01  3.235936e+01 -7.725509e+01
     vertex  3.500000e+01  3.174432e+01 -7.767962e+01
   endloop
 endfacet
 facet normal -2.733488e-15  5.680647e-01 -8.229839e-01
   outer loop
     vertex  3.000000e+01  3.235936e+01 -7.725509e+01
     vertex  3.500000e+01  3.174432e+01 -7.767962e+01
     vertex  3.000000e+01  3.174432e+01 -7.767962e+01
   endloop
 endfacet
 facet normal -5.314952e-15  3.546049e-01 -9.350162e-01
   outer loop
     vertex  3.000000e+01  3.305812e+01 -7.699008e+01
     vertex  3.500000e+01  3.305812e+01 -7.699008e+01
     vertex  3.500000e+01  3.235936e+01 -7.725509e+01
   endloop
 endfacet
 facet normal -5.642897e-15  1.205367e-01 -9.927089e-01
   outer loop
     vertex  3.000000e+01  3.305812e+01 -7.699008e+01
     vertex  3.500000e+01  3.380000e+01 -7.690000e+01
     vertex  3.500000e+01  3.305812e+01 -7.699008e+01
   endloop
 endfacet
 facet normal -6.321190e-15  3.546049e-01 -9.350162e-01
   outer loop
     vertex  3.000000e+01  3.305812e+01 -7.699008e+01
     vertex  3.500000e+01  3.235936e+01 -7.725509e+01
     vertex  3.000000e+01  3.235936e+01 -7.725509e+01
   endloop
 endfacet
 facet normal -2.821448e-15  1.205367e-01 -9.927089e-01
   outer loop
     vertex  3.000000e+01  3.380000e+01 -7.690000e+01
     vertex  3.500000e+01  3.380000e+01 -7.690000e+01
     vertex  3.000000e+01  3.305812e+01 -7.699008e+01
   endloop
 endfacet
 facet normal -2.177932e-13  1.000000e+00  2.458377e-13
   outer loop
     vertex  4.323900e+01  1.380000e+01 -1.074488e+02
     vertex  4.267962e+01  1.380000e+01 -1.079443e+02
     vertex  3.500000e+01  1.380000e+01 -9.625000e+01
   endloop
 endfacet
 facet normal -2.886987e-13  1.000000e+00  1.992743e-13
   outer loop
     vertex  4.225509e+01  1.380000e+01 -1.085594e+02
     vertex  3.500000e+01  1.380000e+01 -9.625000e+01
     vertex  4.267962e+01  1.380000e+01 -1.079443e+02
   endloop
 endfacet
 facet normal -1.537533e-13  1.000000e+00  2.929524e-13
   outer loop
     vertex  4.390072e+01  1.380000e+01 -1.071014e+02
     vertex  4.323900e+01  1.380000e+01 -1.074488e+02
     vertex  3.500000e+01  1.380000e+01 -9.625000e+01
   endloop
 endfacet
 facet normal -3.813903e-13  1.000000e+00  1.446423e-13
   outer loop
     vertex  4.199008e+01  1.380000e+01 -1.092581e+02
     vertex  3.500000e+01  1.380000e+01 -9.625000e+01
     vertex  4.225509e+01  1.380000e+01 -1.085594e+02
   endloop
 endfacet
 facet normal -8.592008e-14  1.000000e+00  3.485914e-13
   outer loop
     vertex  4.462634e+01  1.380000e+01 -1.069226e+02
     vertex  4.390072e+01  1.380000e+01 -1.071014e+02
     vertex  3.500000e+01  1.380000e+01 -9.625000e+01
   endloop
 endfacet
 facet normal  0.000000e+00  1.000000e+00  4.260885e-13
   outer loop
     vertex  4.537366e+01  1.380000e+01 -1.069226e+02
     vertex  4.462634e+01  1.380000e+01 -1.069226e+02
     vertex  3.500000e+01  1.380000e+01 -9.625000e+01
   endloop
 endfacet
 facet normal  0.000000e+00  1.000000e+00  0.000000e+00
   outer loop
     vertex  3.500000e+01  1.380000e+01 -1.175000e+02
     vertex  4.199008e+01  1.380000e+01 -1.092581e+02
     vertex  4.190000e+01  1.380000e+01 -1.100000e+02
   endloop
 endfacet
 facet normal -2.523221e-13  1.000000e+00  2.139988e-13
   outer loop
     vertex  3.500000e+01  1.380000e+01 -1.175000e+02
     vertex  3.500000e+01  1.380000e+01 -9.625000e+01
     vertex  4.199008e+01  1.380000e+01 -1.092581e+02
   endloop
 endfacet
 facet normal  0.000000e+00  1.000000e+00  0.000000e+00
   outer loop
     vertex  4.199008e+01  1.380000e+01 -1.107419e+02
     vertex  3.500000e+01  1.380000e+01 -1.175000e+02
     vertex  4.190000e+01  1.380000e+01 -1.100000e+02
   endloop
 endfacet
 facet normal  1.381086e-13  1.000000e+00  5.603288e-13
   outer loop
     vertex  4.609928e+01  1.380000e+01 -1.071014e+02
     vertex  4.537366e+01  1.380000e+01 -1.069226e+02
     vertex  3.500000e+01  1.380000e+01 -9.625000e+01
   endloop
 endfacet
 facet normal  0.000000e+00  1.000000e+00  0.000000e+00
   outer loop
     vertex  4.225509e+01  1.380000e+01 -1.114406e+02
     vertex  3.500000e+01  1.380000e+01 -1.175000e+02
     vertex  4.199008e+01  1.380000e+01 -1.107419e+02
   endloop
 endfacet
 facet normal  4.748608e-13  1.000000e+00  9.047717e-13
   outer loop
     vertex  4.676100e+01  1.380000e+01 -1.074488e+02
     vertex  4.609928e+01  1.380000e+01 -1.071014e+02
     vertex  3.500000e+01  1.380000e+01 -9.625000e+01
   endloop
 endfacet
 facet normal  0.000000e+00  1.000000e+00  0.000000e+00
   outer loop
     vertex  4.267962e+01  1.380000e+01 -1.120557e+02
     vertex  3.500000e+01  1.380000e+01 -1.175000e+02
     vertex  4.225509e+01  1.380000e+01 -1.114406e+02
   endloop
 endfacet
 facet normal  0.000000e+00  1.000000e+00  0.000000e+00
   outer loop
     vertex  4.323900e+01  1.380000e+01 -1.125512e+02
     vertex  3.500000e+01  1.380000e+01 -1.175000e+02
     vertex  4.267962e+01  1.380000e+01 -1.120557e+02
   endloop
 endfacet
 facet normal  0.000000e+00  1.000000e+00  0.000000e+00
   outer loop
     vertex  4.390072e+01  1.380000e+01 -1.128986e+02
     vertex  3.500000e+01  1.380000e+01 -1.175000e+02
     vertex  4.323900e+01  1.380000e+01 -1.125512e+02
   endloop
 endfacet
 facet normal  0.000000e+00  1.000000e+00  0.000000e+00
   outer loop
     vertex  4.462634e+01  1.380000e+01 -1.130774e+02
     vertex  3.500000e+01  1.380000e+01 -1.175000e+02
     vertex  4.390072e+01  1.380000e+01 -1.128986e+02
   endloop
 endfacet
 facet normal  0.000000e+00  1.000000e+00  0.000000e+00
   outer loop
     vertex  4.537366e+01  1.380000e+01 -1.130774e+02
     vertex  3.500000e+01  1.380000e+01 -1.175000e+02
     vertex  4.462634e+01  1.380000e+01 -1.130774e+02
   endloop
 endfacet
 facet normal  0.000000e+00  1.000000e+00  0.000000e+00
   outer loop
     vertex  7.323900e+01  1.380000e+01 -1.074488e+02
     vertex  4.732038e+01  1.380000e+01 -1.079443e+02
     vertex  4.676100e+01  1.380000e+01 -1.074488e+02
   endloop
 endfacet
 facet normal  0.000000e+00  1.000000e+00  0.000000e+00
   outer loop
     vertex  7.323900e+01  1.380000e+01 -1.074488e+02
     vertex  7.267962e+01  1.380000e+01 -1.079443e+02
     vertex  4.732038e+01  1.380000e+01 -1.079443e+02
   endloop
 endfacet
 facet normal  0.000000e+00  1.000000e+00  0.000000e+00
   outer loop
     vertex  7.225509e+01  1.380000e+01 -1.085594e+02
     vertex  4.774491e+01  1.380000e+01 -1.085594e+02
     vertex  4.732038e+01  1.380000e+01 -1.079443e+02
   endloop
 endfacet
 facet normal  0.000000e+00  1.000000e+00 -0.000000e+00
   outer loop
     vertex  7.225509e+01  1.380000e+01 -1.085594e+02
     vertex  4.732038e+01  1.380000e+01 -1.079443e+02
     vertex  7.267962e+01  1.380000e+01 -1.079443e+02
   endloop
 endfacet
 facet normal -2.754754e-26  1.000000e+00 -4.669802e-12
   outer loop
     vertex  8.491018e+01  1.380000e+01 -9.625000e+01
     vertex  7.323900e+01  1.380000e+01 -1.074488e+02
     vertex  4.676100e+01  1.380000e+01 -1.074488e+02
   endloop
 endfacet
 facet normal  5.410156e-12  1.000000e+00 -1.030819e-11
   outer loop
     vertex  8.491018e+01  1.380000e+01 -9.625000e+01
     vertex  7.390072e+01  1.380000e+01 -1.071014e+02
     vertex  7.323900e+01  1.380000e+01 -1.074488e+02
   endloop
 endfacet
 facet normal -1.138914e-12  1.000000e+00 -7.900256e-13
   outer loop
     vertex  8.491018e+01  1.380000e+01 -9.625000e+01
     vertex  4.676100e+01  1.380000e+01 -1.074488e+02
     vertex  3.500000e+01  1.380000e+01 -9.625000e+01
   endloop
 endfacet
 facet normal  0.000000e+00  1.000000e+00 -0.000000e+00
   outer loop
     vertex  7.199008e+01  1.380000e+01 -1.092581e+02
     vertex  4.774491e+01  1.380000e+01 -1.085594e+02
     vertex  7.225509e+01  1.380000e+01 -1.085594e+02
   endloop
 endfacet
 facet normal  0.000000e+00  1.000000e+00  0.000000e+00
   outer loop
     vertex  7.199008e+01  1.380000e+01 -1.092581e+02
     vertex  4.810000e+01  1.380000e+01 -1.100000e+02
     vertex  4.800992e+01  1.380000e+01 -1.092581e+02
   endloop
 endfacet
 facet normal  0.000000e+00  1.000000e+00  0.000000e+00
   outer loop
     vertex  7.199008e+01  1.380000e+01 -1.092581e+02
     vertex  4.800992e+01  1.380000e+01 -1.092581e+02
     vertex  4.774491e+01  1.380000e+01 -1.085594e+02
   endloop
 endfacet
 facet normal  1.583929e-12  1.000000e+00 -6.426251e-12
   outer loop
     vertex  7.462634e+01  1.380000e+01 -1.069226e+02
     vertex  7.390072e+01  1.380000e+01 -1.071014e+02
     vertex  8.491018e+01  1.380000e+01 -9.625000e+01
   endloop
 endfacet
 facet normal  0.000000e+00  1.000000e+00 -0.000000e+00
   outer loop
     vertex  7.190000e+01  1.380000e+01 -1.100000e+02
     vertex  4.810000e+01  1.380000e+01 -1.100000e+02
     vertex  7.199008e+01  1.380000e+01 -1.092581e+02
   endloop
 endfacet
 facet normal -9.317662e-26  1.000000e+00 -4.900018e-12
   outer loop
     vertex  7.537366e+01  1.380000e+01 -1.069226e+02
     vertex  7.462634e+01  1.380000e+01 -1.069226e+02
     vertex  8.491018e+01  1.380000e+01 -9.625000e+01
   endloop
 endfacet
 facet normal  0.000000e+00  1.000000e+00  0.000000e+00
   outer loop
     vertex  7.199008e+01  1.380000e+01 -1.107419e+02
     vertex  4.800992e+01  1.380000e+01 -1.107419e+02
     vertex  4.810000e+01  1.380000e+01 -1.100000e+02
   endloop
 endfacet
 facet normal  0.000000e+00  1.000000e+00  0.000000e+00
   outer loop
     vertex  7.199008e+01  1.380000e+01 -1.107419e+02
     vertex  4.810000e+01  1.380000e+01 -1.100000e+02
     vertex  7.190000e+01  1.380000e+01 -1.100000e+02
   endloop
 endfacet
 facet normal -9.897606e-13  1.000000e+00 -4.015616e-12
   outer loop
     vertex  7.609928e+01  1.380000e+01 -1.071014e+02
     vertex  7.537366e+01  1.380000e+01 -1.069226e+02
     vertex  8.491018e+01  1.380000e+01 -9.625000e+01
   endloop
 endfacet
 facet normal  0.000000e+00  1.000000e+00  0.000000e+00
   outer loop
     vertex  7.225509e+01  1.380000e+01 -1.114406e+02
     vertex  4.800992e+01  1.380000e+01 -1.107419e+02
     vertex  7.199008e+01  1.380000e+01 -1.107419e+02
   endloop
 endfacet
 facet normal  0.000000e+00  1.000000e+00  0.000000e+00
   outer loop
     vertex  7.225509e+01  1.380000e+01 -1.114406e+02
     vertex  4.774491e+01  1.380000e+01 -1.114406e+02
     vertex  4.800992e+01  1.380000e+01 -1.107419e+02
   endloop
 endfacet
 facet normal -1.773549e-12  1.000000e+00 -3.379215e-12
   outer loop
     vertex  7.676100e+01  1.380000e+01 -1.074488e+02
     vertex  7.609928e+01  1.380000e+01 -1.071014e+02
     vertex  8.491018e+01  1.380000e+01 -9.625000e+01
   endloop
 endfacet
 facet normal  0.000000e+00  1.000000e+00  0.000000e+00
   outer loop
     vertex  7.267962e+01  1.380000e+01 -1.120557e+02
     vertex  4.774491e+01  1.380000e+01 -1.114406e+02
     vertex  7.225509e+01  1.380000e+01 -1.114406e+02
   endloop
 endfacet
 facet normal  0.000000e+00  1.000000e+00  0.000000e+00
   outer loop
     vertex  7.267962e+01  1.380000e+01 -1.120557e+02
     vertex  4.676100e+01  1.380000e+01 -1.125512e+02
     vertex  4.732038e+01  1.380000e+01 -1.120557e+02
   endloop
 endfacet
 facet normal  0.000000e+00  1.000000e+00  0.000000e+00
   outer loop
     vertex  7.267962e+01  1.380000e+01 -1.120557e+02
     vertex  4.732038e+01  1.380000e+01 -1.120557e+02
     vertex  4.774491e+01  1.380000e+01 -1.114406e+02
   endloop
 endfacet
 facet normal -2.515443e-12  1.000000e+00 -2.839348e-12
   outer loop
     vertex  7.732038e+01  1.380000e+01 -1.079443e+02
     vertex  7.676100e+01  1.380000e+01 -1.074488e+02
     vertex  8.491018e+01  1.380000e+01 -9.625000e+01
   endloop
 endfacet
 facet normal  0.000000e+00  1.000000e+00  0.000000e+00
   outer loop
     vertex  7.323900e+01  1.380000e+01 -1.125512e+02
     vertex  4.676100e+01  1.380000e+01 -1.125512e+02
     vertex  7.267962e+01  1.380000e+01 -1.120557e+02
   endloop
 endfacet
 facet normal -3.339076e-12  1.000000e+00 -2.304798e-12
   outer loop
     vertex  7.774491e+01  1.380000e+01 -1.085594e+02
     vertex  7.732038e+01  1.380000e+01 -1.079443e+02
     vertex  8.491018e+01  1.380000e+01 -9.625000e+01
   endloop
 endfacet
 facet normal -4.419280e-12  1.000000e+00 -1.676012e-12
   outer loop
     vertex  7.800992e+01  1.380000e+01 -1.092581e+02
     vertex  7.774491e+01  1.380000e+01 -1.085594e+02
     vertex  8.491018e+01  1.380000e+01 -9.625000e+01
   endloop
 endfacet
 facet normal  0.000000e+00  1.000000e+00  0.000000e+00
   outer loop
     vertex  8.491018e+01  1.380000e+01 -1.175000e+02
     vertex  7.462634e+01  1.380000e+01 -1.130774e+02
     vertex  7.537366e+01  1.380000e+01 -1.130774e+02
   endloop
 endfacet
 facet normal  0.000000e+00  1.000000e+00  0.000000e+00
   outer loop
     vertex  8.491018e+01  1.380000e+01 -1.175000e+02
     vertex  7.537366e+01  1.380000e+01 -1.130774e+02
     vertex  7.609928e+01  1.380000e+01 -1.128986e+02
   endloop
 endfacet
 facet normal  0.000000e+00  1.000000e+00  0.000000e+00
   outer loop
     vertex  8.491018e+01  1.380000e+01 -1.175000e+02
     vertex  7.609928e+01  1.380000e+01 -1.128986e+02
     vertex  7.676100e+01  1.380000e+01 -1.125512e+02
   endloop
 endfacet
 facet normal  0.000000e+00  1.000000e+00  0.000000e+00
   outer loop
     vertex  8.491018e+01  1.380000e+01 -1.175000e+02
     vertex  7.676100e+01  1.380000e+01 -1.125512e+02
     vertex  7.732038e+01  1.380000e+01 -1.120557e+02
   endloop
 endfacet
 facet normal  0.000000e+00  1.000000e+00  0.000000e+00
   outer loop
     vertex  8.491018e+01  1.380000e+01 -1.175000e+02
     vertex  7.732038e+01  1.380000e+01 -1.120557e+02
     vertex  7.774491e+01  1.380000e+01 -1.114406e+02
   endloop
 endfacet
 facet normal  0.000000e+00  1.000000e+00  0.000000e+00
   outer loop
     vertex  8.491018e+01  1.380000e+01 -1.175000e+02
     vertex  7.774491e+01  1.380000e+01 -1.114406e+02
     vertex  7.800992e+01  1.380000e+01 -1.107419e+02
   endloop
 endfacet
 facet normal  0.000000e+00  1.000000e+00  0.000000e+00
   outer loop
     vertex  8.491018e+01  1.380000e+01 -1.175000e+02
     vertex  7.800992e+01  1.380000e+01 -1.107419e+02
     vertex  7.810000e+01  1.380000e+01 -1.100000e+02
   endloop
 endfacet
 facet normal  0.000000e+00  1.000000e+00  0.000000e+00
   outer loop
     vertex  8.491018e+01  1.380000e+01 -1.175000e+02
     vertex  7.810000e+01  1.380000e+01 -1.100000e+02
     vertex  7.800992e+01  1.380000e+01 -1.092581e+02
   endloop
 endfacet
 facet normal -2.939475e-12  1.000000e+00 -2.460986e-12
   outer loop
     vertex  8.491018e+01  1.380000e+01 -1.175000e+02
     vertex  7.800992e+01  1.380000e+01 -1.092581e+02
     vertex  8.491018e+01  1.380000e+01 -9.625000e+01
   endloop
 endfacet
 facet normal  0.000000e+00  1.000000e+00  0.000000e+00
   outer loop
     vertex  8.491018e+01  1.380000e+01 -1.175000e+02
     vertex  3.500000e+01  1.380000e+01 -1.175000e+02
     vertex  4.537366e+01  1.380000e+01 -1.130774e+02
   endloop
 endfacet
 facet normal  0.000000e+00  1.000000e+00  0.000000e+00
   outer loop
     vertex  8.491018e+01  1.380000e+01 -1.175000e+02
     vertex  4.537366e+01  1.380000e+01 -1.130774e+02
     vertex  4.609928e+01  1.380000e+01 -1.128986e+02
   endloop
 endfacet
 facet normal  0.000000e+00  1.000000e+00  0.000000e+00
   outer loop
     vertex  8.491018e+01  1.380000e+01 -1.175000e+02
     vertex  4.609928e+01  1.380000e+01 -1.128986e+02
     vertex  4.676100e+01  1.380000e+01 -1.125512e+02
   endloop
 endfacet
 facet normal  0.000000e+00  1.000000e+00  0.000000e+00
   outer loop
     vertex  8.491018e+01  1.380000e+01 -1.175000e+02
     vertex  4.676100e+01  1.380000e+01 -1.125512e+02
     vertex  7.462634e+01  1.380000e+01 -1.130774e+02
   endloop
 endfacet
 facet normal  0.000000e+00  1.000000e+00  0.000000e+00
   outer loop
     vertex  7.462634e+01  1.380000e+01 -1.130774e+02
     vertex  4.676100e+01  1.380000e+01 -1.125512e+02
     vertex  7.390072e+01  1.380000e+01 -1.128986e+02
   endloop
 endfacet
 facet normal  0.000000e+00  1.000000e+00  0.000000e+00
   outer loop
     vertex  7.390072e+01  1.380000e+01 -1.128986e+02
     vertex  4.676100e+01  1.380000e+01 -1.125512e+02
     vertex  7.323900e+01  1.380000e+01 -1.125512e+02
   endloop
 endfacet
 facet normal  1.000000e+00 -1.597261e-13  1.415050e-13
   outer loop
     vertex  3.500000e+01  3.124875e+01 -1.082390e+02
     vertex  3.500000e+01  3.174432e+01 -1.076796e+02
     vertex  3.500000e+01  1.380000e+01 -9.625000e+01
   endloop
 endfacet
 facet normal  1.000000e+00 -1.299460e-13  1.882593e-13
   outer loop
     vertex  3.500000e+01  3.235936e+01 -1.072551e+02
     vertex  3.500000e+01  1.380000e+01 -9.625000e+01
     vertex  3.500000e+01  3.174432e+01 -1.076796e+02
   endloop
 endfacet
 facet normal  1.000000e+00 -1.942735e-13  9.122487e-14
   outer loop
     vertex  3.500000e+01  3.090145e+01 -1.089007e+02
     vertex  3.500000e+01  3.124875e+01 -1.082390e+02
     vertex  3.500000e+01  1.380000e+01 -9.625000e+01
   endloop
 endfacet
 facet normal  1.000000e+00 -1.004384e-13  2.380220e-13
   outer loop
     vertex  3.500000e+01  3.305812e+01 -1.069901e+02
     vertex  3.500000e+01  1.380000e+01 -9.625000e+01
     vertex  3.500000e+01  3.235936e+01 -1.072551e+02
   endloop
 endfacet
 facet normal  1.000000e+00 -9.997136e-14  2.076457e-13
   outer loop
     vertex  3.500000e+01  3.072260e+01 -1.096263e+02
     vertex  3.500000e+01  1.380000e+01 -9.625000e+01
     vertex  3.500000e+01  1.380000e+01 -1.175000e+02
   endloop
 endfacet
 facet normal  1.000000e+00 -2.275171e-13  4.628561e-14
   outer loop
     vertex  3.500000e+01  3.072260e+01 -1.096263e+02
     vertex  3.500000e+01  3.090145e+01 -1.089007e+02
     vertex  3.500000e+01  1.380000e+01 -9.625000e+01
   endloop
 endfacet
 facet normal  1.000000e+00 -4.169161e-14  3.433613e-13
   outer loop
     vertex  3.500000e+01  3.380000e+01 -1.069000e+02
     vertex  3.500000e+01  1.380000e+01 -9.625000e+01
     vertex  3.500000e+01  3.305812e+01 -1.069901e+02
   endloop
 endfacet
 facet normal  1.000000e+00 -3.359023e-15  0.000000e+00
   outer loop
     vertex  3.500000e+01  3.072260e+01 -1.103737e+02
     vertex  3.500000e+01  3.072260e+01 -1.096263e+02
     vertex  3.500000e+01  1.380000e+01 -1.175000e+02
   endloop
 endfacet
 facet normal  1.000000e+00  6.632089e-14  5.462017e-13
   outer loop
     vertex  3.500000e+01  3.454188e+01 -1.069901e+02
     vertex  3.500000e+01  1.380000e+01 -9.625000e+01
     vertex  3.500000e+01  3.380000e+01 -1.069000e+02
   endloop
 endfacet
 facet normal  1.000000e+00  6.927547e-16 -9.621582e-15
   outer loop
     vertex  3.500000e+01  3.090145e+01 -1.110993e+02
     vertex  3.500000e+01  3.072260e+01 -1.103737e+02
     vertex  3.500000e+01  1.380000e+01 -1.175000e+02
   endloop
 endfacet
 facet normal  1.000000e+00  9.281761e-16 -1.025058e-14
   outer loop
     vertex  3.500000e+01  3.124875e+01 -1.117610e+02
     vertex  3.500000e+01  3.090145e+01 -1.110993e+02
     vertex  3.500000e+01  1.380000e+01 -1.175000e+02
   endloop
 endfacet
 facet normal  1.000000e+00 -1.892001e-15 -1.676166e-15
   outer loop
     vertex  3.500000e+01  3.174432e+01 -1.123204e+02
     vertex  3.500000e+01  3.124875e+01 -1.117610e+02
     vertex  3.500000e+01  1.380000e+01 -1.175000e+02
   endloop
 endfacet
 facet normal  1.000000e+00  1.731332e-15 -1.422888e-14
   outer loop
     vertex  3.500000e+01  3.235936e+01 -1.127449e+02
     vertex  3.500000e+01  3.174432e+01 -1.123204e+02
     vertex  3.500000e+01  1.380000e+01 -1.175000e+02
   endloop
 endfacet
 facet normal  1.000000e+00 -1.142444e-15 -3.012377e-15
   outer loop
     vertex  3.500000e+01  3.305812e+01 -1.130099e+02
     vertex  3.500000e+01  3.235936e+01 -1.127449e+02
     vertex  3.500000e+01  1.380000e+01 -1.175000e+02
   endloop
 endfacet
 facet normal  1.000000e+00 -6.317366e-16 -5.202819e-15
   outer loop
     vertex  3.500000e+01  3.380000e+01 -1.131000e+02
     vertex  3.500000e+01  3.305812e+01 -1.130099e+02
     vertex  3.500000e+01  1.380000e+01 -1.175000e+02
   endloop
 endfacet
 facet normal  1.000000e+00  0.000000e+00  0.000000e+00
   outer loop
     vertex  3.500000e+01  5.174432e+01 -1.076796e+02
     vertex  3.500000e+01  3.524064e+01 -1.072551e+02
     vertex  3.500000e+01  3.585568e+01 -1.076796e+02
   endloop
 endfacet
 facet normal  1.000000e+00  0.000000e+00  0.000000e+00
   outer loop
     vertex  3.500000e+01  5.174432e+01 -1.076796e+02
     vertex  3.500000e+01  3.585568e+01 -1.076796e+02
     vertex  3.500000e+01  3.635125e+01 -1.082390e+02
   endloop
 endfacet
 facet normal  1.000000e+00  0.000000e+00 -0.000000e+00
   outer loop
     vertex  3.500000e+01  5.124875e+01 -1.082390e+02
     vertex  3.500000e+01  5.174432e+01 -1.076796e+02
     vertex  3.500000e+01  3.635125e+01 -1.082390e+02
   endloop
 endfacet
 facet normal  1.000000e+00  0.000000e+00 -1.073773e-14
   outer loop
     vertex  3.500000e+01  5.124875e+01 -1.082390e+02
     vertex  3.500000e+01  3.635125e+01 -1.082390e+02
     vertex  3.500000e+01  3.669855e+01 -1.089007e+02
   endloop
 endfacet
 facet normal  1.000000e+00  0.000000e+00  0.000000e+00
   outer loop
     vertex  3.500000e+01  5.235936e+01 -1.072551e+02
     vertex  3.500000e+01  3.524064e+01 -1.072551e+02
     vertex  3.500000e+01  5.174432e+01 -1.076796e+02
   endloop
 endfacet
 facet normal  1.000000e+00 -1.074374e-29 -1.073773e-14
   outer loop
     vertex  3.500000e+01  5.090145e+01 -1.089007e+02
     vertex  3.500000e+01  5.124875e+01 -1.082390e+02
     vertex  3.500000e+01  3.669855e+01 -1.089007e+02
   endloop
 endfacet
 facet normal  1.000000e+00  8.312400e-14  1.923677e-13
   outer loop
     vertex  3.500000e+01  6.371018e+01 -9.625000e+01
     vertex  3.500000e+01  3.454188e+01 -1.069901e+02
     vertex  3.500000e+01  3.524064e+01 -1.072551e+02
   endloop
 endfacet
 facet normal  1.000000e+00  3.430250e-28  4.074048e-13
   outer loop
     vertex  3.500000e+01  6.371018e+01 -9.625000e+01
     vertex  3.500000e+01  3.524064e+01 -1.072551e+02
     vertex  3.500000e+01  5.235936e+01 -1.072551e+02
   endloop
 endfacet
 facet normal  1.000000e+00  0.000000e+00  4.181189e-13
   outer loop
     vertex  3.500000e+01  6.371018e+01 -9.625000e+01
     vertex  3.500000e+01  1.380000e+01 -9.625000e+01
     vertex  3.500000e+01  3.454188e+01 -1.069901e+02
   endloop
 endfacet
 facet normal  1.000000e+00 -2.704783e-13  6.863804e-13
   outer loop
     vertex  3.500000e+01  5.305812e+01 -1.069901e+02
     vertex  3.500000e+01  6.371018e+01 -9.625000e+01
     vertex  3.500000e+01  5.235936e+01 -1.072551e+02
   endloop
 endfacet
 facet normal  1.000000e+00 -1.005094e-29 -9.792331e-15
   outer loop
     vertex  3.500000e+01  5.072260e+01 -1.096263e+02
     vertex  3.500000e+01  3.669855e+01 -1.089007e+02
     vertex  3.500000e+01  3.687740e+01 -1.096263e+02
   endloop
 endfacet
 facet normal  1.000000e+00  0.000000e+00  0.000000e+00
   outer loop
     vertex  3.500000e+01  5.072260e+01 -1.096263e+02
     vertex  3.500000e+01  3.687740e+01 -1.096263e+02
     vertex  3.500000e+01  3.687740e+01 -1.103737e+02
   endloop
 endfacet
 facet normal  1.000000e+00 -9.797816e-30 -9.792331e-15
   outer loop
     vertex  3.500000e+01  5.072260e+01 -1.096263e+02
     vertex  3.500000e+01  5.090145e+01 -1.089007e+02
     vertex  3.500000e+01  3.669855e+01 -1.089007e+02
   endloop
 endfacet
 facet normal  1.000000e+00 -5.771984e-14  4.753656e-13
   outer loop
     vertex  3.500000e+01  5.380000e+01 -1.069000e+02
     vertex  3.500000e+01  6.371018e+01 -9.625000e+01
     vertex  3.500000e+01  5.305812e+01 -1.069901e+02
   endloop
 endfacet
 facet normal  1.000000e+00  0.000000e+00 -0.000000e+00
   outer loop
     vertex  3.500000e+01  5.072260e+01 -1.103737e+02
     vertex  3.500000e+01  5.072260e+01 -1.096263e+02
     vertex  3.500000e+01  3.687740e+01 -1.103737e+02
   endloop
 endfacet
 facet normal  1.000000e+00  4.600074e-14  3.788502e-13
   outer loop
     vertex  3.500000e+01  5.454188e+01 -1.069901e+02
     vertex  3.500000e+01  6.371018e+01 -9.625000e+01
     vertex  3.500000e+01  5.380000e+01 -1.069000e+02
   endloop
 endfacet
 facet normal  1.000000e+00  0.000000e+00 -9.792331e-15
   outer loop
     vertex  3.500000e+01  5.090145e+01 -1.110993e+02
     vertex  3.500000e+01  3.687740e+01 -1.103737e+02
     vertex  3.500000e+01  3.669855e+01 -1.110993e+02
   endloop
 endfacet
 facet normal  1.000000e+00  0.000000e+00 -9.792331e-15
   outer loop
     vertex  3.500000e+01  5.090145e+01 -1.110993e+02
     vertex  3.500000e+01  5.072260e+01 -1.103737e+02
     vertex  3.500000e+01  3.687740e+01 -1.103737e+02
   endloop
 endfacet
 facet normal  1.000000e+00  1.274715e-13  3.093024e-13
   outer loop
     vertex  3.500000e+01  5.524064e+01 -1.072551e+02
     vertex  3.500000e+01  6.371018e+01 -9.625000e+01
     vertex  3.500000e+01  5.454188e+01 -1.069901e+02
   endloop
 endfacet
 facet normal  1.000000e+00 -1.024281e-29 -1.073773e-14
   outer loop
     vertex  3.500000e+01  5.124875e+01 -1.117610e+02
     vertex  3.500000e+01  3.669855e+01 -1.110993e+02
     vertex  3.500000e+01  3.635125e+01 -1.117610e+02
   endloop
 endfacet
 facet normal  1.000000e+00  0.000000e+00 -1.073773e-14
   outer loop
     vertex  3.500000e+01  5.124875e+01 -1.117610e+02
     vertex  3.500000e+01  5.090145e+01 -1.110993e+02
     vertex  3.500000e+01  3.669855e+01 -1.110993e+02
   endloop
 endfacet
 facet normal  1.000000e+00  1.836520e-13  2.660658e-13
   outer loop
     vertex  3.500000e+01  5.585568e+01 -1.076796e+02
     vertex  3.500000e+01  6.371018e+01 -9.625000e+01
     vertex  3.500000e+01  5.524064e+01 -1.072551e+02
   endloop
 endfacet
 facet normal  1.000000e+00  0.000000e+00  0.000000e+00
   outer loop
     vertex  3.500000e+01  5.174432e+01 -1.123204e+02
     vertex  3.500000e+01  3.635125e+01 -1.117610e+02
     vertex  3.500000e+01  3.585568e+01 -1.123204e+02
   endloop
 endfacet
 facet normal  1.000000e+00 -1.496976e-29 -1.673715e-14
   outer loop
     vertex  3.500000e+01  5.174432e+01 -1.123204e+02
     vertex  3.500000e+01  3.585568e+01 -1.123204e+02
     vertex  3.500000e+01  3.524064e+01 -1.127449e+02
   endloop
 endfacet
 facet normal  1.000000e+00  0.000000e+00  0.000000e+00
   outer loop
     vertex  3.500000e+01  5.174432e+01 -1.123204e+02
     vertex  3.500000e+01  5.124875e+01 -1.117610e+02
     vertex  3.500000e+01  3.635125e+01 -1.117610e+02
   endloop
 endfacet
 facet normal  1.000000e+00  2.493582e-13  2.209121e-13
   outer loop
     vertex  3.500000e+01  5.635125e+01 -1.082390e+02
     vertex  3.500000e+01  6.371018e+01 -9.625000e+01
     vertex  3.500000e+01  5.585568e+01 -1.076796e+02
   endloop
 endfacet
 facet normal  1.000000e+00  0.000000e+00 -1.673715e-14
   outer loop
     vertex  3.500000e+01  5.235936e+01 -1.127449e+02
     vertex  3.500000e+01  5.174432e+01 -1.123204e+02
     vertex  3.500000e+01  3.524064e+01 -1.127449e+02
   endloop
 endfacet
 facet normal  1.000000e+00  3.378637e-13  1.665868e-13
   outer loop
     vertex  3.500000e+01  5.669855e+01 -1.089007e+02
     vertex  3.500000e+01  6.371018e+01 -9.625000e+01
     vertex  3.500000e+01  5.635125e+01 -1.082390e+02
   endloop
 endfacet
 facet normal  1.000000e+00  0.000000e+00  0.000000e+00
   outer loop
     vertex  3.500000e+01  5.305812e+01 -1.130099e+02
     vertex  3.500000e+01  3.524064e+01 -1.127449e+02
     vertex  3.500000e+01  3.454188e+01 -1.130099e+02
   endloop
 endfacet
 facet normal  1.000000e+00  0.000000e+00  0.000000e+00
   outer loop
     vertex  3.500000e+01  5.305812e+01 -1.130099e+02
     vertex  3.500000e+01  5.235936e+01 -1.127449e+02
     vertex  3.500000e+01  3.524064e+01 -1.127449e+02
   endloop
 endfacet
 facet normal  1.000000e+00  4.541374e-13  1.021425e-13
   outer loop
     vertex  3.500000e+01  5.687740e+01 -1.096263e+02
     vertex  3.500000e+01  6.371018e+01 -9.625000e+01
     vertex  3.500000e+01  5.669855e+01 -1.089007e+02
   endloop
 endfacet
 facet normal  1.000000e+00  0.000000e+00 -7.912361e-15
   outer loop
     vertex  3.500000e+01  6.371018e+01 -1.175000e+02
     vertex  3.500000e+01  5.305812e+01 -1.130099e+02
     vertex  3.500000e+01  3.454188e+01 -1.130099e+02
   endloop
 endfacet
 facet normal  1.000000e+00  8.319220e-15  0.000000e+00
   outer loop
     vertex  3.500000e+01  6.371018e+01 -1.175000e+02
     vertex  3.500000e+01  5.687740e+01 -1.096263e+02
     vertex  3.500000e+01  5.687740e+01 -1.103737e+02
   endloop
 endfacet
 facet normal  1.000000e+00 -1.506534e-15 -9.421004e-15
   outer loop
     vertex  3.500000e+01  6.371018e+01 -1.175000e+02
     vertex  3.500000e+01  5.687740e+01 -1.103737e+02
     vertex  3.500000e+01  5.669855e+01 -1.110993e+02
   endloop
 endfacet
 facet normal  1.000000e+00 -1.831188e-15 -9.776644e-15
   outer loop
     vertex  3.500000e+01  6.371018e+01 -1.175000e+02
     vertex  3.500000e+01  5.669855e+01 -1.110993e+02
     vertex  3.500000e+01  5.635125e+01 -1.117610e+02
   endloop
 endfacet
 facet normal  1.000000e+00  3.426163e-15 -3.035315e-15
   outer loop
     vertex  3.500000e+01  6.371018e+01 -1.175000e+02
     vertex  3.500000e+01  5.635125e+01 -1.117610e+02
     vertex  3.500000e+01  5.585568e+01 -1.123204e+02
   endloop
 endfacet
 facet normal  1.000000e+00 -2.868739e-15 -1.258106e-14
   outer loop
     vertex  3.500000e+01  6.371018e+01 -1.175000e+02
     vertex  3.500000e+01  5.585568e+01 -1.123204e+02
     vertex  3.500000e+01  5.524064e+01 -1.127449e+02
   endloop
 endfacet
 facet normal  1.000000e+00  1.691151e-15 -4.459198e-15
   outer loop
     vertex  3.500000e+01  6.371018e+01 -1.175000e+02
     vertex  3.500000e+01  5.524064e+01 -1.127449e+02
     vertex  3.500000e+01  5.454188e+01 -1.130099e+02
   endloop
 endfacet
 facet normal  1.000000e+00  7.698615e-16 -6.340380e-15
   outer loop
     vertex  3.500000e+01  6.371018e+01 -1.175000e+02
     vertex  3.500000e+01  5.454188e+01 -1.130099e+02
     vertex  3.500000e+01  5.380000e+01 -1.131000e+02
   endloop
 endfacet
 facet normal  1.000000e+00 -1.349452e-15 -1.111374e-14
   outer loop
     vertex  3.500000e+01  6.371018e+01 -1.175000e+02
     vertex  3.500000e+01  5.380000e+01 -1.131000e+02
     vertex  3.500000e+01  5.305812e+01 -1.130099e+02
   endloop
 endfacet
 facet normal  1.000000e+00  2.475969e-13  2.076457e-13
   outer loop
     vertex  3.500000e+01  6.371018e+01 -1.175000e+02
     vertex  3.500000e+01  6.371018e+01 -9.625000e+01
     vertex  3.500000e+01  5.687740e+01 -1.096263e+02
   endloop
 endfacet
 facet normal  1.000000e+00  0.000000e+00 -8.074349e-15
   outer loop
     vertex  3.500000e+01  1.380000e+01 -1.175000e+02
     vertex  3.500000e+01  6.371018e+01 -1.175000e+02
     vertex  3.500000e+01  3.380000e+01 -1.131000e+02
   endloop
 endfacet
 facet normal  1.000000e+00  5.370901e-16 -4.423335e-15
   outer loop
     vertex  3.500000e+01  3.380000e+01 -1.131000e+02
     vertex  3.500000e+01  6.371018e+01 -1.175000e+02
     vertex  3.500000e+01  3.454188e+01 -1.130099e+02
   endloop
 endfacet
 facet normal  0.000000e+00  1.000000e+00  0.000000e+00
   outer loop
     vertex  4.323900e+01  1.380000e+01 -7.744875e+01
     vertex  4.267962e+01  1.380000e+01 -7.794432e+01
     vertex  3.500000e+01  1.380000e+01 -7.250000e+01
   endloop
 endfacet
 facet normal  0.000000e+00  1.000000e+00 -0.000000e+00
   outer loop
     vertex  4.225509e+01  1.380000e+01 -7.855936e+01
     vertex  3.500000e+01  1.380000e+01 -7.250000e+01
     vertex  4.267962e+01  1.380000e+01 -7.794432e+01
   endloop
 endfacet
 facet normal  0.000000e+00  1.000000e+00  0.000000e+00
   outer loop
     vertex  4.390072e+01  1.380000e+01 -7.710145e+01
     vertex  4.323900e+01  1.380000e+01 -7.744875e+01
     vertex  3.500000e+01  1.380000e+01 -7.250000e+01
   endloop
 endfacet
 facet normal  0.000000e+00  1.000000e+00 -0.000000e+00
   outer loop
     vertex  4.199008e+01  1.380000e+01 -7.925812e+01
     vertex  3.500000e+01  1.380000e+01 -7.250000e+01
     vertex  4.225509e+01  1.380000e+01 -7.855936e+01
   endloop
 endfacet
 facet normal  0.000000e+00  1.000000e+00  0.000000e+00
   outer loop
     vertex  4.462634e+01  1.380000e+01 -7.692260e+01
     vertex  4.390072e+01  1.380000e+01 -7.710145e+01
     vertex  3.500000e+01  1.380000e+01 -7.250000e+01
   endloop
 endfacet
 facet normal  0.000000e+00  1.000000e+00 -0.000000e+00
   outer loop
     vertex  4.190000e+01  1.380000e+01 -8.000000e+01
     vertex  3.500000e+01  1.380000e+01 -7.250000e+01
     vertex  4.199008e+01  1.380000e+01 -7.925812e+01
   endloop
 endfacet
 facet normal  0.000000e+00  1.000000e+00  0.000000e+00
   outer loop
     vertex  4.537366e+01  1.380000e+01 -7.692260e+01
     vertex  4.462634e+01  1.380000e+01 -7.692260e+01
     vertex  3.500000e+01  1.380000e+01 -7.250000e+01
   endloop
 endfacet
 facet normal  0.000000e+00  1.000000e+00  0.000000e+00
   outer loop
     vertex  4.199008e+01  1.380000e+01 -8.074188e+01
     vertex  3.500000e+01  1.380000e+01 -7.250000e+01
     vertex  4.190000e+01  1.380000e+01 -8.000000e+01
   endloop
 endfacet
 facet normal  0.000000e+00  1.000000e+00  0.000000e+00
   outer loop
     vertex  4.609928e+01  1.380000e+01 -7.710145e+01
     vertex  4.537366e+01  1.380000e+01 -7.692260e+01
     vertex  3.500000e+01  1.380000e+01 -7.250000e+01
   endloop
 endfacet
 facet normal -3.813903e-13  1.000000e+00 -1.446423e-13
   outer loop
     vertex  3.500000e+01  1.380000e+01 -9.375000e+01
     vertex  4.199008e+01  1.380000e+01 -8.074188e+01
     vertex  4.225509e+01  1.380000e+01 -8.144064e+01
   endloop
 endfacet
 facet normal -2.886987e-13  1.000000e+00 -1.992743e-13
   outer loop
     vertex  3.500000e+01  1.380000e+01 -9.375000e+01
     vertex  4.225509e+01  1.380000e+01 -8.144064e+01
     vertex  4.267962e+01  1.380000e+01 -8.205568e+01
   endloop
 endfacet
 facet normal -2.177932e-13  1.000000e+00 -2.458377e-13
   outer loop
     vertex  3.500000e+01  1.380000e+01 -9.375000e+01
     vertex  4.267962e+01  1.380000e+01 -8.205568e+01
     vertex  4.323900e+01  1.380000e+01 -8.255125e+01
   endloop
 endfacet
 facet normal -1.537533e-13  1.000000e+00 -2.929524e-13
   outer loop
     vertex  3.500000e+01  1.380000e+01 -9.375000e+01
     vertex  4.323900e+01  1.380000e+01 -8.255125e+01
     vertex  4.390072e+01  1.380000e+01 -8.289855e+01
   endloop
 endfacet
 facet normal -8.592008e-14  1.000000e+00 -3.485914e-13
   outer loop
     vertex  3.500000e+01  1.380000e+01 -9.375000e+01
     vertex  4.390072e+01  1.380000e+01 -8.289855e+01
     vertex  4.462634e+01  1.380000e+01 -8.307740e+01
   endloop
 endfacet
 facet normal  0.000000e+00  1.000000e+00 -4.260885e-13
   outer loop
     vertex  3.500000e+01  1.380000e+01 -9.375000e+01
     vertex  4.462634e+01  1.380000e+01 -8.307740e+01
     vertex  4.537366e+01  1.380000e+01 -8.307740e+01
   endloop
 endfacet
 facet normal -2.523221e-13  1.000000e+00 -2.139988e-13
   outer loop
     vertex  3.500000e+01  1.380000e+01 -9.375000e+01
     vertex  3.500000e+01  1.380000e+01 -7.250000e+01
     vertex  4.199008e+01  1.380000e+01 -8.074188e+01
   endloop
 endfacet
 facet normal  1.381086e-13  1.000000e+00 -5.603288e-13
   outer loop
     vertex  4.609928e+01  1.380000e+01 -8.289855e+01
     vertex  3.500000e+01  1.380000e+01 -9.375000e+01
     vertex  4.537366e+01  1.380000e+01 -8.307740e+01
   endloop
 endfacet
 facet normal  4.748608e-13  1.000000e+00 -9.047717e-13
   outer loop
     vertex  4.676100e+01  1.380000e+01 -8.255125e+01
     vertex  3.500000e+01  1.380000e+01 -9.375000e+01
     vertex  4.609928e+01  1.380000e+01 -8.289855e+01
   endloop
 endfacet
 facet normal  0.000000e+00  1.000000e+00  0.000000e+00
   outer loop
     vertex  7.323900e+01  1.380000e+01 -7.744875e+01
     vertex  4.732038e+01  1.380000e+01 -7.794432e+01
     vertex  4.676100e+01  1.380000e+01 -7.744875e+01
   endloop
 endfacet
 facet normal  0.000000e+00  1.000000e+00  0.000000e+00
   outer loop
     vertex  7.323900e+01  1.380000e+01 -7.744875e+01
     vertex  4.676100e+01  1.380000e+01 -7.744875e+01
     vertex  4.609928e+01  1.380000e+01 -7.710145e+01
   endloop
 endfacet
 facet normal  0.000000e+00  1.000000e+00  0.000000e+00
   outer loop
     vertex  7.323900e+01  1.380000e+01 -7.744875e+01
     vertex  7.267962e+01  1.380000e+01 -7.794432e+01
     vertex  4.732038e+01  1.380000e+01 -7.794432e+01
   endloop
 endfacet
 facet normal  0.000000e+00  1.000000e+00  0.000000e+00
   outer loop
     vertex  7.225509e+01  1.380000e+01 -7.855936e+01
     vertex  4.774491e+01  1.380000e+01 -7.855936e+01
     vertex  4.732038e+01  1.380000e+01 -7.794432e+01
   endloop
 endfacet
 facet normal  0.000000e+00  1.000000e+00 -0.000000e+00
   outer loop
     vertex  7.225509e+01  1.380000e+01 -7.855936e+01
     vertex  4.732038e+01  1.380000e+01 -7.794432e+01
     vertex  7.267962e+01  1.380000e+01 -7.794432e+01
   endloop
 endfacet
 facet normal  0.000000e+00  1.000000e+00  0.000000e+00
   outer loop
     vertex  7.390072e+01  1.380000e+01 -7.710145e+01
     vertex  7.323900e+01  1.380000e+01 -7.744875e+01
     vertex  4.609928e+01  1.380000e+01 -7.710145e+01
   endloop
 endfacet
 facet normal  0.000000e+00  1.000000e+00 -0.000000e+00
   outer loop
     vertex  7.199008e+01  1.380000e+01 -7.925812e+01
     vertex  4.774491e+01  1.380000e+01 -7.855936e+01
     vertex  7.225509e+01  1.380000e+01 -7.855936e+01
   endloop
 endfacet
 facet normal  0.000000e+00  1.000000e+00  0.000000e+00
   outer loop
     vertex  7.199008e+01  1.380000e+01 -7.925812e+01
     vertex  4.800992e+01  1.380000e+01 -7.925812e+01
     vertex  4.774491e+01  1.380000e+01 -7.855936e+01
   endloop
 endfacet
 facet normal  0.000000e+00  1.000000e+00 -0.000000e+00
   outer loop
     vertex  7.190000e+01  1.380000e+01 -8.000000e+01
     vertex  4.800992e+01  1.380000e+01 -7.925812e+01
     vertex  7.199008e+01  1.380000e+01 -7.925812e+01
   endloop
 endfacet
 facet normal  0.000000e+00  1.000000e+00  0.000000e+00
   outer loop
     vertex  7.190000e+01  1.380000e+01 -8.000000e+01
     vertex  4.810000e+01  1.380000e+01 -8.000000e+01
     vertex  4.800992e+01  1.380000e+01 -7.925812e+01
   endloop
 endfacet
 facet normal  0.000000e+00  1.000000e+00  0.000000e+00
   outer loop
     vertex  7.199008e+01  1.380000e+01 -8.074188e+01
     vertex  4.810000e+01  1.380000e+01 -8.000000e+01
     vertex  7.190000e+01  1.380000e+01 -8.000000e+01
   endloop
 endfacet
 facet normal  0.000000e+00  1.000000e+00  0.000000e+00
   outer loop
     vertex  7.199008e+01  1.380000e+01 -8.074188e+01
     vertex  4.800992e+01  1.380000e+01 -8.074188e+01
     vertex  4.810000e+01  1.380000e+01 -8.000000e+01
   endloop
 endfacet
 facet normal  0.000000e+00  1.000000e+00  0.000000e+00
   outer loop
     vertex  7.225509e+01  1.380000e+01 -8.144064e+01
     vertex  4.800992e+01  1.380000e+01 -8.074188e+01
     vertex  7.199008e+01  1.380000e+01 -8.074188e+01
   endloop
 endfacet
 facet normal  0.000000e+00  1.000000e+00  0.000000e+00
   outer loop
     vertex  7.225509e+01  1.380000e+01 -8.144064e+01
     vertex  4.774491e+01  1.380000e+01 -8.144064e+01
     vertex  4.800992e+01  1.380000e+01 -8.074188e+01
   endloop
 endfacet
 facet normal  0.000000e+00  1.000000e+00  0.000000e+00
   outer loop
     vertex  7.267962e+01  1.380000e+01 -8.205568e+01
     vertex  4.774491e+01  1.380000e+01 -8.144064e+01
     vertex  7.225509e+01  1.380000e+01 -8.144064e+01
   endloop
 endfacet
 facet normal  0.000000e+00  1.000000e+00  0.000000e+00
   outer loop
     vertex  7.267962e+01  1.380000e+01 -8.205568e+01
     vertex  4.676100e+01  1.380000e+01 -8.255125e+01
     vertex  4.732038e+01  1.380000e+01 -8.205568e+01
   endloop
 endfacet
 facet normal  0.000000e+00  1.000000e+00  0.000000e+00
   outer loop
     vertex  7.267962e+01  1.380000e+01 -8.205568e+01
     vertex  4.732038e+01  1.380000e+01 -8.205568e+01
     vertex  4.774491e+01  1.380000e+01 -8.144064e+01
   endloop
 endfacet
 facet normal  0.000000e+00  1.000000e+00  0.000000e+00
   outer loop
     vertex  7.323900e+01  1.380000e+01 -8.255125e+01
     vertex  4.676100e+01  1.380000e+01 -8.255125e+01
     vertex  7.267962e+01  1.380000e+01 -8.205568e+01
   endloop
 endfacet
 facet normal  0.000000e+00  1.000000e+00  0.000000e+00
   outer loop
     vertex  8.491018e+01  1.380000e+01 -7.250000e+01
     vertex  7.800992e+01  1.380000e+01 -7.925812e+01
     vertex  7.774491e+01  1.380000e+01 -7.855936e+01
   endloop
 endfacet
 facet normal  0.000000e+00  1.000000e+00  0.000000e+00
   outer loop
     vertex  8.491018e+01  1.380000e+01 -7.250000e+01
     vertex  7.774491e+01  1.380000e+01 -7.855936e+01
     vertex  7.732038e+01  1.380000e+01 -7.794432e+01
   endloop
 endfacet
 facet normal  0.000000e+00  1.000000e+00  0.000000e+00
   outer loop
     vertex  8.491018e+01  1.380000e+01 -7.250000e+01
     vertex  7.732038e+01  1.380000e+01 -7.794432e+01
     vertex  7.676100e+01  1.380000e+01 -7.744875e+01
   endloop
 endfacet
 facet normal  0.000000e+00  1.000000e+00  0.000000e+00
   outer loop
     vertex  8.491018e+01  1.380000e+01 -7.250000e+01
     vertex  7.676100e+01  1.380000e+01 -7.744875e+01
     vertex  7.609928e+01  1.380000e+01 -7.710145e+01
   endloop
 endfacet
 facet normal  0.000000e+00  1.000000e+00  0.000000e+00
   outer loop
     vertex  8.491018e+01  1.380000e+01 -7.250000e+01
     vertex  7.609928e+01  1.380000e+01 -7.710145e+01
     vertex  7.537366e+01  1.380000e+01 -7.692260e+01
   endloop
 endfacet
 facet normal  0.000000e+00  1.000000e+00  0.000000e+00
   outer loop
     vertex  8.491018e+01  1.380000e+01 -7.250000e+01
     vertex  7.537366e+01  1.380000e+01 -7.692260e+01
     vertex  7.462634e+01  1.380000e+01 -7.692260e+01
   endloop
 endfacet
 facet normal  0.000000e+00  1.000000e+00  0.000000e+00
   outer loop
     vertex  8.491018e+01  1.380000e+01 -7.250000e+01
     vertex  7.462634e+01  1.380000e+01 -7.692260e+01
     vertex  7.390072e+01  1.380000e+01 -7.710145e+01
   endloop
 endfacet
 facet normal  0.000000e+00  1.000000e+00  0.000000e+00
   outer loop
     vertex  8.491018e+01  1.380000e+01 -7.250000e+01
     vertex  4.609928e+01  1.380000e+01 -7.710145e+01
     vertex  3.500000e+01  1.380000e+01 -7.250000e+01
   endloop
 endfacet
 facet normal  0.000000e+00  1.000000e+00  0.000000e+00
   outer loop
     vertex  8.491018e+01  1.380000e+01 -7.250000e+01
     vertex  7.390072e+01  1.380000e+01 -7.710145e+01
     vertex  4.609928e+01  1.380000e+01 -7.710145e+01
   endloop
 endfacet
 facet normal  0.000000e+00  1.000000e+00 -0.000000e+00
   outer loop
     vertex  7.810000e+01  1.380000e+01 -8.000000e+01
     vertex  7.800992e+01  1.380000e+01 -7.925812e+01
     vertex  8.491018e+01  1.380000e+01 -7.250000e+01
   endloop
 endfacet
 facet normal  0.000000e+00  1.000000e+00  0.000000e+00
   outer loop
     vertex  7.800992e+01  1.380000e+01 -8.074188e+01
     vertex  7.810000e+01  1.380000e+01 -8.000000e+01
     vertex  8.491018e+01  1.380000e+01 -7.250000e+01
   endloop
 endfacet
 facet normal  0.000000e+00  1.000000e+00  0.000000e+00
   outer loop
     vertex  8.491018e+01  1.380000e+01 -9.375000e+01
     vertex  7.323900e+01  1.380000e+01 -8.255125e+01
     vertex  7.390072e+01  1.380000e+01 -8.289855e+01
   endloop
 endfacet
 facet normal  0.000000e+00  1.000000e+00  0.000000e+00
   outer loop
     vertex  8.491018e+01  1.380000e+01 -9.375000e+01
     vertex  7.390072e+01  1.380000e+01 -8.289855e+01
     vertex  7.462634e+01  1.380000e+01 -8.307740e+01
   endloop
 endfacet
 facet normal  0.000000e+00  1.000000e+00  0.000000e+00
   outer loop
     vertex  8.491018e+01  1.380000e+01 -9.375000e+01
     vertex  7.462634e+01  1.380000e+01 -8.307740e+01
     vertex  7.537366e+01  1.380000e+01 -8.307740e+01
   endloop
 endfacet
 facet normal  0.000000e+00  1.000000e+00  0.000000e+00
   outer loop
     vertex  8.491018e+01  1.380000e+01 -9.375000e+01
     vertex  7.537366e+01  1.380000e+01 -8.307740e+01
     vertex  7.609928e+01  1.380000e+01 -8.289855e+01
   endloop
 endfacet
 facet normal -9.111315e-14  1.000000e+00 -3.103821e-13
   outer loop
     vertex  8.491018e+01  1.380000e+01 -9.375000e+01
     vertex  3.500000e+01  1.380000e+01 -9.375000e+01
     vertex  4.676100e+01  1.380000e+01 -8.255125e+01
   endloop
 endfacet
 facet normal  0.000000e+00  1.000000e+00  0.000000e+00
   outer loop
     vertex  8.491018e+01  1.380000e+01 -9.375000e+01
     vertex  7.609928e+01  1.380000e+01 -8.289855e+01
     vertex  7.676100e+01  1.380000e+01 -8.255125e+01
   endloop
 endfacet
 facet normal  0.000000e+00  1.000000e+00  0.000000e+00
   outer loop
     vertex  8.491018e+01  1.380000e+01 -9.375000e+01
     vertex  7.676100e+01  1.380000e+01 -8.255125e+01
     vertex  7.732038e+01  1.380000e+01 -8.205568e+01
   endloop
 endfacet
 facet normal  0.000000e+00  1.000000e+00  0.000000e+00
   outer loop
     vertex  8.491018e+01  1.380000e+01 -9.375000e+01
     vertex  7.732038e+01  1.380000e+01 -8.205568e+01
     vertex  7.774491e+01  1.380000e+01 -8.144064e+01
   endloop
 endfacet
 facet normal  0.000000e+00  1.000000e+00  0.000000e+00
   outer loop
     vertex  8.491018e+01  1.380000e+01 -9.375000e+01
     vertex  7.774491e+01  1.380000e+01 -8.144064e+01
     vertex  7.800992e+01  1.380000e+01 -8.074188e+01
   endloop
 endfacet
 facet normal  0.000000e+00  1.000000e+00  0.000000e+00
   outer loop
     vertex  8.491018e+01  1.380000e+01 -9.375000e+01
     vertex  4.676100e+01  1.380000e+01 -8.255125e+01
     vertex  7.323900e+01  1.380000e+01 -8.255125e+01
   endloop
 endfacet
 facet normal  0.000000e+00  1.000000e+00 -0.000000e+00
   outer loop
     vertex  8.491018e+01  1.380000e+01 -9.375000e+01
     vertex  7.800992e+01  1.380000e+01 -8.074188e+01
     vertex  8.491018e+01  1.380000e+01 -7.250000e+01
   endloop
 endfacet
 facet normal  1.000000e+00  1.261334e-15 -1.117444e-15
   outer loop
     vertex  3.500000e+01  3.124875e+01 -7.823900e+01
     vertex  3.500000e+01  3.174432e+01 -7.767962e+01
     vertex  3.500000e+01  1.380000e+01 -7.250000e+01
   endloop
 endfacet
 facet normal  1.000000e+00 -2.289753e-15 -1.341987e-14
   outer loop
     vertex  3.500000e+01  3.235936e+01 -7.725509e+01
     vertex  3.500000e+01  1.380000e+01 -7.250000e+01
     vertex  3.500000e+01  3.174432e+01 -7.767962e+01
   endloop
 endfacet
 facet normal  1.000000e+00 -1.622716e-15 -9.886058e-15
   outer loop
     vertex  3.500000e+01  3.090145e+01 -7.890072e+01
     vertex  3.500000e+01  3.124875e+01 -7.823900e+01
     vertex  3.500000e+01  1.380000e+01 -7.250000e+01
   endloop
 endfacet
 facet normal  1.000000e+00  6.854663e-16 -1.807426e-15
   outer loop
     vertex  3.500000e+01  3.305812e+01 -7.699008e+01
     vertex  3.500000e+01  1.380000e+01 -7.250000e+01
     vertex  3.500000e+01  3.235936e+01 -7.725509e+01
   endloop
 endfacet
 facet normal  1.000000e+00  1.901974e-15 -4.687945e-16
   outer loop
     vertex  3.500000e+01  3.072260e+01 -7.962634e+01
     vertex  3.500000e+01  3.090145e+01 -7.890072e+01
     vertex  3.500000e+01  1.380000e+01 -7.250000e+01
   endloop
 endfacet
 facet normal  1.000000e+00  3.790420e-16 -3.121692e-15
   outer loop
     vertex  3.500000e+01  3.380000e+01 -7.690000e+01
     vertex  3.500000e+01  1.380000e+01 -7.250000e+01
     vertex  3.500000e+01  3.305812e+01 -7.699008e+01
   endloop
 endfacet
 facet normal  1.000000e+00 -1.000049e-13 -2.203518e-13
   outer loop
     vertex  3.500000e+01  3.072260e+01 -8.037366e+01
     vertex  3.500000e+01  1.380000e+01 -7.250000e+01
     vertex  3.500000e+01  1.380000e+01 -9.375000e+01
   endloop
 endfacet
 facet normal  1.000000e+00 -1.904466e-15 -9.507784e-15
   outer loop
     vertex  3.500000e+01  3.072260e+01 -8.037366e+01
     vertex  3.500000e+01  3.072260e+01 -7.962634e+01
     vertex  3.500000e+01  1.380000e+01 -7.250000e+01
   endloop
 endfacet
 facet normal  1.000000e+00 -2.229947e-13 -6.475560e-14
   outer loop
     vertex  3.500000e+01  3.090145e+01 -8.109928e+01
     vertex  3.500000e+01  3.072260e+01 -8.037366e+01
     vertex  3.500000e+01  1.380000e+01 -9.375000e+01
   endloop
 endfacet
 facet normal  1.000000e+00 -1.951361e-13 -1.024153e-13
   outer loop
     vertex  3.500000e+01  3.124875e+01 -8.176100e+01
     vertex  3.500000e+01  3.090145e+01 -8.109928e+01
     vertex  3.500000e+01  1.380000e+01 -9.375000e+01
   endloop
 endfacet
 facet normal  1.000000e+00 -1.596166e-13 -1.541103e-13
   outer loop
     vertex  3.500000e+01  3.174432e+01 -8.232038e+01
     vertex  3.500000e+01  3.124875e+01 -8.176100e+01
     vertex  3.500000e+01  1.380000e+01 -9.375000e+01
   endloop
 endfacet
 facet normal  1.000000e+00 -1.340648e-13 -1.942263e-13
   outer loop
     vertex  3.500000e+01  3.235936e+01 -8.274491e+01
     vertex  3.500000e+01  3.174432e+01 -8.232038e+01
     vertex  3.500000e+01  1.380000e+01 -9.375000e+01
   endloop
 endfacet
 facet normal  1.000000e+00 -9.102142e-14 -2.668161e-13
   outer loop
     vertex  3.500000e+01  3.305812e+01 -8.300992e+01
     vertex  3.500000e+01  3.235936e+01 -8.274491e+01
     vertex  3.500000e+01  1.380000e+01 -9.375000e+01
   endloop
 endfacet
 facet normal  1.000000e+00 -4.287903e-14 -3.531406e-13
   outer loop
     vertex  3.500000e+01  3.380000e+01 -8.310000e+01
     vertex  3.500000e+01  3.305812e+01 -8.300992e+01
     vertex  3.500000e+01  1.380000e+01 -9.375000e+01
   endloop
 endfacet
 facet normal  1.000000e+00  6.820978e-14 -5.617581e-13
   outer loop
     vertex  3.500000e+01  3.454188e+01 -8.300992e+01
     vertex  3.500000e+01  3.380000e+01 -8.310000e+01
     vertex  3.500000e+01  1.380000e+01 -9.375000e+01
   endloop
 endfacet
 facet normal  1.000000e+00  4.472017e-16 -3.961862e-16
   outer loop
     vertex  3.500000e+01  5.124875e+01 -7.823900e+01
     vertex  3.500000e+01  5.174432e+01 -7.767962e+01
     vertex  3.500000e+01  3.585568e+01 -7.767962e+01
   endloop
 endfacet
 facet normal  1.000000e+00  4.769543e-16  4.225447e-16
   outer loop
     vertex  3.500000e+01  5.124875e+01 -7.823900e+01
     vertex  3.500000e+01  3.585568e+01 -7.767962e+01
     vertex  3.500000e+01  3.635125e+01 -7.823900e+01
   endloop
 endfacet
 facet normal  1.000000e+00  4.472017e-16 -1.738503e-14
   outer loop
     vertex  3.500000e+01  5.235936e+01 -7.725509e+01
     vertex  3.500000e+01  3.585568e+01 -7.767962e+01
     vertex  3.500000e+01  5.174432e+01 -7.767962e+01
   endloop
 endfacet
 facet normal  1.000000e+00  4.150678e-16 -1.613582e-14
   outer loop
     vertex  3.500000e+01  5.235936e+01 -7.725509e+01
     vertex  3.500000e+01  3.524064e+01 -7.725509e+01
     vertex  3.500000e+01  3.585568e+01 -7.767962e+01
   endloop
 endfacet
 facet normal  1.000000e+00  4.769543e-16 -1.098805e-14
   outer loop
     vertex  3.500000e+01  5.090145e+01 -7.890072e+01
     vertex  3.500000e+01  5.124875e+01 -7.823900e+01
     vertex  3.500000e+01  3.635125e+01 -7.823900e+01
   endloop
 endfacet
 facet normal  1.000000e+00  5.002801e-16 -1.047516e-14
   outer loop
     vertex  3.500000e+01  5.090145e+01 -7.890072e+01
     vertex  3.500000e+01  3.635125e+01 -7.823900e+01
     vertex  3.500000e+01  3.669855e+01 -7.890072e+01
   endloop
 endfacet
 facet normal  1.000000e+00  3.837402e-16  1.011840e-15
   outer loop
     vertex  3.500000e+01  5.305812e+01 -7.699008e+01
     vertex  3.500000e+01  3.454188e+01 -7.699008e+01
     vertex  3.500000e+01  3.524064e+01 -7.725509e+01
   endloop
 endfacet
 facet normal  1.000000e+00  4.150678e-16 -1.094444e-15
   outer loop
     vertex  3.500000e+01  5.305812e+01 -7.699008e+01
     vertex  3.500000e+01  3.524064e+01 -7.725509e+01
     vertex  3.500000e+01  5.235936e+01 -7.725509e+01
   endloop
 endfacet
 facet normal  1.000000e+00  5.002801e-16 -9.915639e-15
   outer loop
     vertex  3.500000e+01  5.072260e+01 -7.962634e+01
     vertex  3.500000e+01  5.090145e+01 -7.890072e+01
     vertex  3.500000e+01  3.669855e+01 -7.890072e+01
   endloop
 endfacet
 facet normal  1.000000e+00  1.026410e-15  2.529873e-16
   outer loop
     vertex  3.500000e+01  5.072260e+01 -7.962634e+01
     vertex  3.500000e+01  3.669855e+01 -7.890072e+01
     vertex  3.500000e+01  3.687740e+01 -7.962634e+01
   endloop
 endfacet
 facet normal  1.000000e+00  1.026410e-15 -0.000000e+00
   outer loop
     vertex  3.500000e+01  5.072260e+01 -8.037366e+01
     vertex  3.500000e+01  5.072260e+01 -7.962634e+01
     vertex  3.500000e+01  3.687740e+01 -7.962634e+01
   endloop
 endfacet
 facet normal  1.000000e+00  5.132049e-16 -9.507784e-15
   outer loop
     vertex  3.500000e+01  5.072260e+01 -8.037366e+01
     vertex  3.500000e+01  3.687740e+01 -7.962634e+01
     vertex  3.500000e+01  3.687740e+01 -8.037366e+01
   endloop
 endfacet
 facet normal  1.000000e+00  5.132049e-16 -9.665837e-15
   outer loop
     vertex  3.500000e+01  5.090145e+01 -8.109928e+01
     vertex  3.500000e+01  5.072260e+01 -8.037366e+01
     vertex  3.500000e+01  3.687740e+01 -8.037366e+01
   endloop
 endfacet
 facet normal  1.000000e+00  5.002801e-16 -9.915639e-15
   outer loop
     vertex  3.500000e+01  5.090145e+01 -8.109928e+01
     vertex  3.500000e+01  3.687740e+01 -8.037366e+01
     vertex  3.500000e+01  3.669855e+01 -8.109928e+01
   endloop
 endfacet
 facet normal  1.000000e+00  5.002801e-16 -1.047516e-14
   outer loop
     vertex  3.500000e+01  5.124875e+01 -8.176100e+01
     vertex  3.500000e+01  5.090145e+01 -8.109928e+01
     vertex  3.500000e+01  3.669855e+01 -8.109928e+01
   endloop
 endfacet
 facet normal  1.000000e+00  9.539087e-16 -5.006499e-16
   outer loop
     vertex  3.500000e+01  5.124875e+01 -8.176100e+01
     vertex  3.500000e+01  3.669855e+01 -8.109928e+01
     vertex  3.500000e+01  3.635125e+01 -8.176100e+01
   endloop
 endfacet
 facet normal  1.000000e+00  9.539087e-16  8.450894e-16
   outer loop
     vertex  3.500000e+01  5.174432e+01 -8.232038e+01
     vertex  3.500000e+01  5.124875e+01 -8.176100e+01
     vertex  3.500000e+01  3.635125e+01 -8.176100e+01
   endloop
 endfacet
 facet normal  1.000000e+00  4.472017e-16 -1.309845e-14
   outer loop
     vertex  3.500000e+01  5.174432e+01 -8.232038e+01
     vertex  3.500000e+01  3.635125e+01 -8.176100e+01
     vertex  3.500000e+01  3.585568e+01 -8.232038e+01
   endloop
 endfacet
 facet normal  1.000000e+00  4.472017e-16  6.478836e-16
   outer loop
     vertex  3.500000e+01  5.235936e+01 -8.274491e+01
     vertex  3.500000e+01  5.174432e+01 -8.232038e+01
     vertex  3.500000e+01  3.585568e+01 -8.232038e+01
   endloop
 endfacet
 facet normal  1.000000e+00  4.150678e-16 -6.013295e-16
   outer loop
     vertex  3.500000e+01  5.235936e+01 -8.274491e+01
     vertex  3.500000e+01  3.585568e+01 -8.232038e+01
     vertex  3.500000e+01  3.524064e+01 -8.274491e+01
   endloop
 endfacet
 facet normal  1.000000e+00 -6.158892e-16 -5.072304e-15
   outer loop
     vertex  3.500000e+01  6.371018e+01 -7.250000e+01
     vertex  3.500000e+01  5.380000e+01 -7.690000e+01
     vertex  3.500000e+01  5.454188e+01 -7.699008e+01
   endloop
 endfacet
 facet normal  1.000000e+00 -1.352921e-15 -3.567358e-15
   outer loop
     vertex  3.500000e+01  6.371018e+01 -7.250000e+01
     vertex  3.500000e+01  5.454188e+01 -7.699008e+01
     vertex  3.500000e+01  5.524064e+01 -7.725509e+01
   endloop
 endfacet
 facet normal  1.000000e+00  3.331378e-15 -1.191081e-14
   outer loop
     vertex  3.500000e+01  6.371018e+01 -7.250000e+01
     vertex  3.500000e+01  5.524064e+01 -7.725509e+01
     vertex  3.500000e+01  5.585568e+01 -7.767962e+01
   endloop
 endfacet
 facet normal  1.000000e+00 -2.855136e-15 -2.529429e-15
   outer loop
     vertex  3.500000e+01  6.371018e+01 -7.250000e+01
     vertex  3.500000e+01  5.585568e+01 -7.767962e+01
     vertex  3.500000e+01  5.635125e+01 -7.823900e+01
   endloop
 endfacet
 facet normal  1.000000e+00  2.516314e-15 -9.417062e-15
   outer loop
     vertex  3.500000e+01  6.371018e+01 -7.250000e+01
     vertex  3.500000e+01  5.635125e+01 -7.823900e+01
     vertex  3.500000e+01  5.669855e+01 -7.890072e+01
   endloop
 endfacet
 facet normal  1.000000e+00  3.837402e-16 -7.240256e-15
   outer loop
     vertex  3.500000e+01  6.371018e+01 -7.250000e+01
     vertex  3.500000e+01  3.454188e+01 -7.699008e+01
     vertex  3.500000e+01  5.305812e+01 -7.699008e+01
   endloop
 endfacet
 facet normal  1.000000e+00  1.079562e-15 -8.890991e-15
   outer loop
     vertex  3.500000e+01  6.371018e+01 -7.250000e+01
     vertex  3.500000e+01  5.305812e+01 -7.699008e+01
     vertex  3.500000e+01  5.380000e+01 -7.690000e+01
   endloop
 endfacet
 facet normal  1.000000e+00  2.333779e-15 -9.217106e-15
   outer loop
     vertex  3.500000e+01  5.687740e+01 -7.962634e+01
     vertex  3.500000e+01  6.371018e+01 -7.250000e+01
     vertex  3.500000e+01  5.669855e+01 -7.890072e+01
   endloop
 endfacet
 facet normal  1.000000e+00 -7.279318e-15  0.000000e+00
   outer loop
     vertex  3.500000e+01  5.687740e+01 -8.037366e+01
     vertex  3.500000e+01  6.371018e+01 -7.250000e+01
     vertex  3.500000e+01  5.687740e+01 -7.962634e+01
   endloop
 endfacet
 facet normal  1.000000e+00  4.444090e-13 -1.193293e-13
   outer loop
     vertex  3.500000e+01  6.371018e+01 -9.375000e+01
     vertex  3.500000e+01  5.687740e+01 -8.037366e+01
     vertex  3.500000e+01  5.669855e+01 -8.109928e+01
   endloop
 endfacet
 facet normal  1.000000e+00  3.288927e-13 -1.833539e-13
   outer loop
     vertex  3.500000e+01  6.371018e+01 -9.375000e+01
     vertex  3.500000e+01  5.669855e+01 -8.109928e+01
     vertex  3.500000e+01  5.635125e+01 -8.176100e+01
   endloop
 endfacet
 facet normal  1.000000e+00  2.568666e-13 -2.275640e-13
   outer loop
     vertex  3.500000e+01  6.371018e+01 -9.375000e+01
     vertex  3.500000e+01  5.635125e+01 -8.176100e+01
     vertex  3.500000e+01  5.585568e+01 -8.232038e+01
   endloop
 endfacet
 facet normal  1.000000e+00  1.891819e-13 -2.740773e-13
   outer loop
     vertex  3.500000e+01  6.371018e+01 -9.375000e+01
     vertex  3.500000e+01  5.585568e+01 -8.232038e+01
     vertex  3.500000e+01  5.524064e+01 -8.274491e+01
   endloop
 endfacet
 facet normal  1.000000e+00  1.153304e-13 -3.309136e-13
   outer loop
     vertex  3.500000e+01  6.371018e+01 -9.375000e+01
     vertex  3.500000e+01  5.524064e+01 -8.274491e+01
     vertex  3.500000e+01  5.454188e+01 -8.300992e+01
   endloop
 endfacet
 facet normal  1.000000e+00  4.723810e-14 -3.890408e-13
   outer loop
     vertex  3.500000e+01  6.371018e+01 -9.375000e+01
     vertex  3.500000e+01  5.454188e+01 -8.300992e+01
     vertex  3.500000e+01  5.380000e+01 -8.310000e+01
   endloop
 endfacet
 facet normal  1.000000e+00 -5.927243e-14 -4.881524e-13
   outer loop
     vertex  3.500000e+01  6.371018e+01 -9.375000e+01
     vertex  3.500000e+01  5.380000e+01 -8.310000e+01
     vertex  3.500000e+01  5.305812e+01 -8.300992e+01
   endloop
 endfacet
 facet normal  1.000000e+00 -2.447164e-13 -6.720765e-13
   outer loop
     vertex  3.500000e+01  6.371018e+01 -9.375000e+01
     vertex  3.500000e+01  5.305812e+01 -8.300992e+01
     vertex  3.500000e+01  5.235936e+01 -8.274491e+01
   endloop
 endfacet
 facet normal  1.000000e+00  7.533040e-14 -2.254423e-13
   outer loop
     vertex  3.500000e+01  6.371018e+01 -9.375000e+01
     vertex  3.500000e+01  3.524064e+01 -8.274491e+01
     vertex  3.500000e+01  3.454188e+01 -8.300992e+01
   endloop
 endfacet
 facet normal  1.000000e+00  4.150678e-16 -4.192440e-13
   outer loop
     vertex  3.500000e+01  6.371018e+01 -9.375000e+01
     vertex  3.500000e+01  5.235936e+01 -8.274491e+01
     vertex  3.500000e+01  3.524064e+01 -8.274491e+01
   endloop
 endfacet
 facet normal  1.000000e+00  2.466401e-13 -2.203518e-13
   outer loop
     vertex  3.500000e+01  6.371018e+01 -9.375000e+01
     vertex  3.500000e+01  6.371018e+01 -7.250000e+01
     vertex  3.500000e+01  5.687740e+01 -8.037366e+01
   endloop
 endfacet
 facet normal  1.000000e+00  0.000000e+00 -4.300273e-13
   outer loop
     vertex  3.500000e+01  6.371018e+01 -9.375000e+01
     vertex  3.500000e+01  3.454188e+01 -8.300992e+01
     vertex  3.500000e+01  1.380000e+01 -9.375000e+01
   endloop
 endfacet
 facet normal  1.000000e+00  0.000000e+00 -4.844610e-15
   outer loop
     vertex  3.500000e+01  6.371018e+01 -7.250000e+01
     vertex  3.500000e+01  1.380000e+01 -7.250000e+01
     vertex  3.500000e+01  3.380000e+01 -7.690000e+01
   endloop
 endfacet
 facet normal  1.000000e+00 -3.222541e-16 -2.654001e-15
   outer loop
     vertex  3.500000e+01  6.371018e+01 -7.250000e+01
     vertex  3.500000e+01  3.380000e+01 -7.690000e+01
     vertex  3.500000e+01  3.454188e+01 -7.699008e+01
   endloop
 endfacet
 facet normal -5.684342e-15  0.000000e+00 -1.000000e+00
   outer loop
     vertex  3.500000e+01  6.371018e+01 -1.200000e+02
     vertex  3.000000e+01  8.800000e+00 -1.200000e+02
     vertex  3.000000e+01  6.380000e+01 -1.200000e+02
   endloop
 endfacet
 facet normal -6.459479e-15 -1.160384e-16 -1.000000e+00
   outer loop
     vertex  8.491018e+01  1.380000e+01 -1.200000e+02
     vertex  8.500000e+01  8.800000e+00 -1.200000e+02
     vertex  3.000000e+01  8.800000e+00 -1.200000e+02
   endloop
 endfacet
 facet normal -6.476615e-15  7.214262e-17 -1.000000e+00
   outer loop
     vertex  8.491018e+01  1.380000e+01 -1.200000e+02
     vertex  3.000000e+01  8.800000e+00 -1.200000e+02
     vertex  3.500000e+01  6.371018e+01 -1.200000e+02
   endloop
 endfacet
 facet normal  8.526513e-15  0.000000e+00  1.000000e+00
   outer loop
     vertex  3.500000e+01  6.371018e+01 -7.000000e+01
     vertex  3.000000e+01  6.380000e+01 -7.000000e+01
     vertex  3.000000e+01  8.800000e+00 -7.000000e+01
   endloop
 endfacet
 facet normal  6.459479e-15  1.160384e-16  1.000000e+00
   outer loop
     vertex  8.491018e+01  1.380000e+01 -7.000000e+01
     vertex  3.000000e+01  8.800000e+00 -7.000000e+01
     vertex  8.500000e+01  8.800000e+00 -7.000000e+01
   endloop
 endfacet
 facet normal  6.452852e-15  1.888230e-16  1.000000e+00
   outer loop
     vertex  8.491018e+01  1.380000e+01 -7.000000e+01
     vertex  3.500000e+01  6.371018e+01 -7.000000e+01
     vertex  3.000000e+01  8.800000e+00 -7.000000e+01
   endloop
 endfacet
 facet normal  1.796116e-02  9.998387e-01 -1.020974e-16
   outer loop
     vertex  3.500000e+01  6.371018e+01 -7.250000e+01
     vertex  3.000000e+01  6.380000e+01 -7.000000e+01
     vertex  3.500000e+01  6.371018e+01 -7.000000e+01
   endloop
 endfacet
 facet normal  1.796116e-02  9.998387e-01  1.772614e-12
   outer loop
     vertex  3.500000e+01  6.371018e+01 -9.375000e+01
     vertex  3.000000e+01  6.380000e+01 -7.000000e+01
     vertex  3.500000e+01  6.371018e+01 -7.250000e+01
   endloop
 endfacet
 facet normal  1.796116e-02  9.998387e-01 -1.772842e-12
   outer loop
     vertex  3.500000e+01  6.371018e+01 -1.175000e+02
     vertex  3.000000e+01  6.380000e+01 -1.200000e+02
     vertex  3.500000e+01  6.371018e+01 -9.625000e+01
   endloop
 endfacet
 facet normal  1.796116e-02  9.998387e-01 -1.020974e-16
   outer loop
     vertex  3.500000e+01  6.371018e+01 -1.200000e+02
     vertex  3.000000e+01  6.380000e+01 -1.200000e+02
     vertex  3.500000e+01  6.371018e+01 -1.175000e+02
   endloop
 endfacet
 facet normal  1.796116e-02  9.998387e-01 -1.148595e-16
   outer loop
     vertex  3.000000e+01  6.380000e+01 -1.200000e+02
     vertex  3.000000e+01  6.380000e+01 -7.000000e+01
     vertex  3.500000e+01  6.371018e+01 -9.375000e+01
   endloop
 endfacet
 facet normal  1.796116e-02  9.998387e-01 -1.509660e-16
   outer loop
     vertex  3.000000e+01  6.380000e+01 -1.200000e+02
     vertex  3.500000e+01  6.371018e+01 -9.375000e+01
     vertex  3.500000e+01  6.371018e+01 -9.625000e+01
   endloop
 endfacet
 facet normal -1.000000e+00  3.239626e-17  6.379834e-15
   outer loop
     vertex  3.000000e+01  3.124875e+01 -1.117610e+02
     vertex  3.000000e+01  3.174432e+01 -1.123204e+02
     vertex  3.000000e+01  8.800000e+00 -1.200000e+02
   endloop
 endfacet
 facet normal -1.000000e+00 -4.264566e-16  7.750745e-15
   outer loop
     vertex  3.000000e+01  3.235936e+01 -1.127449e+02
     vertex  3.000000e+01  8.800000e+00 -1.200000e+02
     vertex  3.000000e+01  3.174432e+01 -1.123204e+02
   endloop
 endfacet
 facet normal -1.000000e+00  3.382766e-16  5.546404e-15
   outer loop
     vertex  3.000000e+01  3.090145e+01 -1.110993e+02
     vertex  3.000000e+01  3.124875e+01 -1.117610e+02
     vertex  3.000000e+01  8.800000e+00 -1.200000e+02
   endloop
 endfacet
 facet normal -1.000000e+00 -1.196493e-15  1.025127e-14
   outer loop
     vertex  3.000000e+01  3.305812e+01 -1.130099e+02
     vertex  3.000000e+01  8.800000e+00 -1.200000e+02
     vertex  3.000000e+01  3.235936e+01 -1.127449e+02
   endloop
 endfacet
 facet normal -1.000000e+00  5.459495e-16  5.030730e-15
   outer loop
     vertex  3.000000e+01  3.072260e+01 -1.103737e+02
     vertex  3.000000e+01  3.090145e+01 -1.110993e+02
     vertex  3.000000e+01  8.800000e+00 -1.200000e+02
   endloop
 endfacet
 facet normal -1.000000e+00  5.210110e-16  4.290912e-15
   outer loop
     vertex  3.000000e+01  3.380000e+01 -1.131000e+02
     vertex  3.000000e+01  8.800000e+00 -1.200000e+02
     vertex  3.000000e+01  3.305812e+01 -1.130099e+02
   endloop
 endfacet
 facet normal -1.000000e+00  6.675107e-16  4.753892e-15
   outer loop
     vertex  3.000000e+01  3.072260e+01 -1.096263e+02
     vertex  3.000000e+01  3.072260e+01 -1.103737e+02
     vertex  3.000000e+01  8.800000e+00 -1.200000e+02
   endloop
 endfacet
 facet normal -1.000000e+00 -1.943305e-15  1.027131e-14
   outer loop
     vertex  3.000000e+01  3.090145e+01 -1.089007e+02
     vertex  3.000000e+01  3.072260e+01 -1.096263e+02
     vertex  3.000000e+01  8.800000e+00 -1.200000e+02
   endloop
 endfacet
 facet normal -1.000000e+00  7.043327e-16  4.999200e-15
   outer loop
     vertex  3.000000e+01  3.124875e+01 -1.082390e+02
     vertex  3.000000e+01  3.090145e+01 -1.089007e+02
     vertex  3.000000e+01  8.800000e+00 -1.200000e+02
   endloop
 endfacet
 facet normal -1.000000e+00 -2.687256e-17  6.394885e-15
   outer loop
     vertex  3.000000e+01  8.800000e+00 -7.000000e+01
     vertex  3.000000e+01  3.124875e+01 -1.082390e+02
     vertex  3.000000e+01  8.800000e+00 -1.200000e+02
   endloop
 endfacet
 facet normal -1.000000e+00  0.000000e+00  8.368574e-15
   outer loop
     vertex  3.000000e+01  5.174432e+01 -1.123204e+02
     vertex  3.000000e+01  3.524064e+01 -1.127449e+02
     vertex  3.000000e+01  3.585568e+01 -1.123204e+02
   endloop
 endfacet
 facet normal -1.000000e+00  0.000000e+00  6.351134e-15
   outer loop
     vertex  3.000000e+01  5.124875e+01 -1.117610e+02
     vertex  3.000000e+01  3.585568e+01 -1.123204e+02
     vertex  3.000000e+01  3.635125e+01 -1.117610e+02
   endloop
 endfacet
 facet normal -1.000000e+00  0.000000e+00  6.351134e-15
   outer loop
     vertex  3.000000e+01  5.124875e+01 -1.117610e+02
     vertex  3.000000e+01  5.174432e+01 -1.123204e+02
     vertex  3.000000e+01  3.585568e+01 -1.123204e+02
   endloop
 endfacet
 facet normal -1.000000e+00  6.947051e-30  8.368574e-15
   outer loop
     vertex  3.000000e+01  5.235936e+01 -1.127449e+02
     vertex  3.000000e+01  3.524064e+01 -1.127449e+02
     vertex  3.000000e+01  5.174432e+01 -1.123204e+02
   endloop
 endfacet
 facet normal -1.000000e+00  5.371870e-30  5.368863e-15
   outer loop
     vertex  3.000000e+01  5.090145e+01 -1.110993e+02
     vertex  3.000000e+01  3.635125e+01 -1.117610e+02
     vertex  3.000000e+01  3.669855e+01 -1.110993e+02
   endloop
 endfacet
 facet normal -1.000000e+00  0.000000e+00  5.368863e-15
   outer loop
     vertex  3.000000e+01  5.090145e+01 -1.110993e+02
     vertex  3.000000e+01  5.124875e+01 -1.117610e+02
     vertex  3.000000e+01  3.635125e+01 -1.117610e+02
   endloop
 endfacet
 facet normal -1.000000e+00  0.000000e+00  1.340617e-14
   outer loop
     vertex  3.000000e+01  5.305812e+01 -1.130099e+02
     vertex  3.000000e+01  3.454188e+01 -1.130099e+02
     vertex  3.000000e+01  3.524064e+01 -1.127449e+02
   endloop
 endfacet
 facet normal -1.000000e+00  1.112893e-29  1.340617e-14
   outer loop
     vertex  3.000000e+01  5.305812e+01 -1.130099e+02
     vertex  3.000000e+01  3.524064e+01 -1.127449e+02
     vertex  3.000000e+01  5.235936e+01 -1.127449e+02
   endloop
 endfacet
 facet normal -1.000000e+00  5.025472e-30  4.896165e-15
   outer loop
     vertex  3.000000e+01  5.072260e+01 -1.103737e+02
     vertex  3.000000e+01  3.669855e+01 -1.110993e+02
     vertex  3.000000e+01  3.687740e+01 -1.103737e+02
   endloop
 endfacet
 facet normal -1.000000e+00  4.898908e-30  4.896165e-15
   outer loop
     vertex  3.000000e+01  5.072260e+01 -1.103737e+02
     vertex  3.000000e+01  5.090145e+01 -1.110993e+02
     vertex  3.000000e+01  3.669855e+01 -1.110993e+02
   endloop
 endfacet
 facet normal -1.000000e+00  0.000000e+00  4.753892e-15
   outer loop
     vertex  3.000000e+01  5.072260e+01 -1.096263e+02
     vertex  3.000000e+01  3.687740e+01 -1.103737e+02
     vertex  3.000000e+01  3.687740e+01 -1.096263e+02
   endloop
 endfacet
 facet normal -1.000000e+00  4.879441e-30  4.753892e-15
   outer loop
     vertex  3.000000e+01  5.072260e+01 -1.096263e+02
     vertex  3.000000e+01  5.072260e+01 -1.103737e+02
     vertex  3.000000e+01  3.687740e+01 -1.103737e+02
   endloop
 endfacet
 facet normal -1.000000e+00  0.000000e+00  9.792331e-15
   outer loop
     vertex  3.000000e+01  5.090145e+01 -1.089007e+02
     vertex  3.000000e+01  3.687740e+01 -1.096263e+02
     vertex  3.000000e+01  3.669855e+01 -1.089007e+02
   endloop
 endfacet
 facet normal -1.000000e+00  0.000000e+00  9.792331e-15
   outer loop
     vertex  3.000000e+01  5.090145e+01 -1.089007e+02
     vertex  3.000000e+01  5.072260e+01 -1.096263e+02
     vertex  3.000000e+01  3.687740e+01 -1.096263e+02
   endloop
 endfacet
 facet normal -1.000000e+00  0.000000e+00  6.351134e-15
   outer loop
     vertex  3.000000e+01  5.124875e+01 -1.082390e+02
     vertex  3.000000e+01  3.635125e+01 -1.082390e+02
     vertex  3.000000e+01  3.585568e+01 -1.076796e+02
   endloop
 endfacet
 facet normal -1.000000e+00  0.000000e+00  5.368863e-15
   outer loop
     vertex  3.000000e+01  5.124875e+01 -1.082390e+02
     vertex  3.000000e+01  3.669855e+01 -1.089007e+02
     vertex  3.000000e+01  3.635125e+01 -1.082390e+02
   endloop
 endfacet
 facet normal -1.000000e+00  0.000000e+00  5.368863e-15
   outer loop
     vertex  3.000000e+01  5.124875e+01 -1.082390e+02
     vertex  3.000000e+01  5.090145e+01 -1.089007e+02
     vertex  3.000000e+01  3.669855e+01 -1.089007e+02
   endloop
 endfacet
 facet normal -1.000000e+00  0.000000e+00  6.178632e-15
   outer loop
     vertex  3.000000e+01  6.380000e+01 -1.200000e+02
     vertex  3.000000e+01  8.800000e+00 -1.200000e+02
     vertex  3.000000e+01  3.380000e+01 -1.131000e+02
   endloop
 endfacet
 facet normal -1.000000e+00 -4.910080e-16  4.043815e-15
   outer loop
     vertex  3.000000e+01  6.380000e+01 -1.200000e+02
     vertex  3.000000e+01  3.380000e+01 -1.131000e+02
     vertex  3.000000e+01  3.454188e+01 -1.130099e+02
   endloop
 endfacet
 facet normal -1.000000e+00  7.618942e-16  7.264780e-15
   outer loop
     vertex  3.000000e+01  6.380000e+01 -1.200000e+02
     vertex  3.000000e+01  5.524064e+01 -1.127449e+02
     vertex  3.000000e+01  5.585568e+01 -1.123204e+02
   endloop
 endfacet
 facet normal -1.000000e+00  1.844660e-15  8.542198e-15
   outer loop
     vertex  3.000000e+01  6.380000e+01 -1.200000e+02
     vertex  3.000000e+01  5.454188e+01 -1.130099e+02
     vertex  3.000000e+01  5.524064e+01 -1.127449e+02
   endloop
 endfacet
 facet normal -1.000000e+00 -6.379579e-16  5.254056e-15
   outer loop
     vertex  3.000000e+01  6.380000e+01 -1.200000e+02
     vertex  3.000000e+01  5.380000e+01 -1.131000e+02
     vertex  3.000000e+01  5.454188e+01 -1.130099e+02
   endloop
 endfacet
 facet normal -1.000000e+00  9.104345e-16  7.498103e-15
   outer loop
     vertex  3.000000e+01  6.380000e+01 -1.200000e+02
     vertex  3.000000e+01  5.305812e+01 -1.130099e+02
     vertex  3.000000e+01  5.380000e+01 -1.131000e+02
   endloop
 endfacet
 facet normal -1.000000e+00  0.000000e+00  6.099009e-15
   outer loop
     vertex  3.000000e+01  6.380000e+01 -1.200000e+02
     vertex  3.000000e+01  3.454188e+01 -1.130099e+02
     vertex  3.000000e+01  5.305812e+01 -1.130099e+02
   endloop
 endfacet
 facet normal -1.000000e+00  5.680476e-30  6.351134e-15
   outer loop
     vertex  3.000000e+01  5.174432e+01 -1.076796e+02
     vertex  3.000000e+01  5.124875e+01 -1.082390e+02
     vertex  3.000000e+01  3.585568e+01 -1.076796e+02
   endloop
 endfacet
 facet normal -1.000000e+00 -6.534638e-17  6.409025e-15
   outer loop
     vertex  3.000000e+01  5.635125e+01 -1.117610e+02
     vertex  3.000000e+01  6.380000e+01 -1.200000e+02
     vertex  3.000000e+01  5.585568e+01 -1.123204e+02
   endloop
 endfacet
 facet normal -1.000000e+00  6.947051e-30  8.368574e-15
   outer loop
     vertex  3.000000e+01  5.235936e+01 -1.072551e+02
     vertex  3.000000e+01  3.585568e+01 -1.076796e+02
     vertex  3.000000e+01  3.524064e+01 -1.072551e+02
   endloop
 endfacet
 facet normal -1.000000e+00  7.484882e-30  8.368574e-15
   outer loop
     vertex  3.000000e+01  5.235936e+01 -1.072551e+02
     vertex  3.000000e+01  5.174432e+01 -1.076796e+02
     vertex  3.000000e+01  3.585568e+01 -1.076796e+02
   endloop
 endfacet
 facet normal -1.000000e+00 -7.692787e-16  5.772611e-15
   outer loop
     vertex  3.000000e+01  5.669855e+01 -1.110993e+02
     vertex  3.000000e+01  6.380000e+01 -1.200000e+02
     vertex  3.000000e+01  5.635125e+01 -1.117610e+02
   endloop
 endfacet
 facet normal -1.000000e+00 -1.426960e-15  5.247880e-15
   outer loop
     vertex  3.000000e+01  5.687740e+01 -1.103737e+02
     vertex  3.000000e+01  6.380000e+01 -1.200000e+02
     vertex  3.000000e+01  5.669855e+01 -1.110993e+02
   endloop
 endfacet
 facet normal -1.000000e+00 -2.113883e-15  4.753892e-15
   outer loop
     vertex  3.000000e+01  5.687740e+01 -1.096263e+02
     vertex  3.000000e+01  6.380000e+01 -1.200000e+02
     vertex  3.000000e+01  5.687740e+01 -1.103737e+02
   endloop
 endfacet
 facet normal -1.000000e+00  8.620220e-15  1.191702e-14
   outer loop
     vertex  3.000000e+01  5.669855e+01 -1.089007e+02
     vertex  3.000000e+01  6.380000e+01 -1.200000e+02
     vertex  3.000000e+01  5.687740e+01 -1.096263e+02
   endloop
 endfacet
 facet normal -1.000000e+00 -1.052664e-16  6.444392e-15
   outer loop
     vertex  3.000000e+01  3.174432e+01 -8.232038e+01
     vertex  3.000000e+01  3.174432e+01 -1.076796e+02
     vertex  3.000000e+01  3.124875e+01 -1.082390e+02
   endloop
 endfacet
 facet normal -1.000000e+00  1.328167e-15  6.444392e-15
   outer loop
     vertex  3.000000e+01  3.174432e+01 -8.232038e+01
     vertex  3.000000e+01  3.235936e+01 -1.072551e+02
     vertex  3.000000e+01  3.174432e+01 -1.076796e+02
   endloop
 endfacet
 facet normal -1.000000e+00  1.008186e-16  6.440451e-15
   outer loop
     vertex  3.000000e+01  3.124875e+01 -8.176100e+01
     vertex  3.000000e+01  3.174432e+01 -8.232038e+01
     vertex  3.000000e+01  3.124875e+01 -1.082390e+02
   endloop
 endfacet
 facet normal -1.000000e+00  5.074507e-17  6.440451e-15
   outer loop
     vertex  3.000000e+01  3.124875e+01 -8.176100e+01
     vertex  3.000000e+01  3.124875e+01 -1.082390e+02
     vertex  3.000000e+01  8.800000e+00 -7.000000e+01
   endloop
 endfacet
 facet normal -1.000000e+00 -1.374176e-15  6.377736e-15
   outer loop
     vertex  3.000000e+01  3.235936e+01 -8.274491e+01
     vertex  3.000000e+01  3.235936e+01 -1.072551e+02
     vertex  3.000000e+01  3.174432e+01 -8.232038e+01
   endloop
 endfacet
 facet normal -1.000000e+00 -7.043327e-16  4.999200e-15
   outer loop
     vertex  3.000000e+01  3.090145e+01 -8.109928e+01
     vertex  3.000000e+01  3.124875e+01 -8.176100e+01
     vertex  3.000000e+01  8.800000e+00 -7.000000e+01
   endloop
 endfacet
 facet normal -1.000000e+00  2.418756e-15  6.377736e-15
   outer loop
     vertex  3.000000e+01  3.305812e+01 -8.300992e+01
     vertex  3.000000e+01  3.235936e+01 -1.072551e+02
     vertex  3.000000e+01  3.235936e+01 -8.274491e+01
   endloop
 endfacet
 facet normal -1.000000e+00 -2.472216e-15  6.518697e-15
   outer loop
     vertex  3.000000e+01  3.305812e+01 -8.300992e+01
     vertex  3.000000e+01  3.305812e+01 -1.069901e+02
     vertex  3.000000e+01  3.235936e+01 -1.072551e+02
   endloop
 endfacet
 facet normal -1.000000e+00  1.943305e-15  1.027131e-14
   outer loop
     vertex  3.000000e+01  3.072260e+01 -8.037366e+01
     vertex  3.000000e+01  3.090145e+01 -8.109928e+01
     vertex  3.000000e+01  8.800000e+00 -7.000000e+01
   endloop
 endfacet
 facet normal -1.000000e+00  7.975047e-16  6.568042e-15
   outer loop
     vertex  3.000000e+01  3.380000e+01 -8.310000e+01
     vertex  3.000000e+01  3.454188e+01 -1.069901e+02
     vertex  3.000000e+01  3.380000e+01 -1.069000e+02
   endloop
 endfacet
 facet normal -1.000000e+00  7.915131e-16  6.518697e-15
   outer loop
     vertex  3.000000e+01  3.380000e+01 -8.310000e+01
     vertex  3.000000e+01  3.305812e+01 -1.069901e+02
     vertex  3.000000e+01  3.305812e+01 -8.300992e+01
   endloop
 endfacet
 facet normal -1.000000e+00 -7.975047e-16  6.568042e-15
   outer loop
     vertex  3.000000e+01  3.380000e+01 -8.310000e+01
     vertex  3.000000e+01  3.380000e+01 -1.069000e+02
     vertex  3.000000e+01  3.305812e+01 -1.069901e+02
   endloop
 endfacet
 facet normal -1.000000e+00 -6.675107e-16  4.753892e-15
   outer loop
     vertex  3.000000e+01  3.072260e+01 -7.962634e+01
     vertex  3.000000e+01  3.072260e+01 -8.037366e+01
     vertex  3.000000e+01  8.800000e+00 -7.000000e+01
   endloop
 endfacet
 facet normal -1.000000e+00  2.472216e-15  6.518697e-15
   outer loop
     vertex  3.000000e+01  3.454188e+01 -8.300992e+01
     vertex  3.000000e+01  3.524064e+01 -1.072551e+02
     vertex  3.000000e+01  3.454188e+01 -1.069901e+02
   endloop
 endfacet
 facet normal -1.000000e+00 -7.915131e-16  6.518697e-15
   outer loop
     vertex  3.000000e+01  3.454188e+01 -8.300992e+01
     vertex  3.000000e+01  3.454188e+01 -1.069901e+02
     vertex  3.000000e+01  3.380000e+01 -8.310000e+01
   endloop
 endfacet
 facet normal -1.000000e+00 -5.459495e-16  5.030730e-15
   outer loop
     vertex  3.000000e+01  3.090145e+01 -7.890072e+01
     vertex  3.000000e+01  3.072260e+01 -7.962634e+01
     vertex  3.000000e+01  8.800000e+00 -7.000000e+01
   endloop
 endfacet
 facet normal -1.000000e+00 -2.418756e-15  6.377736e-15
   outer loop
     vertex  3.000000e+01  3.524064e+01 -8.274491e+01
     vertex  3.000000e+01  3.524064e+01 -1.072551e+02
     vertex  3.000000e+01  3.454188e+01 -8.300992e+01
   endloop
 endfacet
 facet normal -1.000000e+00 -3.382766e-16  5.546404e-15
   outer loop
     vertex  3.000000e+01  3.124875e+01 -7.823900e+01
     vertex  3.000000e+01  3.090145e+01 -7.890072e+01
     vertex  3.000000e+01  8.800000e+00 -7.000000e+01
   endloop
 endfacet
 facet normal -1.000000e+00 -3.239626e-17  6.379834e-15
   outer loop
     vertex  3.000000e+01  3.174432e+01 -7.767962e+01
     vertex  3.000000e+01  3.124875e+01 -7.823900e+01
     vertex  3.000000e+01  8.800000e+00 -7.000000e+01
   endloop
 endfacet
 facet normal -1.000000e+00  4.264566e-16  7.750745e-15
   outer loop
     vertex  3.000000e+01  3.235936e+01 -7.725509e+01
     vertex  3.000000e+01  3.174432e+01 -7.767962e+01
     vertex  3.000000e+01  8.800000e+00 -7.000000e+01
   endloop
 endfacet
 facet normal -1.000000e+00  1.196493e-15  1.025127e-14
   outer loop
     vertex  3.000000e+01  3.305812e+01 -7.699008e+01
     vertex  3.000000e+01  3.235936e+01 -7.725509e+01
     vertex  3.000000e+01  8.800000e+00 -7.000000e+01
   endloop
 endfacet
 facet normal -1.000000e+00 -5.210110e-16  4.290912e-15
   outer loop
     vertex  3.000000e+01  3.380000e+01 -7.690000e+01
     vertex  3.000000e+01  3.305812e+01 -7.699008e+01
     vertex  3.000000e+01  8.800000e+00 -7.000000e+01
   endloop
 endfacet
 facet normal -1.000000e+00  0.000000e+00  6.351134e-15
   outer loop
     vertex  3.000000e+01  5.174432e+01 -8.232038e+01
     vertex  3.000000e+01  3.585568e+01 -8.232038e+01
     vertex  3.000000e+01  3.635125e+01 -8.176100e+01
   endloop
 endfacet
 facet normal -1.000000e+00  0.000000e+00  6.351134e-15
   outer loop
     vertex  3.000000e+01  5.124875e+01 -8.176100e+01
     vertex  3.000000e+01  5.174432e+01 -8.232038e+01
     vertex  3.000000e+01  3.635125e+01 -8.176100e+01
   endloop
 endfacet
 facet normal -1.000000e+00  5.294385e-30  6.377736e-15
   outer loop
     vertex  3.000000e+01  5.235936e+01 -8.274491e+01
     vertex  3.000000e+01  3.524064e+01 -1.072551e+02
     vertex  3.000000e+01  3.524064e+01 -8.274491e+01
   endloop
 endfacet
 facet normal -1.000000e+00  5.775693e-30  6.377736e-15
   outer loop
     vertex  3.000000e+01  5.235936e+01 -8.274491e+01
     vertex  3.000000e+01  5.235936e+01 -1.072551e+02
     vertex  3.000000e+01  3.524064e+01 -1.072551e+02
   endloop
 endfacet
 facet normal -1.000000e+00  0.000000e+00  8.368574e-15
   outer loop
     vertex  3.000000e+01  5.235936e+01 -8.274491e+01
     vertex  3.000000e+01  3.585568e+01 -8.232038e+01
     vertex  3.000000e+01  5.174432e+01 -8.232038e+01
   endloop
 endfacet
 facet normal -1.000000e+00  6.947051e-30  8.368574e-15
   outer loop
     vertex  3.000000e+01  5.235936e+01 -8.274491e+01
     vertex  3.000000e+01  3.524064e+01 -8.274491e+01
     vertex  3.000000e+01  3.585568e+01 -8.232038e+01
   endloop
 endfacet
 facet normal -1.000000e+00  0.000000e+00  5.368863e-15
   outer loop
     vertex  3.000000e+01  5.090145e+01 -8.109928e+01
     vertex  3.000000e+01  5.124875e+01 -8.176100e+01
     vertex  3.000000e+01  3.635125e+01 -8.176100e+01
   endloop
 endfacet
 facet normal -1.000000e+00  5.371870e-30  5.368863e-15
   outer loop
     vertex  3.000000e+01  5.090145e+01 -8.109928e+01
     vertex  3.000000e+01  3.635125e+01 -8.176100e+01
     vertex  3.000000e+01  3.669855e+01 -8.109928e+01
   endloop
 endfacet
 facet normal -1.000000e+00  2.418756e-15  6.377736e-15
   outer loop
     vertex  3.000000e+01  5.305812e+01 -8.300992e+01
     vertex  3.000000e+01  5.235936e+01 -1.072551e+02
     vertex  3.000000e+01  5.235936e+01 -8.274491e+01
   endloop
 endfacet
 facet normal -1.000000e+00 -2.472216e-15  6.518697e-15
   outer loop
     vertex  3.000000e+01  5.305812e+01 -8.300992e+01
     vertex  3.000000e+01  5.305812e+01 -1.069901e+02
     vertex  3.000000e+01  5.235936e+01 -1.072551e+02
   endloop
 endfacet
 facet normal -1.000000e+00  9.797816e-30  9.792331e-15
   outer loop
     vertex  3.000000e+01  5.072260e+01 -8.037366e+01
     vertex  3.000000e+01  5.090145e+01 -8.109928e+01
     vertex  3.000000e+01  3.669855e+01 -8.109928e+01
   endloop
 endfacet
 facet normal -1.000000e+00  1.005094e-29  9.792331e-15
   outer loop
     vertex  3.000000e+01  5.072260e+01 -8.037366e+01
     vertex  3.000000e+01  3.669855e+01 -8.109928e+01
     vertex  3.000000e+01  3.687740e+01 -8.037366e+01
   endloop
 endfacet
 facet normal -1.000000e+00 -7.975047e-16  6.568042e-15
   outer loop
     vertex  3.000000e+01  5.380000e+01 -8.310000e+01
     vertex  3.000000e+01  5.380000e+01 -1.069000e+02
     vertex  3.000000e+01  5.305812e+01 -1.069901e+02
   endloop
 endfacet
 facet normal -1.000000e+00  7.915131e-16  6.518697e-15
   outer loop
     vertex  3.000000e+01  5.380000e+01 -8.310000e+01
     vertex  3.000000e+01  5.305812e+01 -1.069901e+02
     vertex  3.000000e+01  5.305812e+01 -8.300992e+01
   endloop
 endfacet
 facet normal -1.000000e+00  4.879441e-30  4.753892e-15
   outer loop
     vertex  3.000000e+01  5.072260e+01 -7.962634e+01
     vertex  3.000000e+01  5.072260e+01 -8.037366e+01
     vertex  3.000000e+01  3.687740e+01 -8.037366e+01
   endloop
 endfacet
 facet normal -1.000000e+00  0.000000e+00  4.753892e-15
   outer loop
     vertex  3.000000e+01  5.072260e+01 -7.962634e+01
     vertex  3.000000e+01  3.687740e+01 -8.037366e+01
     vertex  3.000000e+01  3.687740e+01 -7.962634e+01
   endloop
 endfacet
 facet normal -1.000000e+00 -7.975047e-16  6.568042e-15
   outer loop
     vertex  3.000000e+01  5.454188e+01 -8.300992e+01
     vertex  3.000000e+01  5.380000e+01 -1.069000e+02
     vertex  3.000000e+01  5.380000e+01 -8.310000e+01
   endloop
 endfacet
 facet normal -1.000000e+00  7.915131e-16  6.518697e-15
   outer loop
     vertex  3.000000e+01  5.454188e+01 -8.300992e+01
     vertex  3.000000e+01  5.454188e+01 -1.069901e+02
     vertex  3.000000e+01  5.380000e+01 -1.069000e+02
   endloop
 endfacet
 facet normal -1.000000e+00  2.472216e-15  6.518697e-15
   outer loop
     vertex  3.000000e+01  5.454188e+01 -8.300992e+01
     vertex  3.000000e+01  5.524064e+01 -1.072551e+02
     vertex  3.000000e+01  5.454188e+01 -1.069901e+02
   endloop
 endfacet
 facet normal -1.000000e+00  0.000000e+00  4.896165e-15
   outer loop
     vertex  3.000000e+01  5.090145e+01 -7.890072e+01
     vertex  3.000000e+01  3.687740e+01 -7.962634e+01
     vertex  3.000000e+01  3.669855e+01 -7.890072e+01
   endloop
 endfacet
 facet normal -1.000000e+00  0.000000e+00  4.896165e-15
   outer loop
     vertex  3.000000e+01  5.090145e+01 -7.890072e+01
     vertex  3.000000e+01  5.072260e+01 -7.962634e+01
     vertex  3.000000e+01  3.687740e+01 -7.962634e+01
   endloop
 endfacet
 facet normal -1.000000e+00 -2.418756e-15  6.377736e-15
   outer loop
     vertex  3.000000e+01  5.524064e+01 -8.274491e+01
     vertex  3.000000e+01  5.524064e+01 -1.072551e+02
     vertex  3.000000e+01  5.454188e+01 -8.300992e+01
   endloop
 endfacet
 facet normal -1.000000e+00  5.121405e-30  5.368863e-15
   outer loop
     vertex  3.000000e+01  5.124875e+01 -7.823900e+01
     vertex  3.000000e+01  3.669855e+01 -7.890072e+01
     vertex  3.000000e+01  3.635125e+01 -7.823900e+01
   endloop
 endfacet
 facet normal -1.000000e+00  0.000000e+00  5.368863e-15
   outer loop
     vertex  3.000000e+01  5.124875e+01 -7.823900e+01
     vertex  3.000000e+01  5.090145e+01 -7.890072e+01
     vertex  3.000000e+01  3.669855e+01 -7.890072e+01
   endloop
 endfacet
 facet normal -1.000000e+00 -1.328167e-15  6.444392e-15
   outer loop
     vertex  3.000000e+01  5.585568e+01 -8.232038e+01
     vertex  3.000000e+01  5.585568e+01 -1.076796e+02
     vertex  3.000000e+01  5.524064e+01 -1.072551e+02
   endloop
 endfacet
 facet normal -1.000000e+00  1.374176e-15  6.377736e-15
   outer loop
     vertex  3.000000e+01  5.585568e+01 -8.232038e+01
     vertex  3.000000e+01  5.524064e+01 -1.072551e+02
     vertex  3.000000e+01  5.524064e+01 -8.274491e+01
   endloop
 endfacet
 facet normal -1.000000e+00  5.680476e-30  6.351134e-15
   outer loop
     vertex  3.000000e+01  5.174432e+01 -7.767962e+01
     vertex  3.000000e+01  3.635125e+01 -7.823900e+01
     vertex  3.000000e+01  3.585568e+01 -7.767962e+01
   endloop
 endfacet
 facet normal -1.000000e+00  6.058402e-30  6.351134e-15
   outer loop
     vertex  3.000000e+01  5.174432e+01 -7.767962e+01
     vertex  3.000000e+01  5.124875e+01 -7.823900e+01
     vertex  3.000000e+01  3.635125e+01 -7.823900e+01
   endloop
 endfacet
 facet normal -1.000000e+00  1.008186e-16  6.440451e-15
   outer loop
     vertex  3.000000e+01  5.635125e+01 -8.176100e+01
     vertex  3.000000e+01  5.635125e+01 -1.082390e+02
     vertex  3.000000e+01  5.585568e+01 -1.076796e+02
   endloop
 endfacet
 facet normal -1.000000e+00  2.041741e-15  6.440451e-15
   outer loop
     vertex  3.000000e+01  5.635125e+01 -8.176100e+01
     vertex  3.000000e+01  5.669855e+01 -1.089007e+02
     vertex  3.000000e+01  5.635125e+01 -1.082390e+02
   endloop
 endfacet
 facet normal -1.000000e+00 -1.052664e-16  6.444392e-15
   outer loop
     vertex  3.000000e+01  5.635125e+01 -8.176100e+01
     vertex  3.000000e+01  5.585568e+01 -1.076796e+02
     vertex  3.000000e+01  5.585568e+01 -8.232038e+01
   endloop
 endfacet
 facet normal -1.000000e+00  0.000000e+00  1.340617e-14
   outer loop
     vertex  3.000000e+01  5.235936e+01 -7.725509e+01
     vertex  3.000000e+01  3.524064e+01 -7.725509e+01
     vertex  3.000000e+01  3.454188e+01 -7.699008e+01
   endloop
 endfacet
 facet normal -1.000000e+00  0.000000e+00  8.368574e-15
   outer loop
     vertex  3.000000e+01  5.235936e+01 -7.725509e+01
     vertex  3.000000e+01  3.585568e+01 -7.767962e+01
     vertex  3.000000e+01  3.524064e+01 -7.725509e+01
   endloop
 endfacet
 facet normal -1.000000e+00  7.484882e-30  8.368574e-15
   outer loop
     vertex  3.000000e+01  5.235936e+01 -7.725509e+01
     vertex  3.000000e+01  5.174432e+01 -7.767962e+01
     vertex  3.000000e+01  3.585568e+01 -7.767962e+01
   endloop
 endfacet
 facet normal -1.000000e+00 -1.944547e-15  6.389440e-15
   outer loop
     vertex  3.000000e+01  5.669855e+01 -8.109928e+01
     vertex  3.000000e+01  5.669855e+01 -1.089007e+02
     vertex  3.000000e+01  5.635125e+01 -8.176100e+01
   endloop
 endfacet
 facet normal -1.000000e+00  0.000000e+00  1.340617e-14
   outer loop
     vertex  3.000000e+01  5.305812e+01 -7.699008e+01
     vertex  3.000000e+01  5.235936e+01 -7.725509e+01
     vertex  3.000000e+01  3.454188e+01 -7.699008e+01
   endloop
 endfacet
 facet normal -1.000000e+00  6.379579e-16  5.254056e-15
   outer loop
     vertex  3.000000e+01  6.380000e+01 -7.000000e+01
     vertex  3.000000e+01  5.454188e+01 -7.699008e+01
     vertex  3.000000e+01  5.380000e+01 -7.690000e+01
   endloop
 endfacet
 facet normal -1.000000e+00 -1.844660e-15  8.542198e-15
   outer loop
     vertex  3.000000e+01  6.380000e+01 -7.000000e+01
     vertex  3.000000e+01  5.524064e+01 -7.725509e+01
     vertex  3.000000e+01  5.454188e+01 -7.699008e+01
   endloop
 endfacet
 facet normal -1.000000e+00 -7.618942e-16  7.264780e-15
   outer loop
     vertex  3.000000e+01  6.380000e+01 -7.000000e+01
     vertex  3.000000e+01  5.585568e+01 -7.767962e+01
     vertex  3.000000e+01  5.524064e+01 -7.725509e+01
   endloop
 endfacet
 facet normal -1.000000e+00  6.534638e-17  6.409025e-15
   outer loop
     vertex  3.000000e+01  6.380000e+01 -7.000000e+01
     vertex  3.000000e+01  5.635125e+01 -7.823900e+01
     vertex  3.000000e+01  5.585568e+01 -7.767962e+01
   endloop
 endfacet
 facet normal -1.000000e+00  7.692787e-16  5.772611e-15
   outer loop
     vertex  3.000000e+01  6.380000e+01 -7.000000e+01
     vertex  3.000000e+01  5.669855e+01 -7.890072e+01
     vertex  3.000000e+01  5.635125e+01 -7.823900e+01
   endloop
 endfacet
 facet normal -1.000000e+00  1.426960e-15  5.247880e-15
   outer loop
     vertex  3.000000e+01  6.380000e+01 -7.000000e+01
     vertex  3.000000e+01  5.687740e+01 -7.962634e+01
     vertex  3.000000e+01  5.669855e+01 -7.890072e+01
   endloop
 endfacet
 facet normal -1.000000e+00  2.113883e-15  4.753892e-15
   outer loop
     vertex  3.000000e+01  6.380000e+01 -7.000000e+01
     vertex  3.000000e+01  5.687740e+01 -8.037366e+01
     vertex  3.000000e+01  5.687740e+01 -7.962634e+01
   endloop
 endfacet
 facet normal -1.000000e+00 -8.620220e-15  1.191702e-14
   outer loop
     vertex  3.000000e+01  6.380000e+01 -7.000000e+01
     vertex  3.000000e+01  5.669855e+01 -8.109928e+01
     vertex  3.000000e+01  5.687740e+01 -8.037366e+01
   endloop
 endfacet
 facet normal -1.000000e+00  0.000000e+00  6.099009e-15
   outer loop
     vertex  3.000000e+01  6.380000e+01 -7.000000e+01
     vertex  3.000000e+01  5.305812e+01 -7.699008e+01
     vertex  3.000000e+01  3.454188e+01 -7.699008e+01
   endloop
 endfacet
 facet normal -1.000000e+00 -9.104345e-16  7.498103e-15
   outer loop
     vertex  3.000000e+01  6.380000e+01 -7.000000e+01
     vertex  3.000000e+01  5.380000e+01 -7.690000e+01
     vertex  3.000000e+01  5.305812e+01 -7.699008e+01
   endloop
 endfacet
 facet normal -1.000000e+00  0.000000e+00  6.178632e-15
   outer loop
     vertex  3.000000e+01  6.380000e+01 -7.000000e+01
     vertex  3.000000e+01  3.380000e+01 -7.690000e+01
     vertex  3.000000e+01  8.800000e+00 -7.000000e+01
   endloop
 endfacet
 facet normal -1.000000e+00  4.910080e-16  4.043815e-15
   outer loop
     vertex  3.000000e+01  6.380000e+01 -7.000000e+01
     vertex  3.000000e+01  3.454188e+01 -7.699008e+01
     vertex  3.000000e+01  3.380000e+01 -7.690000e+01
   endloop
 endfacet
 facet normal -1.000000e+00 -1.065833e-17  6.394885e-15
   outer loop
     vertex  3.000000e+01  6.380000e+01 -7.000000e+01
     vertex  3.000000e+01  6.380000e+01 -1.200000e+02
     vertex  3.000000e+01  5.669855e+01 -1.089007e+02
   endloop
 endfacet
 facet normal -1.000000e+00  1.916866e-17  6.389440e-15
   outer loop
     vertex  3.000000e+01  6.380000e+01 -7.000000e+01
     vertex  3.000000e+01  5.669855e+01 -1.089007e+02
     vertex  3.000000e+01  5.669855e+01 -8.109928e+01
   endloop
 endfacet
 facet normal  0.000000e+00 -1.000000e+00  0.000000e+00
   outer loop
     vertex  7.676100e+01  8.800000e+00 -7.744875e+01
     vertex  7.732038e+01  8.800000e+00 -7.794432e+01
     vertex  8.500000e+01  8.800000e+00 -7.000000e+01
   endloop
 endfacet
 facet normal  0.000000e+00 -1.000000e+00  0.000000e+00
   outer loop
     vertex  7.774491e+01  8.800000e+00 -7.855936e+01
     vertex  8.500000e+01  8.800000e+00 -7.000000e+01
     vertex  7.732038e+01  8.800000e+00 -7.794432e+01
   endloop
 endfacet
 facet normal  0.000000e+00 -1.000000e+00  0.000000e+00
   outer loop
     vertex  7.609928e+01  8.800000e+00 -7.710145e+01
     vertex  7.676100e+01  8.800000e+00 -7.744875e+01
     vertex  8.500000e+01  8.800000e+00 -7.000000e+01
   endloop
 endfacet
 facet normal  0.000000e+00 -1.000000e+00  0.000000e+00
   outer loop
     vertex  7.800992e+01  8.800000e+00 -7.925812e+01
     vertex  8.500000e+01  8.800000e+00 -7.000000e+01
     vertex  7.774491e+01  8.800000e+00 -7.855936e+01
   endloop
 endfacet
 facet normal  0.000000e+00 -1.000000e+00  0.000000e+00
   outer loop
     vertex  7.537366e+01  8.800000e+00 -7.692260e+01
     vertex  7.609928e+01  8.800000e+00 -7.710145e+01
     vertex  8.500000e+01  8.800000e+00 -7.000000e+01
   endloop
 endfacet
 facet normal  0.000000e+00 -1.000000e+00  0.000000e+00
   outer loop
     vertex  7.810000e+01  8.800000e+00 -8.000000e+01
     vertex  8.500000e+01  8.800000e+00 -7.000000e+01
     vertex  7.800992e+01  8.800000e+00 -7.925812e+01
   endloop
 endfacet
 facet normal  0.000000e+00 -1.000000e+00  0.000000e+00
   outer loop
     vertex  7.462634e+01  8.800000e+00 -7.692260e+01
     vertex  7.537366e+01  8.800000e+00 -7.692260e+01
     vertex  8.500000e+01  8.800000e+00 -7.000000e+01
   endloop
 endfacet
 facet normal  0.000000e+00 -1.000000e+00  0.000000e+00
   outer loop
     vertex  7.800992e+01  8.800000e+00 -8.074188e+01
     vertex  8.500000e+01  8.800000e+00 -7.000000e+01
     vertex  7.810000e+01  8.800000e+00 -8.000000e+01
   endloop
 endfacet
 facet normal  0.000000e+00 -1.000000e+00  0.000000e+00
   outer loop
     vertex  7.390072e+01  8.800000e+00 -7.710145e+01
     vertex  7.462634e+01  8.800000e+00 -7.692260e+01
     vertex  8.500000e+01  8.800000e+00 -7.000000e+01
   endloop
 endfacet
 facet normal  0.000000e+00 -1.000000e+00  0.000000e+00
   outer loop
     vertex  7.774491e+01  8.800000e+00 -8.144064e+01
     vertex  8.500000e+01  8.800000e+00 -7.000000e+01
     vertex  7.800992e+01  8.800000e+00 -8.074188e+01
   endloop
 endfacet
 facet normal  0.000000e+00 -1.000000e+00  0.000000e+00
   outer loop
     vertex  7.732038e+01  8.800000e+00 -1.079443e+02
     vertex  7.732038e+01  8.800000e+00 -8.205568e+01
     vertex  7.676100e+01  8.800000e+00 -8.255125e+01
   endloop
 endfacet
 facet normal  0.000000e+00 -1.000000e+00  0.000000e+00
   outer loop
     vertex  4.732038e+01  8.800000e+00 -7.794432e+01
     vertex  7.267962e+01  8.800000e+00 -7.794432e+01
     vertex  7.323900e+01  8.800000e+00 -7.744875e+01
   endloop
 endfacet
 facet normal  0.000000e+00 -1.000000e+00  0.000000e+00
   outer loop
     vertex  4.732038e+01  8.800000e+00 -7.794432e+01
     vertex  7.225509e+01  8.800000e+00 -7.855936e+01
     vertex  7.267962e+01  8.800000e+00 -7.794432e+01
   endloop
 endfacet
 facet normal  0.000000e+00 -1.000000e+00  0.000000e+00
   outer loop
     vertex  4.676100e+01  8.800000e+00 -7.744875e+01
     vertex  4.732038e+01  8.800000e+00 -7.794432e+01
     vertex  7.323900e+01  8.800000e+00 -7.744875e+01
   endloop
 endfacet
 facet normal  0.000000e+00 -1.000000e+00  0.000000e+00
   outer loop
     vertex  7.676100e+01  8.800000e+00 -1.074488e+02
     vertex  7.732038e+01  8.800000e+00 -1.079443e+02
     vertex  7.676100e+01  8.800000e+00 -8.255125e+01
   endloop
 endfacet
 facet normal  0.000000e+00 -1.000000e+00  0.000000e+00
   outer loop
     vertex  4.774491e+01  8.800000e+00 -7.855936e+01
     vertex  7.199008e+01  8.800000e+00 -7.925812e+01
     vertex  7.225509e+01  8.800000e+00 -7.855936e+01
   endloop
 endfacet
 facet normal  0.000000e+00 -1.000000e+00  0.000000e+00
   outer loop
     vertex  4.774491e+01  8.800000e+00 -7.855936e+01
     vertex  7.225509e+01  8.800000e+00 -7.855936e+01
     vertex  4.732038e+01  8.800000e+00 -7.794432e+01
   endloop
 endfacet
 facet normal  0.000000e+00 -1.000000e+00  0.000000e+00
   outer loop
     vertex  7.774491e+01  8.800000e+00 -1.085594e+02
     vertex  7.774491e+01  8.800000e+00 -8.144064e+01
     vertex  7.732038e+01  8.800000e+00 -8.205568e+01
   endloop
 endfacet
 facet normal  0.000000e+00 -1.000000e+00  0.000000e+00
   outer loop
     vertex  7.774491e+01  8.800000e+00 -1.085594e+02
     vertex  7.732038e+01  8.800000e+00 -8.205568e+01
     vertex  7.732038e+01  8.800000e+00 -1.079443e+02
   endloop
 endfacet
 facet normal  0.000000e+00 -1.000000e+00  0.000000e+00
   outer loop
     vertex  4.609928e+01  8.800000e+00 -7.710145e+01
     vertex  7.323900e+01  8.800000e+00 -7.744875e+01
     vertex  7.390072e+01  8.800000e+00 -7.710145e+01
   endloop
 endfacet
 facet normal  0.000000e+00 -1.000000e+00  0.000000e+00
   outer loop
     vertex  4.609928e+01  8.800000e+00 -7.710145e+01
     vertex  7.390072e+01  8.800000e+00 -7.710145e+01
     vertex  8.500000e+01  8.800000e+00 -7.000000e+01
   endloop
 endfacet
 facet normal  0.000000e+00 -1.000000e+00  0.000000e+00
   outer loop
     vertex  4.609928e+01  8.800000e+00 -7.710145e+01
     vertex  4.676100e+01  8.800000e+00 -7.744875e+01
     vertex  7.323900e+01  8.800000e+00 -7.744875e+01
   endloop
 endfacet
 facet normal  0.000000e+00 -1.000000e+00  0.000000e+00
   outer loop
     vertex  7.609928e+01  8.800000e+00 -1.071014e+02
     vertex  7.609928e+01  8.800000e+00 -8.289855e+01
     vertex  7.537366e+01  8.800000e+00 -8.307740e+01
   endloop
 endfacet
 facet normal  0.000000e+00 -1.000000e+00  0.000000e+00
   outer loop
     vertex  7.609928e+01  8.800000e+00 -1.071014e+02
     vertex  7.676100e+01  8.800000e+00 -8.255125e+01
     vertex  7.609928e+01  8.800000e+00 -8.289855e+01
   endloop
 endfacet
 facet normal  0.000000e+00 -1.000000e+00  0.000000e+00
   outer loop
     vertex  7.609928e+01  8.800000e+00 -1.071014e+02
     vertex  7.676100e+01  8.800000e+00 -1.074488e+02
     vertex  7.676100e+01  8.800000e+00 -8.255125e+01
   endloop
 endfacet
 facet normal  0.000000e+00 -1.000000e+00  0.000000e+00
   outer loop
     vertex  4.800992e+01  8.800000e+00 -7.925812e+01
     vertex  7.199008e+01  8.800000e+00 -7.925812e+01
     vertex  4.774491e+01  8.800000e+00 -7.855936e+01
   endloop
 endfacet
 facet normal  0.000000e+00 -1.000000e+00  0.000000e+00
   outer loop
     vertex  7.537366e+01  8.800000e+00 -1.069226e+02
     vertex  7.609928e+01  8.800000e+00 -1.071014e+02
     vertex  7.537366e+01  8.800000e+00 -8.307740e+01
   endloop
 endfacet
 facet normal  0.000000e+00 -1.000000e+00  0.000000e+00
   outer loop
     vertex  4.810000e+01  8.800000e+00 -8.000000e+01
     vertex  7.190000e+01  8.800000e+00 -8.000000e+01
     vertex  7.199008e+01  8.800000e+00 -7.925812e+01
   endloop
 endfacet
 facet normal  0.000000e+00 -1.000000e+00  0.000000e+00
   outer loop
     vertex  4.810000e+01  8.800000e+00 -8.000000e+01
     vertex  7.199008e+01  8.800000e+00 -7.925812e+01
     vertex  4.800992e+01  8.800000e+00 -7.925812e+01
   endloop
 endfacet
 facet normal  0.000000e+00 -1.000000e+00  0.000000e+00
   outer loop
     vertex  7.462634e+01  8.800000e+00 -1.069226e+02
     vertex  7.537366e+01  8.800000e+00 -8.307740e+01
     vertex  7.462634e+01  8.800000e+00 -8.307740e+01
   endloop
 endfacet
 facet normal  0.000000e+00 -1.000000e+00  0.000000e+00
   outer loop
     vertex  7.462634e+01  8.800000e+00 -1.069226e+02
     vertex  7.537366e+01  8.800000e+00 -1.069226e+02
     vertex  7.537366e+01  8.800000e+00 -8.307740e+01
   endloop
 endfacet
 facet normal  0.000000e+00 -1.000000e+00  0.000000e+00
   outer loop
     vertex  4.800992e+01  8.800000e+00 -8.074188e+01
     vertex  7.199008e+01  8.800000e+00 -8.074188e+01
     vertex  7.190000e+01  8.800000e+00 -8.000000e+01
   endloop
 endfacet
 facet normal  0.000000e+00 -1.000000e+00  0.000000e+00
   outer loop
     vertex  4.800992e+01  8.800000e+00 -8.074188e+01
     vertex  7.190000e+01  8.800000e+00 -8.000000e+01
     vertex  4.810000e+01  8.800000e+00 -8.000000e+01
   endloop
 endfacet
 facet normal  0.000000e+00 -1.000000e+00  0.000000e+00
   outer loop
     vertex  7.390072e+01  8.800000e+00 -1.071014e+02
     vertex  7.462634e+01  8.800000e+00 -8.307740e+01
     vertex  7.390072e+01  8.800000e+00 -8.289855e+01
   endloop
 endfacet
 facet normal  0.000000e+00 -1.000000e+00  0.000000e+00
   outer loop
     vertex  7.390072e+01  8.800000e+00 -1.071014e+02
     vertex  7.462634e+01  8.800000e+00 -1.069226e+02
     vertex  7.462634e+01  8.800000e+00 -8.307740e+01
   endloop
 endfacet
 facet normal  0.000000e+00 -1.000000e+00  0.000000e+00
   outer loop
     vertex  4.774491e+01  8.800000e+00 -8.144064e+01
     vertex  7.225509e+01  8.800000e+00 -8.144064e+01
     vertex  7.199008e+01  8.800000e+00 -8.074188e+01
   endloop
 endfacet
 facet normal  0.000000e+00 -1.000000e+00  0.000000e+00
   outer loop
     vertex  4.774491e+01  8.800000e+00 -8.144064e+01
     vertex  7.267962e+01  8.800000e+00 -8.205568e+01
     vertex  7.225509e+01  8.800000e+00 -8.144064e+01
   endloop
 endfacet
 facet normal  0.000000e+00 -1.000000e+00  0.000000e+00
   outer loop
     vertex  4.774491e+01  8.800000e+00 -8.144064e+01
     vertex  7.199008e+01  8.800000e+00 -8.074188e+01
     vertex  4.800992e+01  8.800000e+00 -8.074188e+01
   endloop
 endfacet
 facet normal  0.000000e+00 -1.000000e+00  0.000000e+00
   outer loop
     vertex  7.323900e+01  8.800000e+00 -1.074488e+02
     vertex  7.323900e+01  8.800000e+00 -8.255125e+01
     vertex  7.267962e+01  8.800000e+00 -8.205568e+01
   endloop
 endfacet
 facet normal  0.000000e+00 -1.000000e+00  0.000000e+00
   outer loop
     vertex  7.323900e+01  8.800000e+00 -1.074488e+02
     vertex  7.390072e+01  8.800000e+00 -8.289855e+01
     vertex  7.323900e+01  8.800000e+00 -8.255125e+01
   endloop
 endfacet
 facet normal  0.000000e+00 -1.000000e+00  0.000000e+00
   outer loop
     vertex  7.323900e+01  8.800000e+00 -1.074488e+02
     vertex  7.390072e+01  8.800000e+00 -1.071014e+02
     vertex  7.390072e+01  8.800000e+00 -8.289855e+01
   endloop
 endfacet
 facet normal  0.000000e+00 -1.000000e+00  0.000000e+00
   outer loop
     vertex  4.732038e+01  8.800000e+00 -8.205568e+01
     vertex  7.267962e+01  8.800000e+00 -8.205568e+01
     vertex  4.774491e+01  8.800000e+00 -8.144064e+01
   endloop
 endfacet
 facet normal  0.000000e+00 -1.000000e+00  0.000000e+00
   outer loop
     vertex  8.500000e+01  8.800000e+00 -1.200000e+02
     vertex  8.500000e+01  8.800000e+00 -7.000000e+01
     vertex  7.774491e+01  8.800000e+00 -8.144064e+01
   endloop
 endfacet
 facet normal  0.000000e+00 -1.000000e+00  0.000000e+00
   outer loop
     vertex  8.500000e+01  8.800000e+00 -1.200000e+02
     vertex  7.774491e+01  8.800000e+00 -1.114406e+02
     vertex  7.732038e+01  8.800000e+00 -1.120557e+02
   endloop
 endfacet
 facet normal  0.000000e+00 -1.000000e+00  0.000000e+00
   outer loop
     vertex  8.500000e+01  8.800000e+00 -1.200000e+02
     vertex  7.800992e+01  8.800000e+00 -1.107419e+02
     vertex  7.774491e+01  8.800000e+00 -1.114406e+02
   endloop
 endfacet
 facet normal  0.000000e+00 -1.000000e+00  0.000000e+00
   outer loop
     vertex  8.500000e+01  8.800000e+00 -1.200000e+02
     vertex  7.810000e+01  8.800000e+00 -1.100000e+02
     vertex  7.800992e+01  8.800000e+00 -1.107419e+02
   endloop
 endfacet
 facet normal  0.000000e+00 -1.000000e+00  0.000000e+00
   outer loop
     vertex  8.500000e+01  8.800000e+00 -1.200000e+02
     vertex  7.800992e+01  8.800000e+00 -1.092581e+02
     vertex  7.810000e+01  8.800000e+00 -1.100000e+02
   endloop
 endfacet
 facet normal  0.000000e+00 -1.000000e+00  0.000000e+00
   outer loop
     vertex  8.500000e+01  8.800000e+00 -1.200000e+02
     vertex  7.774491e+01  8.800000e+00 -1.085594e+02
     vertex  7.800992e+01  8.800000e+00 -1.092581e+02
   endloop
 endfacet
 facet normal  0.000000e+00 -1.000000e+00  0.000000e+00
   outer loop
     vertex  8.500000e+01  8.800000e+00 -1.200000e+02
     vertex  7.774491e+01  8.800000e+00 -8.144064e+01
     vertex  7.774491e+01  8.800000e+00 -1.085594e+02
   endloop
 endfacet
 facet normal  0.000000e+00 -1.000000e+00  0.000000e+00
   outer loop
     vertex  7.267962e+01  8.800000e+00 -1.079443e+02
     vertex  7.323900e+01  8.800000e+00 -1.074488e+02
     vertex  7.267962e+01  8.800000e+00 -8.205568e+01
   endloop
 endfacet
 facet normal  0.000000e+00 -1.000000e+00  0.000000e+00
   outer loop
     vertex  7.676100e+01  8.800000e+00 -1.125512e+02
     vertex  8.500000e+01  8.800000e+00 -1.200000e+02
     vertex  7.732038e+01  8.800000e+00 -1.120557e+02
   endloop
 endfacet
 facet normal  0.000000e+00 -1.000000e+00  0.000000e+00
   outer loop
     vertex  7.609928e+01  8.800000e+00 -1.128986e+02
     vertex  8.500000e+01  8.800000e+00 -1.200000e+02
     vertex  7.676100e+01  8.800000e+00 -1.125512e+02
   endloop
 endfacet
 facet normal  0.000000e+00 -1.000000e+00  0.000000e+00
   outer loop
     vertex  7.537366e+01  8.800000e+00 -1.130774e+02
     vertex  8.500000e+01  8.800000e+00 -1.200000e+02
     vertex  7.609928e+01  8.800000e+00 -1.128986e+02
   endloop
 endfacet
 facet normal  0.000000e+00 -1.000000e+00  0.000000e+00
   outer loop
     vertex  7.462634e+01  8.800000e+00 -1.130774e+02
     vertex  8.500000e+01  8.800000e+00 -1.200000e+02
     vertex  7.537366e+01  8.800000e+00 -1.130774e+02
   endloop
 endfacet
 facet normal  0.000000e+00 -1.000000e+00  0.000000e+00
   outer loop
     vertex  7.390072e+01  8.800000e+00 -1.128986e+02
     vertex  8.500000e+01  8.800000e+00 -1.200000e+02
     vertex  7.462634e+01  8.800000e+00 -1.130774e+02
   endloop
 endfacet
 facet normal  0.000000e+00 -1.000000e+00  0.000000e+00
   outer loop
     vertex  3.000000e+01  8.800000e+00 -7.000000e+01
     vertex  4.537366e+01  8.800000e+00 -7.692260e+01
     vertex  4.609928e+01  8.800000e+00 -7.710145e+01
   endloop
 endfacet
 facet normal  0.000000e+00 -1.000000e+00  0.000000e+00
   outer loop
     vertex  3.000000e+01  8.800000e+00 -7.000000e+01
     vertex  4.462634e+01  8.800000e+00 -7.692260e+01
     vertex  4.537366e+01  8.800000e+00 -7.692260e+01
   endloop
 endfacet
 facet normal  0.000000e+00 -1.000000e+00  0.000000e+00
   outer loop
     vertex  3.000000e+01  8.800000e+00 -7.000000e+01
     vertex  4.390072e+01  8.800000e+00 -7.710145e+01
     vertex  4.462634e+01  8.800000e+00 -7.692260e+01
   endloop
 endfacet
 facet normal  0.000000e+00 -1.000000e+00  0.000000e+00
   outer loop
     vertex  3.000000e+01  8.800000e+00 -7.000000e+01
     vertex  4.323900e+01  8.800000e+00 -7.744875e+01
     vertex  4.390072e+01  8.800000e+00 -7.710145e+01
   endloop
 endfacet
 facet normal  0.000000e+00 -1.000000e+00  0.000000e+00
   outer loop
     vertex  3.000000e+01  8.800000e+00 -7.000000e+01
     vertex  4.267962e+01  8.800000e+00 -7.794432e+01
     vertex  4.323900e+01  8.800000e+00 -7.744875e+01
   endloop
 endfacet
 facet normal  0.000000e+00 -1.000000e+00  0.000000e+00
   outer loop
     vertex  3.000000e+01  8.800000e+00 -7.000000e+01
     vertex  4.225509e+01  8.800000e+00 -7.855936e+01
     vertex  4.267962e+01  8.800000e+00 -7.794432e+01
   endloop
 endfacet
 facet normal  0.000000e+00 -1.000000e+00  0.000000e+00
   outer loop
     vertex  3.000000e+01  8.800000e+00 -7.000000e+01
     vertex  4.199008e+01  8.800000e+00 -7.925812e+01
     vertex  4.225509e+01  8.800000e+00 -7.855936e+01
   endloop
 endfacet
 facet normal  0.000000e+00 -1.000000e+00  0.000000e+00
   outer loop
     vertex  3.000000e+01  8.800000e+00 -7.000000e+01
     vertex  4.190000e+01  8.800000e+00 -8.000000e+01
     vertex  4.199008e+01  8.800000e+00 -7.925812e+01
   endloop
 endfacet
 facet normal  0.000000e+00 -1.000000e+00  0.000000e+00
   outer loop
     vertex  3.000000e+01  8.800000e+00 -7.000000e+01
     vertex  4.609928e+01  8.800000e+00 -7.710145e+01
     vertex  8.500000e+01  8.800000e+00 -7.000000e+01
   endloop
 endfacet
 facet normal  0.000000e+00 -1.000000e+00  0.000000e+00
   outer loop
     vertex  3.000000e+01  8.800000e+00 -7.000000e+01
     vertex  4.199008e+01  8.800000e+00 -8.074188e+01
     vertex  4.190000e+01  8.800000e+00 -8.000000e+01
   endloop
 endfacet
 facet normal  0.000000e+00 -1.000000e+00  0.000000e+00
   outer loop
     vertex  3.000000e+01  8.800000e+00 -7.000000e+01
     vertex  4.225509e+01  8.800000e+00 -8.144064e+01
     vertex  4.199008e+01  8.800000e+00 -8.074188e+01
   endloop
 endfacet
 facet normal  0.000000e+00 -1.000000e+00  0.000000e+00
   outer loop
     vertex  4.732038e+01  8.800000e+00 -1.079443e+02
     vertex  7.267962e+01  8.800000e+00 -1.079443e+02
     vertex  7.267962e+01  8.800000e+00 -8.205568e+01
   endloop
 endfacet
 facet normal  0.000000e+00 -1.000000e+00  0.000000e+00
   outer loop
     vertex  4.732038e+01  8.800000e+00 -1.079443e+02
     vertex  7.225509e+01  8.800000e+00 -1.085594e+02
     vertex  7.267962e+01  8.800000e+00 -1.079443e+02
   endloop
 endfacet
 facet normal  0.000000e+00 -1.000000e+00  0.000000e+00
   outer loop
     vertex  4.732038e+01  8.800000e+00 -1.079443e+02
     vertex  4.732038e+01  8.800000e+00 -8.205568e+01
     vertex  4.676100e+01  8.800000e+00 -8.255125e+01
   endloop
 endfacet
 facet normal  0.000000e+00 -1.000000e+00  0.000000e+00
   outer loop
     vertex  4.732038e+01  8.800000e+00 -1.079443e+02
     vertex  7.267962e+01  8.800000e+00 -8.205568e+01
     vertex  4.732038e+01  8.800000e+00 -8.205568e+01
   endloop
 endfacet
 facet normal  0.000000e+00 -1.000000e+00  0.000000e+00
   outer loop
     vertex  4.676100e+01  8.800000e+00 -1.074488e+02
     vertex  4.732038e+01  8.800000e+00 -1.079443e+02
     vertex  4.676100e+01  8.800000e+00 -8.255125e+01
   endloop
 endfacet
 facet normal  0.000000e+00 -1.000000e+00  0.000000e+00
   outer loop
     vertex  4.774491e+01  8.800000e+00 -1.085594e+02
     vertex  7.225509e+01  8.800000e+00 -1.085594e+02
     vertex  4.732038e+01  8.800000e+00 -1.079443e+02
   endloop
 endfacet
 facet normal  0.000000e+00 -1.000000e+00  0.000000e+00
   outer loop
     vertex  4.774491e+01  8.800000e+00 -1.085594e+02
     vertex  7.199008e+01  8.800000e+00 -1.092581e+02
     vertex  7.225509e+01  8.800000e+00 -1.085594e+02
   endloop
 endfacet
 facet normal  0.000000e+00 -1.000000e+00  0.000000e+00
   outer loop
     vertex  4.609928e+01  8.800000e+00 -1.071014e+02
     vertex  4.676100e+01  8.800000e+00 -1.074488e+02
     vertex  4.676100e+01  8.800000e+00 -8.255125e+01
   endloop
 endfacet
 facet normal  0.000000e+00 -1.000000e+00  0.000000e+00
   outer loop
     vertex  4.609928e+01  8.800000e+00 -1.071014e+02
     vertex  4.676100e+01  8.800000e+00 -8.255125e+01
     vertex  4.609928e+01  8.800000e+00 -8.289855e+01
   endloop
 endfacet
 facet normal  0.000000e+00 -1.000000e+00  0.000000e+00
   outer loop
     vertex  4.800992e+01  8.800000e+00 -1.092581e+02
     vertex  7.199008e+01  8.800000e+00 -1.092581e+02
     vertex  4.774491e+01  8.800000e+00 -1.085594e+02
   endloop
 endfacet
 facet normal  0.000000e+00 -1.000000e+00  0.000000e+00
   outer loop
     vertex  4.537366e+01  8.800000e+00 -1.069226e+02
     vertex  4.609928e+01  8.800000e+00 -1.071014e+02
     vertex  4.609928e+01  8.800000e+00 -8.289855e+01
   endloop
 endfacet
 facet normal  0.000000e+00 -1.000000e+00  0.000000e+00
   outer loop
     vertex  4.537366e+01  8.800000e+00 -1.069226e+02
     vertex  4.537366e+01  8.800000e+00 -8.307740e+01
     vertex  4.462634e+01  8.800000e+00 -8.307740e+01
   endloop
 endfacet
 facet normal  0.000000e+00 -1.000000e+00  0.000000e+00
   outer loop
     vertex  4.537366e+01  8.800000e+00 -1.069226e+02
     vertex  4.609928e+01  8.800000e+00 -8.289855e+01
     vertex  4.537366e+01  8.800000e+00 -8.307740e+01
   endloop
 endfacet
 facet normal  0.000000e+00 -1.000000e+00  0.000000e+00
   outer loop
     vertex  4.810000e+01  8.800000e+00 -1.100000e+02
     vertex  7.199008e+01  8.800000e+00 -1.107419e+02
     vertex  7.190000e+01  8.800000e+00 -1.100000e+02
   endloop
 endfacet
 facet normal  0.000000e+00 -1.000000e+00  0.000000e+00
   outer loop
     vertex  4.810000e+01  8.800000e+00 -1.100000e+02
     vertex  7.190000e+01  8.800000e+00 -1.100000e+02
     vertex  7.199008e+01  8.800000e+00 -1.092581e+02
   endloop
 endfacet
 facet normal  0.000000e+00 -1.000000e+00  0.000000e+00
   outer loop
     vertex  4.810000e+01  8.800000e+00 -1.100000e+02
     vertex  7.199008e+01  8.800000e+00 -1.092581e+02
     vertex  4.800992e+01  8.800000e+00 -1.092581e+02
   endloop
 endfacet
 facet normal  0.000000e+00 -1.000000e+00  0.000000e+00
   outer loop
     vertex  4.462634e+01  8.800000e+00 -1.069226e+02
     vertex  4.537366e+01  8.800000e+00 -1.069226e+02
     vertex  4.462634e+01  8.800000e+00 -8.307740e+01
   endloop
 endfacet
 facet normal  0.000000e+00 -1.000000e+00  0.000000e+00
   outer loop
     vertex  4.800992e+01  8.800000e+00 -1.107419e+02
     vertex  7.199008e+01  8.800000e+00 -1.107419e+02
     vertex  4.810000e+01  8.800000e+00 -1.100000e+02
   endloop
 endfacet
 facet normal  0.000000e+00 -1.000000e+00  0.000000e+00
   outer loop
     vertex  4.390072e+01  8.800000e+00 -1.071014e+02
     vertex  4.462634e+01  8.800000e+00 -1.069226e+02
     vertex  4.462634e+01  8.800000e+00 -8.307740e+01
   endloop
 endfacet
 facet normal  0.000000e+00 -1.000000e+00  0.000000e+00
   outer loop
     vertex  4.390072e+01  8.800000e+00 -1.071014e+02
     vertex  4.462634e+01  8.800000e+00 -8.307740e+01
     vertex  4.390072e+01  8.800000e+00 -8.289855e+01
   endloop
 endfacet
 facet normal  0.000000e+00 -1.000000e+00  0.000000e+00
   outer loop
     vertex  4.774491e+01  8.800000e+00 -1.114406e+02
     vertex  7.225509e+01  8.800000e+00 -1.114406e+02
     vertex  7.199008e+01  8.800000e+00 -1.107419e+02
   endloop
 endfacet
 facet normal  0.000000e+00 -1.000000e+00  0.000000e+00
   outer loop
     vertex  4.774491e+01  8.800000e+00 -1.114406e+02
     vertex  7.199008e+01  8.800000e+00 -1.107419e+02
     vertex  4.800992e+01  8.800000e+00 -1.107419e+02
   endloop
 endfacet
 facet normal  0.000000e+00 -1.000000e+00  0.000000e+00
   outer loop
     vertex  4.323900e+01  8.800000e+00 -1.074488e+02
     vertex  4.390072e+01  8.800000e+00 -8.289855e+01
     vertex  4.323900e+01  8.800000e+00 -8.255125e+01
   endloop
 endfacet
 facet normal  0.000000e+00 -1.000000e+00  0.000000e+00
   outer loop
     vertex  4.323900e+01  8.800000e+00 -1.074488e+02
     vertex  4.390072e+01  8.800000e+00 -1.071014e+02
     vertex  4.390072e+01  8.800000e+00 -8.289855e+01
   endloop
 endfacet
 facet normal  0.000000e+00 -1.000000e+00  0.000000e+00
   outer loop
     vertex  4.732038e+01  8.800000e+00 -1.120557e+02
     vertex  7.267962e+01  8.800000e+00 -1.120557e+02
     vertex  7.225509e+01  8.800000e+00 -1.114406e+02
   endloop
 endfacet
 facet normal  0.000000e+00 -1.000000e+00  0.000000e+00
   outer loop
     vertex  4.732038e+01  8.800000e+00 -1.120557e+02
     vertex  7.225509e+01  8.800000e+00 -1.114406e+02
     vertex  4.774491e+01  8.800000e+00 -1.114406e+02
   endloop
 endfacet
 facet normal  0.000000e+00 -1.000000e+00  0.000000e+00
   outer loop
     vertex  4.267962e+01  8.800000e+00 -1.079443e+02
     vertex  4.323900e+01  8.800000e+00 -8.255125e+01
     vertex  4.267962e+01  8.800000e+00 -8.205568e+01
   endloop
 endfacet
 facet normal  0.000000e+00 -1.000000e+00  0.000000e+00
   outer loop
     vertex  4.267962e+01  8.800000e+00 -1.079443e+02
     vertex  4.323900e+01  8.800000e+00 -1.074488e+02
     vertex  4.323900e+01  8.800000e+00 -8.255125e+01
   endloop
 endfacet
 facet normal  0.000000e+00 -1.000000e+00  0.000000e+00
   outer loop
     vertex  4.676100e+01  8.800000e+00 -1.125512e+02
     vertex  7.323900e+01  8.800000e+00 -1.125512e+02
     vertex  7.267962e+01  8.800000e+00 -1.120557e+02
   endloop
 endfacet
 facet normal  0.000000e+00 -1.000000e+00  0.000000e+00
   outer loop
     vertex  4.676100e+01  8.800000e+00 -1.125512e+02
     vertex  7.267962e+01  8.800000e+00 -1.120557e+02
     vertex  4.732038e+01  8.800000e+00 -1.120557e+02
   endloop
 endfacet
 facet normal  0.000000e+00 -1.000000e+00  0.000000e+00
   outer loop
     vertex  4.225509e+01  8.800000e+00 -1.085594e+02
     vertex  4.267962e+01  8.800000e+00 -8.205568e+01
     vertex  4.225509e+01  8.800000e+00 -8.144064e+01
   endloop
 endfacet
 facet normal  0.000000e+00 -1.000000e+00  0.000000e+00
   outer loop
     vertex  4.225509e+01  8.800000e+00 -1.085594e+02
     vertex  4.267962e+01  8.800000e+00 -1.079443e+02
     vertex  4.267962e+01  8.800000e+00 -8.205568e+01
   endloop
 endfacet
 facet normal  0.000000e+00 -1.000000e+00  0.000000e+00
   outer loop
     vertex  4.609928e+01  8.800000e+00 -1.128986e+02
     vertex  7.390072e+01  8.800000e+00 -1.128986e+02
     vertex  7.323900e+01  8.800000e+00 -1.125512e+02
   endloop
 endfacet
 facet normal  0.000000e+00 -1.000000e+00  0.000000e+00
   outer loop
     vertex  4.609928e+01  8.800000e+00 -1.128986e+02
     vertex  7.323900e+01  8.800000e+00 -1.125512e+02
     vertex  4.676100e+01  8.800000e+00 -1.125512e+02
   endloop
 endfacet
 facet normal  0.000000e+00 -1.000000e+00  0.000000e+00
   outer loop
     vertex  3.000000e+01  8.800000e+00 -1.200000e+02
     vertex  4.199008e+01  8.800000e+00 -1.107419e+02
     vertex  4.190000e+01  8.800000e+00 -1.100000e+02
   endloop
 endfacet
 facet normal  0.000000e+00 -1.000000e+00  0.000000e+00
   outer loop
     vertex  3.000000e+01  8.800000e+00 -1.200000e+02
     vertex  4.225509e+01  8.800000e+00 -1.114406e+02
     vertex  4.199008e+01  8.800000e+00 -1.107419e+02
   endloop
 endfacet
 facet normal  0.000000e+00 -1.000000e+00  0.000000e+00
   outer loop
     vertex  3.000000e+01  8.800000e+00 -1.200000e+02
     vertex  4.267962e+01  8.800000e+00 -1.120557e+02
     vertex  4.225509e+01  8.800000e+00 -1.114406e+02
   endloop
 endfacet
 facet normal  0.000000e+00 -1.000000e+00  0.000000e+00
   outer loop
     vertex  3.000000e+01  8.800000e+00 -1.200000e+02
     vertex  4.323900e+01  8.800000e+00 -1.125512e+02
     vertex  4.267962e+01  8.800000e+00 -1.120557e+02
   endloop
 endfacet
 facet normal  0.000000e+00 -1.000000e+00  0.000000e+00
   outer loop
     vertex  3.000000e+01  8.800000e+00 -1.200000e+02
     vertex  4.390072e+01  8.800000e+00 -1.128986e+02
     vertex  4.323900e+01  8.800000e+00 -1.125512e+02
   endloop
 endfacet
 facet normal  0.000000e+00 -1.000000e+00  0.000000e+00
   outer loop
     vertex  3.000000e+01  8.800000e+00 -1.200000e+02
     vertex  4.462634e+01  8.800000e+00 -1.130774e+02
     vertex  4.390072e+01  8.800000e+00 -1.128986e+02
   endloop
 endfacet
 facet normal  0.000000e+00 -1.000000e+00  0.000000e+00
   outer loop
     vertex  3.000000e+01  8.800000e+00 -1.200000e+02
     vertex  4.537366e+01  8.800000e+00 -1.130774e+02
     vertex  4.462634e+01  8.800000e+00 -1.130774e+02
   endloop
 endfacet
 facet normal  0.000000e+00 -1.000000e+00  0.000000e+00
   outer loop
     vertex  3.000000e+01  8.800000e+00 -1.200000e+02
     vertex  4.225509e+01  8.800000e+00 -8.144064e+01
     vertex  3.000000e+01  8.800000e+00 -7.000000e+01
   endloop
 endfacet
 facet normal  0.000000e+00 -1.000000e+00  0.000000e+00
   outer loop
     vertex  3.000000e+01  8.800000e+00 -1.200000e+02
     vertex  4.199008e+01  8.800000e+00 -1.092581e+02
     vertex  4.225509e+01  8.800000e+00 -1.085594e+02
   endloop
 endfacet
 facet normal  0.000000e+00 -1.000000e+00  0.000000e+00
   outer loop
     vertex  3.000000e+01  8.800000e+00 -1.200000e+02
     vertex  4.190000e+01  8.800000e+00 -1.100000e+02
     vertex  4.199008e+01  8.800000e+00 -1.092581e+02
   endloop
 endfacet
 facet normal  0.000000e+00 -1.000000e+00  0.000000e+00
   outer loop
     vertex  3.000000e+01  8.800000e+00 -1.200000e+02
     vertex  4.225509e+01  8.800000e+00 -1.085594e+02
     vertex  4.225509e+01  8.800000e+00 -8.144064e+01
   endloop
 endfacet
 facet normal  0.000000e+00 -1.000000e+00  0.000000e+00
   outer loop
     vertex  3.000000e+01  8.800000e+00 -1.200000e+02
     vertex  8.500000e+01  8.800000e+00 -1.200000e+02
     vertex  4.537366e+01  8.800000e+00 -1.130774e+02
   endloop
 endfacet
 facet normal  0.000000e+00 -1.000000e+00  0.000000e+00
   outer loop
     vertex  4.537366e+01  8.800000e+00 -1.130774e+02
     vertex  8.500000e+01  8.800000e+00 -1.200000e+02
     vertex  4.609928e+01  8.800000e+00 -1.128986e+02
   endloop
 endfacet
 facet normal  0.000000e+00 -1.000000e+00  0.000000e+00
   outer loop
     vertex  4.609928e+01  8.800000e+00 -1.128986e+02
     vertex  8.500000e+01  8.800000e+00 -1.200000e+02
     vertex  7.390072e+01  8.800000e+00 -1.128986e+02
   endloop
 endfacet
 facet normal  9.998387e-01  1.796116e-02 -1.136685e-14
   outer loop
     vertex  8.500000e+01  8.800000e+00 -7.000000e+01
     vertex  8.491018e+01  1.380000e+01 -7.250000e+01
     vertex  8.491018e+01  1.380000e+01 -7.000000e+01
   endloop
 endfacet
 facet normal  9.998387e-01  1.796116e-02 -6.017744e-15
   outer loop
     vertex  8.491018e+01  1.380000e+01 -9.375000e+01
     vertex  8.491018e+01  1.380000e+01 -7.250000e+01
     vertex  8.500000e+01  8.800000e+00 -7.000000e+01
   endloop
 endfacet
 facet normal  9.998387e-01  1.796116e-02 -5.683425e-15
   outer loop
     vertex  8.500000e+01  8.800000e+00 -1.200000e+02
     vertex  8.491018e+01  1.380000e+01 -1.200000e+02
     vertex  8.491018e+01  1.380000e+01 -1.175000e+02
   endloop
 endfacet
 facet normal  9.998387e-01  1.796116e-02  8.611339e-13
   outer loop
     vertex  8.500000e+01  8.800000e+00 -1.200000e+02
     vertex  8.491018e+01  1.380000e+01 -1.175000e+02
     vertex  8.491018e+01  1.380000e+01 -9.625000e+01
   endloop
 endfacet
 facet normal  9.998387e-01  1.796116e-02 -6.535939e-15
   outer loop
     vertex  8.500000e+01  8.800000e+00 -7.000000e+01
     vertex  8.500000e+01  8.800000e+00 -1.200000e+02
     vertex  8.491018e+01  1.380000e+01 -9.375000e+01
   endloop
 endfacet
 facet normal  9.998387e-01  1.796116e-02 -7.382157e-12
   outer loop
     vertex  8.491018e+01  1.380000e+01 -9.375000e+01
     vertex  8.500000e+01  8.800000e+00 -1.200000e+02
     vertex  8.491018e+01  1.380000e+01 -9.625000e+01
   endloop
 endfacet
 facet normal  7.071068e-01  7.071068e-01 -5.154138e-15
   outer loop
     vertex  8.491018e+01  1.380000e+01 -7.000000e+01
     vertex  3.500000e+01  6.371018e+01 -7.250000e+01
     vertex  3.500000e+01  6.371018e+01 -7.000000e+01
   endloop
 endfacet
 facet normal  7.071068e-01  7.071068e-01 -8.038873e-15
   outer loop
     vertex  8.491018e+01  1.380000e+01 -7.250000e+01
     vertex  3.500000e+01  6.371018e+01 -7.250000e+01
     vertex  8.491018e+01  1.380000e+01 -7.000000e+01
   endloop
 endfacet
 facet normal -6.548757e-15  0.000000e+00 -1.000000e+00
   outer loop
     vertex  8.491018e+01  1.380000e+01 -7.250000e+01
     vertex  3.500000e+01  1.380000e+01 -7.250000e+01
     vertex  3.500000e+01  6.371018e+01 -7.250000e+01
   endloop
 endfacet
 facet normal  7.071068e-01  7.071068e-01 -5.154138e-15
   outer loop
     vertex  8.491018e+01  1.380000e+01 -9.375000e+01
     vertex  3.500000e+01  6.371018e+01 -9.625000e+01
     vertex  3.500000e+01  6.371018e+01 -9.375000e+01
   endloop
 endfacet
 facet normal  7.071068e-01  7.071068e-01  9.304996e-12
   outer loop
     vertex  8.491018e+01  1.380000e+01 -9.625000e+01
     vertex  3.500000e+01  6.371018e+01 -9.625000e+01
     vertex  8.491018e+01  1.380000e+01 -9.375000e+01
   endloop
 endfacet
 facet normal -6.548757e-15 -0.000000e+00 -1.000000e+00
   outer loop
     vertex  3.500000e+01  6.371018e+01 -9.625000e+01
     vertex  8.491018e+01  1.380000e+01 -9.625000e+01
     vertex  3.500000e+01  1.380000e+01 -9.625000e+01
   endloop
 endfacet
 facet normal  6.548757e-15  0.000000e+00  1.000000e+00
   outer loop
     vertex  3.500000e+01  6.371018e+01 -9.375000e+01
     vertex  3.500000e+01  1.380000e+01 -9.375000e+01
     vertex  8.491018e+01  1.380000e+01 -9.375000e+01
   endloop
 endfacet
 facet normal  7.071068e-01  7.071068e-01 -2.577069e-15
   outer loop
     vertex  3.500000e+01  6.371018e+01 -1.200000e+02
     vertex  8.491018e+01  1.380000e+01 -1.175000e+02
     vertex  8.491018e+01  1.380000e+01 -1.200000e+02
   endloop
 endfacet
 facet normal  7.071068e-01  7.071068e-01 -4.019437e-15
   outer loop
     vertex  3.500000e+01  6.371018e+01 -1.200000e+02
     vertex  3.500000e+01  6.371018e+01 -1.175000e+02
     vertex  8.491018e+01  1.380000e+01 -1.175000e+02
   endloop
 endfacet
 facet normal  6.264029e-15  0.000000e+00  1.000000e+00
   outer loop
     vertex  8.491018e+01  1.380000e+01 -1.175000e+02
     vertex  3.500000e+01  6.371018e+01 -1.175000e+02
     vertex  3.500000e+01  1.380000e+01 -1.175000e+02
   endloop
 endfacet
 facet normal -2.822623e-15 -1.205367e-01 -9.927089e-01
   outer loop
     vertex  3.000000e+01  3.454188e+01 -7.699008e+01
     vertex  3.500000e+01  3.380000e+01 -7.690000e+01
     vertex  3.000000e+01  3.380000e+01 -7.690000e+01
   endloop
 endfacet
 facet normal -5.642897e-15 -1.205367e-01 -9.927089e-01
   outer loop
     vertex  3.000000e+01  3.454188e+01 -7.699008e+01
     vertex  3.500000e+01  3.454188e+01 -7.699008e+01
     vertex  3.500000e+01  3.380000e+01 -7.690000e+01
   endloop
 endfacet
 facet normal -5.314952e-15 -3.546049e-01 -9.350162e-01
   outer loop
     vertex  3.000000e+01  3.454188e+01 -7.699008e+01
     vertex  3.500000e+01  3.524064e+01 -7.725509e+01
     vertex  3.500000e+01  3.454188e+01 -7.699008e+01
   endloop
 endfacet
 facet normal -2.339061e-15 -5.680647e-01 -8.229839e-01
   outer loop
     vertex  3.000000e+01  3.524064e+01 -7.725509e+01
     vertex  3.500000e+01  3.585568e+01 -7.767962e+01
     vertex  3.500000e+01  3.524064e+01 -7.725509e+01
   endloop
 endfacet
 facet normal -2.657476e-15 -3.546049e-01 -9.350162e-01
   outer loop
     vertex  3.000000e+01  3.524064e+01 -7.725509e+01
     vertex  3.500000e+01  3.524064e+01 -7.725509e+01
     vertex  3.000000e+01  3.454188e+01 -7.699008e+01
   endloop
 endfacet
 facet normal -3.769416e-15 -7.485107e-01 -6.631227e-01
   outer loop
     vertex  3.000000e+01  3.585568e+01 -7.767962e+01
     vertex  3.500000e+01  3.635125e+01 -7.823900e+01
     vertex  3.500000e+01  3.585568e+01 -7.767962e+01
   endloop
 endfacet
 facet normal -4.678122e-15 -5.680647e-01 -8.229839e-01
   outer loop
     vertex  3.000000e+01  3.585568e+01 -7.767962e+01
     vertex  3.500000e+01  3.585568e+01 -7.767962e+01
     vertex  3.000000e+01  3.524064e+01 -7.725509e+01
   endloop
 endfacet
 facet normal -2.641645e-15 -8.854560e-01 -4.647232e-01
   outer loop
     vertex  3.000000e+01  3.635125e+01 -7.823900e+01
     vertex  3.500000e+01  3.669855e+01 -7.890072e+01
     vertex  3.500000e+01  3.635125e+01 -7.823900e+01
   endloop
 endfacet
 facet normal -3.769416e-15 -7.485107e-01 -6.631227e-01
   outer loop
     vertex  3.000000e+01  3.635125e+01 -7.823900e+01
     vertex  3.500000e+01  3.635125e+01 -7.823900e+01
     vertex  3.000000e+01  3.585568e+01 -7.767962e+01
   endloop
 endfacet
 facet normal -6.801760e-16 -9.709418e-01 -2.393157e-01
   outer loop
     vertex  3.000000e+01  3.669855e+01 -7.890072e+01
     vertex  3.500000e+01  3.687740e+01 -7.962634e+01
     vertex  3.500000e+01  3.669855e+01 -7.890072e+01
   endloop
 endfacet
 facet normal -1.320823e-15 -8.854560e-01 -4.647232e-01
   outer loop
     vertex  3.000000e+01  3.669855e+01 -7.890072e+01
     vertex  3.500000e+01  3.669855e+01 -7.890072e+01
     vertex  3.000000e+01  3.635125e+01 -7.823900e+01
   endloop
 endfacet
 facet normal  0.000000e+00 -1.000000e+00  0.000000e+00
   outer loop
     vertex  3.000000e+01  3.687740e+01 -7.962634e+01
     vertex  3.500000e+01  3.687740e+01 -8.037366e+01
     vertex  3.500000e+01  3.687740e+01 -7.962634e+01
   endloop
 endfacet
 facet normal -6.801760e-16 -9.709418e-01 -2.393157e-01
   outer loop
     vertex  3.000000e+01  3.687740e+01 -7.962634e+01
     vertex  3.500000e+01  3.687740e+01 -7.962634e+01
     vertex  3.000000e+01  3.669855e+01 -7.890072e+01
   endloop
 endfacet
 facet normal  0.000000e+00 -1.000000e+00  0.000000e+00
   outer loop
     vertex  3.000000e+01  3.687740e+01 -8.037366e+01
     vertex  3.500000e+01  3.687740e+01 -8.037366e+01
     vertex  3.000000e+01  3.687740e+01 -7.962634e+01
   endloop
 endfacet
 facet normal  1.360352e-15 -9.709418e-01  2.393157e-01
   outer loop
     vertex  3.000000e+01  3.669855e+01 -8.109928e+01
     vertex  3.500000e+01  3.669855e+01 -8.109928e+01
     vertex  3.500000e+01  3.687740e+01 -8.037366e+01
   endloop
 endfacet
 facet normal  2.641645e-15 -8.854560e-01  4.647232e-01
   outer loop
     vertex  3.000000e+01  3.669855e+01 -8.109928e+01
     vertex  3.500000e+01  3.635125e+01 -8.176100e+01
     vertex  3.500000e+01  3.669855e+01 -8.109928e+01
   endloop
 endfacet
 facet normal  1.366744e-15 -9.709418e-01  2.393157e-01
   outer loop
     vertex  3.000000e+01  3.669855e+01 -8.109928e+01
     vertex  3.500000e+01  3.687740e+01 -8.037366e+01
     vertex  3.000000e+01  3.687740e+01 -8.037366e+01
   endloop
 endfacet
 facet normal  3.769416e-15 -7.485107e-01  6.631227e-01
   outer loop
     vertex  3.000000e+01  3.635125e+01 -8.176100e+01
     vertex  3.500000e+01  3.585568e+01 -8.232038e+01
     vertex  3.500000e+01  3.635125e+01 -8.176100e+01
   endloop
 endfacet
 facet normal  2.641645e-15 -8.854560e-01  4.647232e-01
   outer loop
     vertex  3.000000e+01  3.635125e+01 -8.176100e+01
     vertex  3.500000e+01  3.635125e+01 -8.176100e+01
     vertex  3.000000e+01  3.669855e+01 -8.109928e+01
   endloop
 endfacet
 facet normal  3.953598e-15 -5.680647e-01  8.229839e-01
   outer loop
     vertex  3.000000e+01  3.585568e+01 -8.232038e+01
     vertex  3.500000e+01  3.524064e+01 -8.274491e+01
     vertex  3.500000e+01  3.585568e+01 -8.232038e+01
   endloop
 endfacet
 facet normal  4.012103e-15 -7.485107e-01  6.631227e-01
   outer loop
     vertex  3.000000e+01  3.585568e+01 -8.232038e+01
     vertex  3.500000e+01  3.585568e+01 -8.232038e+01
     vertex  3.000000e+01  3.635125e+01 -8.176100e+01
   endloop
 endfacet
 facet normal  4.678122e-15 -5.680647e-01  8.229839e-01
   outer loop
     vertex  3.000000e+01  3.524064e+01 -8.274491e+01
     vertex  3.500000e+01  3.524064e+01 -8.274491e+01
     vertex  3.000000e+01  3.585568e+01 -8.232038e+01
   endloop
 endfacet
 facet normal  5.314952e-15 -3.546049e-01  9.350162e-01
   outer loop
     vertex  3.000000e+01  3.454188e+01 -8.300992e+01
     vertex  3.500000e+01  3.454188e+01 -8.300992e+01
     vertex  3.500000e+01  3.524064e+01 -8.274491e+01
   endloop
 endfacet
 facet normal  5.642897e-15 -1.205367e-01  9.927089e-01
   outer loop
     vertex  3.000000e+01  3.454188e+01 -8.300992e+01
     vertex  3.500000e+01  3.380000e+01 -8.310000e+01
     vertex  3.500000e+01  3.454188e+01 -8.300992e+01
   endloop
 endfacet
 facet normal  5.310988e-15 -3.546049e-01  9.350162e-01
   outer loop
     vertex  3.000000e+01  3.454188e+01 -8.300992e+01
     vertex  3.500000e+01  3.524064e+01 -8.274491e+01
     vertex  3.000000e+01  3.524064e+01 -8.274491e+01
   endloop
 endfacet
 facet normal  5.642897e-15 -1.205367e-01  9.927089e-01
   outer loop
     vertex  3.000000e+01  3.380000e+01 -8.310000e+01
     vertex  3.500000e+01  3.380000e+01 -8.310000e+01
     vertex  3.000000e+01  3.454188e+01 -8.300992e+01
   endloop
 endfacet
 facet normal -5.641533e-15 -1.205367e-01 -9.927089e-01
   outer loop
     vertex  3.000000e+01  5.454188e+01 -1.069901e+02
     vertex  3.500000e+01  5.380000e+01 -1.069000e+02
     vertex  3.000000e+01  5.380000e+01 -1.069000e+02
   endloop
 endfacet
 facet normal -5.642897e-15 -1.205367e-01 -9.927089e-01
   outer loop
     vertex  3.000000e+01  5.454188e+01 -1.069901e+02
     vertex  3.500000e+01  5.454188e+01 -1.069901e+02
     vertex  3.500000e+01  5.380000e+01 -1.069000e+02
   endloop
 endfacet
 facet normal -5.314952e-15 -3.546049e-01 -9.350162e-01
   outer loop
     vertex  3.000000e+01  5.454188e+01 -1.069901e+02
     vertex  3.500000e+01  5.524064e+01 -1.072551e+02
     vertex  3.500000e+01  5.454188e+01 -1.069901e+02
   endloop
 endfacet
 facet normal -4.678122e-15 -5.680647e-01 -8.229839e-01
   outer loop
     vertex  3.000000e+01  5.524064e+01 -1.072551e+02
     vertex  3.500000e+01  5.585568e+01 -1.076796e+02
     vertex  3.500000e+01  5.524064e+01 -1.072551e+02
   endloop
 endfacet
 facet normal -5.314952e-15 -3.546049e-01 -9.350162e-01
   outer loop
     vertex  3.000000e+01  5.524064e+01 -1.072551e+02
     vertex  3.500000e+01  5.524064e+01 -1.072551e+02
     vertex  3.000000e+01  5.454188e+01 -1.069901e+02
   endloop
 endfacet
 facet normal -3.769416e-15 -7.485107e-01 -6.631227e-01
   outer loop
     vertex  3.000000e+01  5.585568e+01 -1.076796e+02
     vertex  3.500000e+01  5.635125e+01 -1.082390e+02
     vertex  3.500000e+01  5.585568e+01 -1.076796e+02
   endloop
 endfacet
 facet normal -4.678122e-15 -5.680647e-01 -8.229839e-01
   outer loop
     vertex  3.000000e+01  5.585568e+01 -1.076796e+02
     vertex  3.500000e+01  5.585568e+01 -1.076796e+02
     vertex  3.000000e+01  5.524064e+01 -1.072551e+02
   endloop
 endfacet
 facet normal -2.641645e-15 -8.854560e-01 -4.647232e-01
   outer loop
     vertex  3.000000e+01  5.635125e+01 -1.082390e+02
     vertex  3.500000e+01  5.669855e+01 -1.089007e+02
     vertex  3.500000e+01  5.635125e+01 -1.082390e+02
   endloop
 endfacet
 facet normal -3.769416e-15 -7.485107e-01 -6.631227e-01
   outer loop
     vertex  3.000000e+01  5.635125e+01 -1.082390e+02
     vertex  3.500000e+01  5.635125e+01 -1.082390e+02
     vertex  3.000000e+01  5.585568e+01 -1.076796e+02
   endloop
 endfacet
 facet normal -6.801760e-16 -9.709418e-01 -2.393157e-01
   outer loop
     vertex  3.000000e+01  5.669855e+01 -1.089007e+02
     vertex  3.500000e+01  5.687740e+01 -1.096263e+02
     vertex  3.500000e+01  5.669855e+01 -1.089007e+02
   endloop
 endfacet
 facet normal -1.320823e-15 -8.854560e-01 -4.647232e-01
   outer loop
     vertex  3.000000e+01  5.669855e+01 -1.089007e+02
     vertex  3.500000e+01  5.669855e+01 -1.089007e+02
     vertex  3.000000e+01  5.635125e+01 -1.082390e+02
   endloop
 endfacet
 facet normal  0.000000e+00 -1.000000e+00  0.000000e+00
   outer loop
     vertex  3.000000e+01  5.687740e+01 -1.096263e+02
     vertex  3.500000e+01  5.687740e+01 -1.103737e+02
     vertex  3.500000e+01  5.687740e+01 -1.096263e+02
   endloop
 endfacet
 facet normal -6.801760e-16 -9.709418e-01 -2.393157e-01
   outer loop
     vertex  3.000000e+01  5.687740e+01 -1.096263e+02
     vertex  3.500000e+01  5.687740e+01 -1.096263e+02
     vertex  3.000000e+01  5.669855e+01 -1.089007e+02
   endloop
 endfacet
 facet normal  0.000000e+00 -1.000000e+00  0.000000e+00
   outer loop
     vertex  3.000000e+01  5.687740e+01 -1.103737e+02
     vertex  3.500000e+01  5.687740e+01 -1.103737e+02
     vertex  3.000000e+01  5.687740e+01 -1.096263e+02
   endloop
 endfacet
 facet normal  1.360352e-15 -9.709418e-01  2.393157e-01
   outer loop
     vertex  3.000000e+01  5.669855e+01 -1.110993e+02
     vertex  3.500000e+01  5.669855e+01 -1.110993e+02
     vertex  3.500000e+01  5.687740e+01 -1.103737e+02
   endloop
 endfacet
 facet normal  2.641645e-15 -8.854560e-01  4.647232e-01
   outer loop
     vertex  3.000000e+01  5.669855e+01 -1.110993e+02
     vertex  3.500000e+01  5.635125e+01 -1.117610e+02
     vertex  3.500000e+01  5.669855e+01 -1.110993e+02
   endloop
 endfacet
 facet normal  1.366744e-15 -9.709418e-01  2.393157e-01
   outer loop
     vertex  3.000000e+01  5.669855e+01 -1.110993e+02
     vertex  3.500000e+01  5.687740e+01 -1.103737e+02
     vertex  3.000000e+01  5.687740e+01 -1.103737e+02
   endloop
 endfacet
 facet normal  1.884708e-15 -7.485107e-01  6.631227e-01
   outer loop
     vertex  3.000000e+01  5.635125e+01 -1.117610e+02
     vertex  3.500000e+01  5.585568e+01 -1.123204e+02
     vertex  3.500000e+01  5.635125e+01 -1.117610e+02
   endloop
 endfacet
 facet normal  1.320823e-15 -8.854560e-01  4.647232e-01
   outer loop
     vertex  3.000000e+01  5.635125e+01 -1.117610e+02
     vertex  3.500000e+01  5.635125e+01 -1.117610e+02
     vertex  3.000000e+01  5.669855e+01 -1.110993e+02
   endloop
 endfacet
 facet normal  3.953598e-15 -5.680647e-01  8.229839e-01
   outer loop
     vertex  3.000000e+01  5.585568e+01 -1.123204e+02
     vertex  3.500000e+01  5.524064e+01 -1.127449e+02
     vertex  3.500000e+01  5.585568e+01 -1.123204e+02
   endloop
 endfacet
 facet normal  4.012103e-15 -7.485107e-01  6.631227e-01
   outer loop
     vertex  3.000000e+01  5.585568e+01 -1.123204e+02
     vertex  3.500000e+01  5.585568e+01 -1.123204e+02
     vertex  3.000000e+01  5.635125e+01 -1.117610e+02
   endloop
 endfacet
 facet normal  4.678122e-15 -5.680647e-01  8.229839e-01
   outer loop
     vertex  3.000000e+01  5.524064e+01 -1.127449e+02
     vertex  3.500000e+01  5.524064e+01 -1.127449e+02
     vertex  3.000000e+01  5.585568e+01 -1.123204e+02
   endloop
 endfacet
 facet normal  5.314952e-15 -3.546049e-01  9.350162e-01
   outer loop
     vertex  3.000000e+01  5.454188e+01 -1.130099e+02
     vertex  3.500000e+01  5.454188e+01 -1.130099e+02
     vertex  3.500000e+01  5.524064e+01 -1.127449e+02
   endloop
 endfacet
 facet normal  5.642897e-15 -1.205367e-01  9.927089e-01
   outer loop
     vertex  3.000000e+01  5.454188e+01 -1.130099e+02
     vertex  3.500000e+01  5.380000e+01 -1.131000e+02
     vertex  3.500000e+01  5.454188e+01 -1.130099e+02
   endloop
 endfacet
 facet normal  5.310988e-15 -3.546049e-01  9.350162e-01
   outer loop
     vertex  3.000000e+01  5.454188e+01 -1.130099e+02
     vertex  3.500000e+01  5.524064e+01 -1.127449e+02
     vertex  3.000000e+01  5.524064e+01 -1.127449e+02
   endloop
 endfacet
 facet normal  5.642897e-15 -1.205367e-01  9.927089e-01
   outer loop
     vertex  3.000000e+01  5.380000e+01 -1.131000e+02
     vertex  3.500000e+01  5.380000e+01 -1.131000e+02
     vertex  3.000000e+01  5.454188e+01 -1.130099e+02
   endloop
 endfacet
 facet normal -2.822623e-15 -1.205367e-01 -9.927089e-01
   outer loop
     vertex  3.000000e+01  5.454188e+01 -7.699008e+01
     vertex  3.500000e+01  5.380000e+01 -7.690000e+01
     vertex  3.000000e+01  5.380000e+01 -7.690000e+01
   endloop
 endfacet
 facet normal -5.642897e-15 -1.205367e-01 -9.927089e-01
   outer loop
     vertex  3.000000e+01  5.454188e+01 -7.699008e+01
     vertex  3.500000e+01  5.454188e+01 -7.699008e+01
     vertex  3.500000e+01  5.380000e+01 -7.690000e+01
   endloop
 endfacet
 facet normal -5.314952e-15 -3.546049e-01 -9.350162e-01
   outer loop
     vertex  3.000000e+01  5.454188e+01 -7.699008e+01
     vertex  3.500000e+01  5.524064e+01 -7.725509e+01
     vertex  3.500000e+01  5.454188e+01 -7.699008e+01
   endloop
 endfacet
 facet normal -2.339061e-15 -5.680647e-01 -8.229839e-01
   outer loop
     vertex  3.000000e+01  5.524064e+01 -7.725509e+01
     vertex  3.500000e+01  5.585568e+01 -7.767962e+01
     vertex  3.500000e+01  5.524064e+01 -7.725509e+01
   endloop
 endfacet
 facet normal -2.657476e-15 -3.546049e-01 -9.350162e-01
   outer loop
     vertex  3.000000e+01  5.524064e+01 -7.725509e+01
     vertex  3.500000e+01  5.524064e+01 -7.725509e+01
     vertex  3.000000e+01  5.454188e+01 -7.699008e+01
   endloop
 endfacet
 facet normal -3.769416e-15 -7.485107e-01 -6.631227e-01
   outer loop
     vertex  3.000000e+01  5.585568e+01 -7.767962e+01
     vertex  3.500000e+01  5.635125e+01 -7.823900e+01
     vertex  3.500000e+01  5.585568e+01 -7.767962e+01
   endloop
 endfacet
 facet normal -4.678122e-15 -5.680647e-01 -8.229839e-01
   outer loop
     vertex  3.000000e+01  5.585568e+01 -7.767962e+01
     vertex  3.500000e+01  5.585568e+01 -7.767962e+01
     vertex  3.000000e+01  5.524064e+01 -7.725509e+01
   endloop
 endfacet
 facet normal -2.641645e-15 -8.854560e-01 -4.647232e-01
   outer loop
     vertex  3.000000e+01  5.635125e+01 -7.823900e+01
     vertex  3.500000e+01  5.669855e+01 -7.890072e+01
     vertex  3.500000e+01  5.635125e+01 -7.823900e+01
   endloop
 endfacet
 facet normal -3.769416e-15 -7.485107e-01 -6.631227e-01
   outer loop
     vertex  3.000000e+01  5.635125e+01 -7.823900e+01
     vertex  3.500000e+01  5.635125e+01 -7.823900e+01
     vertex  3.000000e+01  5.585568e+01 -7.767962e+01
   endloop
 endfacet
 facet normal -6.801760e-16 -9.709418e-01 -2.393157e-01
   outer loop
     vertex  3.000000e+01  5.669855e+01 -7.890072e+01
     vertex  3.500000e+01  5.687740e+01 -7.962634e+01
     vertex  3.500000e+01  5.669855e+01 -7.890072e+01
   endloop
 endfacet
 facet normal -1.320823e-15 -8.854560e-01 -4.647232e-01
   outer loop
     vertex  3.000000e+01  5.669855e+01 -7.890072e+01
     vertex  3.500000e+01  5.669855e+01 -7.890072e+01
     vertex  3.000000e+01  5.635125e+01 -7.823900e+01
   endloop
 endfacet
 facet normal  0.000000e+00 -1.000000e+00  0.000000e+00
   outer loop
     vertex  3.000000e+01  5.687740e+01 -7.962634e+01
     vertex  3.500000e+01  5.687740e+01 -8.037366e+01
     vertex  3.500000e+01  5.687740e+01 -7.962634e+01
   endloop
 endfacet
 facet normal -6.801760e-16 -9.709418e-01 -2.393157e-01
   outer loop
     vertex  3.000000e+01  5.687740e+01 -7.962634e+01
     vertex  3.500000e+01  5.687740e+01 -7.962634e+01
     vertex  3.000000e+01  5.669855e+01 -7.890072e+01
   endloop
 endfacet
 facet normal  0.000000e+00 -1.000000e+00  0.000000e+00
   outer loop
     vertex  3.000000e+01  5.687740e+01 -8.037366e+01
     vertex  3.500000e+01  5.687740e+01 -8.037366e+01
     vertex  3.000000e+01  5.687740e+01 -7.962634e+01
   endloop
 endfacet
 facet normal  1.360352e-15 -9.709418e-01  2.393157e-01
   outer loop
     vertex  3.000000e+01  5.669855e+01 -8.109928e+01
     vertex  3.500000e+01  5.669855e+01 -8.109928e+01
     vertex  3.500000e+01  5.687740e+01 -8.037366e+01
   endloop
 endfacet
 facet normal  2.641645e-15 -8.854560e-01  4.647232e-01
   outer loop
     vertex  3.000000e+01  5.669855e+01 -8.109928e+01
     vertex  3.500000e+01  5.635125e+01 -8.176100e+01
     vertex  3.500000e+01  5.669855e+01 -8.109928e+01
   endloop
 endfacet
 facet normal  1.366744e-15 -9.709418e-01  2.393157e-01
   outer loop
     vertex  3.000000e+01  5.669855e+01 -8.109928e+01
     vertex  3.500000e+01  5.687740e+01 -8.037366e+01
     vertex  3.000000e+01  5.687740e+01 -8.037366e+01
   endloop
 endfacet
 facet normal  3.769416e-15 -7.485107e-01  6.631227e-01
   outer loop
     vertex  3.000000e+01  5.635125e+01 -8.176100e+01
     vertex  3.500000e+01  5.585568e+01 -8.232038e+01
     vertex  3.500000e+01  5.635125e+01 -8.176100e+01
   endloop
 endfacet
 facet normal  2.641645e-15 -8.854560e-01  4.647232e-01
   outer loop
     vertex  3.000000e+01  5.635125e+01 -8.176100e+01
     vertex  3.500000e+01  5.635125e+01 -8.176100e+01
     vertex  3.000000e+01  5.669855e+01 -8.109928e+01
   endloop
 endfacet
 facet normal  3.953598e-15 -5.680647e-01  8.229839e-01
   outer loop
     vertex  3.000000e+01  5.585568e+01 -8.232038e+01
     vertex  3.500000e+01  5.524064e+01 -8.274491e+01
     vertex  3.500000e+01  5.585568e+01 -8.232038e+01
   endloop
 endfacet
 facet normal  4.012103e-15 -7.485107e-01  6.631227e-01
   outer loop
     vertex  3.000000e+01  5.585568e+01 -8.232038e+01
     vertex  3.500000e+01  5.585568e+01 -8.232038e+01
     vertex  3.000000e+01  5.635125e+01 -8.176100e+01
   endloop
 endfacet
 facet normal  4.678122e-15 -5.680647e-01  8.229839e-01
   outer loop
     vertex  3.000000e+01  5.524064e+01 -8.274491e+01
     vertex  3.500000e+01  5.524064e+01 -8.274491e+01
     vertex  3.000000e+01  5.585568e+01 -8.232038e+01
   endloop
 endfacet
 facet normal  5.314952e-15 -3.546049e-01  9.350162e-01
   outer loop
     vertex  3.000000e+01  5.454188e+01 -8.300992e+01
     vertex  3.500000e+01  5.454188e+01 -8.300992e+01
     vertex  3.500000e+01  5.524064e+01 -8.274491e+01
   endloop
 endfacet
 facet normal  5.642897e-15 -1.205367e-01  9.927089e-01
   outer loop
     vertex  3.000000e+01  5.454188e+01 -8.300992e+01
     vertex  3.500000e+01  5.380000e+01 -8.310000e+01
     vertex  3.500000e+01  5.454188e+01 -8.300992e+01
   endloop
 endfacet
 facet normal  5.310988e-15 -3.546049e-01  9.350162e-01
   outer loop
     vertex  3.000000e+01  5.454188e+01 -8.300992e+01
     vertex  3.500000e+01  5.524064e+01 -8.274491e+01
     vertex  3.000000e+01  5.524064e+01 -8.274491e+01
   endloop
 endfacet
 facet normal  5.642897e-15 -1.205367e-01  9.927089e-01
   outer loop
     vertex  3.000000e+01  5.380000e+01 -8.310000e+01
     vertex  3.500000e+01  5.380000e+01 -8.310000e+01
     vertex  3.000000e+01  5.454188e+01 -8.300992e+01
   endloop
 endfacet
 facet normal -5.642897e-15 -1.205367e-01 -9.927089e-01
   outer loop
     vertex  3.000000e+01  3.380000e+01 -1.069000e+02
     vertex  3.500000e+01  3.454188e+01 -1.069901e+02
     vertex  3.500000e+01  3.380000e+01 -1.069000e+02
   endloop
 endfacet
 facet normal -5.314952e-15 -3.546049e-01 -9.350162e-01
   outer loop
     vertex  3.000000e+01  3.454188e+01 -1.069901e+02
     vertex  3.500000e+01  3.524064e+01 -1.072551e+02
     vertex  3.500000e+01  3.454188e+01 -1.069901e+02
   endloop
 endfacet
 facet normal -5.642897e-15 -1.205367e-01 -9.927089e-01
   outer loop
     vertex  3.000000e+01  3.454188e+01 -1.069901e+02
     vertex  3.500000e+01  3.454188e+01 -1.069901e+02
     vertex  3.000000e+01  3.380000e+01 -1.069000e+02
   endloop
 endfacet
 facet normal -6.322800e-15 -3.546049e-01 -9.350162e-01
   outer loop
     vertex  3.000000e+01  3.524064e+01 -1.072551e+02
     vertex  3.500000e+01  3.524064e+01 -1.072551e+02
     vertex  3.000000e+01  3.454188e+01 -1.069901e+02
   endloop
 endfacet
 facet normal -4.678122e-15 -5.680647e-01 -8.229839e-01
   outer loop
     vertex  3.000000e+01  3.585568e+01 -1.076796e+02
     vertex  3.500000e+01  3.585568e+01 -1.076796e+02
     vertex  3.500000e+01  3.524064e+01 -1.072551e+02
   endloop
 endfacet
 facet normal -3.769416e-15 -7.485107e-01 -6.631227e-01
   outer loop
     vertex  3.000000e+01  3.585568e+01 -1.076796e+02
     vertex  3.500000e+01  3.635125e+01 -1.082390e+02
     vertex  3.500000e+01  3.585568e+01 -1.076796e+02
   endloop
 endfacet
 facet normal -6.284051e-15 -5.680647e-01 -8.229839e-01
   outer loop
     vertex  3.000000e+01  3.585568e+01 -1.076796e+02
     vertex  3.500000e+01  3.524064e+01 -1.072551e+02
     vertex  3.000000e+01  3.524064e+01 -1.072551e+02
   endloop
 endfacet
 facet normal -5.158263e-15 -8.854560e-01 -4.647232e-01
   outer loop
     vertex  3.000000e+01  3.635125e+01 -1.082390e+02
     vertex  3.500000e+01  3.669855e+01 -1.089007e+02
     vertex  3.500000e+01  3.635125e+01 -1.082390e+02
   endloop
 endfacet
 facet normal -5.896811e-15 -7.485107e-01 -6.631227e-01
   outer loop
     vertex  3.000000e+01  3.635125e+01 -1.082390e+02
     vertex  3.500000e+01  3.635125e+01 -1.082390e+02
     vertex  3.000000e+01  3.585568e+01 -1.076796e+02
   endloop
 endfacet
 facet normal -1.320823e-15 -8.854560e-01 -4.647232e-01
   outer loop
     vertex  3.000000e+01  3.669855e+01 -1.089007e+02
     vertex  3.500000e+01  3.669855e+01 -1.089007e+02
     vertex  3.000000e+01  3.635125e+01 -1.082390e+02
   endloop
 endfacet
 facet normal -6.801760e-16 -9.709418e-01 -2.393157e-01
   outer loop
     vertex  3.000000e+01  3.687740e+01 -1.096263e+02
     vertex  3.500000e+01  3.687740e+01 -1.096263e+02
     vertex  3.500000e+01  3.669855e+01 -1.089007e+02
   endloop
 endfacet
 facet normal  0.000000e+00 -1.000000e+00  0.000000e+00
   outer loop
     vertex  3.000000e+01  3.687740e+01 -1.096263e+02
     vertex  3.500000e+01  3.687740e+01 -1.103737e+02
     vertex  3.500000e+01  3.687740e+01 -1.096263e+02
   endloop
 endfacet
 facet normal -6.833719e-16 -9.709418e-01 -2.393157e-01
   outer loop
     vertex  3.000000e+01  3.687740e+01 -1.096263e+02
     vertex  3.500000e+01  3.669855e+01 -1.089007e+02
     vertex  3.000000e+01  3.669855e+01 -1.089007e+02
   endloop
 endfacet
 facet normal  1.360352e-15 -9.709418e-01  2.393157e-01
   outer loop
     vertex  3.000000e+01  3.687740e+01 -1.103737e+02
     vertex  3.500000e+01  3.669855e+01 -1.110993e+02
     vertex  3.500000e+01  3.687740e+01 -1.103737e+02
   endloop
 endfacet
 facet normal  0.000000e+00 -1.000000e+00  0.000000e+00
   outer loop
     vertex  3.000000e+01  3.687740e+01 -1.103737e+02
     vertex  3.500000e+01  3.687740e+01 -1.103737e+02
     vertex  3.000000e+01  3.687740e+01 -1.096263e+02
   endloop
 endfacet
 facet normal  1.360352e-15 -9.709418e-01  2.393157e-01
   outer loop
     vertex  3.000000e+01  3.669855e+01 -1.110993e+02
     vertex  3.500000e+01  3.669855e+01 -1.110993e+02
     vertex  3.000000e+01  3.687740e+01 -1.103737e+02
   endloop
 endfacet
 facet normal  1.320823e-15 -8.854560e-01  4.647232e-01
   outer loop
     vertex  3.000000e+01  3.635125e+01 -1.117610e+02
     vertex  3.500000e+01  3.635125e+01 -1.117610e+02
     vertex  3.500000e+01  3.669855e+01 -1.110993e+02
   endloop
 endfacet
 facet normal  1.884708e-15 -7.485107e-01  6.631227e-01
   outer loop
     vertex  3.000000e+01  3.635125e+01 -1.117610e+02
     vertex  3.500000e+01  3.585568e+01 -1.123204e+02
     vertex  3.500000e+01  3.635125e+01 -1.117610e+02
   endloop
 endfacet
 facet normal  2.644352e-15 -8.854560e-01  4.647232e-01
   outer loop
     vertex  3.000000e+01  3.635125e+01 -1.117610e+02
     vertex  3.500000e+01  3.669855e+01 -1.110993e+02
     vertex  3.000000e+01  3.669855e+01 -1.110993e+02
   endloop
 endfacet
 facet normal  2.339061e-15 -5.680647e-01  8.229839e-01
   outer loop
     vertex  3.000000e+01  3.585568e+01 -1.123204e+02
     vertex  3.500000e+01  3.524064e+01 -1.127449e+02
     vertex  3.500000e+01  3.585568e+01 -1.123204e+02
   endloop
 endfacet
 facet normal  1.884708e-15 -7.485107e-01  6.631227e-01
   outer loop
     vertex  3.000000e+01  3.585568e+01 -1.123204e+02
     vertex  3.500000e+01  3.585568e+01 -1.123204e+02
     vertex  3.000000e+01  3.635125e+01 -1.117610e+02
   endloop
 endfacet
 facet normal  4.678122e-15 -5.680647e-01  8.229839e-01
   outer loop
     vertex  3.000000e+01  3.524064e+01 -1.127449e+02
     vertex  3.500000e+01  3.524064e+01 -1.127449e+02
     vertex  3.000000e+01  3.585568e+01 -1.123204e+02
   endloop
 endfacet
 facet normal  5.314952e-15 -3.546049e-01  9.350162e-01
   outer loop
     vertex  3.000000e+01  3.454188e+01 -1.130099e+02
     vertex  3.500000e+01  3.454188e+01 -1.130099e+02
     vertex  3.500000e+01  3.524064e+01 -1.127449e+02
   endloop
 endfacet
 facet normal  5.642897e-15 -1.205367e-01  9.927089e-01
   outer loop
     vertex  3.000000e+01  3.454188e+01 -1.130099e+02
     vertex  3.500000e+01  3.380000e+01 -1.131000e+02
     vertex  3.500000e+01  3.454188e+01 -1.130099e+02
   endloop
 endfacet
 facet normal  5.310988e-15 -3.546049e-01  9.350162e-01
   outer loop
     vertex  3.000000e+01  3.454188e+01 -1.130099e+02
     vertex  3.500000e+01  3.524064e+01 -1.127449e+02
     vertex  3.000000e+01  3.524064e+01 -1.127449e+02
   endloop
 endfacet
 facet normal  5.642897e-15 -1.205367e-01  9.927089e-01
   outer loop
     vertex  3.000000e+01  3.380000e+01 -1.131000e+02
     vertex  3.500000e+01  3.380000e+01 -1.131000e+02
     vertex  3.000000e+01  3.454188e+01 -1.130099e+02
   endloop
 endfacet
 facet normal  9.927089e-01 -0.000000e+00  1.205367e-01
   outer loop
     vertex  4.190000e+01  8.800000e+00 -8.000000e+01
     vertex  4.199008e+01  1.380000e+01 -8.074188e+01
     vertex  4.190000e+01  1.380000e+01 -8.000000e+01
   endloop
 endfacet
 facet normal  9.350162e-01 -0.000000e+00  3.546049e-01
   outer loop
     vertex  4.199008e+01  8.800000e+00 -8.074188e+01
     vertex  4.225509e+01  1.380000e+01 -8.144064e+01
     vertex  4.199008e+01  1.380000e+01 -8.074188e+01
   endloop
 endfacet
 facet normal  9.927089e-01 -0.000000e+00  1.205367e-01
   outer loop
     vertex  4.199008e+01  8.800000e+00 -8.074188e+01
     vertex  4.199008e+01  1.380000e+01 -8.074188e+01
     vertex  4.190000e+01  8.800000e+00 -8.000000e+01
   endloop
 endfacet
 facet normal  9.350162e-01 -0.000000e+00  3.546049e-01
   outer loop
     vertex  4.225509e+01  8.800000e+00 -8.144064e+01
     vertex  4.225509e+01  1.380000e+01 -8.144064e+01
     vertex  4.199008e+01  8.800000e+00 -8.074188e+01
   endloop
 endfacet
 facet normal  8.229839e-01 -0.000000e+00  5.680647e-01
   outer loop
     vertex  4.267962e+01  8.800000e+00 -8.205568e+01
     vertex  4.267962e+01  1.380000e+01 -8.205568e+01
     vertex  4.225509e+01  1.380000e+01 -8.144064e+01
   endloop
 endfacet
 facet normal  6.631227e-01 -0.000000e+00  7.485107e-01
   outer loop
     vertex  4.267962e+01  8.800000e+00 -8.205568e+01
     vertex  4.323900e+01  1.380000e+01 -8.255125e+01
     vertex  4.267962e+01  1.380000e+01 -8.205568e+01
   endloop
 endfacet
 facet normal  8.229839e-01  0.000000e+00  5.680647e-01
   outer loop
     vertex  4.267962e+01  8.800000e+00 -8.205568e+01
     vertex  4.225509e+01  1.380000e+01 -8.144064e+01
     vertex  4.225509e+01  8.800000e+00 -8.144064e+01
   endloop
 endfacet
 facet normal  4.647232e-01 -2.516617e-15  8.854560e-01
   outer loop
     vertex  4.323900e+01  8.800000e+00 -8.255125e+01
     vertex  4.390072e+01  1.380000e+01 -8.289855e+01
     vertex  4.323900e+01  1.380000e+01 -8.255125e+01
   endloop
 endfacet
 facet normal  6.631227e-01 -2.127395e-15  7.485107e-01
   outer loop
     vertex  4.323900e+01  8.800000e+00 -8.255125e+01
     vertex  4.323900e+01  1.380000e+01 -8.255125e+01
     vertex  4.267962e+01  8.800000e+00 -8.205568e+01
   endloop
 endfacet
 facet normal  4.647232e-01  1.320823e-15  8.854560e-01
   outer loop
     vertex  4.390072e+01  8.800000e+00 -8.289855e+01
     vertex  4.390072e+01  1.380000e+01 -8.289855e+01
     vertex  4.323900e+01  8.800000e+00 -8.255125e+01
   endloop
 endfacet
 facet normal  2.393157e-01  3.400880e-16  9.709418e-01
   outer loop
     vertex  4.462634e+01  8.800000e+00 -8.307740e+01
     vertex  4.462634e+01  1.380000e+01 -8.307740e+01
     vertex  4.390072e+01  1.380000e+01 -8.289855e+01
   endloop
 endfacet
 facet normal  0.000000e+00 -0.000000e+00  1.000000e+00
   outer loop
     vertex  4.462634e+01  8.800000e+00 -8.307740e+01
     vertex  4.537366e+01  1.380000e+01 -8.307740e+01
     vertex  4.462634e+01  1.380000e+01 -8.307740e+01
   endloop
 endfacet
 facet normal  2.393157e-01  6.833719e-16  9.709418e-01
   outer loop
     vertex  4.462634e+01  8.800000e+00 -8.307740e+01
     vertex  4.390072e+01  1.380000e+01 -8.289855e+01
     vertex  4.390072e+01  8.800000e+00 -8.289855e+01
   endloop
 endfacet
 facet normal -2.393157e-01 -3.400880e-16  9.709418e-01
   outer loop
     vertex  4.537366e+01  8.800000e+00 -8.307740e+01
     vertex  4.609928e+01  1.380000e+01 -8.289855e+01
     vertex  4.537366e+01  1.380000e+01 -8.307740e+01
   endloop
 endfacet
 facet normal  0.000000e+00  0.000000e+00  1.000000e+00
   outer loop
     vertex  4.537366e+01  8.800000e+00 -8.307740e+01
     vertex  4.537366e+01  1.380000e+01 -8.307740e+01
     vertex  4.462634e+01  8.800000e+00 -8.307740e+01
   endloop
 endfacet
 facet normal -2.393157e-01 -6.801760e-16  9.709418e-01
   outer loop
     vertex  4.609928e+01  8.800000e+00 -8.289855e+01
     vertex  4.609928e+01  1.380000e+01 -8.289855e+01
     vertex  4.537366e+01  8.800000e+00 -8.307740e+01
   endloop
 endfacet
 facet normal -4.647232e-01  0.000000e+00  8.854560e-01
   outer loop
     vertex  4.676100e+01  8.800000e+00 -8.255125e+01
     vertex  4.676100e+01  1.380000e+01 -8.255125e+01
     vertex  4.609928e+01  1.380000e+01 -8.289855e+01
   endloop
 endfacet
 facet normal -6.631227e-01  0.000000e+00  7.485107e-01
   outer loop
     vertex  4.676100e+01  8.800000e+00 -8.255125e+01
     vertex  4.732038e+01  1.380000e+01 -8.205568e+01
     vertex  4.676100e+01  1.380000e+01 -8.255125e+01
   endloop
 endfacet
 facet normal -4.647232e-01 -1.322176e-15  8.854560e-01
   outer loop
     vertex  4.676100e+01  8.800000e+00 -8.255125e+01
     vertex  4.609928e+01  1.380000e+01 -8.289855e+01
     vertex  4.609928e+01  8.800000e+00 -8.289855e+01
   endloop
 endfacet
 facet normal -8.229839e-01  0.000000e+00  5.680647e-01
   outer loop
     vertex  4.732038e+01  8.800000e+00 -8.205568e+01
     vertex  4.774491e+01  1.380000e+01 -8.144064e+01
     vertex  4.732038e+01  1.380000e+01 -8.205568e+01
   endloop
 endfacet
 facet normal -6.631227e-01  0.000000e+00  7.485107e-01
   outer loop
     vertex  4.732038e+01  8.800000e+00 -8.205568e+01
     vertex  4.732038e+01  1.380000e+01 -8.205568e+01
     vertex  4.676100e+01  8.800000e+00 -8.255125e+01
   endloop
 endfacet
 facet normal -8.229839e-01 -1.169530e-15  5.680647e-01
   outer loop
     vertex  4.774491e+01  8.800000e+00 -8.144064e+01
     vertex  4.774491e+01  1.380000e+01 -8.144064e+01
     vertex  4.732038e+01  8.800000e+00 -8.205568e+01
   endloop
 endfacet
 facet normal -9.350162e-01  0.000000e+00  3.546049e-01
   outer loop
     vertex  4.800992e+01  8.800000e+00 -8.074188e+01
     vertex  4.800992e+01  1.380000e+01 -8.074188e+01
     vertex  4.774491e+01  1.380000e+01 -8.144064e+01
   endloop
 endfacet
 facet normal -9.927089e-01  0.000000e+00  1.205367e-01
   outer loop
     vertex  4.800992e+01  8.800000e+00 -8.074188e+01
     vertex  4.810000e+01  1.380000e+01 -8.000000e+01
     vertex  4.800992e+01  1.380000e+01 -8.074188e+01
   endloop
 endfacet
 facet normal -9.350162e-01 -1.329604e-15  3.546049e-01
   outer loop
     vertex  4.800992e+01  8.800000e+00 -8.074188e+01
     vertex  4.774491e+01  1.380000e+01 -8.144064e+01
     vertex  4.774491e+01  8.800000e+00 -8.144064e+01
   endloop
 endfacet
 facet normal -9.927089e-01  0.000000e+00  1.205367e-01
   outer loop
     vertex  4.810000e+01  8.800000e+00 -8.000000e+01
     vertex  4.810000e+01  1.380000e+01 -8.000000e+01
     vertex  4.800992e+01  8.800000e+00 -8.074188e+01
   endloop
 endfacet
 facet normal  9.927089e-01 -0.000000e+00  1.205367e-01
   outer loop
     vertex  4.190000e+01  8.800000e+00 -1.100000e+02
     vertex  4.199008e+01  1.380000e+01 -1.107419e+02
     vertex  4.190000e+01  1.380000e+01 -1.100000e+02
   endloop
 endfacet
 facet normal  9.350162e-01 -0.000000e+00  3.546049e-01
   outer loop
     vertex  4.199008e+01  8.800000e+00 -1.107419e+02
     vertex  4.225509e+01  1.380000e+01 -1.114406e+02
     vertex  4.199008e+01  1.380000e+01 -1.107419e+02
   endloop
 endfacet
 facet normal  9.927089e-01 -0.000000e+00  1.205367e-01
   outer loop
     vertex  4.199008e+01  8.800000e+00 -1.107419e+02
     vertex  4.199008e+01  1.380000e+01 -1.107419e+02
     vertex  4.190000e+01  8.800000e+00 -1.100000e+02
   endloop
 endfacet
 facet normal  9.350162e-01 -0.000000e+00  3.546049e-01
   outer loop
     vertex  4.225509e+01  8.800000e+00 -1.114406e+02
     vertex  4.225509e+01  1.380000e+01 -1.114406e+02
     vertex  4.199008e+01  8.800000e+00 -1.107419e+02
   endloop
 endfacet
 facet normal  8.229839e-01 -0.000000e+00  5.680647e-01
   outer loop
     vertex  4.267962e+01  8.800000e+00 -1.120557e+02
     vertex  4.267962e+01  1.380000e+01 -1.120557e+02
     vertex  4.225509e+01  1.380000e+01 -1.114406e+02
   endloop
 endfacet
 facet normal  6.631227e-01 -0.000000e+00  7.485107e-01
   outer loop
     vertex  4.267962e+01  8.800000e+00 -1.120557e+02
     vertex  4.323900e+01  1.380000e+01 -1.125512e+02
     vertex  4.267962e+01  1.380000e+01 -1.120557e+02
   endloop
 endfacet
 facet normal  8.229839e-01  0.000000e+00  5.680647e-01
   outer loop
     vertex  4.267962e+01  8.800000e+00 -1.120557e+02
     vertex  4.225509e+01  1.380000e+01 -1.114406e+02
     vertex  4.225509e+01  8.800000e+00 -1.114406e+02
   endloop
 endfacet
 facet normal  4.647232e-01 -2.516617e-15  8.854560e-01
   outer loop
     vertex  4.323900e+01  8.800000e+00 -1.125512e+02
     vertex  4.390072e+01  1.380000e+01 -1.128986e+02
     vertex  4.323900e+01  1.380000e+01 -1.125512e+02
   endloop
 endfacet
 facet normal  6.631227e-01 -2.127395e-15  7.485107e-01
   outer loop
     vertex  4.323900e+01  8.800000e+00 -1.125512e+02
     vertex  4.323900e+01  1.380000e+01 -1.125512e+02
     vertex  4.267962e+01  8.800000e+00 -1.120557e+02
   endloop
 endfacet
 facet normal  4.647232e-01  6.604113e-16  8.854560e-01
   outer loop
     vertex  4.390072e+01  8.800000e+00 -1.128986e+02
     vertex  4.390072e+01  1.380000e+01 -1.128986e+02
     vertex  4.323900e+01  8.800000e+00 -1.125512e+02
   endloop
 endfacet
 facet normal  2.393157e-01  3.400880e-16  9.709418e-01
   outer loop
     vertex  4.462634e+01  8.800000e+00 -1.130774e+02
     vertex  4.462634e+01  1.380000e+01 -1.130774e+02
     vertex  4.390072e+01  1.380000e+01 -1.128986e+02
   endloop
 endfacet
 facet normal  0.000000e+00 -0.000000e+00  1.000000e+00
   outer loop
     vertex  4.462634e+01  8.800000e+00 -1.130774e+02
     vertex  4.537366e+01  1.380000e+01 -1.130774e+02
     vertex  4.462634e+01  1.380000e+01 -1.130774e+02
   endloop
 endfacet
 facet normal  2.393157e-01  3.416860e-16  9.709418e-01
   outer loop
     vertex  4.462634e+01  8.800000e+00 -1.130774e+02
     vertex  4.390072e+01  1.380000e+01 -1.128986e+02
     vertex  4.390072e+01  8.800000e+00 -1.128986e+02
   endloop
 endfacet
 facet normal -2.393157e-01 -3.400880e-16  9.709418e-01
   outer loop
     vertex  4.537366e+01  8.800000e+00 -1.130774e+02
     vertex  4.609928e+01  1.380000e+01 -1.128986e+02
     vertex  4.537366e+01  1.380000e+01 -1.130774e+02
   endloop
 endfacet
 facet normal  0.000000e+00  0.000000e+00  1.000000e+00
   outer loop
     vertex  4.537366e+01  8.800000e+00 -1.130774e+02
     vertex  4.537366e+01  1.380000e+01 -1.130774e+02
     vertex  4.462634e+01  8.800000e+00 -1.130774e+02
   endloop
 endfacet
 facet normal -2.393157e-01 -6.801760e-16  9.709418e-01
   outer loop
     vertex  4.609928e+01  8.800000e+00 -1.128986e+02
     vertex  4.609928e+01  1.380000e+01 -1.128986e+02
     vertex  4.537366e+01  8.800000e+00 -1.130774e+02
   endloop
 endfacet
 facet normal -4.647232e-01  0.000000e+00  8.854560e-01
   outer loop
     vertex  4.676100e+01  8.800000e+00 -1.125512e+02
     vertex  4.676100e+01  1.380000e+01 -1.125512e+02
     vertex  4.609928e+01  1.380000e+01 -1.128986e+02
   endloop
 endfacet
 facet normal -6.631227e-01  0.000000e+00  7.485107e-01
   outer loop
     vertex  4.676100e+01  8.800000e+00 -1.125512e+02
     vertex  4.732038e+01  1.380000e+01 -1.120557e+02
     vertex  4.676100e+01  1.380000e+01 -1.125512e+02
   endloop
 endfacet
 facet normal -4.647232e-01 -1.322176e-15  8.854560e-01
   outer loop
     vertex  4.676100e+01  8.800000e+00 -1.125512e+02
     vertex  4.609928e+01  1.380000e+01 -1.128986e+02
     vertex  4.609928e+01  8.800000e+00 -1.128986e+02
   endloop
 endfacet
 facet normal -8.229839e-01 -1.169530e-15  5.680647e-01
   outer loop
     vertex  4.732038e+01  8.800000e+00 -1.120557e+02
     vertex  4.774491e+01  1.380000e+01 -1.114406e+02
     vertex  4.732038e+01  1.380000e+01 -1.120557e+02
   endloop
 endfacet
 facet normal -6.631227e-01 -9.423540e-16  7.485107e-01
   outer loop
     vertex  4.732038e+01  8.800000e+00 -1.120557e+02
     vertex  4.732038e+01  1.380000e+01 -1.120557e+02
     vertex  4.676100e+01  8.800000e+00 -1.125512e+02
   endloop
 endfacet
 facet normal -8.229839e-01 -7.245237e-16  5.680647e-01
   outer loop
     vertex  4.774491e+01  8.800000e+00 -1.114406e+02
     vertex  4.774491e+01  1.380000e+01 -1.114406e+02
     vertex  4.732038e+01  8.800000e+00 -1.120557e+02
   endloop
 endfacet
 facet normal -9.350162e-01  0.000000e+00  3.546049e-01
   outer loop
     vertex  4.800992e+01  8.800000e+00 -1.107419e+02
     vertex  4.800992e+01  1.380000e+01 -1.107419e+02
     vertex  4.774491e+01  1.380000e+01 -1.114406e+02
   endloop
 endfacet
 facet normal -9.927089e-01  0.000000e+00  1.205367e-01
   outer loop
     vertex  4.800992e+01  8.800000e+00 -1.107419e+02
     vertex  4.810000e+01  1.380000e+01 -1.100000e+02
     vertex  4.800992e+01  1.380000e+01 -1.107419e+02
   endloop
 endfacet
 facet normal -9.350162e-01 -1.649006e-15  3.546049e-01
   outer loop
     vertex  4.800992e+01  8.800000e+00 -1.107419e+02
     vertex  4.774491e+01  1.380000e+01 -1.114406e+02
     vertex  4.774491e+01  8.800000e+00 -1.114406e+02
   endloop
 endfacet
 facet normal -9.927089e-01  0.000000e+00  1.205367e-01
   outer loop
     vertex  4.810000e+01  8.800000e+00 -1.100000e+02
     vertex  4.810000e+01  1.380000e+01 -1.100000e+02
     vertex  4.800992e+01  8.800000e+00 -1.107419e+02
   endloop
 endfacet
 facet normal  9.927089e-01 -0.000000e+00  1.205367e-01
   outer loop
     vertex  7.190000e+01  8.800000e+00 -1.100000e+02
     vertex  7.199008e+01  1.380000e+01 -1.107419e+02
     vertex  7.190000e+01  1.380000e+01 -1.100000e+02
   endloop
 endfacet
 facet normal  9.350162e-01 -1.007848e-15  3.546049e-01
   outer loop
     vertex  7.199008e+01  8.800000e+00 -1.107419e+02
     vertex  7.225509e+01  1.380000e+01 -1.114406e+02
     vertex  7.199008e+01  1.380000e+01 -1.107419e+02
   endloop
 endfacet
 facet normal  9.927089e-01 -3.425859e-16  1.205367e-01
   outer loop
     vertex  7.199008e+01  8.800000e+00 -1.107419e+02
     vertex  7.199008e+01  1.380000e+01 -1.107419e+02
     vertex  7.190000e+01  8.800000e+00 -1.100000e+02
   endloop
 endfacet
 facet normal  9.350162e-01 -0.000000e+00  3.546049e-01
   outer loop
     vertex  7.225509e+01  8.800000e+00 -1.114406e+02
     vertex  7.225509e+01  1.380000e+01 -1.114406e+02
     vertex  7.199008e+01  8.800000e+00 -1.107419e+02
   endloop
 endfacet
 facet normal  8.229839e-01  2.339061e-15  5.680647e-01
   outer loop
     vertex  7.267962e+01  8.800000e+00 -1.120557e+02
     vertex  7.267962e+01  1.380000e+01 -1.120557e+02
     vertex  7.225509e+01  1.380000e+01 -1.114406e+02
   endloop
 endfacet
 facet normal  6.631227e-01  1.884708e-15  7.485107e-01
   outer loop
     vertex  7.267962e+01  8.800000e+00 -1.120557e+02
     vertex  7.323900e+01  1.380000e+01 -1.125512e+02
     vertex  7.267962e+01  1.380000e+01 -1.120557e+02
   endloop
 endfacet
 facet normal  8.229839e-01  0.000000e+00  5.680647e-01
   outer loop
     vertex  7.267962e+01  8.800000e+00 -1.120557e+02
     vertex  7.225509e+01  1.380000e+01 -1.114406e+02
     vertex  7.225509e+01  8.800000e+00 -1.114406e+02
   endloop
 endfacet
 facet normal  4.647232e-01 -2.516617e-15  8.854560e-01
   outer loop
     vertex  7.323900e+01  8.800000e+00 -1.125512e+02
     vertex  7.390072e+01  1.380000e+01 -1.128986e+02
     vertex  7.323900e+01  1.380000e+01 -1.125512e+02
   endloop
 endfacet
 facet normal  6.631227e-01 -2.127395e-15  7.485107e-01
   outer loop
     vertex  7.323900e+01  8.800000e+00 -1.125512e+02
     vertex  7.323900e+01  1.380000e+01 -1.125512e+02
     vertex  7.267962e+01  8.800000e+00 -1.120557e+02
   endloop
 endfacet
 facet normal  4.647232e-01 -0.000000e+00  8.854560e-01
   outer loop
     vertex  7.390072e+01  8.800000e+00 -1.128986e+02
     vertex  7.390072e+01  1.380000e+01 -1.128986e+02
     vertex  7.323900e+01  8.800000e+00 -1.125512e+02
   endloop
 endfacet
 facet normal  2.393157e-01 -0.000000e+00  9.709418e-01
   outer loop
     vertex  7.462634e+01  8.800000e+00 -1.130774e+02
     vertex  7.462634e+01  1.380000e+01 -1.130774e+02
     vertex  7.390072e+01  1.380000e+01 -1.128986e+02
   endloop
 endfacet
 facet normal  1.901557e-14 -0.000000e+00  1.000000e+00
   outer loop
     vertex  7.462634e+01  8.800000e+00 -1.130774e+02
     vertex  7.537366e+01  1.380000e+01 -1.130774e+02
     vertex  7.462634e+01  1.380000e+01 -1.130774e+02
   endloop
 endfacet
 facet normal  2.393157e-01  0.000000e+00  9.709418e-01
   outer loop
     vertex  7.462634e+01  8.800000e+00 -1.130774e+02
     vertex  7.390072e+01  1.380000e+01 -1.128986e+02
     vertex  7.390072e+01  8.800000e+00 -1.128986e+02
   endloop
 endfacet
 facet normal -2.393157e-01 -1.360352e-15  9.709418e-01
   outer loop
     vertex  7.537366e+01  8.800000e+00 -1.130774e+02
     vertex  7.609928e+01  1.380000e+01 -1.128986e+02
     vertex  7.537366e+01  1.380000e+01 -1.130774e+02
   endloop
 endfacet
 facet normal  1.901557e-14  1.080910e-28  1.000000e+00
   outer loop
     vertex  7.537366e+01  8.800000e+00 -1.130774e+02
     vertex  7.537366e+01  1.380000e+01 -1.130774e+02
     vertex  7.462634e+01  8.800000e+00 -1.130774e+02
   endloop
 endfacet
 facet normal -2.393157e-01  0.000000e+00  9.709418e-01
   outer loop
     vertex  7.609928e+01  8.800000e+00 -1.128986e+02
     vertex  7.609928e+01  1.380000e+01 -1.128986e+02
     vertex  7.537366e+01  8.800000e+00 -1.130774e+02
   endloop
 endfacet
 facet normal -4.647232e-01  0.000000e+00  8.854560e-01
   outer loop
     vertex  7.676100e+01  8.800000e+00 -1.125512e+02
     vertex  7.676100e+01  1.380000e+01 -1.125512e+02
     vertex  7.609928e+01  1.380000e+01 -1.128986e+02
   endloop
 endfacet
 facet normal -6.631227e-01  0.000000e+00  7.485107e-01
   outer loop
     vertex  7.676100e+01  8.800000e+00 -1.125512e+02
     vertex  7.732038e+01  1.380000e+01 -1.120557e+02
     vertex  7.676100e+01  1.380000e+01 -1.125512e+02
   endloop
 endfacet
 facet normal -4.647232e-01  0.000000e+00  8.854560e-01
   outer loop
     vertex  7.676100e+01  8.800000e+00 -1.125512e+02
     vertex  7.609928e+01  1.380000e+01 -1.128986e+02
     vertex  7.609928e+01  8.800000e+00 -1.128986e+02
   endloop
 endfacet
 facet normal -8.229839e-01  0.000000e+00  5.680647e-01
   outer loop
     vertex  7.732038e+01  8.800000e+00 -1.120557e+02
     vertex  7.774491e+01  1.380000e+01 -1.114406e+02
     vertex  7.732038e+01  1.380000e+01 -1.120557e+02
   endloop
 endfacet
 facet normal -6.631227e-01  0.000000e+00  7.485107e-01
   outer loop
     vertex  7.732038e+01  8.800000e+00 -1.120557e+02
     vertex  7.732038e+01  1.380000e+01 -1.120557e+02
     vertex  7.676100e+01  8.800000e+00 -1.125512e+02
   endloop
 endfacet
 facet normal -8.229839e-01  1.614537e-15  5.680647e-01
   outer loop
     vertex  7.774491e+01  8.800000e+00 -1.114406e+02
     vertex  7.774491e+01  1.380000e+01 -1.114406e+02
     vertex  7.732038e+01  8.800000e+00 -1.120557e+02
   endloop
 endfacet
 facet normal -9.350162e-01  0.000000e+00  3.546049e-01
   outer loop
     vertex  7.800992e+01  8.800000e+00 -1.107419e+02
     vertex  7.800992e+01  1.380000e+01 -1.107419e+02
     vertex  7.774491e+01  1.380000e+01 -1.114406e+02
   endloop
 endfacet
 facet normal -9.927089e-01  0.000000e+00  1.205367e-01
   outer loop
     vertex  7.800992e+01  8.800000e+00 -1.107419e+02
     vertex  7.810000e+01  1.380000e+01 -1.100000e+02
     vertex  7.800992e+01  1.380000e+01 -1.107419e+02
   endloop
 endfacet
 facet normal -9.350162e-01  1.010202e-15  3.546049e-01
   outer loop
     vertex  7.800992e+01  8.800000e+00 -1.107419e+02
     vertex  7.774491e+01  1.380000e+01 -1.114406e+02
     vertex  7.774491e+01  8.800000e+00 -1.114406e+02
   endloop
 endfacet
 facet normal -9.927089e-01  0.000000e+00  1.205367e-01
   outer loop
     vertex  7.810000e+01  8.800000e+00 -1.100000e+02
     vertex  7.810000e+01  1.380000e+01 -1.100000e+02
     vertex  7.800992e+01  8.800000e+00 -1.107419e+02
   endloop
 endfacet
 facet normal  9.927089e-01 -0.000000e+00  1.205367e-01
   outer loop
     vertex  7.190000e+01  8.800000e+00 -8.000000e+01
     vertex  7.199008e+01  1.380000e+01 -8.074188e+01
     vertex  7.190000e+01  1.380000e+01 -8.000000e+01
   endloop
 endfacet
 facet normal  9.350162e-01 -1.007848e-15  3.546049e-01
   outer loop
     vertex  7.199008e+01  8.800000e+00 -8.074188e+01
     vertex  7.225509e+01  1.380000e+01 -8.144064e+01
     vertex  7.199008e+01  1.380000e+01 -8.074188e+01
   endloop
 endfacet
 facet normal  9.927089e-01 -3.425859e-16  1.205367e-01
   outer loop
     vertex  7.199008e+01  8.800000e+00 -8.074188e+01
     vertex  7.199008e+01  1.380000e+01 -8.074188e+01
     vertex  7.190000e+01  8.800000e+00 -8.000000e+01
   endloop
 endfacet
 facet normal  9.350162e-01 -0.000000e+00  3.546049e-01
   outer loop
     vertex  7.225509e+01  8.800000e+00 -8.144064e+01
     vertex  7.225509e+01  1.380000e+01 -8.144064e+01
     vertex  7.199008e+01  8.800000e+00 -8.074188e+01
   endloop
 endfacet
 facet normal  8.229839e-01 -0.000000e+00  5.680647e-01
   outer loop
     vertex  7.267962e+01  8.800000e+00 -8.205568e+01
     vertex  7.267962e+01  1.380000e+01 -8.205568e+01
     vertex  7.225509e+01  1.380000e+01 -8.144064e+01
   endloop
 endfacet
 facet normal  6.631227e-01 -0.000000e+00  7.485107e-01
   outer loop
     vertex  7.267962e+01  8.800000e+00 -8.205568e+01
     vertex  7.323900e+01  1.380000e+01 -8.255125e+01
     vertex  7.267962e+01  1.380000e+01 -8.205568e+01
   endloop
 endfacet
 facet normal  8.229839e-01  0.000000e+00  5.680647e-01
   outer loop
     vertex  7.267962e+01  8.800000e+00 -8.205568e+01
     vertex  7.225509e+01  1.380000e+01 -8.144064e+01
     vertex  7.225509e+01  8.800000e+00 -8.144064e+01
   endloop
 endfacet
 facet normal  4.647232e-01 -0.000000e+00  8.854560e-01
   outer loop
     vertex  7.323900e+01  8.800000e+00 -8.255125e+01
     vertex  7.390072e+01  1.380000e+01 -8.289855e+01
     vertex  7.323900e+01  1.380000e+01 -8.255125e+01
   endloop
 endfacet
 facet normal  6.631227e-01 -0.000000e+00  7.485107e-01
   outer loop
     vertex  7.323900e+01  8.800000e+00 -8.255125e+01
     vertex  7.323900e+01  1.380000e+01 -8.255125e+01
     vertex  7.267962e+01  8.800000e+00 -8.205568e+01
   endloop
 endfacet
 facet normal  4.647232e-01 -0.000000e+00  8.854560e-01
   outer loop
     vertex  7.390072e+01  8.800000e+00 -8.289855e+01
     vertex  7.390072e+01  1.380000e+01 -8.289855e+01
     vertex  7.323900e+01  8.800000e+00 -8.255125e+01
   endloop
 endfacet
 facet normal  2.393157e-01 -0.000000e+00  9.709418e-01
   outer loop
     vertex  7.462634e+01  8.800000e+00 -8.307740e+01
     vertex  7.462634e+01  1.380000e+01 -8.307740e+01
     vertex  7.390072e+01  1.380000e+01 -8.289855e+01
   endloop
 endfacet
 facet normal  1.901557e-14 -0.000000e+00  1.000000e+00
   outer loop
     vertex  7.462634e+01  8.800000e+00 -8.307740e+01
     vertex  7.537366e+01  1.380000e+01 -8.307740e+01
     vertex  7.462634e+01  1.380000e+01 -8.307740e+01
   endloop
 endfacet
 facet normal  2.393157e-01  0.000000e+00  9.709418e-01
   outer loop
     vertex  7.462634e+01  8.800000e+00 -8.307740e+01
     vertex  7.390072e+01  1.380000e+01 -8.289855e+01
     vertex  7.390072e+01  8.800000e+00 -8.289855e+01
   endloop
 endfacet
 facet normal -2.393157e-01 -6.801760e-16  9.709418e-01
   outer loop
     vertex  7.537366e+01  8.800000e+00 -8.307740e+01
     vertex  7.609928e+01  1.380000e+01 -8.289855e+01
     vertex  7.537366e+01  1.380000e+01 -8.307740e+01
   endloop
 endfacet
 facet normal  1.901557e-14  5.404549e-29  1.000000e+00
   outer loop
     vertex  7.537366e+01  8.800000e+00 -8.307740e+01
     vertex  7.537366e+01  1.380000e+01 -8.307740e+01
     vertex  7.462634e+01  8.800000e+00 -8.307740e+01
   endloop
 endfacet
 facet normal -2.393157e-01 -6.801760e-16  9.709418e-01
   outer loop
     vertex  7.609928e+01  8.800000e+00 -8.289855e+01
     vertex  7.609928e+01  1.380000e+01 -8.289855e+01
     vertex  7.537366e+01  8.800000e+00 -8.307740e+01
   endloop
 endfacet
 facet normal -4.647232e-01  0.000000e+00  8.854560e-01
   outer loop
     vertex  7.676100e+01  8.800000e+00 -8.255125e+01
     vertex  7.676100e+01  1.380000e+01 -8.255125e+01
     vertex  7.609928e+01  1.380000e+01 -8.289855e+01
   endloop
 endfacet
 facet normal -6.631227e-01  0.000000e+00  7.485107e-01
   outer loop
     vertex  7.676100e+01  8.800000e+00 -8.255125e+01
     vertex  7.732038e+01  1.380000e+01 -8.205568e+01
     vertex  7.676100e+01  1.380000e+01 -8.255125e+01
   endloop
 endfacet
 facet normal -4.647232e-01 -1.322176e-15  8.854560e-01
   outer loop
     vertex  7.676100e+01  8.800000e+00 -8.255125e+01
     vertex  7.609928e+01  1.380000e+01 -8.289855e+01
     vertex  7.609928e+01  8.800000e+00 -8.289855e+01
   endloop
 endfacet
 facet normal -8.229839e-01  0.000000e+00  5.680647e-01
   outer loop
     vertex  7.732038e+01  8.800000e+00 -8.205568e+01
     vertex  7.774491e+01  1.380000e+01 -8.144064e+01
     vertex  7.732038e+01  1.380000e+01 -8.205568e+01
   endloop
 endfacet
 facet normal -6.631227e-01  0.000000e+00  7.485107e-01
   outer loop
     vertex  7.732038e+01  8.800000e+00 -8.205568e+01
     vertex  7.732038e+01  1.380000e+01 -8.205568e+01
     vertex  7.676100e+01  8.800000e+00 -8.255125e+01
   endloop
 endfacet
 facet normal -8.229839e-01  1.614537e-15  5.680647e-01
   outer loop
     vertex  7.774491e+01  8.800000e+00 -8.144064e+01
     vertex  7.774491e+01  1.380000e+01 -8.144064e+01
     vertex  7.732038e+01  8.800000e+00 -8.205568e+01
   endloop
 endfacet
 facet normal -9.350162e-01  0.000000e+00  3.546049e-01
   outer loop
     vertex  7.800992e+01  8.800000e+00 -8.074188e+01
     vertex  7.800992e+01  1.380000e+01 -8.074188e+01
     vertex  7.774491e+01  1.380000e+01 -8.144064e+01
   endloop
 endfacet
 facet normal -9.927089e-01  0.000000e+00  1.205367e-01
   outer loop
     vertex  7.800992e+01  8.800000e+00 -8.074188e+01
     vertex  7.810000e+01  1.380000e+01 -8.000000e+01
     vertex  7.800992e+01  1.380000e+01 -8.074188e+01
   endloop
 endfacet
 facet normal -9.350162e-01  1.002774e-15  3.546049e-01
   outer loop
     vertex  7.800992e+01  8.800000e+00 -8.074188e+01
     vertex  7.774491e+01  1.380000e+01 -8.144064e+01
     vertex  7.774491e+01  8.800000e+00 -8.144064e+01
   endloop
 endfacet
 facet normal -9.927089e-01  0.000000e+00  1.205367e-01
   outer loop
     vertex  7.810000e+01  8.800000e+00 -8.000000e+01
     vertex  7.810000e+01  1.380000e+01 -8.000000e+01
     vertex  7.800992e+01  8.800000e+00 -8.074188e+01
   endloop
 endfacet
endsolid
