solid 
 facet normal  9.865758e-01 -1.628764e-01  1.180993e-02
   outer loop
     vertex -1.823188e+01  1.883850e+02 -1.253149e+02
     vertex -1.818756e+01  1.886763e+02 -1.250000e+02
     vertex -1.822220e+01  1.884664e+02 -1.250000e+02
   endloop
 endfacet
 facet normal  9.951715e-01 -9.801110e-02 -5.236433e-03
   outer loop
     vertex -1.823188e+01  1.883850e+02 -1.253149e+02
     vertex -1.822220e+01  1.884664e+02 -1.250000e+02
     vertex -1.824304e+01  1.882548e+02 -1.250000e+02
   endloop
 endfacet
 facet normal  9.992250e-01 -3.270967e-02  2.189728e-02
   outer loop
     vertex -1.823188e+01  1.883850e+02 -1.253149e+02
     vertex -1.824304e+01  1.882548e+02 -1.250000e+02
     vertex -1.825000e+01  1.880422e+02 -1.250000e+02
   endloop
 endfacet
 facet normal  9.977411e-01 -6.568591e-02 -1.407422e-02
   outer loop
     vertex -1.824608e+01  1.882028e+02 -1.254714e+02
     vertex -1.823188e+01  1.883850e+02 -1.253149e+02
     vertex -1.825000e+01  1.880422e+02 -1.250000e+02
   endloop
 endfacet
 facet normal  9.997021e-01 -2.440918e-02 -1.198613e-15
   outer loop
     vertex -1.825000e+01  1.880422e+02 -1.255788e+02
     vertex -1.824608e+01  1.882028e+02 -1.254714e+02
     vertex -1.825000e+01  1.880422e+02 -1.250000e+02
   endloop
 endfacet
 facet normal  9.992250e-01 -3.270967e-02  2.189728e-02
   outer loop
     vertex  1.176812e+01  1.883850e+02 -1.253149e+02
     vertex  1.175696e+01  1.882548e+02 -1.250000e+02
     vertex  1.175000e+01  1.880422e+02 -1.250000e+02
   endloop
 endfacet
 facet normal  9.951715e-01 -9.801110e-02 -5.236433e-03
   outer loop
     vertex  1.176812e+01  1.883850e+02 -1.253149e+02
     vertex  1.177780e+01  1.884664e+02 -1.250000e+02
     vertex  1.175696e+01  1.882548e+02 -1.250000e+02
   endloop
 endfacet
 facet normal  9.865758e-01 -1.628764e-01  1.180993e-02
   outer loop
     vertex  1.176812e+01  1.883850e+02 -1.253149e+02
     vertex  1.181244e+01  1.886763e+02 -1.250000e+02
     vertex  1.177780e+01  1.884664e+02 -1.250000e+02
   endloop
 endfacet
 facet normal  9.977411e-01 -6.568591e-02 -1.407422e-02
   outer loop
     vertex  1.175392e+01  1.882028e+02 -1.254714e+02
     vertex  1.176812e+01  1.883850e+02 -1.253149e+02
     vertex  1.175000e+01  1.880422e+02 -1.250000e+02
   endloop
 endfacet
 facet normal  9.997021e-01 -2.440918e-02 -1.198613e-15
   outer loop
     vertex  1.175000e+01  1.880422e+02 -1.255788e+02
     vertex  1.175392e+01  1.882028e+02 -1.254714e+02
     vertex  1.175000e+01  1.880422e+02 -1.250000e+02
   endloop
 endfacet
 facet normal -9.986864e-01  5.123940e-02 -1.306469e-15
   outer loop
     vertex  1.825000e+01  1.880422e+02 -1.290000e+02
     vertex  1.823293e+01  1.877096e+02 -1.281396e+02
     vertex  1.825000e+01  1.880422e+02 -1.278853e+02
   endloop
 endfacet
 facet normal -9.913213e-01  1.280309e-01  2.983733e-02
   outer loop
     vertex  1.817194e+01  1.873340e+02 -1.285545e+02
     vertex  1.823293e+01  1.877096e+02 -1.281396e+02
     vertex  1.825000e+01  1.880422e+02 -1.290000e+02
   endloop
 endfacet
 facet normal -9.946304e-01  5.414681e-02 -8.819522e-02
   outer loop
     vertex  1.823079e+01  1.876894e+02 -1.290000e+02
     vertex  1.817194e+01  1.873340e+02 -1.285545e+02
     vertex  1.825000e+01  1.880422e+02 -1.290000e+02
   endloop
 endfacet
 facet normal -9.867192e-01  1.624334e-01 -7.601080e-04
   outer loop
     vertex  1.817340e+01  1.873408e+02 -1.290000e+02
     vertex  1.817194e+01  1.873340e+02 -1.285545e+02
     vertex  1.823079e+01  1.876894e+02 -1.290000e+02
   endloop
 endfacet
 facet normal -9.632546e-01  2.685882e-01  9.358884e-04
   outer loop
     vertex  1.807850e+01  1.870005e+02 -1.290000e+02
     vertex  1.817194e+01  1.873340e+02 -1.285545e+02
     vertex  1.817340e+01  1.873408e+02 -1.290000e+02
   endloop
 endfacet
 facet normal  9.927089e-01 -1.205367e-01  1.589031e-15
   outer loop
     vertex  1.184444e+01  1.888200e+02 -1.290000e+02
     vertex  1.175000e+01  1.880422e+02 -1.278853e+02
     vertex  1.175000e+01  1.880422e+02 -1.290000e+02
   endloop
 endfacet
 facet normal  9.974167e-01 -5.515943e-02  4.601577e-02
   outer loop
     vertex  1.184444e+01  1.888200e+02 -1.290000e+02
     vertex  1.175776e+01  1.882665e+02 -1.277847e+02
     vertex  1.175000e+01  1.880422e+02 -1.278853e+02
   endloop
 endfacet
 facet normal  9.937152e-01 -1.099923e-01  2.077796e-02
   outer loop
     vertex  1.184444e+01  1.888200e+02 -1.290000e+02
     vertex  1.178319e+01  1.885055e+02 -1.277359e+02
     vertex  1.175776e+01  1.882665e+02 -1.277847e+02
   endloop
 endfacet
 facet normal  9.836918e-01 -1.798386e-01  2.912536e-03
   outer loop
     vertex  1.184444e+01  1.888200e+02 -1.290000e+02
     vertex  1.182746e+01  1.887476e+02 -1.277366e+02
     vertex  1.178319e+01  1.885055e+02 -1.277359e+02
   endloop
 endfacet
 facet normal  9.673587e-01 -2.534065e-01 -1.523115e-03
   outer loop
     vertex  1.184444e+01  1.888200e+02 -1.290000e+02
     vertex  1.188893e+01  1.889825e+02 -1.277724e+02
     vertex  1.182746e+01  1.887476e+02 -1.277366e+02
   endloop
 endfacet
 facet normal  9.395272e-01 -3.422896e-01  1.124922e-02
   outer loop
     vertex  1.184444e+01  1.888200e+02 -1.290000e+02
     vertex  1.202068e+01  1.893408e+02 -1.278740e+02
     vertex  1.188893e+01  1.889825e+02 -1.277724e+02
   endloop
 endfacet
 facet normal  8.896968e-01 -4.565175e-01 -5.607482e-03
   outer loop
     vertex  1.212227e+01  1.895526e+02 -1.290000e+02
     vertex  1.220175e+01  1.896953e+02 -1.280077e+02
     vertex  1.202068e+01  1.893408e+02 -1.278740e+02
   endloop
 endfacet
 facet normal  8.209167e-01 -5.708142e-01  1.634001e-02
   outer loop
     vertex  1.212227e+01  1.895526e+02 -1.290000e+02
     vertex  1.249956e+01  1.901183e+02 -1.281936e+02
     vertex  1.220175e+01  1.896953e+02 -1.280077e+02
   endloop
 endfacet
 facet normal  9.348706e-01 -3.545497e-01  1.764796e-02
   outer loop
     vertex  1.212227e+01  1.895526e+02 -1.290000e+02
     vertex  1.202068e+01  1.893408e+02 -1.278740e+02
     vertex  1.184444e+01  1.888200e+02 -1.290000e+02
   endloop
 endfacet
 facet normal  7.139343e-01 -7.001589e-01 -8.681916e-03
   outer loop
     vertex  1.256734e+01  1.901974e+02 -1.290000e+02
     vertex  1.286189e+01  1.904900e+02 -1.283714e+02
     vertex  1.249956e+01  1.901183e+02 -1.281936e+02
   endloop
 endfacet
 facet normal  8.229095e-01 -5.680134e-01  1.344295e-02
   outer loop
     vertex  1.256734e+01  1.901974e+02 -1.290000e+02
     vertex  1.249956e+01  1.901183e+02 -1.281936e+02
     vertex  1.212227e+01  1.895526e+02 -1.290000e+02
   endloop
 endfacet
 facet normal  5.905705e-01 -8.068046e-01 -1.711052e-02
   outer loop
     vertex  1.315379e+01  1.907169e+02 -1.290000e+02
     vertex  1.328401e+01  1.908023e+02 -1.285278e+02
     vertex  1.286189e+01  1.904900e+02 -1.283714e+02
   endloop
 endfacet
 facet normal  6.626536e-01 -7.479812e-01  3.760749e-02
   outer loop
     vertex  1.315379e+01  1.907169e+02 -1.290000e+02
     vertex  1.286189e+01  1.904900e+02 -1.283714e+02
     vertex  1.256734e+01  1.901974e+02 -1.290000e+02
   endloop
 endfacet
 facet normal  4.629161e-01 -8.858111e-01  3.236462e-02
   outer loop
     vertex  1.375981e+01  1.910463e+02 -1.286531e+02
     vertex  1.328401e+01  1.908023e+02 -1.285278e+02
     vertex  1.315379e+01  1.907169e+02 -1.290000e+02
   endloop
 endfacet
 facet normal  4.645296e-01 -8.850872e-01  2.885820e-02
   outer loop
     vertex  1.384753e+01  1.910811e+02 -1.290000e+02
     vertex  1.375981e+01  1.910463e+02 -1.286531e+02
     vertex  1.315379e+01  1.907169e+02 -1.290000e+02
   endloop
 endfacet
 facet normal  3.006059e-01 -9.535500e-01 -1.945660e-02
   outer loop
     vertex  1.427367e+01  1.912101e+02 -1.287385e+02
     vertex  1.375981e+01  1.910463e+02 -1.286531e+02
     vertex  1.384753e+01  1.910811e+02 -1.290000e+02
   endloop
 endfacet
 facet normal  1.675533e-01 -9.858438e-01 -6.152438e-03
   outer loop
     vertex  1.460826e+01  1.912686e+02 -1.290000e+02
     vertex  1.463498e+01  1.912717e+02 -1.287708e+02
     vertex  1.427367e+01  1.912101e+02 -1.287385e+02
   endloop
 endfacet
 facet normal  2.383736e-01 -9.671198e-01  8.864123e-02
   outer loop
     vertex  1.460826e+01  1.912686e+02 -1.290000e+02
     vertex  1.427367e+01  1.912101e+02 -1.287385e+02
     vertex  1.384753e+01  1.910811e+02 -1.290000e+02
   endloop
 endfacet
 facet normal  5.650664e-02 -9.983779e-01  6.968315e-03
   outer loop
     vertex  1.500000e+01  1.912922e+02 -1.287816e+02
     vertex  1.463498e+01  1.912717e+02 -1.287708e+02
     vertex  1.460826e+01  1.912686e+02 -1.290000e+02
   endloop
 endfacet
 facet normal -9.993693e-02 -9.924146e-01 -7.159556e-02
   outer loop
     vertex  1.539174e+01  1.912686e+02 -1.290000e+02
     vertex  1.567297e+01  1.912218e+02 -1.287446e+02
     vertex  1.500000e+01  1.912922e+02 -1.287816e+02
   endloop
 endfacet
 facet normal  0.000000e+00 -9.941631e-01  1.078875e-01
   outer loop
     vertex  1.539174e+01  1.912686e+02 -1.290000e+02
     vertex  1.500000e+01  1.912922e+02 -1.287816e+02
     vertex  1.460826e+01  1.912686e+02 -1.290000e+02
   endloop
 endfacet
 facet normal -3.003411e-01 -9.530498e-01 -3.861725e-02
   outer loop
     vertex  1.615247e+01  1.910811e+02 -1.290000e+02
     vertex  1.630836e+01  1.910173e+02 -1.286381e+02
     vertex  1.567297e+01  1.912218e+02 -1.287446e+02
   endloop
 endfacet
 facet normal -2.384390e-01 -9.673849e-01  8.551828e-02
   outer loop
     vertex  1.615247e+01  1.910811e+02 -1.290000e+02
     vertex  1.567297e+01  1.912218e+02 -1.287446e+02
     vertex  1.539174e+01  1.912686e+02 -1.290000e+02
   endloop
 endfacet
 facet normal -4.913865e-01 -8.709085e-01 -7.590779e-03
   outer loop
     vertex  1.684621e+01  1.907169e+02 -1.290000e+02
     vertex  1.688009e+01  1.906932e+02 -1.284726e+02
     vertex  1.630836e+01  1.910173e+02 -1.286381e+02
   endloop
 endfacet
 facet normal -4.642718e-01 -8.845960e-01  4.406294e-02
   outer loop
     vertex  1.684621e+01  1.907169e+02 -1.290000e+02
     vertex  1.630836e+01  1.910173e+02 -1.286381e+02
     vertex  1.615247e+01  1.910811e+02 -1.290000e+02
   endloop
 endfacet
 facet normal -6.601178e-01 -7.510230e-01  1.445599e-02
   outer loop
     vertex  1.743266e+01  1.901974e+02 -1.290000e+02
     vertex  1.736731e+01  1.902690e+02 -1.282644e+02
     vertex  1.688009e+01  1.906932e+02 -1.284726e+02
   endloop
 endfacet
 facet normal -6.630961e-01 -7.484808e-01  8.945146e-03
   outer loop
     vertex  1.743266e+01  1.901974e+02 -1.290000e+02
     vertex  1.688009e+01  1.906932e+02 -1.284726e+02
     vertex  1.684621e+01  1.907169e+02 -1.290000e+02
   endloop
 endfacet
 facet normal -8.228532e-01 -5.679745e-01 -1.782054e-02
   outer loop
     vertex  1.787773e+01  1.895526e+02 -1.290000e+02
     vertex  1.736731e+01  1.902690e+02 -1.282644e+02
     vertex  1.743266e+01  1.901974e+02 -1.290000e+02
   endloop
 endfacet
 facet normal -7.984430e-01 -6.012447e-01  3.152188e-02
   outer loop
     vertex  1.787773e+01  1.895526e+02 -1.290000e+02
     vertex  1.775589e+01  1.897649e+02 -1.280367e+02
     vertex  1.736731e+01  1.902690e+02 -1.282644e+02
   endloop
 endfacet
 facet normal -8.942305e-01 -4.473717e-01 -1.450673e-02
   outer loop
     vertex  1.787773e+01  1.895526e+02 -1.290000e+02
     vertex  1.804209e+01  1.891860e+02 -1.278249e+02
     vertex  1.775589e+01  1.897649e+02 -1.280367e+02
   endloop
 endfacet
 facet normal -9.348267e-01 -3.545330e-01  2.013671e-02
   outer loop
     vertex  1.815556e+01  1.888200e+02 -1.290000e+02
     vertex  1.804209e+01  1.891860e+02 -1.278249e+02
     vertex  1.787773e+01  1.895526e+02 -1.290000e+02
   endloop
 endfacet
 facet normal -9.529852e-01 -3.030078e-01  2.338635e-03
   outer loop
     vertex  1.815556e+01  1.888200e+02 -1.290000e+02
     vertex  1.814306e+01  1.888690e+02 -1.277514e+02
     vertex  1.804209e+01  1.891860e+02 -1.278249e+02
   endloop
 endfacet
 facet normal -9.750870e-01 -2.218201e-01 -1.065059e-03
   outer loop
     vertex  1.815556e+01  1.888200e+02 -1.290000e+02
     vertex  1.819169e+01  1.886551e+02 -1.277313e+02
     vertex  1.814306e+01  1.888690e+02 -1.277514e+02
   endloop
 endfacet
 facet normal -9.890823e-01 -1.470864e-01  9.046914e-03
   outer loop
     vertex  1.815556e+01  1.888200e+02 -1.290000e+02
     vertex  1.823242e+01  1.883798e+02 -1.277545e+02
     vertex  1.819169e+01  1.886551e+02 -1.277313e+02
   endloop
 endfacet
 facet normal -9.957966e-01 -8.619294e-02  3.098366e-02
   outer loop
     vertex  1.815556e+01  1.888200e+02 -1.290000e+02
     vertex  1.824583e+01  1.882063e+02 -1.278063e+02
     vertex  1.823242e+01  1.883798e+02 -1.277545e+02
   endloop
 endfacet
 facet normal -9.975235e-01 -4.947224e-02  4.999305e-02
   outer loop
     vertex  1.815556e+01  1.888200e+02 -1.290000e+02
     vertex  1.825000e+01  1.880422e+02 -1.278853e+02
     vertex  1.824583e+01  1.882063e+02 -1.278063e+02
   endloop
 endfacet
 facet normal -9.927089e-01 -1.205367e-01  3.073365e-15
   outer loop
     vertex  1.825000e+01  1.880422e+02 -1.290000e+02
     vertex  1.825000e+01  1.880422e+02 -1.278853e+02
     vertex  1.815556e+01  1.888200e+02 -1.290000e+02
   endloop
 endfacet
 facet normal -9.986864e-01  5.123940e-02 -2.897959e-15
   outer loop
     vertex -1.175000e+01  1.880422e+02 -1.290000e+02
     vertex -1.176707e+01  1.877096e+02 -1.281396e+02
     vertex -1.175000e+01  1.880422e+02 -1.278853e+02
   endloop
 endfacet
 facet normal -9.913213e-01  1.280309e-01  2.983733e-02
   outer loop
     vertex -1.182806e+01  1.873340e+02 -1.285545e+02
     vertex -1.176707e+01  1.877096e+02 -1.281396e+02
     vertex -1.175000e+01  1.880422e+02 -1.290000e+02
   endloop
 endfacet
 facet normal -9.946304e-01  5.414681e-02 -8.819522e-02
   outer loop
     vertex -1.176921e+01  1.876894e+02 -1.290000e+02
     vertex -1.182806e+01  1.873340e+02 -1.285545e+02
     vertex -1.175000e+01  1.880422e+02 -1.290000e+02
   endloop
 endfacet
 facet normal -9.867192e-01  1.624334e-01 -7.601080e-04
   outer loop
     vertex -1.182660e+01  1.873408e+02 -1.290000e+02
     vertex -1.182806e+01  1.873340e+02 -1.285545e+02
     vertex -1.176921e+01  1.876894e+02 -1.290000e+02
   endloop
 endfacet
 facet normal -9.632546e-01  2.685882e-01  9.358884e-04
   outer loop
     vertex -1.192150e+01  1.870005e+02 -1.290000e+02
     vertex -1.182806e+01  1.873340e+02 -1.285545e+02
     vertex -1.182660e+01  1.873408e+02 -1.290000e+02
   endloop
 endfacet
 facet normal  9.927089e-01 -1.205367e-01  3.066830e-15
   outer loop
     vertex -1.815556e+01  1.888200e+02 -1.290000e+02
     vertex -1.825000e+01  1.880422e+02 -1.278853e+02
     vertex -1.825000e+01  1.880422e+02 -1.290000e+02
   endloop
 endfacet
 facet normal  9.974167e-01 -5.515943e-02  4.601577e-02
   outer loop
     vertex -1.815556e+01  1.888200e+02 -1.290000e+02
     vertex -1.824224e+01  1.882665e+02 -1.277847e+02
     vertex -1.825000e+01  1.880422e+02 -1.278853e+02
   endloop
 endfacet
 facet normal  9.937152e-01 -1.099923e-01  2.077796e-02
   outer loop
     vertex -1.815556e+01  1.888200e+02 -1.290000e+02
     vertex -1.821681e+01  1.885055e+02 -1.277359e+02
     vertex -1.824224e+01  1.882665e+02 -1.277847e+02
   endloop
 endfacet
 facet normal  9.836918e-01 -1.798386e-01  2.912536e-03
   outer loop
     vertex -1.815556e+01  1.888200e+02 -1.290000e+02
     vertex -1.817254e+01  1.887476e+02 -1.277366e+02
     vertex -1.821681e+01  1.885055e+02 -1.277359e+02
   endloop
 endfacet
 facet normal  9.673587e-01 -2.534065e-01 -1.523115e-03
   outer loop
     vertex -1.815556e+01  1.888200e+02 -1.290000e+02
     vertex -1.811107e+01  1.889825e+02 -1.277724e+02
     vertex -1.817254e+01  1.887476e+02 -1.277366e+02
   endloop
 endfacet
 facet normal  9.395272e-01 -3.422896e-01  1.124922e-02
   outer loop
     vertex -1.815556e+01  1.888200e+02 -1.290000e+02
     vertex -1.797932e+01  1.893408e+02 -1.278740e+02
     vertex -1.811107e+01  1.889825e+02 -1.277724e+02
   endloop
 endfacet
 facet normal  8.896968e-01 -4.565175e-01 -5.607482e-03
   outer loop
     vertex -1.787773e+01  1.895526e+02 -1.290000e+02
     vertex -1.779825e+01  1.896953e+02 -1.280077e+02
     vertex -1.797932e+01  1.893408e+02 -1.278740e+02
   endloop
 endfacet
 facet normal  8.209167e-01 -5.708142e-01  1.634001e-02
   outer loop
     vertex -1.787773e+01  1.895526e+02 -1.290000e+02
     vertex -1.750044e+01  1.901183e+02 -1.281936e+02
     vertex -1.779825e+01  1.896953e+02 -1.280077e+02
   endloop
 endfacet
 facet normal  9.348706e-01 -3.545497e-01  1.764796e-02
   outer loop
     vertex -1.787773e+01  1.895526e+02 -1.290000e+02
     vertex -1.797932e+01  1.893408e+02 -1.278740e+02
     vertex -1.815556e+01  1.888200e+02 -1.290000e+02
   endloop
 endfacet
 facet normal  7.139343e-01 -7.001589e-01 -8.681916e-03
   outer loop
     vertex -1.743266e+01  1.901974e+02 -1.290000e+02
     vertex -1.713811e+01  1.904900e+02 -1.283714e+02
     vertex -1.750044e+01  1.901183e+02 -1.281936e+02
   endloop
 endfacet
 facet normal  8.229095e-01 -5.680134e-01  1.344295e-02
   outer loop
     vertex -1.743266e+01  1.901974e+02 -1.290000e+02
     vertex -1.750044e+01  1.901183e+02 -1.281936e+02
     vertex -1.787773e+01  1.895526e+02 -1.290000e+02
   endloop
 endfacet
 facet normal  5.905705e-01 -8.068046e-01 -1.711052e-02
   outer loop
     vertex -1.684621e+01  1.907169e+02 -1.290000e+02
     vertex -1.671599e+01  1.908023e+02 -1.285278e+02
     vertex -1.713811e+01  1.904900e+02 -1.283714e+02
   endloop
 endfacet
 facet normal  6.626536e-01 -7.479812e-01  3.760749e-02
   outer loop
     vertex -1.684621e+01  1.907169e+02 -1.290000e+02
     vertex -1.713811e+01  1.904900e+02 -1.283714e+02
     vertex -1.743266e+01  1.901974e+02 -1.290000e+02
   endloop
 endfacet
 facet normal  4.629161e-01 -8.858111e-01  3.236462e-02
   outer loop
     vertex -1.624019e+01  1.910463e+02 -1.286531e+02
     vertex -1.671599e+01  1.908023e+02 -1.285278e+02
     vertex -1.684621e+01  1.907169e+02 -1.290000e+02
   endloop
 endfacet
 facet normal  4.645296e-01 -8.850872e-01  2.885820e-02
   outer loop
     vertex -1.615247e+01  1.910811e+02 -1.290000e+02
     vertex -1.624019e+01  1.910463e+02 -1.286531e+02
     vertex -1.684621e+01  1.907169e+02 -1.290000e+02
   endloop
 endfacet
 facet normal  3.006059e-01 -9.535500e-01 -1.945660e-02
   outer loop
     vertex -1.572633e+01  1.912101e+02 -1.287385e+02
     vertex -1.624019e+01  1.910463e+02 -1.286531e+02
     vertex -1.615247e+01  1.910811e+02 -1.290000e+02
   endloop
 endfacet
 facet normal  1.675533e-01 -9.858438e-01 -6.152438e-03
   outer loop
     vertex -1.539174e+01  1.912686e+02 -1.290000e+02
     vertex -1.536502e+01  1.912717e+02 -1.287708e+02
     vertex -1.572633e+01  1.912101e+02 -1.287385e+02
   endloop
 endfacet
 facet normal  2.383736e-01 -9.671198e-01  8.864123e-02
   outer loop
     vertex -1.539174e+01  1.912686e+02 -1.290000e+02
     vertex -1.572633e+01  1.912101e+02 -1.287385e+02
     vertex -1.615247e+01  1.910811e+02 -1.290000e+02
   endloop
 endfacet
 facet normal  5.650664e-02 -9.983779e-01  6.968315e-03
   outer loop
     vertex -1.500000e+01  1.912922e+02 -1.287816e+02
     vertex -1.536502e+01  1.912717e+02 -1.287708e+02
     vertex -1.539174e+01  1.912686e+02 -1.290000e+02
   endloop
 endfacet
 facet normal -9.993693e-02 -9.924146e-01 -7.159556e-02
   outer loop
     vertex -1.460826e+01  1.912686e+02 -1.290000e+02
     vertex -1.432703e+01  1.912218e+02 -1.287446e+02
     vertex -1.500000e+01  1.912922e+02 -1.287816e+02
   endloop
 endfacet
 facet normal  0.000000e+00 -9.941631e-01  1.078875e-01
   outer loop
     vertex -1.460826e+01  1.912686e+02 -1.290000e+02
     vertex -1.500000e+01  1.912922e+02 -1.287816e+02
     vertex -1.539174e+01  1.912686e+02 -1.290000e+02
   endloop
 endfacet
 facet normal -3.003411e-01 -9.530498e-01 -3.861725e-02
   outer loop
     vertex -1.384753e+01  1.910811e+02 -1.290000e+02
     vertex -1.369164e+01  1.910173e+02 -1.286381e+02
     vertex -1.432703e+01  1.912218e+02 -1.287446e+02
   endloop
 endfacet
 facet normal -2.384390e-01 -9.673849e-01  8.551828e-02
   outer loop
     vertex -1.384753e+01  1.910811e+02 -1.290000e+02
     vertex -1.432703e+01  1.912218e+02 -1.287446e+02
     vertex -1.460826e+01  1.912686e+02 -1.290000e+02
   endloop
 endfacet
 facet normal -4.913865e-01 -8.709085e-01 -7.590779e-03
   outer loop
     vertex -1.315379e+01  1.907169e+02 -1.290000e+02
     vertex -1.311991e+01  1.906932e+02 -1.284726e+02
     vertex -1.369164e+01  1.910173e+02 -1.286381e+02
   endloop
 endfacet
 facet normal -4.642718e-01 -8.845960e-01  4.406294e-02
   outer loop
     vertex -1.315379e+01  1.907169e+02 -1.290000e+02
     vertex -1.369164e+01  1.910173e+02 -1.286381e+02
     vertex -1.384753e+01  1.910811e+02 -1.290000e+02
   endloop
 endfacet
 facet normal -6.601178e-01 -7.510230e-01  1.445599e-02
   outer loop
     vertex -1.256734e+01  1.901974e+02 -1.290000e+02
     vertex -1.263269e+01  1.902690e+02 -1.282644e+02
     vertex -1.311991e+01  1.906932e+02 -1.284726e+02
   endloop
 endfacet
 facet normal -6.630961e-01 -7.484808e-01  8.945146e-03
   outer loop
     vertex -1.256734e+01  1.901974e+02 -1.290000e+02
     vertex -1.311991e+01  1.906932e+02 -1.284726e+02
     vertex -1.315379e+01  1.907169e+02 -1.290000e+02
   endloop
 endfacet
 facet normal -8.228532e-01 -5.679745e-01 -1.782054e-02
   outer loop
     vertex -1.212227e+01  1.895526e+02 -1.290000e+02
     vertex -1.263269e+01  1.902690e+02 -1.282644e+02
     vertex -1.256734e+01  1.901974e+02 -1.290000e+02
   endloop
 endfacet
 facet normal -7.984430e-01 -6.012447e-01  3.152188e-02
   outer loop
     vertex -1.212227e+01  1.895526e+02 -1.290000e+02
     vertex -1.224411e+01  1.897649e+02 -1.280367e+02
     vertex -1.263269e+01  1.902690e+02 -1.282644e+02
   endloop
 endfacet
 facet normal -8.942305e-01 -4.473717e-01 -1.450673e-02
   outer loop
     vertex -1.212227e+01  1.895526e+02 -1.290000e+02
     vertex -1.195791e+01  1.891860e+02 -1.278249e+02
     vertex -1.224411e+01  1.897649e+02 -1.280367e+02
   endloop
 endfacet
 facet normal -9.348267e-01 -3.545330e-01  2.013671e-02
   outer loop
     vertex -1.184444e+01  1.888200e+02 -1.290000e+02
     vertex -1.195791e+01  1.891860e+02 -1.278249e+02
     vertex -1.212227e+01  1.895526e+02 -1.290000e+02
   endloop
 endfacet
 facet normal -9.529852e-01 -3.030078e-01  2.338635e-03
   outer loop
     vertex -1.184444e+01  1.888200e+02 -1.290000e+02
     vertex -1.185694e+01  1.888690e+02 -1.277514e+02
     vertex -1.195791e+01  1.891860e+02 -1.278249e+02
   endloop
 endfacet
 facet normal -9.750870e-01 -2.218201e-01 -1.065059e-03
   outer loop
     vertex -1.184444e+01  1.888200e+02 -1.290000e+02
     vertex -1.180831e+01  1.886551e+02 -1.277313e+02
     vertex -1.185694e+01  1.888690e+02 -1.277514e+02
   endloop
 endfacet
 facet normal -9.890823e-01 -1.470864e-01  9.046914e-03
   outer loop
     vertex -1.184444e+01  1.888200e+02 -1.290000e+02
     vertex -1.176758e+01  1.883798e+02 -1.277545e+02
     vertex -1.180831e+01  1.886551e+02 -1.277313e+02
   endloop
 endfacet
 facet normal -9.957966e-01 -8.619294e-02  3.098366e-02
   outer loop
     vertex -1.184444e+01  1.888200e+02 -1.290000e+02
     vertex -1.175417e+01  1.882063e+02 -1.278063e+02
     vertex -1.176758e+01  1.883798e+02 -1.277545e+02
   endloop
 endfacet
 facet normal -9.975235e-01 -4.947224e-02  4.999305e-02
   outer loop
     vertex -1.184444e+01  1.888200e+02 -1.290000e+02
     vertex -1.175000e+01  1.880422e+02 -1.278853e+02
     vertex -1.175417e+01  1.882063e+02 -1.278063e+02
   endloop
 endfacet
 facet normal -9.927089e-01 -1.205367e-01  1.491400e-15
   outer loop
     vertex -1.175000e+01  1.880422e+02 -1.290000e+02
     vertex -1.175000e+01  1.880422e+02 -1.278853e+02
     vertex -1.184444e+01  1.888200e+02 -1.290000e+02
   endloop
 endfacet
 facet normal  9.988782e-01  4.735441e-02  0.000000e+00
   outer loop
     vertex -2.171973e+01  1.874037e+02 -1.332270e+02
     vertex -2.175000e+01  1.880422e+02 -1.361593e+02
     vertex -2.175000e+01  1.880422e+02 -1.328933e+02
   endloop
 endfacet
 facet normal  9.978416e-01  6.554613e-02  3.972361e-03
   outer loop
     vertex -2.171973e+01  1.874037e+02 -1.332270e+02
     vertex -2.168845e+01  1.871328e+02 -1.366133e+02
     vertex -2.175000e+01  1.880422e+02 -1.361593e+02
   endloop
 endfacet
 facet normal  9.795672e-01  2.010617e-01  4.727701e-03
   outer loop
     vertex -2.162835e+01  1.867665e+02 -1.334893e+02
     vertex -2.150025e+01  1.862231e+02 -1.369212e+02
     vertex -2.168845e+01  1.871328e+02 -1.366133e+02
   endloop
 endfacet
 facet normal  9.897371e-01  1.428821e-01 -2.288945e-03
   outer loop
     vertex -2.162835e+01  1.867665e+02 -1.334893e+02
     vertex -2.168845e+01  1.871328e+02 -1.366133e+02
     vertex -2.171973e+01  1.874037e+02 -1.332270e+02
   endloop
 endfacet
 facet normal  9.421956e-01  3.350269e-01  4.943079e-03
   outer loop
     vertex -2.137810e+01  1.858326e+02 -1.337396e+02
     vertex -2.118533e+01  1.853396e+02 -1.370676e+02
     vertex -2.150025e+01  1.862231e+02 -1.369212e+02
   endloop
 endfacet
 facet normal  9.655630e-01  2.601184e-01 -5.147032e-03
   outer loop
     vertex -2.137810e+01  1.858326e+02 -1.337396e+02
     vertex -2.150025e+01  1.862231e+02 -1.369212e+02
     vertex -2.162835e+01  1.867665e+02 -1.334893e+02
   endloop
 endfacet
 facet normal  8.862486e-01  4.631829e-01  4.993727e-03
   outer loop
     vertex -2.100000e+01  1.849499e+02 -1.338126e+02
     vertex -2.075098e+01  1.845083e+02 -1.370460e+02
     vertex -2.118533e+01  1.853396e+02 -1.370676e+02
   endloop
 endfacet
 facet normal  9.190584e-01  3.940878e-01 -5.146602e-03
   outer loop
     vertex -2.100000e+01  1.849499e+02 -1.338126e+02
     vertex -2.118533e+01  1.853396e+02 -1.370676e+02
     vertex -2.137810e+01  1.858326e+02 -1.337396e+02
   endloop
 endfacet
 facet normal  8.157257e-01  5.782135e-01 -1.614786e-02
   outer loop
     vertex -2.021132e+01  1.837522e+02 -1.368594e+02
     vertex -2.075098e+01  1.845083e+02 -1.370460e+02
     vertex -2.100000e+01  1.849499e+02 -1.338126e+02
   endloop
 endfacet
 facet normal  8.394106e-01  5.434978e-01  6.415250e-15
   outer loop
     vertex -2.027687e+01  1.838331e+02 -1.290000e+02
     vertex -2.100000e+01  1.849499e+02 -1.338126e+02
     vertex -2.100000e+01  1.849499e+02 -1.290000e+02
   endloop
 endfacet
 facet normal  7.276245e-01  6.859749e-01 -9.915492e-04
   outer loop
     vertex -2.027687e+01  1.838331e+02 -1.290000e+02
     vertex -1.958579e+01  1.830892e+02 -1.365199e+02
     vertex -2.021132e+01  1.837522e+02 -1.368594e+02
   endloop
 endfacet
 facet normal  8.367591e-01  5.475695e-01  1.343282e-03
   outer loop
     vertex -2.027687e+01  1.838331e+02 -1.290000e+02
     vertex -2.021132e+01  1.837522e+02 -1.368594e+02
     vertex -2.100000e+01  1.849499e+02 -1.338126e+02
   endloop
 endfacet
 facet normal  7.164917e-01  6.975885e-01 -3.163542e-03
   outer loop
     vertex -1.934872e+01  1.828798e+02 -1.290000e+02
     vertex -1.958579e+01  1.830892e+02 -1.365199e+02
     vertex -2.027687e+01  1.838331e+02 -1.290000e+02
   endloop
 endfacet
 facet normal  5.887538e-01  8.082257e-01 -1.184113e-02
   outer loop
     vertex -1.798650e+01  1.819889e+02 -1.321036e+02
     vertex -1.835581e+01  1.821855e+02 -1.370416e+02
     vertex -1.958579e+01  1.830892e+02 -1.365199e+02
   endloop
 endfacet
 facet normal  5.716181e-01  8.205056e-01  4.826103e-03
   outer loop
     vertex -1.823623e+01  1.821186e+02 -1.313561e+02
     vertex -1.958579e+01  1.830892e+02 -1.365199e+02
     vertex -1.934872e+01  1.828798e+02 -1.290000e+02
   endloop
 endfacet
 facet normal  5.188151e-01  8.545203e-01  2.501943e-02
   outer loop
     vertex -1.823623e+01  1.821186e+02 -1.313561e+02
     vertex -1.798650e+01  1.819889e+02 -1.321036e+02
     vertex -1.958579e+01  1.830892e+02 -1.365199e+02
   endloop
 endfacet
 facet normal  4.238047e-01  9.057430e-01  4.378866e-03
   outer loop
     vertex -1.763583e+01  1.818281e+02 -1.327997e+02
     vertex -1.835581e+01  1.821855e+02 -1.370416e+02
     vertex -1.798650e+01  1.819889e+02 -1.321036e+02
   endloop
 endfacet
 facet normal  6.042697e-01  7.962853e-01  2.806765e-02
   outer loop
     vertex -1.837538e+01  1.821968e+02 -1.305780e+02
     vertex -1.823623e+01  1.821186e+02 -1.313561e+02
     vertex -1.934872e+01  1.828798e+02 -1.290000e+02
   endloop
 endfacet
 facet normal  4.013963e-01  9.158951e-01  4.148975e-03
   outer loop
     vertex -1.718058e+01  1.816541e+02 -1.334325e+02
     vertex -1.701958e+01  1.816015e+02 -1.373788e+02
     vertex -1.835581e+01  1.821855e+02 -1.370416e+02
   endloop
 endfacet
 facet normal  3.745612e-01  9.270883e-01  1.453532e-02
   outer loop
     vertex -1.718058e+01  1.816541e+02 -1.334325e+02
     vertex -1.835581e+01  1.821855e+02 -1.370416e+02
     vertex -1.763583e+01  1.818281e+02 -1.327997e+02
   endloop
 endfacet
 facet normal  5.762360e-01  8.172816e-01  1.688611e-03
   outer loop
     vertex -1.838853e+01  1.822044e+02 -1.297800e+02
     vertex -1.837538e+01  1.821968e+02 -1.305780e+02
     vertex -1.934872e+01  1.828798e+02 -1.290000e+02
   endloop
 endfacet
 facet normal  2.802581e-01  9.599237e-01 -1.380938e-03
   outer loop
     vertex -1.661631e+01  1.814886e+02 -1.339698e+02
     vertex -1.701958e+01  1.816015e+02 -1.373788e+02
     vertex -1.718058e+01  1.816541e+02 -1.334325e+02
   endloop
 endfacet
 facet normal  5.656547e-01  8.244554e-01 -1.754902e-02
   outer loop
     vertex -1.825161e+01  1.821271e+02 -1.290000e+02
     vertex -1.838853e+01  1.822044e+02 -1.297800e+02
     vertex -1.934872e+01  1.828798e+02 -1.290000e+02
   endloop
 endfacet
 facet normal  2.026942e-01  9.792112e-01  7.780668e-03
   outer loop
     vertex -1.600909e+01  1.813681e+02 -1.343345e+02
     vertex -1.569110e+01  1.813277e+02 -1.375369e+02
     vertex -1.701958e+01  1.816015e+02 -1.373788e+02
   endloop
 endfacet
 facet normal  1.997626e-01  9.798048e-01  8.799251e-03
   outer loop
     vertex -1.600909e+01  1.813681e+02 -1.343345e+02
     vertex -1.701958e+01  1.816015e+02 -1.373788e+02
     vertex -1.661631e+01  1.814886e+02 -1.339698e+02
   endloop
 endfacet
 facet normal  1.126500e-01  9.936338e-01 -1.342365e-03
   outer loop
     vertex -1.551681e+01  1.813121e+02 -1.344981e+02
     vertex -1.569110e+01  1.813277e+02 -1.375369e+02
     vertex -1.600909e+01  1.813681e+02 -1.343345e+02
   endloop
 endfacet
 facet normal  8.803632e-04  9.999313e-01  1.169166e-02
   outer loop
     vertex -1.500000e+01  1.812922e+02 -1.345551e+02
     vertex -1.432065e+01  1.813265e+02 -1.375376e+02
     vertex -1.569110e+01  1.813277e+02 -1.375369e+02
   endloop
 endfacet
 facet normal  3.864165e-02  9.992488e-01  2.931337e-03
   outer loop
     vertex -1.500000e+01  1.812922e+02 -1.345551e+02
     vertex -1.569110e+01  1.813277e+02 -1.375369e+02
     vertex -1.551681e+01  1.813121e+02 -1.344981e+02
   endloop
 endfacet
 facet normal -3.961633e-02  9.992119e-01  2.458843e-03
   outer loop
     vertex -1.446951e+01  1.813131e+02 -1.344950e+02
     vertex -1.432065e+01  1.813265e+02 -1.375376e+02
     vertex -1.500000e+01  1.812922e+02 -1.345551e+02
   endloop
 endfacet
 facet normal -2.010565e-01  9.795439e-01  8.366403e-03
   outer loop
     vertex -1.396490e+01  1.813721e+02 -1.343227e+02
     vertex -1.299146e+01  1.815980e+02 -1.373808e+02
     vertex -1.432065e+01  1.813265e+02 -1.375376e+02
   endloop
 endfacet
 facet normal -1.155996e-01  9.932951e-01 -1.284765e-03
   outer loop
     vertex -1.396490e+01  1.813721e+02 -1.343227e+02
     vertex -1.432065e+01  1.813265e+02 -1.375376e+02
     vertex -1.446951e+01  1.813131e+02 -1.344950e+02
   endloop
 endfacet
 facet normal -1.934740e-01  9.810450e-01  1.089090e-02
   outer loop
     vertex -1.350630e+01  1.814596e+02 -1.340593e+02
     vertex -1.299146e+01  1.815980e+02 -1.373808e+02
     vertex -1.396490e+01  1.813721e+02 -1.343227e+02
   endloop
 endfacet
 facet normal -2.522622e-01  9.676582e-01  1.220810e-03
   outer loop
     vertex -1.310086e+01  1.815649e+02 -1.337283e+02
     vertex -1.299146e+01  1.815980e+02 -1.373808e+02
     vertex -1.350630e+01  1.814596e+02 -1.340593e+02
   endloop
 endfacet
 facet normal -3.905598e-01  9.205555e-01  6.377105e-03
   outer loop
     vertex -1.263931e+01  1.817185e+02 -1.332085e+02
     vertex -1.177874e+01  1.821105e+02 -1.370850e+02
     vertex -1.299146e+01  1.815980e+02 -1.373808e+02
   endloop
 endfacet
 facet normal -3.149812e-01  9.490975e-01 -8.261056e-04
   outer loop
     vertex -1.263931e+01  1.817185e+02 -1.332085e+02
     vertex -1.299146e+01  1.815980e+02 -1.373808e+02
     vertex -1.310086e+01  1.815649e+02 -1.337283e+02
   endloop
 endfacet
 facet normal -5.293277e-01  8.483512e-01 -1.060302e-02
   outer loop
     vertex -1.222307e+01  1.818899e+02 -1.325494e+02
     vertex -1.105219e+01  1.825671e+02 -1.368213e+02
     vertex -1.177874e+01  1.821105e+02 -1.370850e+02
   endloop
 endfacet
 facet normal -3.897007e-01  9.209179e-01  6.604469e-03
   outer loop
     vertex -1.222307e+01  1.818899e+02 -1.325494e+02
     vertex -1.177874e+01  1.821105e+02 -1.370850e+02
     vertex -1.263931e+01  1.817185e+02 -1.332085e+02
   endloop
 endfacet
 facet normal -4.610390e-01  8.872649e-01  1.428270e-02
   outer loop
     vertex -1.190887e+01  1.820416e+02 -1.318315e+02
     vertex -1.105219e+01  1.825671e+02 -1.368213e+02
     vertex -1.222307e+01  1.818899e+02 -1.325494e+02
   endloop
 endfacet
 facet normal -6.289888e-01  7.772706e-01 -1.495304e-02
   outer loop
     vertex -1.169850e+01  1.821547e+02 -1.310696e+02
     vertex -1.041421e+01  1.830892e+02 -1.365199e+02
     vertex -1.105219e+01  1.825671e+02 -1.368213e+02
   endloop
 endfacet
 facet normal -4.930161e-01  8.699922e-01  6.973694e-03
   outer loop
     vertex -1.169850e+01  1.821547e+02 -1.310696e+02
     vertex -1.105219e+01  1.825671e+02 -1.368213e+02
     vertex -1.190887e+01  1.820416e+02 -1.318315e+02
   endloop
 endfacet
 facet normal -5.958604e-01  8.029177e-01  1.653983e-02
   outer loop
     vertex -1.056820e+01  1.829509e+02 -1.290000e+02
     vertex -1.169850e+01  1.821547e+02 -1.310696e+02
     vertex -1.160364e+01  1.822089e+02 -1.302824e+02
   endloop
 endfacet
 facet normal -5.796443e-01  8.148622e-01 -3.464056e-03
   outer loop
     vertex -1.056820e+01  1.829509e+02 -1.290000e+02
     vertex -1.160364e+01  1.822089e+02 -1.302824e+02
     vertex -1.162474e+01  1.821967e+02 -1.296335e+02
   endloop
 endfacet
 facet normal -5.722700e-01  8.197803e-01 -2.161796e-02
   outer loop
     vertex -1.056820e+01  1.829509e+02 -1.290000e+02
     vertex -1.162474e+01  1.821967e+02 -1.296335e+02
     vertex -1.174839e+01  1.821271e+02 -1.290000e+02
   endloop
 endfacet
 facet normal -5.796710e-01  8.148447e-01  3.109974e-03
   outer loop
     vertex -1.056820e+01  1.829509e+02 -1.290000e+02
     vertex -1.041421e+01  1.830892e+02 -1.365199e+02
     vertex -1.169850e+01  1.821547e+02 -1.310696e+02
   endloop
 endfacet
 facet normal -7.283106e-01  6.852372e-01 -3.696435e-03
   outer loop
     vertex -9.589516e+00  1.840063e+02 -1.290000e+02
     vertex -9.788681e+00  1.837522e+02 -1.368594e+02
     vertex -1.041421e+01  1.830892e+02 -1.365199e+02
   endloop
 endfacet
 facet normal -8.137367e-01  5.812307e-01  1.830688e-03
   outer loop
     vertex -9.589516e+00  1.840063e+02 -1.290000e+02
     vertex -9.249016e+00  1.845083e+02 -1.370460e+02
     vertex -9.788681e+00  1.837522e+02 -1.368594e+02
   endloop
 endfacet
 facet normal -7.332347e-01  6.799710e-01 -2.514165e-03
   outer loop
     vertex -9.589516e+00  1.840063e+02 -1.290000e+02
     vertex -1.041421e+01  1.830892e+02 -1.365199e+02
     vertex -1.056820e+01  1.829509e+02 -1.290000e+02
   endloop
 endfacet
 facet normal -8.863042e-01  4.631029e-01  7.932326e-04
   outer loop
     vertex -8.856828e+00  1.852451e+02 -1.290000e+02
     vertex -8.814672e+00  1.853396e+02 -1.370676e+02
     vertex -9.249016e+00  1.845083e+02 -1.370460e+02
   endloop
 endfacet
 facet normal -9.418960e-01  3.359031e-01 -9.871663e-04
   outer loop
     vertex -8.856828e+00  1.852451e+02 -1.290000e+02
     vertex -8.499754e+00  1.862231e+02 -1.369212e+02
     vertex -8.814672e+00  1.853396e+02 -1.370676e+02
   endloop
 endfacet
 facet normal -8.607229e-01  5.090524e-01 -4.661450e-03
   outer loop
     vertex -8.856828e+00  1.852451e+02 -1.290000e+02
     vertex -9.249016e+00  1.845083e+02 -1.370460e+02
     vertex -9.589516e+00  1.840063e+02 -1.290000e+02
   endloop
 endfacet
 facet normal -9.793949e-01  2.019445e-01  2.014090e-03
   outer loop
     vertex -8.403451e+00  1.866112e+02 -1.290000e+02
     vertex -8.311547e+00  1.871328e+02 -1.366133e+02
     vertex -8.499754e+00  1.862231e+02 -1.369212e+02
   endloop
 endfacet
 facet normal -9.974447e-01  7.108174e-02 -7.170292e-03
   outer loop
     vertex -8.403451e+00  1.866112e+02 -1.290000e+02
     vertex -8.250000e+00  1.880422e+02 -1.361593e+02
     vertex -8.311547e+00  1.871328e+02 -1.366133e+02
   endloop
 endfacet
 facet normal -9.490853e-01  3.149951e-01 -3.892638e-03
   outer loop
     vertex -8.403451e+00  1.866112e+02 -1.290000e+02
     vertex -8.499754e+00  1.862231e+02 -1.369212e+02
     vertex -8.856828e+00  1.852451e+02 -1.290000e+02
   endloop
 endfacet
 facet normal -9.943004e-01  1.066150e-01  0.000000e+00
   outer loop
     vertex -8.250000e+00  1.880422e+02 -1.290000e+02
     vertex -8.250000e+00  1.880422e+02 -1.361593e+02
     vertex -8.403451e+00  1.866112e+02 -1.290000e+02
   endloop
 endfacet
 facet normal -9.903527e-01 -1.385693e-01  0.000000e+00
   outer loop
     vertex -8.509220e+00  1.898949e+02 -1.429829e+02
     vertex -8.250000e+00  1.880422e+02 -1.440526e+02
     vertex -8.250000e+00  1.880422e+02 -1.417432e+02
   endloop
 endfacet
 facet normal -9.922938e-01 -1.210078e-01  2.664854e-02
   outer loop
     vertex -8.401242e+00  1.894631e+02 -1.409228e+02
     vertex -8.509220e+00  1.898949e+02 -1.429829e+02
     vertex -8.250000e+00  1.880422e+02 -1.417432e+02
   endloop
 endfacet
 facet normal -9.133301e-01 -4.065613e-01  2.315166e-02
   outer loop
     vertex -8.864777e+00  1.908568e+02 -1.401182e+02
     vertex -9.193248e+00  1.914838e+02 -1.420656e+02
     vertex -8.509220e+00  1.898949e+02 -1.429829e+02
   endloop
 endfacet
 facet normal -9.512948e-01 -3.079330e-01 -1.467639e-02
   outer loop
     vertex -8.864777e+00  1.908568e+02 -1.401182e+02
     vertex -8.509220e+00  1.898949e+02 -1.429829e+02
     vertex -8.401242e+00  1.894631e+02 -1.409228e+02
   endloop
 endfacet
 facet normal -8.008147e-01 -5.988036e-01  1.140821e-02
   outer loop
     vertex -9.780417e+00  1.923223e+02 -1.392721e+02
     vertex -1.000852e+01  1.925862e+02 -1.414291e+02
     vertex -9.193248e+00  1.914838e+02 -1.420656e+02
   endloop
 endfacet
 facet normal -8.538558e-01 -5.199834e-01 -2.339867e-02
   outer loop
     vertex -9.780417e+00  1.923223e+02 -1.392721e+02
     vertex -9.193248e+00  1.914838e+02 -1.420656e+02
     vertex -8.864777e+00  1.908568e+02 -1.401182e+02
   endloop
 endfacet
 facet normal -6.746194e-01 -7.379222e-01 -1.896082e-02
   outer loop
     vertex -1.100000e+01  1.934794e+02 -1.409134e+02
     vertex -1.000852e+01  1.925862e+02 -1.414291e+02
     vertex -9.780417e+00  1.923223e+02 -1.392721e+02
   endloop
 endfacet
 facet normal -6.882900e-01 -7.254357e-01  3.034514e-14
   outer loop
     vertex -1.100000e+01  1.934794e+02 -1.386040e+02
     vertex -1.100000e+01  1.934794e+02 -1.409134e+02
     vertex -9.780417e+00  1.923223e+02 -1.392721e+02
   endloop
 endfacet
 facet normal -9.903527e-01 -1.385693e-01  0.000000e+00
   outer loop
     vertex  2.149078e+01  1.898949e+02 -1.429829e+02
     vertex  2.175000e+01  1.880422e+02 -1.440526e+02
     vertex  2.175000e+01  1.880422e+02 -1.417432e+02
   endloop
 endfacet
 facet normal -9.922938e-01 -1.210078e-01  2.664854e-02
   outer loop
     vertex  2.159876e+01  1.894631e+02 -1.409228e+02
     vertex  2.149078e+01  1.898949e+02 -1.429829e+02
     vertex  2.175000e+01  1.880422e+02 -1.417432e+02
   endloop
 endfacet
 facet normal -9.133301e-01 -4.065613e-01  2.315166e-02
   outer loop
     vertex  2.113522e+01  1.908568e+02 -1.401182e+02
     vertex  2.080675e+01  1.914838e+02 -1.420656e+02
     vertex  2.149078e+01  1.898949e+02 -1.429829e+02
   endloop
 endfacet
 facet normal -9.512948e-01 -3.079330e-01 -1.467639e-02
   outer loop
     vertex  2.113522e+01  1.908568e+02 -1.401182e+02
     vertex  2.149078e+01  1.898949e+02 -1.429829e+02
     vertex  2.159876e+01  1.894631e+02 -1.409228e+02
   endloop
 endfacet
 facet normal -8.008147e-01 -5.988036e-01  1.140821e-02
   outer loop
     vertex  2.021958e+01  1.923223e+02 -1.392721e+02
     vertex  1.999148e+01  1.925862e+02 -1.414291e+02
     vertex  2.080675e+01  1.914838e+02 -1.420656e+02
   endloop
 endfacet
 facet normal -8.538558e-01 -5.199834e-01 -2.339867e-02
   outer loop
     vertex  2.021958e+01  1.923223e+02 -1.392721e+02
     vertex  2.080675e+01  1.914838e+02 -1.420656e+02
     vertex  2.113522e+01  1.908568e+02 -1.401182e+02
   endloop
 endfacet
 facet normal -6.746194e-01 -7.379222e-01 -1.896082e-02
   outer loop
     vertex  1.900000e+01  1.934794e+02 -1.409134e+02
     vertex  1.999148e+01  1.925862e+02 -1.414291e+02
     vertex  2.021958e+01  1.923223e+02 -1.392721e+02
   endloop
 endfacet
 facet normal -6.882900e-01 -7.254357e-01  3.814193e-14
   outer loop
     vertex  1.900000e+01  1.934794e+02 -1.386040e+02
     vertex  1.900000e+01  1.934794e+02 -1.409134e+02
     vertex  2.021958e+01  1.923223e+02 -1.392721e+02
   endloop
 endfacet
 facet normal  9.943004e-01  1.066150e-01  0.000000e+00
   outer loop
     vertex  8.403451e+00  1.866112e+02 -1.290000e+02
     vertex  8.250000e+00  1.880422e+02 -1.361593e+02
     vertex  8.250000e+00  1.880422e+02 -1.290000e+02
   endloop
 endfacet
 facet normal  9.974447e-01  7.108174e-02 -7.170292e-03
   outer loop
     vertex  8.403451e+00  1.866112e+02 -1.290000e+02
     vertex  8.311547e+00  1.871328e+02 -1.366133e+02
     vertex  8.250000e+00  1.880422e+02 -1.361593e+02
   endloop
 endfacet
 facet normal  9.793949e-01  2.019445e-01  2.014090e-03
   outer loop
     vertex  8.403451e+00  1.866112e+02 -1.290000e+02
     vertex  8.499754e+00  1.862231e+02 -1.369212e+02
     vertex  8.311547e+00  1.871328e+02 -1.366133e+02
   endloop
 endfacet
 facet normal  9.418960e-01  3.359031e-01 -9.871663e-04
   outer loop
     vertex  8.856828e+00  1.852451e+02 -1.290000e+02
     vertex  8.814672e+00  1.853396e+02 -1.370676e+02
     vertex  8.499754e+00  1.862231e+02 -1.369212e+02
   endloop
 endfacet
 facet normal  8.863042e-01  4.631029e-01  7.932326e-04
   outer loop
     vertex  8.856828e+00  1.852451e+02 -1.290000e+02
     vertex  9.249016e+00  1.845083e+02 -1.370460e+02
     vertex  8.814672e+00  1.853396e+02 -1.370676e+02
   endloop
 endfacet
 facet normal  9.490853e-01  3.149951e-01 -3.892638e-03
   outer loop
     vertex  8.856828e+00  1.852451e+02 -1.290000e+02
     vertex  8.499754e+00  1.862231e+02 -1.369212e+02
     vertex  8.403451e+00  1.866112e+02 -1.290000e+02
   endloop
 endfacet
 facet normal  8.137367e-01  5.812307e-01  1.830688e-03
   outer loop
     vertex  9.589516e+00  1.840063e+02 -1.290000e+02
     vertex  9.788681e+00  1.837522e+02 -1.368594e+02
     vertex  9.249016e+00  1.845083e+02 -1.370460e+02
   endloop
 endfacet
 facet normal  7.283106e-01  6.852372e-01 -3.696435e-03
   outer loop
     vertex  9.589516e+00  1.840063e+02 -1.290000e+02
     vertex  1.041421e+01  1.830892e+02 -1.365199e+02
     vertex  9.788681e+00  1.837522e+02 -1.368594e+02
   endloop
 endfacet
 facet normal  8.607229e-01  5.090524e-01 -4.661450e-03
   outer loop
     vertex  9.589516e+00  1.840063e+02 -1.290000e+02
     vertex  9.249016e+00  1.845083e+02 -1.370460e+02
     vertex  8.856828e+00  1.852451e+02 -1.290000e+02
   endloop
 endfacet
 facet normal  7.332347e-01  6.799710e-01 -2.514165e-03
   outer loop
     vertex  1.056820e+01  1.829509e+02 -1.290000e+02
     vertex  1.041421e+01  1.830892e+02 -1.365199e+02
     vertex  9.589516e+00  1.840063e+02 -1.290000e+02
   endloop
 endfacet
 facet normal  5.887538e-01  8.082257e-01 -1.184113e-02
   outer loop
     vertex  1.201350e+01  1.819889e+02 -1.321036e+02
     vertex  1.164419e+01  1.821855e+02 -1.370416e+02
     vertex  1.041421e+01  1.830892e+02 -1.365199e+02
   endloop
 endfacet
 facet normal  5.756458e-01  8.176927e-01  3.244757e-03
   outer loop
     vertex  1.176377e+01  1.821186e+02 -1.313561e+02
     vertex  1.041421e+01  1.830892e+02 -1.365199e+02
     vertex  1.056820e+01  1.829509e+02 -1.290000e+02
   endloop
 endfacet
 facet normal  5.188151e-01  8.545203e-01  2.501943e-02
   outer loop
     vertex  1.176377e+01  1.821186e+02 -1.313561e+02
     vertex  1.201350e+01  1.819889e+02 -1.321036e+02
     vertex  1.041421e+01  1.830892e+02 -1.365199e+02
   endloop
 endfacet
 facet normal  4.238047e-01  9.057430e-01  4.378866e-03
   outer loop
     vertex  1.236417e+01  1.818281e+02 -1.327997e+02
     vertex  1.164419e+01  1.821855e+02 -1.370416e+02
     vertex  1.201350e+01  1.819889e+02 -1.321036e+02
   endloop
 endfacet
 facet normal  6.094905e-01  7.922478e-01  2.940686e-02
   outer loop
     vertex  1.162462e+01  1.821968e+02 -1.305780e+02
     vertex  1.176377e+01  1.821186e+02 -1.313561e+02
     vertex  1.056820e+01  1.829509e+02 -1.290000e+02
   endloop
 endfacet
 facet normal  4.013963e-01  9.158951e-01  4.148975e-03
   outer loop
     vertex  1.281942e+01  1.816541e+02 -1.334325e+02
     vertex  1.298042e+01  1.816015e+02 -1.373788e+02
     vertex  1.164419e+01  1.821855e+02 -1.370416e+02
   endloop
 endfacet
 facet normal  3.745612e-01  9.270883e-01  1.453532e-02
   outer loop
     vertex  1.281942e+01  1.816541e+02 -1.334325e+02
     vertex  1.164419e+01  1.821855e+02 -1.370416e+02
     vertex  1.236417e+01  1.818281e+02 -1.327997e+02
   endloop
 endfacet
 facet normal  5.828358e-01  8.125879e-01  1.842211e-03
   outer loop
     vertex  1.161147e+01  1.822044e+02 -1.297800e+02
     vertex  1.162462e+01  1.821968e+02 -1.305780e+02
     vertex  1.056820e+01  1.829509e+02 -1.290000e+02
   endloop
 endfacet
 facet normal  2.802581e-01  9.599237e-01 -1.380938e-03
   outer loop
     vertex  1.338369e+01  1.814886e+02 -1.339698e+02
     vertex  1.298042e+01  1.816015e+02 -1.373788e+02
     vertex  1.281942e+01  1.816541e+02 -1.334325e+02
   endloop
 endfacet
 facet normal  5.722985e-01  8.198212e-01 -1.917477e-02
   outer loop
     vertex  1.174839e+01  1.821271e+02 -1.290000e+02
     vertex  1.161147e+01  1.822044e+02 -1.297800e+02
     vertex  1.056820e+01  1.829509e+02 -1.290000e+02
   endloop
 endfacet
 facet normal  1.997626e-01  9.798048e-01  8.799251e-03
   outer loop
     vertex  1.399091e+01  1.813681e+02 -1.343345e+02
     vertex  1.298042e+01  1.816015e+02 -1.373788e+02
     vertex  1.338369e+01  1.814886e+02 -1.339698e+02
   endloop
 endfacet
 facet normal  2.026942e-01  9.792112e-01  7.780668e-03
   outer loop
     vertex  1.399091e+01  1.813681e+02 -1.343345e+02
     vertex  1.430890e+01  1.813277e+02 -1.375369e+02
     vertex  1.298042e+01  1.816015e+02 -1.373788e+02
   endloop
 endfacet
 facet normal  1.126500e-01  9.936338e-01 -1.342365e-03
   outer loop
     vertex  1.448319e+01  1.813121e+02 -1.344981e+02
     vertex  1.430890e+01  1.813277e+02 -1.375369e+02
     vertex  1.399091e+01  1.813681e+02 -1.343345e+02
   endloop
 endfacet
 facet normal  8.803632e-04  9.999313e-01  1.169166e-02
   outer loop
     vertex  1.500000e+01  1.812922e+02 -1.345551e+02
     vertex  1.567935e+01  1.813265e+02 -1.375376e+02
     vertex  1.430890e+01  1.813277e+02 -1.375369e+02
   endloop
 endfacet
 facet normal  3.864165e-02  9.992488e-01  2.931337e-03
   outer loop
     vertex  1.500000e+01  1.812922e+02 -1.345551e+02
     vertex  1.430890e+01  1.813277e+02 -1.375369e+02
     vertex  1.448319e+01  1.813121e+02 -1.344981e+02
   endloop
 endfacet
 facet normal -3.961633e-02  9.992119e-01  2.458843e-03
   outer loop
     vertex  1.553049e+01  1.813131e+02 -1.344950e+02
     vertex  1.567935e+01  1.813265e+02 -1.375376e+02
     vertex  1.500000e+01  1.812922e+02 -1.345551e+02
   endloop
 endfacet
 facet normal -2.010565e-01  9.795439e-01  8.366403e-03
   outer loop
     vertex  1.603510e+01  1.813721e+02 -1.343227e+02
     vertex  1.700854e+01  1.815980e+02 -1.373808e+02
     vertex  1.567935e+01  1.813265e+02 -1.375376e+02
   endloop
 endfacet
 facet normal -1.155996e-01  9.932951e-01 -1.284765e-03
   outer loop
     vertex  1.603510e+01  1.813721e+02 -1.343227e+02
     vertex  1.567935e+01  1.813265e+02 -1.375376e+02
     vertex  1.553049e+01  1.813131e+02 -1.344950e+02
   endloop
 endfacet
 facet normal -1.934740e-01  9.810450e-01  1.089090e-02
   outer loop
     vertex  1.649370e+01  1.814596e+02 -1.340593e+02
     vertex  1.700854e+01  1.815980e+02 -1.373808e+02
     vertex  1.603510e+01  1.813721e+02 -1.343227e+02
   endloop
 endfacet
 facet normal -2.522622e-01  9.676582e-01  1.220810e-03
   outer loop
     vertex  1.689914e+01  1.815649e+02 -1.337283e+02
     vertex  1.700854e+01  1.815980e+02 -1.373808e+02
     vertex  1.649370e+01  1.814596e+02 -1.340593e+02
   endloop
 endfacet
 facet normal -3.905598e-01  9.205555e-01  6.377105e-03
   outer loop
     vertex  1.736069e+01  1.817185e+02 -1.332085e+02
     vertex  1.822126e+01  1.821105e+02 -1.370850e+02
     vertex  1.700854e+01  1.815980e+02 -1.373808e+02
   endloop
 endfacet
 facet normal -3.149812e-01  9.490975e-01 -8.261056e-04
   outer loop
     vertex  1.736069e+01  1.817185e+02 -1.332085e+02
     vertex  1.700854e+01  1.815980e+02 -1.373808e+02
     vertex  1.689914e+01  1.815649e+02 -1.337283e+02
   endloop
 endfacet
 facet normal -5.293277e-01  8.483512e-01 -1.060302e-02
   outer loop
     vertex  1.777693e+01  1.818899e+02 -1.325494e+02
     vertex  1.894781e+01  1.825671e+02 -1.368213e+02
     vertex  1.822126e+01  1.821105e+02 -1.370850e+02
   endloop
 endfacet
 facet normal -3.897007e-01  9.209179e-01  6.604469e-03
   outer loop
     vertex  1.777693e+01  1.818899e+02 -1.325494e+02
     vertex  1.822126e+01  1.821105e+02 -1.370850e+02
     vertex  1.736069e+01  1.817185e+02 -1.332085e+02
   endloop
 endfacet
 facet normal -4.610390e-01  8.872649e-01  1.428270e-02
   outer loop
     vertex  1.809113e+01  1.820416e+02 -1.318315e+02
     vertex  1.894781e+01  1.825671e+02 -1.368213e+02
     vertex  1.777693e+01  1.818899e+02 -1.325494e+02
   endloop
 endfacet
 facet normal -6.289888e-01  7.772706e-01 -1.495304e-02
   outer loop
     vertex  1.830150e+01  1.821547e+02 -1.310696e+02
     vertex  1.958579e+01  1.830892e+02 -1.365199e+02
     vertex  1.894781e+01  1.825671e+02 -1.368213e+02
   endloop
 endfacet
 facet normal -4.930161e-01  8.699922e-01  6.973694e-03
   outer loop
     vertex  1.830150e+01  1.821547e+02 -1.310696e+02
     vertex  1.894781e+01  1.825671e+02 -1.368213e+02
     vertex  1.809113e+01  1.820416e+02 -1.318315e+02
   endloop
 endfacet
 facet normal -5.896609e-01  8.075026e-01  1.547724e-02
   outer loop
     vertex  1.934872e+01  1.828798e+02 -1.290000e+02
     vertex  1.830150e+01  1.821547e+02 -1.310696e+02
     vertex  1.839636e+01  1.822089e+02 -1.302824e+02
   endloop
 endfacet
 facet normal -5.730327e-01  8.195264e-01 -3.161088e-03
   outer loop
     vertex  1.934872e+01  1.828798e+02 -1.290000e+02
     vertex  1.839636e+01  1.822089e+02 -1.302824e+02
     vertex  1.837526e+01  1.821967e+02 -1.296335e+02
   endloop
 endfacet
 facet normal -5.753999e-01  8.178591e-01  4.633190e-03
   outer loop
     vertex  1.934872e+01  1.828798e+02 -1.290000e+02
     vertex  1.958579e+01  1.830892e+02 -1.365199e+02
     vertex  1.830150e+01  1.821547e+02 -1.310696e+02
   endloop
 endfacet
 facet normal -5.656308e-01  8.244206e-01 -1.981220e-02
   outer loop
     vertex  1.934872e+01  1.828798e+02 -1.290000e+02
     vertex  1.837526e+01  1.821967e+02 -1.296335e+02
     vertex  1.825161e+01  1.821271e+02 -1.290000e+02
   endloop
 endfacet
 facet normal -8.157257e-01  5.782135e-01 -1.614786e-02
   outer loop
     vertex  2.100000e+01  1.849499e+02 -1.338126e+02
     vertex  2.075098e+01  1.845083e+02 -1.370460e+02
     vertex  2.021132e+01  1.837522e+02 -1.368594e+02
   endloop
 endfacet
 facet normal -8.862486e-01  4.631829e-01  4.993727e-03
   outer loop
     vertex  2.100000e+01  1.849499e+02 -1.338126e+02
     vertex  2.118533e+01  1.853396e+02 -1.370676e+02
     vertex  2.075098e+01  1.845083e+02 -1.370460e+02
   endloop
 endfacet
 facet normal -7.276245e-01  6.859749e-01 -9.915492e-04
   outer loop
     vertex  2.027687e+01  1.838331e+02 -1.290000e+02
     vertex  2.021132e+01  1.837522e+02 -1.368594e+02
     vertex  1.958579e+01  1.830892e+02 -1.365199e+02
   endloop
 endfacet
 facet normal -7.164917e-01  6.975885e-01 -3.163542e-03
   outer loop
     vertex  2.027687e+01  1.838331e+02 -1.290000e+02
     vertex  1.958579e+01  1.830892e+02 -1.365199e+02
     vertex  1.934872e+01  1.828798e+02 -1.290000e+02
   endloop
 endfacet
 facet normal -8.367591e-01  5.475695e-01  1.343282e-03
   outer loop
     vertex  2.027687e+01  1.838331e+02 -1.290000e+02
     vertex  2.100000e+01  1.849499e+02 -1.338126e+02
     vertex  2.021132e+01  1.837522e+02 -1.368594e+02
   endloop
 endfacet
 facet normal -9.062498e-01  4.227413e-01 -9.868508e-04
   outer loop
     vertex  2.122506e+01  1.854324e+02 -1.337939e+02
     vertex  2.118533e+01  1.853396e+02 -1.370676e+02
     vertex  2.100000e+01  1.849499e+02 -1.338126e+02
   endloop
 endfacet
 facet normal -9.421687e-01  3.351103e-01  4.381947e-03
   outer loop
     vertex  2.141244e+01  1.859344e+02 -1.337205e+02
     vertex  2.150025e+01  1.862231e+02 -1.369212e+02
     vertex  2.118533e+01  1.853396e+02 -1.370676e+02
   endloop
 endfacet
 facet normal -9.369181e-01  3.495460e-01  1.460550e-03
   outer loop
     vertex  2.141244e+01  1.859344e+02 -1.337205e+02
     vertex  2.118533e+01  1.853396e+02 -1.370676e+02
     vertex  2.122506e+01  1.854324e+02 -1.337939e+02
   endloop
 endfacet
 facet normal -8.394106e-01  5.434978e-01  0.000000e+00
   outer loop
     vertex  2.100000e+01  1.849499e+02 -1.290000e+02
     vertex  2.100000e+01  1.849499e+02 -1.338126e+02
     vertex  2.027687e+01  1.838331e+02 -1.290000e+02
   endloop
 endfacet
 facet normal -9.794423e-01  2.017057e-01  2.748852e-03
   outer loop
     vertex  2.166561e+01  1.869782e+02 -1.334102e+02
     vertex  2.168845e+01  1.871328e+02 -1.366133e+02
     vertex  2.150025e+01  1.862231e+02 -1.369212e+02
   endloop
 endfacet
 facet normal -9.714529e-01  2.371745e-01 -5.255843e-03
   outer loop
     vertex  2.166561e+01  1.869782e+02 -1.334102e+02
     vertex  2.150025e+01  1.862231e+02 -1.369212e+02
     vertex  2.141244e+01  1.859344e+02 -1.337205e+02
   endloop
 endfacet
 facet normal -9.975824e-01  6.939141e-02 -3.765578e-03
   outer loop
     vertex  2.175000e+01  1.880422e+02 -1.361593e+02
     vertex  2.168845e+01  1.871328e+02 -1.366133e+02
     vertex  2.166561e+01  1.869782e+02 -1.334102e+02
   endloop
 endfacet
 facet normal -9.968695e-01  7.906400e-02  0.000000e+00
   outer loop
     vertex  2.175000e+01  1.880422e+02 -1.328933e+02
     vertex  2.175000e+01  1.880422e+02 -1.361593e+02
     vertex  2.166561e+01  1.869782e+02 -1.334102e+02
   endloop
 endfacet
 facet normal  1.205269e-01  9.113095e-16  9.927101e-01
   outer loop
     vertex  1.422229e+01  1.200000e+01 -2.331556e+02
     vertex  1.500000e+01  1.034775e+01 -2.332500e+02
     vertex  1.500000e+01  1.200000e+01 -2.332500e+02
   endloop
 endfacet
 facet normal  1.214387e-01  4.355161e-04  9.925988e-01
   outer loop
     vertex  1.422229e+01  1.200000e+01 -2.331556e+02
     vertex  1.421643e+01  1.033076e+01 -2.331541e+02
     vertex  1.500000e+01  1.034775e+01 -2.332500e+02
   endloop
 endfacet
 facet normal  3.571018e-01  8.259875e-04  9.340651e-01
   outer loop
     vertex  1.348976e+01  1.200000e+01 -2.328778e+02
     vertex  1.347929e+01  1.028392e+01 -2.328723e+02
     vertex  1.421643e+01  1.033076e+01 -2.331541e+02
   endloop
 endfacet
 facet normal  3.545772e-01 -4.322073e-04  9.350266e-01
   outer loop
     vertex  1.348976e+01  1.200000e+01 -2.328778e+02
     vertex  1.421643e+01  1.033076e+01 -2.331541e+02
     vertex  1.422229e+01  1.200000e+01 -2.331556e+02
   endloop
 endfacet
 facet normal  5.713811e-01  1.018720e-03  8.206843e-01
   outer loop
     vertex  1.284500e+01  1.200000e+01 -2.324328e+02
     vertex  1.283361e+01  1.022165e+01 -2.324226e+02
     vertex  1.347929e+01  1.028392e+01 -2.328723e+02
   endloop
 endfacet
 facet normal  5.680240e-01 -8.181130e-04  8.230116e-01
   outer loop
     vertex  1.284500e+01  1.200000e+01 -2.324328e+02
     vertex  1.347929e+01  1.028392e+01 -2.328723e+02
     vertex  1.348976e+01  1.200000e+01 -2.328778e+02
   endloop
 endfacet
 facet normal  7.517753e-01  1.149544e-03  6.594184e-01
   outer loop
     vertex  1.232545e+01  1.200000e+01 -2.318464e+02
     vertex  1.231540e+01  1.017690e+01 -2.318318e+02
     vertex  1.283361e+01  1.022165e+01 -2.324226e+02
   endloop
 endfacet
 facet normal  8.728735e-01 -8.936390e-04  4.879458e-01
   outer loop
     vertex  1.232545e+01  1.200000e+01 -2.318464e+02
     vertex  1.203332e+01  1.020012e+01 -2.313271e+02
     vertex  1.231540e+01  1.017690e+01 -2.318318e+02
   endloop
 endfacet
 facet normal  7.484647e-01 -1.013334e-03  6.631739e-01
   outer loop
     vertex  1.232545e+01  1.200000e+01 -2.318464e+02
     vertex  1.283361e+01  1.022165e+01 -2.324226e+02
     vertex  1.284500e+01  1.200000e+01 -2.324328e+02
   endloop
 endfacet
 facet normal  9.355350e-01  3.208058e-03  3.532193e-01
   outer loop
     vertex  1.196131e+01  1.200000e+01 -2.311528e+02
     vertex  1.189782e+01  1.028171e+01 -2.309690e+02
     vertex  1.203332e+01  1.020012e+01 -2.313271e+02
   endloop
 endfacet
 facet normal  9.661662e-01 -8.128828e-03  2.577922e-01
   outer loop
     vertex  1.196131e+01  1.200000e+01 -2.311528e+02
     vertex  1.182238e+01  1.041444e+01 -2.306821e+02
     vertex  1.189782e+01  1.028171e+01 -2.309690e+02
   endloop
 endfacet
 facet normal  9.811017e-01 -2.918326e-02  1.912794e-01
   outer loop
     vertex  1.196131e+01  1.200000e+01 -2.311528e+02
     vertex  1.177711e+01  1.061742e+01 -2.304189e+02
     vertex  1.182238e+01  1.041444e+01 -2.306821e+02
   endloop
 endfacet
 facet normal  9.870397e-01 -5.068370e-02  1.522624e-01
   outer loop
     vertex  1.196131e+01  1.200000e+01 -2.311528e+02
     vertex  1.175606e+01  1.086977e+01 -2.301984e+02
     vertex  1.177711e+01  1.061742e+01 -2.304189e+02
   endloop
 endfacet
 facet normal  8.853740e-01 -9.606175e-03  4.647802e-01
   outer loop
     vertex  1.196131e+01  1.200000e+01 -2.311528e+02
     vertex  1.203332e+01  1.020012e+01 -2.313271e+02
     vertex  1.232545e+01  1.200000e+01 -2.318464e+02
   endloop
 endfacet
 facet normal  9.705920e-01  2.582862e-02  2.393409e-01
   outer loop
     vertex  1.177374e+01  1.200000e+01 -2.303921e+02
     vertex  1.175606e+01  1.086977e+01 -2.301984e+02
     vertex  1.196131e+01  1.200000e+01 -2.311528e+02
   endloop
 endfacet
 facet normal  9.995352e-01 -1.075004e-02  2.852789e-02
   outer loop
     vertex  1.175256e+01  1.141601e+01 -2.298701e+02
     vertex  1.175606e+01  1.086977e+01 -2.301984e+02
     vertex  1.177374e+01  1.200000e+01 -2.303921e+02
   endloop
 endfacet
 facet normal  9.993471e-01 -3.612966e-02  1.278974e-04
   outer loop
     vertex  1.177364e+01  1.200000e+01 -2.296087e+02
     vertex  1.175256e+01  1.141601e+01 -2.298701e+02
     vertex  1.177374e+01  1.200000e+01 -2.303921e+02
   endloop
 endfacet
 facet normal  1.205269e-01  9.113095e-16  9.927101e-01
   outer loop
     vertex -1.577771e+01  1.200000e+01 -2.331556e+02
     vertex -1.500000e+01  1.034775e+01 -2.332500e+02
     vertex -1.500000e+01  1.200000e+01 -2.332500e+02
   endloop
 endfacet
 facet normal  1.214387e-01  4.355161e-04  9.925988e-01
   outer loop
     vertex -1.577771e+01  1.200000e+01 -2.331556e+02
     vertex -1.578357e+01  1.033076e+01 -2.331541e+02
     vertex -1.500000e+01  1.034775e+01 -2.332500e+02
   endloop
 endfacet
 facet normal  3.571018e-01  8.259875e-04  9.340651e-01
   outer loop
     vertex -1.651024e+01  1.200000e+01 -2.328778e+02
     vertex -1.652071e+01  1.028392e+01 -2.328723e+02
     vertex -1.578357e+01  1.033076e+01 -2.331541e+02
   endloop
 endfacet
 facet normal  3.545772e-01 -4.322073e-04  9.350266e-01
   outer loop
     vertex -1.651024e+01  1.200000e+01 -2.328778e+02
     vertex -1.578357e+01  1.033076e+01 -2.331541e+02
     vertex -1.577771e+01  1.200000e+01 -2.331556e+02
   endloop
 endfacet
 facet normal  5.713811e-01  1.018720e-03  8.206843e-01
   outer loop
     vertex -1.715500e+01  1.200000e+01 -2.324328e+02
     vertex -1.716639e+01  1.022165e+01 -2.324226e+02
     vertex -1.652071e+01  1.028392e+01 -2.328723e+02
   endloop
 endfacet
 facet normal  5.680240e-01 -8.181130e-04  8.230116e-01
   outer loop
     vertex -1.715500e+01  1.200000e+01 -2.324328e+02
     vertex -1.652071e+01  1.028392e+01 -2.328723e+02
     vertex -1.651024e+01  1.200000e+01 -2.328778e+02
   endloop
 endfacet
 facet normal  7.517753e-01  1.149544e-03  6.594184e-01
   outer loop
     vertex -1.767455e+01  1.200000e+01 -2.318464e+02
     vertex -1.768460e+01  1.017690e+01 -2.318318e+02
     vertex -1.716639e+01  1.022165e+01 -2.324226e+02
   endloop
 endfacet
 facet normal  8.728735e-01 -8.936390e-04  4.879458e-01
   outer loop
     vertex -1.767455e+01  1.200000e+01 -2.318464e+02
     vertex -1.796668e+01  1.020012e+01 -2.313271e+02
     vertex -1.768460e+01  1.017690e+01 -2.318318e+02
   endloop
 endfacet
 facet normal  7.484647e-01 -1.013334e-03  6.631739e-01
   outer loop
     vertex -1.767455e+01  1.200000e+01 -2.318464e+02
     vertex -1.716639e+01  1.022165e+01 -2.324226e+02
     vertex -1.715500e+01  1.200000e+01 -2.324328e+02
   endloop
 endfacet
 facet normal  9.355350e-01  3.208058e-03  3.532193e-01
   outer loop
     vertex -1.803869e+01  1.200000e+01 -2.311528e+02
     vertex -1.810218e+01  1.028171e+01 -2.309690e+02
     vertex -1.796668e+01  1.020012e+01 -2.313271e+02
   endloop
 endfacet
 facet normal  9.661662e-01 -8.128828e-03  2.577922e-01
   outer loop
     vertex -1.803869e+01  1.200000e+01 -2.311528e+02
     vertex -1.817762e+01  1.041444e+01 -2.306821e+02
     vertex -1.810218e+01  1.028171e+01 -2.309690e+02
   endloop
 endfacet
 facet normal  9.811017e-01 -2.918326e-02  1.912794e-01
   outer loop
     vertex -1.803869e+01  1.200000e+01 -2.311528e+02
     vertex -1.822289e+01  1.061742e+01 -2.304189e+02
     vertex -1.817762e+01  1.041444e+01 -2.306821e+02
   endloop
 endfacet
 facet normal  9.870397e-01 -5.068370e-02  1.522624e-01
   outer loop
     vertex -1.803869e+01  1.200000e+01 -2.311528e+02
     vertex -1.824394e+01  1.086977e+01 -2.301984e+02
     vertex -1.822289e+01  1.061742e+01 -2.304189e+02
   endloop
 endfacet
 facet normal  8.853740e-01 -9.606175e-03  4.647802e-01
   outer loop
     vertex -1.803869e+01  1.200000e+01 -2.311528e+02
     vertex -1.796668e+01  1.020012e+01 -2.313271e+02
     vertex -1.767455e+01  1.200000e+01 -2.318464e+02
   endloop
 endfacet
 facet normal  9.705920e-01  2.582862e-02  2.393409e-01
   outer loop
     vertex -1.822626e+01  1.200000e+01 -2.303921e+02
     vertex -1.824394e+01  1.086977e+01 -2.301984e+02
     vertex -1.803869e+01  1.200000e+01 -2.311528e+02
   endloop
 endfacet
 facet normal  9.995352e-01 -1.075004e-02  2.852789e-02
   outer loop
     vertex -1.824744e+01  1.141601e+01 -2.298701e+02
     vertex -1.824394e+01  1.086977e+01 -2.301984e+02
     vertex -1.822626e+01  1.200000e+01 -2.303921e+02
   endloop
 endfacet
 facet normal  9.993471e-01 -3.612966e-02  1.278974e-04
   outer loop
     vertex -1.822636e+01  1.200000e+01 -2.296087e+02
     vertex -1.824744e+01  1.141601e+01 -2.298701e+02
     vertex -1.822626e+01  1.200000e+01 -2.303921e+02
   endloop
 endfacet
 facet normal  1.756046e-02  7.196018e-17 -9.998458e-01
   outer loop
     vertex -1.523553e+01  2.764467e+01 -2.232541e+02
     vertex -1.500000e+01  3.286826e+01 -2.232500e+02
     vertex -1.500000e+01  2.766826e+01 -2.232500e+02
   endloop
 endfacet
 facet normal  6.165080e-02 -2.397770e-03 -9.980949e-01
   outer loop
     vertex -1.546129e+01  2.757803e+01 -2.232658e+02
     vertex -1.582729e+01  3.278012e+01 -2.233009e+02
     vertex -1.500000e+01  3.286826e+01 -2.232500e+02
   endloop
 endfacet
 facet normal  5.198051e-02 -1.552910e-03 -9.986469e-01
   outer loop
     vertex -1.546129e+01  2.757803e+01 -2.232658e+02
     vertex -1.500000e+01  3.286826e+01 -2.232500e+02
     vertex -1.523553e+01  2.764467e+01 -2.232541e+02
   endloop
 endfacet
 facet normal  8.431378e-02 -7.921069e-04 -9.964389e-01
   outer loop
     vertex -1.567303e+01  2.747554e+01 -2.232836e+02
     vertex -1.582729e+01  3.278012e+01 -2.233009e+02
     vertex -1.546129e+01  2.757803e+01 -2.232658e+02
   endloop
 endfacet
 facet normal  1.186875e-01  2.189363e-04 -9.929316e-01
   outer loop
     vertex -1.593012e+01  2.729734e+01 -2.233144e+02
     vertex -1.582729e+01  3.278012e+01 -2.233009e+02
     vertex -1.567303e+01  2.747554e+01 -2.232836e+02
   endloop
 endfacet
 facet normal  1.849366e-01 -2.313160e-03 -9.827477e-01
   outer loop
     vertex -1.626544e+01  2.697248e+01 -2.233697e+02
     vertex -1.665473e+01  3.251151e+01 -2.234560e+02
     vertex -1.582729e+01  3.278012e+01 -2.233009e+02
   endloop
 endfacet
 facet normal  1.632647e-01 -6.327328e-04 -9.865821e-01
   outer loop
     vertex -1.626544e+01  2.697248e+01 -2.233697e+02
     vertex -1.582729e+01  3.278012e+01 -2.233009e+02
     vertex -1.593012e+01  2.729734e+01 -2.233144e+02
   endloop
 endfacet
 facet normal  3.057326e-01 -2.744055e-04 -9.521174e-01
   outer loop
     vertex -1.668119e+01  2.641042e+01 -2.234627e+02
     vertex -1.746264e+01  3.206240e+01 -2.237153e+02
     vertex -1.665473e+01  3.251151e+01 -2.234560e+02
   endloop
 endfacet
 facet normal  2.182026e-01  1.314454e-04 -9.759035e-01
   outer loop
     vertex -1.668119e+01  2.641042e+01 -2.234627e+02
     vertex -1.665473e+01  3.251151e+01 -2.234560e+02
     vertex -1.626544e+01  2.697248e+01 -2.233697e+02
   endloop
 endfacet
 facet normal  2.898542e-01 -2.690955e-03 -9.570670e-01
   outer loop
     vertex -1.716581e+01  2.549198e+01 -2.236069e+02
     vertex -1.746264e+01  3.206240e+01 -2.237153e+02
     vertex -1.668119e+01  2.641042e+01 -2.234627e+02
   endloop
 endfacet
 facet normal  3.415469e-02 -2.347312e-16 -9.994166e-01
   outer loop
     vertex -1.546067e+01  1.410371e+01 -2.232657e+02
     vertex -1.500000e+01  1.406826e+01 -2.232500e+02
     vertex -1.500000e+01  1.200000e+01 -2.232500e+02
   endloop
 endfacet
 facet normal  1.049111e-01  1.553209e-02 -9.943603e-01
   outer loop
     vertex -1.590649e+01  1.420848e+01 -2.233111e+02
     vertex -1.546067e+01  1.410371e+01 -2.232657e+02
     vertex -1.500000e+01  1.200000e+01 -2.232500e+02
   endloop
 endfacet
 facet normal  4.236908e-01 -1.595139e-03 -9.058055e-01
   outer loop
     vertex -1.777918e+01  2.374853e+01 -2.238487e+02
     vertex -1.823163e+01  3.144128e+01 -2.240739e+02
     vertex -1.746264e+01  3.206240e+01 -2.237153e+02
   endloop
 endfacet
 facet normal  3.640640e-01  1.085411e-03 -9.313733e-01
   outer loop
     vertex -1.777918e+01  2.374853e+01 -2.238487e+02
     vertex -1.746264e+01  3.206240e+01 -2.237153e+02
     vertex -1.716581e+01  2.549198e+01 -2.236069e+02
   endloop
 endfacet
 facet normal  1.798159e-01 -1.018130e-03 -9.836998e-01
   outer loop
     vertex -1.646635e+01  1.200000e+01 -2.234112e+02
     vertex -1.652437e+01  1.448797e+01 -2.234244e+02
     vertex -1.590649e+01  1.420848e+01 -2.233111e+02
   endloop
 endfacet
 facet normal  1.092564e-01  1.732943e-02 -9.938625e-01
   outer loop
     vertex -1.646635e+01  1.200000e+01 -2.234112e+02
     vertex -1.590649e+01  1.420848e+01 -2.233111e+02
     vertex -1.500000e+01  1.200000e+01 -2.232500e+02
   endloop
 endfacet
 facet normal  2.701812e-01  1.199989e-03 -9.628087e-01
   outer loop
     vertex -1.710740e+01  1.494791e+01 -2.235874e+02
     vertex -1.652437e+01  1.448797e+01 -2.234244e+02
     vertex -1.646635e+01  1.200000e+01 -2.234112e+02
   endloop
 endfacet
 facet normal  5.324155e-01  2.062187e-04 -8.464831e-01
   outer loop
     vertex -1.820365e+01  2.174659e+01 -2.240586e+02
     vertex -1.894416e+01  3.066472e+01 -2.245222e+02
     vertex -1.823163e+01  3.144128e+01 -2.240739e+02
   endloop
 endfacet
 facet normal  4.438211e-01 -1.275222e-04 -8.961154e-01
   outer loop
     vertex -1.820365e+01  2.174659e+01 -2.240586e+02
     vertex -1.823163e+01  3.144128e+01 -2.240739e+02
     vertex -1.777918e+01  2.374853e+01 -2.238487e+02
   endloop
 endfacet
 facet normal  5.113837e-01 -2.208975e-03 -8.593497e-01
   outer loop
     vertex -1.839949e+01  1.912341e+01 -2.241684e+02
     vertex -1.894416e+01  3.066472e+01 -2.245222e+02
     vertex -1.820365e+01  2.174659e+01 -2.240586e+02
   endloop
 endfacet
 facet normal  6.281042e-01  5.789861e-03 -7.781077e-01
   outer loop
     vertex -1.839949e+01  1.912341e+01 -2.241684e+02
     vertex -1.958579e+01  2.975591e+01 -2.250469e+02
     vertex -1.894416e+01  3.066472e+01 -2.245222e+02
   endloop
 endfacet
 facet normal  4.555409e-01  4.935493e-04 -8.902147e-01
   outer loop
     vertex -1.786266e+01  1.200000e+01 -2.238871e+02
     vertex -1.820541e+01  1.719813e+01 -2.240596e+02
     vertex -1.792616e+01  1.624994e+01 -2.239172e+02
   endloop
 endfacet
 facet normal  4.088750e-01 -3.624209e-04 -9.125903e-01
   outer loop
     vertex -1.786266e+01  1.200000e+01 -2.238871e+02
     vertex -1.792616e+01  1.624994e+01 -2.239172e+02
     vertex -1.760010e+01  1.558452e+01 -2.237709e+02
   endloop
 endfacet
 facet normal  3.539357e-01  4.396853e-03 -9.352594e-01
   outer loop
     vertex -1.786266e+01  1.200000e+01 -2.238871e+02
     vertex -1.760010e+01  1.558452e+01 -2.237709e+02
     vertex -1.710740e+01  1.494791e+01 -2.235874e+02
   endloop
 endfacet
 facet normal  3.225695e-01  1.357036e-02 -9.464485e-01
   outer loop
     vertex -1.786266e+01  1.200000e+01 -2.238871e+02
     vertex -1.710740e+01  1.494791e+01 -2.235874e+02
     vertex -1.646635e+01  1.200000e+01 -2.234112e+02
   endloop
 endfacet
 facet normal  5.205083e-01  5.984672e-03 -8.538356e-01
   outer loop
     vertex -1.912225e+01  1.200000e+01 -2.246549e+02
     vertex -1.820541e+01  1.719813e+01 -2.240596e+02
     vertex -1.786266e+01  1.200000e+01 -2.238871e+02
   endloop
 endfacet
 facet normal  5.780709e-01 -2.921730e-03 -8.159813e-01
   outer loop
     vertex -1.912225e+01  1.200000e+01 -2.246549e+02
     vertex -1.958579e+01  2.975591e+01 -2.250469e+02
     vertex -1.839949e+01  1.912341e+01 -2.241684e+02
   endloop
 endfacet
 facet normal  5.251644e-01  4.837197e-03 -8.509871e-01
   outer loop
     vertex -1.912225e+01  1.200000e+01 -2.246549e+02
     vertex -1.839949e+01  1.912341e+01 -2.241684e+02
     vertex -1.820541e+01  1.719813e+01 -2.240596e+02
   endloop
 endfacet
 facet normal  8.118131e-01  1.132075e-02 -5.838076e-01
   outer loop
     vertex -2.100000e+01  2.370456e+01 -2.269077e+02
     vertex -2.063248e+01  2.971336e+01 -2.262801e+02
     vertex -2.034208e+01  2.983611e+01 -2.258739e+02
   endloop
 endfacet
 facet normal  8.542171e-01  2.053787e-03 -5.199124e-01
   outer loop
     vertex -2.100000e+01  2.370456e+01 -2.269077e+02
     vertex -2.089759e+01  2.948760e+01 -2.267166e+02
     vertex -2.063248e+01  2.971336e+01 -2.262801e+02
   endloop
 endfacet
 facet normal  8.920848e-01 -8.654949e-04 -4.518672e-01
   outer loop
     vertex -2.100000e+01  2.370456e+01 -2.269077e+02
     vertex -2.113322e+01  2.915424e+01 -2.271811e+02
     vertex -2.089759e+01  2.948760e+01 -2.267166e+02
   endloop
 endfacet
 facet normal  7.104715e-01  1.041598e-03 -7.037252e-01
   outer loop
     vertex -2.018495e+01  1.200000e+01 -2.256781e+02
     vertex -1.999493e+01  2.985901e+01 -2.254598e+02
     vertex -1.958579e+01  2.975591e+01 -2.250469e+02
   endloop
 endfacet
 facet normal  7.663270e-01 -3.015492e-04 -6.424506e-01
   outer loop
     vertex -2.018495e+01  1.200000e+01 -2.256781e+02
     vertex -2.034208e+01  2.983611e+01 -2.258739e+02
     vertex -1.999493e+01  2.985901e+01 -2.254598e+02
   endloop
 endfacet
 facet normal  6.935733e-01  2.203954e-03 -7.203827e-01
   outer loop
     vertex -2.018495e+01  1.200000e+01 -2.256781e+02
     vertex -1.958579e+01  2.975591e+01 -2.250469e+02
     vertex -1.912225e+01  1.200000e+01 -2.246549e+02
   endloop
 endfacet
 facet normal  8.397520e-01  1.437427e-03 -5.429682e-01
   outer loop
     vertex -2.018495e+01  1.200000e+01 -2.256781e+02
     vertex -2.100000e+01  2.370456e+01 -2.269077e+02
     vertex -2.034208e+01  2.983611e+01 -2.258739e+02
   endloop
 endfacet
 facet normal  9.297031e-01 -1.329434e-03 -3.683074e-01
   outer loop
     vertex -2.121346e+01  2.334336e+01 -2.273627e+02
     vertex -2.139476e+01  2.853769e+01 -2.278391e+02
     vertex -2.113322e+01  2.915424e+01 -2.271811e+02
   endloop
 endfacet
 facet normal  9.050872e-01  7.891023e-04 -4.252253e-01
   outer loop
     vertex -2.121346e+01  2.334336e+01 -2.273627e+02
     vertex -2.113322e+01  2.915424e+01 -2.271811e+02
     vertex -2.100000e+01  2.370456e+01 -2.269077e+02
   endloop
 endfacet
 facet normal  9.346232e-01  4.094119e-06 -3.556395e-01
   outer loop
     vertex -2.139495e+01  2.288022e+01 -2.278397e+02
     vertex -2.139476e+01  2.853769e+01 -2.278391e+02
     vertex -2.121346e+01  2.334336e+01 -2.273627e+02
   endloop
 endfacet
 facet normal  9.648957e-01 -6.510018e-06 -2.626334e-01
   outer loop
     vertex -2.160778e+01  2.760822e+01 -2.286217e+02
     vertex -2.139476e+01  2.853769e+01 -2.278391e+02
     vertex -2.139495e+01  2.288022e+01 -2.278397e+02
   endloop
 endfacet
 facet normal  8.335057e-01 -1.594636e-15 -5.525109e-01
   outer loop
     vertex -2.100000e+01  1.200000e+01 -2.269077e+02
     vertex -2.100000e+01  2.370456e+01 -2.269077e+02
     vertex -2.018495e+01  1.200000e+01 -2.256781e+02
   endloop
 endfacet
 facet normal  9.929711e-01 -3.957122e-03 -1.182911e-01
   outer loop
     vertex -2.169376e+01  2.124202e+01 -2.291305e+02
     vertex -2.174372e+01  2.599695e+01 -2.297089e+02
     vertex -2.160778e+01  2.760822e+01 -2.286217e+02
   endloop
 endfacet
 facet normal  9.726946e-01  5.407146e-03 -2.320259e-01
   outer loop
     vertex -2.169376e+01  2.124202e+01 -2.291305e+02
     vertex -2.160778e+01  2.760822e+01 -2.286217e+02
     vertex -2.139495e+01  2.288022e+01 -2.278397e+02
   endloop
 endfacet
 facet normal  9.961074e-01 -4.875207e-03  8.801245e-02
   outer loop
     vertex -2.166234e+01  1.779506e+01 -2.310843e+02
     vertex -2.161408e+01  2.289914e+01 -2.313477e+02
     vertex -2.174372e+01  2.599695e+01 -2.297089e+02
   endloop
 endfacet
 facet normal  9.999453e-01  1.026027e-02 -2.017316e-03
   outer loop
     vertex -2.166234e+01  1.779506e+01 -2.310843e+02
     vertex -2.174372e+01  2.599695e+01 -2.297089e+02
     vertex -2.169376e+01  2.124202e+01 -2.291305e+02
   endloop
 endfacet
 facet normal  9.278066e-01 -8.169335e-03  3.729721e-01
   outer loop
     vertex -2.100000e+01  1.299242e+01 -2.330923e+02
     vertex -2.083970e+01  1.782121e+01 -2.333853e+02
     vertex -2.161408e+01  2.289914e+01 -2.313477e+02
   endloop
 endfacet
 facet normal  9.541245e-01  6.428480e-03  2.993412e-01
   outer loop
     vertex -2.100000e+01  1.299242e+01 -2.330923e+02
     vertex -2.161408e+01  2.289914e+01 -2.313477e+02
     vertex -2.166234e+01  1.779506e+01 -2.310843e+02
   endloop
 endfacet
 facet normal  8.540889e-01 -1.492734e-14  5.201271e-01
   outer loop
     vertex -2.050105e+01  1.200000e+01 -2.339116e+02
     vertex -2.100000e+01  1.299242e+01 -2.330923e+02
     vertex -2.100000e+01  1.200000e+01 -2.330923e+02
   endloop
 endfacet
 facet normal  8.556912e-01  2.992425e-03  5.174782e-01
   outer loop
     vertex -2.050105e+01  1.200000e+01 -2.339116e+02
     vertex -2.083970e+01  1.782121e+01 -2.333853e+02
     vertex -2.100000e+01  1.299242e+01 -2.330923e+02
   endloop
 endfacet
 facet normal  7.716717e-01 -1.260215e-02  6.358962e-01
   outer loop
     vertex -1.989101e+01  1.200000e+01 -2.346519e+02
     vertex -2.083970e+01  1.782121e+01 -2.333853e+02
     vertex -2.050105e+01  1.200000e+01 -2.339116e+02
   endloop
 endfacet
 facet normal  7.305972e-01 -2.936631e-02  6.821769e-01
   outer loop
     vertex -1.958579e+01  1.259792e+01 -2.349531e+02
     vertex -2.083970e+01  1.782121e+01 -2.333853e+02
     vertex -1.989101e+01  1.200000e+01 -2.346519e+02
   endloop
 endfacet
 facet normal  6.735226e-01  2.820063e-02  7.386285e-01
   outer loop
     vertex -1.918217e+01  1.200000e+01 -2.352983e+02
     vertex -1.958579e+01  1.259792e+01 -2.349531e+02
     vertex -1.989101e+01  1.200000e+01 -2.346519e+02
   endloop
 endfacet
 facet normal  1.756046e-02  4.806196e-17 -9.998458e-01
   outer loop
     vertex  1.476447e+01  2.764467e+01 -2.232541e+02
     vertex  1.500000e+01  3.286826e+01 -2.232500e+02
     vertex  1.500000e+01  2.766826e+01 -2.232500e+02
   endloop
 endfacet
 facet normal  6.165080e-02 -2.397770e-03 -9.980949e-01
   outer loop
     vertex  1.453871e+01  2.757803e+01 -2.232658e+02
     vertex  1.417271e+01  3.278012e+01 -2.233009e+02
     vertex  1.500000e+01  3.286826e+01 -2.232500e+02
   endloop
 endfacet
 facet normal  5.198051e-02 -1.552910e-03 -9.986469e-01
   outer loop
     vertex  1.453871e+01  2.757803e+01 -2.232658e+02
     vertex  1.500000e+01  3.286826e+01 -2.232500e+02
     vertex  1.476447e+01  2.764467e+01 -2.232541e+02
   endloop
 endfacet
 facet normal  8.431378e-02 -7.921069e-04 -9.964389e-01
   outer loop
     vertex  1.432697e+01  2.747554e+01 -2.232836e+02
     vertex  1.417271e+01  3.278012e+01 -2.233009e+02
     vertex  1.453871e+01  2.757803e+01 -2.232658e+02
   endloop
 endfacet
 facet normal  1.186875e-01  2.189363e-04 -9.929316e-01
   outer loop
     vertex  1.406988e+01  2.729734e+01 -2.233144e+02
     vertex  1.417271e+01  3.278012e+01 -2.233009e+02
     vertex  1.432697e+01  2.747554e+01 -2.232836e+02
   endloop
 endfacet
 facet normal  1.849366e-01 -2.313160e-03 -9.827477e-01
   outer loop
     vertex  1.373456e+01  2.697248e+01 -2.233697e+02
     vertex  1.334527e+01  3.251151e+01 -2.234560e+02
     vertex  1.417271e+01  3.278012e+01 -2.233009e+02
   endloop
 endfacet
 facet normal  1.632647e-01 -6.327328e-04 -9.865821e-01
   outer loop
     vertex  1.373456e+01  2.697248e+01 -2.233697e+02
     vertex  1.417271e+01  3.278012e+01 -2.233009e+02
     vertex  1.406988e+01  2.729734e+01 -2.233144e+02
   endloop
 endfacet
 facet normal  3.057326e-01 -2.744055e-04 -9.521174e-01
   outer loop
     vertex  1.331881e+01  2.641042e+01 -2.234627e+02
     vertex  1.253736e+01  3.206240e+01 -2.237153e+02
     vertex  1.334527e+01  3.251151e+01 -2.234560e+02
   endloop
 endfacet
 facet normal  2.182026e-01  1.314454e-04 -9.759035e-01
   outer loop
     vertex  1.331881e+01  2.641042e+01 -2.234627e+02
     vertex  1.334527e+01  3.251151e+01 -2.234560e+02
     vertex  1.373456e+01  2.697248e+01 -2.233697e+02
   endloop
 endfacet
 facet normal  2.898542e-01 -2.690955e-03 -9.570670e-01
   outer loop
     vertex  1.283419e+01  2.549198e+01 -2.236069e+02
     vertex  1.253736e+01  3.206240e+01 -2.237153e+02
     vertex  1.331881e+01  2.641042e+01 -2.234627e+02
   endloop
 endfacet
 facet normal  3.415469e-02 -2.347312e-16 -9.994166e-01
   outer loop
     vertex  1.453933e+01  1.410371e+01 -2.232657e+02
     vertex  1.500000e+01  1.406826e+01 -2.232500e+02
     vertex  1.500000e+01  1.200000e+01 -2.232500e+02
   endloop
 endfacet
 facet normal  1.049111e-01  1.553209e-02 -9.943603e-01
   outer loop
     vertex  1.409351e+01  1.420848e+01 -2.233111e+02
     vertex  1.453933e+01  1.410371e+01 -2.232657e+02
     vertex  1.500000e+01  1.200000e+01 -2.232500e+02
   endloop
 endfacet
 facet normal  4.236908e-01 -1.595139e-03 -9.058055e-01
   outer loop
     vertex  1.222082e+01  2.374853e+01 -2.238487e+02
     vertex  1.176837e+01  3.144128e+01 -2.240739e+02
     vertex  1.253736e+01  3.206240e+01 -2.237153e+02
   endloop
 endfacet
 facet normal  3.640640e-01  1.085411e-03 -9.313733e-01
   outer loop
     vertex  1.222082e+01  2.374853e+01 -2.238487e+02
     vertex  1.253736e+01  3.206240e+01 -2.237153e+02
     vertex  1.283419e+01  2.549198e+01 -2.236069e+02
   endloop
 endfacet
 facet normal  1.815365e-01  2.915400e-03 -9.833799e-01
   outer loop
     vertex  1.334744e+01  1.200000e+01 -2.234554e+02
     vertex  1.347563e+01  1.448797e+01 -2.234244e+02
     vertex  1.409351e+01  1.420848e+01 -2.233111e+02
   endloop
 endfacet
 facet normal  1.233211e-01  2.315134e-02 -9.920967e-01
   outer loop
     vertex  1.334744e+01  1.200000e+01 -2.234554e+02
     vertex  1.409351e+01  1.420848e+01 -2.233111e+02
     vertex  1.500000e+01  1.200000e+01 -2.232500e+02
   endloop
 endfacet
 facet normal  2.679944e-01 -1.788352e-03 -9.634188e-01
   outer loop
     vertex  1.289260e+01  1.494791e+01 -2.235874e+02
     vertex  1.347563e+01  1.448797e+01 -2.234244e+02
     vertex  1.334744e+01  1.200000e+01 -2.234554e+02
   endloop
 endfacet
 facet normal  5.324155e-01  2.062187e-04 -8.464831e-01
   outer loop
     vertex  1.179635e+01  2.174659e+01 -2.240586e+02
     vertex  1.105584e+01  3.066472e+01 -2.245222e+02
     vertex  1.176837e+01  3.144128e+01 -2.240739e+02
   endloop
 endfacet
 facet normal  4.438211e-01 -1.275222e-04 -8.961154e-01
   outer loop
     vertex  1.179635e+01  2.174659e+01 -2.240586e+02
     vertex  1.176837e+01  3.144128e+01 -2.240739e+02
     vertex  1.222082e+01  2.374853e+01 -2.238487e+02
   endloop
 endfacet
 facet normal  6.281042e-01  5.789861e-03 -7.781077e-01
   outer loop
     vertex  1.160051e+01  1.912341e+01 -2.241684e+02
     vertex  1.041421e+01  2.975591e+01 -2.250469e+02
     vertex  1.105584e+01  3.066472e+01 -2.245222e+02
   endloop
 endfacet
 facet normal  5.113837e-01 -2.208975e-03 -8.593497e-01
   outer loop
     vertex  1.160051e+01  1.912341e+01 -2.241684e+02
     vertex  1.105584e+01  3.066472e+01 -2.245222e+02
     vertex  1.179635e+01  2.174659e+01 -2.240586e+02
   endloop
 endfacet
 facet normal  4.542194e-01  2.987887e-06 -8.908899e-01
   outer loop
     vertex  1.179546e+01  1.200000e+01 -2.240592e+02
     vertex  1.179459e+01  1.719813e+01 -2.240596e+02
     vertex  1.207384e+01  1.624994e+01 -2.239172e+02
   endloop
 endfacet
 facet normal  4.149326e-01  3.209483e-03 -9.098465e-01
   outer loop
     vertex  1.179546e+01  1.200000e+01 -2.240592e+02
     vertex  1.207384e+01  1.624994e+01 -2.239172e+02
     vertex  1.239990e+01  1.558452e+01 -2.237709e+02
   endloop
 endfacet
 facet normal  3.641814e-01  1.348742e-02 -9.312304e-01
   outer loop
     vertex  1.179546e+01  1.200000e+01 -2.240592e+02
     vertex  1.239990e+01  1.558452e+01 -2.237709e+02
     vertex  1.289260e+01  1.494791e+01 -2.235874e+02
   endloop
 endfacet
 facet normal  3.625180e-01  1.420863e-02 -9.318685e-01
   outer loop
     vertex  1.179546e+01  1.200000e+01 -2.240592e+02
     vertex  1.289260e+01  1.494791e+01 -2.235874e+02
     vertex  1.334744e+01  1.200000e+01 -2.234554e+02
   endloop
 endfacet
 facet normal  7.103525e-01  8.473311e-05 -7.038461e-01
   outer loop
     vertex  1.043852e+01  1.200000e+01 -2.250245e+02
     vertex  1.000507e+01  2.985901e+01 -2.254598e+02
     vertex  1.041421e+01  2.975591e+01 -2.250469e+02
   endloop
 endfacet
 facet normal  5.796881e-01  3.027094e-05 -8.148385e-01
   outer loop
     vertex  1.043852e+01  1.200000e+01 -2.250245e+02
     vertex  1.179459e+01  1.719813e+01 -2.240596e+02
     vertex  1.179546e+01  1.200000e+01 -2.240592e+02
   endloop
 endfacet
 facet normal  5.939501e-01 -2.015781e-04 -8.045018e-01
   outer loop
     vertex  1.043852e+01  1.200000e+01 -2.250245e+02
     vertex  1.041421e+01  2.975591e+01 -2.250469e+02
     vertex  1.160051e+01  1.912341e+01 -2.241684e+02
   endloop
 endfacet
 facet normal  5.563184e-01  9.111883e-03 -8.309193e-01
   outer loop
     vertex  1.043852e+01  1.200000e+01 -2.250245e+02
     vertex  1.160051e+01  1.912341e+01 -2.241684e+02
     vertex  1.179459e+01  1.719813e+01 -2.240596e+02
   endloop
 endfacet
 facet normal  7.662555e-01  2.254293e-03 -6.425320e-01
   outer loop
     vertex  9.359221e+00  1.200000e+01 -2.262927e+02
     vertex  9.657921e+00  2.983611e+01 -2.258739e+02
     vertex  1.000507e+01  2.985901e+01 -2.254598e+02
   endloop
 endfacet
 facet normal  8.134823e-01  3.245874e-05 -5.815897e-01
   outer loop
     vertex  9.359221e+00  1.200000e+01 -2.262927e+02
     vertex  9.367520e+00  2.971336e+01 -2.262801e+02
     vertex  9.657921e+00  2.983611e+01 -2.258739e+02
   endloop
 endfacet
 facet normal  8.546978e-01 -3.127705e-05 -5.191258e-01
   outer loop
     vertex  9.359221e+00  1.200000e+01 -2.262927e+02
     vertex  9.102414e+00  2.948760e+01 -2.267166e+02
     vertex  9.367520e+00  2.971336e+01 -2.262801e+02
   endloop
 endfacet
 facet normal  8.912256e-01  2.094435e-03 -4.535554e-01
   outer loop
     vertex  9.359221e+00  1.200000e+01 -2.262927e+02
     vertex  8.866783e+00  2.915424e+01 -2.271811e+02
     vertex  9.102414e+00  2.948760e+01 -2.267166e+02
   endloop
 endfacet
 facet normal  7.615361e-01  2.685414e-03 -6.481169e-01
   outer loop
     vertex  9.359221e+00  1.200000e+01 -2.262927e+02
     vertex  1.000507e+01  2.985901e+01 -2.254598e+02
     vertex  1.043852e+01  1.200000e+01 -2.250245e+02
   endloop
 endfacet
 facet normal  9.293290e-01 -1.619049e-04 -3.692527e-01
   outer loop
     vertex  8.623246e+00  1.200000e+01 -2.277865e+02
     vertex  8.605244e+00  2.853769e+01 -2.278391e+02
     vertex  8.866783e+00  2.915424e+01 -2.271811e+02
   endloop
 endfacet
 facet normal  9.648290e-01  2.147967e-04 -2.628781e-01
   outer loop
     vertex  8.623246e+00  1.200000e+01 -2.277865e+02
     vertex  8.392221e+00  2.760822e+01 -2.286217e+02
     vertex  8.605244e+00  2.853769e+01 -2.278391e+02
   endloop
 endfacet
 facet normal  8.970349e-01  2.862220e-03 -4.419504e-01
   outer loop
     vertex  8.623246e+00  1.200000e+01 -2.277865e+02
     vertex  8.866783e+00  2.915424e+01 -2.271811e+02
     vertex  9.359221e+00  1.200000e+01 -2.262927e+02
   endloop
 endfacet
 facet normal  9.924926e-01 -1.212321e-03 -1.222990e-01
   outer loop
     vertex  8.275392e+00  1.200000e+01 -2.294151e+02
     vertex  8.256279e+00  2.599695e+01 -2.297089e+02
     vertex  8.392221e+00  2.760822e+01 -2.286217e+02
   endloop
 endfacet
 facet normal  9.779347e-01  3.297870e-03 -2.088846e-01
   outer loop
     vertex  8.275392e+00  1.200000e+01 -2.294151e+02
     vertex  8.392221e+00  2.760822e+01 -2.286217e+02
     vertex  8.623246e+00  1.200000e+01 -2.277865e+02
   endloop
 endfacet
 facet normal  9.965109e-01 -2.432446e-03  8.342692e-02
   outer loop
     vertex  8.336832e+00  1.200000e+01 -2.310792e+02
     vertex  8.385918e+00  2.289914e+01 -2.313477e+02
     vertex  8.256279e+00  2.599695e+01 -2.297089e+02
   endloop
 endfacet
 facet normal  9.993169e-01  2.139189e-03  3.689444e-02
   outer loop
     vertex  8.336832e+00  1.200000e+01 -2.310792e+02
     vertex  8.256279e+00  2.599695e+01 -2.297089e+02
     vertex  8.275392e+00  1.200000e+01 -2.294151e+02
   endloop
 endfacet
 facet normal  9.255852e-01 -1.068150e-02  3.783885e-01
   outer loop
     vertex  8.803826e+00  1.200000e+01 -2.326777e+02
     vertex  9.160296e+00  1.782121e+01 -2.333853e+02
     vertex  8.385918e+00  2.289914e+01 -2.313477e+02
   endloop
 endfacet
 facet normal  9.598715e-01  2.586358e-03  2.804283e-01
   outer loop
     vertex  8.803826e+00  1.200000e+01 -2.326777e+02
     vertex  8.385918e+00  2.289914e+01 -2.313477e+02
     vertex  8.336832e+00  1.200000e+01 -2.310792e+02
   endloop
 endfacet
 facet normal  8.619738e-01  8.833092e-03  5.068758e-01
   outer loop
     vertex  9.647950e+00  1.200000e+01 -2.341132e+02
     vertex  9.160296e+00  1.782121e+01 -2.333853e+02
     vertex  8.803826e+00  1.200000e+01 -2.326777e+02
   endloop
 endfacet
 facet normal  7.459123e-01 -2.075042e-02  6.657208e-01
   outer loop
     vertex  1.041421e+01  1.259792e+01 -2.349531e+02
     vertex  9.160296e+00  1.782121e+01 -2.333853e+02
     vertex  9.647950e+00  1.200000e+01 -2.341132e+02
   endloop
 endfacet
 facet normal  7.096911e-01  7.459881e-02  7.005523e-01
   outer loop
     vertex  1.081783e+01  1.200000e+01 -2.352983e+02
     vertex  1.041421e+01  1.259792e+01 -2.349531e+02
     vertex  9.647950e+00  1.200000e+01 -2.341132e+02
   endloop
 endfacet
 facet normal -5.093766e-02  4.993509e-01 -8.649012e-01
   outer loop
     vertex  1.534593e+01  1.200000e+01 -2.244645e+02
     vertex  1.500000e+01  8.006080e+00 -2.267500e+02
     vertex  1.500000e+01  1.200000e+01 -2.244441e+02
   endloop
 endfacet
 facet normal -7.781346e-02  5.002384e-01 -8.623842e-01
   outer loop
     vertex  1.534593e+01  1.200000e+01 -2.244645e+02
     vertex  1.552791e+01  8.013789e+00 -2.267932e+02
     vertex  1.500000e+01  8.006080e+00 -2.267500e+02
   endloop
 endfacet
 facet normal -2.307490e-01  4.882196e-01 -8.416629e-01
   outer loop
     vertex  1.570451e+01  1.200000e+01 -2.245293e+02
     vertex  1.603764e+01  8.035878e+00 -2.269201e+02
     vertex  1.552791e+01  8.013789e+00 -2.267932e+02
   endloop
 endfacet
 facet normal -1.547895e-01  4.930612e-01 -8.561138e-01
   outer loop
     vertex  1.570451e+01  1.200000e+01 -2.245293e+02
     vertex  1.552791e+01  8.013789e+00 -2.267932e+02
     vertex  1.534593e+01  1.200000e+01 -2.244645e+02
   endloop
 endfacet
 facet normal -3.809895e-01  4.644043e-01 -7.994846e-01
   outer loop
     vertex  1.628601e+01  1.200000e+01 -2.247358e+02
     vertex  1.654678e+01  8.072097e+00 -2.271417e+02
     vertex  1.603764e+01  8.035878e+00 -2.269201e+02
   endloop
 endfacet
 facet normal -2.943758e-01  4.753039e-01 -8.291134e-01
   outer loop
     vertex  1.628601e+01  1.200000e+01 -2.247358e+02
     vertex  1.603764e+01  8.035878e+00 -2.269201e+02
     vertex  1.570451e+01  1.200000e+01 -2.245293e+02
   endloop
 endfacet
 facet normal -5.241255e-01  4.272011e-01 -7.367439e-01
   outer loop
     vertex  1.691470e+01  1.200000e+01 -2.251258e+02
     vertex  1.700789e+01  8.115693e+00 -2.274444e+02
     vertex  1.654678e+01  8.072097e+00 -2.271417e+02
   endloop
 endfacet
 facet normal -4.742626e-01  4.367343e-01 -7.644201e-01
   outer loop
     vertex  1.691470e+01  1.200000e+01 -2.251258e+02
     vertex  1.654678e+01  8.072097e+00 -2.271417e+02
     vertex  1.628601e+01  1.200000e+01 -2.247358e+02
   endloop
 endfacet
 facet normal -7.553300e-01  3.291061e-01 -5.667149e-01
   outer loop
     vertex  1.753422e+01  1.200000e+01 -2.257528e+02
     vertex  1.771404e+01  8.177758e+00 -2.282121e+02
     vertex  1.741332e+01  8.157273e+00 -2.278232e+02
   endloop
 endfacet
 facet normal -6.531002e-01  3.750161e-01 -6.578929e-01
   outer loop
     vertex  1.753422e+01  1.200000e+01 -2.257528e+02
     vertex  1.741332e+01  8.157273e+00 -2.278232e+02
     vertex  1.700789e+01  8.115693e+00 -2.274444e+02
   endloop
 endfacet
 facet normal -6.598663e-01  3.733852e-01 -6.520430e-01
   outer loop
     vertex  1.753422e+01  1.200000e+01 -2.257528e+02
     vertex  1.700789e+01  8.115693e+00 -2.274444e+02
     vertex  1.691470e+01  1.200000e+01 -2.251258e+02
   endloop
 endfacet
 facet normal -9.125234e-01  2.037356e-01 -3.546728e-01
   outer loop
     vertex  1.800991e+01  1.200000e+01 -2.265442e+02
     vertex  1.815170e+01  8.000000e+00 -2.292067e+02
     vertex  1.804734e+01  8.117584e+00 -2.288707e+02
   endloop
 endfacet
 facet normal -8.753799e-01  2.422554e-01 -4.183568e-01
   outer loop
     vertex  1.800991e+01  1.200000e+01 -2.265442e+02
     vertex  1.804734e+01  8.117584e+00 -2.288707e+02
     vertex  1.790038e+01  8.168446e+00 -2.285337e+02
   endloop
 endfacet
 facet normal -8.279079e-01  2.769214e-01 -4.877325e-01
   outer loop
     vertex  1.800991e+01  1.200000e+01 -2.265442e+02
     vertex  1.790038e+01  8.168446e+00 -2.285337e+02
     vertex  1.771404e+01  8.177758e+00 -2.282121e+02
   endloop
 endfacet
 facet normal -8.229186e-01  2.795453e-01 -4.946307e-01
   outer loop
     vertex  1.800991e+01  1.200000e+01 -2.265442e+02
     vertex  1.771404e+01  8.177758e+00 -2.282121e+02
     vertex  1.753422e+01  1.200000e+01 -2.257528e+02
   endloop
 endfacet
 facet normal -9.875324e-01  7.962370e-02 -1.357936e-01
   outer loop
     vertex  1.832128e+01  1.200000e+01 -2.275302e+02
     vertex  1.838957e+01  8.000000e+00 -2.303722e+02
     vertex  1.830529e+01  8.000000e+00 -2.297593e+02
   endloop
 endfacet
 facet normal -9.523789e-01  1.513280e-01 -2.647154e-01
   outer loop
     vertex  1.832128e+01  1.200000e+01 -2.275302e+02
     vertex  1.830529e+01  8.000000e+00 -2.297593e+02
     vertex  1.815170e+01  8.000000e+00 -2.292067e+02
   endloop
 endfacet
 facet normal -9.406107e-01  1.643767e-01 -2.970383e-01
   outer loop
     vertex  1.832128e+01  1.200000e+01 -2.275302e+02
     vertex  1.815170e+01  8.000000e+00 -2.292067e+02
     vertex  1.800991e+01  1.200000e+01 -2.265442e+02
   endloop
 endfacet
 facet normal -9.998502e-01 -6.256534e-03  1.613604e-02
   outer loop
     vertex  1.839270e+01  1.200000e+01 -2.286271e+02
     vertex  1.837730e+01  8.000000e+00 -2.311324e+02
     vertex  1.838957e+01  8.000000e+00 -2.303722e+02
   endloop
 endfacet
 facet normal -9.974641e-01  2.911422e-02 -6.494330e-02
   outer loop
     vertex  1.839270e+01  1.200000e+01 -2.286271e+02
     vertex  1.838957e+01  8.000000e+00 -2.303722e+02
     vertex  1.832128e+01  1.200000e+01 -2.275302e+02
   endloop
 endfacet
 facet normal -9.766195e-01 -1.063925e-01  1.868018e-01
   outer loop
     vertex  1.824112e+01  1.081044e+01 -2.302437e+02
     vertex  1.822832e+01  8.000000e+00 -2.319113e+02
     vertex  1.837730e+01  8.000000e+00 -2.311324e+02
   endloop
 endfacet
 facet normal -9.497028e-01 -1.565886e-01  2.711912e-01
   outer loop
     vertex  1.822356e+01  1.062246e+01 -2.304137e+02
     vertex  1.822832e+01  8.000000e+00 -2.319113e+02
     vertex  1.824112e+01  1.081044e+01 -2.302437e+02
   endloop
 endfacet
 facet normal -9.716594e-01 -1.127760e-01  2.077490e-01
   outer loop
     vertex  1.824927e+01  1.104100e+01 -2.300804e+02
     vertex  1.824112e+01  1.081044e+01 -2.302437e+02
     vertex  1.837730e+01  8.000000e+00 -2.311324e+02
   endloop
 endfacet
 facet normal -9.821764e-01 -9.703830e-02  1.609757e-01
   outer loop
     vertex  1.824927e+01  1.104100e+01 -2.300804e+02
     vertex  1.837730e+01  8.000000e+00 -2.311324e+02
     vertex  1.839270e+01  1.200000e+01 -2.286271e+02
   endloop
 endfacet
 facet normal -9.421082e-01 -1.675657e-01  2.904374e-01
   outer loop
     vertex  1.818088e+01  1.042379e+01 -2.306668e+02
     vertex  1.822832e+01  8.000000e+00 -2.319113e+02
     vertex  1.822356e+01  1.062246e+01 -2.304137e+02
   endloop
 endfacet
 facet normal -9.271179e-01 -1.853819e-01  3.257082e-01
   outer loop
     vertex  1.811370e+01  1.029514e+01 -2.309312e+02
     vertex  1.822832e+01  8.000000e+00 -2.319113e+02
     vertex  1.818088e+01  1.042379e+01 -2.306668e+02
   endloop
 endfacet
 facet normal -9.129979e-01 -1.979259e-01  3.567353e-01
   outer loop
     vertex  1.811370e+01  1.029514e+01 -2.309312e+02
     vertex  1.793608e+01  8.000000e+00 -2.326592e+02
     vertex  1.822832e+01  8.000000e+00 -2.319113e+02
   endloop
 endfacet
 facet normal -9.804756e-01 -1.051539e-01  1.661634e-01
   outer loop
     vertex  1.822636e+01  1.200000e+01 -2.296087e+02
     vertex  1.824927e+01  1.104100e+01 -2.300804e+02
     vertex  1.839270e+01  1.200000e+01 -2.286271e+02
   endloop
 endfacet
 facet normal -8.973294e-01 -2.190423e-01  3.831717e-01
   outer loop
     vertex  1.797719e+01  1.020348e+01 -2.313033e+02
     vertex  1.793608e+01  8.000000e+00 -2.326592e+02
     vertex  1.811370e+01  1.029514e+01 -2.309312e+02
   endloop
 endfacet
 facet normal -8.074976e-01 -2.892274e-01  5.140964e-01
   outer loop
     vertex  1.781288e+01  1.017699e+01 -2.316280e+02
     vertex  1.751233e+01  8.000000e+00 -2.333248e+02
     vertex  1.793608e+01  8.000000e+00 -2.326592e+02
   endloop
 endfacet
 facet normal -8.521060e-01 -2.626613e-01  4.526858e-01
   outer loop
     vertex  1.781288e+01  1.017699e+01 -2.316280e+02
     vertex  1.793608e+01  8.000000e+00 -2.326592e+02
     vertex  1.797719e+01  1.020348e+01 -2.313033e+02
   endloop
 endfacet
 facet normal -7.888480e-01 -3.063673e-01  5.327831e-01
   outer loop
     vertex  1.753820e+01  1.018541e+01 -2.320298e+02
     vertex  1.751233e+01  8.000000e+00 -2.333248e+02
     vertex  1.781288e+01  1.017699e+01 -2.316280e+02
   endloop
 endfacet
 facet normal -6.668919e-01 -3.671865e-01  6.484052e-01
   outer loop
     vertex  1.716425e+01  1.022188e+01 -2.324246e+02
     vertex  1.698618e+01  8.000000e+00 -2.338659e+02
     vertex  1.751233e+01  8.000000e+00 -2.333248e+02
   endloop
 endfacet
 facet normal -6.933907e-01 -3.612361e-01  6.234724e-01
   outer loop
     vertex  1.716425e+01  1.022188e+01 -2.324246e+02
     vertex  1.751233e+01  8.000000e+00 -2.333248e+02
     vertex  1.753820e+01  1.018541e+01 -2.320298e+02
   endloop
 endfacet
 facet normal -5.017299e-01 -4.269339e-01  7.523261e-01
   outer loop
     vertex  1.672814e+01  1.026558e+01 -2.327523e+02
     vertex  1.639771e+01  8.000000e+00 -2.342584e+02
     vertex  1.698618e+01  8.000000e+00 -2.338659e+02
   endloop
 endfacet
 facet normal -5.732509e-01 -4.131056e-01  7.076208e-01
   outer loop
     vertex  1.672814e+01  1.026558e+01 -2.327523e+02
     vertex  1.698618e+01  8.000000e+00 -2.338659e+02
     vertex  1.716425e+01  1.022188e+01 -2.324246e+02
   endloop
 endfacet
 facet normal -4.383731e-01 -4.523527e-01  7.766634e-01
   outer loop
     vertex  1.624573e+01  1.030482e+01 -2.330018e+02
     vertex  1.639771e+01  8.000000e+00 -2.342584e+02
     vertex  1.672814e+01  1.026558e+01 -2.327523e+02
   endloop
 endfacet
 facet normal -3.142669e-01 -4.703261e-01  8.246391e-01
   outer loop
     vertex  1.572178e+01  8.000000e+00 -2.345160e+02
     vertex  1.639771e+01  8.000000e+00 -2.342584e+02
     vertex  1.624573e+01  1.030482e+01 -2.330018e+02
   endloop
 endfacet
 facet normal -2.907201e-01 -4.783245e-01  8.286661e-01
   outer loop
     vertex  1.572469e+01  1.033322e+01 -2.331682e+02
     vertex  1.572178e+01  8.000000e+00 -2.345160e+02
     vertex  1.624573e+01  1.030482e+01 -2.330018e+02
   endloop
 endfacet
 facet normal -1.071946e-01 -4.908384e-01  8.646311e-01
   outer loop
     vertex  1.536502e+01  1.034406e+01 -2.332295e+02
     vertex  1.500000e+01  8.000000e+00 -2.346055e+02
     vertex  1.572178e+01  8.000000e+00 -2.345160e+02
   endloop
 endfacet
 facet normal -1.606722e-01 -4.935523e-01  8.547459e-01
   outer loop
     vertex  1.536502e+01  1.034406e+01 -2.332295e+02
     vertex  1.572178e+01  8.000000e+00 -2.345160e+02
     vertex  1.572469e+01  1.033322e+01 -2.331682e+02
   endloop
 endfacet
 facet normal -5.354048e-02 -4.992828e-01  8.647832e-01
   outer loop
     vertex  1.500000e+01  1.034775e+01 -2.332500e+02
     vertex  1.500000e+01  8.000000e+00 -2.346055e+02
     vertex  1.536502e+01  1.034406e+01 -2.332295e+02
   endloop
 endfacet
 facet normal -5.093766e-02  4.993509e-01 -8.649012e-01
   outer loop
     vertex -1.465407e+01  1.200000e+01 -2.244645e+02
     vertex -1.500000e+01  8.006080e+00 -2.267500e+02
     vertex -1.500000e+01  1.200000e+01 -2.244441e+02
   endloop
 endfacet
 facet normal -7.781346e-02  5.002384e-01 -8.623842e-01
   outer loop
     vertex -1.465407e+01  1.200000e+01 -2.244645e+02
     vertex -1.447209e+01  8.013789e+00 -2.267932e+02
     vertex -1.500000e+01  8.006080e+00 -2.267500e+02
   endloop
 endfacet
 facet normal -2.307490e-01  4.882196e-01 -8.416629e-01
   outer loop
     vertex -1.429549e+01  1.200000e+01 -2.245293e+02
     vertex -1.396236e+01  8.035878e+00 -2.269201e+02
     vertex -1.447209e+01  8.013789e+00 -2.267932e+02
   endloop
 endfacet
 facet normal -1.547895e-01  4.930612e-01 -8.561138e-01
   outer loop
     vertex -1.429549e+01  1.200000e+01 -2.245293e+02
     vertex -1.447209e+01  8.013789e+00 -2.267932e+02
     vertex -1.465407e+01  1.200000e+01 -2.244645e+02
   endloop
 endfacet
 facet normal -3.809895e-01  4.644043e-01 -7.994846e-01
   outer loop
     vertex -1.371399e+01  1.200000e+01 -2.247358e+02
     vertex -1.345322e+01  8.072097e+00 -2.271417e+02
     vertex -1.396236e+01  8.035878e+00 -2.269201e+02
   endloop
 endfacet
 facet normal -2.943758e-01  4.753039e-01 -8.291134e-01
   outer loop
     vertex -1.371399e+01  1.200000e+01 -2.247358e+02
     vertex -1.396236e+01  8.035878e+00 -2.269201e+02
     vertex -1.429549e+01  1.200000e+01 -2.245293e+02
   endloop
 endfacet
 facet normal -5.241255e-01  4.272011e-01 -7.367439e-01
   outer loop
     vertex -1.308530e+01  1.200000e+01 -2.251258e+02
     vertex -1.299211e+01  8.115693e+00 -2.274444e+02
     vertex -1.345322e+01  8.072097e+00 -2.271417e+02
   endloop
 endfacet
 facet normal -4.742626e-01  4.367343e-01 -7.644201e-01
   outer loop
     vertex -1.308530e+01  1.200000e+01 -2.251258e+02
     vertex -1.345322e+01  8.072097e+00 -2.271417e+02
     vertex -1.371399e+01  1.200000e+01 -2.247358e+02
   endloop
 endfacet
 facet normal -7.553300e-01  3.291061e-01 -5.667149e-01
   outer loop
     vertex -1.246578e+01  1.200000e+01 -2.257528e+02
     vertex -1.228596e+01  8.177758e+00 -2.282121e+02
     vertex -1.258668e+01  8.157273e+00 -2.278232e+02
   endloop
 endfacet
 facet normal -6.531002e-01  3.750161e-01 -6.578929e-01
   outer loop
     vertex -1.246578e+01  1.200000e+01 -2.257528e+02
     vertex -1.258668e+01  8.157273e+00 -2.278232e+02
     vertex -1.299211e+01  8.115693e+00 -2.274444e+02
   endloop
 endfacet
 facet normal -6.598663e-01  3.733852e-01 -6.520430e-01
   outer loop
     vertex -1.246578e+01  1.200000e+01 -2.257528e+02
     vertex -1.299211e+01  8.115693e+00 -2.274444e+02
     vertex -1.308530e+01  1.200000e+01 -2.251258e+02
   endloop
 endfacet
 facet normal -9.125234e-01  2.037356e-01 -3.546728e-01
   outer loop
     vertex -1.199009e+01  1.200000e+01 -2.265442e+02
     vertex -1.184830e+01  8.000000e+00 -2.292067e+02
     vertex -1.195266e+01  8.117584e+00 -2.288707e+02
   endloop
 endfacet
 facet normal -8.753799e-01  2.422554e-01 -4.183568e-01
   outer loop
     vertex -1.199009e+01  1.200000e+01 -2.265442e+02
     vertex -1.195266e+01  8.117584e+00 -2.288707e+02
     vertex -1.209962e+01  8.168446e+00 -2.285337e+02
   endloop
 endfacet
 facet normal -8.279079e-01  2.769214e-01 -4.877325e-01
   outer loop
     vertex -1.199009e+01  1.200000e+01 -2.265442e+02
     vertex -1.209962e+01  8.168446e+00 -2.285337e+02
     vertex -1.228596e+01  8.177758e+00 -2.282121e+02
   endloop
 endfacet
 facet normal -8.229186e-01  2.795453e-01 -4.946307e-01
   outer loop
     vertex -1.199009e+01  1.200000e+01 -2.265442e+02
     vertex -1.228596e+01  8.177758e+00 -2.282121e+02
     vertex -1.246578e+01  1.200000e+01 -2.257528e+02
   endloop
 endfacet
 facet normal -9.875324e-01  7.962370e-02 -1.357936e-01
   outer loop
     vertex -1.167872e+01  1.200000e+01 -2.275302e+02
     vertex -1.161043e+01  8.000000e+00 -2.303722e+02
     vertex -1.169471e+01  8.000000e+00 -2.297593e+02
   endloop
 endfacet
 facet normal -9.523789e-01  1.513280e-01 -2.647154e-01
   outer loop
     vertex -1.167872e+01  1.200000e+01 -2.275302e+02
     vertex -1.169471e+01  8.000000e+00 -2.297593e+02
     vertex -1.184830e+01  8.000000e+00 -2.292067e+02
   endloop
 endfacet
 facet normal -9.406107e-01  1.643767e-01 -2.970383e-01
   outer loop
     vertex -1.167872e+01  1.200000e+01 -2.275302e+02
     vertex -1.184830e+01  8.000000e+00 -2.292067e+02
     vertex -1.199009e+01  1.200000e+01 -2.265442e+02
   endloop
 endfacet
 facet normal -9.998502e-01 -6.256534e-03  1.613604e-02
   outer loop
     vertex -1.160730e+01  1.200000e+01 -2.286271e+02
     vertex -1.162270e+01  8.000000e+00 -2.311324e+02
     vertex -1.161043e+01  8.000000e+00 -2.303722e+02
   endloop
 endfacet
 facet normal -9.974641e-01  2.911422e-02 -6.494330e-02
   outer loop
     vertex -1.160730e+01  1.200000e+01 -2.286271e+02
     vertex -1.161043e+01  8.000000e+00 -2.303722e+02
     vertex -1.167872e+01  1.200000e+01 -2.275302e+02
   endloop
 endfacet
 facet normal -9.766195e-01 -1.063925e-01  1.868018e-01
   outer loop
     vertex -1.175888e+01  1.081044e+01 -2.302437e+02
     vertex -1.177168e+01  8.000000e+00 -2.319113e+02
     vertex -1.162270e+01  8.000000e+00 -2.311324e+02
   endloop
 endfacet
 facet normal -9.497028e-01 -1.565886e-01  2.711912e-01
   outer loop
     vertex -1.177644e+01  1.062246e+01 -2.304137e+02
     vertex -1.177168e+01  8.000000e+00 -2.319113e+02
     vertex -1.175888e+01  1.081044e+01 -2.302437e+02
   endloop
 endfacet
 facet normal -9.716594e-01 -1.127760e-01  2.077490e-01
   outer loop
     vertex -1.175073e+01  1.104100e+01 -2.300804e+02
     vertex -1.175888e+01  1.081044e+01 -2.302437e+02
     vertex -1.162270e+01  8.000000e+00 -2.311324e+02
   endloop
 endfacet
 facet normal -9.821764e-01 -9.703830e-02  1.609757e-01
   outer loop
     vertex -1.175073e+01  1.104100e+01 -2.300804e+02
     vertex -1.162270e+01  8.000000e+00 -2.311324e+02
     vertex -1.160730e+01  1.200000e+01 -2.286271e+02
   endloop
 endfacet
 facet normal -9.434976e-01 -1.656189e-01  2.870239e-01
   outer loop
     vertex -1.180952e+01  1.045470e+01 -2.306192e+02
     vertex -1.177168e+01  8.000000e+00 -2.319113e+02
     vertex -1.177644e+01  1.062246e+01 -2.304137e+02
   endloop
 endfacet
 facet normal -9.303888e-01 -1.818673e-01  3.182781e-01
   outer loop
     vertex -1.187124e+01  1.031533e+01 -2.308793e+02
     vertex -1.177168e+01  8.000000e+00 -2.319113e+02
     vertex -1.180952e+01  1.045470e+01 -2.306192e+02
   endloop
 endfacet
 facet normal -9.804756e-01 -1.051539e-01  1.661634e-01
   outer loop
     vertex -1.177364e+01  1.200000e+01 -2.296087e+02
     vertex -1.175073e+01  1.104100e+01 -2.300804e+02
     vertex -1.160730e+01  1.200000e+01 -2.286271e+02
   endloop
 endfacet
 facet normal -9.073849e-01 -2.030412e-01  3.680040e-01
   outer loop
     vertex -1.198505e+01  1.021838e+01 -2.312134e+02
     vertex -1.177168e+01  8.000000e+00 -2.319113e+02
     vertex -1.187124e+01  1.031533e+01 -2.308793e+02
   endloop
 endfacet
 facet normal -9.126148e-01 -1.999523e-01  3.565856e-01
   outer loop
     vertex -1.198505e+01  1.021838e+01 -2.312134e+02
     vertex -1.206392e+01  8.000000e+00 -2.326592e+02
     vertex -1.177168e+01  8.000000e+00 -2.319113e+02
   endloop
 endfacet
 facet normal -8.663522e-01 -2.507116e-01  4.319462e-01
   outer loop
     vertex -1.212675e+01  1.018178e+01 -2.315189e+02
     vertex -1.206392e+01  8.000000e+00 -2.326592e+02
     vertex -1.198505e+01  1.021838e+01 -2.312134e+02
   endloop
 endfacet
 facet normal -8.072963e-01 -2.900159e-01  5.139683e-01
   outer loop
     vertex -1.236442e+01  1.017903e+01 -2.319016e+02
     vertex -1.248767e+01  8.000000e+00 -2.333248e+02
     vertex -1.206392e+01  8.000000e+00 -2.326592e+02
   endloop
 endfacet
 facet normal -8.125858e-01 -2.881868e-01  5.066091e-01
   outer loop
     vertex -1.236442e+01  1.017903e+01 -2.319016e+02
     vertex -1.206392e+01  8.000000e+00 -2.326592e+02
     vertex -1.212675e+01  1.018178e+01 -2.315189e+02
   endloop
 endfacet
 facet normal -6.670999e-01 -3.664506e-01  6.486074e-01
   outer loop
     vertex -1.269062e+01  1.020673e+01 -2.322868e+02
     vertex -1.301382e+01  8.000000e+00 -2.338659e+02
     vertex -1.248767e+01  8.000000e+00 -2.333248e+02
   endloop
 endfacet
 facet normal -7.282060e-01 -3.454186e-01  5.919476e-01
   outer loop
     vertex -1.269062e+01  1.020673e+01 -2.322868e+02
     vertex -1.248767e+01  8.000000e+00 -2.333248e+02
     vertex -1.236442e+01  1.017903e+01 -2.319016e+02
   endloop
 endfacet
 facet normal -6.242093e-01 -3.921331e-01  6.757177e-01
   outer loop
     vertex -1.307204e+01  1.024619e+01 -2.326162e+02
     vertex -1.301382e+01  8.000000e+00 -2.338659e+02
     vertex -1.269062e+01  1.020673e+01 -2.322868e+02
   endloop
 endfacet
 facet normal -5.010239e-01 -4.296186e-01  7.512675e-01
   outer loop
     vertex -1.350020e+01  1.028564e+01 -2.328832e+02
     vertex -1.360229e+01  8.000000e+00 -2.342584e+02
     vertex -1.301382e+01  8.000000e+00 -2.338659e+02
   endloop
 endfacet
 facet normal -5.060939e-01 -4.293094e-01  7.480390e-01
   outer loop
     vertex -1.350020e+01  1.028564e+01 -2.328832e+02
     vertex -1.301382e+01  8.000000e+00 -2.338659e+02
     vertex -1.307204e+01  1.024619e+01 -2.326162e+02
   endloop
 endfacet
 facet normal -3.145963e-01 -4.685863e-01  8.255035e-01
   outer loop
     vertex -1.396378e+01  1.031803e+01 -2.330804e+02
     vertex -1.427822e+01  8.000000e+00 -2.345160e+02
     vertex -1.360229e+01  8.000000e+00 -2.342584e+02
   endloop
 endfacet
 facet normal -3.735989e-01 -4.658942e-01  8.021013e-01
   outer loop
     vertex -1.396378e+01  1.031803e+01 -2.330804e+02
     vertex -1.360229e+01  8.000000e+00 -2.342584e+02
     vertex -1.350020e+01  1.028564e+01 -2.328832e+02
   endloop
 endfacet
 facet normal -2.331356e-01 -4.889679e-01  8.405702e-01
   outer loop
     vertex -1.445452e+01  1.033952e+01 -2.332040e+02
     vertex -1.427822e+01  8.000000e+00 -2.345160e+02
     vertex -1.396378e+01  1.031803e+01 -2.330804e+02
   endloop
 endfacet
 facet normal -1.071677e-01 -4.912263e-01  8.644141e-01
   outer loop
     vertex -1.472575e+01  1.034567e+01 -2.332385e+02
     vertex -1.500000e+01  8.000000e+00 -2.346055e+02
     vertex -1.427822e+01  8.000000e+00 -2.345160e+02
   endloop
 endfacet
 facet normal -1.208594e-01 -4.924682e-01  8.618980e-01
   outer loop
     vertex -1.472575e+01  1.034567e+01 -2.332385e+02
     vertex -1.427822e+01  8.000000e+00 -2.345160e+02
     vertex -1.445452e+01  1.033952e+01 -2.332040e+02
   endloop
 endfacet
 facet normal -4.012496e-02 -4.995973e-01  8.653280e-01
   outer loop
     vertex -1.500000e+01  1.034775e+01 -2.332500e+02
     vertex -1.500000e+01  8.000000e+00 -2.346055e+02
     vertex -1.472575e+01  1.034567e+01 -2.332385e+02
   endloop
 endfacet
 facet normal -4.910050e-02  4.993969e-01 -8.649808e-01
   outer loop
     vertex  1.533348e+01  1.842750e+02 -1.250000e+02
     vertex  1.500000e+01  1.406826e+01 -2.232500e+02
     vertex  1.500000e+01  1.842422e+02 -1.250000e+02
   endloop
 endfacet
 facet normal -9.718070e-02  4.977043e-01 -8.618853e-01
   outer loop
     vertex  1.533348e+01  1.842750e+02 -1.250000e+02
     vertex  1.565400e+01  1.414054e+01 -2.232820e+02
     vertex  1.500000e+01  1.406826e+01 -2.232500e+02
   endloop
 endfacet
 facet normal -1.473083e-01  4.945441e-01 -8.565783e-01
   outer loop
     vertex  1.566699e+01  1.843744e+02 -1.250000e+02
     vertex  1.565400e+01  1.414054e+01 -2.232820e+02
     vertex  1.533348e+01  1.842750e+02 -1.250000e+02
   endloop
 endfacet
 facet normal -2.839944e-01  4.794805e-01 -8.303286e-01
   outer loop
     vertex  1.599553e+01  1.845403e+02 -1.250000e+02
     vertex  1.627149e+01  1.435240e+01 -2.233709e+02
     vertex  1.565400e+01  1.414054e+01 -2.232820e+02
   endloop
 endfacet
 facet normal -2.447945e-01  4.847921e-01 -8.396739e-01
   outer loop
     vertex  1.599553e+01  1.845403e+02 -1.250000e+02
     vertex  1.565400e+01  1.414054e+01 -2.232820e+02
     vertex  1.566699e+01  1.843744e+02 -1.250000e+02
   endloop
 endfacet
 facet normal -3.400830e-01  4.701891e-01 -8.144113e-01
   outer loop
     vertex  1.631419e+01  1.847708e+02 -1.250000e+02
     vertex  1.627149e+01  1.435240e+01 -2.233709e+02
     vertex  1.599553e+01  1.845403e+02 -1.250000e+02
   endloop
 endfacet
 facet normal -4.567266e-01  4.448620e-01 -7.703886e-01
   outer loop
     vertex  1.661833e+01  1.850619e+02 -1.250000e+02
     vertex  1.682162e+01  1.469279e+01 -2.235004e+02
     vertex  1.627149e+01  1.435240e+01 -2.233709e+02
   endloop
 endfacet
 facet normal -4.317932e-01  4.509979e-01 -7.811245e-01
   outer loop
     vertex  1.661833e+01  1.850619e+02 -1.250000e+02
     vertex  1.627149e+01  1.435240e+01 -2.233709e+02
     vertex  1.631419e+01  1.847708e+02 -1.250000e+02
   endloop
 endfacet
 facet normal -6.059939e-01  3.977653e-01 -6.888789e-01
   outer loop
     vertex  1.690380e+01  1.854082e+02 -1.250000e+02
     vertex  1.728391e+01  1.514132e+01 -2.236481e+02
     vertex  1.682162e+01  1.469279e+01 -2.235004e+02
   endloop
 endfacet
 facet normal -5.185726e-01  4.275018e-01 -7.404895e-01
   outer loop
     vertex  1.690380e+01  1.854082e+02 -1.250000e+02
     vertex  1.682162e+01  1.469279e+01 -2.235004e+02
     vertex  1.661833e+01  1.850619e+02 -1.250000e+02
   endloop
 endfacet
 facet normal -7.279224e-01  3.428655e-01 -5.937779e-01
   outer loop
     vertex  1.738590e+01  1.858355e+02 -1.252092e+02
     vertex  1.765039e+01  1.567003e+01 -2.237921e+02
     vertex  1.728391e+01  1.514132e+01 -2.236481e+02
   endloop
 endfacet
 facet normal -6.335135e-01  3.868219e-01 -6.700966e-01
   outer loop
     vertex  1.738590e+01  1.858355e+02 -1.252092e+02
     vertex  1.728391e+01  1.514132e+01 -2.236481e+02
     vertex  1.690380e+01  1.854082e+02 -1.250000e+02
   endloop
 endfacet
 facet normal -8.225071e-01  2.844148e-01 -4.925346e-01
   outer loop
     vertex  1.777056e+01  1.863432e+02 -1.254373e+02
     vertex  1.792823e+01  1.625512e+01 -2.239182e+02
     vertex  1.765039e+01  1.567003e+01 -2.237921e+02
   endloop
 endfacet
 facet normal -7.611667e-01  3.242274e-01 -5.616956e-01
   outer loop
     vertex  1.777056e+01  1.863432e+02 -1.254373e+02
     vertex  1.765039e+01  1.567003e+01 -2.237921e+02
     vertex  1.738590e+01  1.858355e+02 -1.252092e+02
   endloop
 endfacet
 facet normal -8.590246e-01  2.559183e-01 -4.433764e-01
   outer loop
     vertex  1.805186e+01  1.869248e+02 -1.256466e+02
     vertex  1.792823e+01  1.625512e+01 -2.239182e+02
     vertex  1.777056e+01  1.863432e+02 -1.254373e+02
   endloop
 endfacet
 facet normal -9.015549e-01  2.163865e-01 -3.746673e-01
   outer loop
     vertex  1.805186e+01  1.869248e+02 -1.256466e+02
     vertex  1.817992e+01  1.708269e+01 -2.240459e+02
     vertex  1.792823e+01  1.625512e+01 -2.239182e+02
   endloop
 endfacet
 facet normal -9.127993e-01  2.042204e-01 -3.536827e-01
   outer loop
     vertex  1.815033e+01  1.872437e+02 -1.257166e+02
     vertex  1.817992e+01  1.708269e+01 -2.240459e+02
     vertex  1.805186e+01  1.869248e+02 -1.256466e+02
   endloop
 endfacet
 facet normal -9.424194e-01  1.672045e-01 -2.896348e-01
   outer loop
     vertex  1.825161e+01  1.821271e+02 -1.290000e+02
     vertex  1.817992e+01  1.708269e+01 -2.240459e+02
     vertex  1.815033e+01  1.872437e+02 -1.257166e+02
   endloop
 endfacet
 facet normal -9.349287e-01  1.783427e-01 -3.067609e-01
   outer loop
     vertex  1.825161e+01  1.821271e+02 -1.290000e+02
     vertex  1.815033e+01  1.872437e+02 -1.257166e+02
     vertex  1.820314e+01  1.874924e+02 -1.257330e+02
   endloop
 endfacet
 facet normal -9.690647e-01  1.234837e-01 -2.136948e-01
   outer loop
     vertex  1.825161e+01  1.821271e+02 -1.290000e+02
     vertex  1.836801e+01  1.837813e+01 -2.241503e+02
     vertex  1.817992e+01  1.708269e+01 -2.240459e+02
   endloop
 endfacet
 facet normal -9.782731e-01  1.036402e-01 -1.795564e-01
   outer loop
     vertex  1.837526e+01  1.821967e+02 -1.296335e+02
     vertex  1.836801e+01  1.837813e+01 -2.241503e+02
     vertex  1.825161e+01  1.821271e+02 -1.290000e+02
   endloop
 endfacet
 facet normal -9.993107e-01  1.858524e-02 -3.213570e-02
   outer loop
     vertex  1.839636e+01  1.822089e+02 -1.302824e+02
     vertex  1.836801e+01  1.837813e+01 -2.241503e+02
     vertex  1.837526e+01  1.821967e+02 -1.296335e+02
   endloop
 endfacet
 facet normal -9.999741e-01 -3.447445e-03  6.318902e-03
   outer loop
     vertex  1.839636e+01  1.822089e+02 -1.302824e+02
     vertex  1.836127e+01  2.033993e+01 -2.241464e+02
     vertex  1.836801e+01  1.837813e+01 -2.241503e+02
   endloop
 endfacet
 facet normal -9.896565e-01 -7.180303e-02  1.241947e-01
   outer loop
     vertex  1.830150e+01  1.821547e+02 -1.310696e+02
     vertex  1.836127e+01  2.033993e+01 -2.241464e+02
     vertex  1.839636e+01  1.822089e+02 -1.302824e+02
   endloop
 endfacet
 facet normal -9.736784e-01 -1.165846e-01  1.958532e-01
   outer loop
     vertex  1.825000e+01  1.880422e+02 -1.278853e+02
     vertex  1.830597e+01  1.857022e+02 -1.290000e+02
     vertex  1.837736e+01  1.918257e+02 -1.250000e+02
   endloop
 endfacet
 facet normal -9.710876e-01 -1.232328e-01  2.044566e-01
   outer loop
     vertex  1.824583e+01  1.882063e+02 -1.278063e+02
     vertex  1.825000e+01  1.880422e+02 -1.278853e+02
     vertex  1.837736e+01  1.918257e+02 -1.250000e+02
   endloop
 endfacet
 facet normal -9.628419e-01 -1.427567e-01  2.292511e-01
   outer loop
     vertex  1.823242e+01  1.883798e+02 -1.277545e+02
     vertex  1.824583e+01  1.882063e+02 -1.278063e+02
     vertex  1.837736e+01  1.918257e+02 -1.250000e+02
   endloop
 endfacet
 facet normal -9.405335e-01 -1.696040e-01  2.943317e-01
   outer loop
     vertex  1.809113e+01  1.820416e+02 -1.318315e+02
     vertex  1.791442e+01  2.322559e+01 -2.239115e+02
     vertex  1.836127e+01  2.033993e+01 -2.241464e+02
   endloop
 endfacet
 facet normal -9.118017e-01 -2.085019e-01  3.537578e-01
   outer loop
     vertex  1.790761e+01  1.945669e+02 -1.250000e+02
     vertex  1.804209e+01  1.891860e+02 -1.278249e+02
     vertex  1.814306e+01  1.888690e+02 -1.277514e+02
   endloop
 endfacet
 facet normal -9.354613e-01 -1.842844e-01  3.015815e-01
   outer loop
     vertex  1.790761e+01  1.945669e+02 -1.250000e+02
     vertex  1.814306e+01  1.888690e+02 -1.277514e+02
     vertex  1.819169e+01  1.886551e+02 -1.277313e+02
   endloop
 endfacet
 facet normal -8.666312e-01 -2.495420e-01  4.320638e-01
   outer loop
     vertex  1.777693e+01  1.818899e+02 -1.325494e+02
     vertex  1.791442e+01  2.322559e+01 -2.239115e+02
     vertex  1.809113e+01  1.820416e+02 -1.318315e+02
   endloop
 endfacet
 facet normal -7.270447e-01 -3.429401e-01  5.948092e-01
   outer loop
     vertex  1.736069e+01  1.817185e+02 -1.332085e+02
     vertex  1.691988e+01  2.599794e+01 -2.235287e+02
     vertex  1.791442e+01  2.322559e+01 -2.239115e+02
   endloop
 endfacet
 facet normal -7.589891e-01 -3.253977e-01  5.639609e-01
   outer loop
     vertex  1.736069e+01  1.817185e+02 -1.332085e+02
     vertex  1.791442e+01  2.322559e+01 -2.239115e+02
     vertex  1.777693e+01  1.818899e+02 -1.325494e+02
   endloop
 endfacet
 facet normal -7.579398e-01 -3.300902e-01  5.626435e-01
   outer loop
     vertex  1.718459e+01  1.962528e+02 -1.250000e+02
     vertex  1.736731e+01  1.902690e+02 -1.282644e+02
     vertex  1.775589e+01  1.897649e+02 -1.280367e+02
   endloop
 endfacet
 facet normal -7.638118e-01 -3.275639e-01  5.561415e-01
   outer loop
     vertex  1.718459e+01  1.962528e+02 -1.250000e+02
     vertex  1.775589e+01  1.897649e+02 -1.280367e+02
     vertex  1.790761e+01  1.945669e+02 -1.250000e+02
   endloop
 endfacet
 facet normal -6.289510e-01 -3.887327e-01  6.732812e-01
   outer loop
     vertex  1.689914e+01  1.815649e+02 -1.337283e+02
     vertex  1.691988e+01  2.599794e+01 -2.235287e+02
     vertex  1.736069e+01  1.817185e+02 -1.332085e+02
   endloop
 endfacet
 facet normal -4.699661e-01 -4.412520e-01  7.644792e-01
   outer loop
     vertex  1.649370e+01  1.814596e+02 -1.340593e+02
     vertex  1.625473e+01  2.698585e+01 -2.233674e+02
     vertex  1.691988e+01  2.599794e+01 -2.235287e+02
   endloop
 endfacet
 facet normal -4.999062e-01 -4.330311e-01  7.500519e-01
   outer loop
     vertex  1.649370e+01  1.814596e+02 -1.340593e+02
     vertex  1.691988e+01  2.599794e+01 -2.235287e+02
     vertex  1.689914e+01  1.815649e+02 -1.337283e+02
   endloop
 endfacet
 facet normal -5.589906e-01 -4.170293e-01  7.166701e-01
   outer loop
     vertex  1.657941e+01  1.970640e+02 -1.250000e+02
     vertex  1.688009e+01  1.906932e+02 -1.284726e+02
     vertex  1.718459e+01  1.962528e+02 -1.250000e+02
   endloop
 endfacet
 facet normal -3.729005e-01 -4.639813e-01  8.035338e-01
   outer loop
     vertex  1.603510e+01  1.813721e+02 -1.343227e+02
     vertex  1.625473e+01  2.698585e+01 -2.233674e+02
     vertex  1.649370e+01  1.814596e+02 -1.340593e+02
   endloop
 endfacet
 facet normal -3.043995e-01 -4.762354e-01  8.249489e-01
   outer loop
     vertex  1.603510e+01  1.813721e+02 -1.343227e+02
     vertex  1.581633e+01  2.738367e+01 -2.232995e+02
     vertex  1.625473e+01  2.698585e+01 -2.233674e+02
   endloop
 endfacet
 facet normal -3.883187e-01 -4.622406e-01  7.972090e-01
   outer loop
     vertex  1.604437e+01  1.975135e+02 -1.250000e+02
     vertex  1.630836e+01  1.910173e+02 -1.286381e+02
     vertex  1.657941e+01  1.970640e+02 -1.250000e+02
   endloop
 endfacet
 facet normal -2.308533e-01 -4.865420e-01  8.426053e-01
   outer loop
     vertex  1.553049e+01  1.813131e+02 -1.344950e+02
     vertex  1.581633e+01  2.738367e+01 -2.232995e+02
     vertex  1.603510e+01  1.813721e+02 -1.343227e+02
   endloop
 endfacet
 facet normal -1.895333e-01 -4.909248e-01  8.503352e-01
   outer loop
     vertex  1.553049e+01  1.813131e+02 -1.344950e+02
     vertex  1.547166e+01  2.757393e+01 -2.232665e+02
     vertex  1.581633e+01  2.738367e+01 -2.232995e+02
   endloop
 endfacet
 facet normal -1.049087e-01 -4.972534e-01  8.612393e-01
   outer loop
     vertex  1.553049e+01  1.813131e+02 -1.344950e+02
     vertex  1.524134e+01  2.764362e+01 -2.232543e+02
     vertex  1.547166e+01  2.757393e+01 -2.232665e+02
   endloop
 endfacet
 facet normal -2.423357e-01 -4.855939e-01  8.399238e-01
   outer loop
     vertex  1.559815e+01  1.977362e+02 -1.250000e+02
     vertex  1.567297e+01  1.912218e+02 -1.287446e+02
     vertex  1.604437e+01  1.975135e+02 -1.250000e+02
   endloop
 endfacet
 facet normal -7.826996e-02 -4.985166e-01  8.633395e-01
   outer loop
     vertex  1.500000e+01  1.812922e+02 -1.345551e+02
     vertex  1.524134e+01  2.764362e+01 -2.232543e+02
     vertex  1.553049e+01  1.813131e+02 -1.344950e+02
   endloop
 endfacet
 facet normal -3.552031e-02 -4.996845e-01  8.654789e-01
   outer loop
     vertex  1.500000e+01  1.812922e+02 -1.345551e+02
     vertex  1.500000e+01  2.766826e+01 -2.232500e+02
     vertex  1.524134e+01  2.764362e+01 -2.232543e+02
   endloop
 endfacet
 facet normal -4.328343e-02 -4.995314e-01  8.652138e-01
   outer loop
     vertex  1.500000e+01  1.978422e+02 -1.250000e+02
     vertex  1.500000e+01  1.912922e+02 -1.287816e+02
     vertex  1.529405e+01  1.978168e+02 -1.250000e+02
   endloop
 endfacet
 facet normal -9.442943e-01 -1.643541e-01  2.851246e-01
   outer loop
     vertex  1.809113e+01  1.820416e+02 -1.318315e+02
     vertex  1.836127e+01  2.033993e+01 -2.241464e+02
     vertex  1.830150e+01  1.821547e+02 -1.310696e+02
   endloop
 endfacet
 facet normal -9.907970e-01  6.650518e-02 -1.178914e-01
   outer loop
     vertex  1.825161e+01  1.821271e+02 -1.290000e+02
     vertex  1.823590e+01  1.877398e+02 -1.257017e+02
     vertex  1.839851e+01  1.843155e+02 -1.290000e+02
   endloop
 endfacet
 facet normal -9.780676e-01  1.185289e-01 -1.712739e-01
   outer loop
     vertex  1.823590e+01  1.877398e+02 -1.257017e+02
     vertex  1.824942e+01  1.879811e+02 -1.256119e+02
     vertex  1.839851e+01  1.843155e+02 -1.290000e+02
   endloop
 endfacet
 facet normal -9.943142e-01  4.760281e-02 -9.525390e-02
   outer loop
     vertex  1.824942e+01  1.879811e+02 -1.256119e+02
     vertex  1.824714e+01  1.881787e+02 -1.254893e+02
     vertex  1.839851e+01  1.843155e+02 -1.290000e+02
   endloop
 endfacet
 facet normal -9.941923e-01  4.839636e-02 -9.612187e-02
   outer loop
     vertex  1.824714e+01  1.881787e+02 -1.254893e+02
     vertex  1.837736e+01  1.918257e+02 -1.250000e+02
     vertex  1.839851e+01  1.843155e+02 -1.290000e+02
   endloop
 endfacet
 facet normal -9.907040e-01 -6.611193e-02  1.188898e-01
   outer loop
     vertex  1.839851e+01  1.843155e+02 -1.290000e+02
     vertex  1.837736e+01  1.918257e+02 -1.250000e+02
     vertex  1.830597e+01  1.857022e+02 -1.290000e+02
   endloop
 endfacet
 facet normal -9.337576e-01 -1.636053e-01  3.183237e-01
   outer loop
     vertex  1.830597e+01  1.857022e+02 -1.290000e+02
     vertex  1.817194e+01  1.873340e+02 -1.285545e+02
     vertex  1.807850e+01  1.870005e+02 -1.290000e+02
   endloop
 endfacet
 facet normal -9.479304e-01 -1.539740e-01  2.787830e-01
   outer loop
     vertex  1.830597e+01  1.857022e+02 -1.290000e+02
     vertex  1.823293e+01  1.877096e+02 -1.281396e+02
     vertex  1.817194e+01  1.873340e+02 -1.285545e+02
   endloop
 endfacet
 facet normal -9.577821e-01 -1.419899e-01  2.499848e-01
   outer loop
     vertex  1.830597e+01  1.857022e+02 -1.290000e+02
     vertex  1.825000e+01  1.880422e+02 -1.278853e+02
     vertex  1.823293e+01  1.877096e+02 -1.281396e+02
   endloop
 endfacet
 facet normal -9.940307e-02 -4.967478e-01  8.621837e-01
   outer loop
     vertex  1.567297e+01  1.912218e+02 -1.287446e+02
     vertex  1.559815e+01  1.977362e+02 -1.250000e+02
     vertex  1.500000e+01  1.912922e+02 -1.287816e+02
   endloop
 endfacet
 facet normal -1.305692e-01 -4.927580e-01  8.603146e-01
   outer loop
     vertex  1.559815e+01  1.977362e+02 -1.250000e+02
     vertex  1.529405e+01  1.978168e+02 -1.250000e+02
     vertex  1.500000e+01  1.912922e+02 -1.287816e+02
   endloop
 endfacet
 facet normal -2.923930e-01 -4.762868e-01  8.292510e-01
   outer loop
     vertex  1.630836e+01  1.910173e+02 -1.286381e+02
     vertex  1.604437e+01  1.975135e+02 -1.250000e+02
     vertex  1.567297e+01  1.912218e+02 -1.287446e+02
   endloop
 endfacet
 facet normal -4.704612e-01 -4.393440e-01  7.652732e-01
   outer loop
     vertex  1.688009e+01  1.906932e+02 -1.284726e+02
     vertex  1.657941e+01  1.970640e+02 -1.250000e+02
     vertex  1.630836e+01  1.910173e+02 -1.286381e+02
   endloop
 endfacet
 facet normal -6.265936e-01 -3.878963e-01  6.759564e-01
   outer loop
     vertex  1.736731e+01  1.902690e+02 -1.282644e+02
     vertex  1.718459e+01  1.962528e+02 -1.250000e+02
     vertex  1.688009e+01  1.906932e+02 -1.284726e+02
   endloop
 endfacet
 facet normal -8.548298e-01 -2.577853e-01  4.503474e-01
   outer loop
     vertex  1.804209e+01  1.891860e+02 -1.278249e+02
     vertex  1.790761e+01  1.945669e+02 -1.250000e+02
     vertex  1.775589e+01  1.897649e+02 -1.280367e+02
   endloop
 endfacet
 facet normal -9.788073e-01  5.898865e-02 -1.961035e-01
   outer loop
     vertex  1.837736e+01  1.918257e+02 -1.250000e+02
     vertex  1.822525e+01  1.884429e+02 -1.252583e+02
     vertex  1.818756e+01  1.886763e+02 -1.250000e+02
   endloop
 endfacet
 facet normal -9.858407e-01  5.638900e-02 -1.579190e-01
   outer loop
     vertex  1.837736e+01  1.918257e+02 -1.250000e+02
     vertex  1.824714e+01  1.881787e+02 -1.254893e+02
     vertex  1.822525e+01  1.884429e+02 -1.252583e+02
   endloop
 endfacet
 facet normal -9.532014e-01 -1.633443e-01  2.544124e-01
   outer loop
     vertex  1.790761e+01  1.945669e+02 -1.250000e+02
     vertex  1.819169e+01  1.886551e+02 -1.277313e+02
     vertex  1.837736e+01  1.918257e+02 -1.250000e+02
   endloop
 endfacet
 facet normal -9.536182e-01 -1.624603e-01  2.534145e-01
   outer loop
     vertex  1.819169e+01  1.886551e+02 -1.277313e+02
     vertex  1.823242e+01  1.883798e+02 -1.277545e+02
     vertex  1.837736e+01  1.918257e+02 -1.250000e+02
   endloop
 endfacet
 facet normal -9.471261e-01  1.605879e-01 -2.777834e-01
   outer loop
     vertex  1.823590e+01  1.877398e+02 -1.257017e+02
     vertex  1.825161e+01  1.821271e+02 -1.290000e+02
     vertex  1.820314e+01  1.874924e+02 -1.257330e+02
   endloop
 endfacet
 facet normal -4.910050e-02  4.993969e-01 -8.649808e-01
   outer loop
     vertex -1.466652e+01  1.842750e+02 -1.250000e+02
     vertex -1.500000e+01  1.406826e+01 -2.232500e+02
     vertex -1.500000e+01  1.842422e+02 -1.250000e+02
   endloop
 endfacet
 facet normal -9.718070e-02  4.977043e-01 -8.618853e-01
   outer loop
     vertex -1.466652e+01  1.842750e+02 -1.250000e+02
     vertex -1.434600e+01  1.414054e+01 -2.232820e+02
     vertex -1.500000e+01  1.406826e+01 -2.232500e+02
   endloop
 endfacet
 facet normal -1.473083e-01  4.945441e-01 -8.565783e-01
   outer loop
     vertex -1.433301e+01  1.843744e+02 -1.250000e+02
     vertex -1.434600e+01  1.414054e+01 -2.232820e+02
     vertex -1.466652e+01  1.842750e+02 -1.250000e+02
   endloop
 endfacet
 facet normal -2.839944e-01  4.794805e-01 -8.303286e-01
   outer loop
     vertex -1.400447e+01  1.845403e+02 -1.250000e+02
     vertex -1.372851e+01  1.435240e+01 -2.233709e+02
     vertex -1.434600e+01  1.414054e+01 -2.232820e+02
   endloop
 endfacet
 facet normal -2.447945e-01  4.847921e-01 -8.396739e-01
   outer loop
     vertex -1.400447e+01  1.845403e+02 -1.250000e+02
     vertex -1.434600e+01  1.414054e+01 -2.232820e+02
     vertex -1.433301e+01  1.843744e+02 -1.250000e+02
   endloop
 endfacet
 facet normal -3.400830e-01  4.701891e-01 -8.144113e-01
   outer loop
     vertex -1.368581e+01  1.847708e+02 -1.250000e+02
     vertex -1.372851e+01  1.435240e+01 -2.233709e+02
     vertex -1.400447e+01  1.845403e+02 -1.250000e+02
   endloop
 endfacet
 facet normal -4.567266e-01  4.448620e-01 -7.703886e-01
   outer loop
     vertex -1.338167e+01  1.850619e+02 -1.250000e+02
     vertex -1.317838e+01  1.469279e+01 -2.235004e+02
     vertex -1.372851e+01  1.435240e+01 -2.233709e+02
   endloop
 endfacet
 facet normal -4.317932e-01  4.509979e-01 -7.811245e-01
   outer loop
     vertex -1.338167e+01  1.850619e+02 -1.250000e+02
     vertex -1.372851e+01  1.435240e+01 -2.233709e+02
     vertex -1.368581e+01  1.847708e+02 -1.250000e+02
   endloop
 endfacet
 facet normal -6.059939e-01  3.977653e-01 -6.888789e-01
   outer loop
     vertex -1.309620e+01  1.854082e+02 -1.250000e+02
     vertex -1.271609e+01  1.514132e+01 -2.236481e+02
     vertex -1.317838e+01  1.469279e+01 -2.235004e+02
   endloop
 endfacet
 facet normal -5.185726e-01  4.275018e-01 -7.404895e-01
   outer loop
     vertex -1.309620e+01  1.854082e+02 -1.250000e+02
     vertex -1.317838e+01  1.469279e+01 -2.235004e+02
     vertex -1.338167e+01  1.850619e+02 -1.250000e+02
   endloop
 endfacet
 facet normal -7.279224e-01  3.428655e-01 -5.937779e-01
   outer loop
     vertex -1.261410e+01  1.858355e+02 -1.252092e+02
     vertex -1.234961e+01  1.567003e+01 -2.237921e+02
     vertex -1.271609e+01  1.514132e+01 -2.236481e+02
   endloop
 endfacet
 facet normal -6.335135e-01  3.868219e-01 -6.700966e-01
   outer loop
     vertex -1.261410e+01  1.858355e+02 -1.252092e+02
     vertex -1.271609e+01  1.514132e+01 -2.236481e+02
     vertex -1.309620e+01  1.854082e+02 -1.250000e+02
   endloop
 endfacet
 facet normal -8.225071e-01  2.844148e-01 -4.925346e-01
   outer loop
     vertex -1.222944e+01  1.863432e+02 -1.254373e+02
     vertex -1.207177e+01  1.625512e+01 -2.239182e+02
     vertex -1.234961e+01  1.567003e+01 -2.237921e+02
   endloop
 endfacet
 facet normal -7.611667e-01  3.242274e-01 -5.616956e-01
   outer loop
     vertex -1.222944e+01  1.863432e+02 -1.254373e+02
     vertex -1.234961e+01  1.567003e+01 -2.237921e+02
     vertex -1.261410e+01  1.858355e+02 -1.252092e+02
   endloop
 endfacet
 facet normal -8.590246e-01  2.559183e-01 -4.433764e-01
   outer loop
     vertex -1.194814e+01  1.869248e+02 -1.256466e+02
     vertex -1.207177e+01  1.625512e+01 -2.239182e+02
     vertex -1.222944e+01  1.863432e+02 -1.254373e+02
   endloop
 endfacet
 facet normal -9.015549e-01  2.163865e-01 -3.746673e-01
   outer loop
     vertex -1.194814e+01  1.869248e+02 -1.256466e+02
     vertex -1.182008e+01  1.708269e+01 -2.240459e+02
     vertex -1.207177e+01  1.625512e+01 -2.239182e+02
   endloop
 endfacet
 facet normal -9.127993e-01  2.042204e-01 -3.536827e-01
   outer loop
     vertex -1.184967e+01  1.872437e+02 -1.257166e+02
     vertex -1.182008e+01  1.708269e+01 -2.240459e+02
     vertex -1.194814e+01  1.869248e+02 -1.256466e+02
   endloop
 endfacet
 facet normal -9.424194e-01  1.672045e-01 -2.896348e-01
   outer loop
     vertex -1.174839e+01  1.821271e+02 -1.290000e+02
     vertex -1.182008e+01  1.708269e+01 -2.240459e+02
     vertex -1.184967e+01  1.872437e+02 -1.257166e+02
   endloop
 endfacet
 facet normal -9.349287e-01  1.783427e-01 -3.067609e-01
   outer loop
     vertex -1.174839e+01  1.821271e+02 -1.290000e+02
     vertex -1.184967e+01  1.872437e+02 -1.257166e+02
     vertex -1.179686e+01  1.874924e+02 -1.257330e+02
   endloop
 endfacet
 facet normal -9.690647e-01  1.234837e-01 -2.136948e-01
   outer loop
     vertex -1.174839e+01  1.821271e+02 -1.290000e+02
     vertex -1.163199e+01  1.837813e+01 -2.241503e+02
     vertex -1.182008e+01  1.708269e+01 -2.240459e+02
   endloop
 endfacet
 facet normal -9.782731e-01  1.036402e-01 -1.795564e-01
   outer loop
     vertex -1.162474e+01  1.821967e+02 -1.296335e+02
     vertex -1.163199e+01  1.837813e+01 -2.241503e+02
     vertex -1.174839e+01  1.821271e+02 -1.290000e+02
   endloop
 endfacet
 facet normal -9.993107e-01  1.858524e-02 -3.213570e-02
   outer loop
     vertex -1.160364e+01  1.822089e+02 -1.302824e+02
     vertex -1.163199e+01  1.837813e+01 -2.241503e+02
     vertex -1.162474e+01  1.821967e+02 -1.296335e+02
   endloop
 endfacet
 facet normal -9.999741e-01 -3.447445e-03  6.318902e-03
   outer loop
     vertex -1.160364e+01  1.822089e+02 -1.302824e+02
     vertex -1.163873e+01  2.033993e+01 -2.241464e+02
     vertex -1.163199e+01  1.837813e+01 -2.241503e+02
   endloop
 endfacet
 facet normal -9.896565e-01 -7.180303e-02  1.241947e-01
   outer loop
     vertex -1.169850e+01  1.821547e+02 -1.310696e+02
     vertex -1.163873e+01  2.033993e+01 -2.241464e+02
     vertex -1.160364e+01  1.822089e+02 -1.302824e+02
   endloop
 endfacet
 facet normal -9.736784e-01 -1.165846e-01  1.958532e-01
   outer loop
     vertex -1.175000e+01  1.880422e+02 -1.278853e+02
     vertex -1.169403e+01  1.857022e+02 -1.290000e+02
     vertex -1.162264e+01  1.918257e+02 -1.250000e+02
   endloop
 endfacet
 facet normal -9.710876e-01 -1.232328e-01  2.044566e-01
   outer loop
     vertex -1.175417e+01  1.882063e+02 -1.278063e+02
     vertex -1.175000e+01  1.880422e+02 -1.278853e+02
     vertex -1.162264e+01  1.918257e+02 -1.250000e+02
   endloop
 endfacet
 facet normal -9.628419e-01 -1.427567e-01  2.292511e-01
   outer loop
     vertex -1.176758e+01  1.883798e+02 -1.277545e+02
     vertex -1.175417e+01  1.882063e+02 -1.278063e+02
     vertex -1.162264e+01  1.918257e+02 -1.250000e+02
   endloop
 endfacet
 facet normal -9.405335e-01 -1.696040e-01  2.943317e-01
   outer loop
     vertex -1.190887e+01  1.820416e+02 -1.318315e+02
     vertex -1.208558e+01  2.322559e+01 -2.239115e+02
     vertex -1.163873e+01  2.033993e+01 -2.241464e+02
   endloop
 endfacet
 facet normal -9.118017e-01 -2.085019e-01  3.537578e-01
   outer loop
     vertex -1.209239e+01  1.945669e+02 -1.250000e+02
     vertex -1.195791e+01  1.891860e+02 -1.278249e+02
     vertex -1.185694e+01  1.888690e+02 -1.277514e+02
   endloop
 endfacet
 facet normal -9.354613e-01 -1.842844e-01  3.015815e-01
   outer loop
     vertex -1.209239e+01  1.945669e+02 -1.250000e+02
     vertex -1.185694e+01  1.888690e+02 -1.277514e+02
     vertex -1.180831e+01  1.886551e+02 -1.277313e+02
   endloop
 endfacet
 facet normal -8.666312e-01 -2.495420e-01  4.320638e-01
   outer loop
     vertex -1.222307e+01  1.818899e+02 -1.325494e+02
     vertex -1.208558e+01  2.322559e+01 -2.239115e+02
     vertex -1.190887e+01  1.820416e+02 -1.318315e+02
   endloop
 endfacet
 facet normal -7.270447e-01 -3.429401e-01  5.948092e-01
   outer loop
     vertex -1.263931e+01  1.817185e+02 -1.332085e+02
     vertex -1.308012e+01  2.599794e+01 -2.235287e+02
     vertex -1.208558e+01  2.322559e+01 -2.239115e+02
   endloop
 endfacet
 facet normal -7.589891e-01 -3.253977e-01  5.639609e-01
   outer loop
     vertex -1.263931e+01  1.817185e+02 -1.332085e+02
     vertex -1.208558e+01  2.322559e+01 -2.239115e+02
     vertex -1.222307e+01  1.818899e+02 -1.325494e+02
   endloop
 endfacet
 facet normal -7.579398e-01 -3.300902e-01  5.626435e-01
   outer loop
     vertex -1.281541e+01  1.962528e+02 -1.250000e+02
     vertex -1.263269e+01  1.902690e+02 -1.282644e+02
     vertex -1.224411e+01  1.897649e+02 -1.280367e+02
   endloop
 endfacet
 facet normal -7.638118e-01 -3.275639e-01  5.561415e-01
   outer loop
     vertex -1.281541e+01  1.962528e+02 -1.250000e+02
     vertex -1.224411e+01  1.897649e+02 -1.280367e+02
     vertex -1.209239e+01  1.945669e+02 -1.250000e+02
   endloop
 endfacet
 facet normal -6.289510e-01 -3.887327e-01  6.732812e-01
   outer loop
     vertex -1.310086e+01  1.815649e+02 -1.337283e+02
     vertex -1.308012e+01  2.599794e+01 -2.235287e+02
     vertex -1.263931e+01  1.817185e+02 -1.332085e+02
   endloop
 endfacet
 facet normal -4.699661e-01 -4.412520e-01  7.644792e-01
   outer loop
     vertex -1.350630e+01  1.814596e+02 -1.340593e+02
     vertex -1.374527e+01  2.698585e+01 -2.233674e+02
     vertex -1.308012e+01  2.599794e+01 -2.235287e+02
   endloop
 endfacet
 facet normal -4.999062e-01 -4.330311e-01  7.500519e-01
   outer loop
     vertex -1.350630e+01  1.814596e+02 -1.340593e+02
     vertex -1.308012e+01  2.599794e+01 -2.235287e+02
     vertex -1.310086e+01  1.815649e+02 -1.337283e+02
   endloop
 endfacet
 facet normal -5.589906e-01 -4.170293e-01  7.166701e-01
   outer loop
     vertex -1.342059e+01  1.970640e+02 -1.250000e+02
     vertex -1.311991e+01  1.906932e+02 -1.284726e+02
     vertex -1.281541e+01  1.962528e+02 -1.250000e+02
   endloop
 endfacet
 facet normal -3.729005e-01 -4.639813e-01  8.035338e-01
   outer loop
     vertex -1.396490e+01  1.813721e+02 -1.343227e+02
     vertex -1.374527e+01  2.698585e+01 -2.233674e+02
     vertex -1.350630e+01  1.814596e+02 -1.340593e+02
   endloop
 endfacet
 facet normal -3.043995e-01 -4.762354e-01  8.249489e-01
   outer loop
     vertex -1.396490e+01  1.813721e+02 -1.343227e+02
     vertex -1.418367e+01  2.738367e+01 -2.232995e+02
     vertex -1.374527e+01  2.698585e+01 -2.233674e+02
   endloop
 endfacet
 facet normal -3.883187e-01 -4.622406e-01  7.972090e-01
   outer loop
     vertex -1.395563e+01  1.975135e+02 -1.250000e+02
     vertex -1.369164e+01  1.910173e+02 -1.286381e+02
     vertex -1.342059e+01  1.970640e+02 -1.250000e+02
   endloop
 endfacet
 facet normal -2.308533e-01 -4.865420e-01  8.426053e-01
   outer loop
     vertex -1.446951e+01  1.813131e+02 -1.344950e+02
     vertex -1.418367e+01  2.738367e+01 -2.232995e+02
     vertex -1.396490e+01  1.813721e+02 -1.343227e+02
   endloop
 endfacet
 facet normal -1.895333e-01 -4.909248e-01  8.503352e-01
   outer loop
     vertex -1.446951e+01  1.813131e+02 -1.344950e+02
     vertex -1.452834e+01  2.757393e+01 -2.232665e+02
     vertex -1.418367e+01  2.738367e+01 -2.232995e+02
   endloop
 endfacet
 facet normal -1.049087e-01 -4.972534e-01  8.612393e-01
   outer loop
     vertex -1.446951e+01  1.813131e+02 -1.344950e+02
     vertex -1.475866e+01  2.764362e+01 -2.232543e+02
     vertex -1.452834e+01  2.757393e+01 -2.232665e+02
   endloop
 endfacet
 facet normal -2.423357e-01 -4.855939e-01  8.399238e-01
   outer loop
     vertex -1.440185e+01  1.977362e+02 -1.250000e+02
     vertex -1.432703e+01  1.912218e+02 -1.287446e+02
     vertex -1.395563e+01  1.975135e+02 -1.250000e+02
   endloop
 endfacet
 facet normal -7.826996e-02 -4.985166e-01  8.633395e-01
   outer loop
     vertex -1.500000e+01  1.812922e+02 -1.345551e+02
     vertex -1.475866e+01  2.764362e+01 -2.232543e+02
     vertex -1.446951e+01  1.813131e+02 -1.344950e+02
   endloop
 endfacet
 facet normal -3.552031e-02 -4.996845e-01  8.654789e-01
   outer loop
     vertex -1.500000e+01  1.812922e+02 -1.345551e+02
     vertex -1.500000e+01  2.766826e+01 -2.232500e+02
     vertex -1.475866e+01  2.764362e+01 -2.232543e+02
   endloop
 endfacet
 facet normal -4.328343e-02 -4.995314e-01  8.652138e-01
   outer loop
     vertex -1.500000e+01  1.978422e+02 -1.250000e+02
     vertex -1.500000e+01  1.912922e+02 -1.287816e+02
     vertex -1.470595e+01  1.978168e+02 -1.250000e+02
   endloop
 endfacet
 facet normal -9.442943e-01 -1.643541e-01  2.851246e-01
   outer loop
     vertex -1.190887e+01  1.820416e+02 -1.318315e+02
     vertex -1.163873e+01  2.033993e+01 -2.241464e+02
     vertex -1.169850e+01  1.821547e+02 -1.310696e+02
   endloop
 endfacet
 facet normal -9.907970e-01  6.650518e-02 -1.178914e-01
   outer loop
     vertex -1.174839e+01  1.821271e+02 -1.290000e+02
     vertex -1.176410e+01  1.877398e+02 -1.257017e+02
     vertex -1.160149e+01  1.843155e+02 -1.290000e+02
   endloop
 endfacet
 facet normal -9.780676e-01  1.185289e-01 -1.712739e-01
   outer loop
     vertex -1.176410e+01  1.877398e+02 -1.257017e+02
     vertex -1.175058e+01  1.879811e+02 -1.256119e+02
     vertex -1.160149e+01  1.843155e+02 -1.290000e+02
   endloop
 endfacet
 facet normal -9.943142e-01  4.760281e-02 -9.525390e-02
   outer loop
     vertex -1.175058e+01  1.879811e+02 -1.256119e+02
     vertex -1.175286e+01  1.881787e+02 -1.254893e+02
     vertex -1.160149e+01  1.843155e+02 -1.290000e+02
   endloop
 endfacet
 facet normal -9.941923e-01  4.839636e-02 -9.612187e-02
   outer loop
     vertex -1.175286e+01  1.881787e+02 -1.254893e+02
     vertex -1.162264e+01  1.918257e+02 -1.250000e+02
     vertex -1.160149e+01  1.843155e+02 -1.290000e+02
   endloop
 endfacet
 facet normal -9.907040e-01 -6.611193e-02  1.188898e-01
   outer loop
     vertex -1.160149e+01  1.843155e+02 -1.290000e+02
     vertex -1.162264e+01  1.918257e+02 -1.250000e+02
     vertex -1.169403e+01  1.857022e+02 -1.290000e+02
   endloop
 endfacet
 facet normal -9.337576e-01 -1.636053e-01  3.183237e-01
   outer loop
     vertex -1.169403e+01  1.857022e+02 -1.290000e+02
     vertex -1.182806e+01  1.873340e+02 -1.285545e+02
     vertex -1.192150e+01  1.870005e+02 -1.290000e+02
   endloop
 endfacet
 facet normal -9.479304e-01 -1.539740e-01  2.787830e-01
   outer loop
     vertex -1.169403e+01  1.857022e+02 -1.290000e+02
     vertex -1.176707e+01  1.877096e+02 -1.281396e+02
     vertex -1.182806e+01  1.873340e+02 -1.285545e+02
   endloop
 endfacet
 facet normal -9.577821e-01 -1.419899e-01  2.499848e-01
   outer loop
     vertex -1.169403e+01  1.857022e+02 -1.290000e+02
     vertex -1.175000e+01  1.880422e+02 -1.278853e+02
     vertex -1.176707e+01  1.877096e+02 -1.281396e+02
   endloop
 endfacet
 facet normal -9.940307e-02 -4.967478e-01  8.621837e-01
   outer loop
     vertex -1.432703e+01  1.912218e+02 -1.287446e+02
     vertex -1.440185e+01  1.977362e+02 -1.250000e+02
     vertex -1.500000e+01  1.912922e+02 -1.287816e+02
   endloop
 endfacet
 facet normal -1.305692e-01 -4.927580e-01  8.603146e-01
   outer loop
     vertex -1.440185e+01  1.977362e+02 -1.250000e+02
     vertex -1.470595e+01  1.978168e+02 -1.250000e+02
     vertex -1.500000e+01  1.912922e+02 -1.287816e+02
   endloop
 endfacet
 facet normal -2.923930e-01 -4.762868e-01  8.292510e-01
   outer loop
     vertex -1.369164e+01  1.910173e+02 -1.286381e+02
     vertex -1.395563e+01  1.975135e+02 -1.250000e+02
     vertex -1.432703e+01  1.912218e+02 -1.287446e+02
   endloop
 endfacet
 facet normal -4.704612e-01 -4.393440e-01  7.652732e-01
   outer loop
     vertex -1.311991e+01  1.906932e+02 -1.284726e+02
     vertex -1.342059e+01  1.970640e+02 -1.250000e+02
     vertex -1.369164e+01  1.910173e+02 -1.286381e+02
   endloop
 endfacet
 facet normal -6.265936e-01 -3.878963e-01  6.759564e-01
   outer loop
     vertex -1.263269e+01  1.902690e+02 -1.282644e+02
     vertex -1.281541e+01  1.962528e+02 -1.250000e+02
     vertex -1.311991e+01  1.906932e+02 -1.284726e+02
   endloop
 endfacet
 facet normal -8.548298e-01 -2.577853e-01  4.503474e-01
   outer loop
     vertex -1.195791e+01  1.891860e+02 -1.278249e+02
     vertex -1.209239e+01  1.945669e+02 -1.250000e+02
     vertex -1.224411e+01  1.897649e+02 -1.280367e+02
   endloop
 endfacet
 facet normal -9.788073e-01  5.898865e-02 -1.961035e-01
   outer loop
     vertex -1.162264e+01  1.918257e+02 -1.250000e+02
     vertex -1.177475e+01  1.884429e+02 -1.252583e+02
     vertex -1.181244e+01  1.886763e+02 -1.250000e+02
   endloop
 endfacet
 facet normal -9.858407e-01  5.638900e-02 -1.579190e-01
   outer loop
     vertex -1.162264e+01  1.918257e+02 -1.250000e+02
     vertex -1.175286e+01  1.881787e+02 -1.254893e+02
     vertex -1.177475e+01  1.884429e+02 -1.252583e+02
   endloop
 endfacet
 facet normal -9.532014e-01 -1.633443e-01  2.544124e-01
   outer loop
     vertex -1.209239e+01  1.945669e+02 -1.250000e+02
     vertex -1.180831e+01  1.886551e+02 -1.277313e+02
     vertex -1.162264e+01  1.918257e+02 -1.250000e+02
   endloop
 endfacet
 facet normal -9.536182e-01 -1.624603e-01  2.534145e-01
   outer loop
     vertex -1.180831e+01  1.886551e+02 -1.277313e+02
     vertex -1.176758e+01  1.883798e+02 -1.277545e+02
     vertex -1.162264e+01  1.918257e+02 -1.250000e+02
   endloop
 endfacet
 facet normal -9.471261e-01  1.605879e-01 -2.777834e-01
   outer loop
     vertex -1.176410e+01  1.877398e+02 -1.257017e+02
     vertex -1.174839e+01  1.821271e+02 -1.290000e+02
     vertex -1.179686e+01  1.874924e+02 -1.257330e+02
   endloop
 endfacet
 facet normal  3.484744e-02 -4.996963e-01  8.654994e-01
   outer loop
     vertex -1.500000e+01  1.812922e+02 -1.345551e+02
     vertex -1.523553e+01  2.764467e+01 -2.232541e+02
     vertex -1.500000e+01  2.766826e+01 -2.232500e+02
   endloop
 endfacet
 facet normal  5.382061e-02 -4.992753e-01  8.647702e-01
   outer loop
     vertex -1.536502e+01  1.912717e+02 -1.287708e+02
     vertex -1.500000e+01  1.912922e+02 -1.287816e+02
     vertex -1.500000e+01  1.978422e+02 -1.250000e+02
   endloop
 endfacet
 facet normal  1.023655e-01 -4.973849e-01  8.614694e-01
   outer loop
     vertex -1.551681e+01  1.813121e+02 -1.344981e+02
     vertex -1.546129e+01  2.757803e+01 -2.232658e+02
     vertex -1.523553e+01  2.764467e+01 -2.232541e+02
   endloop
 endfacet
 facet normal  1.667036e-01 -4.929972e-01  8.539108e-01
   outer loop
     vertex -1.551681e+01  1.813121e+02 -1.344981e+02
     vertex -1.567303e+01  2.747554e+01 -2.232836e+02
     vertex -1.546129e+01  2.757803e+01 -2.232658e+02
   endloop
 endfacet
 facet normal  7.623331e-02 -4.985927e-01  8.634778e-01
   outer loop
     vertex -1.551681e+01  1.813121e+02 -1.344981e+02
     vertex -1.523553e+01  2.764467e+01 -2.232541e+02
     vertex -1.500000e+01  1.812922e+02 -1.345551e+02
   endloop
 endfacet
 facet normal  5.788679e-02 -4.993317e-01  8.644749e-01
   outer loop
     vertex -1.539284e+01  1.977967e+02 -1.250000e+02
     vertex -1.536502e+01  1.912717e+02 -1.287708e+02
     vertex -1.500000e+01  1.978422e+02 -1.250000e+02
   endloop
 endfacet
 facet normal  1.761178e-01 -4.926298e-01  8.522314e-01
   outer loop
     vertex -1.580148e+01  1.976506e+02 -1.250000e+02
     vertex -1.572633e+01  1.912101e+02 -1.287385e+02
     vertex -1.539284e+01  1.977967e+02 -1.250000e+02
   endloop
 endfacet
 facet normal  2.360670e-01 -4.858888e-01  8.415370e-01
   outer loop
     vertex -1.600909e+01  1.813681e+02 -1.343345e+02
     vertex -1.593012e+01  2.729734e+01 -2.233144e+02
     vertex -1.567303e+01  2.747554e+01 -2.232836e+02
   endloop
 endfacet
 facet normal  3.232687e-01 -4.731375e-01  8.195353e-01
   outer loop
     vertex -1.600909e+01  1.813681e+02 -1.343345e+02
     vertex -1.626544e+01  2.697248e+01 -2.233697e+02
     vertex -1.593012e+01  2.729734e+01 -2.233144e+02
   endloop
 endfacet
 facet normal  2.249769e-01 -4.872217e-01  8.438012e-01
   outer loop
     vertex -1.600909e+01  1.813681e+02 -1.343345e+02
     vertex -1.567303e+01  2.747554e+01 -2.232836e+02
     vertex -1.551681e+01  1.813121e+02 -1.344981e+02
   endloop
 endfacet
 facet normal  3.878977e-01 -4.609265e-01  7.981742e-01
   outer loop
     vertex -1.661631e+01  1.814886e+02 -1.339698e+02
     vertex -1.626544e+01  2.697248e+01 -2.233697e+02
     vertex -1.600909e+01  1.813681e+02 -1.343345e+02
   endloop
 endfacet
 facet normal  4.342933e-01 -4.503654e-01  7.801028e-01
   outer loop
     vertex -1.661631e+01  1.814886e+02 -1.339698e+02
     vertex -1.668119e+01  2.641042e+01 -2.234627e+02
     vertex -1.626544e+01  2.697248e+01 -2.233697e+02
   endloop
 endfacet
 facet normal  4.195050e-01 -4.540622e-01  7.860299e-01
   outer loop
     vertex -1.662831e+01  1.970117e+02 -1.250000e+02
     vertex -1.624019e+01  1.910463e+02 -1.286531e+02
     vertex -1.621703e+01  1.973917e+02 -1.250000e+02
   endloop
 endfacet
 facet normal  5.387648e-01 -4.218912e-01  7.292052e-01
   outer loop
     vertex -1.702253e+01  1.965083e+02 -1.250000e+02
     vertex -1.671599e+01  1.908023e+02 -1.285278e+02
     vertex -1.662831e+01  1.970117e+02 -1.250000e+02
   endloop
 endfacet
 facet normal  5.610846e-01 -4.139114e-01  7.168413e-01
   outer loop
     vertex -1.718058e+01  1.816541e+02 -1.334325e+02
     vertex -1.668119e+01  2.641042e+01 -2.234627e+02
     vertex -1.661631e+01  1.814886e+02 -1.339698e+02
   endloop
 endfacet
 facet normal  5.678916e-01 -4.115596e-01  7.128238e-01
   outer loop
     vertex -1.718058e+01  1.816541e+02 -1.334325e+02
     vertex -1.716581e+01  2.549198e+01 -2.236069e+02
     vertex -1.668119e+01  2.641042e+01 -2.234627e+02
   endloop
 endfacet
 facet normal  6.691534e-01 -3.729295e-01  6.427731e-01
   outer loop
     vertex -1.749836e+01  1.956545e+02 -1.250000e+02
     vertex -1.713811e+01  1.904900e+02 -1.283714e+02
     vertex -1.702253e+01  1.965083e+02 -1.250000e+02
   endloop
 endfacet
 facet normal  7.115865e-01 -3.512900e-01  6.084736e-01
   outer loop
     vertex -1.763583e+01  1.818281e+02 -1.327997e+02
     vertex -1.716581e+01  2.549198e+01 -2.236069e+02
     vertex -1.718058e+01  1.816541e+02 -1.334325e+02
   endloop
 endfacet
 facet normal  7.335443e-01 -3.397100e-01  5.886509e-01
   outer loop
     vertex -1.763583e+01  1.818281e+02 -1.327997e+02
     vertex -1.777918e+01  2.374853e+01 -2.238487e+02
     vertex -1.716581e+01  2.549198e+01 -2.236069e+02
   endloop
 endfacet
 facet normal  8.302959e-01 -2.787263e-01  4.826183e-01
   outer loop
     vertex -1.798650e+01  1.819889e+02 -1.321036e+02
     vertex -1.777918e+01  2.374853e+01 -2.238487e+02
     vertex -1.763583e+01  1.818281e+02 -1.327997e+02
   endloop
 endfacet
 facet normal  8.877237e-01 -2.300437e-01  3.987813e-01
   outer loop
     vertex -1.798650e+01  1.819889e+02 -1.321036e+02
     vertex -1.820365e+01  2.174659e+01 -2.240586e+02
     vertex -1.777918e+01  2.374853e+01 -2.238487e+02
   endloop
 endfacet
 facet normal  8.056483e-01 -2.987307e-01  5.115572e-01
   outer loop
     vertex -1.793219e+01  1.944845e+02 -1.250000e+02
     vertex -1.779825e+01  1.896953e+02 -1.280077e+02
     vertex -1.749836e+01  1.956545e+02 -1.250000e+02
   endloop
 endfacet
 facet normal  9.263608e-01 -1.930707e-01  3.233873e-01
   outer loop
     vertex -1.817254e+01  1.887476e+02 -1.277366e+02
     vertex -1.811107e+01  1.889825e+02 -1.277724e+02
     vertex -1.793219e+01  1.944845e+02 -1.250000e+02
   endloop
 endfacet
 facet normal  9.567829e-01 -1.459884e-01  2.515034e-01
   outer loop
     vertex -1.829583e+01  1.927126e+02 -1.250000e+02
     vertex -1.825000e+01  1.880422e+02 -1.278853e+02
     vertex -1.824224e+01  1.882665e+02 -1.277847e+02
   endloop
 endfacet
 facet normal  9.511103e-01 -1.556235e-01  2.667781e-01
   outer loop
     vertex -1.829583e+01  1.927126e+02 -1.250000e+02
     vertex -1.824224e+01  1.882665e+02 -1.277847e+02
     vertex -1.821681e+01  1.885055e+02 -1.277359e+02
   endloop
 endfacet
 facet normal  9.413673e-01 -1.713273e-01  2.906450e-01
   outer loop
     vertex -1.829583e+01  1.927126e+02 -1.250000e+02
     vertex -1.821681e+01  1.885055e+02 -1.277359e+02
     vertex -1.817254e+01  1.887476e+02 -1.277366e+02
   endloop
 endfacet
 facet normal  9.287338e-01 -1.906009e-01  3.180012e-01
   outer loop
     vertex -1.829583e+01  1.927126e+02 -1.250000e+02
     vertex -1.817254e+01  1.887476e+02 -1.277366e+02
     vertex -1.793219e+01  1.944845e+02 -1.250000e+02
   endloop
 endfacet
 facet normal  9.872032e-01 -7.948698e-02  1.382451e-01
   outer loop
     vertex -1.837538e+01  1.821968e+02 -1.305780e+02
     vertex -1.839949e+01  1.912341e+01 -2.241684e+02
     vertex -1.820365e+01  2.174659e+01 -2.240586e+02
   endloop
 endfacet
 facet normal  9.768165e-01 -1.069871e-01  1.854273e-01
   outer loop
     vertex -1.837538e+01  1.821968e+02 -1.305780e+02
     vertex -1.820365e+01  2.174659e+01 -2.240586e+02
     vertex -1.823623e+01  1.821186e+02 -1.313561e+02
   endloop
 endfacet
 facet normal  9.959941e-01 -4.877334e-02  7.494613e-02
   outer loop
     vertex -1.839524e+01  1.906825e+02 -1.250000e+02
     vertex -1.837862e+01  1.848755e+02 -1.290000e+02
     vertex -1.829583e+01  1.927126e+02 -1.250000e+02
   endloop
 endfacet
 facet normal  9.998161e-01 -9.656856e-03  1.656873e-02
   outer loop
     vertex -1.838853e+01  1.822044e+02 -1.297800e+02
     vertex -1.839949e+01  1.912341e+01 -2.241684e+02
     vertex -1.837538e+01  1.821968e+02 -1.305780e+02
   endloop
 endfacet
 facet normal  9.912046e-01  6.529965e-02 -1.151057e-01
   outer loop
     vertex -1.832595e+01  1.896308e+02 -1.250000e+02
     vertex -1.838503e+01  1.834766e+02 -1.290000e+02
     vertex -1.839524e+01  1.906825e+02 -1.250000e+02
   endloop
 endfacet
 facet normal  9.679635e-01  1.255151e-01 -2.174686e-01
   outer loop
     vertex -1.825000e+01  1.880422e+02 -1.255788e+02
     vertex -1.825161e+01  1.821271e+02 -1.290000e+02
     vertex -1.832595e+01  1.896308e+02 -1.250000e+02
   endloop
 endfacet
 facet normal  9.647822e-01  1.295430e-01 -2.289410e-01
   outer loop
     vertex -1.824608e+01  1.882028e+02 -1.254714e+02
     vertex -1.825000e+01  1.880422e+02 -1.255788e+02
     vertex -1.832595e+01  1.896308e+02 -1.250000e+02
   endloop
 endfacet
 facet normal  9.606946e-01  1.339974e-01 -2.431268e-01
   outer loop
     vertex -1.823188e+01  1.883850e+02 -1.253149e+02
     vertex -1.824608e+01  1.882028e+02 -1.254714e+02
     vertex -1.832595e+01  1.896308e+02 -1.250000e+02
   endloop
 endfacet
 facet normal  9.549564e-01  1.384529e-01 -2.624673e-01
   outer loop
     vertex -1.818756e+01  1.886763e+02 -1.250000e+02
     vertex -1.823188e+01  1.883850e+02 -1.253149e+02
     vertex -1.832595e+01  1.896308e+02 -1.250000e+02
   endloop
 endfacet
 facet normal  9.455420e-01  1.627408e-01 -2.818966e-01
   outer loop
     vertex -1.817353e+01  1.873414e+02 -1.257278e+02
     vertex -1.820541e+01  1.719813e+01 -2.240596e+02
     vertex -1.825161e+01  1.821271e+02 -1.290000e+02
   endloop
 endfacet
 facet normal  9.403096e-01  1.706809e-01 -2.944246e-01
   outer loop
     vertex -1.817353e+01  1.873414e+02 -1.257278e+02
     vertex -1.825161e+01  1.821271e+02 -1.290000e+02
     vertex -1.821719e+01  1.875817e+02 -1.257280e+02
   endloop
 endfacet
 facet normal  9.214365e-01  1.942826e-01 -3.364655e-01
   outer loop
     vertex -1.808909e+01  1.870322e+02 -1.256751e+02
     vertex -1.820541e+01  1.719813e+01 -2.240596e+02
     vertex -1.817353e+01  1.873414e+02 -1.257278e+02
   endloop
 endfacet
 facet normal  9.059517e-01  2.117606e-01 -3.666182e-01
   outer loop
     vertex -1.808909e+01  1.870322e+02 -1.256751e+02
     vertex -1.792616e+01  1.624994e+01 -2.239172e+02
     vertex -1.820541e+01  1.719813e+01 -2.240596e+02
   endloop
 endfacet
 facet normal  8.839136e-01  2.338189e-01 -4.050006e-01
   outer loop
     vertex -1.791211e+01  1.865993e+02 -1.255388e+02
     vertex -1.792616e+01  1.624994e+01 -2.239172e+02
     vertex -1.808909e+01  1.870322e+02 -1.256751e+02
   endloop
 endfacet
 facet normal  8.196461e-01  2.864438e-01 -4.961152e-01
   outer loop
     vertex -1.764866e+01  1.861587e+02 -1.253579e+02
     vertex -1.792616e+01  1.624994e+01 -2.239172e+02
     vertex -1.791211e+01  1.865993e+02 -1.255388e+02
   endloop
 endfacet
 facet normal  8.155182e-01  2.893898e-01 -5.011822e-01
   outer loop
     vertex -1.764866e+01  1.861587e+02 -1.253579e+02
     vertex -1.760010e+01  1.558452e+01 -2.237709e+02
     vertex -1.792616e+01  1.624994e+01 -2.239172e+02
   endloop
 endfacet
 facet normal  7.322512e-01  3.404971e-01 -5.898050e-01
   outer loop
     vertex -1.731857e+01  1.857649e+02 -1.251755e+02
     vertex -1.760010e+01  1.558452e+01 -2.237709e+02
     vertex -1.764866e+01  1.861587e+02 -1.253579e+02
   endloop
 endfacet
 facet normal  6.957540e-01  3.592136e-01 -6.220064e-01
   outer loop
     vertex -1.731857e+01  1.857649e+02 -1.251755e+02
     vertex -1.710740e+01  1.494791e+01 -2.235874e+02
     vertex -1.760010e+01  1.558452e+01 -2.237709e+02
   endloop
 endfacet
 facet normal  6.530212e-01  3.786726e-01 -6.558737e-01
   outer loop
     vertex -1.711890e+01  1.855780e+02 -1.250845e+02
     vertex -1.710740e+01  1.494791e+01 -2.235874e+02
     vertex -1.731857e+01  1.857649e+02 -1.251755e+02
   endloop
 endfacet
 facet normal  5.922918e-01  4.028596e-01 -6.977784e-01
   outer loop
     vertex -1.690380e+01  1.854082e+02 -1.250000e+02
     vertex -1.710740e+01  1.494791e+01 -2.235874e+02
     vertex -1.711890e+01  1.855780e+02 -1.250845e+02
   endloop
 endfacet
 facet normal  5.370548e-01  4.218457e-01 -7.304918e-01
   outer loop
     vertex -1.690380e+01  1.854082e+02 -1.250000e+02
     vertex -1.652437e+01  1.448797e+01 -2.234244e+02
     vertex -1.710740e+01  1.494791e+01 -2.235874e+02
   endloop
 endfacet
 facet normal  4.754958e-01  4.397932e-01 -7.618961e-01
   outer loop
     vertex -1.631419e+01  1.847708e+02 -1.250000e+02
     vertex -1.652437e+01  1.448797e+01 -2.234244e+02
     vertex -1.690380e+01  1.854082e+02 -1.250000e+02
   endloop
 endfacet
 facet normal  3.592161e-01  4.666918e-01 -8.081847e-01
   outer loop
     vertex -1.631419e+01  1.847708e+02 -1.250000e+02
     vertex -1.590649e+01  1.420848e+01 -2.233111e+02
     vertex -1.652437e+01  1.448797e+01 -2.234244e+02
   endloop
 endfacet
 facet normal  3.108299e-01  4.751999e-01 -8.231463e-01
   outer loop
     vertex -1.579269e+01  1.844296e+02 -1.250000e+02
     vertex -1.590649e+01  1.420848e+01 -2.233111e+02
     vertex -1.631419e+01  1.847708e+02 -1.250000e+02
   endloop
 endfacet
 facet normal  2.014743e-01  4.897726e-01 -8.482517e-01
   outer loop
     vertex -1.579269e+01  1.844296e+02 -1.250000e+02
     vertex -1.546067e+01  1.410371e+01 -2.232657e+02
     vertex -1.590649e+01  1.420848e+01 -2.233111e+02
   endloop
 endfacet
 facet normal  1.752552e-01  4.922475e-01 -8.526301e-01
   outer loop
     vertex -1.539700e+01  1.842888e+02 -1.250000e+02
     vertex -1.546067e+01  1.410371e+01 -2.232657e+02
     vertex -1.579269e+01  1.844296e+02 -1.250000e+02
   endloop
 endfacet
 facet normal  6.792064e-02  4.988619e-01 -8.640159e-01
   outer loop
     vertex -1.539700e+01  1.842888e+02 -1.250000e+02
     vertex -1.500000e+01  1.406826e+01 -2.232500e+02
     vertex -1.546067e+01  1.410371e+01 -2.232657e+02
   endloop
 endfacet
 facet normal  5.848179e-02  4.991442e-01 -8.645432e-01
   outer loop
     vertex -1.500000e+01  1.842422e+02 -1.250000e+02
     vertex -1.500000e+01  1.406826e+01 -2.232500e+02
     vertex -1.539700e+01  1.842888e+02 -1.250000e+02
   endloop
 endfacet
 facet normal  9.553482e-01  1.477430e-01 -2.558942e-01
   outer loop
     vertex -1.824236e+01  1.878196e+02 -1.256788e+02
     vertex -1.825161e+01  1.821271e+02 -1.290000e+02
     vertex -1.825000e+01  1.880422e+02 -1.255788e+02
   endloop
 endfacet
 facet normal  9.498541e-01  1.564230e-01 -2.707565e-01
   outer loop
     vertex -1.821719e+01  1.875817e+02 -1.257280e+02
     vertex -1.825161e+01  1.821271e+02 -1.290000e+02
     vertex -1.824236e+01  1.878196e+02 -1.256788e+02
   endloop
 endfacet
 facet normal  8.971796e-01 -2.216632e-01  3.820133e-01
   outer loop
     vertex -1.797932e+01  1.893408e+02 -1.278740e+02
     vertex -1.793219e+01  1.944845e+02 -1.250000e+02
     vertex -1.811107e+01  1.889825e+02 -1.277724e+02
   endloop
 endfacet
 facet normal  8.504892e-01 -2.624752e-01  4.558232e-01
   outer loop
     vertex -1.779825e+01  1.896953e+02 -1.280077e+02
     vertex -1.793219e+01  1.944845e+02 -1.250000e+02
     vertex -1.797932e+01  1.893408e+02 -1.278740e+02
   endloop
 endfacet
 facet normal  7.810861e-01 -3.122312e-01  5.407552e-01
   outer loop
     vertex -1.750044e+01  1.901183e+02 -1.281936e+02
     vertex -1.749836e+01  1.956545e+02 -1.250000e+02
     vertex -1.779825e+01  1.896953e+02 -1.280077e+02
   endloop
 endfacet
 facet normal  6.841062e-01 -3.646497e-01  6.316877e-01
   outer loop
     vertex -1.713811e+01  1.904900e+02 -1.283714e+02
     vertex -1.749836e+01  1.956545e+02 -1.250000e+02
     vertex -1.750044e+01  1.901183e+02 -1.281936e+02
   endloop
 endfacet
 facet normal  5.679405e-01 -4.105365e-01  7.133747e-01
   outer loop
     vertex -1.671599e+01  1.908023e+02 -1.285278e+02
     vertex -1.702253e+01  1.965083e+02 -1.250000e+02
     vertex -1.713811e+01  1.904900e+02 -1.283714e+02
   endloop
 endfacet
 facet normal  4.359013e-01 -4.492207e-01  7.798659e-01
   outer loop
     vertex -1.624019e+01  1.910463e+02 -1.286531e+02
     vertex -1.662831e+01  1.970117e+02 -1.250000e+02
     vertex -1.671599e+01  1.908023e+02 -1.285278e+02
   endloop
 endfacet
 facet normal  2.900636e-01 -4.782824e-01  8.289204e-01
   outer loop
     vertex -1.572633e+01  1.912101e+02 -1.287385e+02
     vertex -1.621703e+01  1.973917e+02 -1.250000e+02
     vertex -1.624019e+01  1.910463e+02 -1.286531e+02
   endloop
 endfacet
 facet normal  2.970680e-01 -4.767567e-01  8.273171e-01
   outer loop
     vertex -1.572633e+01  1.912101e+02 -1.287385e+02
     vertex -1.580148e+01  1.976506e+02 -1.250000e+02
     vertex -1.621703e+01  1.973917e+02 -1.250000e+02
   endloop
 endfacet
 facet normal  1.606261e-01 -4.933453e-01  8.548740e-01
   outer loop
     vertex -1.536502e+01  1.912717e+02 -1.287708e+02
     vertex -1.539284e+01  1.977967e+02 -1.250000e+02
     vertex -1.572633e+01  1.912101e+02 -1.287385e+02
   endloop
 endfacet
 facet normal  9.471951e-01 -1.337758e-01  2.914196e-01
   outer loop
     vertex -1.819843e+01  1.874656e+02 -1.283967e+02
     vertex -1.837862e+01  1.848755e+02 -1.290000e+02
     vertex -1.807850e+01  1.870005e+02 -1.290000e+02
   endloop
 endfacet
 facet normal  9.616161e-01 -1.239245e-01  2.448209e-01
   outer loop
     vertex -1.819843e+01  1.874656e+02 -1.283967e+02
     vertex -1.823795e+01  1.877626e+02 -1.280911e+02
     vertex -1.837862e+01  1.848755e+02 -1.290000e+02
   endloop
 endfacet
 facet normal  9.706875e-01 -1.139183e-01  2.116327e-01
   outer loop
     vertex -1.823795e+01  1.877626e+02 -1.280911e+02
     vertex -1.825000e+01  1.880422e+02 -1.278853e+02
     vertex -1.837862e+01  1.848755e+02 -1.290000e+02
   endloop
 endfacet
 facet normal  9.770507e-01 -1.049316e-01  1.853680e-01
   outer loop
     vertex -1.825000e+01  1.880422e+02 -1.278853e+02
     vertex -1.829583e+01  1.927126e+02 -1.250000e+02
     vertex -1.837862e+01  1.848755e+02 -1.290000e+02
   endloop
 endfacet
 facet normal  9.999311e-01 -4.583106e-03  1.080886e-02
   outer loop
     vertex -1.837862e+01  1.848755e+02 -1.290000e+02
     vertex -1.839524e+01  1.906825e+02 -1.250000e+02
     vertex -1.838503e+01  1.834766e+02 -1.290000e+02
   endloop
 endfacet
 facet normal  9.817047e-01  9.705266e-02 -1.638192e-01
   outer loop
     vertex -1.838503e+01  1.834766e+02 -1.290000e+02
     vertex -1.832595e+01  1.896308e+02 -1.250000e+02
     vertex -1.825161e+01  1.821271e+02 -1.290000e+02
   endloop
 endfacet
 facet normal  9.821008e-01  9.430379e-02 -1.630487e-01
   outer loop
     vertex -1.825161e+01  1.821271e+02 -1.290000e+02
     vertex -1.839949e+01  1.912341e+01 -2.241684e+02
     vertex -1.838853e+01  1.822044e+02 -1.297800e+02
   endloop
 endfacet
 facet normal  9.835839e-01  9.031708e-02 -1.562226e-01
   outer loop
     vertex -1.825161e+01  1.821271e+02 -1.290000e+02
     vertex -1.820541e+01  1.719813e+01 -2.240596e+02
     vertex -1.839949e+01  1.912341e+01 -2.241684e+02
   endloop
 endfacet
 facet normal  9.190608e-01 -1.970961e-01  3.412923e-01
   outer loop
     vertex -1.823623e+01  1.821186e+02 -1.313561e+02
     vertex -1.820365e+01  2.174659e+01 -2.240586e+02
     vertex -1.798650e+01  1.819889e+02 -1.321036e+02
   endloop
 endfacet
 facet normal  3.484744e-02 -4.996963e-01  8.654994e-01
   outer loop
     vertex  1.500000e+01  1.812922e+02 -1.345551e+02
     vertex  1.476447e+01  2.764467e+01 -2.232541e+02
     vertex  1.500000e+01  2.766826e+01 -2.232500e+02
   endloop
 endfacet
 facet normal  5.382061e-02 -4.992753e-01  8.647702e-01
   outer loop
     vertex  1.463498e+01  1.912717e+02 -1.287708e+02
     vertex  1.500000e+01  1.912922e+02 -1.287816e+02
     vertex  1.500000e+01  1.978422e+02 -1.250000e+02
   endloop
 endfacet
 facet normal  1.023655e-01 -4.973849e-01  8.614694e-01
   outer loop
     vertex  1.448319e+01  1.813121e+02 -1.344981e+02
     vertex  1.453871e+01  2.757803e+01 -2.232658e+02
     vertex  1.476447e+01  2.764467e+01 -2.232541e+02
   endloop
 endfacet
 facet normal  1.667036e-01 -4.929972e-01  8.539108e-01
   outer loop
     vertex  1.448319e+01  1.813121e+02 -1.344981e+02
     vertex  1.432697e+01  2.747554e+01 -2.232836e+02
     vertex  1.453871e+01  2.757803e+01 -2.232658e+02
   endloop
 endfacet
 facet normal  7.623331e-02 -4.985927e-01  8.634778e-01
   outer loop
     vertex  1.448319e+01  1.813121e+02 -1.344981e+02
     vertex  1.476447e+01  2.764467e+01 -2.232541e+02
     vertex  1.500000e+01  1.812922e+02 -1.345551e+02
   endloop
 endfacet
 facet normal  5.788679e-02 -4.993317e-01  8.644749e-01
   outer loop
     vertex  1.460716e+01  1.977967e+02 -1.250000e+02
     vertex  1.463498e+01  1.912717e+02 -1.287708e+02
     vertex  1.500000e+01  1.978422e+02 -1.250000e+02
   endloop
 endfacet
 facet normal  1.761178e-01 -4.926298e-01  8.522314e-01
   outer loop
     vertex  1.419852e+01  1.976506e+02 -1.250000e+02
     vertex  1.427367e+01  1.912101e+02 -1.287385e+02
     vertex  1.460716e+01  1.977967e+02 -1.250000e+02
   endloop
 endfacet
 facet normal  2.360670e-01 -4.858888e-01  8.415370e-01
   outer loop
     vertex  1.399091e+01  1.813681e+02 -1.343345e+02
     vertex  1.406988e+01  2.729734e+01 -2.233144e+02
     vertex  1.432697e+01  2.747554e+01 -2.232836e+02
   endloop
 endfacet
 facet normal  3.232687e-01 -4.731375e-01  8.195353e-01
   outer loop
     vertex  1.399091e+01  1.813681e+02 -1.343345e+02
     vertex  1.373456e+01  2.697248e+01 -2.233697e+02
     vertex  1.406988e+01  2.729734e+01 -2.233144e+02
   endloop
 endfacet
 facet normal  2.249769e-01 -4.872217e-01  8.438012e-01
   outer loop
     vertex  1.399091e+01  1.813681e+02 -1.343345e+02
     vertex  1.432697e+01  2.747554e+01 -2.232836e+02
     vertex  1.448319e+01  1.813121e+02 -1.344981e+02
   endloop
 endfacet
 facet normal  3.878977e-01 -4.609265e-01  7.981742e-01
   outer loop
     vertex  1.338369e+01  1.814886e+02 -1.339698e+02
     vertex  1.373456e+01  2.697248e+01 -2.233697e+02
     vertex  1.399091e+01  1.813681e+02 -1.343345e+02
   endloop
 endfacet
 facet normal  4.342933e-01 -4.503654e-01  7.801028e-01
   outer loop
     vertex  1.338369e+01  1.814886e+02 -1.339698e+02
     vertex  1.331881e+01  2.641042e+01 -2.234627e+02
     vertex  1.373456e+01  2.697248e+01 -2.233697e+02
   endloop
 endfacet
 facet normal  4.195050e-01 -4.540622e-01  7.860299e-01
   outer loop
     vertex  1.337169e+01  1.970117e+02 -1.250000e+02
     vertex  1.375981e+01  1.910463e+02 -1.286531e+02
     vertex  1.378297e+01  1.973917e+02 -1.250000e+02
   endloop
 endfacet
 facet normal  5.387648e-01 -4.218912e-01  7.292052e-01
   outer loop
     vertex  1.297747e+01  1.965083e+02 -1.250000e+02
     vertex  1.328401e+01  1.908023e+02 -1.285278e+02
     vertex  1.337169e+01  1.970117e+02 -1.250000e+02
   endloop
 endfacet
 facet normal  5.610846e-01 -4.139114e-01  7.168413e-01
   outer loop
     vertex  1.281942e+01  1.816541e+02 -1.334325e+02
     vertex  1.331881e+01  2.641042e+01 -2.234627e+02
     vertex  1.338369e+01  1.814886e+02 -1.339698e+02
   endloop
 endfacet
 facet normal  5.678916e-01 -4.115596e-01  7.128238e-01
   outer loop
     vertex  1.281942e+01  1.816541e+02 -1.334325e+02
     vertex  1.283419e+01  2.549198e+01 -2.236069e+02
     vertex  1.331881e+01  2.641042e+01 -2.234627e+02
   endloop
 endfacet
 facet normal  6.691534e-01 -3.729295e-01  6.427731e-01
   outer loop
     vertex  1.250164e+01  1.956545e+02 -1.250000e+02
     vertex  1.286189e+01  1.904900e+02 -1.283714e+02
     vertex  1.297747e+01  1.965083e+02 -1.250000e+02
   endloop
 endfacet
 facet normal  7.115865e-01 -3.512900e-01  6.084736e-01
   outer loop
     vertex  1.236417e+01  1.818281e+02 -1.327997e+02
     vertex  1.283419e+01  2.549198e+01 -2.236069e+02
     vertex  1.281942e+01  1.816541e+02 -1.334325e+02
   endloop
 endfacet
 facet normal  7.335443e-01 -3.397100e-01  5.886509e-01
   outer loop
     vertex  1.236417e+01  1.818281e+02 -1.327997e+02
     vertex  1.222082e+01  2.374853e+01 -2.238487e+02
     vertex  1.283419e+01  2.549198e+01 -2.236069e+02
   endloop
 endfacet
 facet normal  8.302959e-01 -2.787263e-01  4.826183e-01
   outer loop
     vertex  1.201350e+01  1.819889e+02 -1.321036e+02
     vertex  1.222082e+01  2.374853e+01 -2.238487e+02
     vertex  1.236417e+01  1.818281e+02 -1.327997e+02
   endloop
 endfacet
 facet normal  8.877237e-01 -2.300437e-01  3.987813e-01
   outer loop
     vertex  1.201350e+01  1.819889e+02 -1.321036e+02
     vertex  1.179635e+01  2.174659e+01 -2.240586e+02
     vertex  1.222082e+01  2.374853e+01 -2.238487e+02
   endloop
 endfacet
 facet normal  8.056483e-01 -2.987307e-01  5.115572e-01
   outer loop
     vertex  1.206781e+01  1.944845e+02 -1.250000e+02
     vertex  1.220175e+01  1.896953e+02 -1.280077e+02
     vertex  1.250164e+01  1.956545e+02 -1.250000e+02
   endloop
 endfacet
 facet normal  9.263608e-01 -1.930707e-01  3.233873e-01
   outer loop
     vertex  1.182746e+01  1.887476e+02 -1.277366e+02
     vertex  1.188893e+01  1.889825e+02 -1.277724e+02
     vertex  1.206781e+01  1.944845e+02 -1.250000e+02
   endloop
 endfacet
 facet normal  9.567829e-01 -1.459884e-01  2.515034e-01
   outer loop
     vertex  1.170417e+01  1.927126e+02 -1.250000e+02
     vertex  1.175000e+01  1.880422e+02 -1.278853e+02
     vertex  1.175776e+01  1.882665e+02 -1.277847e+02
   endloop
 endfacet
 facet normal  9.511103e-01 -1.556235e-01  2.667781e-01
   outer loop
     vertex  1.170417e+01  1.927126e+02 -1.250000e+02
     vertex  1.175776e+01  1.882665e+02 -1.277847e+02
     vertex  1.178319e+01  1.885055e+02 -1.277359e+02
   endloop
 endfacet
 facet normal  9.413673e-01 -1.713273e-01  2.906450e-01
   outer loop
     vertex  1.170417e+01  1.927126e+02 -1.250000e+02
     vertex  1.178319e+01  1.885055e+02 -1.277359e+02
     vertex  1.182746e+01  1.887476e+02 -1.277366e+02
   endloop
 endfacet
 facet normal  9.287338e-01 -1.906009e-01  3.180012e-01
   outer loop
     vertex  1.170417e+01  1.927126e+02 -1.250000e+02
     vertex  1.182746e+01  1.887476e+02 -1.277366e+02
     vertex  1.206781e+01  1.944845e+02 -1.250000e+02
   endloop
 endfacet
 facet normal  9.872032e-01 -7.948698e-02  1.382451e-01
   outer loop
     vertex  1.162462e+01  1.821968e+02 -1.305780e+02
     vertex  1.160051e+01  1.912341e+01 -2.241684e+02
     vertex  1.179635e+01  2.174659e+01 -2.240586e+02
   endloop
 endfacet
 facet normal  9.768165e-01 -1.069871e-01  1.854273e-01
   outer loop
     vertex  1.162462e+01  1.821968e+02 -1.305780e+02
     vertex  1.179635e+01  2.174659e+01 -2.240586e+02
     vertex  1.176377e+01  1.821186e+02 -1.313561e+02
   endloop
 endfacet
 facet normal  9.959941e-01 -4.877334e-02  7.494613e-02
   outer loop
     vertex  1.160476e+01  1.906825e+02 -1.250000e+02
     vertex  1.162138e+01  1.848755e+02 -1.290000e+02
     vertex  1.170417e+01  1.927126e+02 -1.250000e+02
   endloop
 endfacet
 facet normal  9.998161e-01 -9.656856e-03  1.656873e-02
   outer loop
     vertex  1.161147e+01  1.822044e+02 -1.297800e+02
     vertex  1.160051e+01  1.912341e+01 -2.241684e+02
     vertex  1.162462e+01  1.821968e+02 -1.305780e+02
   endloop
 endfacet
 facet normal  9.912046e-01  6.529965e-02 -1.151057e-01
   outer loop
     vertex  1.167405e+01  1.896308e+02 -1.250000e+02
     vertex  1.161497e+01  1.834766e+02 -1.290000e+02
     vertex  1.160476e+01  1.906825e+02 -1.250000e+02
   endloop
 endfacet
 facet normal  9.679635e-01  1.255151e-01 -2.174686e-01
   outer loop
     vertex  1.175000e+01  1.880422e+02 -1.255788e+02
     vertex  1.174839e+01  1.821271e+02 -1.290000e+02
     vertex  1.167405e+01  1.896308e+02 -1.250000e+02
   endloop
 endfacet
 facet normal  9.647822e-01  1.295430e-01 -2.289410e-01
   outer loop
     vertex  1.175392e+01  1.882028e+02 -1.254714e+02
     vertex  1.175000e+01  1.880422e+02 -1.255788e+02
     vertex  1.167405e+01  1.896308e+02 -1.250000e+02
   endloop
 endfacet
 facet normal  9.606946e-01  1.339974e-01 -2.431268e-01
   outer loop
     vertex  1.176812e+01  1.883850e+02 -1.253149e+02
     vertex  1.175392e+01  1.882028e+02 -1.254714e+02
     vertex  1.167405e+01  1.896308e+02 -1.250000e+02
   endloop
 endfacet
 facet normal  9.549564e-01  1.384529e-01 -2.624673e-01
   outer loop
     vertex  1.181244e+01  1.886763e+02 -1.250000e+02
     vertex  1.176812e+01  1.883850e+02 -1.253149e+02
     vertex  1.167405e+01  1.896308e+02 -1.250000e+02
   endloop
 endfacet
 facet normal  9.455420e-01  1.627408e-01 -2.818966e-01
   outer loop
     vertex  1.182647e+01  1.873414e+02 -1.257278e+02
     vertex  1.179459e+01  1.719813e+01 -2.240596e+02
     vertex  1.174839e+01  1.821271e+02 -1.290000e+02
   endloop
 endfacet
 facet normal  9.403096e-01  1.706809e-01 -2.944246e-01
   outer loop
     vertex  1.182647e+01  1.873414e+02 -1.257278e+02
     vertex  1.174839e+01  1.821271e+02 -1.290000e+02
     vertex  1.178281e+01  1.875817e+02 -1.257280e+02
   endloop
 endfacet
 facet normal  9.214365e-01  1.942826e-01 -3.364655e-01
   outer loop
     vertex  1.191091e+01  1.870322e+02 -1.256751e+02
     vertex  1.179459e+01  1.719813e+01 -2.240596e+02
     vertex  1.182647e+01  1.873414e+02 -1.257278e+02
   endloop
 endfacet
 facet normal  9.059517e-01  2.117606e-01 -3.666182e-01
   outer loop
     vertex  1.191091e+01  1.870322e+02 -1.256751e+02
     vertex  1.207384e+01  1.624994e+01 -2.239172e+02
     vertex  1.179459e+01  1.719813e+01 -2.240596e+02
   endloop
 endfacet
 facet normal  8.839136e-01  2.338189e-01 -4.050006e-01
   outer loop
     vertex  1.208789e+01  1.865993e+02 -1.255388e+02
     vertex  1.207384e+01  1.624994e+01 -2.239172e+02
     vertex  1.191091e+01  1.870322e+02 -1.256751e+02
   endloop
 endfacet
 facet normal  8.196461e-01  2.864438e-01 -4.961152e-01
   outer loop
     vertex  1.235134e+01  1.861587e+02 -1.253579e+02
     vertex  1.207384e+01  1.624994e+01 -2.239172e+02
     vertex  1.208789e+01  1.865993e+02 -1.255388e+02
   endloop
 endfacet
 facet normal  8.155182e-01  2.893898e-01 -5.011822e-01
   outer loop
     vertex  1.235134e+01  1.861587e+02 -1.253579e+02
     vertex  1.239990e+01  1.558452e+01 -2.237709e+02
     vertex  1.207384e+01  1.624994e+01 -2.239172e+02
   endloop
 endfacet
 facet normal  7.322512e-01  3.404971e-01 -5.898050e-01
   outer loop
     vertex  1.268143e+01  1.857649e+02 -1.251755e+02
     vertex  1.239990e+01  1.558452e+01 -2.237709e+02
     vertex  1.235134e+01  1.861587e+02 -1.253579e+02
   endloop
 endfacet
 facet normal  6.957540e-01  3.592136e-01 -6.220064e-01
   outer loop
     vertex  1.268143e+01  1.857649e+02 -1.251755e+02
     vertex  1.289260e+01  1.494791e+01 -2.235874e+02
     vertex  1.239990e+01  1.558452e+01 -2.237709e+02
   endloop
 endfacet
 facet normal  6.530212e-01  3.786726e-01 -6.558737e-01
   outer loop
     vertex  1.288110e+01  1.855780e+02 -1.250845e+02
     vertex  1.289260e+01  1.494791e+01 -2.235874e+02
     vertex  1.268143e+01  1.857649e+02 -1.251755e+02
   endloop
 endfacet
 facet normal  5.922918e-01  4.028596e-01 -6.977784e-01
   outer loop
     vertex  1.309620e+01  1.854082e+02 -1.250000e+02
     vertex  1.289260e+01  1.494791e+01 -2.235874e+02
     vertex  1.288110e+01  1.855780e+02 -1.250845e+02
   endloop
 endfacet
 facet normal  5.370548e-01  4.218457e-01 -7.304918e-01
   outer loop
     vertex  1.309620e+01  1.854082e+02 -1.250000e+02
     vertex  1.347563e+01  1.448797e+01 -2.234244e+02
     vertex  1.289260e+01  1.494791e+01 -2.235874e+02
   endloop
 endfacet
 facet normal  4.754958e-01  4.397932e-01 -7.618961e-01
   outer loop
     vertex  1.368581e+01  1.847708e+02 -1.250000e+02
     vertex  1.347563e+01  1.448797e+01 -2.234244e+02
     vertex  1.309620e+01  1.854082e+02 -1.250000e+02
   endloop
 endfacet
 facet normal  3.592161e-01  4.666918e-01 -8.081847e-01
   outer loop
     vertex  1.368581e+01  1.847708e+02 -1.250000e+02
     vertex  1.409351e+01  1.420848e+01 -2.233111e+02
     vertex  1.347563e+01  1.448797e+01 -2.234244e+02
   endloop
 endfacet
 facet normal  3.108299e-01  4.751999e-01 -8.231463e-01
   outer loop
     vertex  1.420731e+01  1.844296e+02 -1.250000e+02
     vertex  1.409351e+01  1.420848e+01 -2.233111e+02
     vertex  1.368581e+01  1.847708e+02 -1.250000e+02
   endloop
 endfacet
 facet normal  2.014743e-01  4.897726e-01 -8.482517e-01
   outer loop
     vertex  1.420731e+01  1.844296e+02 -1.250000e+02
     vertex  1.453933e+01  1.410371e+01 -2.232657e+02
     vertex  1.409351e+01  1.420848e+01 -2.233111e+02
   endloop
 endfacet
 facet normal  1.752552e-01  4.922475e-01 -8.526301e-01
   outer loop
     vertex  1.460300e+01  1.842888e+02 -1.250000e+02
     vertex  1.453933e+01  1.410371e+01 -2.232657e+02
     vertex  1.420731e+01  1.844296e+02 -1.250000e+02
   endloop
 endfacet
 facet normal  6.792064e-02  4.988619e-01 -8.640159e-01
   outer loop
     vertex  1.460300e+01  1.842888e+02 -1.250000e+02
     vertex  1.500000e+01  1.406826e+01 -2.232500e+02
     vertex  1.453933e+01  1.410371e+01 -2.232657e+02
   endloop
 endfacet
 facet normal  5.848179e-02  4.991442e-01 -8.645432e-01
   outer loop
     vertex  1.500000e+01  1.842422e+02 -1.250000e+02
     vertex  1.500000e+01  1.406826e+01 -2.232500e+02
     vertex  1.460300e+01  1.842888e+02 -1.250000e+02
   endloop
 endfacet
 facet normal  9.553482e-01  1.477430e-01 -2.558942e-01
   outer loop
     vertex  1.175764e+01  1.878196e+02 -1.256788e+02
     vertex  1.174839e+01  1.821271e+02 -1.290000e+02
     vertex  1.175000e+01  1.880422e+02 -1.255788e+02
   endloop
 endfacet
 facet normal  9.498541e-01  1.564230e-01 -2.707565e-01
   outer loop
     vertex  1.178281e+01  1.875817e+02 -1.257280e+02
     vertex  1.174839e+01  1.821271e+02 -1.290000e+02
     vertex  1.175764e+01  1.878196e+02 -1.256788e+02
   endloop
 endfacet
 facet normal  8.971796e-01 -2.216632e-01  3.820133e-01
   outer loop
     vertex  1.202068e+01  1.893408e+02 -1.278740e+02
     vertex  1.206781e+01  1.944845e+02 -1.250000e+02
     vertex  1.188893e+01  1.889825e+02 -1.277724e+02
   endloop
 endfacet
 facet normal  8.504892e-01 -2.624752e-01  4.558232e-01
   outer loop
     vertex  1.220175e+01  1.896953e+02 -1.280077e+02
     vertex  1.206781e+01  1.944845e+02 -1.250000e+02
     vertex  1.202068e+01  1.893408e+02 -1.278740e+02
   endloop
 endfacet
 facet normal  7.810861e-01 -3.122312e-01  5.407552e-01
   outer loop
     vertex  1.249956e+01  1.901183e+02 -1.281936e+02
     vertex  1.250164e+01  1.956545e+02 -1.250000e+02
     vertex  1.220175e+01  1.896953e+02 -1.280077e+02
   endloop
 endfacet
 facet normal  6.841062e-01 -3.646497e-01  6.316877e-01
   outer loop
     vertex  1.286189e+01  1.904900e+02 -1.283714e+02
     vertex  1.250164e+01  1.956545e+02 -1.250000e+02
     vertex  1.249956e+01  1.901183e+02 -1.281936e+02
   endloop
 endfacet
 facet normal  5.679405e-01 -4.105365e-01  7.133747e-01
   outer loop
     vertex  1.328401e+01  1.908023e+02 -1.285278e+02
     vertex  1.297747e+01  1.965083e+02 -1.250000e+02
     vertex  1.286189e+01  1.904900e+02 -1.283714e+02
   endloop
 endfacet
 facet normal  4.359013e-01 -4.492207e-01  7.798659e-01
   outer loop
     vertex  1.375981e+01  1.910463e+02 -1.286531e+02
     vertex  1.337169e+01  1.970117e+02 -1.250000e+02
     vertex  1.328401e+01  1.908023e+02 -1.285278e+02
   endloop
 endfacet
 facet normal  2.900636e-01 -4.782824e-01  8.289204e-01
   outer loop
     vertex  1.427367e+01  1.912101e+02 -1.287385e+02
     vertex  1.378297e+01  1.973917e+02 -1.250000e+02
     vertex  1.375981e+01  1.910463e+02 -1.286531e+02
   endloop
 endfacet
 facet normal  2.970680e-01 -4.767567e-01  8.273171e-01
   outer loop
     vertex  1.427367e+01  1.912101e+02 -1.287385e+02
     vertex  1.419852e+01  1.976506e+02 -1.250000e+02
     vertex  1.378297e+01  1.973917e+02 -1.250000e+02
   endloop
 endfacet
 facet normal  1.606261e-01 -4.933453e-01  8.548740e-01
   outer loop
     vertex  1.463498e+01  1.912717e+02 -1.287708e+02
     vertex  1.460716e+01  1.977967e+02 -1.250000e+02
     vertex  1.427367e+01  1.912101e+02 -1.287385e+02
   endloop
 endfacet
 facet normal  9.471951e-01 -1.337758e-01  2.914196e-01
   outer loop
     vertex  1.180157e+01  1.874656e+02 -1.283967e+02
     vertex  1.162138e+01  1.848755e+02 -1.290000e+02
     vertex  1.192150e+01  1.870005e+02 -1.290000e+02
   endloop
 endfacet
 facet normal  9.616161e-01 -1.239245e-01  2.448209e-01
   outer loop
     vertex  1.180157e+01  1.874656e+02 -1.283967e+02
     vertex  1.176205e+01  1.877626e+02 -1.280911e+02
     vertex  1.162138e+01  1.848755e+02 -1.290000e+02
   endloop
 endfacet
 facet normal  9.706875e-01 -1.139183e-01  2.116327e-01
   outer loop
     vertex  1.176205e+01  1.877626e+02 -1.280911e+02
     vertex  1.175000e+01  1.880422e+02 -1.278853e+02
     vertex  1.162138e+01  1.848755e+02 -1.290000e+02
   endloop
 endfacet
 facet normal  9.770507e-01 -1.049316e-01  1.853680e-01
   outer loop
     vertex  1.175000e+01  1.880422e+02 -1.278853e+02
     vertex  1.170417e+01  1.927126e+02 -1.250000e+02
     vertex  1.162138e+01  1.848755e+02 -1.290000e+02
   endloop
 endfacet
 facet normal  9.999311e-01 -4.583106e-03  1.080886e-02
   outer loop
     vertex  1.162138e+01  1.848755e+02 -1.290000e+02
     vertex  1.160476e+01  1.906825e+02 -1.250000e+02
     vertex  1.161497e+01  1.834766e+02 -1.290000e+02
   endloop
 endfacet
 facet normal  9.817047e-01  9.705266e-02 -1.638192e-01
   outer loop
     vertex  1.161497e+01  1.834766e+02 -1.290000e+02
     vertex  1.167405e+01  1.896308e+02 -1.250000e+02
     vertex  1.174839e+01  1.821271e+02 -1.290000e+02
   endloop
 endfacet
 facet normal  9.821008e-01  9.430379e-02 -1.630487e-01
   outer loop
     vertex  1.174839e+01  1.821271e+02 -1.290000e+02
     vertex  1.160051e+01  1.912341e+01 -2.241684e+02
     vertex  1.161147e+01  1.822044e+02 -1.297800e+02
   endloop
 endfacet
 facet normal  9.835839e-01  9.031708e-02 -1.562226e-01
   outer loop
     vertex  1.174839e+01  1.821271e+02 -1.290000e+02
     vertex  1.179459e+01  1.719813e+01 -2.240596e+02
     vertex  1.160051e+01  1.912341e+01 -2.241684e+02
   endloop
 endfacet
 facet normal  9.190608e-01 -1.970961e-01  3.412923e-01
   outer loop
     vertex  1.176377e+01  1.821186e+02 -1.313561e+02
     vertex  1.179635e+01  2.174659e+01 -2.240586e+02
     vertex  1.201350e+01  1.819889e+02 -1.321036e+02
   endloop
 endfacet
 facet normal -1.000000e+00  7.765853e-28 -2.711644e-14
   outer loop
     vertex -2.100000e+01  1.299242e+01 -2.330923e+02
     vertex -2.100000e+01  8.000000e+00 -2.359747e+02
     vertex -2.100000e+01  1.200000e+01 -2.330923e+02
   endloop
 endfacet
 facet normal -1.000000e+00 -1.446352e-14 -7.044762e-15
   outer loop
     vertex -2.100000e+01  8.000000e+00 -2.253843e+02
     vertex -2.100000e+01  1.200000e+01 -2.330923e+02
     vertex -2.100000e+01  8.000000e+00 -2.359747e+02
   endloop
 endfacet
 facet normal -1.000000e+00 -8.881784e-16 -0.000000e+00
   outer loop
     vertex -2.100000e+01  1.200000e+01 -2.269077e+02
     vertex -2.100000e+01  1.200000e+01 -2.330923e+02
     vertex -2.100000e+01  8.000000e+00 -2.253843e+02
   endloop
 endfacet
 facet normal -1.000000e+00  3.035325e-16  3.129105e-15
   outer loop
     vertex -2.100000e+01  2.370456e+01 -2.269077e+02
     vertex -2.100000e+01  1.200000e+01 -2.269077e+02
     vertex -2.100000e+01  8.000000e+00 -2.253843e+02
   endloop
 endfacet
 facet normal -1.000000e+00 -1.153762e-15 -1.362746e-29
   outer loop
     vertex -2.100000e+01  1.818707e+02 -1.250000e+02
     vertex -2.100000e+01  1.849499e+02 -1.290000e+02
     vertex -2.100000e+01  1.849499e+02 -1.338126e+02
   endloop
 endfacet
 facet normal -1.000000e+00  1.180027e-16  4.443711e-16
   outer loop
     vertex -2.100000e+01  1.818707e+02 -1.250000e+02
     vertex -2.100000e+01  1.849499e+02 -1.338126e+02
     vertex -2.100000e+01  2.370456e+01 -2.269077e+02
   endloop
 endfacet
 facet normal -1.000000e+00  5.290588e-17  5.454048e-16
   outer loop
     vertex -2.100000e+01  1.818707e+02 -1.250000e+02
     vertex -2.100000e+01  2.370456e+01 -2.269077e+02
     vertex -2.100000e+01  8.000000e+00 -2.253843e+02
   endloop
 endfacet
 facet normal -1.000000e+00  0.000000e+00  8.881784e-16
   outer loop
     vertex -2.100000e+01  1.911346e+02 -1.290000e+02
     vertex -2.100000e+01  1.849499e+02 -1.290000e+02
     vertex -2.100000e+01  1.818707e+02 -1.250000e+02
   endloop
 endfacet
 facet normal -1.000000e+00  2.825528e-15 -2.860700e-15
   outer loop
     vertex -2.100000e+01  2.002138e+02 -1.250000e+02
     vertex -2.100000e+01  1.911346e+02 -1.302419e+02
     vertex -2.100000e+01  1.911346e+02 -1.290000e+02
   endloop
 endfacet
 facet normal -1.000000e+00  5.810422e-16  2.233858e-15
   outer loop
     vertex -2.100000e+01  2.002138e+02 -1.250000e+02
     vertex -2.100000e+01  1.911346e+02 -1.290000e+02
     vertex -2.100000e+01  1.818707e+02 -1.250000e+02
   endloop
 endfacet
 facet normal  1.000000e+00  2.367927e-14 -4.153599e-14
   outer loop
     vertex -1.900000e+01  2.170422e+02 -1.250000e+02
     vertex -1.900000e+01  1.934794e+02 -1.386040e+02
     vertex -1.900000e+01  1.934794e+02 -1.409134e+02
   endloop
 endfacet
 facet normal  1.000000e+00  8.881784e-16 -7.789444e-15
   outer loop
     vertex -1.900000e+01  2.210422e+02 -1.250000e+02
     vertex -1.900000e+01  2.170422e+02 -1.250000e+02
     vertex -1.900000e+01  1.934794e+02 -1.409134e+02
   endloop
 endfacet
 facet normal  1.000000e+00  1.421085e-14 -2.519355e-14
   outer loop
     vertex -1.900000e+01  1.826051e+02 -1.448823e+02
     vertex -1.900000e+01  4.459432e+01 -2.245629e+02
     vertex -1.900000e+01  4.859432e+01 -2.245629e+02
   endloop
 endfacet
 facet normal  1.000000e+00  2.118373e-14 -3.692088e-14
   outer loop
     vertex -1.900000e+01  1.826051e+02 -1.471917e+02
     vertex -1.900000e+01  1.826051e+02 -1.448823e+02
     vertex -1.900000e+01  4.859432e+01 -2.245629e+02
   endloop
 endfacet
 facet normal -1.640238e-14  5.000000e-01 -8.660254e-01
   outer loop
     vertex -1.176837e+01  3.144128e+01 -2.240739e+02
     vertex -1.105219e+01  1.825671e+02 -1.368213e+02
     vertex -1.041421e+01  1.830892e+02 -1.365199e+02
   endloop
 endfacet
 facet normal  2.908078e-14  5.000000e-01 -8.660254e-01
   outer loop
     vertex -1.290370e+01  3.229015e+01 -2.235838e+02
     vertex -1.177874e+01  1.821105e+02 -1.370850e+02
     vertex -1.105219e+01  1.825671e+02 -1.368213e+02
   endloop
 endfacet
 facet normal -1.844053e-14  5.000000e-01 -8.660254e-01
   outer loop
     vertex -1.290370e+01  3.229015e+01 -2.235838e+02
     vertex -1.105219e+01  1.825671e+02 -1.368213e+02
     vertex -1.176837e+01  3.144128e+01 -2.240739e+02
   endloop
 endfacet
 facet normal  7.112590e-15  5.000000e-01 -8.660254e-01
   outer loop
     vertex -1.041421e+01  2.975591e+01 -2.250469e+02
     vertex -1.176837e+01  3.144128e+01 -2.240739e+02
     vertex -1.041421e+01  1.830892e+02 -1.365199e+02
   endloop
 endfacet
 facet normal -1.748595e-14  5.000000e-01 -8.660254e-01
   outer loop
     vertex -1.380046e+01  3.268217e+01 -2.233574e+02
     vertex -1.299146e+01  1.815980e+02 -1.373808e+02
     vertex -1.177874e+01  1.821105e+02 -1.370850e+02
   endloop
 endfacet
 facet normal  2.789277e-14  5.000000e-01 -8.660254e-01
   outer loop
     vertex -1.380046e+01  3.268217e+01 -2.233574e+02
     vertex -1.177874e+01  1.821105e+02 -1.370850e+02
     vertex -1.290370e+01  3.229015e+01 -2.235838e+02
   endloop
 endfacet
 facet normal  1.596297e-14  5.000000e-01 -8.660254e-01
   outer loop
     vertex -1.440167e+01  3.282224e+01 -2.232766e+02
     vertex -1.432065e+01  1.813265e+02 -1.375376e+02
     vertex -1.299146e+01  1.815980e+02 -1.373808e+02
   endloop
 endfacet
 facet normal -3.794304e-14  5.000000e-01 -8.660254e-01
   outer loop
     vertex -1.440167e+01  3.282224e+01 -2.232766e+02
     vertex -1.299146e+01  1.815980e+02 -1.373808e+02
     vertex -1.380046e+01  3.268217e+01 -2.233574e+02
   endloop
 endfacet
 facet normal  7.742660e-15  5.000000e-01 -8.660254e-01
   outer loop
     vertex -1.500000e+01  3.286826e+01 -2.232500e+02
     vertex -1.569110e+01  1.813277e+02 -1.375369e+02
     vertex -1.432065e+01  1.813265e+02 -1.375376e+02
   endloop
 endfacet
 facet normal -4.001814e-14  5.000000e-01 -8.660254e-01
   outer loop
     vertex -1.500000e+01  3.286826e+01 -2.232500e+02
     vertex -1.432065e+01  1.813265e+02 -1.375376e+02
     vertex -1.440167e+01  3.282224e+01 -2.232766e+02
   endloop
 endfacet
 facet normal  7.980996e-15  5.000000e-01 -8.660254e-01
   outer loop
     vertex -1.582729e+01  3.278012e+01 -2.233009e+02
     vertex -1.701958e+01  1.816015e+02 -1.373788e+02
     vertex -1.569110e+01  1.813277e+02 -1.375369e+02
   endloop
 endfacet
 facet normal  1.002171e-14  5.000000e-01 -8.660254e-01
   outer loop
     vertex -1.582729e+01  3.278012e+01 -2.233009e+02
     vertex -1.569110e+01  1.813277e+02 -1.375369e+02
     vertex -1.500000e+01  3.286826e+01 -2.232500e+02
   endloop
 endfacet
 facet normal  7.915847e-15  5.000000e-01 -8.660254e-01
   outer loop
     vertex -1.665473e+01  3.251151e+01 -2.234560e+02
     vertex -1.835581e+01  1.821855e+02 -1.370416e+02
     vertex -1.701958e+01  1.816015e+02 -1.373788e+02
   endloop
 endfacet
 facet normal  1.714546e-14  5.000000e-01 -8.660254e-01
   outer loop
     vertex -1.665473e+01  3.251151e+01 -2.234560e+02
     vertex -1.701958e+01  1.816015e+02 -1.373788e+02
     vertex -1.582729e+01  3.278012e+01 -2.233009e+02
   endloop
 endfacet
 facet normal -1.340056e-14  5.000000e-01 -8.660254e-01
   outer loop
     vertex -1.746264e+01  3.206240e+01 -2.237153e+02
     vertex -1.835581e+01  1.821855e+02 -1.370416e+02
     vertex -1.665473e+01  3.251151e+01 -2.234560e+02
   endloop
 endfacet
 facet normal -1.976457e-14  5.000000e-01 -8.660254e-01
   outer loop
     vertex -1.958579e+01  2.975591e+01 -2.250469e+02
     vertex -1.958579e+01  1.830892e+02 -1.365199e+02
     vertex -1.894416e+01  3.066472e+01 -2.245222e+02
   endloop
 endfacet
 facet normal -1.601758e-14  5.000000e-01 -8.660254e-01
   outer loop
     vertex -1.894416e+01  3.066472e+01 -2.245222e+02
     vertex -1.958579e+01  1.830892e+02 -1.365199e+02
     vertex -1.823163e+01  3.144128e+01 -2.240739e+02
   endloop
 endfacet
 facet normal  3.300505e-14  5.000000e-01 -8.660254e-01
   outer loop
     vertex -1.823163e+01  3.144128e+01 -2.240739e+02
     vertex -1.958579e+01  1.830892e+02 -1.365199e+02
     vertex -1.746264e+01  3.206240e+01 -2.237153e+02
   endloop
 endfacet
 facet normal -8.568766e-15  5.000000e-01 -8.660254e-01
   outer loop
     vertex -1.746264e+01  3.206240e+01 -2.237153e+02
     vertex -1.958579e+01  1.830892e+02 -1.365199e+02
     vertex -1.835581e+01  1.821855e+02 -1.370416e+02
   endloop
 endfacet
 facet normal -1.000000e+00  1.191747e-14 -1.999881e-14
   outer loop
     vertex -1.100000e+01  1.826051e+02 -1.448823e+02
     vertex -1.100000e+01  1.826051e+02 -1.471917e+02
     vertex -1.100000e+01  4.859432e+01 -2.245629e+02
   endloop
 endfacet
 facet normal -1.000000e+00  3.552714e-15 -5.930546e-15
   outer loop
     vertex -1.100000e+01  1.826051e+02 -1.448823e+02
     vertex -1.100000e+01  4.859432e+01 -2.245629e+02
     vertex -1.100000e+01  4.459432e+01 -2.245629e+02
   endloop
 endfacet
 facet normal -1.000000e+00  1.440282e-14 -2.076800e-14
   outer loop
     vertex -1.100000e+01  2.170422e+02 -1.250000e+02
     vertex -1.100000e+01  1.934794e+02 -1.409134e+02
     vertex -1.100000e+01  1.934794e+02 -1.386040e+02
   endloop
 endfacet
 facet normal -1.000000e+00  8.881784e-16 -7.569860e-16
   outer loop
     vertex -1.100000e+01  2.210422e+02 -1.250000e+02
     vertex -1.100000e+01  1.934794e+02 -1.409134e+02
     vertex -1.100000e+01  2.170422e+02 -1.250000e+02
   endloop
 endfacet
 facet normal  1.000000e+00  1.250165e-14 -2.230637e-14
   outer loop
     vertex  1.100000e+01  2.170422e+02 -1.250000e+02
     vertex  1.100000e+01  1.934794e+02 -1.386040e+02
     vertex  1.100000e+01  1.934794e+02 -1.409134e+02
   endloop
 endfacet
 facet normal  1.000000e+00  1.332268e-15 -5.767971e-15
   outer loop
     vertex  1.100000e+01  2.210422e+02 -1.250000e+02
     vertex  1.100000e+01  2.170422e+02 -1.250000e+02
     vertex  1.100000e+01  1.934794e+02 -1.409134e+02
   endloop
 endfacet
 facet normal  1.000000e+00  3.108624e-15 -6.030806e-15
   outer loop
     vertex  1.100000e+01  1.826051e+02 -1.448823e+02
     vertex  1.100000e+01  4.459432e+01 -2.245629e+02
     vertex  1.100000e+01  4.859432e+01 -2.245629e+02
   endloop
 endfacet
 facet normal  1.000000e+00  1.187111e-14 -2.076800e-14
   outer loop
     vertex  1.100000e+01  1.826051e+02 -1.471917e+02
     vertex  1.100000e+01  1.826051e+02 -1.448823e+02
     vertex  1.100000e+01  4.859432e+01 -2.245629e+02
   endloop
 endfacet
 facet normal  1.640238e-14  5.000000e-01 -8.660254e-01
   outer loop
     vertex  1.823163e+01  3.144128e+01 -2.240739e+02
     vertex  1.894781e+01  1.825671e+02 -1.368213e+02
     vertex  1.958579e+01  1.830892e+02 -1.365199e+02
   endloop
 endfacet
 facet normal -1.454039e-14  5.000000e-01 -8.660254e-01
   outer loop
     vertex  1.709630e+01  3.229015e+01 -2.235838e+02
     vertex  1.822126e+01  1.821105e+02 -1.370850e+02
     vertex  1.894781e+01  1.825671e+02 -1.368213e+02
   endloop
 endfacet
 facet normal -1.086419e-14  5.000000e-01 -8.660254e-01
   outer loop
     vertex  1.709630e+01  3.229015e+01 -2.235838e+02
     vertex  1.894781e+01  1.825671e+02 -1.368213e+02
     vertex  1.823163e+01  3.144128e+01 -2.240739e+02
   endloop
 endfacet
 facet normal  1.612187e-14  5.000000e-01 -8.660254e-01
   outer loop
     vertex  1.958579e+01  2.975591e+01 -2.250469e+02
     vertex  1.823163e+01  3.144128e+01 -2.240739e+02
     vertex  1.958579e+01  1.830892e+02 -1.365199e+02
   endloop
 endfacet
 facet normal -2.622892e-14  5.000000e-01 -8.660254e-01
   outer loop
     vertex  1.619954e+01  3.268217e+01 -2.233574e+02
     vertex  1.700854e+01  1.815980e+02 -1.373808e+02
     vertex  1.822126e+01  1.821105e+02 -1.370850e+02
   endloop
 endfacet
 facet normal -3.378175e-15  5.000000e-01 -8.660254e-01
   outer loop
     vertex  1.619954e+01  3.268217e+01 -2.233574e+02
     vertex  1.822126e+01  1.821105e+02 -1.370850e+02
     vertex  1.709630e+01  3.229015e+01 -2.235838e+02
   endloop
 endfacet
 facet normal  2.394446e-14  5.000000e-01 -8.660254e-01
   outer loop
     vertex  1.559833e+01  3.282224e+01 -2.232766e+02
     vertex  1.567935e+01  1.813265e+02 -1.375376e+02
     vertex  1.700854e+01  1.815980e+02 -1.373808e+02
   endloop
 endfacet
 facet normal  2.900214e-15  5.000000e-01 -8.660254e-01
   outer loop
     vertex  1.559833e+01  3.282224e+01 -2.232766e+02
     vertex  1.700854e+01  1.815980e+02 -1.373808e+02
     vertex  1.619954e+01  3.268217e+01 -2.233574e+02
   endloop
 endfacet
 facet normal  0.000000e+00  5.000000e-01 -8.660254e-01
   outer loop
     vertex  1.500000e+01  3.286826e+01 -2.232500e+02
     vertex  1.430890e+01  1.813277e+02 -1.375369e+02
     vertex  1.567935e+01  1.813265e+02 -1.375376e+02
   endloop
 endfacet
 facet normal -3.409289e-14  5.000000e-01 -8.660254e-01
   outer loop
     vertex  1.500000e+01  3.286826e+01 -2.232500e+02
     vertex  1.567935e+01  1.813265e+02 -1.375376e+02
     vertex  1.559833e+01  3.282224e+01 -2.232766e+02
   endloop
 endfacet
 facet normal  0.000000e+00  5.000000e-01 -8.660254e-01
   outer loop
     vertex  1.417271e+01  3.278012e+01 -2.233009e+02
     vertex  1.298042e+01  1.816015e+02 -1.373788e+02
     vertex  1.430890e+01  1.813277e+02 -1.375369e+02
   endloop
 endfacet
 facet normal  1.432835e-14  5.000000e-01 -8.660254e-01
   outer loop
     vertex  1.417271e+01  3.278012e+01 -2.233009e+02
     vertex  1.430890e+01  1.813277e+02 -1.375369e+02
     vertex  1.500000e+01  3.286826e+01 -2.232500e+02
   endloop
 endfacet
 facet normal -2.374754e-14  5.000000e-01 -8.660254e-01
   outer loop
     vertex  1.334527e+01  3.251151e+01 -2.234560e+02
     vertex  1.164419e+01  1.821855e+02 -1.370416e+02
     vertex  1.298042e+01  1.816015e+02 -1.373788e+02
   endloop
 endfacet
 facet normal  1.714546e-14  5.000000e-01 -8.660254e-01
   outer loop
     vertex  1.334527e+01  3.251151e+01 -2.234560e+02
     vertex  1.298042e+01  1.816015e+02 -1.373788e+02
     vertex  1.417271e+01  3.278012e+01 -2.233009e+02
   endloop
 endfacet
 facet normal -1.790113e-14  5.000000e-01 -8.660254e-01
   outer loop
     vertex  1.253736e+01  3.206240e+01 -2.237153e+02
     vertex  1.164419e+01  1.821855e+02 -1.370416e+02
     vertex  1.334527e+01  3.251151e+01 -2.234560e+02
   endloop
 endfacet
 facet normal  1.288450e-14  5.000000e-01 -8.660254e-01
   outer loop
     vertex  1.041421e+01  2.975591e+01 -2.250469e+02
     vertex  1.041421e+01  1.830892e+02 -1.365199e+02
     vertex  1.105584e+01  3.066472e+01 -2.245222e+02
   endloop
 endfacet
 facet normal -4.782713e-14  5.000000e-01 -8.660254e-01
   outer loop
     vertex  1.105584e+01  3.066472e+01 -2.245222e+02
     vertex  1.041421e+01  1.830892e+02 -1.365199e+02
     vertex  1.176837e+01  3.144128e+01 -2.240739e+02
   endloop
 endfacet
 facet normal  3.064754e-14  5.000000e-01 -8.660254e-01
   outer loop
     vertex  1.176837e+01  3.144128e+01 -2.240739e+02
     vertex  1.041421e+01  1.830892e+02 -1.365199e+02
     vertex  1.253736e+01  3.206240e+01 -2.237153e+02
   endloop
 endfacet
 facet normal -8.568766e-15  5.000000e-01 -8.660254e-01
   outer loop
     vertex  1.253736e+01  3.206240e+01 -2.237153e+02
     vertex  1.041421e+01  1.830892e+02 -1.365199e+02
     vertex  1.164419e+01  1.821855e+02 -1.370416e+02
   endloop
 endfacet
 facet normal -1.000000e+00  1.991107e-14 -3.384414e-14
   outer loop
     vertex  1.900000e+01  1.826051e+02 -1.448823e+02
     vertex  1.900000e+01  1.826051e+02 -1.471917e+02
     vertex  1.900000e+01  4.859432e+01 -2.245629e+02
   endloop
 endfacet
 facet normal -1.000000e+00  1.154632e-14 -1.977588e-14
   outer loop
     vertex  1.900000e+01  1.826051e+02 -1.448823e+02
     vertex  1.900000e+01  4.859432e+01 -2.245629e+02
     vertex  1.900000e+01  4.459432e+01 -2.245629e+02
   endloop
 endfacet
 facet normal -1.000000e+00  2.449906e-14 -3.538251e-14
   outer loop
     vertex  1.900000e+01  2.170422e+02 -1.250000e+02
     vertex  1.900000e+01  1.934794e+02 -1.409134e+02
     vertex  1.900000e+01  1.934794e+02 -1.386040e+02
   endloop
 endfacet
 facet normal -1.000000e+00  3.172611e-30  8.930105e-16
   outer loop
     vertex  1.900000e+01  2.210422e+02 -1.250000e+02
     vertex  1.900000e+01  1.934794e+02 -1.409134e+02
     vertex  1.900000e+01  2.170422e+02 -1.250000e+02
   endloop
 endfacet
 facet normal  1.000000e+00  0.000000e+00  0.000000e+00
   outer loop
     vertex  2.100000e+01  1.200000e+01 -2.330923e+02
     vertex  2.100000e+01  8.000000e+00 -2.253843e+02
     vertex  2.100000e+01  8.000000e+00 -2.359747e+02
   endloop
 endfacet
 facet normal  1.000000e+00  0.000000e+00 -0.000000e+00
   outer loop
     vertex  2.100000e+01  1.200000e+01 -2.330923e+02
     vertex  2.100000e+01  1.200000e+01 -2.269077e+02
     vertex  2.100000e+01  8.000000e+00 -2.253843e+02
   endloop
 endfacet
 facet normal  1.000000e+00 -1.073959e-14  1.490382e-14
   outer loop
     vertex  2.100000e+01  1.299242e+01 -2.330923e+02
     vertex  2.100000e+01  1.200000e+01 -2.330923e+02
     vertex  2.100000e+01  8.000000e+00 -2.359747e+02
   endloop
 endfacet
 facet normal  1.000000e+00 -3.035325e-16 -7.969927e-16
   outer loop
     vertex  2.100000e+01  2.370456e+01 -2.269077e+02
     vertex  2.100000e+01  8.000000e+00 -2.253843e+02
     vertex  2.100000e+01  1.200000e+01 -2.269077e+02
   endloop
 endfacet
 facet normal  1.000000e+00 -1.936807e-16  3.354648e-16
   outer loop
     vertex  2.100000e+01  1.818707e+02 -1.250000e+02
     vertex  2.100000e+01  8.000000e+00 -2.253843e+02
     vertex  2.100000e+01  2.370456e+01 -2.269077e+02
   endloop
 endfacet
 facet normal  1.000000e+00 -3.585921e-15  5.600402e-15
   outer loop
     vertex  2.100000e+01  1.849499e+02 -1.338126e+02
     vertex  2.100000e+01  1.818707e+02 -1.250000e+02
     vertex  2.100000e+01  2.370456e+01 -2.269077e+02
   endloop
 endfacet
 facet normal  1.000000e+00 -1.961395e-14  0.000000e+00
   outer loop
     vertex  2.100000e+01  1.849499e+02 -1.338126e+02
     vertex  2.100000e+01  1.849499e+02 -1.290000e+02
     vertex  2.100000e+01  1.818707e+02 -1.250000e+02
   endloop
 endfacet
 facet normal  1.000000e+00  0.000000e+00  1.509903e-14
   outer loop
     vertex  2.100000e+01  1.911346e+02 -1.290000e+02
     vertex  2.100000e+01  1.818707e+02 -1.250000e+02
     vertex  2.100000e+01  1.849499e+02 -1.290000e+02
   endloop
 endfacet
 facet normal  1.000000e+00 -2.042926e-15  2.860700e-15
   outer loop
     vertex  2.100000e+01  2.002138e+02 -1.250000e+02
     vertex  2.100000e+01  1.911346e+02 -1.290000e+02
     vertex  2.100000e+01  1.911346e+02 -1.302419e+02
   endloop
 endfacet
 facet normal  1.000000e+00 -3.679934e-15  6.576397e-15
   outer loop
     vertex  2.100000e+01  2.002138e+02 -1.250000e+02
     vertex  2.100000e+01  1.818707e+02 -1.250000e+02
     vertex  2.100000e+01  1.911346e+02 -1.290000e+02
   endloop
 endfacet
 facet normal  6.158423e-02 -4.990509e-01  8.643816e-01
   outer loop
     vertex -1.500000e+01  1.034775e+01 -2.332500e+02
     vertex -1.541798e+01  8.000000e+00 -2.345757e+02
     vertex -1.500000e+01  8.000000e+00 -2.346055e+02
   endloop
 endfacet
 facet normal  1.875686e-01 -4.898538e-01  8.513879e-01
   outer loop
     vertex -1.578357e+01  1.033076e+01 -2.331541e+02
     vertex -1.585371e+01  8.000000e+00 -2.344797e+02
     vertex -1.541798e+01  8.000000e+00 -2.345757e+02
   endloop
 endfacet
 facet normal  1.156573e-01 -5.039269e-01  8.559679e-01
   outer loop
     vertex -1.578357e+01  1.033076e+01 -2.331541e+02
     vertex -1.541798e+01  8.000000e+00 -2.345757e+02
     vertex -1.500000e+01  1.034775e+01 -2.332500e+02
   endloop
 endfacet
 facet normal  3.377891e-01 -4.729716e-01  8.137545e-01
   outer loop
     vertex -1.643709e+01  8.000000e+00 -2.342375e+02
     vertex -1.585371e+01  8.000000e+00 -2.344797e+02
     vertex -1.578357e+01  1.033076e+01 -2.331541e+02
   endloop
 endfacet
 facet normal  3.407103e-01 -4.731703e-01  8.124200e-01
   outer loop
     vertex -1.652071e+01  1.028392e+01 -2.328723e+02
     vertex -1.643709e+01  8.000000e+00 -2.342375e+02
     vertex -1.578357e+01  1.033076e+01 -2.331541e+02
   endloop
 endfacet
 facet normal  5.179420e-01 -4.248560e-01  7.424510e-01
   outer loop
     vertex -1.705908e+01  8.000000e+00 -2.338036e+02
     vertex -1.643709e+01  8.000000e+00 -2.342375e+02
     vertex -1.652071e+01  1.028392e+01 -2.328723e+02
   endloop
 endfacet
 facet normal  5.448096e-01 -4.235548e-01  7.237291e-01
   outer loop
     vertex -1.716639e+01  1.022165e+01 -2.324226e+02
     vertex -1.705908e+01  8.000000e+00 -2.338036e+02
     vertex -1.652071e+01  1.028392e+01 -2.328723e+02
   endloop
 endfacet
 facet normal  7.005640e-01 -3.520054e-01  6.207272e-01
   outer loop
     vertex -1.765784e+01  8.000000e+00 -2.331279e+02
     vertex -1.705908e+01  8.000000e+00 -2.338036e+02
     vertex -1.716639e+01  1.022165e+01 -2.324226e+02
   endloop
 endfacet
 facet normal  7.172642e-01 -3.499330e-01  6.025604e-01
   outer loop
     vertex -1.768460e+01  1.017690e+01 -2.318318e+02
     vertex -1.765784e+01  8.000000e+00 -2.331279e+02
     vertex -1.716639e+01  1.022165e+01 -2.324226e+02
   endloop
 endfacet
 facet normal  8.555718e-01 -2.506370e-01  4.529657e-01
   outer loop
     vertex -1.796668e+01  1.020012e+01 -2.313271e+02
     vertex -1.809887e+01  8.000000e+00 -2.322948e+02
     vertex -1.765784e+01  8.000000e+00 -2.331279e+02
   endloop
 endfacet
 facet normal  8.338518e-01 -2.747781e-01  4.787359e-01
   outer loop
     vertex -1.796668e+01  1.020012e+01 -2.313271e+02
     vertex -1.765784e+01  8.000000e+00 -2.331279e+02
     vertex -1.768460e+01  1.017690e+01 -2.318318e+02
   endloop
 endfacet
 facet normal  8.932897e-01 -2.248549e-01  3.891963e-01
   outer loop
     vertex -1.810218e+01  1.028171e+01 -2.309690e+02
     vertex -1.809887e+01  8.000000e+00 -2.322948e+02
     vertex -1.796668e+01  1.020012e+01 -2.313271e+02
   endloop
 endfacet
 facet normal  9.239225e-01 -1.912097e-01  3.313699e-01
   outer loop
     vertex -1.817762e+01  1.041444e+01 -2.306821e+02
     vertex -1.809887e+01  8.000000e+00 -2.322948e+02
     vertex -1.810218e+01  1.028171e+01 -2.309690e+02
   endloop
 endfacet
 facet normal  9.524641e-01 -1.390219e-01  2.710814e-01
   outer loop
     vertex -1.836011e+01  8.000000e+00 -2.312791e+02
     vertex -1.817762e+01  1.041444e+01 -2.306821e+02
     vertex -1.822289e+01  1.061742e+01 -2.304189e+02
   endloop
 endfacet
 facet normal  9.598011e-01 -1.335855e-01  2.468539e-01
   outer loop
     vertex -1.836011e+01  8.000000e+00 -2.312791e+02
     vertex -1.809887e+01  8.000000e+00 -2.322948e+02
     vertex -1.817762e+01  1.041444e+01 -2.306821e+02
   endloop
 endfacet
 facet normal  9.621748e-01 -1.292566e-01  2.398174e-01
   outer loop
     vertex -1.824394e+01  1.086977e+01 -2.301984e+02
     vertex -1.836011e+01  8.000000e+00 -2.312791e+02
     vertex -1.822289e+01  1.061742e+01 -2.304189e+02
   endloop
 endfacet
 facet normal  9.703514e-01 -1.199253e-01  2.098478e-01
   outer loop
     vertex -1.833711e+01  1.200000e+01 -2.291217e+02
     vertex -1.824394e+01  1.086977e+01 -2.301984e+02
     vertex -1.824744e+01  1.141601e+01 -2.298701e+02
   endloop
 endfacet
 facet normal  9.664044e-01 -1.332617e-01  2.197816e-01
   outer loop
     vertex -1.833711e+01  1.200000e+01 -2.291217e+02
     vertex -1.824744e+01  1.141601e+01 -2.298701e+02
     vertex -1.822636e+01  1.200000e+01 -2.296087e+02
   endloop
 endfacet
 facet normal  9.712313e-01 -1.173474e-01  2.072179e-01
   outer loop
     vertex -1.833711e+01  1.200000e+01 -2.291217e+02
     vertex -1.836011e+01  8.000000e+00 -2.312791e+02
     vertex -1.824394e+01  1.086977e+01 -2.301984e+02
   endloop
 endfacet
 facet normal  9.999440e-01  1.571948e-03  1.046876e-02
   outer loop
     vertex -1.839452e+01  1.200000e+01 -2.285928e+02
     vertex -1.837168e+01  8.000000e+00 -2.301739e+02
     vertex -1.836011e+01  8.000000e+00 -2.312791e+02
   endloop
 endfacet
 facet normal  9.921343e-01 -6.379440e-02  1.077023e-01
   outer loop
     vertex -1.839452e+01  1.200000e+01 -2.285928e+02
     vertex -1.836011e+01  8.000000e+00 -2.312791e+02
     vertex -1.833711e+01  1.200000e+01 -2.291217e+02
   endloop
 endfacet
 facet normal  9.992737e-01  1.880596e-02 -3.314242e-02
   outer loop
     vertex -1.836983e+01  1.200000e+01 -2.278482e+02
     vertex -1.837168e+01  8.000000e+00 -2.301739e+02
     vertex -1.839452e+01  1.200000e+01 -2.285928e+02
   endloop
 endfacet
 facet normal  9.671413e-01  1.274523e-01 -2.199853e-01
   outer loop
     vertex -1.815170e+01  8.000000e+00 -2.292067e+02
     vertex -1.837168e+01  8.000000e+00 -2.301739e+02
     vertex -1.836983e+01  1.200000e+01 -2.278482e+02
   endloop
 endfacet
 facet normal  9.047764e-01  2.091901e-01 -3.709706e-01
   outer loop
     vertex -1.821335e+01  1.200000e+01 -2.270872e+02
     vertex -1.803813e+01  8.123370e+00 -2.288459e+02
     vertex -1.810117e+01  8.073147e+00 -2.290279e+02
   endloop
 endfacet
 facet normal  9.203486e-01  1.940989e-01 -3.395352e-01
   outer loop
     vertex -1.821335e+01  1.200000e+01 -2.270872e+02
     vertex -1.810117e+01  8.073147e+00 -2.290279e+02
     vertex -1.815170e+01  8.000000e+00 -2.292067e+02
   endloop
 endfacet
 facet normal  9.723227e-01  1.209195e-01 -1.999175e-01
   outer loop
     vertex -1.821335e+01  1.200000e+01 -2.270872e+02
     vertex -1.815170e+01  8.000000e+00 -2.292067e+02
     vertex -1.836983e+01  1.200000e+01 -2.278482e+02
   endloop
 endfacet
 facet normal  7.964339e-01  3.007468e-01 -5.246374e-01
   outer loop
     vertex -1.791890e+01  1.200000e+01 -2.263568e+02
     vertex -1.751640e+01  8.166509e+00 -2.279433e+02
     vertex -1.787537e+01  8.171961e+00 -2.284851e+02
   endloop
 endfacet
 facet normal  8.704498e-01  2.467264e-01 -4.259616e-01
   outer loop
     vertex -1.791890e+01  1.200000e+01 -2.263568e+02
     vertex -1.787537e+01  8.171961e+00 -2.284851e+02
     vertex -1.803813e+01  8.123370e+00 -2.288459e+02
   endloop
 endfacet
 facet normal  9.073890e-01  2.069635e-01 -3.658024e-01
   outer loop
     vertex -1.791890e+01  1.200000e+01 -2.263568e+02
     vertex -1.803813e+01  8.123370e+00 -2.288459e+02
     vertex -1.821335e+01  1.200000e+01 -2.270872e+02
   endloop
 endfacet
 facet normal  8.009726e-01  2.988086e-01 -5.188027e-01
   outer loop
     vertex -1.749728e+01  1.200000e+01 -2.257059e+02
     vertex -1.751640e+01  8.166509e+00 -2.279433e+02
     vertex -1.791890e+01  1.200000e+01 -2.263568e+02
   endloop
 endfacet
 facet normal  6.682241e-01  3.725269e-01 -6.439722e-01
   outer loop
     vertex -1.749728e+01  1.200000e+01 -2.257059e+02
     vertex -1.700477e+01  8.115373e+00 -2.274420e+02
     vertex -1.751640e+01  8.166509e+00 -2.279433e+02
   endloop
 endfacet
 facet normal  6.614809e-01  3.743093e-01 -6.498734e-01
   outer loop
     vertex -1.697571e+01  1.200000e+01 -2.251750e+02
     vertex -1.700477e+01  8.115373e+00 -2.274420e+02
     vertex -1.749728e+01  1.200000e+01 -2.257059e+02
   endloop
 endfacet
 facet normal  5.023399e-01  4.330173e-01 -7.484322e-01
   outer loop
     vertex -1.697571e+01  1.200000e+01 -2.251750e+02
     vertex -1.639345e+01  8.059749e+00 -2.270639e+02
     vertex -1.700477e+01  8.115373e+00 -2.274420e+02
   endloop
 endfacet
 facet normal  4.977300e-01  4.336379e-01 -7.511478e-01
   outer loop
     vertex -1.639219e+01  1.200000e+01 -2.247883e+02
     vertex -1.639345e+01  8.059749e+00 -2.270639e+02
     vertex -1.697571e+01  1.200000e+01 -2.251750e+02
   endloop
 endfacet
 facet normal  3.115035e-01  4.751476e-01 -8.229218e-01
   outer loop
     vertex -1.639219e+01  1.200000e+01 -2.247883e+02
     vertex -1.571354e+01  8.020178e+00 -2.268293e+02
     vertex -1.639345e+01  8.059749e+00 -2.270639e+02
   endloop
 endfacet
 facet normal  3.123187e-01  4.751326e-01 -8.226214e-01
   outer loop
     vertex -1.572025e+01  1.200000e+01 -2.245332e+02
     vertex -1.571354e+01  8.020178e+00 -2.268293e+02
     vertex -1.639219e+01  1.200000e+01 -2.247883e+02
   endloop
 endfacet
 facet normal  1.055890e-01  4.970756e-01 -8.612589e-01
   outer loop
     vertex -1.572025e+01  1.200000e+01 -2.245332e+02
     vertex -1.500000e+01  8.006080e+00 -2.267500e+02
     vertex -1.571354e+01  8.020178e+00 -2.268293e+02
   endloop
 endfacet
 facet normal  1.065253e-01  4.971550e-01 -8.610977e-01
   outer loop
     vertex -1.500000e+01  1.200000e+01 -2.244441e+02
     vertex -1.500000e+01  8.006080e+00 -2.267500e+02
     vertex -1.572025e+01  1.200000e+01 -2.245332e+02
   endloop
 endfacet
 facet normal  6.158423e-02 -4.990509e-01  8.643816e-01
   outer loop
     vertex  1.500000e+01  1.034775e+01 -2.332500e+02
     vertex  1.458202e+01  8.000000e+00 -2.345757e+02
     vertex  1.500000e+01  8.000000e+00 -2.346055e+02
   endloop
 endfacet
 facet normal  1.875686e-01 -4.898538e-01  8.513879e-01
   outer loop
     vertex  1.421643e+01  1.033076e+01 -2.331541e+02
     vertex  1.414629e+01  8.000000e+00 -2.344797e+02
     vertex  1.458202e+01  8.000000e+00 -2.345757e+02
   endloop
 endfacet
 facet normal  1.156573e-01 -5.039269e-01  8.559679e-01
   outer loop
     vertex  1.421643e+01  1.033076e+01 -2.331541e+02
     vertex  1.458202e+01  8.000000e+00 -2.345757e+02
     vertex  1.500000e+01  1.034775e+01 -2.332500e+02
   endloop
 endfacet
 facet normal  3.377891e-01 -4.729716e-01  8.137545e-01
   outer loop
     vertex  1.356291e+01  8.000000e+00 -2.342375e+02
     vertex  1.414629e+01  8.000000e+00 -2.344797e+02
     vertex  1.421643e+01  1.033076e+01 -2.331541e+02
   endloop
 endfacet
 facet normal  3.407103e-01 -4.731703e-01  8.124200e-01
   outer loop
     vertex  1.347929e+01  1.028392e+01 -2.328723e+02
     vertex  1.356291e+01  8.000000e+00 -2.342375e+02
     vertex  1.421643e+01  1.033076e+01 -2.331541e+02
   endloop
 endfacet
 facet normal  5.179420e-01 -4.248560e-01  7.424510e-01
   outer loop
     vertex  1.294092e+01  8.000000e+00 -2.338036e+02
     vertex  1.356291e+01  8.000000e+00 -2.342375e+02
     vertex  1.347929e+01  1.028392e+01 -2.328723e+02
   endloop
 endfacet
 facet normal  5.448096e-01 -4.235548e-01  7.237291e-01
   outer loop
     vertex  1.283361e+01  1.022165e+01 -2.324226e+02
     vertex  1.294092e+01  8.000000e+00 -2.338036e+02
     vertex  1.347929e+01  1.028392e+01 -2.328723e+02
   endloop
 endfacet
 facet normal  7.005640e-01 -3.520054e-01  6.207272e-01
   outer loop
     vertex  1.234216e+01  8.000000e+00 -2.331279e+02
     vertex  1.294092e+01  8.000000e+00 -2.338036e+02
     vertex  1.283361e+01  1.022165e+01 -2.324226e+02
   endloop
 endfacet
 facet normal  7.172642e-01 -3.499330e-01  6.025604e-01
   outer loop
     vertex  1.231540e+01  1.017690e+01 -2.318318e+02
     vertex  1.234216e+01  8.000000e+00 -2.331279e+02
     vertex  1.283361e+01  1.022165e+01 -2.324226e+02
   endloop
 endfacet
 facet normal  8.555718e-01 -2.506370e-01  4.529657e-01
   outer loop
     vertex  1.203332e+01  1.020012e+01 -2.313271e+02
     vertex  1.190113e+01  8.000000e+00 -2.322948e+02
     vertex  1.234216e+01  8.000000e+00 -2.331279e+02
   endloop
 endfacet
 facet normal  8.338518e-01 -2.747781e-01  4.787359e-01
   outer loop
     vertex  1.203332e+01  1.020012e+01 -2.313271e+02
     vertex  1.234216e+01  8.000000e+00 -2.331279e+02
     vertex  1.231540e+01  1.017690e+01 -2.318318e+02
   endloop
 endfacet
 facet normal  8.932897e-01 -2.248549e-01  3.891963e-01
   outer loop
     vertex  1.189782e+01  1.028171e+01 -2.309690e+02
     vertex  1.190113e+01  8.000000e+00 -2.322948e+02
     vertex  1.203332e+01  1.020012e+01 -2.313271e+02
   endloop
 endfacet
 facet normal  9.239225e-01 -1.912097e-01  3.313699e-01
   outer loop
     vertex  1.182238e+01  1.041444e+01 -2.306821e+02
     vertex  1.190113e+01  8.000000e+00 -2.322948e+02
     vertex  1.189782e+01  1.028171e+01 -2.309690e+02
   endloop
 endfacet
 facet normal  9.524641e-01 -1.390219e-01  2.710814e-01
   outer loop
     vertex  1.163989e+01  8.000000e+00 -2.312791e+02
     vertex  1.182238e+01  1.041444e+01 -2.306821e+02
     vertex  1.177711e+01  1.061742e+01 -2.304189e+02
   endloop
 endfacet
 facet normal  9.598011e-01 -1.335855e-01  2.468539e-01
   outer loop
     vertex  1.163989e+01  8.000000e+00 -2.312791e+02
     vertex  1.190113e+01  8.000000e+00 -2.322948e+02
     vertex  1.182238e+01  1.041444e+01 -2.306821e+02
   endloop
 endfacet
 facet normal  9.621748e-01 -1.292566e-01  2.398174e-01
   outer loop
     vertex  1.175606e+01  1.086977e+01 -2.301984e+02
     vertex  1.163989e+01  8.000000e+00 -2.312791e+02
     vertex  1.177711e+01  1.061742e+01 -2.304189e+02
   endloop
 endfacet
 facet normal  9.703514e-01 -1.199253e-01  2.098478e-01
   outer loop
     vertex  1.166289e+01  1.200000e+01 -2.291217e+02
     vertex  1.175606e+01  1.086977e+01 -2.301984e+02
     vertex  1.175256e+01  1.141601e+01 -2.298701e+02
   endloop
 endfacet
 facet normal  9.664044e-01 -1.332617e-01  2.197816e-01
   outer loop
     vertex  1.166289e+01  1.200000e+01 -2.291217e+02
     vertex  1.175256e+01  1.141601e+01 -2.298701e+02
     vertex  1.177364e+01  1.200000e+01 -2.296087e+02
   endloop
 endfacet
 facet normal  9.712313e-01 -1.173474e-01  2.072179e-01
   outer loop
     vertex  1.166289e+01  1.200000e+01 -2.291217e+02
     vertex  1.163989e+01  8.000000e+00 -2.312791e+02
     vertex  1.175606e+01  1.086977e+01 -2.301984e+02
   endloop
 endfacet
 facet normal  9.999440e-01  1.571948e-03  1.046876e-02
   outer loop
     vertex  1.160548e+01  1.200000e+01 -2.285928e+02
     vertex  1.162832e+01  8.000000e+00 -2.301739e+02
     vertex  1.163989e+01  8.000000e+00 -2.312791e+02
   endloop
 endfacet
 facet normal  9.921343e-01 -6.379440e-02  1.077023e-01
   outer loop
     vertex  1.160548e+01  1.200000e+01 -2.285928e+02
     vertex  1.163989e+01  8.000000e+00 -2.312791e+02
     vertex  1.166289e+01  1.200000e+01 -2.291217e+02
   endloop
 endfacet
 facet normal  9.992737e-01  1.880596e-02 -3.314242e-02
   outer loop
     vertex  1.163017e+01  1.200000e+01 -2.278482e+02
     vertex  1.162832e+01  8.000000e+00 -2.301739e+02
     vertex  1.160548e+01  1.200000e+01 -2.285928e+02
   endloop
 endfacet
 facet normal  9.671413e-01  1.274523e-01 -2.199853e-01
   outer loop
     vertex  1.184830e+01  8.000000e+00 -2.292067e+02
     vertex  1.162832e+01  8.000000e+00 -2.301739e+02
     vertex  1.163017e+01  1.200000e+01 -2.278482e+02
   endloop
 endfacet
 facet normal  9.047764e-01  2.091901e-01 -3.709706e-01
   outer loop
     vertex  1.178665e+01  1.200000e+01 -2.270872e+02
     vertex  1.196187e+01  8.123370e+00 -2.288459e+02
     vertex  1.189883e+01  8.073147e+00 -2.290279e+02
   endloop
 endfacet
 facet normal  9.203486e-01  1.940989e-01 -3.395352e-01
   outer loop
     vertex  1.178665e+01  1.200000e+01 -2.270872e+02
     vertex  1.189883e+01  8.073147e+00 -2.290279e+02
     vertex  1.184830e+01  8.000000e+00 -2.292067e+02
   endloop
 endfacet
 facet normal  9.723227e-01  1.209195e-01 -1.999175e-01
   outer loop
     vertex  1.178665e+01  1.200000e+01 -2.270872e+02
     vertex  1.184830e+01  8.000000e+00 -2.292067e+02
     vertex  1.163017e+01  1.200000e+01 -2.278482e+02
   endloop
 endfacet
 facet normal  7.964339e-01  3.007468e-01 -5.246374e-01
   outer loop
     vertex  1.208110e+01  1.200000e+01 -2.263568e+02
     vertex  1.248360e+01  8.166509e+00 -2.279433e+02
     vertex  1.212463e+01  8.171961e+00 -2.284851e+02
   endloop
 endfacet
 facet normal  8.704498e-01  2.467264e-01 -4.259616e-01
   outer loop
     vertex  1.208110e+01  1.200000e+01 -2.263568e+02
     vertex  1.212463e+01  8.171961e+00 -2.284851e+02
     vertex  1.196187e+01  8.123370e+00 -2.288459e+02
   endloop
 endfacet
 facet normal  9.073890e-01  2.069635e-01 -3.658024e-01
   outer loop
     vertex  1.208110e+01  1.200000e+01 -2.263568e+02
     vertex  1.196187e+01  8.123370e+00 -2.288459e+02
     vertex  1.178665e+01  1.200000e+01 -2.270872e+02
   endloop
 endfacet
 facet normal  8.009726e-01  2.988086e-01 -5.188027e-01
   outer loop
     vertex  1.250272e+01  1.200000e+01 -2.257059e+02
     vertex  1.248360e+01  8.166509e+00 -2.279433e+02
     vertex  1.208110e+01  1.200000e+01 -2.263568e+02
   endloop
 endfacet
 facet normal  6.682241e-01  3.725269e-01 -6.439722e-01
   outer loop
     vertex  1.250272e+01  1.200000e+01 -2.257059e+02
     vertex  1.299523e+01  8.115373e+00 -2.274420e+02
     vertex  1.248360e+01  8.166509e+00 -2.279433e+02
   endloop
 endfacet
 facet normal  6.614809e-01  3.743093e-01 -6.498734e-01
   outer loop
     vertex  1.302429e+01  1.200000e+01 -2.251750e+02
     vertex  1.299523e+01  8.115373e+00 -2.274420e+02
     vertex  1.250272e+01  1.200000e+01 -2.257059e+02
   endloop
 endfacet
 facet normal  5.023399e-01  4.330173e-01 -7.484322e-01
   outer loop
     vertex  1.302429e+01  1.200000e+01 -2.251750e+02
     vertex  1.360655e+01  8.059749e+00 -2.270639e+02
     vertex  1.299523e+01  8.115373e+00 -2.274420e+02
   endloop
 endfacet
 facet normal  4.977300e-01  4.336379e-01 -7.511478e-01
   outer loop
     vertex  1.360781e+01  1.200000e+01 -2.247883e+02
     vertex  1.360655e+01  8.059749e+00 -2.270639e+02
     vertex  1.302429e+01  1.200000e+01 -2.251750e+02
   endloop
 endfacet
 facet normal  3.115035e-01  4.751476e-01 -8.229218e-01
   outer loop
     vertex  1.360781e+01  1.200000e+01 -2.247883e+02
     vertex  1.428646e+01  8.020178e+00 -2.268293e+02
     vertex  1.360655e+01  8.059749e+00 -2.270639e+02
   endloop
 endfacet
 facet normal  3.123187e-01  4.751326e-01 -8.226214e-01
   outer loop
     vertex  1.427975e+01  1.200000e+01 -2.245332e+02
     vertex  1.428646e+01  8.020178e+00 -2.268293e+02
     vertex  1.360781e+01  1.200000e+01 -2.247883e+02
   endloop
 endfacet
 facet normal  1.055890e-01  4.970756e-01 -8.612589e-01
   outer loop
     vertex  1.427975e+01  1.200000e+01 -2.245332e+02
     vertex  1.500000e+01  8.006080e+00 -2.267500e+02
     vertex  1.428646e+01  8.020178e+00 -2.268293e+02
   endloop
 endfacet
 facet normal  1.065253e-01  4.971550e-01 -8.610977e-01
   outer loop
     vertex  1.500000e+01  1.200000e+01 -2.244441e+02
     vertex  1.500000e+01  8.006080e+00 -2.267500e+02
     vertex  1.427975e+01  1.200000e+01 -2.245332e+02
   endloop
 endfacet
 facet normal  1.000000e+00  2.245262e-14 -3.230577e-14
   outer loop
     vertex -1.900000e+01  2.575951e+01 -2.354371e+02
     vertex -1.900000e+01  8.000000e+00 -2.456906e+02
     vertex -1.900000e+01  8.000000e+00 -2.480000e+02
   endloop
 endfacet
 facet normal  1.000000e+00  1.598721e-14 -2.316594e-14
   outer loop
     vertex -1.900000e+01  2.975951e+01 -2.354371e+02
     vertex -1.900000e+01  2.575951e+01 -2.354371e+02
     vertex -1.900000e+01  8.000000e+00 -2.480000e+02
   endloop
 endfacet
 facet normal  1.276012e-14  5.000000e-01 -8.660254e-01
   outer loop
     vertex -1.164419e+01  1.938990e+02 -1.302789e+02
     vertex -1.041421e+01  2.030422e+02 -1.250000e+02
     vertex -1.041421e+01  1.929953e+02 -1.308006e+02
   endloop
 endfacet
 facet normal  1.174359e-14  5.000000e-01 -8.660254e-01
   outer loop
     vertex -1.298042e+01  1.944830e+02 -1.299417e+02
     vertex -1.041421e+01  2.030422e+02 -1.250000e+02
     vertex -1.164419e+01  1.938990e+02 -1.302789e+02
   endloop
 endfacet
 facet normal  4.523408e-15  5.000000e-01 -8.660254e-01
   outer loop
     vertex -1.430890e+01  1.947568e+02 -1.297836e+02
     vertex -1.041421e+01  2.030422e+02 -1.250000e+02
     vertex -1.298042e+01  1.944830e+02 -1.299417e+02
   endloop
 endfacet
 facet normal  9.313661e-15  5.000000e-01 -8.660254e-01
   outer loop
     vertex -1.567935e+01  1.947580e+02 -1.297829e+02
     vertex -1.958579e+01  2.030422e+02 -1.250000e+02
     vertex -1.041421e+01  2.030422e+02 -1.250000e+02
   endloop
 endfacet
 facet normal  2.297209e-15  5.000000e-01 -8.660254e-01
   outer loop
     vertex -1.567935e+01  1.947580e+02 -1.297829e+02
     vertex -1.041421e+01  2.030422e+02 -1.250000e+02
     vertex -1.430890e+01  1.947568e+02 -1.297836e+02
   endloop
 endfacet
 facet normal -1.046552e-14  5.000000e-01 -8.660254e-01
   outer loop
     vertex -1.700854e+01  1.944865e+02 -1.299397e+02
     vertex -1.958579e+01  2.030422e+02 -1.250000e+02
     vertex -1.567935e+01  1.947580e+02 -1.297829e+02
   endloop
 endfacet
 facet normal -1.956429e-14  5.000000e-01 -8.660254e-01
   outer loop
     vertex -1.822126e+01  1.939740e+02 -1.302355e+02
     vertex -1.958579e+01  2.030422e+02 -1.250000e+02
     vertex -1.700854e+01  1.944865e+02 -1.299397e+02
   endloop
 endfacet
 facet normal  4.490335e-14  5.000000e-01 -8.660254e-01
   outer loop
     vertex -1.894781e+01  1.935174e+02 -1.304992e+02
     vertex -1.958579e+01  2.030422e+02 -1.250000e+02
     vertex -1.822126e+01  1.939740e+02 -1.302355e+02
   endloop
 endfacet
 facet normal -8.940293e-15  5.000000e-01 -8.660254e-01
   outer loop
     vertex -1.958579e+01  1.929953e+02 -1.308006e+02
     vertex -1.958579e+01  2.030422e+02 -1.250000e+02
     vertex -1.894781e+01  1.935174e+02 -1.304992e+02
   endloop
 endfacet
 facet normal  1.657926e-14  5.000000e-01 -8.660254e-01
   outer loop
     vertex -1.041421e+01  8.000000e+00 -2.376077e+02
     vertex -1.081783e+01  1.200000e+01 -2.352983e+02
     vertex -1.041421e+01  1.259792e+01 -2.349531e+02
   endloop
 endfacet
 facet normal  0.000000e+00  5.000000e-01 -8.660254e-01
   outer loop
     vertex -1.918217e+01  1.200000e+01 -2.352983e+02
     vertex -1.081783e+01  1.200000e+01 -2.352983e+02
     vertex -1.041421e+01  8.000000e+00 -2.376077e+02
   endloop
 endfacet
 facet normal  5.802741e-15  5.000000e-01 -8.660254e-01
   outer loop
     vertex -1.958579e+01  8.000000e+00 -2.376077e+02
     vertex -1.958579e+01  1.259792e+01 -2.349531e+02
     vertex -1.918217e+01  1.200000e+01 -2.352983e+02
   endloop
 endfacet
 facet normal  0.000000e+00  5.000000e-01 -8.660254e-01
   outer loop
     vertex -1.958579e+01  8.000000e+00 -2.376077e+02
     vertex -1.918217e+01  1.200000e+01 -2.352983e+02
     vertex -1.041421e+01  8.000000e+00 -2.376077e+02
   endloop
 endfacet
 facet normal -1.000000e+00 -1.288270e-15  1.538370e-15
   outer loop
     vertex -1.100000e+01  2.575951e+01 -2.354371e+02
     vertex -1.100000e+01  8.000000e+00 -2.480000e+02
     vertex -1.100000e+01  8.000000e+00 -2.456906e+02
   endloop
 endfacet
 facet normal -1.000000e+00  3.552714e-15 -5.305096e-15
   outer loop
     vertex -1.100000e+01  2.975951e+01 -2.354371e+02
     vertex -1.100000e+01  8.000000e+00 -2.480000e+02
     vertex -1.100000e+01  2.575951e+01 -2.354371e+02
   endloop
 endfacet
 facet normal  1.000000e+00  2.265266e-14 -3.230577e-14
   outer loop
     vertex  1.100000e+01  2.575951e+01 -2.354371e+02
     vertex  1.100000e+01  8.000000e+00 -2.456906e+02
     vertex  1.100000e+01  8.000000e+00 -2.480000e+02
   endloop
 endfacet
 facet normal  1.000000e+00  4.440892e-15 -6.560671e-15
   outer loop
     vertex  1.100000e+01  2.975951e+01 -2.354371e+02
     vertex  1.100000e+01  2.575951e+01 -2.354371e+02
     vertex  1.100000e+01  8.000000e+00 -2.480000e+02
   endloop
 endfacet
 facet normal  5.041803e-15  5.000000e-01 -8.660254e-01
   outer loop
     vertex  1.835581e+01  1.938990e+02 -1.302789e+02
     vertex  1.958579e+01  2.030422e+02 -1.250000e+02
     vertex  1.958579e+01  1.929953e+02 -1.308006e+02
   endloop
 endfacet
 facet normal  1.694645e-15  5.000000e-01 -8.660254e-01
   outer loop
     vertex  1.701958e+01  1.944830e+02 -1.299417e+02
     vertex  1.958579e+01  2.030422e+02 -1.250000e+02
     vertex  1.835581e+01  1.938990e+02 -1.302789e+02
   endloop
 endfacet
 facet normal  4.204858e-15  5.000000e-01 -8.660254e-01
   outer loop
     vertex  1.569110e+01  1.947568e+02 -1.297836e+02
     vertex  1.958579e+01  2.030422e+02 -1.250000e+02
     vertex  1.701958e+01  1.944830e+02 -1.299417e+02
   endloop
 endfacet
 facet normal  1.044750e-14  5.000000e-01 -8.660254e-01
   outer loop
     vertex  1.432065e+01  1.947580e+02 -1.297829e+02
     vertex  1.041421e+01  2.030422e+02 -1.250000e+02
     vertex  1.958579e+01  2.030422e+02 -1.250000e+02
   endloop
 endfacet
 facet normal  2.295688e-15  5.000000e-01 -8.660254e-01
   outer loop
     vertex  1.432065e+01  1.947580e+02 -1.297829e+02
     vertex  1.958579e+01  2.030422e+02 -1.250000e+02
     vertex  1.569110e+01  1.947568e+02 -1.297836e+02
   endloop
 endfacet
 facet normal -9.907998e-15  5.000000e-01 -8.660254e-01
   outer loop
     vertex  1.299146e+01  1.944865e+02 -1.299397e+02
     vertex  1.041421e+01  2.030422e+02 -1.250000e+02
     vertex  1.432065e+01  1.947580e+02 -1.297829e+02
   endloop
 endfacet
 facet normal  1.269213e-14  5.000000e-01 -8.660254e-01
   outer loop
     vertex  1.177874e+01  1.939740e+02 -1.302355e+02
     vertex  1.041421e+01  2.030422e+02 -1.250000e+02
     vertex  1.299146e+01  1.944865e+02 -1.299397e+02
   endloop
 endfacet
 facet normal  8.052739e-15  5.000000e-01 -8.660254e-01
   outer loop
     vertex  1.105219e+01  1.935174e+02 -1.304992e+02
     vertex  1.041421e+01  2.030422e+02 -1.250000e+02
     vertex  1.177874e+01  1.939740e+02 -1.302355e+02
   endloop
 endfacet
 facet normal -8.160267e-15  5.000000e-01 -8.660254e-01
   outer loop
     vertex  1.041421e+01  1.929953e+02 -1.308006e+02
     vertex  1.041421e+01  2.030422e+02 -1.250000e+02
     vertex  1.105219e+01  1.935174e+02 -1.304992e+02
   endloop
 endfacet
 facet normal -3.730334e-14  5.000000e-01 -8.660254e-01
   outer loop
     vertex  1.958579e+01  8.000000e+00 -2.376077e+02
     vertex  1.918217e+01  1.200000e+01 -2.352983e+02
     vertex  1.958579e+01  1.259792e+01 -2.349531e+02
   endloop
 endfacet
 facet normal  0.000000e+00  5.000000e-01 -8.660254e-01
   outer loop
     vertex  1.081783e+01  1.200000e+01 -2.352983e+02
     vertex  1.918217e+01  1.200000e+01 -2.352983e+02
     vertex  1.958579e+01  8.000000e+00 -2.376077e+02
   endloop
 endfacet
 facet normal -8.289631e-15  5.000000e-01 -8.660254e-01
   outer loop
     vertex  1.041421e+01  8.000000e+00 -2.376077e+02
     vertex  1.041421e+01  1.259792e+01 -2.349531e+02
     vertex  1.081783e+01  1.200000e+01 -2.352983e+02
   endloop
 endfacet
 facet normal  0.000000e+00  5.000000e-01 -8.660254e-01
   outer loop
     vertex  1.041421e+01  8.000000e+00 -2.376077e+02
     vertex  1.081783e+01  1.200000e+01 -2.352983e+02
     vertex  1.958579e+01  8.000000e+00 -2.376077e+02
   endloop
 endfacet
 facet normal -1.000000e+00 -4.576997e-15  3.076740e-15
   outer loop
     vertex  1.900000e+01  2.575951e+01 -2.354371e+02
     vertex  1.900000e+01  8.000000e+00 -2.480000e+02
     vertex  1.900000e+01  8.000000e+00 -2.456906e+02
   endloop
 endfacet
 facet normal -1.000000e+00  1.332268e-14 -2.222717e-14
   outer loop
     vertex  1.900000e+01  2.975951e+01 -2.354371e+02
     vertex  1.900000e+01  8.000000e+00 -2.480000e+02
     vertex  1.900000e+01  2.575951e+01 -2.354371e+02
   endloop
 endfacet
 facet normal  0.000000e+00 -1.000000e+00  0.000000e+00
   outer loop
     vertex -2.800000e+01  8.000000e+00 -2.133590e+02
     vertex -2.839367e+01  8.000000e+00 -2.134042e+02
     vertex -2.879508e+01  8.000000e+00 -2.135493e+02
   endloop
 endfacet
 facet normal  0.000000e+00 -1.000000e+00  0.000000e+00
   outer loop
     vertex -2.800000e+01  8.000000e+00 -2.133590e+02
     vertex -2.879508e+01  8.000000e+00 -2.135493e+02
     vertex -2.917557e+01  8.000000e+00 -2.138000e+02
   endloop
 endfacet
 facet normal  0.000000e+00 -1.000000e+00  0.000000e+00
   outer loop
     vertex -2.800000e+01  8.000000e+00 -2.133590e+02
     vertex -2.917557e+01  8.000000e+00 -2.138000e+02
     vertex -2.950473e+01  8.000000e+00 -2.141471e+02
   endloop
 endfacet
 facet normal  0.000000e+00 -1.000000e+00  0.000000e+00
   outer loop
     vertex -2.800000e+01  8.000000e+00 -2.133590e+02
     vertex -2.950473e+01  8.000000e+00 -2.141471e+02
     vertex -2.975760e+01  8.000000e+00 -2.145664e+02
   endloop
 endfacet
 facet normal  0.000000e+00 -1.000000e+00  0.000000e+00
   outer loop
     vertex -2.800000e+01  8.000000e+00 -2.133590e+02
     vertex -2.975760e+01  8.000000e+00 -2.145664e+02
     vertex -2.992065e+01  8.000000e+00 -2.150243e+02
   endloop
 endfacet
 facet normal  0.000000e+00 -1.000000e+00  0.000000e+00
   outer loop
     vertex -2.998099e+01  8.000000e+00 -2.153508e+02
     vertex -2.800000e+01  8.000000e+00 -2.133590e+02
     vertex -2.992065e+01  8.000000e+00 -2.150243e+02
   endloop
 endfacet
 facet normal  0.000000e+00 -1.000000e+00  0.000000e+00
   outer loop
     vertex -3.000000e+01  8.000000e+00 -2.156684e+02
     vertex -2.800000e+01  8.000000e+00 -2.133590e+02
     vertex -2.998099e+01  8.000000e+00 -2.153508e+02
   endloop
 endfacet
 facet normal -2.631640e-16 -1.000000e+00  2.279067e-16
   outer loop
     vertex -2.325000e+01  8.000000e+00 -2.156684e+02
     vertex -2.800000e+01  8.000000e+00 -2.133590e+02
     vertex -3.000000e+01  8.000000e+00 -2.156684e+02
   endloop
 endfacet
 facet normal -2.631640e-16 -1.000000e+00 -9.596071e-17
   outer loop
     vertex -2.800000e+01  8.000000e+00 -2.211532e+02
     vertex -2.325000e+01  8.000000e+00 -2.156684e+02
     vertex -3.000000e+01  8.000000e+00 -2.156684e+02
   endloop
 endfacet
 facet normal -1.973730e-16 -1.000000e+00  3.632263e-16
   outer loop
     vertex -1.900000e+01  8.000000e+00 -2.133590e+02
     vertex -2.800000e+01  8.000000e+00 -2.133590e+02
     vertex -2.325000e+01  8.000000e+00 -2.156684e+02
   endloop
 endfacet
 facet normal  0.000000e+00 -1.000000e+00  0.000000e+00
   outer loop
     vertex -3.000000e+01  8.000000e+00 -2.260607e+02
     vertex -2.800000e+01  8.000000e+00 -2.211532e+02
     vertex -3.000000e+01  8.000000e+00 -2.156684e+02
   endloop
 endfacet
 facet normal  1.585453e-16 -1.000000e+00 -4.611717e-16
   outer loop
     vertex -2.325000e+01  8.000000e+00 -2.195202e+02
     vertex -2.325000e+01  8.000000e+00 -2.156684e+02
     vertex -2.800000e+01  8.000000e+00 -2.211532e+02
   endloop
 endfacet
 facet normal  0.000000e+00 -1.000000e+00  0.000000e+00
   outer loop
     vertex -2.466421e+01  8.000000e+00 -2.211532e+02
     vertex -2.325000e+01  8.000000e+00 -2.195202e+02
     vertex -2.800000e+01  8.000000e+00 -2.211532e+02
   endloop
 endfacet
 facet normal  0.000000e+00 -1.000000e+00  0.000000e+00
   outer loop
     vertex -1.900000e+01  8.000000e+00 -2.156684e+02
     vertex -1.900000e+01  8.000000e+00 -2.133590e+02
     vertex -2.325000e+01  8.000000e+00 -2.156684e+02
   endloop
 endfacet
 facet normal  0.000000e+00 -1.000000e+00  0.000000e+00
   outer loop
     vertex -2.800000e+01  8.000000e+00 -2.260607e+02
     vertex -2.800000e+01  8.000000e+00 -2.211532e+02
     vertex -3.000000e+01  8.000000e+00 -2.260607e+02
   endloop
 endfacet
 facet normal  0.000000e+00 -1.000000e+00  0.000000e+00
   outer loop
     vertex -1.958579e+01  8.000000e+00 -2.237513e+02
     vertex -2.325000e+01  8.000000e+00 -2.195202e+02
     vertex -2.466421e+01  8.000000e+00 -2.211532e+02
   endloop
 endfacet
 facet normal  0.000000e+00 -1.000000e+00  0.000000e+00
   outer loop
     vertex -2.100000e+01  8.000000e+00 -2.253843e+02
     vertex -1.958579e+01  8.000000e+00 -2.237513e+02
     vertex -2.466421e+01  8.000000e+00 -2.211532e+02
   endloop
 endfacet
 facet normal  0.000000e+00 -1.000000e+00  0.000000e+00
   outer loop
     vertex -6.750000e+00  8.000000e+00 -2.156684e+02
     vertex -1.100000e+01  8.000000e+00 -2.133590e+02
     vertex -1.100000e+01  8.000000e+00 -2.156684e+02
   endloop
 endfacet
 facet normal -9.351825e-16 -1.000000e+00  8.098918e-16
   outer loop
     vertex -1.742591e+01  8.000000e+00 -2.278373e+02
     vertex -1.958579e+01  8.000000e+00 -2.237513e+02
     vertex -2.100000e+01  8.000000e+00 -2.253843e+02
   endloop
 endfacet
 facet normal -7.840359e-16 -1.000000e+00  8.897895e-16
   outer loop
     vertex -1.684023e+01  8.000000e+00 -2.273212e+02
     vertex -1.958579e+01  8.000000e+00 -2.237513e+02
     vertex -1.742591e+01  8.000000e+00 -2.278373e+02
   endloop
 endfacet
 facet normal -1.009248e-15 -1.000000e+00  7.019748e-16
   outer loop
     vertex -1.787163e+01  8.000000e+00 -2.284781e+02
     vertex -1.742591e+01  8.000000e+00 -2.278373e+02
     vertex -2.100000e+01  8.000000e+00 -2.253843e+02
   endloop
 endfacet
 facet normal -5.564402e-16 -1.000000e+00  1.064830e-15
   outer loop
     vertex -1.614839e+01  8.000000e+00 -2.269597e+02
     vertex -1.958579e+01  8.000000e+00 -2.237513e+02
     vertex -1.684023e+01  8.000000e+00 -2.273212e+02
   endloop
 endfacet
 facet normal -1.234285e-15 -1.000000e+00  4.744235e-16
   outer loop
     vertex -1.815170e+01  8.000000e+00 -2.292067e+02
     vertex -1.787163e+01  8.000000e+00 -2.284781e+02
     vertex -2.100000e+01  8.000000e+00 -2.253843e+02
   endloop
 endfacet
 facet normal -3.228858e-16 -1.000000e+00  1.315057e-15
   outer loop
     vertex -1.539030e+01  8.000000e+00 -2.267735e+02
     vertex -1.958579e+01  8.000000e+00 -2.237513e+02
     vertex -1.614839e+01  8.000000e+00 -2.269597e+02
   endloop
 endfacet
 facet normal -3.321844e-15 -1.000000e+00 -1.081128e-15
   outer loop
     vertex -1.837168e+01  8.000000e+00 -2.301739e+02
     vertex -1.815170e+01  8.000000e+00 -2.292067e+02
     vertex -2.100000e+01  8.000000e+00 -2.253843e+02
   endloop
 endfacet
 facet normal  0.000000e+00 -1.000000e+00  1.763289e-15
   outer loop
     vertex -1.460970e+01  8.000000e+00 -2.267735e+02
     vertex -1.958579e+01  8.000000e+00 -2.237513e+02
     vertex -1.539030e+01  8.000000e+00 -2.267735e+02
   endloop
 endfacet
 facet normal -8.881784e-16 -1.000000e+00  1.478870e-29
   outer loop
     vertex -2.800000e+01  8.000000e+00 -2.402058e+02
     vertex -2.800000e+01  8.000000e+00 -2.352983e+02
     vertex -3.000000e+01  8.000000e+00 -2.352983e+02
   endloop
 endfacet
 facet normal  2.152572e-16 -1.000000e+00  8.767047e-16
   outer loop
     vertex -1.041421e+01  8.000000e+00 -2.237513e+02
     vertex -1.460970e+01  8.000000e+00 -2.267735e+02
     vertex -1.385161e+01  8.000000e+00 -2.269597e+02
   endloop
 endfacet
 facet normal -1.936807e-16 -1.000000e+00  1.444395e-15
   outer loop
     vertex -1.041421e+01  8.000000e+00 -2.237513e+02
     vertex -1.958579e+01  8.000000e+00 -2.237513e+02
     vertex -1.460970e+01  8.000000e+00 -2.267735e+02
   endloop
 endfacet
 facet normal  3.709601e-16 -1.000000e+00  7.098868e-16
   outer loop
     vertex -1.315977e+01  8.000000e+00 -2.273212e+02
     vertex -1.041421e+01  8.000000e+00 -2.237513e+02
     vertex -1.385161e+01  8.000000e+00 -2.269597e+02
   endloop
 endfacet
 facet normal  1.672621e-15 -1.000000e+00 -1.318655e-15
   outer loop
     vertex -2.100000e+01  8.000000e+00 -2.359747e+02
     vertex -1.809887e+01  8.000000e+00 -2.322948e+02
     vertex -1.836011e+01  8.000000e+00 -2.312791e+02
   endloop
 endfacet
 facet normal  5.226906e-16 -1.000000e+00  5.931930e-16
   outer loop
     vertex -1.257409e+01  8.000000e+00 -2.278373e+02
     vertex -1.041421e+01  8.000000e+00 -2.237513e+02
     vertex -1.315977e+01  8.000000e+00 -2.273212e+02
   endloop
 endfacet
 facet normal -0.000000e+00 -1.000000e+00  0.000000e+00
   outer loop
     vertex -1.765784e+01  8.000000e+00 -2.331279e+02
     vertex -1.809887e+01  8.000000e+00 -2.322948e+02
     vertex -2.100000e+01  8.000000e+00 -2.359747e+02
   endloop
 endfacet
 facet normal -8.881784e-16 -1.000000e+00 -7.894450e-30
   outer loop
     vertex -3.000000e+01  8.000000e+00 -2.456906e+02
     vertex -2.800000e+01  8.000000e+00 -2.402058e+02
     vertex -3.000000e+01  8.000000e+00 -2.352983e+02
   endloop
 endfacet
 facet normal  7.102812e-16 -1.000000e+00  4.940307e-16
   outer loop
     vertex -1.212837e+01  8.000000e+00 -2.284781e+02
     vertex -1.041421e+01  8.000000e+00 -2.237513e+02
     vertex -1.257409e+01  8.000000e+00 -2.278373e+02
   endloop
 endfacet
 facet normal -0.000000e+00 -1.000000e+00  0.000000e+00
   outer loop
     vertex -1.705908e+01  8.000000e+00 -2.338036e+02
     vertex -1.765784e+01  8.000000e+00 -2.331279e+02
     vertex -2.100000e+01  8.000000e+00 -2.359747e+02
   endloop
 endfacet
 facet normal  7.533259e-15 -1.000000e+00 -1.980293e-15
   outer loop
     vertex -1.184830e+01  8.000000e+00 -2.292067e+02
     vertex -1.041421e+01  8.000000e+00 -2.237513e+02
     vertex -1.212837e+01  8.000000e+00 -2.284781e+02
   endloop
 endfacet
 facet normal  0.000000e+00 -1.000000e+00  0.000000e+00
   outer loop
     vertex -1.958579e+01  8.000000e+00 -2.376077e+02
     vertex -1.643709e+01  8.000000e+00 -2.342375e+02
     vertex -1.705908e+01  8.000000e+00 -2.338036e+02
   endloop
 endfacet
 facet normal  0.000000e+00 -1.000000e+00  0.000000e+00
   outer loop
     vertex -1.958579e+01  8.000000e+00 -2.376077e+02
     vertex -1.705908e+01  8.000000e+00 -2.338036e+02
     vertex -2.100000e+01  8.000000e+00 -2.359747e+02
   endloop
 endfacet
 facet normal -2.423926e-16 -1.000000e+00 -2.099182e-16
   outer loop
     vertex -1.958579e+01  8.000000e+00 -2.376077e+02
     vertex -2.100000e+01  8.000000e+00 -2.359747e+02
     vertex -2.466421e+01  8.000000e+00 -2.402058e+02
   endloop
 endfacet
 facet normal  0.000000e+00 -1.000000e+00  0.000000e+00
   outer loop
     vertex -1.169471e+01  8.000000e+00 -2.297593e+02
     vertex -1.041421e+01  8.000000e+00 -2.237513e+02
     vertex -1.184830e+01  8.000000e+00 -2.292067e+02
   endloop
 endfacet
 facet normal  5.325152e-16 -1.000000e+00  1.548964e-15
   outer loop
     vertex -2.325000e+01  8.000000e+00 -2.418388e+02
     vertex -2.466421e+01  8.000000e+00 -2.402058e+02
     vertex -2.800000e+01  8.000000e+00 -2.402058e+02
   endloop
 endfacet
 facet normal -6.280370e-16 -1.000000e+00  5.438960e-16
   outer loop
     vertex -2.325000e+01  8.000000e+00 -2.418388e+02
     vertex -1.958579e+01  8.000000e+00 -2.376077e+02
     vertex -2.466421e+01  8.000000e+00 -2.402058e+02
   endloop
 endfacet
 facet normal -0.000000e+00 -1.000000e+00  0.000000e+00
   outer loop
     vertex -1.585371e+01  8.000000e+00 -2.344797e+02
     vertex -1.643709e+01  8.000000e+00 -2.342375e+02
     vertex -1.958579e+01  8.000000e+00 -2.376077e+02
   endloop
 endfacet
 facet normal  0.000000e+00 -1.000000e+00  0.000000e+00
   outer loop
     vertex -1.161043e+01  8.000000e+00 -2.303722e+02
     vertex -1.041421e+01  8.000000e+00 -2.237513e+02
     vertex -1.169471e+01  8.000000e+00 -2.297593e+02
   endloop
 endfacet
 facet normal  0.000000e+00 -1.000000e+00  0.000000e+00
   outer loop
     vertex -1.161043e+01  8.000000e+00 -2.303722e+02
     vertex -6.750000e+00  8.000000e+00 -2.195202e+02
     vertex -1.041421e+01  8.000000e+00 -2.237513e+02
   endloop
 endfacet
 facet normal -0.000000e+00 -1.000000e+00  0.000000e+00
   outer loop
     vertex -1.541798e+01  8.000000e+00 -2.345757e+02
     vertex -1.585371e+01  8.000000e+00 -2.344797e+02
     vertex -1.958579e+01  8.000000e+00 -2.376077e+02
   endloop
 endfacet
 facet normal -0.000000e+00 -1.000000e+00  0.000000e+00
   outer loop
     vertex -1.500000e+01  8.000000e+00 -2.346055e+02
     vertex -1.541798e+01  8.000000e+00 -2.345757e+02
     vertex -1.958579e+01  8.000000e+00 -2.376077e+02
   endloop
 endfacet
 facet normal  2.838600e-14 -1.000000e+00  3.045818e-15
   outer loop
     vertex -2.800000e+01  8.000000e+00 -2.480000e+02
     vertex -3.000000e+01  8.000000e+00 -2.456906e+02
     vertex -2.993952e+01  8.000000e+00 -2.462542e+02
   endloop
 endfacet
 facet normal  3.308140e-14 -1.000000e+00  8.262286e-15
   outer loop
     vertex -2.800000e+01  8.000000e+00 -2.480000e+02
     vertex -2.993952e+01  8.000000e+00 -2.462542e+02
     vertex -2.974452e+01  8.000000e+00 -2.468200e+02
   endloop
 endfacet
 facet normal  3.909797e-14 -1.000000e+00  1.715716e-14
   outer loop
     vertex -2.800000e+01  8.000000e+00 -2.480000e+02
     vertex -2.974452e+01  8.000000e+00 -2.468200e+02
     vertex -2.945272e+01  8.000000e+00 -2.472779e+02
   endloop
 endfacet
 facet normal  4.062118e-14 -1.000000e+00  2.022150e-14
   outer loop
     vertex -2.800000e+01  8.000000e+00 -2.480000e+02
     vertex -2.945272e+01  8.000000e+00 -2.472779e+02
     vertex -2.911266e+01  8.000000e+00 -2.476096e+02
   endloop
 endfacet
 facet normal  4.180987e-14 -1.000000e+00  2.360953e-14
   outer loop
     vertex -2.800000e+01  8.000000e+00 -2.480000e+02
     vertex -2.911266e+01  8.000000e+00 -2.476096e+02
     vertex -2.872634e+01  8.000000e+00 -2.478423e+02
   endloop
 endfacet
 facet normal  4.228050e-14 -1.000000e+00  2.577746e-14
   outer loop
     vertex -2.800000e+01  8.000000e+00 -2.480000e+02
     vertex -2.872634e+01  8.000000e+00 -2.478423e+02
     vertex -2.835897e+01  8.000000e+00 -2.479625e+02
   endloop
 endfacet
 facet normal  0.000000e+00 -1.000000e+00  0.000000e+00
   outer loop
     vertex  6.750000e+00  8.000000e+00 -2.156684e+02
     vertex -1.100000e+01  8.000000e+00 -2.133590e+02
     vertex -6.750000e+00  8.000000e+00 -2.156684e+02
   endloop
 endfacet
 facet normal -0.000000e+00 -1.000000e+00  0.000000e+00
   outer loop
     vertex  6.750000e+00  8.000000e+00 -2.156684e+02
     vertex -6.750000e+00  8.000000e+00 -2.156684e+02
     vertex -6.750000e+00  8.000000e+00 -2.195202e+02
   endloop
 endfacet
 facet normal -2.631640e-16 -1.000000e+00 -2.279067e-16
   outer loop
     vertex -2.325000e+01  8.000000e+00 -2.456906e+02
     vertex -2.800000e+01  8.000000e+00 -2.402058e+02
     vertex -3.000000e+01  8.000000e+00 -2.456906e+02
   endloop
 endfacet
 facet normal  0.000000e+00 -1.000000e+00  0.000000e+00
   outer loop
     vertex -2.325000e+01  8.000000e+00 -2.456906e+02
     vertex -2.325000e+01  8.000000e+00 -2.418388e+02
     vertex -2.800000e+01  8.000000e+00 -2.402058e+02
   endloop
 endfacet
 facet normal -2.631640e-16 -1.000000e+00 -2.176509e-14
   outer loop
     vertex -2.325000e+01  8.000000e+00 -2.456906e+02
     vertex -3.000000e+01  8.000000e+00 -2.456906e+02
     vertex -2.800000e+01  8.000000e+00 -2.480000e+02
   endloop
 endfacet
 facet normal -8.074349e-17 -1.000000e+00 -6.205925e-16
   outer loop
     vertex  1.100000e+01  8.000000e+00 -2.133590e+02
     vertex -1.100000e+01  8.000000e+00 -2.133590e+02
     vertex  6.750000e+00  8.000000e+00 -2.156684e+02
   endloop
 endfacet
 facet normal -1.315820e-16 -1.000000e+00  4.611717e-16
   outer loop
     vertex  6.750000e+00  8.000000e+00 -2.195202e+02
     vertex  6.750000e+00  8.000000e+00 -2.156684e+02
     vertex -6.750000e+00  8.000000e+00 -2.195202e+02
   endloop
 endfacet
 facet normal -4.179663e-16 -1.000000e+00  1.253824e-29
   outer loop
     vertex  1.100000e+01  8.000000e+00 -2.156684e+02
     vertex  1.100000e+01  8.000000e+00 -2.133590e+02
     vertex  6.750000e+00  8.000000e+00 -2.156684e+02
   endloop
 endfacet
 facet normal  0.000000e+00 -1.000000e+00  0.000000e+00
   outer loop
     vertex -1.041421e+01  8.000000e+00 -2.376077e+02
     vertex -1.162270e+01  8.000000e+00 -2.311324e+02
     vertex -1.177168e+01  8.000000e+00 -2.319113e+02
   endloop
 endfacet
 facet normal  0.000000e+00 -1.000000e+00  0.000000e+00
   outer loop
     vertex -1.041421e+01  8.000000e+00 -2.376077e+02
     vertex -1.500000e+01  8.000000e+00 -2.346055e+02
     vertex -1.958579e+01  8.000000e+00 -2.376077e+02
   endloop
 endfacet
 facet normal  0.000000e+00 -1.000000e+00  0.000000e+00
   outer loop
     vertex -1.041421e+01  8.000000e+00 -2.376077e+02
     vertex -1.427822e+01  8.000000e+00 -2.345160e+02
     vertex -1.500000e+01  8.000000e+00 -2.346055e+02
   endloop
 endfacet
 facet normal  0.000000e+00 -1.000000e+00  0.000000e+00
   outer loop
     vertex -1.041421e+01  8.000000e+00 -2.376077e+02
     vertex -1.360229e+01  8.000000e+00 -2.342584e+02
     vertex -1.427822e+01  8.000000e+00 -2.345160e+02
   endloop
 endfacet
 facet normal  0.000000e+00 -1.000000e+00  0.000000e+00
   outer loop
     vertex -1.041421e+01  8.000000e+00 -2.376077e+02
     vertex -1.301382e+01  8.000000e+00 -2.338659e+02
     vertex -1.360229e+01  8.000000e+00 -2.342584e+02
   endloop
 endfacet
 facet normal  0.000000e+00 -1.000000e+00  0.000000e+00
   outer loop
     vertex -1.041421e+01  8.000000e+00 -2.376077e+02
     vertex -1.248767e+01  8.000000e+00 -2.333248e+02
     vertex -1.301382e+01  8.000000e+00 -2.338659e+02
   endloop
 endfacet
 facet normal  0.000000e+00 -1.000000e+00  0.000000e+00
   outer loop
     vertex -1.041421e+01  8.000000e+00 -2.376077e+02
     vertex -1.206392e+01  8.000000e+00 -2.326592e+02
     vertex -1.248767e+01  8.000000e+00 -2.333248e+02
   endloop
 endfacet
 facet normal  0.000000e+00 -1.000000e+00  0.000000e+00
   outer loop
     vertex -1.041421e+01  8.000000e+00 -2.376077e+02
     vertex -1.177168e+01  8.000000e+00 -2.319113e+02
     vertex -1.206392e+01  8.000000e+00 -2.326592e+02
   endloop
 endfacet
 facet normal -5.723816e-15 -1.000000e+00 -1.053356e-14
   outer loop
     vertex -1.900000e+01  8.000000e+00 -2.480000e+02
     vertex -2.325000e+01  8.000000e+00 -2.456906e+02
     vertex -2.800000e+01  8.000000e+00 -2.480000e+02
   endloop
 endfacet
 facet normal  0.000000e+00 -1.000000e+00  0.000000e+00
   outer loop
     vertex -1.900000e+01  8.000000e+00 -2.480000e+02
     vertex -1.900000e+01  8.000000e+00 -2.456906e+02
     vertex -2.325000e+01  8.000000e+00 -2.456906e+02
   endloop
 endfacet
 facet normal  0.000000e+00 -1.000000e+00  0.000000e+00
   outer loop
     vertex -6.750000e+00  8.000000e+00 -2.418388e+02
     vertex -1.162270e+01  8.000000e+00 -2.311324e+02
     vertex -1.041421e+01  8.000000e+00 -2.376077e+02
   endloop
 endfacet
 facet normal -4.179663e-16 -1.000000e+00 -1.538370e-15
   outer loop
     vertex  2.325000e+01  8.000000e+00 -2.156684e+02
     vertex  1.900000e+01  8.000000e+00 -2.133590e+02
     vertex  1.900000e+01  8.000000e+00 -2.156684e+02
   endloop
 endfacet
 facet normal -0.000000e+00 -1.000000e+00  0.000000e+00
   outer loop
     vertex -6.750000e+00  8.000000e+00 -2.456906e+02
     vertex -1.100000e+01  8.000000e+00 -2.456906e+02
     vertex -1.100000e+01  8.000000e+00 -2.480000e+02
   endloop
 endfacet
 facet normal -2.613453e-16 -1.000000e+00  2.965965e-16
   outer loop
     vertex  1.315977e+01  8.000000e+00 -2.273212e+02
     vertex  1.041421e+01  8.000000e+00 -2.237513e+02
     vertex  1.257409e+01  8.000000e+00 -2.278373e+02
   endloop
 endfacet
 facet normal -3.551406e-16 -1.000000e+00  2.470153e-16
   outer loop
     vertex  1.212837e+01  8.000000e+00 -2.284781e+02
     vertex  1.257409e+01  8.000000e+00 -2.278373e+02
     vertex  1.041421e+01  8.000000e+00 -2.237513e+02
   endloop
 endfacet
 facet normal -1.854801e-16 -1.000000e+00  3.549434e-16
   outer loop
     vertex  1.385161e+01  8.000000e+00 -2.269597e+02
     vertex  1.041421e+01  8.000000e+00 -2.237513e+02
     vertex  1.315977e+01  8.000000e+00 -2.273212e+02
   endloop
 endfacet
 facet normal -5.030752e-16 -1.000000e+00  1.933675e-16
   outer loop
     vertex  1.184830e+01  8.000000e+00 -2.292067e+02
     vertex  1.212837e+01  8.000000e+00 -2.284781e+02
     vertex  1.041421e+01  8.000000e+00 -2.237513e+02
   endloop
 endfacet
 facet normal -0.000000e+00 -1.000000e+00 -7.691851e-16
   outer loop
     vertex  2.800000e+01  8.000000e+00 -2.133590e+02
     vertex  1.900000e+01  8.000000e+00 -2.133590e+02
     vertex  2.325000e+01  8.000000e+00 -2.156684e+02
   endloop
 endfacet
 facet normal -1.076286e-16 -1.000000e+00  4.383523e-16
   outer loop
     vertex  1.460970e+01  8.000000e+00 -2.267735e+02
     vertex  1.041421e+01  8.000000e+00 -2.237513e+02
     vertex  1.385161e+01  8.000000e+00 -2.269597e+02
   endloop
 endfacet
 facet normal -6.640646e-16 -1.000000e+00  1.510477e-16
   outer loop
     vertex  1.162832e+01  8.000000e+00 -2.301739e+02
     vertex  1.184830e+01  8.000000e+00 -2.292067e+02
     vertex  1.041421e+01  8.000000e+00 -2.237513e+02
   endloop
 endfacet
 facet normal -1.534656e-16 -1.000000e+00  6.873461e-17
   outer loop
     vertex  1.162832e+01  8.000000e+00 -2.301739e+02
     vertex -6.750000e+00  8.000000e+00 -2.195202e+02
     vertex -1.161043e+01  8.000000e+00 -2.303722e+02
   endloop
 endfacet
 facet normal  4.085451e-16 -1.000000e+00  3.538104e-16
   outer loop
     vertex  1.162832e+01  8.000000e+00 -2.301739e+02
     vertex  1.041421e+01  8.000000e+00 -2.237513e+02
     vertex  6.750000e+00  8.000000e+00 -2.195202e+02
   endloop
 endfacet
 facet normal -1.315820e-16 -1.000000e+00  1.064855e-16
   outer loop
     vertex  1.162832e+01  8.000000e+00 -2.301739e+02
     vertex  6.750000e+00  8.000000e+00 -2.195202e+02
     vertex -6.750000e+00  8.000000e+00 -2.195202e+02
   endloop
 endfacet
 facet normal -2.140038e-29 -1.000000e+00  5.877631e-16
   outer loop
     vertex  1.539030e+01  8.000000e+00 -2.267735e+02
     vertex  1.041421e+01  8.000000e+00 -2.237513e+02
     vertex  1.460970e+01  8.000000e+00 -2.267735e+02
   endloop
 endfacet
 facet normal  0.000000e+00 -1.000000e+00  0.000000e+00
   outer loop
     vertex  2.872634e+01  8.000000e+00 -2.135167e+02
     vertex  2.835897e+01  8.000000e+00 -2.133965e+02
     vertex  2.800000e+01  8.000000e+00 -2.133590e+02
   endloop
 endfacet
 facet normal  0.000000e+00 -1.000000e+00  0.000000e+00
   outer loop
     vertex  2.911266e+01  8.000000e+00 -2.137494e+02
     vertex  2.872634e+01  8.000000e+00 -2.135167e+02
     vertex  2.800000e+01  8.000000e+00 -2.133590e+02
   endloop
 endfacet
 facet normal -1.527067e-16 -1.000000e+00  2.464450e-18
   outer loop
     vertex  1.163989e+01  8.000000e+00 -2.312791e+02
     vertex -1.161043e+01  8.000000e+00 -2.303722e+02
     vertex -1.162270e+01  8.000000e+00 -2.311324e+02
   endloop
 endfacet
 facet normal -1.528652e-16 -1.000000e+00 -1.600400e-18
   outer loop
     vertex  1.163989e+01  8.000000e+00 -2.312791e+02
     vertex  1.162832e+01  8.000000e+00 -2.301739e+02
     vertex -1.161043e+01  8.000000e+00 -2.303722e+02
   endloop
 endfacet
 facet normal -5.464242e-30 -1.000000e+00  5.877631e-16
   outer loop
     vertex  1.958579e+01  8.000000e+00 -2.237513e+02
     vertex  1.041421e+01  8.000000e+00 -2.237513e+02
     vertex  1.539030e+01  8.000000e+00 -2.267735e+02
   endloop
 endfacet
 facet normal  1.076286e-16 -1.000000e+00  4.383523e-16
   outer loop
     vertex  1.958579e+01  8.000000e+00 -2.237513e+02
     vertex  1.539030e+01  8.000000e+00 -2.267735e+02
     vertex  1.614839e+01  8.000000e+00 -2.269597e+02
   endloop
 endfacet
 facet normal  0.000000e+00 -1.000000e+00  0.000000e+00
   outer loop
     vertex  2.945272e+01  8.000000e+00 -2.140811e+02
     vertex  2.911266e+01  8.000000e+00 -2.137494e+02
     vertex  2.800000e+01  8.000000e+00 -2.133590e+02
   endloop
 endfacet
 facet normal  1.854801e-16 -1.000000e+00  3.549434e-16
   outer loop
     vertex  1.684023e+01  8.000000e+00 -2.273212e+02
     vertex  1.958579e+01  8.000000e+00 -2.237513e+02
     vertex  1.614839e+01  8.000000e+00 -2.269597e+02
   endloop
 endfacet
 facet normal  0.000000e+00 -1.000000e+00  0.000000e+00
   outer loop
     vertex  2.974452e+01  8.000000e+00 -2.145390e+02
     vertex  2.945272e+01  8.000000e+00 -2.140811e+02
     vertex  2.800000e+01  8.000000e+00 -2.133590e+02
   endloop
 endfacet
 facet normal  0.000000e+00 -1.000000e+00  0.000000e+00
   outer loop
     vertex  2.993952e+01  8.000000e+00 -2.151048e+02
     vertex  2.974452e+01  8.000000e+00 -2.145390e+02
     vertex  2.800000e+01  8.000000e+00 -2.133590e+02
   endloop
 endfacet
 facet normal  2.613453e-16 -1.000000e+00  2.965965e-16
   outer loop
     vertex  1.742591e+01  8.000000e+00 -2.278373e+02
     vertex  1.958579e+01  8.000000e+00 -2.237513e+02
     vertex  1.684023e+01  8.000000e+00 -2.273212e+02
   endloop
 endfacet
 facet normal -2.631640e-16 -1.000000e+00 -2.279067e-16
   outer loop
     vertex  3.000000e+01  8.000000e+00 -2.156684e+02
     vertex  2.800000e+01  8.000000e+00 -2.133590e+02
     vertex  2.325000e+01  8.000000e+00 -2.156684e+02
   endloop
 endfacet
 facet normal  0.000000e+00 -1.000000e+00  0.000000e+00
   outer loop
     vertex  3.000000e+01  8.000000e+00 -2.156684e+02
     vertex  2.993952e+01  8.000000e+00 -2.151048e+02
     vertex  2.800000e+01  8.000000e+00 -2.133590e+02
   endloop
 endfacet
 facet normal -6.280370e-16 -1.000000e+00  5.438960e-16
   outer loop
     vertex  2.466421e+01  8.000000e+00 -2.211532e+02
     vertex  2.325000e+01  8.000000e+00 -2.195202e+02
     vertex  1.958579e+01  8.000000e+00 -2.237513e+02
   endloop
 endfacet
 facet normal  0.000000e+00 -1.000000e+00  0.000000e+00
   outer loop
     vertex  2.100000e+01  8.000000e+00 -2.253843e+02
     vertex  1.742591e+01  8.000000e+00 -2.278373e+02
     vertex  1.787163e+01  8.000000e+00 -2.284781e+02
   endloop
 endfacet
 facet normal -4.682555e-16 -1.000000e+00  6.822708e-16
   outer loop
     vertex  2.100000e+01  8.000000e+00 -2.253843e+02
     vertex  1.958579e+01  8.000000e+00 -2.237513e+02
     vertex  1.742591e+01  8.000000e+00 -2.278373e+02
   endloop
 endfacet
 facet normal -6.280370e-16 -1.000000e+00  5.438960e-16
   outer loop
     vertex  2.100000e+01  8.000000e+00 -2.253843e+02
     vertex  2.466421e+01  8.000000e+00 -2.211532e+02
     vertex  1.958579e+01  8.000000e+00 -2.237513e+02
   endloop
 endfacet
 facet normal  1.746941e-15 -1.000000e+00 -1.766456e-15
   outer loop
     vertex  1.815170e+01  8.000000e+00 -2.292067e+02
     vertex  2.100000e+01  8.000000e+00 -2.253843e+02
     vertex  1.787163e+01  8.000000e+00 -2.284781e+02
   endloop
 endfacet
 facet normal  0.000000e+00 -1.000000e+00  0.000000e+00
   outer loop
     vertex  1.041421e+01  8.000000e+00 -2.376077e+02
     vertex  1.190113e+01  8.000000e+00 -2.322948e+02
     vertex  1.163989e+01  8.000000e+00 -2.312791e+02
   endloop
 endfacet
 facet normal  2.634865e-15 -1.000000e+00 -7.374201e-16
   outer loop
     vertex  1.041421e+01  8.000000e+00 -2.376077e+02
     vertex  1.234216e+01  8.000000e+00 -2.331279e+02
     vertex  1.190113e+01  8.000000e+00 -2.322948e+02
   endloop
 endfacet
 facet normal  3.012176e-16 -1.000000e+00  2.668906e-16
   outer loop
     vertex  1.041421e+01  8.000000e+00 -2.376077e+02
     vertex  1.294092e+01  8.000000e+00 -2.338036e+02
     vertex  1.234216e+01  8.000000e+00 -2.331279e+02
   endloop
 endfacet
 facet normal  2.226097e-16 -1.000000e+00  3.191029e-16
   outer loop
     vertex  1.041421e+01  8.000000e+00 -2.376077e+02
     vertex  1.356291e+01  8.000000e+00 -2.342375e+02
     vertex  1.294092e+01  8.000000e+00 -2.338036e+02
   endloop
 endfacet
 facet normal -4.542236e-16 -1.000000e+00 -1.262522e-16
   outer loop
     vertex  1.830529e+01  8.000000e+00 -2.297593e+02
     vertex  2.100000e+01  8.000000e+00 -2.253843e+02
     vertex  1.815170e+01  8.000000e+00 -2.292067e+02
   endloop
 endfacet
 facet normal -1.533354e-16 -1.000000e+00 -9.721552e-17
   outer loop
     vertex  6.750000e+00  8.000000e+00 -2.418388e+02
     vertex  1.163989e+01  8.000000e+00 -2.312791e+02
     vertex -1.162270e+01  8.000000e+00 -2.311324e+02
   endloop
 endfacet
 facet normal -6.244283e-16 -1.000000e+00  1.209344e-16
   outer loop
     vertex  6.750000e+00  8.000000e+00 -2.418388e+02
     vertex  1.041421e+01  8.000000e+00 -2.376077e+02
     vertex  1.163989e+01  8.000000e+00 -2.312791e+02
   endloop
 endfacet
 facet normal -1.315820e-16 -1.000000e+00 -5.988557e-17
   outer loop
     vertex  6.750000e+00  8.000000e+00 -2.418388e+02
     vertex -1.162270e+01  8.000000e+00 -2.311324e+02
     vertex -6.750000e+00  8.000000e+00 -2.418388e+02
   endloop
 endfacet
 facet normal  1.576516e-16 -1.000000e+00  3.797924e-16
   outer loop
     vertex  1.414629e+01  8.000000e+00 -2.344797e+02
     vertex  1.356291e+01  8.000000e+00 -2.342375e+02
     vertex  1.041421e+01  8.000000e+00 -2.376077e+02
   endloop
 endfacet
 facet normal -4.385363e-15 -1.000000e+00  2.295067e-15
   outer loop
     vertex  1.838957e+01  8.000000e+00 -2.303722e+02
     vertex  2.100000e+01  8.000000e+00 -2.253843e+02
     vertex  1.830529e+01  8.000000e+00 -2.297593e+02
   endloop
 endfacet
 facet normal -2.631640e-16 -1.000000e+00  9.596071e-17
   outer loop
     vertex  2.800000e+01  8.000000e+00 -2.211532e+02
     vertex  3.000000e+01  8.000000e+00 -2.156684e+02
     vertex  2.325000e+01  8.000000e+00 -2.156684e+02
   endloop
 endfacet
 facet normal  0.000000e+00 -1.000000e+00  1.087792e-15
   outer loop
     vertex  2.800000e+01  8.000000e+00 -2.211532e+02
     vertex  2.325000e+01  8.000000e+00 -2.195202e+02
     vertex  2.466421e+01  8.000000e+00 -2.211532e+02
   endloop
 endfacet
 facet normal -3.739699e-16 -1.000000e+00 -6.898572e-30
   outer loop
     vertex  2.800000e+01  8.000000e+00 -2.211532e+02
     vertex  2.325000e+01  8.000000e+00 -2.156684e+02
     vertex  2.325000e+01  8.000000e+00 -2.195202e+02
   endloop
 endfacet
 facet normal  9.907017e-17 -1.000000e+00  4.496870e-16
   outer loop
     vertex  1.458202e+01  8.000000e+00 -2.345757e+02
     vertex  1.414629e+01  8.000000e+00 -2.344797e+02
     vertex  1.041421e+01  8.000000e+00 -2.376077e+02
   endloop
 endfacet
 facet normal -3.832775e-15 -1.000000e+00  5.854427e-15
   outer loop
     vertex  1.500000e+01  8.000000e+00 -2.346055e+02
     vertex  1.458202e+01  8.000000e+00 -2.345757e+02
     vertex  1.041421e+01  8.000000e+00 -2.376077e+02
   endloop
 endfacet
 facet normal -1.315820e-16 -1.000000e+00  9.102282e-32
   outer loop
     vertex  6.750000e+00  8.000000e+00 -2.456906e+02
     vertex  6.750000e+00  8.000000e+00 -2.418388e+02
     vertex -6.750000e+00  8.000000e+00 -2.418388e+02
   endloop
 endfacet
 facet normal -1.315820e-16 -1.000000e+00 -2.548639e-30
   outer loop
     vertex  6.750000e+00  8.000000e+00 -2.456906e+02
     vertex -6.750000e+00  8.000000e+00 -2.418388e+02
     vertex -6.750000e+00  8.000000e+00 -2.456906e+02
   endloop
 endfacet
 facet normal  0.000000e+00 -1.000000e+00  0.000000e+00
   outer loop
     vertex  3.000000e+01  8.000000e+00 -2.260607e+02
     vertex  2.800000e+01  8.000000e+00 -2.211532e+02
     vertex  2.800000e+01  8.000000e+00 -2.260607e+02
   endloop
 endfacet
 facet normal  0.000000e+00 -1.000000e+00  0.000000e+00
   outer loop
     vertex  3.000000e+01  8.000000e+00 -2.260607e+02
     vertex  3.000000e+01  8.000000e+00 -2.156684e+02
     vertex  2.800000e+01  8.000000e+00 -2.211532e+02
   endloop
 endfacet
 facet normal  0.000000e+00 -1.000000e+00  0.000000e+00
   outer loop
     vertex  2.100000e+01  8.000000e+00 -2.359747e+02
     vertex  1.751233e+01  8.000000e+00 -2.333248e+02
     vertex  1.698618e+01  8.000000e+00 -2.338659e+02
   endloop
 endfacet
 facet normal  0.000000e+00 -1.000000e+00  0.000000e+00
   outer loop
     vertex  2.100000e+01  8.000000e+00 -2.359747e+02
     vertex  1.793608e+01  8.000000e+00 -2.326592e+02
     vertex  1.751233e+01  8.000000e+00 -2.333248e+02
   endloop
 endfacet
 facet normal  0.000000e+00 -1.000000e+00  0.000000e+00
   outer loop
     vertex  2.100000e+01  8.000000e+00 -2.359747e+02
     vertex  1.822832e+01  8.000000e+00 -2.319113e+02
     vertex  1.793608e+01  8.000000e+00 -2.326592e+02
   endloop
 endfacet
 facet normal  0.000000e+00 -1.000000e+00  0.000000e+00
   outer loop
     vertex  2.100000e+01  8.000000e+00 -2.359747e+02
     vertex  1.837730e+01  8.000000e+00 -2.311324e+02
     vertex  1.822832e+01  8.000000e+00 -2.319113e+02
   endloop
 endfacet
 facet normal  0.000000e+00 -1.000000e+00  0.000000e+00
   outer loop
     vertex  1.958579e+01  8.000000e+00 -2.376077e+02
     vertex  1.500000e+01  8.000000e+00 -2.346055e+02
     vertex  1.041421e+01  8.000000e+00 -2.376077e+02
   endloop
 endfacet
 facet normal  0.000000e+00 -1.000000e+00  0.000000e+00
   outer loop
     vertex  1.958579e+01  8.000000e+00 -2.376077e+02
     vertex  2.100000e+01  8.000000e+00 -2.359747e+02
     vertex  1.698618e+01  8.000000e+00 -2.338659e+02
   endloop
 endfacet
 facet normal  0.000000e+00 -1.000000e+00  0.000000e+00
   outer loop
     vertex  1.958579e+01  8.000000e+00 -2.376077e+02
     vertex  1.572178e+01  8.000000e+00 -2.345160e+02
     vertex  1.500000e+01  8.000000e+00 -2.346055e+02
   endloop
 endfacet
 facet normal  0.000000e+00 -1.000000e+00  0.000000e+00
   outer loop
     vertex  1.958579e+01  8.000000e+00 -2.376077e+02
     vertex  1.639771e+01  8.000000e+00 -2.342584e+02
     vertex  1.572178e+01  8.000000e+00 -2.345160e+02
   endloop
 endfacet
 facet normal  0.000000e+00 -1.000000e+00  0.000000e+00
   outer loop
     vertex  1.958579e+01  8.000000e+00 -2.376077e+02
     vertex  1.698618e+01  8.000000e+00 -2.338659e+02
     vertex  1.639771e+01  8.000000e+00 -2.342584e+02
   endloop
 endfacet
 facet normal -1.315820e-16 -1.000000e+00 -2.421509e-16
   outer loop
     vertex  1.100000e+01  8.000000e+00 -2.480000e+02
     vertex  6.750000e+00  8.000000e+00 -2.456906e+02
     vertex -6.750000e+00  8.000000e+00 -2.456906e+02
   endloop
 endfacet
 facet normal -8.074349e-17 -1.000000e+00  1.485926e-16
   outer loop
     vertex  1.100000e+01  8.000000e+00 -2.480000e+02
     vertex -6.750000e+00  8.000000e+00 -2.456906e+02
     vertex -1.100000e+01  8.000000e+00 -2.480000e+02
   endloop
 endfacet
 facet normal  0.000000e+00 -1.000000e+00  0.000000e+00
   outer loop
     vertex  1.100000e+01  8.000000e+00 -2.480000e+02
     vertex  1.100000e+01  8.000000e+00 -2.456906e+02
     vertex  6.750000e+00  8.000000e+00 -2.456906e+02
   endloop
 endfacet
 facet normal  0.000000e+00 -1.000000e+00  0.000000e+00
   outer loop
     vertex  2.466421e+01  8.000000e+00 -2.402058e+02
     vertex  2.100000e+01  8.000000e+00 -2.359747e+02
     vertex  1.958579e+01  8.000000e+00 -2.376077e+02
   endloop
 endfacet
 facet normal  0.000000e+00 -1.000000e+00  0.000000e+00
   outer loop
     vertex  2.325000e+01  8.000000e+00 -2.418388e+02
     vertex  2.466421e+01  8.000000e+00 -2.402058e+02
     vertex  1.958579e+01  8.000000e+00 -2.376077e+02
   endloop
 endfacet
 facet normal  0.000000e+00 -1.000000e+00  0.000000e+00
   outer loop
     vertex  2.800000e+01  8.000000e+00 -2.402058e+02
     vertex  3.000000e+01  8.000000e+00 -2.352983e+02
     vertex  2.800000e+01  8.000000e+00 -2.352983e+02
   endloop
 endfacet
 facet normal  0.000000e+00 -1.000000e+00  0.000000e+00
   outer loop
     vertex  2.800000e+01  8.000000e+00 -2.402058e+02
     vertex  2.466421e+01  8.000000e+00 -2.402058e+02
     vertex  2.325000e+01  8.000000e+00 -2.418388e+02
   endloop
 endfacet
 facet normal  0.000000e+00 -1.000000e+00  0.000000e+00
   outer loop
     vertex  2.325000e+01  8.000000e+00 -2.456906e+02
     vertex  2.800000e+01  8.000000e+00 -2.402058e+02
     vertex  2.325000e+01  8.000000e+00 -2.418388e+02
   endloop
 endfacet
 facet normal -0.000000e+00 -1.000000e+00  0.000000e+00
   outer loop
     vertex  2.325000e+01  8.000000e+00 -2.456906e+02
     vertex  1.900000e+01  8.000000e+00 -2.456906e+02
     vertex  1.900000e+01  8.000000e+00 -2.480000e+02
   endloop
 endfacet
 facet normal  0.000000e+00 -1.000000e+00  0.000000e+00
   outer loop
     vertex  3.000000e+01  8.000000e+00 -2.456906e+02
     vertex  2.800000e+01  8.000000e+00 -2.402058e+02
     vertex  2.325000e+01  8.000000e+00 -2.456906e+02
   endloop
 endfacet
 facet normal  0.000000e+00 -1.000000e+00  0.000000e+00
   outer loop
     vertex  3.000000e+01  8.000000e+00 -2.456906e+02
     vertex  3.000000e+01  8.000000e+00 -2.352983e+02
     vertex  2.800000e+01  8.000000e+00 -2.402058e+02
   endloop
 endfacet
 facet normal  0.000000e+00 -1.000000e+00  0.000000e+00
   outer loop
     vertex  2.800000e+01  8.000000e+00 -2.480000e+02
     vertex  2.998099e+01  8.000000e+00 -2.460082e+02
     vertex  3.000000e+01  8.000000e+00 -2.456906e+02
   endloop
 endfacet
 facet normal  0.000000e+00 -1.000000e+00  0.000000e+00
   outer loop
     vertex  2.800000e+01  8.000000e+00 -2.480000e+02
     vertex  2.325000e+01  8.000000e+00 -2.456906e+02
     vertex  1.900000e+01  8.000000e+00 -2.480000e+02
   endloop
 endfacet
 facet normal  0.000000e+00 -1.000000e+00  0.000000e+00
   outer loop
     vertex  2.800000e+01  8.000000e+00 -2.480000e+02
     vertex  3.000000e+01  8.000000e+00 -2.456906e+02
     vertex  2.325000e+01  8.000000e+00 -2.456906e+02
   endloop
 endfacet
 facet normal -0.000000e+00 -1.000000e+00  0.000000e+00
   outer loop
     vertex  2.992065e+01  8.000000e+00 -2.463347e+02
     vertex  2.998099e+01  8.000000e+00 -2.460082e+02
     vertex  2.800000e+01  8.000000e+00 -2.480000e+02
   endloop
 endfacet
 facet normal -0.000000e+00 -1.000000e+00  0.000000e+00
   outer loop
     vertex  2.975760e+01  8.000000e+00 -2.467926e+02
     vertex  2.992065e+01  8.000000e+00 -2.463347e+02
     vertex  2.800000e+01  8.000000e+00 -2.480000e+02
   endloop
 endfacet
 facet normal  0.000000e+00 -1.000000e+00  0.000000e+00
   outer loop
     vertex  2.879508e+01  8.000000e+00 -2.478097e+02
     vertex  2.800000e+01  8.000000e+00 -2.480000e+02
     vertex  2.839367e+01  8.000000e+00 -2.479548e+02
   endloop
 endfacet
 facet normal -0.000000e+00 -1.000000e+00  0.000000e+00
   outer loop
     vertex  2.950473e+01  8.000000e+00 -2.472119e+02
     vertex  2.975760e+01  8.000000e+00 -2.467926e+02
     vertex  2.800000e+01  8.000000e+00 -2.480000e+02
   endloop
 endfacet
 facet normal  0.000000e+00 -1.000000e+00  0.000000e+00
   outer loop
     vertex  2.917557e+01  8.000000e+00 -2.475589e+02
     vertex  2.800000e+01  8.000000e+00 -2.480000e+02
     vertex  2.879508e+01  8.000000e+00 -2.478097e+02
   endloop
 endfacet
 facet normal -0.000000e+00 -1.000000e+00  0.000000e+00
   outer loop
     vertex  2.917557e+01  8.000000e+00 -2.475589e+02
     vertex  2.950473e+01  8.000000e+00 -2.472119e+02
     vertex  2.800000e+01  8.000000e+00 -2.480000e+02
   endloop
 endfacet
 facet normal  0.000000e+00 -1.000000e+00 -0.000000e+00
   outer loop
     vertex  2.100000e+01  8.000000e+00 -2.253843e+02
     vertex  1.838957e+01  8.000000e+00 -2.303722e+02
     vertex  2.100000e+01  8.000000e+00 -2.359747e+02
   endloop
 endfacet
 facet normal  0.000000e+00 -1.000000e+00 -0.000000e+00
   outer loop
     vertex  1.838957e+01  8.000000e+00 -2.303722e+02
     vertex  1.837730e+01  8.000000e+00 -2.311324e+02
     vertex  2.100000e+01  8.000000e+00 -2.359747e+02
   endloop
 endfacet
 facet normal -1.046049e-15 -1.000000e+00  1.677324e-16
   outer loop
     vertex -2.100000e+01  8.000000e+00 -2.359747e+02
     vertex -1.837168e+01  8.000000e+00 -2.301739e+02
     vertex -2.100000e+01  8.000000e+00 -2.253843e+02
   endloop
 endfacet
 facet normal -6.605897e-16 -1.000000e+00 -6.915945e-18
   outer loop
     vertex -2.100000e+01  8.000000e+00 -2.359747e+02
     vertex -1.836011e+01  8.000000e+00 -2.312791e+02
     vertex -1.837168e+01  8.000000e+00 -2.301739e+02
   endloop
 endfacet
 facet normal  2.111921e-14  1.355984e-14  1.000000e+00
   outer loop
     vertex  2.800000e+01  2.210422e+02 -1.250000e+02
     vertex  2.936973e+01  2.199569e+02 -1.250000e+02
     vertex  2.907736e+01  2.204123e+02 -1.250000e+02
   endloop
 endfacet
 facet normal  3.112234e-14  3.066731e-14  1.000000e+00
   outer loop
     vertex  2.800000e+01  2.210422e+02 -1.250000e+02
     vertex  2.907736e+01  2.204123e+02 -1.250000e+02
     vertex  2.872372e+01  2.207712e+02 -1.250000e+02
   endloop
 endfacet
 facet normal -3.031998e-14 -1.333757e-13  1.000000e+00
   outer loop
     vertex  2.800000e+01  2.210422e+02 -1.250000e+02
     vertex  2.872372e+01  2.207712e+02 -1.250000e+02
     vertex  2.844886e+01  2.209402e+02 -1.250000e+02
   endloop
 endfacet
 facet normal  0.000000e+00  0.000000e+00  1.000000e+00
   outer loop
     vertex  2.800000e+01  2.210422e+02 -1.250000e+02
     vertex  2.844886e+01  2.209402e+02 -1.250000e+02
     vertex  2.822142e+01  2.210177e+02 -1.250000e+02
   endloop
 endfacet
 facet normal  2.852617e-14  2.290782e-14  1.000000e+00
   outer loop
     vertex  2.979475e+01  2.188073e+02 -1.250000e+02
     vertex  2.936973e+01  2.199569e+02 -1.250000e+02
     vertex  2.800000e+01  2.210422e+02 -1.250000e+02
   endloop
 endfacet
 facet normal -2.105312e-15  7.806344e-15  1.000000e+00
   outer loop
     vertex  2.325000e+01  2.170422e+02 -1.250000e+02
     vertex  3.000000e+01  2.170422e+02 -1.250000e+02
     vertex  2.979475e+01  2.188073e+02 -1.250000e+02
   endloop
 endfacet
 facet normal  0.000000e+00  0.000000e+00  1.000000e+00
   outer loop
     vertex  2.325000e+01  2.170422e+02 -1.250000e+02
     vertex  2.979475e+01  2.188073e+02 -1.250000e+02
     vertex  2.800000e+01  2.210422e+02 -1.250000e+02
   endloop
 endfacet
 facet normal -0.000000e+00  0.000000e+00  1.000000e+00
   outer loop
     vertex  1.900000e+01  2.210422e+02 -1.250000e+02
     vertex  2.325000e+01  2.170422e+02 -1.250000e+02
     vertex  2.800000e+01  2.210422e+02 -1.250000e+02
   endloop
 endfacet
 facet normal  3.343731e-15  3.552714e-15  1.000000e+00
   outer loop
     vertex  1.900000e+01  2.170422e+02 -1.250000e+02
     vertex  2.325000e+01  2.170422e+02 -1.250000e+02
     vertex  1.900000e+01  2.210422e+02 -1.250000e+02
   endloop
 endfacet
 facet normal -2.839601e-16  4.547419e-15  1.000000e+00
   outer loop
     vertex  2.325000e+01  2.103707e+02 -1.250000e+02
     vertex  2.800000e+01  2.075422e+02 -1.250000e+02
     vertex  3.000000e+01  2.170422e+02 -1.250000e+02
   endloop
 endfacet
 facet normal -2.105312e-15  6.390182e-15  1.000000e+00
   outer loop
     vertex  2.325000e+01  2.103707e+02 -1.250000e+02
     vertex  3.000000e+01  2.170422e+02 -1.250000e+02
     vertex  2.325000e+01  2.170422e+02 -1.250000e+02
   endloop
 endfacet
 facet normal  8.561644e-29  5.024296e-15  1.000000e+00
   outer loop
     vertex  2.466421e+01  2.075422e+02 -1.250000e+02
     vertex  2.800000e+01  2.075422e+02 -1.250000e+02
     vertex  2.325000e+01  2.103707e+02 -1.250000e+02
   endloop
 endfacet
 facet normal -1.184238e-15  4.736952e-15  1.000000e+00
   outer loop
     vertex  3.000000e+01  1.990422e+02 -1.250000e+02
     vertex  3.000000e+01  2.170422e+02 -1.250000e+02
     vertex  2.800000e+01  2.075422e+02 -1.250000e+02
   endloop
 endfacet
 facet normal -7.105427e-15  3.343731e-15  1.000000e+00
   outer loop
     vertex  2.800000e+01  1.990422e+02 -1.250000e+02
     vertex  3.000000e+01  1.990422e+02 -1.250000e+02
     vertex  2.800000e+01  2.075422e+02 -1.250000e+02
   endloop
 endfacet
 facet normal -3.343731e-15 -4.454744e-30  1.000000e+00
   outer loop
     vertex  6.750000e+00  2.170422e+02 -1.250000e+02
     vertex  1.100000e+01  2.170422e+02 -1.250000e+02
     vertex  1.100000e+01  2.210422e+02 -1.250000e+02
   endloop
 endfacet
 facet normal  2.732269e-15  6.390430e-15  1.000000e+00
   outer loop
     vertex  1.958579e+01  2.030422e+02 -1.250000e+02
     vertex  2.466421e+01  2.075422e+02 -1.250000e+02
     vertex  2.325000e+01  2.103707e+02 -1.250000e+02
   endloop
 endfacet
 facet normal  8.902578e-15 -5.730068e-16  1.000000e+00
   outer loop
     vertex  2.100000e+01  2.002138e+02 -1.250000e+02
     vertex  2.466421e+01  2.075422e+02 -1.250000e+02
     vertex  1.958579e+01  2.030422e+02 -1.250000e+02
   endloop
 endfacet
 facet normal  4.405166e-15 -2.821713e-15  1.000000e+00
   outer loop
     vertex  1.604437e+01  1.975135e+02 -1.250000e+02
     vertex  2.100000e+01  2.002138e+02 -1.250000e+02
     vertex  1.958579e+01  2.030422e+02 -1.250000e+02
   endloop
 endfacet
 facet normal  1.739397e-15  2.070516e-15  1.000000e+00
   outer loop
     vertex  1.604437e+01  1.975135e+02 -1.250000e+02
     vertex  1.657941e+01  1.970640e+02 -1.250000e+02
     vertex  2.100000e+01  2.002138e+02 -1.250000e+02
   endloop
 endfacet
 facet normal  2.098950e-15  1.565901e-15  1.000000e+00
   outer loop
     vertex  1.718459e+01  1.962528e+02 -1.250000e+02
     vertex  2.100000e+01  2.002138e+02 -1.250000e+02
     vertex  1.657941e+01  1.970640e+02 -1.250000e+02
   endloop
 endfacet
 facet normal -0.000000e+00  0.000000e+00  1.000000e+00
   outer loop
     vertex  1.559815e+01  1.977362e+02 -1.250000e+02
     vertex  1.604437e+01  1.975135e+02 -1.250000e+02
     vertex  1.958579e+01  2.030422e+02 -1.250000e+02
   endloop
 endfacet
 facet normal -0.000000e+00  0.000000e+00  1.000000e+00
   outer loop
     vertex  1.529405e+01  1.978168e+02 -1.250000e+02
     vertex  1.559815e+01  1.977362e+02 -1.250000e+02
     vertex  1.958579e+01  2.030422e+02 -1.250000e+02
   endloop
 endfacet
 facet normal -0.000000e+00  0.000000e+00  1.000000e+00
   outer loop
     vertex  1.500000e+01  1.978422e+02 -1.250000e+02
     vertex  1.529405e+01  1.978168e+02 -1.250000e+02
     vertex  1.958579e+01  2.030422e+02 -1.250000e+02
   endloop
 endfacet
 facet normal -3.098892e-15  2.732857e-15  1.000000e+00
   outer loop
     vertex  1.500000e+01  1.978422e+02 -1.250000e+02
     vertex  1.958579e+01  2.030422e+02 -1.250000e+02
     vertex  1.041421e+01  2.030422e+02 -1.250000e+02
   endloop
 endfacet
 facet normal  8.632018e-15 -4.727090e-15  1.000000e+00
   outer loop
     vertex  1.790761e+01  1.945669e+02 -1.250000e+02
     vertex  2.100000e+01  2.002138e+02 -1.250000e+02
     vertex  1.718459e+01  1.962528e+02 -1.250000e+02
   endloop
 endfacet
 facet normal -5.748610e-16  4.958754e-15  1.000000e+00
   outer loop
     vertex  1.460716e+01  1.977967e+02 -1.250000e+02
     vertex  1.500000e+01  1.978422e+02 -1.250000e+02
     vertex  1.041421e+01  2.030422e+02 -1.250000e+02
   endloop
 endfacet
 facet normal -1.506539e-15  4.214030e-15  1.000000e+00
   outer loop
     vertex  1.419852e+01  1.976506e+02 -1.250000e+02
     vertex  1.460716e+01  1.977967e+02 -1.250000e+02
     vertex  1.041421e+01  2.030422e+02 -1.250000e+02
   endloop
 endfacet
 facet normal -2.285218e-15  3.667487e-15  1.000000e+00
   outer loop
     vertex  1.378297e+01  1.973917e+02 -1.250000e+02
     vertex  1.419852e+01  1.976506e+02 -1.250000e+02
     vertex  1.041421e+01  2.030422e+02 -1.250000e+02
   endloop
 endfacet
 facet normal  1.928358e-14  1.652641e-14  1.000000e+00
   outer loop
     vertex  1.337169e+01  1.970117e+02 -1.250000e+02
     vertex  1.378297e+01  1.973917e+02 -1.250000e+02
     vertex  1.041421e+01  2.030422e+02 -1.250000e+02
   endloop
 endfacet
 facet normal  1.052656e-15 -4.671161e-15  1.000000e+00
   outer loop
     vertex -6.750000e+00  2.170422e+02 -1.250000e+02
     vertex  6.750000e+00  2.170422e+02 -1.250000e+02
     vertex  1.100000e+01  2.210422e+02 -1.250000e+02
   endloop
 endfacet
 facet normal  1.052656e-15  8.520243e-15  1.000000e+00
   outer loop
     vertex -6.750000e+00  2.170422e+02 -1.250000e+02
     vertex  6.750000e+00  2.103707e+02 -1.250000e+02
     vertex  6.750000e+00  2.170422e+02 -1.250000e+02
   endloop
 endfacet
 facet normal -0.000000e+00  0.000000e+00  1.000000e+00
   outer loop
     vertex -1.100000e+01  2.210422e+02 -1.250000e+02
     vertex -6.750000e+00  2.170422e+02 -1.250000e+02
     vertex  1.100000e+01  2.210422e+02 -1.250000e+02
   endloop
 endfacet
 facet normal -5.551245e-15  4.347020e-15  1.000000e+00
   outer loop
     vertex  1.297747e+01  1.965083e+02 -1.250000e+02
     vertex  1.337169e+01  1.970117e+02 -1.250000e+02
     vertex  1.041421e+01  2.030422e+02 -1.250000e+02
   endloop
 endfacet
 facet normal -6.870970e-15  3.829297e-15  1.000000e+00
   outer loop
     vertex  1.250164e+01  1.956545e+02 -1.250000e+02
     vertex  1.297747e+01  1.965083e+02 -1.250000e+02
     vertex  1.041421e+01  2.030422e+02 -1.250000e+02
   endloop
 endfacet
 facet normal  9.758389e-15  8.527941e-15  1.000000e+00
   outer loop
     vertex  1.206781e+01  1.944845e+02 -1.250000e+02
     vertex  1.250164e+01  1.956545e+02 -1.250000e+02
     vertex  1.041421e+01  2.030422e+02 -1.250000e+02
   endloop
 endfacet
 facet normal  3.343731e-15  3.552714e-15  1.000000e+00
   outer loop
     vertex -1.100000e+01  2.170422e+02 -1.250000e+02
     vertex -6.750000e+00  2.170422e+02 -1.250000e+02
     vertex -1.100000e+01  2.210422e+02 -1.250000e+02
   endloop
 endfacet
 facet normal -1.479866e-28  6.390182e-15  1.000000e+00
   outer loop
     vertex -6.750000e+00  2.103707e+02 -1.250000e+02
     vertex  6.750000e+00  2.103707e+02 -1.250000e+02
     vertex -6.750000e+00  2.170422e+02 -1.250000e+02
   endloop
 endfacet
 facet normal -4.490746e-29  1.939141e-15  1.000000e+00
   outer loop
     vertex -6.750000e+00  2.103707e+02 -1.250000e+02
     vertex  1.041421e+01  2.030422e+02 -1.250000e+02
     vertex  6.750000e+00  2.103707e+02 -1.250000e+02
   endloop
 endfacet
 facet normal -5.069461e-14  7.456833e-15  1.000000e+00
   outer loop
     vertex  2.100000e+01  1.818707e+02 -1.250000e+02
     vertex  1.824834e+01  1.879385e+02 -1.250000e+02
     vertex  1.814062e+01  1.872062e+02 -1.250000e+02
   endloop
 endfacet
 facet normal -3.728163e-14  1.464505e-14  1.000000e+00
   outer loop
     vertex  2.100000e+01  1.818707e+02 -1.250000e+02
     vertex  1.814062e+01  1.872062e+02 -1.250000e+02
     vertex  1.786998e+01  1.865172e+02 -1.250000e+02
   endloop
 endfacet
 facet normal -2.920167e-14  2.008790e-14  1.000000e+00
   outer loop
     vertex  2.100000e+01  1.818707e+02 -1.250000e+02
     vertex  1.786998e+01  1.865172e+02 -1.250000e+02
     vertex  1.745045e+01  1.859074e+02 -1.250000e+02
   endloop
 endfacet
 facet normal  9.503454e-29  3.343731e-15  1.000000e+00
   outer loop
     vertex  2.800000e+01  1.745422e+02 -1.250000e+02
     vertex  3.000000e+01  1.830422e+02 -1.250000e+02
     vertex  2.800000e+01  1.830422e+02 -1.250000e+02
   endloop
 endfacet
 facet normal  1.498565e-13  1.775383e-13  1.000000e+00
   outer loop
     vertex  1.690380e+01  1.854082e+02 -1.250000e+02
     vertex  2.100000e+01  1.818707e+02 -1.250000e+02
     vertex  1.745045e+01  1.859074e+02 -1.250000e+02
   endloop
 endfacet
 facet normal -2.026505e-15  1.670614e-15  1.000000e+00
   outer loop
     vertex  1.661833e+01  1.850619e+02 -1.250000e+02
     vertex  2.100000e+01  1.818707e+02 -1.250000e+02
     vertex  1.690380e+01  1.854082e+02 -1.250000e+02
   endloop
 endfacet
 facet normal -1.842007e-15  1.923933e-15  1.000000e+00
   outer loop
     vertex  1.631419e+01  1.847708e+02 -1.250000e+02
     vertex  2.100000e+01  1.818707e+02 -1.250000e+02
     vertex  1.661833e+01  1.850619e+02 -1.250000e+02
   endloop
 endfacet
 facet normal -1.634300e-15  2.259536e-15  1.000000e+00
   outer loop
     vertex  1.599553e+01  1.845403e+02 -1.250000e+02
     vertex  2.100000e+01  1.818707e+02 -1.250000e+02
     vertex  1.631419e+01  1.847708e+02 -1.250000e+02
   endloop
 endfacet
 facet normal -2.402649e-12 -3.483444e-13  1.000000e+00
   outer loop
     vertex  1.177780e+01  1.884664e+02 -1.250000e+02
     vertex  1.181244e+01  1.886763e+02 -1.250000e+02
     vertex  1.167405e+01  1.896308e+02 -1.250000e+02
   endloop
 endfacet
 facet normal  7.156408e-13 -7.048106e-14  1.000000e+00
   outer loop
     vertex  1.175696e+01  1.882548e+02 -1.250000e+02
     vertex  1.177780e+01  1.884664e+02 -1.250000e+02
     vertex  1.167405e+01  1.896308e+02 -1.250000e+02
   endloop
 endfacet
 facet normal  1.221659e-12 -3.999106e-14  1.000000e+00
   outer loop
     vertex  1.175000e+01  1.880422e+02 -1.250000e+02
     vertex  1.175696e+01  1.882548e+02 -1.250000e+02
     vertex  1.167405e+01  1.896308e+02 -1.250000e+02
   endloop
 endfacet
 facet normal -4.945096e-16  5.029614e-15  1.000000e+00
   outer loop
     vertex  1.958579e+01  1.790422e+02 -1.250000e+02
     vertex  1.533348e+01  1.842750e+02 -1.250000e+02
     vertex  1.500000e+01  1.842422e+02 -1.250000e+02
   endloop
 endfacet
 facet normal -3.560911e-14 -2.350547e-14  1.000000e+00
   outer loop
     vertex  1.958579e+01  1.790422e+02 -1.250000e+02
     vertex  1.566699e+01  1.843744e+02 -1.250000e+02
     vertex  1.533348e+01  1.842750e+02 -1.250000e+02
   endloop
 endfacet
 facet normal -9.815097e-16  1.943786e-15  1.000000e+00
   outer loop
     vertex  1.958579e+01  1.790422e+02 -1.250000e+02
     vertex  1.599553e+01  1.845403e+02 -1.250000e+02
     vertex  1.566699e+01  1.843744e+02 -1.250000e+02
   endloop
 endfacet
 facet normal -2.241719e-15  1.120860e-15  1.000000e+00
   outer loop
     vertex  1.958579e+01  1.790422e+02 -1.250000e+02
     vertex  2.100000e+01  1.818707e+02 -1.250000e+02
     vertex  1.599553e+01  1.845403e+02 -1.250000e+02
   endloop
 endfacet
 facet normal -3.878282e-15  1.939141e-15  1.000000e+00
   outer loop
     vertex  1.958579e+01  1.790422e+02 -1.250000e+02
     vertex  2.466421e+01  1.745422e+02 -1.250000e+02
     vertex  2.100000e+01  1.818707e+02 -1.250000e+02
   endloop
 endfacet
 facet normal -5.921189e-15  4.736952e-15  1.000000e+00
   outer loop
     vertex  3.000000e+01  1.650422e+02 -1.250000e+02
     vertex  3.000000e+01  1.830422e+02 -1.250000e+02
     vertex  2.800000e+01  1.745422e+02 -1.250000e+02
   endloop
 endfacet
 facet normal -7.931276e-16  5.420860e-15  1.000000e+00
   outer loop
     vertex  2.325000e+01  1.717138e+02 -1.250000e+02
     vertex  2.466421e+01  1.745422e+02 -1.250000e+02
     vertex  1.958579e+01  1.790422e+02 -1.250000e+02
   endloop
 endfacet
 facet normal  2.150941e-15  6.436347e-15  1.000000e+00
   outer loop
     vertex  2.325000e+01  1.717138e+02 -1.250000e+02
     vertex  3.000000e+01  1.650422e+02 -1.250000e+02
     vertex  2.800000e+01  1.745422e+02 -1.250000e+02
   endloop
 endfacet
 facet normal  4.260121e-15  2.894235e-15  1.000000e+00
   outer loop
     vertex  2.325000e+01  1.717138e+02 -1.250000e+02
     vertex  2.800000e+01  1.745422e+02 -1.250000e+02
     vertex  2.466421e+01  1.745422e+02 -1.250000e+02
   endloop
 endfacet
 facet normal -3.343731e-15  7.105427e-15  1.000000e+00
   outer loop
     vertex -2.325000e+01  2.170422e+02 -1.250000e+02
     vertex -1.900000e+01  2.170422e+02 -1.250000e+02
     vertex -1.900000e+01  2.210422e+02 -1.250000e+02
   endloop
 endfacet
 facet normal  3.157968e-15  1.973730e-16  1.000000e+00
   outer loop
     vertex -2.800000e+01  2.210422e+02 -1.250000e+02
     vertex -2.325000e+01  2.170422e+02 -1.250000e+02
     vertex -1.900000e+01  2.210422e+02 -1.250000e+02
   endloop
 endfacet
 facet normal  1.364563e-15  5.135142e-15  1.000000e+00
   outer loop
     vertex -1.041421e+01  2.030422e+02 -1.250000e+02
     vertex  1.041421e+01  2.030422e+02 -1.250000e+02
     vertex -6.750000e+00  2.103707e+02 -1.250000e+02
   endloop
 endfacet
 facet normal  1.364563e-15  6.906013e-15  1.000000e+00
   outer loop
     vertex -1.041421e+01  2.030422e+02 -1.250000e+02
     vertex  1.206781e+01  1.944845e+02 -1.250000e+02
     vertex  1.041421e+01  2.030422e+02 -1.250000e+02
   endloop
 endfacet
 facet normal  0.000000e+00  0.000000e+00  1.000000e+00
   outer loop
     vertex -2.846257e+01  2.209338e+02 -1.250000e+02
     vertex -2.800000e+01  2.210422e+02 -1.250000e+02
     vertex -2.822816e+01  2.210161e+02 -1.250000e+02
   endloop
 endfacet
 facet normal  3.787832e-14 -1.615521e-13  1.000000e+00
   outer loop
     vertex -2.869822e+01  2.207906e+02 -1.250000e+02
     vertex -2.800000e+01  2.210422e+02 -1.250000e+02
     vertex -2.846257e+01  2.209338e+02 -1.250000e+02
   endloop
 endfacet
 facet normal -3.412935e-14  3.821997e-14  1.000000e+00
   outer loop
     vertex -2.892929e+01  2.205842e+02 -1.250000e+02
     vertex -2.800000e+01  2.210422e+02 -1.250000e+02
     vertex -2.869822e+01  2.207906e+02 -1.250000e+02
   endloop
 endfacet
 facet normal -2.565563e-14  2.102712e-14  1.000000e+00
   outer loop
     vertex -2.914956e+01  2.203155e+02 -1.250000e+02
     vertex -2.800000e+01  2.210422e+02 -1.250000e+02
     vertex -2.892929e+01  2.205842e+02 -1.250000e+02
   endloop
 endfacet
 facet normal -1.980207e-14  1.176828e-14  1.000000e+00
   outer loop
     vertex -2.941584e+01  2.198674e+02 -1.250000e+02
     vertex -2.800000e+01  2.210422e+02 -1.250000e+02
     vertex -2.914956e+01  2.203155e+02 -1.250000e+02
   endloop
 endfacet
 facet normal -1.520463e-14  6.227686e-15  1.000000e+00
   outer loop
     vertex -2.966365e+01  2.192624e+02 -1.250000e+02
     vertex -2.800000e+01  2.210422e+02 -1.250000e+02
     vertex -2.941584e+01  2.198674e+02 -1.250000e+02
   endloop
 endfacet
 facet normal  4.648337e-15  9.564998e-15  1.000000e+00
   outer loop
     vertex  1.041421e+01  1.790422e+02 -1.250000e+02
     vertex  1.958579e+01  1.790422e+02 -1.250000e+02
     vertex  1.500000e+01  1.842422e+02 -1.250000e+02
   endloop
 endfacet
 facet normal  2.368825e-14  2.573713e-14  1.000000e+00
   outer loop
     vertex  1.041421e+01  1.790422e+02 -1.250000e+02
     vertex  1.309620e+01  1.854082e+02 -1.250000e+02
     vertex  1.253259e+01  1.859270e+02 -1.250000e+02
   endloop
 endfacet
 facet normal  3.376510e-14  2.263656e-14  1.000000e+00
   outer loop
     vertex  1.041421e+01  1.790422e+02 -1.250000e+02
     vertex  1.253259e+01  1.859270e+02 -1.250000e+02
     vertex  1.210605e+01  1.865632e+02 -1.250000e+02
   endloop
 endfacet
 facet normal  5.081680e-14  1.880078e-14  1.000000e+00
   outer loop
     vertex  1.041421e+01  1.790422e+02 -1.250000e+02
     vertex  1.210605e+01  1.865632e+02 -1.250000e+02
     vertex  1.184027e+01  1.872816e+02 -1.250000e+02
   endloop
 endfacet
 facet normal -1.059432e-13  8.035069e-14  1.000000e+00
   outer loop
     vertex  1.041421e+01  1.790422e+02 -1.250000e+02
     vertex  1.368581e+01  1.847708e+02 -1.250000e+02
     vertex  1.309620e+01  1.854082e+02 -1.250000e+02
   endloop
 endfacet
 facet normal -5.006530e-14  4.843843e-14  1.000000e+00
   outer loop
     vertex  1.041421e+01  1.790422e+02 -1.250000e+02
     vertex  1.420731e+01  1.844296e+02 -1.250000e+02
     vertex  1.368581e+01  1.847708e+02 -1.250000e+02
   endloop
 endfacet
 facet normal  3.754534e-15  1.054554e-14  1.000000e+00
   outer loop
     vertex  1.041421e+01  1.790422e+02 -1.250000e+02
     vertex  1.460300e+01  1.842888e+02 -1.250000e+02
     vertex  1.420731e+01  1.844296e+02 -1.250000e+02
   endloop
 endfacet
 facet normal  1.451036e-15  1.238464e-14  1.000000e+00
   outer loop
     vertex  1.041421e+01  1.790422e+02 -1.250000e+02
     vertex  1.500000e+01  1.842422e+02 -1.250000e+02
     vertex  1.460300e+01  1.842888e+02 -1.250000e+02
   endloop
 endfacet
 facet normal  9.238615e-14 -2.630022e-13  1.000000e+00
   outer loop
     vertex  2.800000e+01  1.610422e+02 -1.250000e+02
     vertex  2.822816e+01  1.610684e+02 -1.250000e+02
     vertex  2.846257e+01  1.611507e+02 -1.250000e+02
   endloop
 endfacet
 facet normal  5.001756e-14 -8.229892e-14  1.000000e+00
   outer loop
     vertex  2.800000e+01  1.610422e+02 -1.250000e+02
     vertex  2.846257e+01  1.611507e+02 -1.250000e+02
     vertex  2.869822e+01  1.612939e+02 -1.250000e+02
   endloop
 endfacet
 facet normal -7.497948e-15  7.726735e-14  1.000000e+00
   outer loop
     vertex  2.800000e+01  1.610422e+02 -1.250000e+02
     vertex  2.869822e+01  1.612939e+02 -1.250000e+02
     vertex  2.892929e+01  1.615003e+02 -1.250000e+02
   endloop
 endfacet
 facet normal  5.131126e-14 -4.205425e-14  1.000000e+00
   outer loop
     vertex  2.800000e+01  1.610422e+02 -1.250000e+02
     vertex  2.892929e+01  1.615003e+02 -1.250000e+02
     vertex  2.914956e+01  1.617690e+02 -1.250000e+02
   endloop
 endfacet
 facet normal  3.960415e-14 -2.353656e-14  1.000000e+00
   outer loop
     vertex  2.800000e+01  1.610422e+02 -1.250000e+02
     vertex  2.914956e+01  1.617690e+02 -1.250000e+02
     vertex  2.941584e+01  1.622171e+02 -1.250000e+02
   endloop
 endfacet
 facet normal  3.040927e-14 -1.245537e-14  1.000000e+00
   outer loop
     vertex  2.800000e+01  1.610422e+02 -1.250000e+02
     vertex  2.941584e+01  1.622171e+02 -1.250000e+02
     vertex  2.966365e+01  1.628221e+02 -1.250000e+02
   endloop
 endfacet
 facet normal  2.326595e-14 -5.778402e-15  1.000000e+00
   outer loop
     vertex  2.800000e+01  1.610422e+02 -1.250000e+02
     vertex  2.966365e+01  1.628221e+02 -1.250000e+02
     vertex  2.988971e+01  1.637323e+02 -1.250000e+02
   endloop
 endfacet
 facet normal -3.438033e-14  2.415150e-14  1.000000e+00
   outer loop
     vertex -2.988971e+01  2.183522e+02 -1.250000e+02
     vertex -2.800000e+01  2.210422e+02 -1.250000e+02
     vertex -2.966365e+01  2.192624e+02 -1.250000e+02
   endloop
 endfacet
 facet normal  1.879762e-15 -1.320496e-15  1.000000e+00
   outer loop
     vertex -2.988971e+01  2.183522e+02 -1.250000e+02
     vertex -2.325000e+01  2.170422e+02 -1.250000e+02
     vertex -2.800000e+01  2.210422e+02 -1.250000e+02
   endloop
 endfacet
 facet normal -2.105312e-15  2.130061e-15  1.000000e+00
   outer loop
     vertex  2.325000e+01  1.650422e+02 -1.250000e+02
     vertex  3.000000e+01  1.650422e+02 -1.250000e+02
     vertex  2.325000e+01  1.717138e+02 -1.250000e+02
   endloop
 endfacet
 facet normal -4.903607e-17  1.059991e-14  1.000000e+00
   outer loop
     vertex  2.325000e+01  1.650422e+02 -1.250000e+02
     vertex  2.800000e+01  1.610422e+02 -1.250000e+02
     vertex  2.988971e+01  1.637323e+02 -1.250000e+02
   endloop
 endfacet
 facet normal -2.088125e-15  2.643668e-16  1.000000e+00
   outer loop
     vertex  2.325000e+01  1.650422e+02 -1.250000e+02
     vertex  2.988971e+01  1.637323e+02 -1.250000e+02
     vertex  2.997370e+01  1.643957e+02 -1.250000e+02
   endloop
 endfacet
 facet normal -2.105312e-15  8.563941e-17  1.000000e+00
   outer loop
     vertex  2.325000e+01  1.650422e+02 -1.250000e+02
     vertex  2.997370e+01  1.643957e+02 -1.250000e+02
     vertex  3.000000e+01  1.650422e+02 -1.250000e+02
   endloop
 endfacet
 facet normal  2.088125e-15 -2.643668e-16  1.000000e+00
   outer loop
     vertex -2.997370e+01  2.176888e+02 -1.250000e+02
     vertex -2.325000e+01  2.170422e+02 -1.250000e+02
     vertex -2.988971e+01  2.183522e+02 -1.250000e+02
   endloop
 endfacet
 facet normal  2.105312e-15  6.390182e-15  1.000000e+00
   outer loop
     vertex -3.000000e+01  2.170422e+02 -1.250000e+02
     vertex -2.325000e+01  2.103707e+02 -1.250000e+02
     vertex -2.325000e+01  2.170422e+02 -1.250000e+02
   endloop
 endfacet
 facet normal  2.105312e-15 -8.563941e-17  1.000000e+00
   outer loop
     vertex -3.000000e+01  2.170422e+02 -1.250000e+02
     vertex -2.325000e+01  2.170422e+02 -1.250000e+02
     vertex -2.997370e+01  2.176888e+02 -1.250000e+02
   endloop
 endfacet
 facet normal  1.403869e-15  1.671116e-15  1.000000e+00
   outer loop
     vertex -1.395563e+01  1.975135e+02 -1.250000e+02
     vertex -1.342059e+01  1.970640e+02 -1.250000e+02
     vertex -1.041421e+01  2.030422e+02 -1.250000e+02
   endloop
 endfacet
 facet normal  1.903316e-15  1.419950e-15  1.000000e+00
   outer loop
     vertex -1.281541e+01  1.962528e+02 -1.250000e+02
     vertex -1.041421e+01  2.030422e+02 -1.250000e+02
     vertex -1.342059e+01  1.970640e+02 -1.250000e+02
   endloop
 endfacet
 facet normal  9.720183e-16  1.947736e-15  1.000000e+00
   outer loop
     vertex -1.440185e+01  1.977362e+02 -1.250000e+02
     vertex -1.395563e+01  1.975135e+02 -1.250000e+02
     vertex -1.041421e+01  2.030422e+02 -1.250000e+02
   endloop
 endfacet
 facet normal  5.918159e-16  2.233468e-15  1.000000e+00
   outer loop
     vertex -1.470595e+01  1.978168e+02 -1.250000e+02
     vertex -1.440185e+01  1.977362e+02 -1.250000e+02
     vertex -1.041421e+01  2.030422e+02 -1.250000e+02
   endloop
 endfacet
 facet normal  4.231168e-15  7.933008e-15  1.000000e+00
   outer loop
     vertex -2.466421e+01  2.075422e+02 -1.250000e+02
     vertex -1.958579e+01  2.030422e+02 -1.250000e+02
     vertex -2.325000e+01  2.103707e+02 -1.250000e+02
   endloop
 endfacet
 facet normal  5.081296e-29  2.732857e-15  1.000000e+00
   outer loop
     vertex -1.500000e+01  1.978422e+02 -1.250000e+02
     vertex -1.041421e+01  2.030422e+02 -1.250000e+02
     vertex -1.958579e+01  2.030422e+02 -1.250000e+02
   endloop
 endfacet
 facet normal  2.199868e-16  2.538854e-15  1.000000e+00
   outer loop
     vertex -1.500000e+01  1.978422e+02 -1.250000e+02
     vertex -1.470595e+01  1.978168e+02 -1.250000e+02
     vertex -1.041421e+01  2.030422e+02 -1.250000e+02
   endloop
 endfacet
 facet normal -1.175563e-15  2.412568e-16  1.000000e+00
   outer loop
     vertex -1.209239e+01  1.945669e+02 -1.250000e+02
     vertex  1.170417e+01  1.927126e+02 -1.250000e+02
     vertex  1.206781e+01  1.944845e+02 -1.250000e+02
   endloop
 endfacet
 facet normal -1.175592e-15  2.327744e-16  1.000000e+00
   outer loop
     vertex -1.209239e+01  1.945669e+02 -1.250000e+02
     vertex  1.206781e+01  1.944845e+02 -1.250000e+02
     vertex -1.041421e+01  2.030422e+02 -1.250000e+02
   endloop
 endfacet
 facet normal  1.344632e-14 -2.662455e-15  1.000000e+00
   outer loop
     vertex -1.209239e+01  1.945669e+02 -1.250000e+02
     vertex -1.041421e+01  2.030422e+02 -1.250000e+02
     vertex -1.281541e+01  1.962528e+02 -1.250000e+02
   endloop
 endfacet
 facet normal -2.874305e-16  2.479377e-15  1.000000e+00
   outer loop
     vertex -1.539284e+01  1.977967e+02 -1.250000e+02
     vertex -1.500000e+01  1.978422e+02 -1.250000e+02
     vertex -1.958579e+01  2.030422e+02 -1.250000e+02
   endloop
 endfacet
 facet normal -7.532693e-16  2.107015e-15  1.000000e+00
   outer loop
     vertex -1.580148e+01  1.976506e+02 -1.250000e+02
     vertex -1.539284e+01  1.977967e+02 -1.250000e+02
     vertex -1.958579e+01  2.030422e+02 -1.250000e+02
   endloop
 endfacet
 facet normal -2.029383e-15 -1.071603e-14  1.000000e+00
   outer loop
     vertex -1.162264e+01  1.918257e+02 -1.250000e+02
     vertex  1.170417e+01  1.927126e+02 -1.250000e+02
     vertex -1.209239e+01  1.945669e+02 -1.250000e+02
   endloop
 endfacet
 facet normal -2.708029e-15  7.132756e-15  1.000000e+00
   outer loop
     vertex -1.162264e+01  1.918257e+02 -1.250000e+02
     vertex  1.160476e+01  1.906825e+02 -1.250000e+02
     vertex  1.170417e+01  1.927126e+02 -1.250000e+02
   endloop
 endfacet
 facet normal  3.343731e-15  7.105427e-15  1.000000e+00
   outer loop
     vertex  1.900000e+01  1.610422e+02 -1.250000e+02
     vertex  2.325000e+01  1.650422e+02 -1.250000e+02
     vertex  1.900000e+01  1.650422e+02 -1.250000e+02
   endloop
 endfacet
 facet normal -0.000000e+00  1.065814e-14  1.000000e+00
   outer loop
     vertex  1.900000e+01  1.610422e+02 -1.250000e+02
     vertex  2.800000e+01  1.610422e+02 -1.250000e+02
     vertex  2.325000e+01  1.650422e+02 -1.250000e+02
   endloop
 endfacet
 facet normal -4.260121e-15  1.217865e-14  1.000000e+00
   outer loop
     vertex -2.800000e+01  2.075422e+02 -1.250000e+02
     vertex -2.466421e+01  2.075422e+02 -1.250000e+02
     vertex -2.325000e+01  2.103707e+02 -1.250000e+02
   endloop
 endfacet
 facet normal  2.839601e-16  4.547419e-15  1.000000e+00
   outer loop
     vertex -2.800000e+01  2.075422e+02 -1.250000e+02
     vertex -2.325000e+01  2.103707e+02 -1.250000e+02
     vertex -3.000000e+01  2.170422e+02 -1.250000e+02
   endloop
 endfacet
 facet normal  1.987357e-15  4.030617e-15  1.000000e+00
   outer loop
     vertex -2.100000e+01  2.002138e+02 -1.250000e+02
     vertex -1.580148e+01  1.976506e+02 -1.250000e+02
     vertex -1.958579e+01  2.030422e+02 -1.250000e+02
   endloop
 endfacet
 facet normal  1.146014e-15  4.451289e-15  1.000000e+00
   outer loop
     vertex -2.100000e+01  2.002138e+02 -1.250000e+02
     vertex -1.958579e+01  2.030422e+02 -1.250000e+02
     vertex -2.466421e+01  2.075422e+02 -1.250000e+02
   endloop
 endfacet
 facet normal  0.000000e+00  0.000000e+00  1.000000e+00
   outer loop
     vertex -2.100000e+01  2.002138e+02 -1.250000e+02
     vertex -1.621703e+01  1.973917e+02 -1.250000e+02
     vertex -1.580148e+01  1.976506e+02 -1.250000e+02
   endloop
 endfacet
 facet normal  1.346633e-14  2.282286e-14  1.000000e+00
   outer loop
     vertex -2.100000e+01  2.002138e+02 -1.250000e+02
     vertex -1.662831e+01  1.970117e+02 -1.250000e+02
     vertex -1.621703e+01  1.973917e+02 -1.250000e+02
   endloop
 endfacet
 facet normal -2.065779e-15  1.617652e-15  1.000000e+00
   outer loop
     vertex -2.100000e+01  2.002138e+02 -1.250000e+02
     vertex -1.702253e+01  1.965083e+02 -1.250000e+02
     vertex -1.662831e+01  1.970117e+02 -1.250000e+02
   endloop
 endfacet
 facet normal -2.351768e-15  1.310677e-15  1.000000e+00
   outer loop
     vertex -1.749836e+01  1.956545e+02 -1.250000e+02
     vertex -1.702253e+01  1.965083e+02 -1.250000e+02
     vertex -2.100000e+01  2.002138e+02 -1.250000e+02
   endloop
 endfacet
 facet normal -4.157099e-15 -2.231060e-14  1.000000e+00
   outer loop
     vertex -1.181244e+01  1.886763e+02 -1.250000e+02
     vertex  1.160476e+01  1.906825e+02 -1.250000e+02
     vertex -1.162264e+01  1.918257e+02 -1.250000e+02
   endloop
 endfacet
 facet normal -7.185660e-15  1.303892e-14  1.000000e+00
   outer loop
     vertex -1.181244e+01  1.886763e+02 -1.250000e+02
     vertex  1.167405e+01  1.896308e+02 -1.250000e+02
     vertex  1.160476e+01  1.906825e+02 -1.250000e+02
   endloop
 endfacet
 facet normal  7.928844e-15  9.206328e-15  1.000000e+00
   outer loop
     vertex -1.793219e+01  1.944845e+02 -1.250000e+02
     vertex -1.749836e+01  1.956545e+02 -1.250000e+02
     vertex -2.100000e+01  2.002138e+02 -1.250000e+02
   endloop
 endfacet
 facet normal -6.633502e-15 -5.465816e-16  1.000000e+00
   outer loop
     vertex -1.175166e+01  1.879385e+02 -1.250000e+02
     vertex  1.167405e+01  1.896308e+02 -1.250000e+02
     vertex -1.181244e+01  1.886763e+02 -1.250000e+02
   endloop
 endfacet
 facet normal  4.341591e-16 -9.838125e-14  1.000000e+00
   outer loop
     vertex -1.175166e+01  1.879385e+02 -1.250000e+02
     vertex  1.175000e+01  1.880422e+02 -1.250000e+02
     vertex  1.167405e+01  1.896308e+02 -1.250000e+02
   endloop
 endfacet
 facet normal -0.000000e+00  0.000000e+00  1.000000e+00
   outer loop
     vertex -1.175166e+01  1.879385e+02 -1.250000e+02
     vertex  1.184027e+01  1.872816e+02 -1.250000e+02
     vertex  1.175000e+01  1.880422e+02 -1.250000e+02
   endloop
 endfacet
 facet normal  0.000000e+00  0.000000e+00  1.000000e+00
   outer loop
     vertex -1.185938e+01  1.872062e+02 -1.250000e+02
     vertex  1.184027e+01  1.872816e+02 -1.250000e+02
     vertex -1.175166e+01  1.879385e+02 -1.250000e+02
   endloop
 endfacet
 facet normal  3.343731e-15  1.065814e-14  1.000000e+00
   outer loop
     vertex  6.750000e+00  1.650422e+02 -1.250000e+02
     vertex  1.100000e+01  1.610422e+02 -1.250000e+02
     vertex  1.100000e+01  1.650422e+02 -1.250000e+02
   endloop
 endfacet
 facet normal -2.621071e-12 -3.800121e-13  1.000000e+00
   outer loop
     vertex -1.822220e+01  1.884664e+02 -1.250000e+02
     vertex -1.818756e+01  1.886763e+02 -1.250000e+02
     vertex -1.832595e+01  1.896308e+02 -1.250000e+02
   endloop
 endfacet
 facet normal  7.806990e-13 -7.688842e-14  1.000000e+00
   outer loop
     vertex -1.824304e+01  1.882548e+02 -1.250000e+02
     vertex -1.822220e+01  1.884664e+02 -1.250000e+02
     vertex -1.832595e+01  1.896308e+02 -1.250000e+02
   endloop
 endfacet
 facet normal  4.934325e-15  5.526444e-15  1.000000e+00
   outer loop
     vertex -3.000000e+01  1.990422e+02 -1.250000e+02
     vertex -2.800000e+01  2.075422e+02 -1.250000e+02
     vertex -3.000000e+01  2.170422e+02 -1.250000e+02
   endloop
 endfacet
 facet normal -9.503454e-29  6.687461e-15  1.000000e+00
   outer loop
     vertex -3.000000e+01  1.990422e+02 -1.250000e+02
     vertex -2.800000e+01  1.990422e+02 -1.250000e+02
     vertex -2.800000e+01  2.075422e+02 -1.250000e+02
   endloop
 endfacet
 facet normal -9.815097e-16  1.943786e-15  1.000000e+00
   outer loop
     vertex -1.041421e+01  1.790422e+02 -1.250000e+02
     vertex -1.400447e+01  1.845403e+02 -1.250000e+02
     vertex -1.433301e+01  1.843744e+02 -1.250000e+02
   endloop
 endfacet
 facet normal -1.269771e-15  1.755549e-15  1.000000e+00
   outer loop
     vertex -1.041421e+01  1.790422e+02 -1.250000e+02
     vertex -1.368581e+01  1.847708e+02 -1.250000e+02
     vertex -1.400447e+01  1.845403e+02 -1.250000e+02
   endloop
 endfacet
 facet normal -1.535497e-15  1.603791e-15  1.000000e+00
   outer loop
     vertex -1.041421e+01  1.790422e+02 -1.250000e+02
     vertex -1.338167e+01  1.850619e+02 -1.250000e+02
     vertex -1.368581e+01  1.847708e+02 -1.250000e+02
   endloop
 endfacet
 facet normal -1.792041e-15  1.477326e-15  1.000000e+00
   outer loop
     vertex -1.041421e+01  1.790422e+02 -1.250000e+02
     vertex -1.309620e+01  1.854082e+02 -1.250000e+02
     vertex -1.338167e+01  1.850619e+02 -1.250000e+02
   endloop
 endfacet
 facet normal  2.425971e-13  1.044381e-13  1.000000e+00
   outer loop
     vertex -1.041421e+01  1.790422e+02 -1.250000e+02
     vertex -1.254955e+01  1.859074e+02 -1.250000e+02
     vertex -1.309620e+01  1.854082e+02 -1.250000e+02
   endloop
 endfacet
 facet normal -2.901081e-14  1.995661e-14  1.000000e+00
   outer loop
     vertex -1.041421e+01  1.790422e+02 -1.250000e+02
     vertex -1.213002e+01  1.865172e+02 -1.250000e+02
     vertex -1.254955e+01  1.859074e+02 -1.250000e+02
   endloop
 endfacet
 facet normal -4.276568e-14  1.679930e-14  1.000000e+00
   outer loop
     vertex -1.041421e+01  1.790422e+02 -1.250000e+02
     vertex -1.185938e+01  1.872062e+02 -1.250000e+02
     vertex -1.213002e+01  1.865172e+02 -1.250000e+02
   endloop
 endfacet
 facet normal -1.364563e-15  2.783224e-14  1.000000e+00
   outer loop
     vertex -1.041421e+01  1.790422e+02 -1.250000e+02
     vertex  1.041421e+01  1.790422e+02 -1.250000e+02
     vertex  1.184027e+01  1.872816e+02 -1.250000e+02
   endloop
 endfacet
 facet normal -7.750050e-17  2.435588e-14  1.000000e+00
   outer loop
     vertex -1.041421e+01  1.790422e+02 -1.250000e+02
     vertex  1.184027e+01  1.872816e+02 -1.250000e+02
     vertex -1.185938e+01  1.872062e+02 -1.250000e+02
   endloop
 endfacet
 facet normal -4.945096e-16  5.029614e-15  1.000000e+00
   outer loop
     vertex -1.041421e+01  1.790422e+02 -1.250000e+02
     vertex -1.466652e+01  1.842750e+02 -1.250000e+02
     vertex -1.500000e+01  1.842422e+02 -1.250000e+02
   endloop
 endfacet
 facet normal -3.560911e-14 -2.350547e-14  1.000000e+00
   outer loop
     vertex -1.041421e+01  1.790422e+02 -1.250000e+02
     vertex -1.433301e+01  1.843744e+02 -1.250000e+02
     vertex -1.466652e+01  1.842750e+02 -1.250000e+02
   endloop
 endfacet
 facet normal  2.105312e-15 -2.991797e-15  1.000000e+00
   outer loop
     vertex -6.750000e+00  1.717138e+02 -1.250000e+02
     vertex  6.750000e+00  1.717138e+02 -1.250000e+02
     vertex  1.041421e+01  1.790422e+02 -1.250000e+02
   endloop
 endfacet
 facet normal -1.364563e-15  5.135142e-15  1.000000e+00
   outer loop
     vertex -6.750000e+00  1.717138e+02 -1.250000e+02
     vertex  1.041421e+01  1.790422e+02 -1.250000e+02
     vertex -1.041421e+01  1.790422e+02 -1.250000e+02
   endloop
 endfacet
 facet normal  4.108748e-14  1.520120e-14  1.000000e+00
   outer loop
     vertex -2.100000e+01  1.818707e+02 -1.250000e+02
     vertex -1.789395e+01  1.865632e+02 -1.250000e+02
     vertex -1.815973e+01  1.872816e+02 -1.250000e+02
   endloop
 endfacet
 facet normal  3.182221e-14  2.133402e-14  1.000000e+00
   outer loop
     vertex -2.100000e+01  1.818707e+02 -1.250000e+02
     vertex -1.746741e+01  1.859270e+02 -1.250000e+02
     vertex -1.789395e+01  1.865632e+02 -1.250000e+02
   endloop
 endfacet
 facet normal  2.505778e-14  2.722510e-14  1.000000e+00
   outer loop
     vertex -2.100000e+01  1.818707e+02 -1.250000e+02
     vertex -1.690380e+01  1.854082e+02 -1.250000e+02
     vertex -1.746741e+01  1.859270e+02 -1.250000e+02
   endloop
 endfacet
 facet normal -6.932473e-14  1.365121e-13  1.000000e+00
   outer loop
     vertex -2.100000e+01  1.818707e+02 -1.250000e+02
     vertex -1.631419e+01  1.847708e+02 -1.250000e+02
     vertex -1.690380e+01  1.854082e+02 -1.250000e+02
   endloop
 endfacet
 facet normal -3.195298e-14  7.612873e-14  1.000000e+00
   outer loop
     vertex -2.100000e+01  1.818707e+02 -1.250000e+02
     vertex -1.579269e+01  1.844296e+02 -1.250000e+02
     vertex -1.631419e+01  1.847708e+02 -1.250000e+02
   endloop
 endfacet
 facet normal  3.003628e-15  8.436431e-15  1.000000e+00
   outer loop
     vertex -1.958579e+01  1.790422e+02 -1.250000e+02
     vertex -1.539700e+01  1.842888e+02 -1.250000e+02
     vertex -1.579269e+01  1.844296e+02 -1.250000e+02
   endloop
 endfacet
 facet normal  1.160828e-15  9.907713e-15  1.000000e+00
   outer loop
     vertex -1.958579e+01  1.790422e+02 -1.250000e+02
     vertex -1.500000e+01  1.842422e+02 -1.250000e+02
     vertex -1.539700e+01  1.842888e+02 -1.250000e+02
   endloop
 endfacet
 facet normal  4.174189e-16  1.025730e-14  1.000000e+00
   outer loop
     vertex -1.958579e+01  1.790422e+02 -1.250000e+02
     vertex -1.579269e+01  1.844296e+02 -1.250000e+02
     vertex -2.100000e+01  1.818707e+02 -1.250000e+02
   endloop
 endfacet
 facet normal  3.098892e-15  8.198570e-15  1.000000e+00
   outer loop
     vertex -1.958579e+01  1.790422e+02 -1.250000e+02
     vertex -1.041421e+01  1.790422e+02 -1.250000e+02
     vertex -1.500000e+01  1.842422e+02 -1.250000e+02
   endloop
 endfacet
 facet normal -0.000000e+00  6.390182e-15  1.000000e+00
   outer loop
     vertex -6.750000e+00  1.650422e+02 -1.250000e+02
     vertex  6.750000e+00  1.650422e+02 -1.250000e+02
     vertex  6.750000e+00  1.717138e+02 -1.250000e+02
   endloop
 endfacet
 facet normal  2.105312e-15  2.130061e-15  1.000000e+00
   outer loop
     vertex -6.750000e+00  1.650422e+02 -1.250000e+02
     vertex  6.750000e+00  1.717138e+02 -1.250000e+02
     vertex -6.750000e+00  1.717138e+02 -1.250000e+02
   endloop
 endfacet
 facet normal  3.343731e-15  7.105427e-15  1.000000e+00
   outer loop
     vertex -1.100000e+01  1.610422e+02 -1.250000e+02
     vertex -6.750000e+00  1.650422e+02 -1.250000e+02
     vertex -1.100000e+01  1.650422e+02 -1.250000e+02
   endloop
 endfacet
 facet normal  6.459479e-16  7.791747e-15  1.000000e+00
   outer loop
     vertex -1.100000e+01  1.610422e+02 -1.250000e+02
     vertex  1.100000e+01  1.610422e+02 -1.250000e+02
     vertex  6.750000e+00  1.650422e+02 -1.250000e+02
   endloop
 endfacet
 facet normal  0.000000e+00  1.065814e-14  1.000000e+00
   outer loop
     vertex -1.100000e+01  1.610422e+02 -1.250000e+02
     vertex  6.750000e+00  1.650422e+02 -1.250000e+02
     vertex -6.750000e+00  1.650422e+02 -1.250000e+02
   endloop
 endfacet
 facet normal -2.292027e-15  8.902578e-15  1.000000e+00
   outer loop
     vertex -2.466421e+01  1.745422e+02 -1.250000e+02
     vertex -1.958579e+01  1.790422e+02 -1.250000e+02
     vertex -2.100000e+01  1.818707e+02 -1.250000e+02
   endloop
 endfacet
 facet normal  1.004859e-14 -5.024296e-15  1.000000e+00
   outer loop
     vertex -2.325000e+01  1.717138e+02 -1.250000e+02
     vertex -1.958579e+01  1.790422e+02 -1.250000e+02
     vertex -2.466421e+01  1.745422e+02 -1.250000e+02
   endloop
 endfacet
 facet normal -8.520243e-15 -1.430871e-14  1.000000e+00
   outer loop
     vertex -2.800000e+01  1.745422e+02 -1.250000e+02
     vertex -2.325000e+01  1.717138e+02 -1.250000e+02
     vertex -2.466421e+01  1.745422e+02 -1.250000e+02
   endloop
 endfacet
 facet normal  0.000000e+00  3.343731e-15  1.000000e+00
   outer loop
     vertex -2.800000e+01  1.745422e+02 -1.250000e+02
     vertex -2.800000e+01  1.830422e+02 -1.250000e+02
     vertex -3.000000e+01  1.830422e+02 -1.250000e+02
   endloop
 endfacet
 facet normal  3.343731e-15  1.065814e-14  1.000000e+00
   outer loop
     vertex -2.325000e+01  1.650422e+02 -1.250000e+02
     vertex -1.900000e+01  1.610422e+02 -1.250000e+02
     vertex -1.900000e+01  1.650422e+02 -1.250000e+02
   endloop
 endfacet
 facet normal  5.921189e-15  4.736952e-15  1.000000e+00
   outer loop
     vertex -3.000000e+01  1.650422e+02 -1.250000e+02
     vertex -2.800000e+01  1.745422e+02 -1.250000e+02
     vertex -3.000000e+01  1.830422e+02 -1.250000e+02
   endloop
 endfacet
 facet normal  2.105312e-15  6.390182e-15  1.000000e+00
   outer loop
     vertex -3.000000e+01  1.650422e+02 -1.250000e+02
     vertex -2.325000e+01  1.650422e+02 -1.250000e+02
     vertex -2.325000e+01  1.717138e+02 -1.250000e+02
   endloop
 endfacet
 facet normal  3.166042e-15  5.316983e-15  1.000000e+00
   outer loop
     vertex -3.000000e+01  1.650422e+02 -1.250000e+02
     vertex -2.325000e+01  1.717138e+02 -1.250000e+02
     vertex -2.800000e+01  1.745422e+02 -1.250000e+02
   endloop
 endfacet
 facet normal  2.105312e-15  2.448133e-16  1.000000e+00
   outer loop
     vertex -2.979475e+01  1.632772e+02 -1.250000e+02
     vertex -2.325000e+01  1.650422e+02 -1.250000e+02
     vertex -3.000000e+01  1.650422e+02 -1.250000e+02
   endloop
 endfacet
 facet normal -1.578984e-15  5.427757e-15  1.000000e+00
   outer loop
     vertex -2.800000e+01  1.610422e+02 -1.250000e+02
     vertex -1.900000e+01  1.610422e+02 -1.250000e+02
     vertex -2.325000e+01  1.650422e+02 -1.250000e+02
   endloop
 endfacet
 facet normal  1.784794e-15  1.433271e-15  1.000000e+00
   outer loop
     vertex -2.800000e+01  1.610422e+02 -1.250000e+02
     vertex -2.325000e+01  1.650422e+02 -1.250000e+02
     vertex -2.979475e+01  1.632772e+02 -1.250000e+02
   endloop
 endfacet
 facet normal -0.000000e+00 -0.000000e+00  1.000000e+00
   outer loop
     vertex -2.936973e+01  1.621276e+02 -1.250000e+02
     vertex -2.800000e+01  1.610422e+02 -1.250000e+02
     vertex -2.979475e+01  1.632772e+02 -1.250000e+02
   endloop
 endfacet
 facet normal  0.000000e+00  0.000000e+00  1.000000e+00
   outer loop
     vertex -2.844886e+01  1.611443e+02 -1.250000e+02
     vertex -2.822142e+01  1.610668e+02 -1.250000e+02
     vertex -2.800000e+01  1.610422e+02 -1.250000e+02
   endloop
 endfacet
 facet normal -0.000000e+00 -0.000000e+00  1.000000e+00
   outer loop
     vertex -2.907736e+01  1.616722e+02 -1.250000e+02
     vertex -2.800000e+01  1.610422e+02 -1.250000e+02
     vertex -2.936973e+01  1.621276e+02 -1.250000e+02
   endloop
 endfacet
 facet normal  0.000000e+00  0.000000e+00  1.000000e+00
   outer loop
     vertex -2.872372e+01  1.613133e+02 -1.250000e+02
     vertex -2.844886e+01  1.611443e+02 -1.250000e+02
     vertex -2.800000e+01  1.610422e+02 -1.250000e+02
   endloop
 endfacet
 facet normal -0.000000e+00 -0.000000e+00  1.000000e+00
   outer loop
     vertex -2.872372e+01  1.613133e+02 -1.250000e+02
     vertex -2.800000e+01  1.610422e+02 -1.250000e+02
     vertex -2.907736e+01  1.616722e+02 -1.250000e+02
   endloop
 endfacet
 facet normal  6.419462e-16  4.648337e-15  1.000000e+00
   outer loop
     vertex -2.100000e+01  1.818707e+02 -1.250000e+02
     vertex -1.839524e+01  1.906825e+02 -1.250000e+02
     vertex -2.100000e+01  2.002138e+02 -1.250000e+02
   endloop
 endfacet
 facet normal  7.842378e-15  6.616107e-15  1.000000e+00
   outer loop
     vertex -1.839524e+01  1.906825e+02 -1.250000e+02
     vertex -1.829583e+01  1.927126e+02 -1.250000e+02
     vertex -2.100000e+01  2.002138e+02 -1.250000e+02
   endloop
 endfacet
 facet normal -6.697512e-15  1.374508e-15  1.000000e+00
   outer loop
     vertex -1.829583e+01  1.927126e+02 -1.250000e+02
     vertex -1.793219e+01  1.944845e+02 -1.250000e+02
     vertex -2.100000e+01  2.002138e+02 -1.250000e+02
   endloop
 endfacet
 facet normal -2.399661e-14  1.193143e-14  1.000000e+00
   outer loop
     vertex -2.100000e+01  1.818707e+02 -1.250000e+02
     vertex -1.832595e+01  1.896308e+02 -1.250000e+02
     vertex -1.839524e+01  1.906825e+02 -1.250000e+02
   endloop
 endfacet
 facet normal  3.151647e-13 -1.049391e-13  1.000000e+00
   outer loop
     vertex -2.100000e+01  1.818707e+02 -1.250000e+02
     vertex -1.824304e+01  1.882548e+02 -1.250000e+02
     vertex -1.832595e+01  1.896308e+02 -1.250000e+02
   endloop
 endfacet
 facet normal  7.808244e-14 -2.556031e-15  1.000000e+00
   outer loop
     vertex -2.100000e+01  1.818707e+02 -1.250000e+02
     vertex -1.825000e+01  1.880422e+02 -1.250000e+02
     vertex -1.824304e+01  1.882548e+02 -1.250000e+02
   endloop
 endfacet
 facet normal  5.713095e-14  6.779772e-15  1.000000e+00
   outer loop
     vertex -2.100000e+01  1.818707e+02 -1.250000e+02
     vertex -1.815973e+01  1.872816e+02 -1.250000e+02
     vertex -1.825000e+01  1.880422e+02 -1.250000e+02
   endloop
 endfacet
 facet normal -2.818196e-14  5.423060e-15  1.000000e+00
   outer loop
     vertex  2.100000e+01  2.002138e+02 -1.250000e+02
     vertex  1.837736e+01  1.918257e+02 -1.250000e+02
     vertex  2.100000e+01  1.818707e+02 -1.250000e+02
   endloop
 endfacet
 facet normal -9.544336e-14 -1.229693e-14  1.000000e+00
   outer loop
     vertex  1.837736e+01  1.918257e+02 -1.250000e+02
     vertex  1.818756e+01  1.886763e+02 -1.250000e+02
     vertex  2.100000e+01  1.818707e+02 -1.250000e+02
   endloop
 endfacet
 facet normal -8.204586e-14 -6.760345e-15  1.000000e+00
   outer loop
     vertex  1.818756e+01  1.886763e+02 -1.250000e+02
     vertex  1.824834e+01  1.879385e+02 -1.250000e+02
     vertex  2.100000e+01  1.818707e+02 -1.250000e+02
   endloop
 endfacet
 facet normal  1.442067e-14 -7.897087e-15  1.000000e+00
   outer loop
     vertex  2.100000e+01  2.002138e+02 -1.250000e+02
     vertex  1.790761e+01  1.945669e+02 -1.250000e+02
     vertex  1.837736e+01  1.918257e+02 -1.250000e+02
   endloop
 endfacet
 facet normal  5.713332e-02 -4.991833e-01  8.646108e-01
   outer loop
     vertex  2.822816e+01  1.610684e+02 -1.250000e+02
     vertex  2.800000e+01  1.610422e+02 -1.250000e+02
     vertex  2.800000e+01  8.000000e+00 -2.133590e+02
   endloop
 endfacet
 facet normal  9.010793e-02 -4.980030e-01  8.624810e-01
   outer loop
     vertex  2.822816e+01  1.610684e+02 -1.250000e+02
     vertex  2.800000e+01  8.000000e+00 -2.133590e+02
     vertex  2.835897e+01  8.000000e+00 -2.133965e+02
   endloop
 endfacet
 facet normal  2.725661e-01 -4.811043e-01  8.332145e-01
   outer loop
     vertex  2.846257e+01  1.611507e+02 -1.250000e+02
     vertex  2.835897e+01  8.000000e+00 -2.133965e+02
     vertex  2.872634e+01  8.000000e+00 -2.135167e+02
   endloop
 endfacet
 facet normal  1.729838e-01 -4.924452e-01  8.529797e-01
   outer loop
     vertex  2.846257e+01  1.611507e+02 -1.250000e+02
     vertex  2.822816e+01  1.610684e+02 -1.250000e+02
     vertex  2.835897e+01  8.000000e+00 -2.133965e+02
   endloop
 endfacet
 facet normal  2.907553e-01 -4.784089e-01  8.286050e-01
   outer loop
     vertex  2.869822e+01  1.612939e+02 -1.250000e+02
     vertex  2.846257e+01  1.611507e+02 -1.250000e+02
     vertex  2.872634e+01  8.000000e+00 -2.135167e+02
   endloop
 endfacet
 facet normal  4.624850e-01 -4.433717e-01  7.678080e-01
   outer loop
     vertex  2.892929e+01  1.615003e+02 -1.250000e+02
     vertex  2.872634e+01  8.000000e+00 -2.135167e+02
     vertex  2.911266e+01  8.000000e+00 -2.137494e+02
   endloop
 endfacet
 facet normal  4.076883e-01 -4.565524e-01  7.907908e-01
   outer loop
     vertex  2.892929e+01  1.615003e+02 -1.250000e+02
     vertex  2.869822e+01  1.612939e+02 -1.250000e+02
     vertex  2.872634e+01  8.000000e+00 -2.135167e+02
   endloop
 endfacet
 facet normal  5.207864e-01 -4.268319e-01  7.393214e-01
   outer loop
     vertex  2.914956e+01  1.617690e+02 -1.250000e+02
     vertex  2.892929e+01  1.615003e+02 -1.250000e+02
     vertex  2.911266e+01  8.000000e+00 -2.137494e+02
   endloop
 endfacet
 facet normal  6.453453e-01 -3.819708e-01  6.615344e-01
   outer loop
     vertex  2.941584e+01  1.622171e+02 -1.250000e+02
     vertex  2.911266e+01  8.000000e+00 -2.137494e+02
     vertex  2.945272e+01  8.000000e+00 -2.140811e+02
   endloop
 endfacet
 facet normal  6.438109e-01 -3.826137e-01  6.626569e-01
   outer loop
     vertex  2.941584e+01  1.622171e+02 -1.250000e+02
     vertex  2.914956e+01  1.617690e+02 -1.250000e+02
     vertex  2.911266e+01  8.000000e+00 -2.137494e+02
   endloop
 endfacet
 facet normal  8.054143e-01 -2.964196e-01  5.132673e-01
   outer loop
     vertex  2.966365e+01  1.628221e+02 -1.250000e+02
     vertex  2.945272e+01  8.000000e+00 -2.140811e+02
     vertex  2.974452e+01  8.000000e+00 -2.145390e+02
   endloop
 endfacet
 facet normal  7.735564e-01 -3.168420e-01  5.488367e-01
   outer loop
     vertex  2.966365e+01  1.628221e+02 -1.250000e+02
     vertex  2.941584e+01  1.622171e+02 -1.250000e+02
     vertex  2.945272e+01  8.000000e+00 -2.140811e+02
   endloop
 endfacet
 facet normal  9.291044e-01 -1.849830e-01  3.202284e-01
   outer loop
     vertex  2.988971e+01  1.637323e+02 -1.250000e+02
     vertex  2.974452e+01  8.000000e+00 -2.145390e+02
     vertex  2.993952e+01  8.000000e+00 -2.151048e+02
   endloop
 endfacet
 facet normal  8.955441e-01 -2.224201e-01  3.853960e-01
   outer loop
     vertex  2.988971e+01  1.637323e+02 -1.250000e+02
     vertex  2.966365e+01  1.628221e+02 -1.250000e+02
     vertex  2.974452e+01  8.000000e+00 -2.145390e+02
   endloop
 endfacet
 facet normal  9.924064e-01 -6.156652e-02  1.064852e-01
   outer loop
     vertex  2.997370e+01  1.643957e+02 -1.250000e+02
     vertex  2.993952e+01  8.000000e+00 -2.151048e+02
     vertex  3.000000e+01  8.000000e+00 -2.156684e+02
   endloop
 endfacet
 facet normal  9.693892e-01 -1.227294e-01  2.126549e-01
   outer loop
     vertex  2.997370e+01  1.643957e+02 -1.250000e+02
     vertex  2.988971e+01  1.637323e+02 -1.250000e+02
     vertex  2.993952e+01  8.000000e+00 -2.151048e+02
   endloop
 endfacet
 facet normal  9.967070e-01 -4.054383e-02  7.022397e-02
   outer loop
     vertex  3.000000e+01  1.650422e+02 -1.250000e+02
     vertex  2.997370e+01  1.643957e+02 -1.250000e+02
     vertex  3.000000e+01  8.000000e+00 -2.156684e+02
   endloop
 endfacet
 facet normal  0.000000e+00 -5.000000e-01  8.660254e-01
   outer loop
     vertex  1.900000e+01  1.610422e+02 -1.250000e+02
     vertex  1.900000e+01  8.000000e+00 -2.133590e+02
     vertex  2.800000e+01  8.000000e+00 -2.133590e+02
   endloop
 endfacet
 facet normal  0.000000e+00 -5.000000e-01  8.660254e-01
   outer loop
     vertex  1.900000e+01  1.610422e+02 -1.250000e+02
     vertex  2.800000e+01  8.000000e+00 -2.133590e+02
     vertex  2.800000e+01  1.610422e+02 -1.250000e+02
   endloop
 endfacet
 facet normal -1.000000e+00 -1.404934e-15  3.076740e-15
   outer loop
     vertex  1.900000e+01  1.610422e+02 -1.250000e+02
     vertex  1.900000e+01  8.000000e+00 -2.156684e+02
     vertex  1.900000e+01  8.000000e+00 -2.133590e+02
   endloop
 endfacet
 facet normal -1.000000e+00 -1.598721e-14  2.769066e-14
   outer loop
     vertex  1.900000e+01  1.650422e+02 -1.250000e+02
     vertex  1.900000e+01  8.000000e+00 -2.156684e+02
     vertex  1.900000e+01  1.610422e+02 -1.250000e+02
   endloop
 endfacet
 facet normal  2.360236e-15  5.000000e-01 -8.660254e-01
   outer loop
     vertex  1.900000e+01  8.000000e+00 -2.156684e+02
     vertex  1.900000e+01  1.650422e+02 -1.250000e+02
     vertex  2.325000e+01  1.650422e+02 -1.250000e+02
   endloop
 endfacet
 facet normal  2.089832e-16  5.000000e-01 -8.660254e-01
   outer loop
     vertex  1.900000e+01  8.000000e+00 -2.156684e+02
     vertex  2.325000e+01  1.650422e+02 -1.250000e+02
     vertex  2.325000e+01  8.000000e+00 -2.156684e+02
   endloop
 endfacet
 facet normal -1.000000e+00  1.103489e-14 -1.844687e-14
   outer loop
     vertex  2.325000e+01  1.650422e+02 -1.250000e+02
     vertex  2.325000e+01  8.000000e+00 -2.195202e+02
     vertex  2.325000e+01  8.000000e+00 -2.156684e+02
   endloop
 endfacet
 facet normal -1.000000e+00  2.662576e-15 -4.536543e-15
   outer loop
     vertex  2.325000e+01  1.717138e+02 -1.250000e+02
     vertex  2.325000e+01  8.000000e+00 -2.195202e+02
     vertex  2.325000e+01  1.650422e+02 -1.250000e+02
   endloop
 endfacet
 facet normal -7.071068e-01 -3.535534e-01  6.123724e-01
   outer loop
     vertex  2.325000e+01  1.717138e+02 -1.250000e+02
     vertex  1.958579e+01  8.000000e+00 -2.237513e+02
     vertex  2.325000e+01  8.000000e+00 -2.195202e+02
   endloop
 endfacet
 facet normal -7.071068e-01 -3.535534e-01  6.123724e-01
   outer loop
     vertex  1.958579e+01  1.790422e+02 -1.250000e+02
     vertex  1.958579e+01  8.000000e+00 -2.237513e+02
     vertex  2.325000e+01  1.717138e+02 -1.250000e+02
   endloop
 endfacet
 facet normal -8.033477e-15 -5.000000e-01  8.660254e-01
   outer loop
     vertex  1.958579e+01  1.790422e+02 -1.250000e+02
     vertex  1.041421e+01  8.000000e+00 -2.237513e+02
     vertex  1.958579e+01  8.000000e+00 -2.237513e+02
   endloop
 endfacet
 facet normal -6.227591e-16 -5.000000e-01  8.660254e-01
   outer loop
     vertex  1.041421e+01  1.790422e+02 -1.250000e+02
     vertex  1.041421e+01  8.000000e+00 -2.237513e+02
     vertex  1.958579e+01  1.790422e+02 -1.250000e+02
   endloop
 endfacet
 facet normal  7.071068e-01 -3.535534e-01  6.123724e-01
   outer loop
     vertex  6.750000e+00  1.717138e+02 -1.250000e+02
     vertex  6.750000e+00  8.000000e+00 -2.195202e+02
     vertex  1.041421e+01  8.000000e+00 -2.237513e+02
   endloop
 endfacet
 facet normal  7.071068e-01 -3.535534e-01  6.123724e-01
   outer loop
     vertex  1.041421e+01  1.790422e+02 -1.250000e+02
     vertex  6.750000e+00  1.717138e+02 -1.250000e+02
     vertex  1.041421e+01  8.000000e+00 -2.237513e+02
   endloop
 endfacet
 facet normal  1.000000e+00 -2.719132e-16  4.611717e-16
   outer loop
     vertex  6.750000e+00  1.650422e+02 -1.250000e+02
     vertex  6.750000e+00  8.000000e+00 -2.156684e+02
     vertex  6.750000e+00  8.000000e+00 -2.195202e+02
   endloop
 endfacet
 facet normal  1.000000e+00 -9.185886e-15  1.527145e-14
   outer loop
     vertex  6.750000e+00  1.717138e+02 -1.250000e+02
     vertex  6.750000e+00  1.650422e+02 -1.250000e+02
     vertex  6.750000e+00  8.000000e+00 -2.195202e+02
   endloop
 endfacet
 facet normal -2.360236e-15  5.000000e-01 -8.660254e-01
   outer loop
     vertex  6.750000e+00  8.000000e+00 -2.156684e+02
     vertex  6.750000e+00  1.650422e+02 -1.250000e+02
     vertex  1.100000e+01  1.650422e+02 -1.250000e+02
   endloop
 endfacet
 facet normal -5.582528e-15  5.000000e-01 -8.660254e-01
   outer loop
     vertex  6.750000e+00  8.000000e+00 -2.156684e+02
     vertex  1.100000e+01  1.650422e+02 -1.250000e+02
     vertex  1.100000e+01  8.000000e+00 -2.156684e+02
   endloop
 endfacet
 facet normal  1.000000e+00  1.733109e-14 -2.999822e-14
   outer loop
     vertex  1.100000e+01  1.610422e+02 -1.250000e+02
     vertex  1.100000e+01  8.000000e+00 -2.133590e+02
     vertex  1.100000e+01  8.000000e+00 -2.156684e+02
   endloop
 endfacet
 facet normal  1.000000e+00  2.664535e-15 -5.242048e-15
   outer loop
     vertex  1.100000e+01  1.650422e+02 -1.250000e+02
     vertex  1.100000e+01  1.610422e+02 -1.250000e+02
     vertex  1.100000e+01  8.000000e+00 -2.156684e+02
   endloop
 endfacet
 facet normal  0.000000e+00 -5.000000e-01  8.660254e-01
   outer loop
     vertex -1.100000e+01  1.610422e+02 -1.250000e+02
     vertex -1.100000e+01  8.000000e+00 -2.133590e+02
     vertex  1.100000e+01  8.000000e+00 -2.133590e+02
   endloop
 endfacet
 facet normal  5.594073e-16 -5.000000e-01  8.660254e-01
   outer loop
     vertex -1.100000e+01  1.610422e+02 -1.250000e+02
     vertex  1.100000e+01  8.000000e+00 -2.133590e+02
     vertex  1.100000e+01  1.610422e+02 -1.250000e+02
   endloop
 endfacet
 facet normal -1.000000e+00  1.236388e-15 -1.538370e-15
   outer loop
     vertex -1.100000e+01  1.610422e+02 -1.250000e+02
     vertex -1.100000e+01  8.000000e+00 -2.156684e+02
     vertex -1.100000e+01  8.000000e+00 -2.133590e+02
   endloop
 endfacet
 facet normal -1.000000e+00 -1.287859e-14  2.228678e-14
   outer loop
     vertex -1.100000e+01  1.650422e+02 -1.250000e+02
     vertex -1.100000e+01  8.000000e+00 -2.156684e+02
     vertex -1.100000e+01  1.610422e+02 -1.250000e+02
   endloop
 endfacet
 facet normal -2.360236e-15  5.000000e-01 -8.660254e-01
   outer loop
     vertex -1.100000e+01  8.000000e+00 -2.156684e+02
     vertex -1.100000e+01  1.650422e+02 -1.250000e+02
     vertex -6.750000e+00  1.650422e+02 -1.250000e+02
   endloop
 endfacet
 facet normal  0.000000e+00  5.000000e-01 -8.660254e-01
   outer loop
     vertex -1.100000e+01  8.000000e+00 -2.156684e+02
     vertex -6.750000e+00  1.650422e+02 -1.250000e+02
     vertex -6.750000e+00  8.000000e+00 -2.156684e+02
   endloop
 endfacet
 facet normal -1.000000e+00  1.075166e-14 -1.798569e-14
   outer loop
     vertex -6.750000e+00  1.650422e+02 -1.250000e+02
     vertex -6.750000e+00  8.000000e+00 -2.195202e+02
     vertex -6.750000e+00  8.000000e+00 -2.156684e+02
   endloop
 endfacet
 facet normal -1.000000e+00  2.130061e-15 -3.661183e-15
   outer loop
     vertex -6.750000e+00  1.717138e+02 -1.250000e+02
     vertex -6.750000e+00  8.000000e+00 -2.195202e+02
     vertex -6.750000e+00  1.650422e+02 -1.250000e+02
   endloop
 endfacet
 facet normal -7.071068e-01 -3.535534e-01  6.123724e-01
   outer loop
     vertex -6.750000e+00  1.717138e+02 -1.250000e+02
     vertex -1.041421e+01  8.000000e+00 -2.237513e+02
     vertex -6.750000e+00  8.000000e+00 -2.195202e+02
   endloop
 endfacet
 facet normal -7.071068e-01 -3.535534e-01  6.123724e-01
   outer loop
     vertex -1.041421e+01  1.790422e+02 -1.250000e+02
     vertex -1.041421e+01  8.000000e+00 -2.237513e+02
     vertex -6.750000e+00  1.717138e+02 -1.250000e+02
   endloop
 endfacet
 facet normal -8.033477e-15 -5.000000e-01  8.660254e-01
   outer loop
     vertex -1.958579e+01  1.790422e+02 -1.250000e+02
     vertex -1.958579e+01  8.000000e+00 -2.237513e+02
     vertex -1.041421e+01  8.000000e+00 -2.237513e+02
   endloop
 endfacet
 facet normal  2.683719e-15 -5.000000e-01  8.660254e-01
   outer loop
     vertex -1.958579e+01  1.790422e+02 -1.250000e+02
     vertex -1.041421e+01  8.000000e+00 -2.237513e+02
     vertex -1.041421e+01  1.790422e+02 -1.250000e+02
   endloop
 endfacet
 facet normal  7.071068e-01 -3.535534e-01  6.123724e-01
   outer loop
     vertex -2.325000e+01  1.717138e+02 -1.250000e+02
     vertex -2.325000e+01  8.000000e+00 -2.195202e+02
     vertex -1.958579e+01  8.000000e+00 -2.237513e+02
   endloop
 endfacet
 facet normal  7.071068e-01 -3.535534e-01  6.123724e-01
   outer loop
     vertex -1.958579e+01  1.790422e+02 -1.250000e+02
     vertex -2.325000e+01  1.717138e+02 -1.250000e+02
     vertex -1.958579e+01  8.000000e+00 -2.237513e+02
   endloop
 endfacet
 facet normal  1.000000e+00 -5.325152e-16  9.223433e-16
   outer loop
     vertex -2.325000e+01  1.650422e+02 -1.250000e+02
     vertex -2.325000e+01  8.000000e+00 -2.156684e+02
     vertex -2.325000e+01  8.000000e+00 -2.195202e+02
   endloop
 endfacet
 facet normal  1.000000e+00 -9.585273e-15  1.596320e-14
   outer loop
     vertex -2.325000e+01  1.717138e+02 -1.250000e+02
     vertex -2.325000e+01  1.650422e+02 -1.250000e+02
     vertex -2.325000e+01  8.000000e+00 -2.195202e+02
   endloop
 endfacet
 facet normal  0.000000e+00  5.000000e-01 -8.660254e-01
   outer loop
     vertex -2.325000e+01  8.000000e+00 -2.156684e+02
     vertex -2.325000e+01  1.650422e+02 -1.250000e+02
     vertex -1.900000e+01  1.650422e+02 -1.250000e+02
   endloop
 endfacet
 facet normal  0.000000e+00  5.000000e-01 -8.660254e-01
   outer loop
     vertex -2.325000e+01  8.000000e+00 -2.156684e+02
     vertex -1.900000e+01  1.650422e+02 -1.250000e+02
     vertex -1.900000e+01  8.000000e+00 -2.156684e+02
   endloop
 endfacet
 facet normal  1.000000e+00  1.598721e-14 -2.769066e-14
   outer loop
     vertex -1.900000e+01  8.000000e+00 -2.156684e+02
     vertex -1.900000e+01  1.610422e+02 -1.250000e+02
     vertex -1.900000e+01  8.000000e+00 -2.133590e+02
   endloop
 endfacet
 facet normal  1.000000e+00  1.776357e-15 -3.703678e-15
   outer loop
     vertex -1.900000e+01  8.000000e+00 -2.156684e+02
     vertex -1.900000e+01  1.650422e+02 -1.250000e+02
     vertex -1.900000e+01  1.610422e+02 -1.250000e+02
   endloop
 endfacet
 facet normal  0.000000e+00 -5.000000e-01  8.660254e-01
   outer loop
     vertex -2.800000e+01  1.610422e+02 -1.250000e+02
     vertex -2.800000e+01  8.000000e+00 -2.133590e+02
     vertex -1.900000e+01  8.000000e+00 -2.133590e+02
   endloop
 endfacet
 facet normal  9.685447e-15 -5.000000e-01  8.660254e-01
   outer loop
     vertex -2.800000e+01  1.610422e+02 -1.250000e+02
     vertex -1.900000e+01  8.000000e+00 -2.133590e+02
     vertex -1.900000e+01  1.610422e+02 -1.250000e+02
   endloop
 endfacet
 facet normal -9.779920e-01 -1.041356e-01  1.807964e-01
   outer loop
     vertex -3.000000e+01  1.650422e+02 -1.250000e+02
     vertex -2.998099e+01  8.000000e+00 -2.153508e+02
     vertex -2.992065e+01  8.000000e+00 -2.150243e+02
   endloop
 endfacet
 facet normal -9.976213e-01 -3.446671e-02  5.969809e-02
   outer loop
     vertex -3.000000e+01  1.650422e+02 -1.250000e+02
     vertex -3.000000e+01  8.000000e+00 -2.156684e+02
     vertex -2.998099e+01  8.000000e+00 -2.153508e+02
   endloop
 endfacet
 facet normal -8.206358e-01 -2.856747e-01  4.949210e-01
   outer loop
     vertex -2.979475e+01  1.632772e+02 -1.250000e+02
     vertex -2.975760e+01  8.000000e+00 -2.145664e+02
     vertex -2.950473e+01  8.000000e+00 -2.141471e+02
   endloop
 endfacet
 facet normal -9.248834e-01 -1.901594e-01  3.292872e-01
   outer loop
     vertex -2.979475e+01  1.632772e+02 -1.250000e+02
     vertex -2.992065e+01  8.000000e+00 -2.150243e+02
     vertex -2.975760e+01  8.000000e+00 -2.145664e+02
   endloop
 endfacet
 facet normal -9.739018e-01 -1.132488e-01  1.966976e-01
   outer loop
     vertex -2.979475e+01  1.632772e+02 -1.250000e+02
     vertex -3.000000e+01  1.650422e+02 -1.250000e+02
     vertex -2.992065e+01  8.000000e+00 -2.150243e+02
   endloop
 endfacet
 facet normal -6.742566e-01 -3.693082e-01  6.395229e-01
   outer loop
     vertex -2.936973e+01  1.621276e+02 -1.250000e+02
     vertex -2.950473e+01  8.000000e+00 -2.141471e+02
     vertex -2.917557e+01  8.000000e+00 -2.138000e+02
   endloop
 endfacet
 facet normal -8.039473e-01 -2.972269e-01  5.150970e-01
   outer loop
     vertex -2.936973e+01  1.621276e+02 -1.250000e+02
     vertex -2.979475e+01  1.632772e+02 -1.250000e+02
     vertex -2.950473e+01  8.000000e+00 -2.141471e+02
   endloop
 endfacet
 facet normal -4.956324e-01 -4.343126e-01  7.521444e-01
   outer loop
     vertex -2.907736e+01  1.616722e+02 -1.250000e+02
     vertex -2.917557e+01  8.000000e+00 -2.138000e+02
     vertex -2.879508e+01  8.000000e+00 -2.135493e+02
   endloop
 endfacet
 facet normal -6.143787e-01 -3.944691e-01  6.833249e-01
   outer loop
     vertex -2.907736e+01  1.616722e+02 -1.250000e+02
     vertex -2.936973e+01  1.621276e+02 -1.250000e+02
     vertex -2.917557e+01  8.000000e+00 -2.138000e+02
   endloop
 endfacet
 facet normal -2.988384e-01 -4.771843e-01  8.264325e-01
   outer loop
     vertex -2.872372e+01  1.613133e+02 -1.250000e+02
     vertex -2.879508e+01  8.000000e+00 -2.135493e+02
     vertex -2.839367e+01  8.000000e+00 -2.134042e+02
   endloop
 endfacet
 facet normal -4.524742e-01 -4.458586e-01  7.723194e-01
   outer loop
     vertex -2.872372e+01  1.613133e+02 -1.250000e+02
     vertex -2.907736e+01  1.616722e+02 -1.250000e+02
     vertex -2.879508e+01  8.000000e+00 -2.135493e+02
   endloop
 endfacet
 facet normal -2.939174e-01 -4.779392e-01  8.277600e-01
   outer loop
     vertex -2.844886e+01  1.611443e+02 -1.250000e+02
     vertex -2.872372e+01  1.613133e+02 -1.250000e+02
     vertex -2.839367e+01  8.000000e+00 -2.134042e+02
   endloop
 endfacet
 facet normal -9.889893e-02 -4.975961e-01  8.617524e-01
   outer loop
     vertex -2.822142e+01  1.610668e+02 -1.250000e+02
     vertex -2.839367e+01  8.000000e+00 -2.134042e+02
     vertex -2.800000e+01  8.000000e+00 -2.133590e+02
   endloop
 endfacet
 facet normal -1.678437e-01 -4.928948e-01  8.537466e-01
   outer loop
     vertex -2.822142e+01  1.610668e+02 -1.250000e+02
     vertex -2.844886e+01  1.611443e+02 -1.250000e+02
     vertex -2.839367e+01  8.000000e+00 -2.134042e+02
   endloop
 endfacet
 facet normal -5.543944e-02 -4.992310e-01  8.646935e-01
   outer loop
     vertex -2.800000e+01  1.610422e+02 -1.250000e+02
     vertex -2.822142e+01  1.610668e+02 -1.250000e+02
     vertex -2.800000e+01  8.000000e+00 -2.133590e+02
   endloop
 endfacet
 facet normal -1.000000e+00  3.937299e-15 -6.153481e-15
   outer loop
     vertex -3.000000e+01  1.650422e+02 -1.250000e+02
     vertex -3.000000e+01  8.000000e+00 -2.260607e+02
     vertex -3.000000e+01  8.000000e+00 -2.156684e+02
   endloop
 endfacet
 facet normal -1.000000e+00  4.144833e-15 -6.475976e-15
   outer loop
     vertex -3.000000e+01  1.830422e+02 -1.250000e+02
     vertex -3.000000e+01  8.000000e+00 -2.260607e+02
     vertex -3.000000e+01  1.650422e+02 -1.250000e+02
   endloop
 endfacet
 facet normal  0.000000e+00  5.000000e-01 -8.660254e-01
   outer loop
     vertex -2.800000e+01  8.000000e+00 -2.260607e+02
     vertex -3.000000e+01  1.830422e+02 -1.250000e+02
     vertex -2.800000e+01  1.830422e+02 -1.250000e+02
   endloop
 endfacet
 facet normal -2.461392e-14  5.000000e-01 -8.660254e-01
   outer loop
     vertex -3.000000e+01  8.000000e+00 -2.260607e+02
     vertex -3.000000e+01  1.830422e+02 -1.250000e+02
     vertex -2.800000e+01  8.000000e+00 -2.260607e+02
   endloop
 endfacet
 facet normal  1.000000e+00  0.000000e+00  0.000000e+00
   outer loop
     vertex -2.800000e+01  1.745422e+02 -1.250000e+02
     vertex -2.800000e+01  8.000000e+00 -2.211532e+02
     vertex -2.800000e+01  8.000000e+00 -2.260607e+02
   endloop
 endfacet
 facet normal  1.000000e+00 -7.941360e-15  1.308691e-14
   outer loop
     vertex -2.800000e+01  1.830422e+02 -1.250000e+02
     vertex -2.800000e+01  1.745422e+02 -1.250000e+02
     vertex -2.800000e+01  8.000000e+00 -2.260607e+02
   endloop
 endfacet
 facet normal  1.701333e-14  5.000000e-01 -8.660254e-01
   outer loop
     vertex -2.800000e+01  8.000000e+00 -2.211532e+02
     vertex -2.800000e+01  1.745422e+02 -1.250000e+02
     vertex -2.466421e+01  1.745422e+02 -1.250000e+02
   endloop
 endfacet
 facet normal  0.000000e+00  5.000000e-01 -8.660254e-01
   outer loop
     vertex -2.800000e+01  8.000000e+00 -2.211532e+02
     vertex -2.466421e+01  1.745422e+02 -1.250000e+02
     vertex -2.466421e+01  8.000000e+00 -2.211532e+02
   endloop
 endfacet
 facet normal -7.071068e-01  3.535534e-01 -6.123724e-01
   outer loop
     vertex -2.466421e+01  1.745422e+02 -1.250000e+02
     vertex -2.100000e+01  8.000000e+00 -2.253843e+02
     vertex -2.466421e+01  8.000000e+00 -2.211532e+02
   endloop
 endfacet
 facet normal -7.071068e-01  3.535534e-01 -6.123724e-01
   outer loop
     vertex -2.100000e+01  1.818707e+02 -1.250000e+02
     vertex -2.100000e+01  8.000000e+00 -2.253843e+02
     vertex -2.466421e+01  1.745422e+02 -1.250000e+02
   endloop
 endfacet
 facet normal -7.071068e-01 -3.535534e-01  6.123724e-01
   outer loop
     vertex -2.100000e+01  1.299242e+01 -2.330923e+02
     vertex -2.466421e+01  8.000000e+00 -2.402058e+02
     vertex -2.100000e+01  8.000000e+00 -2.359747e+02
   endloop
 endfacet
 facet normal -7.071068e-01 -3.535534e-01  6.123724e-01
   outer loop
     vertex -2.166234e+01  1.779506e+01 -2.310843e+02
     vertex -2.466421e+01  8.000000e+00 -2.402058e+02
     vertex -2.100000e+01  1.299242e+01 -2.330923e+02
   endloop
 endfacet
 facet normal -7.071068e-01 -3.535534e-01  6.123724e-01
   outer loop
     vertex -2.169376e+01  2.124202e+01 -2.291305e+02
     vertex -2.466421e+01  8.000000e+00 -2.402058e+02
     vertex -2.166234e+01  1.779506e+01 -2.310843e+02
   endloop
 endfacet
 facet normal -7.071068e-01 -3.535534e-01  6.123724e-01
   outer loop
     vertex -2.139495e+01  2.288022e+01 -2.278397e+02
     vertex -2.466421e+01  8.000000e+00 -2.402058e+02
     vertex -2.169376e+01  2.124202e+01 -2.291305e+02
   endloop
 endfacet
 facet normal -7.071068e-01 -3.535534e-01  6.123724e-01
   outer loop
     vertex -2.137810e+01  1.858326e+02 -1.337396e+02
     vertex -2.100000e+01  2.370456e+01 -2.269077e+02
     vertex -2.100000e+01  1.849499e+02 -1.338126e+02
   endloop
 endfacet
 facet normal -7.071068e-01 -3.535534e-01  6.123724e-01
   outer loop
     vertex -2.137810e+01  1.858326e+02 -1.337396e+02
     vertex -2.139495e+01  2.288022e+01 -2.278397e+02
     vertex -2.121346e+01  2.334336e+01 -2.273627e+02
   endloop
 endfacet
 facet normal -7.071068e-01 -3.535534e-01  6.123724e-01
   outer loop
     vertex -2.137810e+01  1.858326e+02 -1.337396e+02
     vertex -2.121346e+01  2.334336e+01 -2.273627e+02
     vertex -2.100000e+01  2.370456e+01 -2.269077e+02
   endloop
 endfacet
 facet normal -7.071068e-01 -3.535534e-01  6.123724e-01
   outer loop
     vertex -2.162835e+01  1.867665e+02 -1.334893e+02
     vertex -2.139495e+01  2.288022e+01 -2.278397e+02
     vertex -2.137810e+01  1.858326e+02 -1.337396e+02
   endloop
 endfacet
 facet normal -7.071068e-01 -3.535534e-01  6.123724e-01
   outer loop
     vertex -2.466421e+01  2.075422e+02 -1.250000e+02
     vertex -2.171973e+01  1.874037e+02 -1.332270e+02
     vertex -2.175000e+01  1.880422e+02 -1.328933e+02
   endloop
 endfacet
 facet normal -7.071068e-01 -3.535534e-01  6.123724e-01
   outer loop
     vertex -2.466421e+01  2.075422e+02 -1.250000e+02
     vertex -2.175000e+01  1.880422e+02 -1.328933e+02
     vertex -2.166561e+01  1.891063e+02 -1.321815e+02
   endloop
 endfacet
 facet normal -7.071068e-01 -3.535534e-01  6.123724e-01
   outer loop
     vertex -2.466421e+01  2.075422e+02 -1.250000e+02
     vertex -2.166561e+01  1.891063e+02 -1.321815e+02
     vertex -2.141244e+01  1.901501e+02 -1.312865e+02
   endloop
 endfacet
 facet normal -7.071068e-01 -3.535534e-01  6.123724e-01
   outer loop
     vertex -2.466421e+01  2.075422e+02 -1.250000e+02
     vertex -2.141244e+01  1.901501e+02 -1.312865e+02
     vertex -2.100000e+01  1.911346e+02 -1.302419e+02
   endloop
 endfacet
 facet normal -7.071068e-01 -3.535534e-01  6.123724e-01
   outer loop
     vertex -2.466421e+01  2.075422e+02 -1.250000e+02
     vertex -2.100000e+01  1.911346e+02 -1.302419e+02
     vertex -2.100000e+01  2.002138e+02 -1.250000e+02
   endloop
 endfacet
 facet normal -7.071068e-01 -3.535534e-01  6.123724e-01
   outer loop
     vertex -2.466421e+01  2.075422e+02 -1.250000e+02
     vertex -2.466421e+01  8.000000e+00 -2.402058e+02
     vertex -2.171973e+01  1.874037e+02 -1.332270e+02
   endloop
 endfacet
 facet normal -7.071068e-01 -3.535534e-01  6.123724e-01
   outer loop
     vertex -2.171973e+01  1.874037e+02 -1.332270e+02
     vertex -2.466421e+01  8.000000e+00 -2.402058e+02
     vertex -2.162835e+01  1.867665e+02 -1.334893e+02
   endloop
 endfacet
 facet normal -7.071068e-01 -3.535534e-01  6.123724e-01
   outer loop
     vertex -2.162835e+01  1.867665e+02 -1.334893e+02
     vertex -2.466421e+01  8.000000e+00 -2.402058e+02
     vertex -2.139495e+01  2.288022e+01 -2.278397e+02
   endloop
 endfacet
 facet normal  0.000000e+00 -5.000000e-01  8.660254e-01
   outer loop
     vertex -2.800000e+01  2.075422e+02 -1.250000e+02
     vertex -2.800000e+01  8.000000e+00 -2.402058e+02
     vertex -2.466421e+01  8.000000e+00 -2.402058e+02
   endloop
 endfacet
 facet normal  5.707480e-16 -5.000000e-01  8.660254e-01
   outer loop
     vertex -2.800000e+01  2.075422e+02 -1.250000e+02
     vertex -2.466421e+01  8.000000e+00 -2.402058e+02
     vertex -2.466421e+01  2.075422e+02 -1.250000e+02
   endloop
 endfacet
 facet normal  1.000000e+00  9.613225e-15 -1.665059e-14
   outer loop
     vertex -2.800000e+01  1.990422e+02 -1.250000e+02
     vertex -2.800000e+01  8.000000e+00 -2.352983e+02
     vertex -2.800000e+01  8.000000e+00 -2.402058e+02
   endloop
 endfacet
 facet normal  1.000000e+00  8.359326e-16 -2.095475e-15
   outer loop
     vertex -2.800000e+01  2.075422e+02 -1.250000e+02
     vertex -2.800000e+01  1.990422e+02 -1.250000e+02
     vertex -2.800000e+01  8.000000e+00 -2.402058e+02
   endloop
 endfacet
 facet normal  0.000000e+00 -5.000000e-01  8.660254e-01
   outer loop
     vertex -3.000000e+01  1.990422e+02 -1.250000e+02
     vertex -3.000000e+01  8.000000e+00 -2.352983e+02
     vertex -2.800000e+01  8.000000e+00 -2.352983e+02
   endloop
 endfacet
 facet normal  7.105427e-15 -5.000000e-01  8.660254e-01
   outer loop
     vertex -3.000000e+01  1.990422e+02 -1.250000e+02
     vertex -2.800000e+01  8.000000e+00 -2.352983e+02
     vertex -2.800000e+01  1.990422e+02 -1.250000e+02
   endloop
 endfacet
 facet normal -1.000000e+00  5.522224e-15 -8.888361e-15
   outer loop
     vertex -3.000000e+01  1.990422e+02 -1.250000e+02
     vertex -3.000000e+01  8.000000e+00 -2.456906e+02
     vertex -3.000000e+01  8.000000e+00 -2.352983e+02
   endloop
 endfacet
 facet normal -1.000000e+00  5.329071e-15 -8.582617e-15
   outer loop
     vertex -3.000000e+01  2.170422e+02 -1.250000e+02
     vertex -3.000000e+01  8.000000e+00 -2.456906e+02
     vertex -3.000000e+01  1.990422e+02 -1.250000e+02
   endloop
 endfacet
 facet normal -5.713332e-02  4.991833e-01 -8.646108e-01
   outer loop
     vertex -2.822816e+01  2.210161e+02 -1.250000e+02
     vertex -2.800000e+01  2.210422e+02 -1.250000e+02
     vertex -2.800000e+01  8.000000e+00 -2.480000e+02
   endloop
 endfacet
 facet normal -9.011173e-02  4.979392e-01 -8.625175e-01
   outer loop
     vertex -2.822816e+01  2.210161e+02 -1.250000e+02
     vertex -2.800000e+01  8.000000e+00 -2.480000e+02
     vertex -2.835897e+01  8.000000e+00 -2.479625e+02
   endloop
 endfacet
 facet normal -2.725769e-01  4.810412e-01 -8.332474e-01
   outer loop
     vertex -2.846257e+01  2.209338e+02 -1.250000e+02
     vertex -2.835897e+01  8.000000e+00 -2.479625e+02
     vertex -2.872634e+01  8.000000e+00 -2.478423e+02
   endloop
 endfacet
 facet normal -1.729938e-01  4.924738e-01 -8.529611e-01
   outer loop
     vertex -2.846257e+01  2.209338e+02 -1.250000e+02
     vertex -2.822816e+01  2.210161e+02 -1.250000e+02
     vertex -2.835897e+01  8.000000e+00 -2.479625e+02
   endloop
 endfacet
 facet normal -2.907456e-01  4.783929e-01 -8.286177e-01
   outer loop
     vertex -2.869822e+01  2.207906e+02 -1.250000e+02
     vertex -2.846257e+01  2.209338e+02 -1.250000e+02
     vertex -2.872634e+01  8.000000e+00 -2.478423e+02
   endloop
 endfacet
 facet normal -4.625124e-01  4.432644e-01 -7.678534e-01
   outer loop
     vertex -2.892929e+01  2.205842e+02 -1.250000e+02
     vertex -2.872634e+01  8.000000e+00 -2.478423e+02
     vertex -2.911266e+01  8.000000e+00 -2.476096e+02
   endloop
 endfacet
 facet normal -4.076988e-01  4.565641e-01 -7.907786e-01
   outer loop
     vertex -2.892929e+01  2.205842e+02 -1.250000e+02
     vertex -2.869822e+01  2.207906e+02 -1.250000e+02
     vertex -2.872634e+01  8.000000e+00 -2.478423e+02
   endloop
 endfacet
 facet normal -5.208043e-01  4.268465e-01 -7.393003e-01
   outer loop
     vertex -2.914956e+01  2.203155e+02 -1.250000e+02
     vertex -2.892929e+01  2.205842e+02 -1.250000e+02
     vertex -2.911266e+01  8.000000e+00 -2.476096e+02
   endloop
 endfacet
 facet normal -6.453596e-01  3.819211e-01 -6.615491e-01
   outer loop
     vertex -2.941584e+01  2.198674e+02 -1.250000e+02
     vertex -2.911266e+01  8.000000e+00 -2.476096e+02
     vertex -2.945272e+01  8.000000e+00 -2.472779e+02
   endloop
 endfacet
 facet normal -6.437745e-01  3.825921e-01 -6.627048e-01
   outer loop
     vertex -2.941584e+01  2.198674e+02 -1.250000e+02
     vertex -2.914956e+01  2.203155e+02 -1.250000e+02
     vertex -2.911266e+01  8.000000e+00 -2.476096e+02
   endloop
 endfacet
 facet normal -8.054492e-01  2.962859e-01 -5.132896e-01
   outer loop
     vertex -2.966365e+01  2.192624e+02 -1.250000e+02
     vertex -2.945272e+01  8.000000e+00 -2.472779e+02
     vertex -2.974452e+01  8.000000e+00 -2.468200e+02
   endloop
 endfacet
 facet normal -7.735932e-01  3.168571e-01 -5.487760e-01
   outer loop
     vertex -2.966365e+01  2.192624e+02 -1.250000e+02
     vertex -2.941584e+01  2.198674e+02 -1.250000e+02
     vertex -2.945272e+01  8.000000e+00 -2.472779e+02
   endloop
 endfacet
 facet normal -9.291341e-01  1.848165e-01 -3.202386e-01
   outer loop
     vertex -2.988971e+01  2.183522e+02 -1.250000e+02
     vertex -2.974452e+01  8.000000e+00 -2.468200e+02
     vertex -2.993952e+01  8.000000e+00 -2.462542e+02
   endloop
 endfacet
 facet normal -8.956358e-01  2.224429e-01 -3.851698e-01
   outer loop
     vertex -2.988971e+01  2.183522e+02 -1.250000e+02
     vertex -2.966365e+01  2.192624e+02 -1.250000e+02
     vertex -2.974452e+01  8.000000e+00 -2.468200e+02
   endloop
 endfacet
 facet normal -9.924157e-01  6.141473e-02 -1.064862e-01
   outer loop
     vertex -2.997370e+01  2.176888e+02 -1.250000e+02
     vertex -2.993952e+01  8.000000e+00 -2.462542e+02
     vertex -3.000000e+01  8.000000e+00 -2.456906e+02
   endloop
 endfacet
 facet normal -9.694184e-01  1.227331e-01 -2.125195e-01
   outer loop
     vertex -2.997370e+01  2.176888e+02 -1.250000e+02
     vertex -2.988971e+01  2.183522e+02 -1.250000e+02
     vertex -2.993952e+01  8.000000e+00 -2.462542e+02
   endloop
 endfacet
 facet normal -9.967070e-01  4.054383e-02 -7.022397e-02
   outer loop
     vertex -3.000000e+01  2.170422e+02 -1.250000e+02
     vertex -2.997370e+01  2.176888e+02 -1.250000e+02
     vertex -3.000000e+01  8.000000e+00 -2.456906e+02
   endloop
 endfacet
 facet normal -2.579808e-15  5.000000e-01 -8.660254e-01
   outer loop
     vertex -1.900000e+01  1.934794e+02 -1.409134e+02
     vertex -2.800000e+01  2.210422e+02 -1.250000e+02
     vertex -1.900000e+01  2.210422e+02 -1.250000e+02
   endloop
 endfacet
 facet normal -8.386200e-15  5.000000e-01 -8.660254e-01
   outer loop
     vertex -2.012368e+01  1.924366e+02 -1.415155e+02
     vertex -2.800000e+01  2.210422e+02 -1.250000e+02
     vertex -1.900000e+01  1.934794e+02 -1.409134e+02
   endloop
 endfacet
 facet normal  2.386108e-15  5.000000e-01 -8.660254e-01
   outer loop
     vertex -2.104687e+01  1.910419e+02 -1.423207e+02
     vertex -2.800000e+01  2.210422e+02 -1.250000e+02
     vertex -2.012368e+01  1.924366e+02 -1.415155e+02
   endloop
 endfacet
 facet normal  8.527081e-16  5.000000e-01 -8.660254e-01
   outer loop
     vertex -2.161972e+01  1.893620e+02 -1.432906e+02
     vertex -2.800000e+01  2.210422e+02 -1.250000e+02
     vertex -2.104687e+01  1.910419e+02 -1.423207e+02
   endloop
 endfacet
 facet normal  1.544001e-14  5.000000e-01 -8.660254e-01
   outer loop
     vertex -2.173157e+01  1.875438e+02 -1.443403e+02
     vertex -2.800000e+01  2.210422e+02 -1.250000e+02
     vertex -2.161972e+01  1.893620e+02 -1.432906e+02
   endloop
 endfacet
 facet normal  0.000000e+00  5.000000e-01 -8.660254e-01
   outer loop
     vertex -1.900000e+01  4.859432e+01 -2.245629e+02
     vertex -2.057787e+01  1.842410e+02 -1.462472e+02
     vertex -1.983101e+01  1.833280e+02 -1.467743e+02
   endloop
 endfacet
 facet normal  1.414546e-14  5.000000e-01 -8.660254e-01
   outer loop
     vertex -1.900000e+01  4.859432e+01 -2.245629e+02
     vertex -1.983101e+01  1.833280e+02 -1.467743e+02
     vertex -1.900000e+01  1.826051e+02 -1.471917e+02
   endloop
 endfacet
 facet normal -7.211302e-15  5.000000e-01 -8.660254e-01
   outer loop
     vertex -2.800000e+01  8.000000e+00 -2.480000e+02
     vertex -2.174443e+01  3.965161e+01 -2.297259e+02
     vertex -2.144576e+01  3.570648e+01 -2.320037e+02
   endloop
 endfacet
 facet normal -6.948242e-15  5.000000e-01 -8.660254e-01
   outer loop
     vertex -2.800000e+01  8.000000e+00 -2.480000e+02
     vertex -2.144576e+01  3.570648e+01 -2.320037e+02
     vertex -2.046059e+01  3.230426e+01 -2.339679e+02
   endloop
 endfacet
 facet normal -1.606614e-14  5.000000e-01 -8.660254e-01
   outer loop
     vertex -2.800000e+01  8.000000e+00 -2.480000e+02
     vertex -2.046059e+01  3.230426e+01 -2.339679e+02
     vertex -1.976355e+01  3.089360e+01 -2.347824e+02
   endloop
 endfacet
 facet normal  1.101241e-14  5.000000e-01 -8.660254e-01
   outer loop
     vertex -2.800000e+01  8.000000e+00 -2.480000e+02
     vertex -1.976355e+01  3.089360e+01 -2.347824e+02
     vertex -1.900000e+01  2.975951e+01 -2.354371e+02
   endloop
 endfacet
 facet normal  1.106655e-14  5.000000e-01 -8.660254e-01
   outer loop
     vertex -2.800000e+01  8.000000e+00 -2.480000e+02
     vertex -1.900000e+01  2.975951e+01 -2.354371e+02
     vertex -1.900000e+01  8.000000e+00 -2.480000e+02
   endloop
 endfacet
 facet normal  4.728119e-15  5.000000e-01 -8.660254e-01
   outer loop
     vertex -2.800000e+01  8.000000e+00 -2.480000e+02
     vertex -2.800000e+01  2.210422e+02 -1.250000e+02
     vertex -2.174443e+01  3.965161e+01 -2.297259e+02
   endloop
 endfacet
 facet normal -3.369502e-14  5.000000e-01 -8.660254e-01
   outer loop
     vertex -2.174443e+01  3.965161e+01 -2.297259e+02
     vertex -2.800000e+01  2.210422e+02 -1.250000e+02
     vertex -2.134250e+01  4.317760e+01 -2.276902e+02
   endloop
 endfacet
 facet normal  2.155317e-14  5.000000e-01 -8.660254e-01
   outer loop
     vertex -2.134250e+01  4.317760e+01 -2.276902e+02
     vertex -2.800000e+01  2.210422e+02 -1.250000e+02
     vertex -2.034298e+01  4.632150e+01 -2.258751e+02
   endloop
 endfacet
 facet normal -4.492128e-15  5.000000e-01 -8.660254e-01
   outer loop
     vertex -2.034298e+01  4.632150e+01 -2.258751e+02
     vertex -2.800000e+01  2.210422e+02 -1.250000e+02
     vertex -1.900000e+01  4.859432e+01 -2.245629e+02
   endloop
 endfacet
 facet normal -6.062764e-15  5.000000e-01 -8.660254e-01
   outer loop
     vertex -1.900000e+01  4.859432e+01 -2.245629e+02
     vertex -2.800000e+01  2.210422e+02 -1.250000e+02
     vertex -2.173157e+01  1.875438e+02 -1.443403e+02
   endloop
 endfacet
 facet normal  3.357342e-14  5.000000e-01 -8.660254e-01
   outer loop
     vertex -1.900000e+01  4.859432e+01 -2.245629e+02
     vertex -2.173157e+01  1.875438e+02 -1.443403e+02
     vertex -2.135919e+01  1.857788e+02 -1.453594e+02
   endloop
 endfacet
 facet normal -1.521190e-14  5.000000e-01 -8.660254e-01
   outer loop
     vertex -1.900000e+01  4.859432e+01 -2.245629e+02
     vertex -2.135919e+01  1.857788e+02 -1.453594e+02
     vertex -2.057787e+01  1.842410e+02 -1.462472e+02
   endloop
 endfacet
 facet normal  5.543829e-15 -5.000000e-01  8.660254e-01
   outer loop
     vertex -1.900000e+01  2.575951e+01 -2.354371e+02
     vertex -2.325000e+01  8.000000e+00 -2.456906e+02
     vertex -1.900000e+01  8.000000e+00 -2.456906e+02
   endloop
 endfacet
 facet normal -1.239504e-14 -5.000000e-01  8.660254e-01
   outer loop
     vertex -2.034298e+01  2.803233e+01 -2.341249e+02
     vertex -2.325000e+01  8.000000e+00 -2.456906e+02
     vertex -1.900000e+01  2.575951e+01 -2.354371e+02
   endloop
 endfacet
 facet normal  2.152300e-14 -5.000000e-01  8.660254e-01
   outer loop
     vertex -2.134250e+01  3.117622e+01 -2.323098e+02
     vertex -2.325000e+01  8.000000e+00 -2.456906e+02
     vertex -2.034298e+01  2.803233e+01 -2.341249e+02
   endloop
 endfacet
 facet normal  4.718365e-14 -5.000000e-01  8.660254e-01
   outer loop
     vertex -2.174443e+01  3.470222e+01 -2.302741e+02
     vertex -2.325000e+01  8.000000e+00 -2.456906e+02
     vertex -2.134250e+01  3.117622e+01 -2.323098e+02
   endloop
 endfacet
 facet normal  2.380759e-15 -5.000000e-01  8.660254e-01
   outer loop
     vertex -2.012368e+01  1.836479e+02 -1.442802e+02
     vertex -1.900000e+01  4.459432e+01 -2.245629e+02
     vertex -1.900000e+01  1.826051e+02 -1.448823e+02
   endloop
 endfacet
 facet normal -3.703172e-15 -5.000000e-01  8.660254e-01
   outer loop
     vertex -2.325000e+01  2.170422e+02 -1.250000e+02
     vertex -2.173157e+01  1.885407e+02 -1.414554e+02
     vertex -2.135919e+01  1.903057e+02 -1.404364e+02
   endloop
 endfacet
 facet normal  3.102922e-14 -5.000000e-01  8.660254e-01
   outer loop
     vertex -2.325000e+01  2.170422e+02 -1.250000e+02
     vertex -2.135919e+01  1.903057e+02 -1.404364e+02
     vertex -2.057787e+01  1.918435e+02 -1.395485e+02
   endloop
 endfacet
 facet normal -1.620892e-14 -5.000000e-01  8.660254e-01
   outer loop
     vertex -2.325000e+01  2.170422e+02 -1.250000e+02
     vertex -2.057787e+01  1.918435e+02 -1.395485e+02
     vertex -1.983101e+01  1.927565e+02 -1.390214e+02
   endloop
 endfacet
 facet normal  0.000000e+00 -5.000000e-01  8.660254e-01
   outer loop
     vertex -2.325000e+01  2.170422e+02 -1.250000e+02
     vertex -1.983101e+01  1.927565e+02 -1.390214e+02
     vertex -1.900000e+01  1.934794e+02 -1.386040e+02
   endloop
 endfacet
 facet normal  3.791705e-15 -5.000000e-01  8.660254e-01
   outer loop
     vertex -2.325000e+01  2.170422e+02 -1.250000e+02
     vertex -1.900000e+01  1.934794e+02 -1.386040e+02
     vertex -1.900000e+01  2.170422e+02 -1.250000e+02
   endloop
 endfacet
 facet normal -1.001053e-14 -5.000000e-01  8.660254e-01
   outer loop
     vertex -2.325000e+01  2.170422e+02 -1.250000e+02
     vertex -2.325000e+01  8.000000e+00 -2.456906e+02
     vertex -2.174443e+01  3.470222e+01 -2.302741e+02
   endloop
 endfacet
 facet normal  0.000000e+00 -5.000000e-01  8.660254e-01
   outer loop
     vertex -2.325000e+01  2.170422e+02 -1.250000e+02
     vertex -2.174443e+01  3.470222e+01 -2.302741e+02
     vertex -2.144576e+01  3.864735e+01 -2.279963e+02
   endloop
 endfacet
 facet normal  0.000000e+00 -5.000000e-01  8.660254e-01
   outer loop
     vertex -2.325000e+01  2.170422e+02 -1.250000e+02
     vertex -2.144576e+01  3.864735e+01 -2.279963e+02
     vertex -2.046059e+01  4.204956e+01 -2.260321e+02
   endloop
 endfacet
 facet normal  0.000000e+00 -5.000000e-01  8.660254e-01
   outer loop
     vertex -2.325000e+01  2.170422e+02 -1.250000e+02
     vertex -2.046059e+01  4.204956e+01 -2.260321e+02
     vertex -1.976355e+01  4.346023e+01 -2.252176e+02
   endloop
 endfacet
 facet normal  2.308246e-14 -5.000000e-01  8.660254e-01
   outer loop
     vertex -2.325000e+01  2.170422e+02 -1.250000e+02
     vertex -1.976355e+01  4.346023e+01 -2.252176e+02
     vertex -1.900000e+01  4.459432e+01 -2.245629e+02
   endloop
 endfacet
 facet normal  1.959062e-14 -5.000000e-01  8.660254e-01
   outer loop
     vertex -2.325000e+01  2.170422e+02 -1.250000e+02
     vertex -1.900000e+01  4.459432e+01 -2.245629e+02
     vertex -2.173157e+01  1.885407e+02 -1.414554e+02
   endloop
 endfacet
 facet normal -7.737063e-14 -5.000000e-01  8.660254e-01
   outer loop
     vertex -2.173157e+01  1.885407e+02 -1.414554e+02
     vertex -1.900000e+01  4.459432e+01 -2.245629e+02
     vertex -2.161972e+01  1.867224e+02 -1.425051e+02
   endloop
 endfacet
 facet normal  2.876345e-15 -5.000000e-01  8.660254e-01
   outer loop
     vertex -2.161972e+01  1.867224e+02 -1.425051e+02
     vertex -1.900000e+01  4.459432e+01 -2.245629e+02
     vertex -2.104687e+01  1.850426e+02 -1.434750e+02
   endloop
 endfacet
 facet normal -2.911609e-16 -5.000000e-01  8.660254e-01
   outer loop
     vertex -2.104687e+01  1.850426e+02 -1.434750e+02
     vertex -1.900000e+01  4.459432e+01 -2.245629e+02
     vertex -2.012368e+01  1.836479e+02 -1.442802e+02
   endloop
 endfacet
 facet normal  1.000000e+00 -5.325152e-16  9.223433e-16
   outer loop
     vertex -2.325000e+01  8.000000e+00 -2.456906e+02
     vertex -2.325000e+01  2.103707e+02 -1.250000e+02
     vertex -2.325000e+01  8.000000e+00 -2.418388e+02
   endloop
 endfacet
 facet normal  1.000000e+00 -1.171533e-14  1.967339e-14
   outer loop
     vertex -2.325000e+01  8.000000e+00 -2.456906e+02
     vertex -2.325000e+01  2.170422e+02 -1.250000e+02
     vertex -2.325000e+01  2.103707e+02 -1.250000e+02
   endloop
 endfacet
 facet normal  7.071068e-01  3.535534e-01 -6.123724e-01
   outer loop
     vertex -2.325000e+01  8.000000e+00 -2.418388e+02
     vertex -1.958579e+01  1.259792e+01 -2.349531e+02
     vertex -1.958579e+01  8.000000e+00 -2.376077e+02
   endloop
 endfacet
 facet normal  7.071068e-01  3.535534e-01 -6.123724e-01
   outer loop
     vertex -2.083970e+01  1.782121e+01 -2.333853e+02
     vertex -1.958579e+01  1.259792e+01 -2.349531e+02
     vertex -2.325000e+01  8.000000e+00 -2.418388e+02
   endloop
 endfacet
 facet normal  7.071068e-01  3.535534e-01 -6.123724e-01
   outer loop
     vertex -2.161408e+01  2.289914e+01 -2.313477e+02
     vertex -2.083970e+01  1.782121e+01 -2.333853e+02
     vertex -2.325000e+01  8.000000e+00 -2.418388e+02
   endloop
 endfacet
 facet normal  7.071068e-01  3.535534e-01 -6.123724e-01
   outer loop
     vertex -2.174372e+01  2.599695e+01 -2.297089e+02
     vertex -2.161408e+01  2.289914e+01 -2.313477e+02
     vertex -2.325000e+01  8.000000e+00 -2.418388e+02
   endloop
 endfacet
 facet normal  7.071068e-01  3.535534e-01 -6.123724e-01
   outer loop
     vertex -1.958579e+01  1.830892e+02 -1.365199e+02
     vertex -1.958579e+01  2.975591e+01 -2.250469e+02
     vertex -1.999493e+01  2.985901e+01 -2.254598e+02
   endloop
 endfacet
 facet normal  7.071068e-01  3.535534e-01 -6.123724e-01
   outer loop
     vertex -2.021132e+01  1.837522e+02 -1.368594e+02
     vertex -1.999493e+01  2.985901e+01 -2.254598e+02
     vertex -2.034208e+01  2.983611e+01 -2.258739e+02
   endloop
 endfacet
 facet normal  7.071068e-01  3.535534e-01 -6.123724e-01
   outer loop
     vertex -2.021132e+01  1.837522e+02 -1.368594e+02
     vertex -1.958579e+01  1.830892e+02 -1.365199e+02
     vertex -1.999493e+01  2.985901e+01 -2.254598e+02
   endloop
 endfacet
 facet normal  7.071068e-01  3.535534e-01 -6.123724e-01
   outer loop
     vertex -2.075098e+01  1.845083e+02 -1.370460e+02
     vertex -2.034208e+01  2.983611e+01 -2.258739e+02
     vertex -2.063248e+01  2.971336e+01 -2.262801e+02
   endloop
 endfacet
 facet normal  7.071068e-01  3.535534e-01 -6.123724e-01
   outer loop
     vertex -2.075098e+01  1.845083e+02 -1.370460e+02
     vertex -2.063248e+01  2.971336e+01 -2.262801e+02
     vertex -2.089759e+01  2.948760e+01 -2.267166e+02
   endloop
 endfacet
 facet normal  7.071068e-01  3.535534e-01 -6.123724e-01
   outer loop
     vertex -2.075098e+01  1.845083e+02 -1.370460e+02
     vertex -2.021132e+01  1.837522e+02 -1.368594e+02
     vertex -2.034208e+01  2.983611e+01 -2.258739e+02
   endloop
 endfacet
 facet normal  7.071068e-01  3.535534e-01 -6.123724e-01
   outer loop
     vertex -2.118533e+01  1.853396e+02 -1.370676e+02
     vertex -2.089759e+01  2.948760e+01 -2.267166e+02
     vertex -2.113322e+01  2.915424e+01 -2.271811e+02
   endloop
 endfacet
 facet normal  7.071068e-01  3.535534e-01 -6.123724e-01
   outer loop
     vertex -2.118533e+01  1.853396e+02 -1.370676e+02
     vertex -2.075098e+01  1.845083e+02 -1.370460e+02
     vertex -2.089759e+01  2.948760e+01 -2.267166e+02
   endloop
 endfacet
 facet normal  7.071068e-01  3.535534e-01 -6.123724e-01
   outer loop
     vertex -2.150025e+01  1.862231e+02 -1.369212e+02
     vertex -2.113322e+01  2.915424e+01 -2.271811e+02
     vertex -2.139476e+01  2.853769e+01 -2.278391e+02
   endloop
 endfacet
 facet normal  7.071068e-01  3.535534e-01 -6.123724e-01
   outer loop
     vertex -2.150025e+01  1.862231e+02 -1.369212e+02
     vertex -2.118533e+01  1.853396e+02 -1.370676e+02
     vertex -2.113322e+01  2.915424e+01 -2.271811e+02
   endloop
 endfacet
 facet normal  7.071068e-01  3.535534e-01 -6.123724e-01
   outer loop
     vertex -1.958579e+01  2.030422e+02 -1.250000e+02
     vertex -1.958579e+01  1.929953e+02 -1.308006e+02
     vertex -2.075098e+01  1.915762e+02 -1.329654e+02
   endloop
 endfacet
 facet normal  7.071068e-01  3.535534e-01 -6.123724e-01
   outer loop
     vertex -2.325000e+01  2.103707e+02 -1.250000e+02
     vertex -2.075098e+01  1.915762e+02 -1.329654e+02
     vertex -2.150025e+01  1.898614e+02 -1.348206e+02
   endloop
 endfacet
 facet normal  7.071068e-01  3.535534e-01 -6.123724e-01
   outer loop
     vertex -2.325000e+01  2.103707e+02 -1.250000e+02
     vertex -2.150025e+01  1.898614e+02 -1.348206e+02
     vertex -2.168845e+01  1.889517e+02 -1.355631e+02
   endloop
 endfacet
 facet normal  7.071068e-01  3.535534e-01 -6.123724e-01
   outer loop
     vertex -2.325000e+01  2.103707e+02 -1.250000e+02
     vertex -2.168845e+01  1.889517e+02 -1.355631e+02
     vertex -2.175000e+01  1.880422e+02 -1.361593e+02
   endloop
 endfacet
 facet normal  7.071068e-01  3.535534e-01 -6.123724e-01
   outer loop
     vertex -2.325000e+01  2.103707e+02 -1.250000e+02
     vertex -1.958579e+01  2.030422e+02 -1.250000e+02
     vertex -2.075098e+01  1.915762e+02 -1.329654e+02
   endloop
 endfacet
 facet normal  7.071068e-01  3.535534e-01 -6.123724e-01
   outer loop
     vertex -2.325000e+01  8.000000e+00 -2.418388e+02
     vertex -2.325000e+01  2.103707e+02 -1.250000e+02
     vertex -2.175000e+01  1.880422e+02 -1.361593e+02
   endloop
 endfacet
 facet normal  7.071068e-01  3.535534e-01 -6.123724e-01
   outer loop
     vertex -2.325000e+01  8.000000e+00 -2.418388e+02
     vertex -2.175000e+01  1.880422e+02 -1.361593e+02
     vertex -2.168845e+01  1.871328e+02 -1.366133e+02
   endloop
 endfacet
 facet normal  7.071068e-01  3.535534e-01 -6.123724e-01
   outer loop
     vertex -2.325000e+01  8.000000e+00 -2.418388e+02
     vertex -2.168845e+01  1.871328e+02 -1.366133e+02
     vertex -2.150025e+01  1.862231e+02 -1.369212e+02
   endloop
 endfacet
 facet normal  7.071068e-01  3.535534e-01 -6.123724e-01
   outer loop
     vertex -2.325000e+01  8.000000e+00 -2.418388e+02
     vertex -2.150025e+01  1.862231e+02 -1.369212e+02
     vertex -2.174372e+01  2.599695e+01 -2.297089e+02
   endloop
 endfacet
 facet normal  7.071068e-01  3.535534e-01 -6.123724e-01
   outer loop
     vertex -2.174372e+01  2.599695e+01 -2.297089e+02
     vertex -2.150025e+01  1.862231e+02 -1.369212e+02
     vertex -2.160778e+01  2.760822e+01 -2.286217e+02
   endloop
 endfacet
 facet normal  7.071068e-01  3.535534e-01 -6.123724e-01
   outer loop
     vertex -2.160778e+01  2.760822e+01 -2.286217e+02
     vertex -2.150025e+01  1.862231e+02 -1.369212e+02
     vertex -2.139476e+01  2.853769e+01 -2.278391e+02
   endloop
 endfacet
 facet normal -7.071068e-01  3.535534e-01 -6.123724e-01
   outer loop
     vertex -1.041421e+01  1.259792e+01 -2.349531e+02
     vertex -6.750000e+00  8.000000e+00 -2.418388e+02
     vertex -1.041421e+01  8.000000e+00 -2.376077e+02
   endloop
 endfacet
 facet normal -7.071068e-01  3.535534e-01 -6.123724e-01
   outer loop
     vertex -9.059066e+00  1.833713e+01 -2.332043e+02
     vertex -6.750000e+00  8.000000e+00 -2.418388e+02
     vertex -1.041421e+01  1.259792e+01 -2.349531e+02
   endloop
 endfacet
 facet normal -7.071068e-01  3.535534e-01 -6.123724e-01
   outer loop
     vertex -8.350223e+00  2.329768e+01 -2.311589e+02
     vertex -6.750000e+00  8.000000e+00 -2.418388e+02
     vertex -9.059066e+00  1.833713e+01 -2.332043e+02
   endloop
 endfacet
 facet normal -7.071068e-01  3.535534e-01 -6.123724e-01
   outer loop
     vertex -8.288771e+00  2.667908e+01 -2.292776e+02
     vertex -6.750000e+00  8.000000e+00 -2.418388e+02
     vertex -8.350223e+00  2.329768e+01 -2.311589e+02
   endloop
 endfacet
 facet normal -7.071068e-01  3.535534e-01 -6.123724e-01
   outer loop
     vertex -1.041421e+01  1.830892e+02 -1.365199e+02
     vertex -9.684466e+00  2.984216e+01 -2.258398e+02
     vertex -1.002031e+01  2.985748e+01 -2.254431e+02
   endloop
 endfacet
 facet normal -7.071068e-01  3.535534e-01 -6.123724e-01
   outer loop
     vertex -1.041421e+01  1.830892e+02 -1.365199e+02
     vertex -1.002031e+01  2.985748e+01 -2.254431e+02
     vertex -1.021484e+01  2.982152e+01 -2.252392e+02
   endloop
 endfacet
 facet normal -7.071068e-01  3.535534e-01 -6.123724e-01
   outer loop
     vertex -1.041421e+01  1.830892e+02 -1.365199e+02
     vertex -1.021484e+01  2.982152e+01 -2.252392e+02
     vertex -1.041421e+01  2.975591e+01 -2.250469e+02
   endloop
 endfacet
 facet normal -7.071068e-01  3.535534e-01 -6.123724e-01
   outer loop
     vertex -9.788681e+00  1.837522e+02 -1.368594e+02
     vertex -9.684466e+00  2.984216e+01 -2.258398e+02
     vertex -1.041421e+01  1.830892e+02 -1.365199e+02
   endloop
 endfacet
 facet normal -7.071068e-01  3.535534e-01 -6.123724e-01
   outer loop
     vertex -9.249016e+00  1.845083e+02 -1.370460e+02
     vertex -9.348501e+00  2.970124e+01 -2.263091e+02
     vertex -9.684466e+00  2.984216e+01 -2.258398e+02
   endloop
 endfacet
 facet normal -7.071068e-01  3.535534e-01 -6.123724e-01
   outer loop
     vertex -9.249016e+00  1.845083e+02 -1.370460e+02
     vertex -9.684466e+00  2.984216e+01 -2.258398e+02
     vertex -9.788681e+00  1.837522e+02 -1.368594e+02
   endloop
 endfacet
 facet normal -7.071068e-01  3.535534e-01 -6.123724e-01
   outer loop
     vertex -8.814672e+00  1.853396e+02 -1.370676e+02
     vertex -8.991059e+00  2.934914e+01 -2.269251e+02
     vertex -9.348501e+00  2.970124e+01 -2.263091e+02
   endloop
 endfacet
 facet normal -7.071068e-01  3.535534e-01 -6.123724e-01
   outer loop
     vertex -8.814672e+00  1.853396e+02 -1.370676e+02
     vertex -9.348501e+00  2.970124e+01 -2.263091e+02
     vertex -9.249016e+00  1.845083e+02 -1.370460e+02
   endloop
 endfacet
 facet normal -7.071068e-01  3.535534e-01 -6.123724e-01
   outer loop
     vertex -8.499754e+00  1.862231e+02 -1.369212e+02
     vertex -8.609946e+00  2.855230e+01 -2.278252e+02
     vertex -8.991059e+00  2.934914e+01 -2.269251e+02
   endloop
 endfacet
 facet normal -7.071068e-01  3.535534e-01 -6.123724e-01
   outer loop
     vertex -8.499754e+00  1.862231e+02 -1.369212e+02
     vertex -8.991059e+00  2.934914e+01 -2.269251e+02
     vertex -8.814672e+00  1.853396e+02 -1.370676e+02
   endloop
 endfacet
 facet normal -7.071068e-01  3.535534e-01 -6.123724e-01
   outer loop
     vertex -1.041421e+01  2.030422e+02 -1.250000e+02
     vertex -9.572344e+00  1.920551e+02 -1.323155e+02
     vertex -1.041421e+01  1.929953e+02 -1.308006e+02
   endloop
 endfacet
 facet normal -7.071068e-01  3.535534e-01 -6.123724e-01
   outer loop
     vertex -6.750000e+00  2.103707e+02 -1.250000e+02
     vertex -8.250000e+00  1.880422e+02 -1.361593e+02
     vertex -8.413151e+00  1.895174e+02 -1.351192e+02
   endloop
 endfacet
 facet normal -7.071068e-01  3.535534e-01 -6.123724e-01
   outer loop
     vertex -6.750000e+00  2.103707e+02 -1.250000e+02
     vertex -8.413151e+00  1.895174e+02 -1.351192e+02
     vertex -8.908450e+00  1.909501e+02 -1.337201e+02
   endloop
 endfacet
 facet normal -7.071068e-01  3.535534e-01 -6.123724e-01
   outer loop
     vertex -6.750000e+00  2.103707e+02 -1.250000e+02
     vertex -8.908450e+00  1.909501e+02 -1.337201e+02
     vertex -9.572344e+00  1.920551e+02 -1.323155e+02
   endloop
 endfacet
 facet normal -7.071068e-01  3.535534e-01 -6.123724e-01
   outer loop
     vertex -6.750000e+00  2.103707e+02 -1.250000e+02
     vertex -9.572344e+00  1.920551e+02 -1.323155e+02
     vertex -1.041421e+01  2.030422e+02 -1.250000e+02
   endloop
 endfacet
 facet normal -7.071068e-01  3.535534e-01 -6.123724e-01
   outer loop
     vertex -6.750000e+00  2.103707e+02 -1.250000e+02
     vertex -6.750000e+00  8.000000e+00 -2.418388e+02
     vertex -8.250000e+00  1.880422e+02 -1.361593e+02
   endloop
 endfacet
 facet normal -7.071068e-01  3.535534e-01 -6.123724e-01
   outer loop
     vertex -8.250000e+00  1.880422e+02 -1.361593e+02
     vertex -6.750000e+00  8.000000e+00 -2.418388e+02
     vertex -8.311547e+00  1.871328e+02 -1.366133e+02
   endloop
 endfacet
 facet normal -7.071068e-01  3.535534e-01 -6.123724e-01
   outer loop
     vertex -8.311547e+00  1.871328e+02 -1.366133e+02
     vertex -6.750000e+00  8.000000e+00 -2.418388e+02
     vertex -8.499754e+00  1.862231e+02 -1.369212e+02
   endloop
 endfacet
 facet normal -7.071068e-01  3.535534e-01 -6.123724e-01
   outer loop
     vertex -8.499754e+00  1.862231e+02 -1.369212e+02
     vertex -6.750000e+00  8.000000e+00 -2.418388e+02
     vertex -8.288771e+00  2.667908e+01 -2.292776e+02
   endloop
 endfacet
 facet normal -7.071068e-01  3.535534e-01 -6.123724e-01
   outer loop
     vertex -8.499754e+00  1.862231e+02 -1.369212e+02
     vertex -8.288771e+00  2.667908e+01 -2.292776e+02
     vertex -8.609946e+00  2.855230e+01 -2.278252e+02
   endloop
 endfacet
 facet normal -1.000000e+00  1.155148e-14 -1.936921e-14
   outer loop
     vertex -6.750000e+00  2.103707e+02 -1.250000e+02
     vertex -6.750000e+00  8.000000e+00 -2.456906e+02
     vertex -6.750000e+00  8.000000e+00 -2.418388e+02
   endloop
 endfacet
 facet normal -1.000000e+00  1.331288e-16 -2.232267e-16
   outer loop
     vertex -6.750000e+00  2.170422e+02 -1.250000e+02
     vertex -6.750000e+00  8.000000e+00 -2.456906e+02
     vertex -6.750000e+00  2.103707e+02 -1.250000e+02
   endloop
 endfacet
 facet normal  5.869937e-15 -5.000000e-01  8.660254e-01
   outer loop
     vertex -1.100000e+01  2.575951e+01 -2.354371e+02
     vertex -1.100000e+01  8.000000e+00 -2.456906e+02
     vertex -6.750000e+00  8.000000e+00 -2.456906e+02
   endloop
 endfacet
 facet normal -7.783852e-15 -5.000000e-01  8.660254e-01
   outer loop
     vertex -1.023645e+01  2.689360e+01 -2.347824e+02
     vertex -1.100000e+01  2.575951e+01 -2.354371e+02
     vertex -6.750000e+00  8.000000e+00 -2.456906e+02
   endloop
 endfacet
 facet normal  2.568509e-14 -5.000000e-01  8.660254e-01
   outer loop
     vertex -9.539408e+00  2.830426e+01 -2.339679e+02
     vertex -1.023645e+01  2.689360e+01 -2.347824e+02
     vertex -6.750000e+00  8.000000e+00 -2.456906e+02
   endloop
 endfacet
 facet normal  1.084926e-14 -5.000000e-01  8.660254e-01
   outer loop
     vertex -8.554237e+00  3.170648e+01 -2.320037e+02
     vertex -9.539408e+00  2.830426e+01 -2.339679e+02
     vertex -6.750000e+00  8.000000e+00 -2.456906e+02
   endloop
 endfacet
 facet normal  1.516876e-14 -5.000000e-01  8.660254e-01
   outer loop
     vertex -8.255566e+00  3.565161e+01 -2.297259e+02
     vertex -8.554237e+00  3.170648e+01 -2.320037e+02
     vertex -6.750000e+00  8.000000e+00 -2.456906e+02
   endloop
 endfacet
 facet normal -2.428375e-15 -5.000000e-01  8.660254e-01
   outer loop
     vertex -1.000852e+01  1.834983e+02 -1.443666e+02
     vertex -1.100000e+01  1.826051e+02 -1.448823e+02
     vertex -1.100000e+01  4.459432e+01 -2.245629e+02
   endloop
 endfacet
 facet normal -1.639796e-14 -5.000000e-01  8.660254e-01
   outer loop
     vertex -9.193248e+00  1.846007e+02 -1.437301e+02
     vertex -1.100000e+01  4.459432e+01 -2.245629e+02
     vertex -9.657018e+00  4.232150e+01 -2.258751e+02
   endloop
 endfacet
 facet normal  2.458081e-14 -5.000000e-01  8.660254e-01
   outer loop
     vertex -9.193248e+00  1.846007e+02 -1.437301e+02
     vertex -1.000852e+01  1.834983e+02 -1.443666e+02
     vertex -1.100000e+01  4.459432e+01 -2.245629e+02
   endloop
 endfacet
 facet normal  2.137328e-14 -5.000000e-01  8.660254e-01
   outer loop
     vertex -8.509220e+00  1.861896e+02 -1.428128e+02
     vertex -9.657018e+00  4.232150e+01 -2.258751e+02
     vertex -8.657498e+00  3.917760e+01 -2.276902e+02
   endloop
 endfacet
 facet normal -8.154847e-15 -5.000000e-01  8.660254e-01
   outer loop
     vertex -8.509220e+00  1.861896e+02 -1.428128e+02
     vertex -9.193248e+00  1.846007e+02 -1.437301e+02
     vertex -9.657018e+00  4.232150e+01 -2.258751e+02
   endloop
 endfacet
 facet normal -5.142098e-14 -5.000000e-01  8.660254e-01
   outer loop
     vertex -8.250000e+00  1.880422e+02 -1.417432e+02
     vertex -8.657498e+00  3.917760e+01 -2.276902e+02
     vertex -8.255566e+00  3.565161e+01 -2.297259e+02
   endloop
 endfacet
 facet normal  7.221462e-14 -5.000000e-01  8.660254e-01
   outer loop
     vertex -8.250000e+00  1.880422e+02 -1.417432e+02
     vertex -8.509220e+00  1.861896e+02 -1.428128e+02
     vertex -8.657498e+00  3.917760e+01 -2.276902e+02
   endloop
 endfacet
 facet normal  6.861379e-15 -5.000000e-01  8.660254e-01
   outer loop
     vertex -8.250000e+00  1.880422e+02 -1.417432e+02
     vertex -8.255566e+00  3.565161e+01 -2.297259e+02
     vertex -6.750000e+00  8.000000e+00 -2.456906e+02
   endloop
 endfacet
 facet normal  1.462733e-14 -5.000000e-01  8.660254e-01
   outer loop
     vertex -6.750000e+00  2.170422e+02 -1.250000e+02
     vertex -1.100000e+01  1.934794e+02 -1.386040e+02
     vertex -9.780417e+00  1.923223e+02 -1.392721e+02
   endloop
 endfacet
 facet normal -1.999977e-14 -5.000000e-01  8.660254e-01
   outer loop
     vertex -6.750000e+00  2.170422e+02 -1.250000e+02
     vertex -9.780417e+00  1.923223e+02 -1.392721e+02
     vertex -8.864777e+00  1.908568e+02 -1.401182e+02
   endloop
 endfacet
 facet normal  9.789989e-15 -5.000000e-01  8.660254e-01
   outer loop
     vertex -6.750000e+00  2.170422e+02 -1.250000e+02
     vertex -8.864777e+00  1.908568e+02 -1.401182e+02
     vertex -8.401242e+00  1.894631e+02 -1.409228e+02
   endloop
 endfacet
 facet normal  8.308729e-14 -5.000000e-01  8.660254e-01
   outer loop
     vertex -6.750000e+00  2.170422e+02 -1.250000e+02
     vertex -8.401242e+00  1.894631e+02 -1.409228e+02
     vertex -8.250000e+00  1.880422e+02 -1.417432e+02
   endloop
 endfacet
 facet normal  5.023836e-15 -5.000000e-01  8.660254e-01
   outer loop
     vertex -6.750000e+00  2.170422e+02 -1.250000e+02
     vertex -8.250000e+00  1.880422e+02 -1.417432e+02
     vertex -6.750000e+00  8.000000e+00 -2.456906e+02
   endloop
 endfacet
 facet normal  9.583217e-15 -5.000000e-01  8.660254e-01
   outer loop
     vertex -1.100000e+01  2.170422e+02 -1.250000e+02
     vertex -1.100000e+01  1.934794e+02 -1.386040e+02
     vertex -6.750000e+00  2.170422e+02 -1.250000e+02
   endloop
 endfacet
 facet normal -1.591681e-15  5.000000e-01 -8.660254e-01
   outer loop
     vertex -1.100000e+01  1.934794e+02 -1.409134e+02
     vertex  1.100000e+01  2.210422e+02 -1.250000e+02
     vertex  1.100000e+01  1.934794e+02 -1.409134e+02
   endloop
 endfacet
 facet normal  0.000000e+00  5.000000e-01 -8.660254e-01
   outer loop
     vertex -1.100000e+01  1.934794e+02 -1.409134e+02
     vertex -1.100000e+01  2.210422e+02 -1.250000e+02
     vertex  1.100000e+01  2.210422e+02 -1.250000e+02
   endloop
 endfacet
 facet normal -1.470141e-15  5.000000e-01 -8.660254e-01
   outer loop
     vertex -1.000852e+01  1.925862e+02 -1.414291e+02
     vertex  1.100000e+01  1.934794e+02 -1.409134e+02
     vertex  9.876318e+00  1.924366e+02 -1.415155e+02
   endloop
 endfacet
 facet normal -1.592687e-15  5.000000e-01 -8.660254e-01
   outer loop
     vertex -1.000852e+01  1.925862e+02 -1.414291e+02
     vertex -1.100000e+01  1.934794e+02 -1.409134e+02
     vertex  1.100000e+01  1.934794e+02 -1.409134e+02
   endloop
 endfacet
 facet normal -2.125445e-15  5.000000e-01 -8.660254e-01
   outer loop
     vertex -9.193248e+00  1.914838e+02 -1.420656e+02
     vertex  9.876318e+00  1.924366e+02 -1.415155e+02
     vertex  8.953127e+00  1.910419e+02 -1.423207e+02
   endloop
 endfacet
 facet normal -1.623075e-15  5.000000e-01 -8.660254e-01
   outer loop
     vertex -9.193248e+00  1.914838e+02 -1.420656e+02
     vertex -1.000852e+01  1.925862e+02 -1.414291e+02
     vertex  9.876318e+00  1.924366e+02 -1.415155e+02
   endloop
 endfacet
 facet normal -1.051107e-15  5.000000e-01 -8.660254e-01
   outer loop
     vertex -8.509220e+00  1.898949e+02 -1.429829e+02
     vertex  8.953127e+00  1.910419e+02 -1.423207e+02
     vertex  8.380285e+00  1.893620e+02 -1.432906e+02
   endloop
 endfacet
 facet normal -1.887216e-15  5.000000e-01 -8.660254e-01
   outer loop
     vertex -8.509220e+00  1.898949e+02 -1.429829e+02
     vertex -9.193248e+00  1.914838e+02 -1.420656e+02
     vertex  8.953127e+00  1.910419e+02 -1.423207e+02
   endloop
 endfacet
 facet normal -1.508187e-15  5.000000e-01 -8.660254e-01
   outer loop
     vertex -8.250000e+00  1.880422e+02 -1.440526e+02
     vertex  8.380285e+00  1.893620e+02 -1.432906e+02
     vertex  8.268429e+00  1.875438e+02 -1.443403e+02
   endloop
 endfacet
 facet normal -1.413579e-15  5.000000e-01 -8.660254e-01
   outer loop
     vertex -8.250000e+00  1.880422e+02 -1.440526e+02
     vertex -8.509220e+00  1.898949e+02 -1.429829e+02
     vertex  8.380285e+00  1.893620e+02 -1.432906e+02
   endloop
 endfacet
 facet normal -3.601671e-16  5.000000e-01 -8.660254e-01
   outer loop
     vertex -8.401242e+00  1.866214e+02 -1.448729e+02
     vertex  8.268429e+00  1.875438e+02 -1.443403e+02
     vertex  8.640809e+00  1.857788e+02 -1.453594e+02
   endloop
 endfacet
 facet normal -1.065771e-15  5.000000e-01 -8.660254e-01
   outer loop
     vertex -8.401242e+00  1.866214e+02 -1.448729e+02
     vertex -8.250000e+00  1.880422e+02 -1.440526e+02
     vertex  8.268429e+00  1.875438e+02 -1.443403e+02
   endloop
 endfacet
 facet normal -1.249684e-15  5.000000e-01 -8.660254e-01
   outer loop
     vertex -8.864777e+00  1.852277e+02 -1.456775e+02
     vertex  8.640809e+00  1.857788e+02 -1.453594e+02
     vertex  9.422126e+00  1.842410e+02 -1.462472e+02
   endloop
 endfacet
 facet normal -7.427817e-16  5.000000e-01 -8.660254e-01
   outer loop
     vertex -8.864777e+00  1.852277e+02 -1.456775e+02
     vertex -8.401242e+00  1.866214e+02 -1.448729e+02
     vertex  8.640809e+00  1.857788e+02 -1.453594e+02
   endloop
 endfacet
 facet normal -9.076991e-16  5.000000e-01 -8.660254e-01
   outer loop
     vertex -9.780417e+00  1.837622e+02 -1.465236e+02
     vertex  9.422126e+00  1.842410e+02 -1.462472e+02
     vertex  1.016899e+01  1.833280e+02 -1.467743e+02
   endloop
 endfacet
 facet normal -6.958792e-16  5.000000e-01 -8.660254e-01
   outer loop
     vertex -9.780417e+00  1.837622e+02 -1.465236e+02
     vertex -8.864777e+00  1.852277e+02 -1.456775e+02
     vertex  9.422126e+00  1.842410e+02 -1.462472e+02
   endloop
 endfacet
 facet normal -2.110925e-15  5.000000e-01 -8.660254e-01
   outer loop
     vertex -1.100000e+01  1.826051e+02 -1.471917e+02
     vertex  1.016899e+01  1.833280e+02 -1.467743e+02
     vertex  1.100000e+01  1.826051e+02 -1.471917e+02
   endloop
 endfacet
 facet normal -1.665328e-15  5.000000e-01 -8.660254e-01
   outer loop
     vertex -1.100000e+01  1.826051e+02 -1.471917e+02
     vertex -9.780417e+00  1.837622e+02 -1.465236e+02
     vertex  1.016899e+01  1.833280e+02 -1.467743e+02
   endloop
 endfacet
 facet normal -2.671581e-15  5.000000e-01 -8.660254e-01
   outer loop
     vertex  1.100000e+01  4.859432e+01 -2.245629e+02
     vertex -1.100000e+01  1.826051e+02 -1.471917e+02
     vertex  1.100000e+01  1.826051e+02 -1.471917e+02
   endloop
 endfacet
 facet normal -2.214441e-15  5.000000e-01 -8.660254e-01
   outer loop
     vertex -1.100000e+01  4.859432e+01 -2.245629e+02
     vertex -1.100000e+01  1.826051e+02 -1.471917e+02
     vertex  1.100000e+01  4.859432e+01 -2.245629e+02
   endloop
 endfacet
 facet normal -2.959922e-15  5.000000e-01 -8.660254e-01
   outer loop
     vertex -1.023645e+01  4.746023e+01 -2.252176e+02
     vertex  1.100000e+01  4.859432e+01 -2.245629e+02
     vertex  9.657018e+00  4.632150e+01 -2.258751e+02
   endloop
 endfacet
 facet normal -2.215839e-15  5.000000e-01 -8.660254e-01
   outer loop
     vertex -1.023645e+01  4.746023e+01 -2.252176e+02
     vertex -1.100000e+01  4.859432e+01 -2.245629e+02
     vertex  1.100000e+01  4.859432e+01 -2.245629e+02
   endloop
 endfacet
 facet normal -3.374320e-15  5.000000e-01 -8.660254e-01
   outer loop
     vertex -9.539408e+00  4.604956e+01 -2.260321e+02
     vertex  9.657018e+00  4.632150e+01 -2.258751e+02
     vertex  8.657498e+00  4.317760e+01 -2.276902e+02
   endloop
 endfacet
 facet normal -3.330194e-15  5.000000e-01 -8.660254e-01
   outer loop
     vertex -9.539408e+00  4.604956e+01 -2.260321e+02
     vertex -1.023645e+01  4.746023e+01 -2.252176e+02
     vertex  9.657018e+00  4.632150e+01 -2.258751e+02
   endloop
 endfacet
 facet normal -3.703988e-15  5.000000e-01 -8.660254e-01
   outer loop
     vertex -8.554237e+00  4.264735e+01 -2.279963e+02
     vertex -9.539408e+00  4.604956e+01 -2.260321e+02
     vertex  8.657498e+00  4.317760e+01 -2.276902e+02
   endloop
 endfacet
 facet normal -3.399146e-15  5.000000e-01 -8.660254e-01
   outer loop
     vertex -8.554237e+00  4.264735e+01 -2.279963e+02
     vertex  8.657498e+00  4.317760e+01 -2.276902e+02
     vertex  8.255566e+00  3.965161e+01 -2.297259e+02
   endloop
 endfacet
 facet normal -1.704804e-15  5.000000e-01 -8.660254e-01
   outer loop
     vertex -8.255566e+00  3.870222e+01 -2.302741e+02
     vertex -8.554237e+00  4.264735e+01 -2.279963e+02
     vertex  8.255566e+00  3.965161e+01 -2.297259e+02
   endloop
 endfacet
 facet normal -1.860588e-15  5.000000e-01 -8.660254e-01
   outer loop
     vertex -8.255566e+00  3.870222e+01 -2.302741e+02
     vertex  8.255566e+00  3.965161e+01 -2.297259e+02
     vertex  8.554237e+00  3.570648e+01 -2.320037e+02
   endloop
 endfacet
 facet normal -1.533022e-15  5.000000e-01 -8.660254e-01
   outer loop
     vertex -8.657498e+00  3.517622e+01 -2.323098e+02
     vertex  8.554237e+00  3.570648e+01 -2.320037e+02
     vertex  9.539408e+00  3.230426e+01 -2.339679e+02
   endloop
 endfacet
 facet normal -1.920565e-15  5.000000e-01 -8.660254e-01
   outer loop
     vertex -8.657498e+00  3.517622e+01 -2.323098e+02
     vertex -8.255566e+00  3.870222e+01 -2.302741e+02
     vertex  8.554237e+00  3.570648e+01 -2.320037e+02
   endloop
 endfacet
 facet normal -1.944415e-16  5.000000e-01 -8.660254e-01
   outer loop
     vertex -9.657018e+00  3.203233e+01 -2.341249e+02
     vertex -8.657498e+00  3.517622e+01 -2.323098e+02
     vertex  9.539408e+00  3.230426e+01 -2.339679e+02
   endloop
 endfacet
 facet normal -1.948049e-16  5.000000e-01 -8.660254e-01
   outer loop
     vertex -9.657018e+00  3.203233e+01 -2.341249e+02
     vertex  9.539408e+00  3.230426e+01 -2.339679e+02
     vertex  1.023645e+01  3.089360e+01 -2.347824e+02
   endloop
 endfacet
 facet normal -1.338273e-15  5.000000e-01 -8.660254e-01
   outer loop
     vertex -1.100000e+01  2.975951e+01 -2.354371e+02
     vertex  1.023645e+01  3.089360e+01 -2.347824e+02
     vertex  1.100000e+01  2.975951e+01 -2.354371e+02
   endloop
 endfacet
 facet normal -2.468316e-17  5.000000e-01 -8.660254e-01
   outer loop
     vertex -1.100000e+01  2.975951e+01 -2.354371e+02
     vertex -9.657018e+00  3.203233e+01 -2.341249e+02
     vertex  1.023645e+01  3.089360e+01 -2.347824e+02
   endloop
 endfacet
 facet normal  4.037175e-17  5.000000e-01 -8.660254e-01
   outer loop
     vertex -1.100000e+01  8.000000e+00 -2.480000e+02
     vertex  1.100000e+01  2.975951e+01 -2.354371e+02
     vertex  1.100000e+01  8.000000e+00 -2.480000e+02
   endloop
 endfacet
 facet normal -1.336849e-15  5.000000e-01 -8.660254e-01
   outer loop
     vertex -1.100000e+01  8.000000e+00 -2.480000e+02
     vertex -1.100000e+01  2.975951e+01 -2.354371e+02
     vertex  1.100000e+01  2.975951e+01 -2.354371e+02
   endloop
 endfacet
 facet normal  1.173987e-14 -5.000000e-01  8.660254e-01
   outer loop
     vertex  1.100000e+01  2.575951e+01 -2.354371e+02
     vertex  6.750000e+00  8.000000e+00 -2.456906e+02
     vertex  1.100000e+01  8.000000e+00 -2.456906e+02
   endloop
 endfacet
 facet normal -7.896097e-15 -5.000000e-01  8.660254e-01
   outer loop
     vertex  9.657018e+00  2.803233e+01 -2.341249e+02
     vertex  6.750000e+00  8.000000e+00 -2.456906e+02
     vertex  1.100000e+01  2.575951e+01 -2.354371e+02
   endloop
 endfacet
 facet normal  2.679825e-14 -5.000000e-01  8.660254e-01
   outer loop
     vertex  8.657498e+00  3.117622e+01 -2.323098e+02
     vertex  6.750000e+00  8.000000e+00 -2.456906e+02
     vertex  9.657018e+00  2.803233e+01 -2.341249e+02
   endloop
 endfacet
 facet normal  8.055745e-15 -5.000000e-01  8.660254e-01
   outer loop
     vertex  8.255566e+00  3.470222e+01 -2.302741e+02
     vertex  6.750000e+00  8.000000e+00 -2.456906e+02
     vertex  8.657498e+00  3.117622e+01 -2.323098e+02
   endloop
 endfacet
 facet normal  2.436310e-14 -5.000000e-01  8.660254e-01
   outer loop
     vertex  9.876318e+00  1.836479e+02 -1.442802e+02
     vertex  1.100000e+01  4.459432e+01 -2.245629e+02
     vertex  1.100000e+01  1.826051e+02 -1.448823e+02
   endloop
 endfacet
 facet normal  5.554758e-14 -5.000000e-01  8.660254e-01
   outer loop
     vertex  6.750000e+00  2.170422e+02 -1.250000e+02
     vertex  8.268429e+00  1.885407e+02 -1.414554e+02
     vertex  8.640809e+00  1.903057e+02 -1.404364e+02
   endloop
 endfacet
 facet normal -1.861753e-14 -5.000000e-01  8.660254e-01
   outer loop
     vertex  6.750000e+00  2.170422e+02 -1.250000e+02
     vertex  8.640809e+00  1.903057e+02 -1.404364e+02
     vertex  9.422126e+00  1.918435e+02 -1.395485e+02
   endloop
 endfacet
 facet normal  2.778672e-14 -5.000000e-01  8.660254e-01
   outer loop
     vertex  6.750000e+00  2.170422e+02 -1.250000e+02
     vertex  9.422126e+00  1.918435e+02 -1.395485e+02
     vertex  1.016899e+01  1.927565e+02 -1.390214e+02
   endloop
 endfacet
 facet normal  1.521170e-14 -5.000000e-01  8.660254e-01
   outer loop
     vertex  6.750000e+00  2.170422e+02 -1.250000e+02
     vertex  1.016899e+01  1.927565e+02 -1.390214e+02
     vertex  1.100000e+01  1.934794e+02 -1.386040e+02
   endloop
 endfacet
 facet normal  7.135436e-15 -5.000000e-01  8.660254e-01
   outer loop
     vertex  6.750000e+00  2.170422e+02 -1.250000e+02
     vertex  1.100000e+01  1.934794e+02 -1.386040e+02
     vertex  1.100000e+01  2.170422e+02 -1.250000e+02
   endloop
 endfacet
 facet normal  1.001053e-14 -5.000000e-01  8.660254e-01
   outer loop
     vertex  6.750000e+00  2.170422e+02 -1.250000e+02
     vertex  6.750000e+00  8.000000e+00 -2.456906e+02
     vertex  8.255566e+00  3.470222e+01 -2.302741e+02
   endloop
 endfacet
 facet normal  0.000000e+00 -5.000000e-01  8.660254e-01
   outer loop
     vertex  6.750000e+00  2.170422e+02 -1.250000e+02
     vertex  8.255566e+00  3.470222e+01 -2.302741e+02
     vertex  8.554237e+00  3.864735e+01 -2.279963e+02
   endloop
 endfacet
 facet normal  3.464312e-14 -5.000000e-01  8.660254e-01
   outer loop
     vertex  6.750000e+00  2.170422e+02 -1.250000e+02
     vertex  8.554237e+00  3.864735e+01 -2.279963e+02
     vertex  9.539408e+00  4.204956e+01 -2.260321e+02
   endloop
 endfacet
 facet normal -2.502206e-14 -5.000000e-01  8.660254e-01
   outer loop
     vertex  6.750000e+00  2.170422e+02 -1.250000e+02
     vertex  9.539408e+00  4.204956e+01 -2.260321e+02
     vertex  1.023645e+01  4.346023e+01 -2.252176e+02
   endloop
 endfacet
 facet normal  2.308246e-14 -5.000000e-01  8.660254e-01
   outer loop
     vertex  6.750000e+00  2.170422e+02 -1.250000e+02
     vertex  1.023645e+01  4.346023e+01 -2.252176e+02
     vertex  1.100000e+01  4.459432e+01 -2.245629e+02
   endloop
 endfacet
 facet normal -2.518793e-14 -5.000000e-01  8.660254e-01
   outer loop
     vertex  6.750000e+00  2.170422e+02 -1.250000e+02
     vertex  1.100000e+01  4.459432e+01 -2.245629e+02
     vertex  8.268429e+00  1.885407e+02 -1.414554e+02
   endloop
 endfacet
 facet normal  2.829554e-13 -5.000000e-01  8.660254e-01
   outer loop
     vertex  8.268429e+00  1.885407e+02 -1.414554e+02
     vertex  1.100000e+01  4.459432e+01 -2.245629e+02
     vertex  8.380285e+00  1.867224e+02 -1.425051e+02
   endloop
 endfacet
 facet normal  2.173238e-14 -5.000000e-01  8.660254e-01
   outer loop
     vertex  8.380285e+00  1.867224e+02 -1.425051e+02
     vertex  1.100000e+01  4.459432e+01 -2.245629e+02
     vertex  8.953127e+00  1.850426e+02 -1.434750e+02
   endloop
 endfacet
 facet normal -2.746618e-14 -5.000000e-01  8.660254e-01
   outer loop
     vertex  8.953127e+00  1.850426e+02 -1.434750e+02
     vertex  1.100000e+01  4.459432e+01 -2.245629e+02
     vertex  9.876318e+00  1.836479e+02 -1.442802e+02
   endloop
 endfacet
 facet normal  1.000000e+00  4.125530e-16 -6.917575e-16
   outer loop
     vertex  6.750000e+00  2.103707e+02 -1.250000e+02
     vertex  6.750000e+00  8.000000e+00 -2.418388e+02
     vertex  6.750000e+00  8.000000e+00 -2.456906e+02
   endloop
 endfacet
 facet normal  1.000000e+00 -1.158220e-14  1.942072e-14
   outer loop
     vertex  6.750000e+00  2.170422e+02 -1.250000e+02
     vertex  6.750000e+00  2.103707e+02 -1.250000e+02
     vertex  6.750000e+00  8.000000e+00 -2.456906e+02
   endloop
 endfacet
 facet normal  7.071068e-01  3.535534e-01 -6.123724e-01
   outer loop
     vertex  6.750000e+00  8.000000e+00 -2.418388e+02
     vertex  1.041421e+01  1.259792e+01 -2.349531e+02
     vertex  1.041421e+01  8.000000e+00 -2.376077e+02
   endloop
 endfacet
 facet normal  7.071068e-01  3.535534e-01 -6.123724e-01
   outer loop
     vertex  9.160296e+00  1.782121e+01 -2.333853e+02
     vertex  1.041421e+01  1.259792e+01 -2.349531e+02
     vertex  6.750000e+00  8.000000e+00 -2.418388e+02
   endloop
 endfacet
 facet normal  7.071068e-01  3.535534e-01 -6.123724e-01
   outer loop
     vertex  8.385918e+00  2.289914e+01 -2.313477e+02
     vertex  9.160296e+00  1.782121e+01 -2.333853e+02
     vertex  6.750000e+00  8.000000e+00 -2.418388e+02
   endloop
 endfacet
 facet normal  7.071068e-01  3.535534e-01 -6.123724e-01
   outer loop
     vertex  8.256279e+00  2.599695e+01 -2.297089e+02
     vertex  8.385918e+00  2.289914e+01 -2.313477e+02
     vertex  6.750000e+00  8.000000e+00 -2.418388e+02
   endloop
 endfacet
 facet normal  7.071068e-01  3.535534e-01 -6.123724e-01
   outer loop
     vertex  1.041421e+01  1.830892e+02 -1.365199e+02
     vertex  1.041421e+01  2.975591e+01 -2.250469e+02
     vertex  1.000507e+01  2.985901e+01 -2.254598e+02
   endloop
 endfacet
 facet normal  7.071068e-01  3.535534e-01 -6.123724e-01
   outer loop
     vertex  9.788681e+00  1.837522e+02 -1.368594e+02
     vertex  1.000507e+01  2.985901e+01 -2.254598e+02
     vertex  9.657921e+00  2.983611e+01 -2.258739e+02
   endloop
 endfacet
 facet normal  7.071068e-01  3.535534e-01 -6.123724e-01
   outer loop
     vertex  9.788681e+00  1.837522e+02 -1.368594e+02
     vertex  1.041421e+01  1.830892e+02 -1.365199e+02
     vertex  1.000507e+01  2.985901e+01 -2.254598e+02
   endloop
 endfacet
 facet normal  7.071068e-01  3.535534e-01 -6.123724e-01
   outer loop
     vertex  9.249016e+00  1.845083e+02 -1.370460e+02
     vertex  9.657921e+00  2.983611e+01 -2.258739e+02
     vertex  9.367520e+00  2.971336e+01 -2.262801e+02
   endloop
 endfacet
 facet normal  7.071068e-01  3.535534e-01 -6.123724e-01
   outer loop
     vertex  9.249016e+00  1.845083e+02 -1.370460e+02
     vertex  9.367520e+00  2.971336e+01 -2.262801e+02
     vertex  9.102414e+00  2.948760e+01 -2.267166e+02
   endloop
 endfacet
 facet normal  7.071068e-01  3.535534e-01 -6.123724e-01
   outer loop
     vertex  9.249016e+00  1.845083e+02 -1.370460e+02
     vertex  9.788681e+00  1.837522e+02 -1.368594e+02
     vertex  9.657921e+00  2.983611e+01 -2.258739e+02
   endloop
 endfacet
 facet normal  7.071068e-01  3.535534e-01 -6.123724e-01
   outer loop
     vertex  8.814672e+00  1.853396e+02 -1.370676e+02
     vertex  9.102414e+00  2.948760e+01 -2.267166e+02
     vertex  8.866783e+00  2.915424e+01 -2.271811e+02
   endloop
 endfacet
 facet normal  7.071068e-01  3.535534e-01 -6.123724e-01
   outer loop
     vertex  8.814672e+00  1.853396e+02 -1.370676e+02
     vertex  9.249016e+00  1.845083e+02 -1.370460e+02
     vertex  9.102414e+00  2.948760e+01 -2.267166e+02
   endloop
 endfacet
 facet normal  7.071068e-01  3.535534e-01 -6.123724e-01
   outer loop
     vertex  8.499754e+00  1.862231e+02 -1.369212e+02
     vertex  8.866783e+00  2.915424e+01 -2.271811e+02
     vertex  8.605244e+00  2.853769e+01 -2.278391e+02
   endloop
 endfacet
 facet normal  7.071068e-01  3.535534e-01 -6.123724e-01
   outer loop
     vertex  8.499754e+00  1.862231e+02 -1.369212e+02
     vertex  8.814672e+00  1.853396e+02 -1.370676e+02
     vertex  8.866783e+00  2.915424e+01 -2.271811e+02
   endloop
 endfacet
 facet normal  7.071068e-01  3.535534e-01 -6.123724e-01
   outer loop
     vertex  1.041421e+01  2.030422e+02 -1.250000e+02
     vertex  1.041421e+01  1.929953e+02 -1.308006e+02
     vertex  9.249016e+00  1.915762e+02 -1.329654e+02
   endloop
 endfacet
 facet normal  7.071068e-01  3.535534e-01 -6.123724e-01
   outer loop
     vertex  6.750000e+00  2.103707e+02 -1.250000e+02
     vertex  9.249016e+00  1.915762e+02 -1.329654e+02
     vertex  8.499754e+00  1.898614e+02 -1.348206e+02
   endloop
 endfacet
 facet normal  7.071068e-01  3.535534e-01 -6.123724e-01
   outer loop
     vertex  6.750000e+00  2.103707e+02 -1.250000e+02
     vertex  8.499754e+00  1.898614e+02 -1.348206e+02
     vertex  8.311547e+00  1.889517e+02 -1.355631e+02
   endloop
 endfacet
 facet normal  7.071068e-01  3.535534e-01 -6.123724e-01
   outer loop
     vertex  6.750000e+00  2.103707e+02 -1.250000e+02
     vertex  8.311547e+00  1.889517e+02 -1.355631e+02
     vertex  8.250000e+00  1.880422e+02 -1.361593e+02
   endloop
 endfacet
 facet normal  7.071068e-01  3.535534e-01 -6.123724e-01
   outer loop
     vertex  6.750000e+00  2.103707e+02 -1.250000e+02
     vertex  1.041421e+01  2.030422e+02 -1.250000e+02
     vertex  9.249016e+00  1.915762e+02 -1.329654e+02
   endloop
 endfacet
 facet normal  7.071068e-01  3.535534e-01 -6.123724e-01
   outer loop
     vertex  6.750000e+00  8.000000e+00 -2.418388e+02
     vertex  6.750000e+00  2.103707e+02 -1.250000e+02
     vertex  8.250000e+00  1.880422e+02 -1.361593e+02
   endloop
 endfacet
 facet normal  7.071068e-01  3.535534e-01 -6.123724e-01
   outer loop
     vertex  6.750000e+00  8.000000e+00 -2.418388e+02
     vertex  8.250000e+00  1.880422e+02 -1.361593e+02
     vertex  8.311547e+00  1.871328e+02 -1.366133e+02
   endloop
 endfacet
 facet normal  7.071068e-01  3.535534e-01 -6.123724e-01
   outer loop
     vertex  6.750000e+00  8.000000e+00 -2.418388e+02
     vertex  8.311547e+00  1.871328e+02 -1.366133e+02
     vertex  8.499754e+00  1.862231e+02 -1.369212e+02
   endloop
 endfacet
 facet normal  7.071068e-01  3.535534e-01 -6.123724e-01
   outer loop
     vertex  6.750000e+00  8.000000e+00 -2.418388e+02
     vertex  8.499754e+00  1.862231e+02 -1.369212e+02
     vertex  8.256279e+00  2.599695e+01 -2.297089e+02
   endloop
 endfacet
 facet normal  7.071068e-01  3.535534e-01 -6.123724e-01
   outer loop
     vertex  8.256279e+00  2.599695e+01 -2.297089e+02
     vertex  8.499754e+00  1.862231e+02 -1.369212e+02
     vertex  8.392221e+00  2.760822e+01 -2.286217e+02
   endloop
 endfacet
 facet normal  7.071068e-01  3.535534e-01 -6.123724e-01
   outer loop
     vertex  8.392221e+00  2.760822e+01 -2.286217e+02
     vertex  8.499754e+00  1.862231e+02 -1.369212e+02
     vertex  8.605244e+00  2.853769e+01 -2.278391e+02
   endloop
 endfacet
 facet normal -7.071068e-01  3.535534e-01 -6.123724e-01
   outer loop
     vertex  1.958579e+01  1.259792e+01 -2.349531e+02
     vertex  2.325000e+01  8.000000e+00 -2.418388e+02
     vertex  1.958579e+01  8.000000e+00 -2.376077e+02
   endloop
 endfacet
 facet normal -7.071068e-01  3.535534e-01 -6.123724e-01
   outer loop
     vertex  2.094093e+01  1.833713e+01 -2.332043e+02
     vertex  2.325000e+01  8.000000e+00 -2.418388e+02
     vertex  1.958579e+01  1.259792e+01 -2.349531e+02
   endloop
 endfacet
 facet normal -7.071068e-01  3.535534e-01 -6.123724e-01
   outer loop
     vertex  2.164978e+01  2.329768e+01 -2.311589e+02
     vertex  2.325000e+01  8.000000e+00 -2.418388e+02
     vertex  2.094093e+01  1.833713e+01 -2.332043e+02
   endloop
 endfacet
 facet normal -7.071068e-01  3.535534e-01 -6.123724e-01
   outer loop
     vertex  2.171123e+01  2.667908e+01 -2.292776e+02
     vertex  2.325000e+01  8.000000e+00 -2.418388e+02
     vertex  2.164978e+01  2.329768e+01 -2.311589e+02
   endloop
 endfacet
 facet normal -7.071068e-01  3.535534e-01 -6.123724e-01
   outer loop
     vertex  1.958579e+01  1.830892e+02 -1.365199e+02
     vertex  2.031553e+01  2.984216e+01 -2.258398e+02
     vertex  1.997969e+01  2.985748e+01 -2.254431e+02
   endloop
 endfacet
 facet normal -7.071068e-01  3.535534e-01 -6.123724e-01
   outer loop
     vertex  1.958579e+01  1.830892e+02 -1.365199e+02
     vertex  1.997969e+01  2.985748e+01 -2.254431e+02
     vertex  1.978516e+01  2.982152e+01 -2.252392e+02
   endloop
 endfacet
 facet normal -7.071068e-01  3.535534e-01 -6.123724e-01
   outer loop
     vertex  1.958579e+01  1.830892e+02 -1.365199e+02
     vertex  1.978516e+01  2.982152e+01 -2.252392e+02
     vertex  1.958579e+01  2.975591e+01 -2.250469e+02
   endloop
 endfacet
 facet normal -7.071068e-01  3.535534e-01 -6.123724e-01
   outer loop
     vertex  2.021132e+01  1.837522e+02 -1.368594e+02
     vertex  2.031553e+01  2.984216e+01 -2.258398e+02
     vertex  1.958579e+01  1.830892e+02 -1.365199e+02
   endloop
 endfacet
 facet normal -7.071068e-01  3.535534e-01 -6.123724e-01
   outer loop
     vertex  2.075098e+01  1.845083e+02 -1.370460e+02
     vertex  2.065150e+01  2.970124e+01 -2.263091e+02
     vertex  2.031553e+01  2.984216e+01 -2.258398e+02
   endloop
 endfacet
 facet normal -7.071068e-01  3.535534e-01 -6.123724e-01
   outer loop
     vertex  2.075098e+01  1.845083e+02 -1.370460e+02
     vertex  2.031553e+01  2.984216e+01 -2.258398e+02
     vertex  2.021132e+01  1.837522e+02 -1.368594e+02
   endloop
 endfacet
 facet normal -7.071068e-01  3.535534e-01 -6.123724e-01
   outer loop
     vertex  2.118533e+01  1.853396e+02 -1.370676e+02
     vertex  2.100894e+01  2.934914e+01 -2.269251e+02
     vertex  2.065150e+01  2.970124e+01 -2.263091e+02
   endloop
 endfacet
 facet normal -7.071068e-01  3.535534e-01 -6.123724e-01
   outer loop
     vertex  2.118533e+01  1.853396e+02 -1.370676e+02
     vertex  2.065150e+01  2.970124e+01 -2.263091e+02
     vertex  2.075098e+01  1.845083e+02 -1.370460e+02
   endloop
 endfacet
 facet normal -7.071068e-01  3.535534e-01 -6.123724e-01
   outer loop
     vertex  2.150025e+01  1.862231e+02 -1.369212e+02
     vertex  2.139005e+01  2.855230e+01 -2.278252e+02
     vertex  2.100894e+01  2.934914e+01 -2.269251e+02
   endloop
 endfacet
 facet normal -7.071068e-01  3.535534e-01 -6.123724e-01
   outer loop
     vertex  2.150025e+01  1.862231e+02 -1.369212e+02
     vertex  2.100894e+01  2.934914e+01 -2.269251e+02
     vertex  2.118533e+01  1.853396e+02 -1.370676e+02
   endloop
 endfacet
 facet normal -7.071068e-01  3.535534e-01 -6.123724e-01
   outer loop
     vertex  1.958579e+01  2.030422e+02 -1.250000e+02
     vertex  2.042766e+01  1.920551e+02 -1.323155e+02
     vertex  1.958579e+01  1.929953e+02 -1.308006e+02
   endloop
 endfacet
 facet normal -7.071068e-01  3.535534e-01 -6.123724e-01
   outer loop
     vertex  2.325000e+01  2.103707e+02 -1.250000e+02
     vertex  2.175000e+01  1.880422e+02 -1.361593e+02
     vertex  2.158685e+01  1.895174e+02 -1.351192e+02
   endloop
 endfacet
 facet normal -7.071068e-01  3.535534e-01 -6.123724e-01
   outer loop
     vertex  2.325000e+01  2.103707e+02 -1.250000e+02
     vertex  2.158685e+01  1.895174e+02 -1.351192e+02
     vertex  2.109155e+01  1.909501e+02 -1.337201e+02
   endloop
 endfacet
 facet normal -7.071068e-01  3.535534e-01 -6.123724e-01
   outer loop
     vertex  2.325000e+01  2.103707e+02 -1.250000e+02
     vertex  2.109155e+01  1.909501e+02 -1.337201e+02
     vertex  2.042766e+01  1.920551e+02 -1.323155e+02
   endloop
 endfacet
 facet normal -7.071068e-01  3.535534e-01 -6.123724e-01
   outer loop
     vertex  2.325000e+01  2.103707e+02 -1.250000e+02
     vertex  2.042766e+01  1.920551e+02 -1.323155e+02
     vertex  1.958579e+01  2.030422e+02 -1.250000e+02
   endloop
 endfacet
 facet normal -7.071068e-01  3.535534e-01 -6.123724e-01
   outer loop
     vertex  2.325000e+01  2.103707e+02 -1.250000e+02
     vertex  2.325000e+01  8.000000e+00 -2.418388e+02
     vertex  2.175000e+01  1.880422e+02 -1.361593e+02
   endloop
 endfacet
 facet normal -7.071068e-01  3.535534e-01 -6.123724e-01
   outer loop
     vertex  2.175000e+01  1.880422e+02 -1.361593e+02
     vertex  2.325000e+01  8.000000e+00 -2.418388e+02
     vertex  2.168845e+01  1.871328e+02 -1.366133e+02
   endloop
 endfacet
 facet normal -7.071068e-01  3.535534e-01 -6.123724e-01
   outer loop
     vertex  2.168845e+01  1.871328e+02 -1.366133e+02
     vertex  2.325000e+01  8.000000e+00 -2.418388e+02
     vertex  2.150025e+01  1.862231e+02 -1.369212e+02
   endloop
 endfacet
 facet normal -7.071068e-01  3.535534e-01 -6.123724e-01
   outer loop
     vertex  2.150025e+01  1.862231e+02 -1.369212e+02
     vertex  2.325000e+01  8.000000e+00 -2.418388e+02
     vertex  2.171123e+01  2.667908e+01 -2.292776e+02
   endloop
 endfacet
 facet normal -7.071068e-01  3.535534e-01 -6.123724e-01
   outer loop
     vertex  2.150025e+01  1.862231e+02 -1.369212e+02
     vertex  2.171123e+01  2.667908e+01 -2.292776e+02
     vertex  2.139005e+01  2.855230e+01 -2.278252e+02
   endloop
 endfacet
 facet normal -1.000000e+00  1.263407e-14 -2.121390e-14
   outer loop
     vertex  2.325000e+01  2.103707e+02 -1.250000e+02
     vertex  2.325000e+01  8.000000e+00 -2.456906e+02
     vertex  2.325000e+01  8.000000e+00 -2.418388e+02
   endloop
 endfacet
 facet normal -1.000000e+00  5.325152e-16 -9.223433e-16
   outer loop
     vertex  2.325000e+01  2.170422e+02 -1.250000e+02
     vertex  2.325000e+01  8.000000e+00 -2.456906e+02
     vertex  2.325000e+01  2.103707e+02 -1.250000e+02
   endloop
 endfacet
 facet normal  5.869937e-15 -5.000000e-01  8.660254e-01
   outer loop
     vertex  1.900000e+01  2.575951e+01 -2.354371e+02
     vertex  1.900000e+01  8.000000e+00 -2.456906e+02
     vertex  2.325000e+01  8.000000e+00 -2.456906e+02
   endloop
 endfacet
 facet normal -2.050585e-14 -5.000000e-01  8.660254e-01
   outer loop
     vertex  1.976355e+01  2.689360e+01 -2.347824e+02
     vertex  1.900000e+01  2.575951e+01 -2.354371e+02
     vertex  2.325000e+01  8.000000e+00 -2.456906e+02
   endloop
 endfacet
 facet normal  2.058209e-14 -5.000000e-01  8.660254e-01
   outer loop
     vertex  2.046059e+01  2.830426e+01 -2.339679e+02
     vertex  1.976355e+01  2.689360e+01 -2.347824e+02
     vertex  2.325000e+01  8.000000e+00 -2.456906e+02
   endloop
 endfacet
 facet normal  2.649724e-14 -5.000000e-01  8.660254e-01
   outer loop
     vertex  2.144576e+01  3.170648e+01 -2.320037e+02
     vertex  2.046059e+01  2.830426e+01 -2.339679e+02
     vertex  2.325000e+01  8.000000e+00 -2.456906e+02
   endloop
 endfacet
 facet normal  3.597162e-14 -5.000000e-01  8.660254e-01
   outer loop
     vertex  2.174443e+01  3.565161e+01 -2.297259e+02
     vertex  2.144576e+01  3.170648e+01 -2.320037e+02
     vertex  2.325000e+01  8.000000e+00 -2.456906e+02
   endloop
 endfacet
 facet normal -2.752158e-14 -5.000000e-01  8.660254e-01
   outer loop
     vertex  1.999148e+01  1.834983e+02 -1.443666e+02
     vertex  1.900000e+01  1.826051e+02 -1.448823e+02
     vertex  1.900000e+01  4.459432e+01 -2.245629e+02
   endloop
 endfacet
 facet normal -8.198981e-15 -5.000000e-01  8.660254e-01
   outer loop
     vertex  2.080675e+01  1.846007e+02 -1.437301e+02
     vertex  1.900000e+01  4.459432e+01 -2.245629e+02
     vertex  2.034298e+01  4.232150e+01 -2.258751e+02
   endloop
 endfacet
 facet normal -2.370293e-14 -5.000000e-01  8.660254e-01
   outer loop
     vertex  2.080675e+01  1.846007e+02 -1.437301e+02
     vertex  1.999148e+01  1.834983e+02 -1.443666e+02
     vertex  1.900000e+01  4.459432e+01 -2.245629e+02
   endloop
 endfacet
 facet normal -1.068664e-14 -5.000000e-01  8.660254e-01
   outer loop
     vertex  2.149078e+01  1.861896e+02 -1.428128e+02
     vertex  2.034298e+01  4.232150e+01 -2.258751e+02
     vertex  2.134250e+01  3.917760e+01 -2.276902e+02
   endloop
 endfacet
 facet normal  2.854197e-14 -5.000000e-01  8.660254e-01
   outer loop
     vertex  2.149078e+01  1.861896e+02 -1.428128e+02
     vertex  2.080675e+01  1.846007e+02 -1.437301e+02
     vertex  2.034298e+01  4.232150e+01 -2.258751e+02
   endloop
 endfacet
 facet normal  2.571049e-14 -5.000000e-01  8.660254e-01
   outer loop
     vertex  2.175000e+01  1.880422e+02 -1.417432e+02
     vertex  2.134250e+01  3.917760e+01 -2.276902e+02
     vertex  2.174443e+01  3.565161e+01 -2.297259e+02
   endloop
 endfacet
 facet normal  8.587684e-14 -5.000000e-01  8.660254e-01
   outer loop
     vertex  2.175000e+01  1.880422e+02 -1.417432e+02
     vertex  2.149078e+01  1.861896e+02 -1.428128e+02
     vertex  2.134250e+01  3.917760e+01 -2.276902e+02
   endloop
 endfacet
 facet normal  1.372276e-14 -5.000000e-01  8.660254e-01
   outer loop
     vertex  2.175000e+01  1.880422e+02 -1.417432e+02
     vertex  2.174443e+01  3.565161e+01 -2.297259e+02
     vertex  2.325000e+01  8.000000e+00 -2.456906e+02
   endloop
 endfacet
 facet normal  1.462733e-14 -5.000000e-01  8.660254e-01
   outer loop
     vertex  2.325000e+01  2.170422e+02 -1.250000e+02
     vertex  1.900000e+01  1.934794e+02 -1.386040e+02
     vertex  2.021958e+01  1.923223e+02 -1.392721e+02
   endloop
 endfacet
 facet normal -1.090897e-14 -5.000000e-01  8.660254e-01
   outer loop
     vertex  2.325000e+01  2.170422e+02 -1.250000e+02
     vertex  2.021958e+01  1.923223e+02 -1.392721e+02
     vertex  2.113522e+01  1.908568e+02 -1.401182e+02
   endloop
 endfacet
 facet normal -1.631665e-14 -5.000000e-01  8.660254e-01
   outer loop
     vertex  2.325000e+01  2.170422e+02 -1.250000e+02
     vertex  2.113522e+01  1.908568e+02 -1.401182e+02
     vertex  2.159876e+01  1.894631e+02 -1.409228e+02
   endloop
 endfacet
 facet normal  1.510678e-14 -5.000000e-01  8.660254e-01
   outer loop
     vertex  2.325000e+01  2.170422e+02 -1.250000e+02
     vertex  2.159876e+01  1.894631e+02 -1.409228e+02
     vertex  2.175000e+01  1.880422e+02 -1.417432e+02
   endloop
 endfacet
 facet normal  5.023836e-15 -5.000000e-01  8.660254e-01
   outer loop
     vertex  2.325000e+01  2.170422e+02 -1.250000e+02
     vertex  2.175000e+01  1.880422e+02 -1.417432e+02
     vertex  2.325000e+01  8.000000e+00 -2.456906e+02
   endloop
 endfacet
 facet normal  6.239486e-15 -5.000000e-01  8.660254e-01
   outer loop
     vertex  1.900000e+01  2.170422e+02 -1.250000e+02
     vertex  1.900000e+01  1.934794e+02 -1.386040e+02
     vertex  2.325000e+01  2.170422e+02 -1.250000e+02
   endloop
 endfacet
 facet normal  0.000000e+00  5.000000e-01 -8.660254e-01
   outer loop
     vertex  1.900000e+01  1.934794e+02 -1.409134e+02
     vertex  1.900000e+01  2.210422e+02 -1.250000e+02
     vertex  2.800000e+01  2.210422e+02 -1.250000e+02
   endloop
 endfacet
 facet normal  1.665959e-14  5.000000e-01 -8.660254e-01
   outer loop
     vertex  1.999148e+01  1.925862e+02 -1.414291e+02
     vertex  1.900000e+01  1.934794e+02 -1.409134e+02
     vertex  2.800000e+01  2.210422e+02 -1.250000e+02
   endloop
 endfacet
 facet normal  3.266166e-15  5.000000e-01 -8.660254e-01
   outer loop
     vertex  2.080675e+01  1.914838e+02 -1.420656e+02
     vertex  1.999148e+01  1.925862e+02 -1.414291e+02
     vertex  2.800000e+01  2.210422e+02 -1.250000e+02
   endloop
 endfacet
 facet normal -1.108275e-14  5.000000e-01 -8.660254e-01
   outer loop
     vertex  2.149078e+01  1.898949e+02 -1.429829e+02
     vertex  2.080675e+01  1.914838e+02 -1.420656e+02
     vertex  2.800000e+01  2.210422e+02 -1.250000e+02
   endloop
 endfacet
 facet normal  3.056379e-15  5.000000e-01 -8.660254e-01
   outer loop
     vertex  2.175000e+01  1.880422e+02 -1.440526e+02
     vertex  2.149078e+01  1.898949e+02 -1.429829e+02
     vertex  2.800000e+01  2.210422e+02 -1.250000e+02
   endloop
 endfacet
 facet normal  3.638772e-14  5.000000e-01 -8.660254e-01
   outer loop
     vertex  2.159876e+01  1.866214e+02 -1.448729e+02
     vertex  2.175000e+01  1.880422e+02 -1.440526e+02
     vertex  2.800000e+01  2.210422e+02 -1.250000e+02
   endloop
 endfacet
 facet normal -9.638501e-15  5.000000e-01 -8.660254e-01
   outer loop
     vertex  1.900000e+01  4.859432e+01 -2.245629e+02
     vertex  1.900000e+01  1.826051e+02 -1.471917e+02
     vertex  2.021958e+01  1.837622e+02 -1.465236e+02
   endloop
 endfacet
 facet normal  1.269013e-14  5.000000e-01 -8.660254e-01
   outer loop
     vertex  1.976355e+01  4.746023e+01 -2.252176e+02
     vertex  2.021958e+01  1.837622e+02 -1.465236e+02
     vertex  2.113522e+01  1.852277e+02 -1.456775e+02
   endloop
 endfacet
 facet normal -1.882688e-14  5.000000e-01 -8.660254e-01
   outer loop
     vertex  1.976355e+01  4.746023e+01 -2.252176e+02
     vertex  1.900000e+01  4.859432e+01 -2.245629e+02
     vertex  2.021958e+01  1.837622e+02 -1.465236e+02
   endloop
 endfacet
 facet normal  2.477891e-14  5.000000e-01 -8.660254e-01
   outer loop
     vertex  2.046059e+01  4.604956e+01 -2.260321e+02
     vertex  2.113522e+01  1.852277e+02 -1.456775e+02
     vertex  2.159876e+01  1.866214e+02 -1.448729e+02
   endloop
 endfacet
 facet normal  1.758771e-15  5.000000e-01 -8.660254e-01
   outer loop
     vertex  2.046059e+01  4.604956e+01 -2.260321e+02
     vertex  1.976355e+01  4.746023e+01 -2.252176e+02
     vertex  2.113522e+01  1.852277e+02 -1.456775e+02
   endloop
 endfacet
 facet normal  0.000000e+00  5.000000e-01 -8.660254e-01
   outer loop
     vertex  2.144576e+01  4.264735e+01 -2.279963e+02
     vertex  2.046059e+01  4.604956e+01 -2.260321e+02
     vertex  2.159876e+01  1.866214e+02 -1.448729e+02
   endloop
 endfacet
 facet normal  5.945632e-15  5.000000e-01 -8.660254e-01
   outer loop
     vertex  2.800000e+01  8.000000e+00 -2.480000e+02
     vertex  1.900000e+01  2.975951e+01 -2.354371e+02
     vertex  2.034298e+01  3.203233e+01 -2.341249e+02
   endloop
 endfacet
 facet normal  5.117916e-15  5.000000e-01 -8.660254e-01
   outer loop
     vertex  2.800000e+01  8.000000e+00 -2.480000e+02
     vertex  2.034298e+01  3.203233e+01 -2.341249e+02
     vertex  2.134250e+01  3.517622e+01 -2.323098e+02
   endloop
 endfacet
 facet normal  1.860499e-14  5.000000e-01 -8.660254e-01
   outer loop
     vertex  2.800000e+01  8.000000e+00 -2.480000e+02
     vertex  2.134250e+01  3.517622e+01 -2.323098e+02
     vertex  2.174443e+01  3.870222e+01 -2.302741e+02
   endloop
 endfacet
 facet normal -2.539293e-14  5.000000e-01 -8.660254e-01
   outer loop
     vertex  2.800000e+01  8.000000e+00 -2.480000e+02
     vertex  2.174443e+01  3.870222e+01 -2.302741e+02
     vertex  2.144576e+01  4.264735e+01 -2.279963e+02
   endloop
 endfacet
 facet normal -6.930780e-15  5.000000e-01 -8.660254e-01
   outer loop
     vertex  2.800000e+01  8.000000e+00 -2.480000e+02
     vertex  2.159876e+01  1.866214e+02 -1.448729e+02
     vertex  2.800000e+01  2.210422e+02 -1.250000e+02
   endloop
 endfacet
 facet normal  1.162036e-14  5.000000e-01 -8.660254e-01
   outer loop
     vertex  2.800000e+01  8.000000e+00 -2.480000e+02
     vertex  2.144576e+01  4.264735e+01 -2.279963e+02
     vertex  2.159876e+01  1.866214e+02 -1.448729e+02
   endloop
 endfacet
 facet normal  0.000000e+00  5.000000e-01 -8.660254e-01
   outer loop
     vertex  1.900000e+01  8.000000e+00 -2.480000e+02
     vertex  1.900000e+01  2.975951e+01 -2.354371e+02
     vertex  2.800000e+01  8.000000e+00 -2.480000e+02
   endloop
 endfacet
 facet normal  9.779478e-01  1.045639e-01 -1.807883e-01
   outer loop
     vertex  3.000000e+01  2.170422e+02 -1.250000e+02
     vertex  2.998099e+01  8.000000e+00 -2.460082e+02
     vertex  2.992065e+01  8.000000e+00 -2.463347e+02
   endloop
 endfacet
 facet normal  9.976213e-01  3.446671e-02 -5.969809e-02
   outer loop
     vertex  3.000000e+01  2.170422e+02 -1.250000e+02
     vertex  3.000000e+01  8.000000e+00 -2.456906e+02
     vertex  2.998099e+01  8.000000e+00 -2.460082e+02
   endloop
 endfacet
 facet normal  8.206081e-01  2.857833e-01 -4.949043e-01
   outer loop
     vertex  2.979475e+01  2.188073e+02 -1.250000e+02
     vertex  2.975760e+01  8.000000e+00 -2.467926e+02
     vertex  2.950473e+01  8.000000e+00 -2.472119e+02
   endloop
 endfacet
 facet normal  9.248973e-01  1.900835e-01 -3.292921e-01
   outer loop
     vertex  2.979475e+01  2.188073e+02 -1.250000e+02
     vertex  2.992065e+01  8.000000e+00 -2.463347e+02
     vertex  2.975760e+01  8.000000e+00 -2.467926e+02
   endloop
 endfacet
 facet normal  9.740833e-01  1.132699e-01 -1.957849e-01
   outer loop
     vertex  2.979475e+01  2.188073e+02 -1.250000e+02
     vertex  3.000000e+01  2.170422e+02 -1.250000e+02
     vertex  2.992065e+01  8.000000e+00 -2.463347e+02
   endloop
 endfacet
 facet normal  6.742908e-01  3.691896e-01 -6.395553e-01
   outer loop
     vertex  2.936973e+01  2.199569e+02 -1.250000e+02
     vertex  2.950473e+01  8.000000e+00 -2.472119e+02
     vertex  2.917557e+01  8.000000e+00 -2.475589e+02
   endloop
 endfacet
 facet normal  8.041513e-01  2.973023e-01 -5.147348e-01
   outer loop
     vertex  2.936973e+01  2.199569e+02 -1.250000e+02
     vertex  2.979475e+01  2.188073e+02 -1.250000e+02
     vertex  2.950473e+01  8.000000e+00 -2.472119e+02
   endloop
 endfacet
 facet normal  4.956553e-01  4.342261e-01 -7.521792e-01
   outer loop
     vertex  2.907736e+01  2.204123e+02 -1.250000e+02
     vertex  2.917557e+01  8.000000e+00 -2.475589e+02
     vertex  2.879508e+01  8.000000e+00 -2.478097e+02
   endloop
 endfacet
 facet normal  6.144398e-01  3.945083e-01 -6.832474e-01
   outer loop
     vertex  2.907736e+01  2.204123e+02 -1.250000e+02
     vertex  2.936973e+01  2.199569e+02 -1.250000e+02
     vertex  2.917557e+01  8.000000e+00 -2.475589e+02
   endloop
 endfacet
 facet normal  2.988490e-01  4.771268e-01 -8.264619e-01
   outer loop
     vertex  2.872372e+01  2.207712e+02 -1.250000e+02
     vertex  2.879508e+01  8.000000e+00 -2.478097e+02
     vertex  2.839367e+01  8.000000e+00 -2.479548e+02
   endloop
 endfacet
 facet normal  4.525160e-01  4.458999e-01 -7.722710e-01
   outer loop
     vertex  2.872372e+01  2.207712e+02 -1.250000e+02
     vertex  2.907736e+01  2.204123e+02 -1.250000e+02
     vertex  2.879508e+01  8.000000e+00 -2.478097e+02
   endloop
 endfacet
 facet normal  2.938945e-01  4.779018e-01 -8.277897e-01
   outer loop
     vertex  2.844886e+01  2.209402e+02 -1.250000e+02
     vertex  2.872372e+01  2.207712e+02 -1.250000e+02
     vertex  2.839367e+01  8.000000e+00 -2.479548e+02
   endloop
 endfacet
 facet normal  9.890427e-02  4.975144e-01 -8.617989e-01
   outer loop
     vertex  2.822142e+01  2.210177e+02 -1.250000e+02
     vertex  2.839367e+01  8.000000e+00 -2.479548e+02
     vertex  2.800000e+01  8.000000e+00 -2.480000e+02
   endloop
 endfacet
 facet normal  1.678506e-01  4.929149e-01 -8.537336e-01
   outer loop
     vertex  2.822142e+01  2.210177e+02 -1.250000e+02
     vertex  2.844886e+01  2.209402e+02 -1.250000e+02
     vertex  2.839367e+01  8.000000e+00 -2.479548e+02
   endloop
 endfacet
 facet normal  5.543944e-02  4.992310e-01 -8.646935e-01
   outer loop
     vertex  2.800000e+01  2.210422e+02 -1.250000e+02
     vertex  2.822142e+01  2.210177e+02 -1.250000e+02
     vertex  2.800000e+01  8.000000e+00 -2.480000e+02
   endloop
 endfacet
 facet normal  1.000000e+00 -1.931531e-16 -3.418600e-16
   outer loop
     vertex  3.000000e+01  1.990422e+02 -1.250000e+02
     vertex  3.000000e+01  8.000000e+00 -2.352983e+02
     vertex  3.000000e+01  8.000000e+00 -2.456906e+02
   endloop
 endfacet
 facet normal  1.000000e+00 -3.067668e-30 -6.476039e-16
   outer loop
     vertex  3.000000e+01  2.170422e+02 -1.250000e+02
     vertex  3.000000e+01  1.990422e+02 -1.250000e+02
     vertex  3.000000e+01  8.000000e+00 -2.456906e+02
   endloop
 endfacet
 facet normal  0.000000e+00 -5.000000e-01  8.660254e-01
   outer loop
     vertex  2.800000e+01  1.990422e+02 -1.250000e+02
     vertex  2.800000e+01  8.000000e+00 -2.352983e+02
     vertex  3.000000e+01  8.000000e+00 -2.352983e+02
   endloop
 endfacet
 facet normal  9.519468e-16 -5.000000e-01  8.660254e-01
   outer loop
     vertex  2.800000e+01  1.990422e+02 -1.250000e+02
     vertex  3.000000e+01  8.000000e+00 -2.352983e+02
     vertex  3.000000e+01  1.990422e+02 -1.250000e+02
   endloop
 endfacet
 facet normal -1.000000e+00  8.294693e-15 -1.375484e-14
   outer loop
     vertex  2.800000e+01  1.990422e+02 -1.250000e+02
     vertex  2.800000e+01  8.000000e+00 -2.402058e+02
     vertex  2.800000e+01  8.000000e+00 -2.352983e+02
   endloop
 endfacet
 facet normal -1.000000e+00 -0.000000e+00  0.000000e+00
   outer loop
     vertex  2.800000e+01  2.075422e+02 -1.250000e+02
     vertex  2.800000e+01  8.000000e+00 -2.402058e+02
     vertex  2.800000e+01  1.990422e+02 -1.250000e+02
   endloop
 endfacet
 facet normal -2.839939e-14 -5.000000e-01  8.660254e-01
   outer loop
     vertex  2.800000e+01  2.075422e+02 -1.250000e+02
     vertex  2.466421e+01  8.000000e+00 -2.402058e+02
     vertex  2.800000e+01  8.000000e+00 -2.402058e+02
   endloop
 endfacet
 facet normal -8.520243e-15 -5.000000e-01  8.660254e-01
   outer loop
     vertex  2.466421e+01  2.075422e+02 -1.250000e+02
     vertex  2.466421e+01  8.000000e+00 -2.402058e+02
     vertex  2.800000e+01  2.075422e+02 -1.250000e+02
   endloop
 endfacet
 facet normal  7.071068e-01 -3.535534e-01  6.123724e-01
   outer loop
     vertex  2.466421e+01  8.000000e+00 -2.402058e+02
     vertex  2.100000e+01  1.299242e+01 -2.330923e+02
     vertex  2.100000e+01  8.000000e+00 -2.359747e+02
   endloop
 endfacet
 facet normal  7.071068e-01 -3.535534e-01  6.123724e-01
   outer loop
     vertex  2.157144e+01  1.682002e+01 -2.315423e+02
     vertex  2.100000e+01  1.299242e+01 -2.330923e+02
     vertex  2.466421e+01  8.000000e+00 -2.402058e+02
   endloop
 endfacet
 facet normal  7.071068e-01 -3.535534e-01  6.123724e-01
   outer loop
     vertex  2.174837e+01  2.010204e+01 -2.298517e+02
     vertex  2.157144e+01  1.682002e+01 -2.315423e+02
     vertex  2.466421e+01  8.000000e+00 -2.402058e+02
   endloop
 endfacet
 facet normal  7.071068e-01 -3.535534e-01  6.123724e-01
   outer loop
     vertex  2.160663e+01  2.195858e+01 -2.286162e+02
     vertex  2.174837e+01  2.010204e+01 -2.298517e+02
     vertex  2.466421e+01  8.000000e+00 -2.402058e+02
   endloop
 endfacet
 facet normal  7.071068e-01 -3.535534e-01  6.123724e-01
   outer loop
     vertex  2.122506e+01  1.854324e+02 -1.337939e+02
     vertex  2.100000e+01  1.849499e+02 -1.338126e+02
     vertex  2.100000e+01  2.370456e+01 -2.269077e+02
   endloop
 endfacet
 facet normal  7.071068e-01 -3.535534e-01  6.123724e-01
   outer loop
     vertex  2.141244e+01  1.859344e+02 -1.337205e+02
     vertex  2.100000e+01  2.370456e+01 -2.269077e+02
     vertex  2.135739e+01  2.299242e+01 -2.277315e+02
   endloop
 endfacet
 facet normal  7.071068e-01 -3.535534e-01  6.123724e-01
   outer loop
     vertex  2.141244e+01  1.859344e+02 -1.337205e+02
     vertex  2.122506e+01  1.854324e+02 -1.337939e+02
     vertex  2.100000e+01  2.370456e+01 -2.269077e+02
   endloop
 endfacet
 facet normal  7.071068e-01 -3.535534e-01  6.123724e-01
   outer loop
     vertex  2.166561e+01  1.869782e+02 -1.334102e+02
     vertex  2.141244e+01  1.859344e+02 -1.337205e+02
     vertex  2.135739e+01  2.299242e+01 -2.277315e+02
   endloop
 endfacet
 facet normal  7.071068e-01 -3.535534e-01  6.123724e-01
   outer loop
     vertex  2.466421e+01  2.075422e+02 -1.250000e+02
     vertex  2.100000e+01  2.002138e+02 -1.250000e+02
     vertex  2.100000e+01  1.911346e+02 -1.302419e+02
   endloop
 endfacet
 facet normal  7.071068e-01 -3.535534e-01  6.123724e-01
   outer loop
     vertex  2.466421e+01  2.075422e+02 -1.250000e+02
     vertex  2.100000e+01  1.911346e+02 -1.302419e+02
     vertex  2.151525e+01  1.898069e+02 -1.316034e+02
   endloop
 endfacet
 facet normal  7.071068e-01 -3.535534e-01  6.123724e-01
   outer loop
     vertex  2.466421e+01  2.075422e+02 -1.250000e+02
     vertex  2.151525e+01  1.898069e+02 -1.316034e+02
     vertex  2.169147e+01  1.889292e+02 -1.323136e+02
   endloop
 endfacet
 facet normal  7.071068e-01 -3.535534e-01  6.123724e-01
   outer loop
     vertex  2.466421e+01  2.075422e+02 -1.250000e+02
     vertex  2.169147e+01  1.889292e+02 -1.323136e+02
     vertex  2.175000e+01  1.880422e+02 -1.328933e+02
   endloop
 endfacet
 facet normal  7.071068e-01 -3.535534e-01  6.123724e-01
   outer loop
     vertex  2.466421e+01  2.075422e+02 -1.250000e+02
     vertex  2.175000e+01  1.880422e+02 -1.328933e+02
     vertex  2.166561e+01  1.869782e+02 -1.334102e+02
   endloop
 endfacet
 facet normal  7.071068e-01 -3.535534e-01  6.123724e-01
   outer loop
     vertex  2.466421e+01  8.000000e+00 -2.402058e+02
     vertex  2.466421e+01  2.075422e+02 -1.250000e+02
     vertex  2.166561e+01  1.869782e+02 -1.334102e+02
   endloop
 endfacet
 facet normal  7.071068e-01 -3.535534e-01  6.123724e-01
   outer loop
     vertex  2.466421e+01  8.000000e+00 -2.402058e+02
     vertex  2.166561e+01  1.869782e+02 -1.334102e+02
     vertex  2.160663e+01  2.195858e+01 -2.286162e+02
   endloop
 endfacet
 facet normal  7.071068e-01 -3.535534e-01  6.123724e-01
   outer loop
     vertex  2.160663e+01  2.195858e+01 -2.286162e+02
     vertex  2.166561e+01  1.869782e+02 -1.334102e+02
     vertex  2.135739e+01  2.299242e+01 -2.277315e+02
   endloop
 endfacet
 facet normal  7.071068e-01  3.535534e-01 -6.123724e-01
   outer loop
     vertex  2.466421e+01  1.745422e+02 -1.250000e+02
     vertex  2.466421e+01  8.000000e+00 -2.211532e+02
     vertex  2.100000e+01  8.000000e+00 -2.253843e+02
   endloop
 endfacet
 facet normal  7.071068e-01  3.535534e-01 -6.123724e-01
   outer loop
     vertex  2.100000e+01  1.818707e+02 -1.250000e+02
     vertex  2.466421e+01  1.745422e+02 -1.250000e+02
     vertex  2.100000e+01  8.000000e+00 -2.253843e+02
   endloop
 endfacet
 facet normal  2.835555e-15  5.000000e-01 -8.660254e-01
   outer loop
     vertex  2.466421e+01  8.000000e+00 -2.211532e+02
     vertex  2.466421e+01  1.745422e+02 -1.250000e+02
     vertex  2.800000e+01  1.745422e+02 -1.250000e+02
   endloop
 endfacet
 facet normal  0.000000e+00  5.000000e-01 -8.660254e-01
   outer loop
     vertex  2.466421e+01  8.000000e+00 -2.211532e+02
     vertex  2.800000e+01  1.745422e+02 -1.250000e+02
     vertex  2.800000e+01  8.000000e+00 -2.211532e+02
   endloop
 endfacet
 facet normal -1.000000e+00 -4.732851e-16  1.447878e-15
   outer loop
     vertex  2.800000e+01  1.745422e+02 -1.250000e+02
     vertex  2.800000e+01  8.000000e+00 -2.260607e+02
     vertex  2.800000e+01  8.000000e+00 -2.211532e+02
   endloop
 endfacet
 facet normal -1.000000e+00 -7.941360e-15  1.375484e-14
   outer loop
     vertex  2.800000e+01  1.830422e+02 -1.250000e+02
     vertex  2.800000e+01  8.000000e+00 -2.260607e+02
     vertex  2.800000e+01  1.745422e+02 -1.250000e+02
   endloop
 endfacet
 facet normal  8.999490e-15  5.000000e-01 -8.660254e-01
   outer loop
     vertex  2.800000e+01  8.000000e+00 -2.260607e+02
     vertex  2.800000e+01  1.830422e+02 -1.250000e+02
     vertex  3.000000e+01  1.830422e+02 -1.250000e+02
   endloop
 endfacet
 facet normal -1.230696e-14  5.000000e-01 -8.660254e-01
   outer loop
     vertex  2.800000e+01  8.000000e+00 -2.260607e+02
     vertex  3.000000e+01  1.830422e+02 -1.250000e+02
     vertex  3.000000e+01  8.000000e+00 -2.260607e+02
   endloop
 endfacet
 facet normal  1.000000e+00 -1.872123e-16 -3.418600e-16
   outer loop
     vertex  3.000000e+01  1.650422e+02 -1.250000e+02
     vertex  3.000000e+01  8.000000e+00 -2.156684e+02
     vertex  3.000000e+01  8.000000e+00 -2.260607e+02
   endloop
 endfacet
 facet normal  1.000000e+00 -2.997432e-30 -6.327767e-16
   outer loop
     vertex  3.000000e+01  1.830422e+02 -1.250000e+02
     vertex  3.000000e+01  1.650422e+02 -1.250000e+02
     vertex  3.000000e+01  8.000000e+00 -2.260607e+02
   endloop
 endfacet
 facet normal  0.000000e+00  1.000000e+00  0.000000e+00
   outer loop
     vertex  1.753422e+01  1.200000e+01 -2.257528e+02
     vertex  1.786266e+01  1.200000e+01 -2.238871e+02
     vertex  1.912225e+01  1.200000e+01 -2.246549e+02
   endloop
 endfacet
 facet normal  0.000000e+00  1.000000e+00 -0.000000e+00
   outer loop
     vertex  1.753422e+01  1.200000e+01 -2.257528e+02
     vertex  1.691470e+01  1.200000e+01 -2.251258e+02
     vertex  1.786266e+01  1.200000e+01 -2.238871e+02
   endloop
 endfacet
 facet normal  0.000000e+00  1.000000e+00  0.000000e+00
   outer loop
     vertex  1.628601e+01  1.200000e+01 -2.247358e+02
     vertex  1.646635e+01  1.200000e+01 -2.234112e+02
     vertex  1.786266e+01  1.200000e+01 -2.238871e+02
   endloop
 endfacet
 facet normal -0.000000e+00  1.000000e+00  0.000000e+00
   outer loop
     vertex  1.628601e+01  1.200000e+01 -2.247358e+02
     vertex  1.786266e+01  1.200000e+01 -2.238871e+02
     vertex  1.691470e+01  1.200000e+01 -2.251258e+02
   endloop
 endfacet
 facet normal  0.000000e+00  1.000000e+00  0.000000e+00
   outer loop
     vertex  1.800991e+01  1.200000e+01 -2.265442e+02
     vertex  1.912225e+01  1.200000e+01 -2.246549e+02
     vertex  2.018495e+01  1.200000e+01 -2.256781e+02
   endloop
 endfacet
 facet normal  0.000000e+00  1.000000e+00 -0.000000e+00
   outer loop
     vertex  1.800991e+01  1.200000e+01 -2.265442e+02
     vertex  1.753422e+01  1.200000e+01 -2.257528e+02
     vertex  1.912225e+01  1.200000e+01 -2.246549e+02
   endloop
 endfacet
 facet normal  0.000000e+00  1.000000e+00 -0.000000e+00
   outer loop
     vertex  1.570451e+01  1.200000e+01 -2.245293e+02
     vertex  1.500000e+01  1.200000e+01 -2.232500e+02
     vertex  1.646635e+01  1.200000e+01 -2.234112e+02
   endloop
 endfacet
 facet normal -0.000000e+00  1.000000e+00  0.000000e+00
   outer loop
     vertex  1.570451e+01  1.200000e+01 -2.245293e+02
     vertex  1.646635e+01  1.200000e+01 -2.234112e+02
     vertex  1.628601e+01  1.200000e+01 -2.247358e+02
   endloop
 endfacet
 facet normal -0.000000e+00  1.000000e+00 -0.000000e+00
   outer loop
     vertex  1.534593e+01  1.200000e+01 -2.244645e+02
     vertex  1.500000e+01  1.200000e+01 -2.232500e+02
     vertex  1.570451e+01  1.200000e+01 -2.245293e+02
   endloop
 endfacet
 facet normal  0.000000e+00  1.000000e+00  0.000000e+00
   outer loop
     vertex  1.832128e+01  1.200000e+01 -2.275302e+02
     vertex  2.018495e+01  1.200000e+01 -2.256781e+02
     vertex  2.100000e+01  1.200000e+01 -2.269077e+02
   endloop
 endfacet
 facet normal  0.000000e+00  1.000000e+00 -0.000000e+00
   outer loop
     vertex  1.832128e+01  1.200000e+01 -2.275302e+02
     vertex  1.800991e+01  1.200000e+01 -2.265442e+02
     vertex  2.018495e+01  1.200000e+01 -2.256781e+02
   endloop
 endfacet
 facet normal -0.000000e+00  1.000000e+00 -0.000000e+00
   outer loop
     vertex  1.500000e+01  1.200000e+01 -2.244441e+02
     vertex  1.500000e+01  1.200000e+01 -2.232500e+02
     vertex  1.534593e+01  1.200000e+01 -2.244645e+02
   endloop
 endfacet
 facet normal  0.000000e+00  1.000000e+00 -0.000000e+00
   outer loop
     vertex  1.839270e+01  1.200000e+01 -2.286271e+02
     vertex  1.832128e+01  1.200000e+01 -2.275302e+02
     vertex  2.100000e+01  1.200000e+01 -2.269077e+02
   endloop
 endfacet
 facet normal  0.000000e+00  1.000000e+00 -0.000000e+00
   outer loop
     vertex  1.427975e+01  1.200000e+01 -2.245332e+02
     vertex  1.334744e+01  1.200000e+01 -2.234554e+02
     vertex  1.500000e+01  1.200000e+01 -2.232500e+02
   endloop
 endfacet
 facet normal  0.000000e+00  1.000000e+00  0.000000e+00
   outer loop
     vertex  1.427975e+01  1.200000e+01 -2.245332e+02
     vertex  1.500000e+01  1.200000e+01 -2.232500e+02
     vertex  1.500000e+01  1.200000e+01 -2.244441e+02
   endloop
 endfacet
 facet normal  0.000000e+00  1.000000e+00 -0.000000e+00
   outer loop
     vertex  1.360781e+01  1.200000e+01 -2.247883e+02
     vertex  1.334744e+01  1.200000e+01 -2.234554e+02
     vertex  1.427975e+01  1.200000e+01 -2.245332e+02
   endloop
 endfacet
 facet normal  0.000000e+00  1.000000e+00  0.000000e+00
   outer loop
     vertex  1.822636e+01  1.200000e+01 -2.296087e+02
     vertex  1.839270e+01  1.200000e+01 -2.286271e+02
     vertex  2.100000e+01  1.200000e+01 -2.269077e+02
   endloop
 endfacet
 facet normal  0.000000e+00  1.000000e+00 -0.000000e+00
   outer loop
     vertex  2.100000e+01  1.200000e+01 -2.330923e+02
     vertex  1.822636e+01  1.200000e+01 -2.296087e+02
     vertex  2.100000e+01  1.200000e+01 -2.269077e+02
   endloop
 endfacet
 facet normal  0.000000e+00  1.000000e+00  0.000000e+00
   outer loop
     vertex  1.302429e+01  1.200000e+01 -2.251750e+02
     vertex  1.334744e+01  1.200000e+01 -2.234554e+02
     vertex  1.360781e+01  1.200000e+01 -2.247883e+02
   endloop
 endfacet
 facet normal -0.000000e+00  1.000000e+00  0.000000e+00
   outer loop
     vertex  1.822626e+01  1.200000e+01 -2.303921e+02
     vertex  1.822636e+01  1.200000e+01 -2.296087e+02
     vertex  2.100000e+01  1.200000e+01 -2.330923e+02
   endloop
 endfacet
 facet normal -0.000000e+00  1.000000e+00  0.000000e+00
   outer loop
     vertex  1.179546e+01  1.200000e+01 -2.240592e+02
     vertex  1.334744e+01  1.200000e+01 -2.234554e+02
     vertex  1.302429e+01  1.200000e+01 -2.251750e+02
   endloop
 endfacet
 facet normal -0.000000e+00  1.000000e+00  0.000000e+00
   outer loop
     vertex  1.803869e+01  1.200000e+01 -2.311528e+02
     vertex  1.822626e+01  1.200000e+01 -2.303921e+02
     vertex  2.100000e+01  1.200000e+01 -2.330923e+02
   endloop
 endfacet
 facet normal  0.000000e+00  1.000000e+00 -0.000000e+00
   outer loop
     vertex  1.250272e+01  1.200000e+01 -2.257059e+02
     vertex  1.179546e+01  1.200000e+01 -2.240592e+02
     vertex  1.302429e+01  1.200000e+01 -2.251750e+02
   endloop
 endfacet
 facet normal -0.000000e+00  1.000000e+00  0.000000e+00
   outer loop
     vertex  1.767455e+01  1.200000e+01 -2.318464e+02
     vertex  1.803869e+01  1.200000e+01 -2.311528e+02
     vertex  2.100000e+01  1.200000e+01 -2.330923e+02
   endloop
 endfacet
 facet normal  0.000000e+00  1.000000e+00  0.000000e+00
   outer loop
     vertex  1.767455e+01  1.200000e+01 -2.318464e+02
     vertex  2.100000e+01  1.200000e+01 -2.330923e+02
     vertex  2.050105e+01  1.200000e+01 -2.339116e+02
   endloop
 endfacet
 facet normal -0.000000e+00  1.000000e+00  0.000000e+00
   outer loop
     vertex  1.043852e+01  1.200000e+01 -2.250245e+02
     vertex  1.179546e+01  1.200000e+01 -2.240592e+02
     vertex  1.250272e+01  1.200000e+01 -2.257059e+02
   endloop
 endfacet
 facet normal  0.000000e+00  1.000000e+00  0.000000e+00
   outer loop
     vertex  1.043852e+01  1.200000e+01 -2.250245e+02
     vertex  1.250272e+01  1.200000e+01 -2.257059e+02
     vertex  1.208110e+01  1.200000e+01 -2.263568e+02
   endloop
 endfacet
 facet normal  0.000000e+00  1.000000e+00 -0.000000e+00
   outer loop
     vertex  1.989101e+01  1.200000e+01 -2.346519e+02
     vertex  1.767455e+01  1.200000e+01 -2.318464e+02
     vertex  2.050105e+01  1.200000e+01 -2.339116e+02
   endloop
 endfacet
 facet normal -0.000000e+00  1.000000e+00  0.000000e+00
   outer loop
     vertex  1.715500e+01  1.200000e+01 -2.324328e+02
     vertex  1.767455e+01  1.200000e+01 -2.318464e+02
     vertex  1.989101e+01  1.200000e+01 -2.346519e+02
   endloop
 endfacet
 facet normal  0.000000e+00  1.000000e+00 -0.000000e+00
   outer loop
     vertex  1.178665e+01  1.200000e+01 -2.270872e+02
     vertex  1.043852e+01  1.200000e+01 -2.250245e+02
     vertex  1.208110e+01  1.200000e+01 -2.263568e+02
   endloop
 endfacet
 facet normal  0.000000e+00  1.000000e+00 -0.000000e+00
   outer loop
     vertex  1.918217e+01  1.200000e+01 -2.352983e+02
     vertex  1.715500e+01  1.200000e+01 -2.324328e+02
     vertex  1.989101e+01  1.200000e+01 -2.346519e+02
   endloop
 endfacet
 facet normal -0.000000e+00  1.000000e+00  0.000000e+00
   outer loop
     vertex  1.651024e+01  1.200000e+01 -2.328778e+02
     vertex  1.715500e+01  1.200000e+01 -2.324328e+02
     vertex  1.918217e+01  1.200000e+01 -2.352983e+02
   endloop
 endfacet
 facet normal -0.000000e+00  1.000000e+00  0.000000e+00
   outer loop
     vertex  9.359221e+00  1.200000e+01 -2.262927e+02
     vertex  1.043852e+01  1.200000e+01 -2.250245e+02
     vertex  1.178665e+01  1.200000e+01 -2.270872e+02
   endloop
 endfacet
 facet normal  0.000000e+00  1.000000e+00  0.000000e+00
   outer loop
     vertex  9.359221e+00  1.200000e+01 -2.262927e+02
     vertex  1.178665e+01  1.200000e+01 -2.270872e+02
     vertex  1.163017e+01  1.200000e+01 -2.278482e+02
   endloop
 endfacet
 facet normal -0.000000e+00  1.000000e+00  0.000000e+00
   outer loop
     vertex  1.577771e+01  1.200000e+01 -2.331556e+02
     vertex  1.651024e+01  1.200000e+01 -2.328778e+02
     vertex  1.918217e+01  1.200000e+01 -2.352983e+02
   endloop
 endfacet
 facet normal -0.000000e+00  1.000000e+00  0.000000e+00
   outer loop
     vertex  1.500000e+01  1.200000e+01 -2.332500e+02
     vertex  1.577771e+01  1.200000e+01 -2.331556e+02
     vertex  1.918217e+01  1.200000e+01 -2.352983e+02
   endloop
 endfacet
 facet normal -0.000000e+00  1.000000e+00  0.000000e+00
   outer loop
     vertex  8.623246e+00  1.200000e+01 -2.277865e+02
     vertex  9.359221e+00  1.200000e+01 -2.262927e+02
     vertex  1.163017e+01  1.200000e+01 -2.278482e+02
   endloop
 endfacet
 facet normal  0.000000e+00  1.000000e+00  0.000000e+00
   outer loop
     vertex  8.623246e+00  1.200000e+01 -2.277865e+02
     vertex  1.163017e+01  1.200000e+01 -2.278482e+02
     vertex  1.160548e+01  1.200000e+01 -2.285928e+02
   endloop
 endfacet
 facet normal  0.000000e+00  1.000000e+00  0.000000e+00
   outer loop
     vertex  8.275392e+00  1.200000e+01 -2.294151e+02
     vertex  8.623246e+00  1.200000e+01 -2.277865e+02
     vertex  1.160548e+01  1.200000e+01 -2.285928e+02
   endloop
 endfacet
 facet normal  0.000000e+00  1.000000e+00  0.000000e+00
   outer loop
     vertex  8.275392e+00  1.200000e+01 -2.294151e+02
     vertex  1.160548e+01  1.200000e+01 -2.285928e+02
     vertex  1.166289e+01  1.200000e+01 -2.291217e+02
   endloop
 endfacet
 facet normal -0.000000e+00  1.000000e+00  0.000000e+00
   outer loop
     vertex  8.275392e+00  1.200000e+01 -2.294151e+02
     vertex  1.166289e+01  1.200000e+01 -2.291217e+02
     vertex  1.177364e+01  1.200000e+01 -2.296087e+02
   endloop
 endfacet
 facet normal  0.000000e+00  1.000000e+00  0.000000e+00
   outer loop
     vertex  8.275392e+00  1.200000e+01 -2.294151e+02
     vertex  1.177364e+01  1.200000e+01 -2.296087e+02
     vertex  1.177374e+01  1.200000e+01 -2.303921e+02
   endloop
 endfacet
 facet normal -0.000000e+00  1.000000e+00  0.000000e+00
   outer loop
     vertex  8.336832e+00  1.200000e+01 -2.310792e+02
     vertex  1.177374e+01  1.200000e+01 -2.303921e+02
     vertex  1.196131e+01  1.200000e+01 -2.311528e+02
   endloop
 endfacet
 facet normal  0.000000e+00  1.000000e+00 -0.000000e+00
   outer loop
     vertex  8.336832e+00  1.200000e+01 -2.310792e+02
     vertex  8.275392e+00  1.200000e+01 -2.294151e+02
     vertex  1.177374e+01  1.200000e+01 -2.303921e+02
   endloop
 endfacet
 facet normal  0.000000e+00  1.000000e+00  0.000000e+00
   outer loop
     vertex  8.803826e+00  1.200000e+01 -2.326777e+02
     vertex  1.196131e+01  1.200000e+01 -2.311528e+02
     vertex  1.232545e+01  1.200000e+01 -2.318464e+02
   endloop
 endfacet
 facet normal  0.000000e+00  1.000000e+00 -0.000000e+00
   outer loop
     vertex  8.803826e+00  1.200000e+01 -2.326777e+02
     vertex  8.336832e+00  1.200000e+01 -2.310792e+02
     vertex  1.196131e+01  1.200000e+01 -2.311528e+02
   endloop
 endfacet
 facet normal  0.000000e+00  1.000000e+00  0.000000e+00
   outer loop
     vertex  9.647950e+00  1.200000e+01 -2.341132e+02
     vertex  1.232545e+01  1.200000e+01 -2.318464e+02
     vertex  1.284500e+01  1.200000e+01 -2.324328e+02
   endloop
 endfacet
 facet normal  0.000000e+00  1.000000e+00 -0.000000e+00
   outer loop
     vertex  9.647950e+00  1.200000e+01 -2.341132e+02
     vertex  8.803826e+00  1.200000e+01 -2.326777e+02
     vertex  1.232545e+01  1.200000e+01 -2.318464e+02
   endloop
 endfacet
 facet normal  0.000000e+00  1.000000e+00  0.000000e+00
   outer loop
     vertex  1.081783e+01  1.200000e+01 -2.352983e+02
     vertex  1.500000e+01  1.200000e+01 -2.332500e+02
     vertex  1.918217e+01  1.200000e+01 -2.352983e+02
   endloop
 endfacet
 facet normal  0.000000e+00  1.000000e+00  0.000000e+00
   outer loop
     vertex  1.081783e+01  1.200000e+01 -2.352983e+02
     vertex  1.422229e+01  1.200000e+01 -2.331556e+02
     vertex  1.500000e+01  1.200000e+01 -2.332500e+02
   endloop
 endfacet
 facet normal  0.000000e+00  1.000000e+00  0.000000e+00
   outer loop
     vertex  1.081783e+01  1.200000e+01 -2.352983e+02
     vertex  1.348976e+01  1.200000e+01 -2.328778e+02
     vertex  1.422229e+01  1.200000e+01 -2.331556e+02
   endloop
 endfacet
 facet normal  0.000000e+00  1.000000e+00  0.000000e+00
   outer loop
     vertex  1.081783e+01  1.200000e+01 -2.352983e+02
     vertex  1.284500e+01  1.200000e+01 -2.324328e+02
     vertex  1.348976e+01  1.200000e+01 -2.328778e+02
   endloop
 endfacet
 facet normal  0.000000e+00  1.000000e+00 -0.000000e+00
   outer loop
     vertex  1.081783e+01  1.200000e+01 -2.352983e+02
     vertex  9.647950e+00  1.200000e+01 -2.341132e+02
     vertex  1.284500e+01  1.200000e+01 -2.324328e+02
   endloop
 endfacet
 facet normal -6.735226e-01  2.820063e-02  7.386285e-01
   outer loop
     vertex  1.989101e+01  1.200000e+01 -2.346519e+02
     vertex  1.958579e+01  1.259792e+01 -2.349531e+02
     vertex  1.918217e+01  1.200000e+01 -2.352983e+02
   endloop
 endfacet
 facet normal -7.342086e-01 -3.325868e-02  6.781089e-01
   outer loop
     vertex  2.094093e+01  1.833713e+01 -2.332043e+02
     vertex  1.958579e+01  1.259792e+01 -2.349531e+02
     vertex  1.989101e+01  1.200000e+01 -2.346519e+02
   endloop
 endfacet
 facet normal -7.716160e-01 -1.740787e-02  6.358504e-01
   outer loop
     vertex  2.050105e+01  1.200000e+01 -2.339116e+02
     vertex  2.094093e+01  1.833713e+01 -2.332043e+02
     vertex  1.989101e+01  1.200000e+01 -2.346519e+02
   endloop
 endfacet
 facet normal -8.548549e-01  1.426887e-03  5.188652e-01
   outer loop
     vertex  2.100000e+01  1.299242e+01 -2.330923e+02
     vertex  2.094093e+01  1.833713e+01 -2.332043e+02
     vertex  2.050105e+01  1.200000e+01 -2.339116e+02
   endloop
 endfacet
 facet normal -8.540889e-01 -2.061918e-14  5.201271e-01
   outer loop
     vertex  2.100000e+01  1.200000e+01 -2.330923e+02
     vertex  2.100000e+01  1.299242e+01 -2.330923e+02
     vertex  2.050105e+01  1.200000e+01 -2.339116e+02
   endloop
 endfacet
 facet normal -9.377053e-01 -9.218275e-03  3.473095e-01
   outer loop
     vertex  2.157144e+01  1.682002e+01 -2.315423e+02
     vertex  2.164978e+01  2.329768e+01 -2.311589e+02
     vertex  2.094093e+01  1.833713e+01 -2.332043e+02
   endloop
 endfacet
 facet normal -9.358720e-01 -2.958665e-03  3.523278e-01
   outer loop
     vertex  2.157144e+01  1.682002e+01 -2.315423e+02
     vertex  2.094093e+01  1.833713e+01 -2.332043e+02
     vertex  2.100000e+01  1.299242e+01 -2.330923e+02
   endloop
 endfacet
 facet normal -9.986624e-01 -1.006703e-02  5.071554e-02
   outer loop
     vertex  2.174837e+01  2.010204e+01 -2.298517e+02
     vertex  2.171123e+01  2.667908e+01 -2.292776e+02
     vertex  2.164978e+01  2.329768e+01 -2.311589e+02
   endloop
 endfacet
 facet normal -9.957981e-01  6.636265e-03  9.133530e-02
   outer loop
     vertex  2.174837e+01  2.010204e+01 -2.298517e+02
     vertex  2.164978e+01  2.329768e+01 -2.311589e+02
     vertex  2.157144e+01  1.682002e+01 -2.315423e+02
   endloop
 endfacet
 facet normal -9.783313e-01 -7.312561e-03 -2.069166e-01
   outer loop
     vertex  2.160663e+01  2.195858e+01 -2.286162e+02
     vertex  2.139005e+01  2.855230e+01 -2.278252e+02
     vertex  2.171123e+01  2.667908e+01 -2.292776e+02
   endloop
 endfacet
 facet normal -9.925951e-01  4.989657e-03 -1.213675e-01
   outer loop
     vertex  2.160663e+01  2.195858e+01 -2.286162e+02
     vertex  2.171123e+01  2.667908e+01 -2.292776e+02
     vertex  2.174837e+01  2.010204e+01 -2.298517e+02
   endloop
 endfacet
 facet normal -9.622058e-01  1.062986e-03 -2.723211e-01
   outer loop
     vertex  2.135739e+01  2.299242e+01 -2.277315e+02
     vertex  2.139005e+01  2.855230e+01 -2.278252e+02
     vertex  2.160663e+01  2.195858e+01 -2.286162e+02
   endloop
 endfacet
 facet normal -9.207799e-01  2.553479e-04 -3.900824e-01
   outer loop
     vertex  2.100000e+01  2.370456e+01 -2.269077e+02
     vertex  2.100894e+01  2.934914e+01 -2.269251e+02
     vertex  2.139005e+01  2.855230e+01 -2.278252e+02
   endloop
 endfacet
 facet normal -8.649849e-01 -1.775989e-04 -5.017979e-01
   outer loop
     vertex  2.100000e+01  2.370456e+01 -2.269077e+02
     vertex  2.065150e+01  2.970124e+01 -2.263091e+02
     vertex  2.100894e+01  2.934914e+01 -2.269251e+02
   endloop
 endfacet
 facet normal -9.178031e-01 -1.299845e-03 -3.970336e-01
   outer loop
     vertex  2.100000e+01  2.370456e+01 -2.269077e+02
     vertex  2.139005e+01  2.855230e+01 -2.278252e+02
     vertex  2.135739e+01  2.299242e+01 -2.277315e+02
   endloop
 endfacet
 facet normal -8.114756e-01  1.116579e-02 -5.842796e-01
   outer loop
     vertex  2.031553e+01  2.984216e+01 -2.258398e+02
     vertex  2.065150e+01  2.970124e+01 -2.263091e+02
     vertex  2.100000e+01  2.370456e+01 -2.269077e+02
   endloop
 endfacet
 facet normal -8.335057e-01 -1.093096e-15 -5.525109e-01
   outer loop
     vertex  2.018495e+01  1.200000e+01 -2.256781e+02
     vertex  2.100000e+01  2.370456e+01 -2.269077e+02
     vertex  2.100000e+01  1.200000e+01 -2.269077e+02
   endloop
 endfacet
 facet normal -7.631799e-01 -2.690997e-04 -6.461860e-01
   outer loop
     vertex  2.018495e+01  1.200000e+01 -2.256781e+02
     vertex  1.997969e+01  2.985748e+01 -2.254431e+02
     vertex  2.031553e+01  2.984216e+01 -2.258398e+02
   endloop
 endfacet
 facet normal -7.235467e-01  7.666119e-04 -6.902750e-01
   outer loop
     vertex  2.018495e+01  1.200000e+01 -2.256781e+02
     vertex  1.978516e+01  2.982152e+01 -2.252392e+02
     vertex  1.997969e+01  2.985748e+01 -2.254431e+02
   endloop
 endfacet
 facet normal -6.946515e-01  2.130619e-03 -7.193432e-01
   outer loop
     vertex  2.018495e+01  1.200000e+01 -2.256781e+02
     vertex  1.958579e+01  2.975591e+01 -2.250469e+02
     vertex  1.978516e+01  2.982152e+01 -2.252392e+02
   endloop
 endfacet
 facet normal -8.387504e-01  1.205215e-03 -5.445148e-01
   outer loop
     vertex  2.018495e+01  1.200000e+01 -2.256781e+02
     vertex  2.031553e+01  2.984216e+01 -2.258398e+02
     vertex  2.100000e+01  2.370456e+01 -2.269077e+02
   endloop
 endfacet
 facet normal -5.847904e-01 -1.529149e-03 -8.111830e-01
   outer loop
     vertex  1.836127e+01  2.033993e+01 -2.241464e+02
     vertex  1.823163e+01  3.144128e+01 -2.240739e+02
     vertex  1.958579e+01  2.975591e+01 -2.250469e+02
   endloop
 endfacet
 facet normal -4.634075e-01  3.781363e-04 -8.861452e-01
   outer loop
     vertex  1.791442e+01  2.322559e+01 -2.239115e+02
     vertex  1.823163e+01  3.144128e+01 -2.240739e+02
     vertex  1.836127e+01  2.033993e+01 -2.241464e+02
   endloop
 endfacet
 facet normal -5.776873e-01 -2.937741e-03 -8.162529e-01
   outer loop
     vertex  1.912225e+01  1.200000e+01 -2.246549e+02
     vertex  1.836127e+01  2.033993e+01 -2.241464e+02
     vertex  1.958579e+01  2.975591e+01 -2.250469e+02
   endloop
 endfacet
 facet normal -5.576614e-01 -2.680426e-04 -8.300685e-01
   outer loop
     vertex  1.912225e+01  1.200000e+01 -2.246549e+02
     vertex  1.836801e+01  1.837813e+01 -2.241503e+02
     vertex  1.836127e+01  2.033993e+01 -2.241464e+02
   endloop
 endfacet
 facet normal -6.935733e-01  2.203954e-03 -7.203827e-01
   outer loop
     vertex  1.912225e+01  1.200000e+01 -2.246549e+02
     vertex  1.958579e+01  2.975591e+01 -2.250469e+02
     vertex  2.018495e+01  1.200000e+01 -2.256781e+02
   endloop
 endfacet
 facet normal -3.691526e-01 -4.115174e-03 -9.293597e-01
   outer loop
     vertex  1.691988e+01  2.599794e+01 -2.235287e+02
     vertex  1.823163e+01  3.144128e+01 -2.240739e+02
     vertex  1.791442e+01  2.322559e+01 -2.239115e+02
   endloop
 endfacet
 facet normal -3.944223e-01  3.019512e-03 -9.189243e-01
   outer loop
     vertex  1.691988e+01  2.599794e+01 -2.235287e+02
     vertex  1.709630e+01  3.229015e+01 -2.235838e+02
     vertex  1.823163e+01  3.144128e+01 -2.240739e+02
   endloop
 endfacet
 facet normal -5.183771e-01  6.360266e-03 -8.551285e-01
   outer loop
     vertex  1.817992e+01  1.708269e+01 -2.240459e+02
     vertex  1.836801e+01  1.837813e+01 -2.241503e+02
     vertex  1.912225e+01  1.200000e+01 -2.246549e+02
   endloop
 endfacet
 facet normal -2.382348e-01 -1.817068e-03 -9.712059e-01
   outer loop
     vertex  1.625473e+01  2.698585e+01 -2.233674e+02
     vertex  1.709630e+01  3.229015e+01 -2.235838e+02
     vertex  1.691988e+01  2.599794e+01 -2.235287e+02
   endloop
 endfacet
 facet normal -2.449896e-01 -6.768284e-04 -9.695255e-01
   outer loop
     vertex  1.625473e+01  2.698585e+01 -2.233674e+02
     vertex  1.619954e+01  3.268217e+01 -2.233574e+02
     vertex  1.709630e+01  3.229015e+01 -2.235838e+02
   endloop
 endfacet
 facet normal -1.528081e-01  2.490691e-04 -9.882558e-01
   outer loop
     vertex  1.581633e+01  2.738367e+01 -2.232995e+02
     vertex  1.619954e+01  3.268217e+01 -2.233574e+02
     vertex  1.625473e+01  2.698585e+01 -2.233674e+02
   endloop
 endfacet
 facet normal -1.335784e-01 -1.172132e-03 -9.910376e-01
   outer loop
     vertex  1.581633e+01  2.738367e+01 -2.232995e+02
     vertex  1.559833e+01  3.282224e+01 -2.232766e+02
     vertex  1.619954e+01  3.268217e+01 -2.233574e+02
   endloop
 endfacet
 facet normal -4.127914e-01 -3.026437e-04 -9.108256e-01
   outer loop
     vertex  1.786266e+01  1.200000e+01 -2.238871e+02
     vertex  1.765039e+01  1.567003e+01 -2.237921e+02
     vertex  1.792823e+01  1.625512e+01 -2.239182e+02
   endloop
 endfacet
 facet normal -4.536601e-01  4.708577e-04 -8.911746e-01
   outer loop
     vertex  1.786266e+01  1.200000e+01 -2.238871e+02
     vertex  1.792823e+01  1.625512e+01 -2.239182e+02
     vertex  1.817992e+01  1.708269e+01 -2.240459e+02
   endloop
 endfacet
 facet normal -5.205088e-01  5.810229e-03 -8.538365e-01
   outer loop
     vertex  1.786266e+01  1.200000e+01 -2.238871e+02
     vertex  1.817992e+01  1.708269e+01 -2.240459e+02
     vertex  1.912225e+01  1.200000e+01 -2.246549e+02
   endloop
 endfacet
 facet normal -9.516196e-02  3.863986e-04 -9.954617e-01
   outer loop
     vertex  1.547166e+01  2.757393e+01 -2.232665e+02
     vertex  1.559833e+01  3.282224e+01 -2.232766e+02
     vertex  1.581633e+01  2.738367e+01 -2.232995e+02
   endloop
 endfacet
 facet normal -3.690404e-01  2.708854e-03 -9.294094e-01
   outer loop
     vertex  1.728391e+01  1.514132e+01 -2.236481e+02
     vertex  1.765039e+01  1.567003e+01 -2.237921e+02
     vertex  1.786266e+01  1.200000e+01 -2.238871e+02
   endloop
 endfacet
 facet normal -5.301014e-02 -6.369869e-04 -9.985938e-01
   outer loop
     vertex  1.524134e+01  2.764362e+01 -2.232543e+02
     vertex  1.559833e+01  3.282224e+01 -2.232766e+02
     vertex  1.547166e+01  2.757393e+01 -2.232665e+02
   endloop
 endfacet
 facet normal -4.445867e-02 -1.228275e-03 -9.990105e-01
   outer loop
     vertex  1.524134e+01  2.764362e+01 -2.232543e+02
     vertex  1.500000e+01  3.286826e+01 -2.232500e+02
     vertex  1.559833e+01  3.282224e+01 -2.232766e+02
   endloop
 endfacet
 facet normal -1.788340e-02 -4.887277e-17 -9.998401e-01
   outer loop
     vertex  1.500000e+01  2.766826e+01 -2.232500e+02
     vertex  1.500000e+01  3.286826e+01 -2.232500e+02
     vertex  1.524134e+01  2.764362e+01 -2.232543e+02
   endloop
 endfacet
 facet normal -2.279999e-01 -2.188473e-03 -9.736587e-01
   outer loop
     vertex  1.646635e+01  1.200000e+01 -2.234112e+02
     vertex  1.627149e+01  1.435240e+01 -2.233709e+02
     vertex  1.682162e+01  1.469279e+01 -2.235004e+02
   endloop
 endfacet
 facet normal -3.129235e-01  9.808876e-03 -9.497277e-01
   outer loop
     vertex  1.646635e+01  1.200000e+01 -2.234112e+02
     vertex  1.682162e+01  1.469279e+01 -2.235004e+02
     vertex  1.728391e+01  1.514132e+01 -2.236481e+02
   endloop
 endfacet
 facet normal -3.225737e-01  1.256685e-02 -9.464609e-01
   outer loop
     vertex  1.646635e+01  1.200000e+01 -2.234112e+02
     vertex  1.728391e+01  1.514132e+01 -2.236481e+02
     vertex  1.786266e+01  1.200000e+01 -2.238871e+02
   endloop
 endfacet
 facet normal -1.441165e-01  5.032267e-03 -9.895479e-01
   outer loop
     vertex  1.565400e+01  1.414054e+01 -2.232820e+02
     vertex  1.627149e+01  1.435240e+01 -2.233709e+02
     vertex  1.646635e+01  1.200000e+01 -2.234112e+02
   endloop
 endfacet
 facet normal -4.887532e-02  3.358190e-16 -9.988049e-01
   outer loop
     vertex  1.500000e+01  1.200000e+01 -2.232500e+02
     vertex  1.500000e+01  1.406826e+01 -2.232500e+02
     vertex  1.565400e+01  1.414054e+01 -2.232820e+02
   endloop
 endfacet
 facet normal -1.092540e-01  1.852189e-02 -9.938413e-01
   outer loop
     vertex  1.500000e+01  1.200000e+01 -2.232500e+02
     vertex  1.565400e+01  1.414054e+01 -2.232820e+02
     vertex  1.646635e+01  1.200000e+01 -2.234112e+02
   endloop
 endfacet
 facet normal -6.509612e-01 -2.110958e-15  7.591110e-01
   outer loop
     vertex  1.976355e+01  2.689360e+01 -2.347824e+02
     vertex  1.900000e+01  2.975951e+01 -2.354371e+02
     vertex  1.900000e+01  2.575951e+01 -2.354371e+02
   endloop
 endfacet
 facet normal -6.847967e-01 -1.599484e-02  7.285586e-01
   outer loop
     vertex  2.034298e+01  3.203233e+01 -2.341249e+02
     vertex  1.900000e+01  2.975951e+01 -2.354371e+02
     vertex  1.976355e+01  2.689360e+01 -2.347824e+02
   endloop
 endfacet
 facet normal -7.624660e-01  3.194933e-03  6.470204e-01
   outer loop
     vertex  2.046059e+01  2.830426e+01 -2.339679e+02
     vertex  2.034298e+01  3.203233e+01 -2.341249e+02
     vertex  1.976355e+01  2.689360e+01 -2.347824e+02
   endloop
 endfacet
 facet normal -8.709407e-01 -6.783359e-03  4.913413e-01
   outer loop
     vertex  2.134250e+01  3.517622e+01 -2.323098e+02
     vertex  2.034298e+01  3.203233e+01 -2.341249e+02
     vertex  2.046059e+01  2.830426e+01 -2.339679e+02
   endloop
 endfacet
 facet normal -9.015451e-01  1.133317e-02  4.325366e-01
   outer loop
     vertex  2.144576e+01  3.170648e+01 -2.320037e+02
     vertex  2.134250e+01  3.517622e+01 -2.323098e+02
     vertex  2.046059e+01  2.830426e+01 -2.339679e+02
   endloop
 endfacet
 facet normal -9.774086e-01 -1.046244e-02  2.110995e-01
   outer loop
     vertex  2.174443e+01  3.870222e+01 -2.302741e+02
     vertex  2.134250e+01  3.517622e+01 -2.323098e+02
     vertex  2.144576e+01  3.170648e+01 -2.320037e+02
   endloop
 endfacet
 facet normal -9.948777e-01  1.787659e-02  9.949228e-02
   outer loop
     vertex  2.174443e+01  3.565161e+01 -2.297259e+02
     vertex  2.174443e+01  3.870222e+01 -2.302741e+02
     vertex  2.144576e+01  3.170648e+01 -2.320037e+02
   endloop
 endfacet
 facet normal -9.948777e-01 -1.787659e-02 -9.949228e-02
   outer loop
     vertex  2.144576e+01  4.264735e+01 -2.279963e+02
     vertex  2.174443e+01  3.870222e+01 -2.302741e+02
     vertex  2.174443e+01  3.565161e+01 -2.297259e+02
   endloop
 endfacet
 facet normal -9.774086e-01  1.046244e-02 -2.110995e-01
   outer loop
     vertex  2.134250e+01  3.917760e+01 -2.276902e+02
     vertex  2.144576e+01  4.264735e+01 -2.279963e+02
     vertex  2.174443e+01  3.565161e+01 -2.297259e+02
   endloop
 endfacet
 facet normal -9.015451e-01 -1.133317e-02 -4.325366e-01
   outer loop
     vertex  2.046059e+01  4.604956e+01 -2.260321e+02
     vertex  2.144576e+01  4.264735e+01 -2.279963e+02
     vertex  2.134250e+01  3.917760e+01 -2.276902e+02
   endloop
 endfacet
 facet normal -8.709407e-01  6.783359e-03 -4.913413e-01
   outer loop
     vertex  2.034298e+01  4.232150e+01 -2.258751e+02
     vertex  2.046059e+01  4.604956e+01 -2.260321e+02
     vertex  2.134250e+01  3.917760e+01 -2.276902e+02
   endloop
 endfacet
 facet normal -7.624660e-01 -3.194933e-03 -6.470204e-01
   outer loop
     vertex  1.976355e+01  4.746023e+01 -2.252176e+02
     vertex  2.046059e+01  4.604956e+01 -2.260321e+02
     vertex  2.034298e+01  4.232150e+01 -2.258751e+02
   endloop
 endfacet
 facet normal -6.509612e-01 -3.271410e-15 -7.591110e-01
   outer loop
     vertex  1.900000e+01  4.459432e+01 -2.245629e+02
     vertex  1.900000e+01  4.859432e+01 -2.245629e+02
     vertex  1.976355e+01  4.746023e+01 -2.252176e+02
   endloop
 endfacet
 facet normal -6.847967e-01  1.599484e-02 -7.285586e-01
   outer loop
     vertex  1.900000e+01  4.459432e+01 -2.245629e+02
     vertex  1.976355e+01  4.746023e+01 -2.252176e+02
     vertex  2.034298e+01  4.232150e+01 -2.258751e+02
   endloop
 endfacet
 facet normal  6.509612e-01  2.028175e-15 -7.591110e-01
   outer loop
     vertex  1.023645e+01  4.346023e+01 -2.252176e+02
     vertex  1.100000e+01  4.859432e+01 -2.245629e+02
     vertex  1.100000e+01  4.459432e+01 -2.245629e+02
   endloop
 endfacet
 facet normal  7.130458e-01 -1.665466e-02 -7.009196e-01
   outer loop
     vertex  9.657018e+00  4.632150e+01 -2.258751e+02
     vertex  1.100000e+01  4.859432e+01 -2.245629e+02
     vertex  1.023645e+01  4.346023e+01 -2.252176e+02
   endloop
 endfacet
 facet normal  7.570183e-01  3.172106e-03 -6.533860e-01
   outer loop
     vertex  9.539408e+00  4.204956e+01 -2.260321e+02
     vertex  9.657018e+00  4.632150e+01 -2.258751e+02
     vertex  1.023645e+01  4.346023e+01 -2.252176e+02
   endloop
 endfacet
 facet normal  8.809249e-01 -6.861122e-03 -4.732063e-01
   outer loop
     vertex  8.657498e+00  4.317760e+01 -2.276902e+02
     vertex  9.657018e+00  4.632150e+01 -2.258751e+02
     vertex  9.539408e+00  4.204956e+01 -2.260321e+02
   endloop
 endfacet
 facet normal  8.859551e-01  1.113719e-02 -4.636373e-01
   outer loop
     vertex  8.554237e+00  3.864735e+01 -2.279963e+02
     vertex  8.657498e+00  4.317760e+01 -2.276902e+02
     vertex  9.539408e+00  4.204956e+01 -2.260321e+02
   endloop
 endfacet
 facet normal  9.843172e-01 -1.053639e-02 -1.760925e-01
   outer loop
     vertex  8.255566e+00  3.965161e+01 -2.297259e+02
     vertex  8.657498e+00  4.317760e+01 -2.276902e+02
     vertex  8.554237e+00  3.864735e+01 -2.279963e+02
   endloop
 endfacet
 facet normal  9.869366e-01  1.773390e-02 -1.601302e-01
   outer loop
     vertex  8.255566e+00  3.470222e+01 -2.302741e+02
     vertex  8.255566e+00  3.965161e+01 -2.297259e+02
     vertex  8.554237e+00  3.864735e+01 -2.279963e+02
   endloop
 endfacet
 facet normal  9.869366e-01 -1.773390e-02  1.601302e-01
   outer loop
     vertex  8.554237e+00  3.570648e+01 -2.320037e+02
     vertex  8.255566e+00  3.965161e+01 -2.297259e+02
     vertex  8.255566e+00  3.470222e+01 -2.302741e+02
   endloop
 endfacet
 facet normal  9.843172e-01  1.053639e-02  1.760925e-01
   outer loop
     vertex  8.657498e+00  3.117622e+01 -2.323098e+02
     vertex  8.554237e+00  3.570648e+01 -2.320037e+02
     vertex  8.255566e+00  3.470222e+01 -2.302741e+02
   endloop
 endfacet
 facet normal  8.859551e-01 -1.113719e-02  4.636373e-01
   outer loop
     vertex  9.539408e+00  3.230426e+01 -2.339679e+02
     vertex  8.554237e+00  3.570648e+01 -2.320037e+02
     vertex  8.657498e+00  3.117622e+01 -2.323098e+02
   endloop
 endfacet
 facet normal  8.809249e-01  6.861122e-03  4.732063e-01
   outer loop
     vertex  9.657018e+00  2.803233e+01 -2.341249e+02
     vertex  9.539408e+00  3.230426e+01 -2.339679e+02
     vertex  8.657498e+00  3.117622e+01 -2.323098e+02
   endloop
 endfacet
 facet normal  7.570183e-01 -3.172106e-03  6.533860e-01
   outer loop
     vertex  1.023645e+01  3.089360e+01 -2.347824e+02
     vertex  9.539408e+00  3.230426e+01 -2.339679e+02
     vertex  9.657018e+00  2.803233e+01 -2.341249e+02
   endloop
 endfacet
 facet normal  6.509612e-01  2.890848e-15  7.591110e-01
   outer loop
     vertex  1.100000e+01  2.575951e+01 -2.354371e+02
     vertex  1.100000e+01  2.975951e+01 -2.354371e+02
     vertex  1.023645e+01  3.089360e+01 -2.347824e+02
   endloop
 endfacet
 facet normal  7.130458e-01  1.665466e-02  7.009196e-01
   outer loop
     vertex  1.100000e+01  2.575951e+01 -2.354371e+02
     vertex  1.023645e+01  3.089360e+01 -2.347824e+02
     vertex  9.657018e+00  2.803233e+01 -2.341249e+02
   endloop
 endfacet
 facet normal -6.509612e-01  2.317915e-15  7.591110e-01
   outer loop
     vertex -1.023645e+01  2.689360e+01 -2.347824e+02
     vertex -1.100000e+01  2.975951e+01 -2.354371e+02
     vertex -1.100000e+01  2.575951e+01 -2.354371e+02
   endloop
 endfacet
 facet normal -6.847967e-01 -1.599484e-02  7.285586e-01
   outer loop
     vertex -9.657018e+00  3.203233e+01 -2.341249e+02
     vertex -1.100000e+01  2.975951e+01 -2.354371e+02
     vertex -1.023645e+01  2.689360e+01 -2.347824e+02
   endloop
 endfacet
 facet normal -7.624660e-01  3.194933e-03  6.470204e-01
   outer loop
     vertex -9.539408e+00  2.830426e+01 -2.339679e+02
     vertex -9.657018e+00  3.203233e+01 -2.341249e+02
     vertex -1.023645e+01  2.689360e+01 -2.347824e+02
   endloop
 endfacet
 facet normal -8.709407e-01 -6.783359e-03  4.913413e-01
   outer loop
     vertex -8.657498e+00  3.517622e+01 -2.323098e+02
     vertex -9.657018e+00  3.203233e+01 -2.341249e+02
     vertex -9.539408e+00  2.830426e+01 -2.339679e+02
   endloop
 endfacet
 facet normal -9.015451e-01  1.133317e-02  4.325366e-01
   outer loop
     vertex -8.554237e+00  3.170648e+01 -2.320037e+02
     vertex -8.657498e+00  3.517622e+01 -2.323098e+02
     vertex -9.539408e+00  2.830426e+01 -2.339679e+02
   endloop
 endfacet
 facet normal -9.774086e-01 -1.046244e-02  2.110995e-01
   outer loop
     vertex -8.255566e+00  3.870222e+01 -2.302741e+02
     vertex -8.657498e+00  3.517622e+01 -2.323098e+02
     vertex -8.554237e+00  3.170648e+01 -2.320037e+02
   endloop
 endfacet
 facet normal -9.948777e-01  1.787659e-02  9.949228e-02
   outer loop
     vertex -8.255566e+00  3.565161e+01 -2.297259e+02
     vertex -8.255566e+00  3.870222e+01 -2.302741e+02
     vertex -8.554237e+00  3.170648e+01 -2.320037e+02
   endloop
 endfacet
 facet normal -9.948777e-01 -1.787659e-02 -9.949228e-02
   outer loop
     vertex -8.554237e+00  4.264735e+01 -2.279963e+02
     vertex -8.255566e+00  3.870222e+01 -2.302741e+02
     vertex -8.255566e+00  3.565161e+01 -2.297259e+02
   endloop
 endfacet
 facet normal -9.774086e-01  1.046244e-02 -2.110995e-01
   outer loop
     vertex -8.657498e+00  3.917760e+01 -2.276902e+02
     vertex -8.554237e+00  4.264735e+01 -2.279963e+02
     vertex -8.255566e+00  3.565161e+01 -2.297259e+02
   endloop
 endfacet
 facet normal -9.015451e-01 -1.133317e-02 -4.325366e-01
   outer loop
     vertex -9.539408e+00  4.604956e+01 -2.260321e+02
     vertex -8.554237e+00  4.264735e+01 -2.279963e+02
     vertex -8.657498e+00  3.917760e+01 -2.276902e+02
   endloop
 endfacet
 facet normal -8.709407e-01  6.783359e-03 -4.913413e-01
   outer loop
     vertex -9.657018e+00  4.232150e+01 -2.258751e+02
     vertex -9.539408e+00  4.604956e+01 -2.260321e+02
     vertex -8.657498e+00  3.917760e+01 -2.276902e+02
   endloop
 endfacet
 facet normal -7.624660e-01 -3.194933e-03 -6.470204e-01
   outer loop
     vertex -1.023645e+01  4.746023e+01 -2.252176e+02
     vertex -9.539408e+00  4.604956e+01 -2.260321e+02
     vertex -9.657018e+00  4.232150e+01 -2.258751e+02
   endloop
 endfacet
 facet normal -6.509612e-01  2.312679e-15 -7.591110e-01
   outer loop
     vertex -1.100000e+01  4.459432e+01 -2.245629e+02
     vertex -1.100000e+01  4.859432e+01 -2.245629e+02
     vertex -1.023645e+01  4.746023e+01 -2.252176e+02
   endloop
 endfacet
 facet normal -6.847967e-01  1.599484e-02 -7.285586e-01
   outer loop
     vertex -1.100000e+01  4.459432e+01 -2.245629e+02
     vertex -1.023645e+01  4.746023e+01 -2.252176e+02
     vertex -9.657018e+00  4.232150e+01 -2.258751e+02
   endloop
 endfacet
 facet normal -7.096911e-01  7.459881e-02  7.005523e-01
   outer loop
     vertex -9.647950e+00  1.200000e+01 -2.341132e+02
     vertex -1.041421e+01  1.259792e+01 -2.349531e+02
     vertex -1.081783e+01  1.200000e+01 -2.352983e+02
   endloop
 endfacet
 facet normal -7.475625e-01 -2.571315e-02  6.636935e-01
   outer loop
     vertex -9.059066e+00  1.833713e+01 -2.332043e+02
     vertex -1.041421e+01  1.259792e+01 -2.349531e+02
     vertex -9.647950e+00  1.200000e+01 -2.341132e+02
   endloop
 endfacet
 facet normal -9.379143e-01 -8.958305e-03  3.467514e-01
   outer loop
     vertex -8.803826e+00  1.200000e+01 -2.326777e+02
     vertex -8.350223e+00  2.329768e+01 -2.311589e+02
     vertex -9.059066e+00  1.833713e+01 -2.332043e+02
   endloop
 endfacet
 facet normal -8.619838e-01  7.408137e-03  5.068817e-01
   outer loop
     vertex -8.803826e+00  1.200000e+01 -2.326777e+02
     vertex -9.059066e+00  1.833713e+01 -2.332043e+02
     vertex -9.647950e+00  1.200000e+01 -2.341132e+02
   endloop
 endfacet
 facet normal -9.598744e-01  8.394505e-04  2.804291e-01
   outer loop
     vertex -8.336832e+00  1.200000e+01 -2.310792e+02
     vertex -8.350223e+00  2.329768e+01 -2.311589e+02
     vertex -8.803826e+00  1.200000e+01 -2.326777e+02
   endloop
 endfacet
 facet normal -9.993911e-01 -1.237436e-03  3.486920e-02
   outer loop
     vertex -8.275392e+00  1.200000e+01 -2.294151e+02
     vertex -8.288771e+00  2.667908e+01 -2.292776e+02
     vertex -8.350223e+00  2.329768e+01 -2.311589e+02
   endloop
 endfacet
 facet normal -9.993187e-01 -9.243495e-04  3.689451e-02
   outer loop
     vertex -8.275392e+00  1.200000e+01 -2.294151e+02
     vertex -8.350223e+00  2.329768e+01 -2.311589e+02
     vertex -8.336832e+00  1.200000e+01 -2.310792e+02
   endloop
 endfacet
 facet normal -9.763344e-01  2.789400e-04 -2.162663e-01
   outer loop
     vertex -8.623246e+00  1.200000e+01 -2.277865e+02
     vertex -8.609946e+00  2.855230e+01 -2.278252e+02
     vertex -8.288771e+00  2.667908e+01 -2.292776e+02
   endloop
 endfacet
 facet normal -9.209155e-01 -1.711646e-04 -3.897622e-01
   outer loop
     vertex -8.623246e+00  1.200000e+01 -2.277865e+02
     vertex -8.991059e+00  2.934914e+01 -2.269251e+02
     vertex -8.609946e+00  2.855230e+01 -2.278252e+02
   endloop
 endfacet
 facet normal -9.779395e-01  1.065221e-03 -2.088856e-01
   outer loop
     vertex -8.623246e+00  1.200000e+01 -2.277865e+02
     vertex -8.288771e+00  2.667908e+01 -2.292776e+02
     vertex -8.275392e+00  1.200000e+01 -2.294151e+02
   endloop
 endfacet
 facet normal -8.649259e-01  5.986508e-05 -5.018995e-01
   outer loop
     vertex -9.359221e+00  1.200000e+01 -2.262927e+02
     vertex -9.348501e+00  2.970124e+01 -2.263091e+02
     vertex -8.991059e+00  2.934914e+01 -2.269251e+02
   endloop
 endfacet
 facet normal -8.131227e-01 -4.563175e-05 -5.820923e-01
   outer loop
     vertex -9.359221e+00  1.200000e+01 -2.262927e+02
     vertex -9.684466e+00  2.984216e+01 -2.258398e+02
     vertex -9.348501e+00  2.970124e+01 -2.263091e+02
   endloop
 endfacet
 facet normal -7.631249e-01  2.494370e-03 -6.462462e-01
   outer loop
     vertex -9.359221e+00  1.200000e+01 -2.262927e+02
     vertex -1.002031e+01  2.985748e+01 -2.254431e+02
     vertex -9.684466e+00  2.984216e+01 -2.258398e+02
   endloop
 endfacet
 facet normal -8.970348e-01  2.926418e-03 -4.419503e-01
   outer loop
     vertex -9.359221e+00  1.200000e+01 -2.262927e+02
     vertex -8.991059e+00  2.934914e+01 -2.269251e+02
     vertex -8.623246e+00  1.200000e+01 -2.277865e+02
   endloop
 endfacet
 facet normal -7.235465e-01  7.642664e-04 -6.902752e-01
   outer loop
     vertex -1.043852e+01  1.200000e+01 -2.250245e+02
     vertex -1.021484e+01  2.982152e+01 -2.252392e+02
     vertex -1.002031e+01  2.985748e+01 -2.254431e+02
   endloop
 endfacet
 facet normal -6.942973e-01  4.277204e-05 -7.196883e-01
   outer loop
     vertex -1.043852e+01  1.200000e+01 -2.250245e+02
     vertex -1.041421e+01  2.975591e+01 -2.250469e+02
     vertex -1.021484e+01  2.982152e+01 -2.252392e+02
   endloop
 endfacet
 facet normal -7.615362e-01  2.642190e-03 -6.481170e-01
   outer loop
     vertex -1.043852e+01  1.200000e+01 -2.250245e+02
     vertex -1.002031e+01  2.985748e+01 -2.254431e+02
     vertex -9.359221e+00  1.200000e+01 -2.262927e+02
   endloop
 endfacet
 facet normal -5.847904e-01 -1.529149e-03 -8.111830e-01
   outer loop
     vertex -1.163873e+01  2.033993e+01 -2.241464e+02
     vertex -1.176837e+01  3.144128e+01 -2.240739e+02
     vertex -1.041421e+01  2.975591e+01 -2.250469e+02
   endloop
 endfacet
 facet normal -5.914134e-01 -2.074052e-04 -8.063685e-01
   outer loop
     vertex -1.163873e+01  2.033993e+01 -2.241464e+02
     vertex -1.041421e+01  2.975591e+01 -2.250469e+02
     vertex -1.043852e+01  1.200000e+01 -2.250245e+02
   endloop
 endfacet
 facet normal -4.634075e-01  3.781363e-04 -8.861452e-01
   outer loop
     vertex -1.208558e+01  2.322559e+01 -2.239115e+02
     vertex -1.176837e+01  3.144128e+01 -2.240739e+02
     vertex -1.163873e+01  2.033993e+01 -2.241464e+02
   endloop
 endfacet
 facet normal -5.924470e-01 -4.360773e-04 -8.056093e-01
   outer loop
     vertex -1.163199e+01  1.837813e+01 -2.241503e+02
     vertex -1.163873e+01  2.033993e+01 -2.241464e+02
     vertex -1.043852e+01  1.200000e+01 -2.250245e+02
   endloop
 endfacet
 facet normal -3.944223e-01  3.019512e-03 -9.189243e-01
   outer loop
     vertex -1.308012e+01  2.599794e+01 -2.235287e+02
     vertex -1.290370e+01  3.229015e+01 -2.235838e+02
     vertex -1.176837e+01  3.144128e+01 -2.240739e+02
   endloop
 endfacet
 facet normal -3.691526e-01 -4.115174e-03 -9.293597e-01
   outer loop
     vertex -1.308012e+01  2.599794e+01 -2.235287e+02
     vertex -1.176837e+01  3.144128e+01 -2.240739e+02
     vertex -1.208558e+01  2.322559e+01 -2.239115e+02
   endloop
 endfacet
 facet normal -2.449896e-01 -6.768284e-04 -9.695255e-01
   outer loop
     vertex -1.374527e+01  2.698585e+01 -2.233674e+02
     vertex -1.380046e+01  3.268217e+01 -2.233574e+02
     vertex -1.290370e+01  3.229015e+01 -2.235838e+02
   endloop
 endfacet
 facet normal -2.382348e-01 -1.817068e-03 -9.712059e-01
   outer loop
     vertex -1.374527e+01  2.698585e+01 -2.233674e+02
     vertex -1.290370e+01  3.229015e+01 -2.235838e+02
     vertex -1.308012e+01  2.599794e+01 -2.235287e+02
   endloop
 endfacet
 facet normal -4.527794e-01  1.338807e-04 -8.916226e-01
   outer loop
     vertex -1.179546e+01  1.200000e+01 -2.240592e+02
     vertex -1.207177e+01  1.625512e+01 -2.239182e+02
     vertex -1.182008e+01  1.708269e+01 -2.240459e+02
   endloop
 endfacet
 facet normal -4.849038e-01 -6.625505e-05 -8.745675e-01
   outer loop
     vertex -1.179546e+01  1.200000e+01 -2.240592e+02
     vertex -1.182008e+01  1.708269e+01 -2.240459e+02
     vertex -1.163199e+01  1.837813e+01 -2.241503e+02
   endloop
 endfacet
 facet normal -5.796851e-01  3.216321e-03 -8.148342e-01
   outer loop
     vertex -1.179546e+01  1.200000e+01 -2.240592e+02
     vertex -1.163199e+01  1.837813e+01 -2.241503e+02
     vertex -1.043852e+01  1.200000e+01 -2.250245e+02
   endloop
 endfacet
 facet normal -4.184052e-01  2.917035e-03 -9.082558e-01
   outer loop
     vertex -1.234961e+01  1.567003e+01 -2.237921e+02
     vertex -1.207177e+01  1.625512e+01 -2.239182e+02
     vertex -1.179546e+01  1.200000e+01 -2.240592e+02
   endloop
 endfacet
 facet normal -1.528081e-01  2.490691e-04 -9.882558e-01
   outer loop
     vertex -1.418367e+01  2.738367e+01 -2.232995e+02
     vertex -1.380046e+01  3.268217e+01 -2.233574e+02
     vertex -1.374527e+01  2.698585e+01 -2.233674e+02
   endloop
 endfacet
 facet normal -1.335784e-01 -1.172132e-03 -9.910376e-01
   outer loop
     vertex -1.418367e+01  2.738367e+01 -2.232995e+02
     vertex -1.440167e+01  3.282224e+01 -2.232766e+02
     vertex -1.380046e+01  3.268217e+01 -2.233574e+02
   endloop
 endfacet
 facet normal -9.516196e-02  3.863986e-04 -9.954617e-01
   outer loop
     vertex -1.452834e+01  2.757393e+01 -2.232665e+02
     vertex -1.440167e+01  3.282224e+01 -2.232766e+02
     vertex -1.418367e+01  2.738367e+01 -2.232995e+02
   endloop
 endfacet
 facet normal -3.783807e-01  1.022219e-02 -9.255936e-01
   outer loop
     vertex -1.271609e+01  1.514132e+01 -2.236481e+02
     vertex -1.234961e+01  1.567003e+01 -2.237921e+02
     vertex -1.179546e+01  1.200000e+01 -2.240592e+02
   endloop
 endfacet
 facet normal -5.301014e-02 -6.369869e-04 -9.985938e-01
   outer loop
     vertex -1.475866e+01  2.764362e+01 -2.232543e+02
     vertex -1.440167e+01  3.282224e+01 -2.232766e+02
     vertex -1.452834e+01  2.757393e+01 -2.232665e+02
   endloop
 endfacet
 facet normal -4.445867e-02 -1.228275e-03 -9.990105e-01
   outer loop
     vertex -1.475866e+01  2.764362e+01 -2.232543e+02
     vertex -1.500000e+01  3.286826e+01 -2.232500e+02
     vertex -1.440167e+01  3.282224e+01 -2.232766e+02
   endloop
 endfacet
 facet normal -1.788340e-02 -7.330915e-17 -9.998401e-01
   outer loop
     vertex -1.500000e+01  2.766826e+01 -2.232500e+02
     vertex -1.500000e+01  3.286826e+01 -2.232500e+02
     vertex -1.475866e+01  2.764362e+01 -2.232543e+02
   endloop
 endfacet
 facet normal -3.072884e-01  3.380859e-03 -9.516104e-01
   outer loop
     vertex -1.334744e+01  1.200000e+01 -2.234554e+02
     vertex -1.317838e+01  1.469279e+01 -2.235004e+02
     vertex -1.271609e+01  1.514132e+01 -2.236481e+02
   endloop
 endfacet
 facet normal -3.625099e-01  1.569182e-02 -9.318478e-01
   outer loop
     vertex -1.334744e+01  1.200000e+01 -2.234554e+02
     vertex -1.271609e+01  1.514132e+01 -2.236481e+02
     vertex -1.179546e+01  1.200000e+01 -2.240592e+02
   endloop
 endfacet
 facet normal -2.281361e-01 -1.956434e-03 -9.736273e-01
   outer loop
     vertex -1.372851e+01  1.435240e+01 -2.233709e+02
     vertex -1.317838e+01  1.469279e+01 -2.235004e+02
     vertex -1.334744e+01  1.200000e+01 -2.234554e+02
   endloop
 endfacet
 facet normal -1.463968e-01  1.184283e-02 -9.891551e-01
   outer loop
     vertex -1.434600e+01  1.414054e+01 -2.232820e+02
     vertex -1.372851e+01  1.435240e+01 -2.233709e+02
     vertex -1.334744e+01  1.200000e+01 -2.234554e+02
   endloop
 endfacet
 facet normal -4.887532e-02  3.358190e-16 -9.988049e-01
   outer loop
     vertex -1.500000e+01  1.200000e+01 -2.232500e+02
     vertex -1.500000e+01  1.406826e+01 -2.232500e+02
     vertex -1.434600e+01  1.414054e+01 -2.232820e+02
   endloop
 endfacet
 facet normal -1.233220e-01  2.284609e-02 -9.921037e-01
   outer loop
     vertex -1.500000e+01  1.200000e+01 -2.232500e+02
     vertex -1.434600e+01  1.414054e+01 -2.232820e+02
     vertex -1.334744e+01  1.200000e+01 -2.234554e+02
   endloop
 endfacet
 facet normal  0.000000e+00  1.000000e+00 -0.000000e+00
   outer loop
     vertex -1.308530e+01  1.200000e+01 -2.251258e+02
     vertex -1.334744e+01  1.200000e+01 -2.234554e+02
     vertex -1.179546e+01  1.200000e+01 -2.240592e+02
   endloop
 endfacet
 facet normal  0.000000e+00  1.000000e+00  0.000000e+00
   outer loop
     vertex -1.246578e+01  1.200000e+01 -2.257528e+02
     vertex -1.179546e+01  1.200000e+01 -2.240592e+02
     vertex -1.043852e+01  1.200000e+01 -2.250245e+02
   endloop
 endfacet
 facet normal  0.000000e+00  1.000000e+00 -0.000000e+00
   outer loop
     vertex -1.246578e+01  1.200000e+01 -2.257528e+02
     vertex -1.308530e+01  1.200000e+01 -2.251258e+02
     vertex -1.179546e+01  1.200000e+01 -2.240592e+02
   endloop
 endfacet
 facet normal -0.000000e+00  1.000000e+00  0.000000e+00
   outer loop
     vertex -1.371399e+01  1.200000e+01 -2.247358e+02
     vertex -1.334744e+01  1.200000e+01 -2.234554e+02
     vertex -1.308530e+01  1.200000e+01 -2.251258e+02
   endloop
 endfacet
 facet normal  0.000000e+00  1.000000e+00  0.000000e+00
   outer loop
     vertex -1.199009e+01  1.200000e+01 -2.265442e+02
     vertex -1.043852e+01  1.200000e+01 -2.250245e+02
     vertex -9.359221e+00  1.200000e+01 -2.262927e+02
   endloop
 endfacet
 facet normal  0.000000e+00  1.000000e+00 -0.000000e+00
   outer loop
     vertex -1.199009e+01  1.200000e+01 -2.265442e+02
     vertex -1.246578e+01  1.200000e+01 -2.257528e+02
     vertex -1.043852e+01  1.200000e+01 -2.250245e+02
   endloop
 endfacet
 facet normal  0.000000e+00  1.000000e+00 -0.000000e+00
   outer loop
     vertex -1.429549e+01  1.200000e+01 -2.245293e+02
     vertex -1.500000e+01  1.200000e+01 -2.232500e+02
     vertex -1.334744e+01  1.200000e+01 -2.234554e+02
   endloop
 endfacet
 facet normal -0.000000e+00  1.000000e+00  0.000000e+00
   outer loop
     vertex -1.429549e+01  1.200000e+01 -2.245293e+02
     vertex -1.334744e+01  1.200000e+01 -2.234554e+02
     vertex -1.371399e+01  1.200000e+01 -2.247358e+02
   endloop
 endfacet
 facet normal -0.000000e+00  1.000000e+00 -0.000000e+00
   outer loop
     vertex -1.465407e+01  1.200000e+01 -2.244645e+02
     vertex -1.500000e+01  1.200000e+01 -2.232500e+02
     vertex -1.429549e+01  1.200000e+01 -2.245293e+02
   endloop
 endfacet
 facet normal -0.000000e+00  1.000000e+00  0.000000e+00
   outer loop
     vertex -1.167872e+01  1.200000e+01 -2.275302e+02
     vertex -9.359221e+00  1.200000e+01 -2.262927e+02
     vertex -8.623246e+00  1.200000e+01 -2.277865e+02
   endloop
 endfacet
 facet normal  0.000000e+00  1.000000e+00 -0.000000e+00
   outer loop
     vertex -1.167872e+01  1.200000e+01 -2.275302e+02
     vertex -1.199009e+01  1.200000e+01 -2.265442e+02
     vertex -9.359221e+00  1.200000e+01 -2.262927e+02
   endloop
 endfacet
 facet normal -0.000000e+00  1.000000e+00 -0.000000e+00
   outer loop
     vertex -1.500000e+01  1.200000e+01 -2.244441e+02
     vertex -1.500000e+01  1.200000e+01 -2.232500e+02
     vertex -1.465407e+01  1.200000e+01 -2.244645e+02
   endloop
 endfacet
 facet normal -0.000000e+00  1.000000e+00  0.000000e+00
   outer loop
     vertex -1.160730e+01  1.200000e+01 -2.286271e+02
     vertex -8.623246e+00  1.200000e+01 -2.277865e+02
     vertex -8.275392e+00  1.200000e+01 -2.294151e+02
   endloop
 endfacet
 facet normal  0.000000e+00  1.000000e+00 -0.000000e+00
   outer loop
     vertex -1.160730e+01  1.200000e+01 -2.286271e+02
     vertex -1.167872e+01  1.200000e+01 -2.275302e+02
     vertex -8.623246e+00  1.200000e+01 -2.277865e+02
   endloop
 endfacet
 facet normal  0.000000e+00  1.000000e+00 -0.000000e+00
   outer loop
     vertex -1.572025e+01  1.200000e+01 -2.245332e+02
     vertex -1.646635e+01  1.200000e+01 -2.234112e+02
     vertex -1.500000e+01  1.200000e+01 -2.232500e+02
   endloop
 endfacet
 facet normal  0.000000e+00  1.000000e+00  0.000000e+00
   outer loop
     vertex -1.572025e+01  1.200000e+01 -2.245332e+02
     vertex -1.500000e+01  1.200000e+01 -2.232500e+02
     vertex -1.500000e+01  1.200000e+01 -2.244441e+02
   endloop
 endfacet
 facet normal  0.000000e+00  1.000000e+00 -0.000000e+00
   outer loop
     vertex -1.639219e+01  1.200000e+01 -2.247883e+02
     vertex -1.646635e+01  1.200000e+01 -2.234112e+02
     vertex -1.572025e+01  1.200000e+01 -2.245332e+02
   endloop
 endfacet
 facet normal  0.000000e+00  1.000000e+00  0.000000e+00
   outer loop
     vertex -1.177364e+01  1.200000e+01 -2.296087e+02
     vertex -1.160730e+01  1.200000e+01 -2.286271e+02
     vertex -8.275392e+00  1.200000e+01 -2.294151e+02
   endloop
 endfacet
 facet normal -0.000000e+00  1.000000e+00  0.000000e+00
   outer loop
     vertex -1.786266e+01  1.200000e+01 -2.238871e+02
     vertex -1.646635e+01  1.200000e+01 -2.234112e+02
     vertex -1.639219e+01  1.200000e+01 -2.247883e+02
   endloop
 endfacet
 facet normal  0.000000e+00  1.000000e+00 -0.000000e+00
   outer loop
     vertex -1.697571e+01  1.200000e+01 -2.251750e+02
     vertex -1.786266e+01  1.200000e+01 -2.238871e+02
     vertex -1.639219e+01  1.200000e+01 -2.247883e+02
   endloop
 endfacet
 facet normal -0.000000e+00  1.000000e+00  0.000000e+00
   outer loop
     vertex -1.177374e+01  1.200000e+01 -2.303921e+02
     vertex -8.275392e+00  1.200000e+01 -2.294151e+02
     vertex -8.336832e+00  1.200000e+01 -2.310792e+02
   endloop
 endfacet
 facet normal  0.000000e+00  1.000000e+00  0.000000e+00
   outer loop
     vertex -1.177374e+01  1.200000e+01 -2.303921e+02
     vertex -1.177364e+01  1.200000e+01 -2.296087e+02
     vertex -8.275392e+00  1.200000e+01 -2.294151e+02
   endloop
 endfacet
 facet normal  0.000000e+00  1.000000e+00  0.000000e+00
   outer loop
     vertex -1.196131e+01  1.200000e+01 -2.311528e+02
     vertex -1.177374e+01  1.200000e+01 -2.303921e+02
     vertex -8.336832e+00  1.200000e+01 -2.310792e+02
   endloop
 endfacet
 facet normal -0.000000e+00  1.000000e+00  0.000000e+00
   outer loop
     vertex -1.196131e+01  1.200000e+01 -2.311528e+02
     vertex -8.336832e+00  1.200000e+01 -2.310792e+02
     vertex -8.803826e+00  1.200000e+01 -2.326777e+02
   endloop
 endfacet
 facet normal  0.000000e+00  1.000000e+00 -0.000000e+00
   outer loop
     vertex -1.749728e+01  1.200000e+01 -2.257059e+02
     vertex -1.786266e+01  1.200000e+01 -2.238871e+02
     vertex -1.697571e+01  1.200000e+01 -2.251750e+02
   endloop
 endfacet
 facet normal -0.000000e+00  1.000000e+00  0.000000e+00
   outer loop
     vertex -1.912225e+01  1.200000e+01 -2.246549e+02
     vertex -1.786266e+01  1.200000e+01 -2.238871e+02
     vertex -1.749728e+01  1.200000e+01 -2.257059e+02
   endloop
 endfacet
 facet normal -0.000000e+00  1.000000e+00  0.000000e+00
   outer loop
     vertex -1.232545e+01  1.200000e+01 -2.318464e+02
     vertex -1.196131e+01  1.200000e+01 -2.311528e+02
     vertex -8.803826e+00  1.200000e+01 -2.326777e+02
   endloop
 endfacet
 facet normal  0.000000e+00  1.000000e+00  0.000000e+00
   outer loop
     vertex -1.232545e+01  1.200000e+01 -2.318464e+02
     vertex -8.803826e+00  1.200000e+01 -2.326777e+02
     vertex -9.647950e+00  1.200000e+01 -2.341132e+02
   endloop
 endfacet
 facet normal  0.000000e+00  1.000000e+00 -0.000000e+00
   outer loop
     vertex -1.791890e+01  1.200000e+01 -2.263568e+02
     vertex -1.912225e+01  1.200000e+01 -2.246549e+02
     vertex -1.749728e+01  1.200000e+01 -2.257059e+02
   endloop
 endfacet
 facet normal -0.000000e+00  1.000000e+00  0.000000e+00
   outer loop
     vertex -1.284500e+01  1.200000e+01 -2.324328e+02
     vertex -1.232545e+01  1.200000e+01 -2.318464e+02
     vertex -9.647950e+00  1.200000e+01 -2.341132e+02
   endloop
 endfacet
 facet normal  0.000000e+00  1.000000e+00  0.000000e+00
   outer loop
     vertex -2.018495e+01  1.200000e+01 -2.256781e+02
     vertex -1.791890e+01  1.200000e+01 -2.263568e+02
     vertex -1.821335e+01  1.200000e+01 -2.270872e+02
   endloop
 endfacet
 facet normal -0.000000e+00  1.000000e+00  0.000000e+00
   outer loop
     vertex -2.018495e+01  1.200000e+01 -2.256781e+02
     vertex -1.912225e+01  1.200000e+01 -2.246549e+02
     vertex -1.791890e+01  1.200000e+01 -2.263568e+02
   endloop
 endfacet
 facet normal  0.000000e+00  1.000000e+00 -0.000000e+00
   outer loop
     vertex -1.081783e+01  1.200000e+01 -2.352983e+02
     vertex -1.284500e+01  1.200000e+01 -2.324328e+02
     vertex -9.647950e+00  1.200000e+01 -2.341132e+02
   endloop
 endfacet
 facet normal -0.000000e+00  1.000000e+00  0.000000e+00
   outer loop
     vertex -1.348976e+01  1.200000e+01 -2.328778e+02
     vertex -1.284500e+01  1.200000e+01 -2.324328e+02
     vertex -1.081783e+01  1.200000e+01 -2.352983e+02
   endloop
 endfacet
 facet normal -0.000000e+00  1.000000e+00  0.000000e+00
   outer loop
     vertex -1.422229e+01  1.200000e+01 -2.331556e+02
     vertex -1.348976e+01  1.200000e+01 -2.328778e+02
     vertex -1.081783e+01  1.200000e+01 -2.352983e+02
   endloop
 endfacet
 facet normal -0.000000e+00  1.000000e+00  0.000000e+00
   outer loop
     vertex -2.100000e+01  1.200000e+01 -2.269077e+02
     vertex -2.018495e+01  1.200000e+01 -2.256781e+02
     vertex -1.821335e+01  1.200000e+01 -2.270872e+02
   endloop
 endfacet
 facet normal  0.000000e+00  1.000000e+00  0.000000e+00
   outer loop
     vertex -2.100000e+01  1.200000e+01 -2.269077e+02
     vertex -1.821335e+01  1.200000e+01 -2.270872e+02
     vertex -1.836983e+01  1.200000e+01 -2.278482e+02
   endloop
 endfacet
 facet normal  0.000000e+00  1.000000e+00  0.000000e+00
   outer loop
     vertex -2.100000e+01  1.200000e+01 -2.269077e+02
     vertex -1.836983e+01  1.200000e+01 -2.278482e+02
     vertex -1.839452e+01  1.200000e+01 -2.285928e+02
   endloop
 endfacet
 facet normal  0.000000e+00  1.000000e+00  0.000000e+00
   outer loop
     vertex -2.100000e+01  1.200000e+01 -2.269077e+02
     vertex -1.839452e+01  1.200000e+01 -2.285928e+02
     vertex -1.833711e+01  1.200000e+01 -2.291217e+02
   endloop
 endfacet
 facet normal -0.000000e+00  1.000000e+00  0.000000e+00
   outer loop
     vertex -1.500000e+01  1.200000e+01 -2.332500e+02
     vertex -1.422229e+01  1.200000e+01 -2.331556e+02
     vertex -1.081783e+01  1.200000e+01 -2.352983e+02
   endloop
 endfacet
 facet normal  0.000000e+00  1.000000e+00  0.000000e+00
   outer loop
     vertex -1.822626e+01  1.200000e+01 -2.303921e+02
     vertex -1.833711e+01  1.200000e+01 -2.291217e+02
     vertex -1.822636e+01  1.200000e+01 -2.296087e+02
   endloop
 endfacet
 facet normal  0.000000e+00  1.000000e+00  0.000000e+00
   outer loop
     vertex -2.100000e+01  1.200000e+01 -2.330923e+02
     vertex -2.100000e+01  1.200000e+01 -2.269077e+02
     vertex -1.833711e+01  1.200000e+01 -2.291217e+02
   endloop
 endfacet
 facet normal  0.000000e+00  1.000000e+00  0.000000e+00
   outer loop
     vertex -2.100000e+01  1.200000e+01 -2.330923e+02
     vertex -1.833711e+01  1.200000e+01 -2.291217e+02
     vertex -1.822626e+01  1.200000e+01 -2.303921e+02
   endloop
 endfacet
 facet normal  0.000000e+00  1.000000e+00  0.000000e+00
   outer loop
     vertex -2.100000e+01  1.200000e+01 -2.330923e+02
     vertex -1.803869e+01  1.200000e+01 -2.311528e+02
     vertex -1.767455e+01  1.200000e+01 -2.318464e+02
   endloop
 endfacet
 facet normal  0.000000e+00  1.000000e+00  0.000000e+00
   outer loop
     vertex -2.100000e+01  1.200000e+01 -2.330923e+02
     vertex -1.822626e+01  1.200000e+01 -2.303921e+02
     vertex -1.803869e+01  1.200000e+01 -2.311528e+02
   endloop
 endfacet
 facet normal  0.000000e+00  1.000000e+00 -0.000000e+00
   outer loop
     vertex -2.050105e+01  1.200000e+01 -2.339116e+02
     vertex -2.100000e+01  1.200000e+01 -2.330923e+02
     vertex -1.767455e+01  1.200000e+01 -2.318464e+02
   endloop
 endfacet
 facet normal  0.000000e+00  1.000000e+00  0.000000e+00
   outer loop
     vertex -1.918217e+01  1.200000e+01 -2.352983e+02
     vertex -1.500000e+01  1.200000e+01 -2.332500e+02
     vertex -1.081783e+01  1.200000e+01 -2.352983e+02
   endloop
 endfacet
 facet normal  0.000000e+00  1.000000e+00  0.000000e+00
   outer loop
     vertex -1.918217e+01  1.200000e+01 -2.352983e+02
     vertex -1.577771e+01  1.200000e+01 -2.331556e+02
     vertex -1.500000e+01  1.200000e+01 -2.332500e+02
   endloop
 endfacet
 facet normal  0.000000e+00  1.000000e+00  0.000000e+00
   outer loop
     vertex -1.918217e+01  1.200000e+01 -2.352983e+02
     vertex -1.651024e+01  1.200000e+01 -2.328778e+02
     vertex -1.577771e+01  1.200000e+01 -2.331556e+02
   endloop
 endfacet
 facet normal  0.000000e+00  1.000000e+00  0.000000e+00
   outer loop
     vertex -1.918217e+01  1.200000e+01 -2.352983e+02
     vertex -1.715500e+01  1.200000e+01 -2.324328e+02
     vertex -1.651024e+01  1.200000e+01 -2.328778e+02
   endloop
 endfacet
 facet normal -0.000000e+00  1.000000e+00  0.000000e+00
   outer loop
     vertex -1.989101e+01  1.200000e+01 -2.346519e+02
     vertex -1.715500e+01  1.200000e+01 -2.324328e+02
     vertex -1.918217e+01  1.200000e+01 -2.352983e+02
   endloop
 endfacet
 facet normal  0.000000e+00  1.000000e+00  0.000000e+00
   outer loop
     vertex -1.989101e+01  1.200000e+01 -2.346519e+02
     vertex -1.767455e+01  1.200000e+01 -2.318464e+02
     vertex -1.715500e+01  1.200000e+01 -2.324328e+02
   endloop
 endfacet
 facet normal  0.000000e+00  1.000000e+00 -0.000000e+00
   outer loop
     vertex -1.989101e+01  1.200000e+01 -2.346519e+02
     vertex -2.050105e+01  1.200000e+01 -2.339116e+02
     vertex -1.767455e+01  1.200000e+01 -2.318464e+02
   endloop
 endfacet
 facet normal  6.509612e-01 -6.926150e-15 -7.591110e-01
   outer loop
     vertex -1.976355e+01  4.346023e+01 -2.252176e+02
     vertex -1.900000e+01  4.859432e+01 -2.245629e+02
     vertex -1.900000e+01  4.459432e+01 -2.245629e+02
   endloop
 endfacet
 facet normal  7.130458e-01 -1.665466e-02 -7.009196e-01
   outer loop
     vertex -2.034298e+01  4.632150e+01 -2.258751e+02
     vertex -1.900000e+01  4.859432e+01 -2.245629e+02
     vertex -1.976355e+01  4.346023e+01 -2.252176e+02
   endloop
 endfacet
 facet normal  7.570183e-01  3.172106e-03 -6.533860e-01
   outer loop
     vertex -2.046059e+01  4.204956e+01 -2.260321e+02
     vertex -2.034298e+01  4.632150e+01 -2.258751e+02
     vertex -1.976355e+01  4.346023e+01 -2.252176e+02
   endloop
 endfacet
 facet normal  8.809249e-01 -6.861122e-03 -4.732063e-01
   outer loop
     vertex -2.134250e+01  4.317760e+01 -2.276902e+02
     vertex -2.034298e+01  4.632150e+01 -2.258751e+02
     vertex -2.046059e+01  4.204956e+01 -2.260321e+02
   endloop
 endfacet
 facet normal  8.859551e-01  1.113719e-02 -4.636373e-01
   outer loop
     vertex -2.144576e+01  3.864735e+01 -2.279963e+02
     vertex -2.134250e+01  4.317760e+01 -2.276902e+02
     vertex -2.046059e+01  4.204956e+01 -2.260321e+02
   endloop
 endfacet
 facet normal  9.843172e-01 -1.053639e-02 -1.760925e-01
   outer loop
     vertex -2.174443e+01  3.965161e+01 -2.297259e+02
     vertex -2.134250e+01  4.317760e+01 -2.276902e+02
     vertex -2.144576e+01  3.864735e+01 -2.279963e+02
   endloop
 endfacet
 facet normal  9.869366e-01  1.773390e-02 -1.601302e-01
   outer loop
     vertex -2.174443e+01  3.470222e+01 -2.302741e+02
     vertex -2.174443e+01  3.965161e+01 -2.297259e+02
     vertex -2.144576e+01  3.864735e+01 -2.279963e+02
   endloop
 endfacet
 facet normal  9.869366e-01 -1.773390e-02  1.601302e-01
   outer loop
     vertex -2.144576e+01  3.570648e+01 -2.320037e+02
     vertex -2.174443e+01  3.965161e+01 -2.297259e+02
     vertex -2.174443e+01  3.470222e+01 -2.302741e+02
   endloop
 endfacet
 facet normal  9.843172e-01  1.053639e-02  1.760925e-01
   outer loop
     vertex -2.134250e+01  3.117622e+01 -2.323098e+02
     vertex -2.144576e+01  3.570648e+01 -2.320037e+02
     vertex -2.174443e+01  3.470222e+01 -2.302741e+02
   endloop
 endfacet
 facet normal  8.859551e-01 -1.113719e-02  4.636373e-01
   outer loop
     vertex -2.046059e+01  3.230426e+01 -2.339679e+02
     vertex -2.144576e+01  3.570648e+01 -2.320037e+02
     vertex -2.134250e+01  3.117622e+01 -2.323098e+02
   endloop
 endfacet
 facet normal  8.809249e-01  6.861122e-03  4.732063e-01
   outer loop
     vertex -2.034298e+01  2.803233e+01 -2.341249e+02
     vertex -2.046059e+01  3.230426e+01 -2.339679e+02
     vertex -2.134250e+01  3.117622e+01 -2.323098e+02
   endloop
 endfacet
 facet normal  7.570183e-01 -3.172106e-03  6.533860e-01
   outer loop
     vertex -1.976355e+01  3.089360e+01 -2.347824e+02
     vertex -2.046059e+01  3.230426e+01 -2.339679e+02
     vertex -2.034298e+01  2.803233e+01 -2.341249e+02
   endloop
 endfacet
 facet normal  6.509612e-01 -3.805618e-16  7.591110e-01
   outer loop
     vertex -1.900000e+01  2.575951e+01 -2.354371e+02
     vertex -1.900000e+01  2.975951e+01 -2.354371e+02
     vertex -1.976355e+01  3.089360e+01 -2.347824e+02
   endloop
 endfacet
 facet normal  7.130458e-01  1.665466e-02  7.009196e-01
   outer loop
     vertex -1.900000e+01  2.575951e+01 -2.354371e+02
     vertex -1.976355e+01  3.089360e+01 -2.347824e+02
     vertex -2.034298e+01  2.803233e+01 -2.341249e+02
   endloop
 endfacet
 facet normal -9.997131e-01 -2.395073e-02  1.279443e-04
   outer loop
     vertex -1.177374e+01  1.200000e+01 -2.303921e+02
     vertex -1.175073e+01  1.104100e+01 -2.300804e+02
     vertex -1.177364e+01  1.200000e+01 -2.296087e+02
   endloop
 endfacet
 facet normal -9.983403e-01 -5.317876e-03  5.734399e-02
   outer loop
     vertex -1.177374e+01  1.200000e+01 -2.303921e+02
     vertex -1.175888e+01  1.081044e+01 -2.302437e+02
     vertex -1.175073e+01  1.104100e+01 -2.300804e+02
   endloop
 endfacet
 facet normal -9.865778e-01 -4.879926e-02  1.558294e-01
   outer loop
     vertex -1.196131e+01  1.200000e+01 -2.311528e+02
     vertex -1.177644e+01  1.062246e+01 -2.304137e+02
     vertex -1.175888e+01  1.081044e+01 -2.302437e+02
   endloop
 endfacet
 facet normal -9.822377e-01 -3.268837e-02  1.847719e-01
   outer loop
     vertex -1.196131e+01  1.200000e+01 -2.311528e+02
     vertex -1.180952e+01  1.045470e+01 -2.306192e+02
     vertex -1.177644e+01  1.062246e+01 -2.304137e+02
   endloop
 endfacet
 facet normal -9.712546e-01 -1.334683e-02  2.376685e-01
   outer loop
     vertex -1.196131e+01  1.200000e+01 -2.311528e+02
     vertex -1.187124e+01  1.031533e+01 -2.308793e+02
     vertex -1.180952e+01  1.045470e+01 -2.306192e+02
   endloop
 endfacet
 facet normal -9.467345e-01  1.654551e-03  3.220109e-01
   outer loop
     vertex -1.196131e+01  1.200000e+01 -2.311528e+02
     vertex -1.198505e+01  1.021838e+01 -2.312134e+02
     vertex -1.187124e+01  1.031533e+01 -2.308793e+02
   endloop
 endfacet
 facet normal -9.070369e-01 -2.246081e-03  4.210451e-01
   outer loop
     vertex -1.196131e+01  1.200000e+01 -2.311528e+02
     vertex -1.212675e+01  1.018178e+01 -2.315189e+02
     vertex -1.198505e+01  1.021838e+01 -2.312134e+02
   endloop
 endfacet
 facet normal -9.707630e-01  1.774716e-02  2.393831e-01
   outer loop
     vertex -1.196131e+01  1.200000e+01 -2.311528e+02
     vertex -1.175888e+01  1.081044e+01 -2.302437e+02
     vertex -1.177374e+01  1.200000e+01 -2.303921e+02
   endloop
 endfacet
 facet normal -8.495632e-01  2.186092e-03  5.274823e-01
   outer loop
     vertex -1.232545e+01  1.200000e+01 -2.318464e+02
     vertex -1.236442e+01  1.017903e+01 -2.319016e+02
     vertex -1.212675e+01  1.018178e+01 -2.315189e+02
   endloop
 endfacet
 facet normal -7.631808e-01 -3.261448e-03  6.461768e-01
   outer loop
     vertex -1.232545e+01  1.200000e+01 -2.318464e+02
     vertex -1.269062e+01  1.020673e+01 -2.322868e+02
     vertex -1.236442e+01  1.017903e+01 -2.319016e+02
   endloop
 endfacet
 facet normal -8.853398e-01 -1.302278e-02  4.647622e-01
   outer loop
     vertex -1.232545e+01  1.200000e+01 -2.318464e+02
     vertex -1.212675e+01  1.018178e+01 -2.315189e+02
     vertex -1.196131e+01  1.200000e+01 -2.311528e+02
   endloop
 endfacet
 facet normal -6.533318e-01  5.401510e-03  7.570524e-01
   outer loop
     vertex -1.284500e+01  1.200000e+01 -2.324328e+02
     vertex -1.307204e+01  1.024619e+01 -2.326162e+02
     vertex -1.269062e+01  1.020673e+01 -2.322868e+02
   endloop
 endfacet
 facet normal -7.484243e-01 -1.043136e-02  6.631382e-01
   outer loop
     vertex -1.284500e+01  1.200000e+01 -2.324328e+02
     vertex -1.269062e+01  1.020673e+01 -2.322868e+02
     vertex -1.232545e+01  1.200000e+01 -2.318464e+02
   endloop
 endfacet
 facet normal -5.291549e-01  5.220490e-04  8.485251e-01
   outer loop
     vertex -1.348976e+01  1.200000e+01 -2.328778e+02
     vertex -1.350020e+01  1.028564e+01 -2.328832e+02
     vertex -1.307204e+01  1.024619e+01 -2.326162e+02
   endloop
 endfacet
 facet normal -3.913272e-01 -5.451864e-04  9.202515e-01
   outer loop
     vertex -1.348976e+01  1.200000e+01 -2.328778e+02
     vertex -1.396378e+01  1.031803e+01 -2.330804e+02
     vertex -1.350020e+01  1.028564e+01 -2.328832e+02
   endloop
 endfacet
 facet normal -5.679796e-01 -1.254001e-02  8.229471e-01
   outer loop
     vertex -1.348976e+01  1.200000e+01 -2.328778e+02
     vertex -1.307204e+01  1.024619e+01 -2.326162e+02
     vertex -1.284500e+01  1.200000e+01 -2.324328e+02
   endloop
 endfacet
 facet normal -2.440059e-01  5.865819e-03  9.697560e-01
   outer loop
     vertex -1.422229e+01  1.200000e+01 -2.331556e+02
     vertex -1.445452e+01  1.033952e+01 -2.332040e+02
     vertex -1.396378e+01  1.031803e+01 -2.330804e+02
   endloop
 endfacet
 facet normal -1.264902e-01 -1.121492e-02  9.919045e-01
   outer loop
     vertex -1.422229e+01  1.200000e+01 -2.331556e+02
     vertex -1.472575e+01  1.034567e+01 -2.332385e+02
     vertex -1.445452e+01  1.033952e+01 -2.332040e+02
   endloop
 endfacet
 facet normal -3.545488e-01 -1.268047e-02  9.349515e-01
   outer loop
     vertex -1.422229e+01  1.200000e+01 -2.331556e+02
     vertex -1.396378e+01  1.031803e+01 -2.330804e+02
     vertex -1.348976e+01  1.200000e+01 -2.328778e+02
   endloop
 endfacet
 facet normal -4.195443e-02 -3.157404e-16  9.991195e-01
   outer loop
     vertex -1.500000e+01  1.200000e+01 -2.332500e+02
     vertex -1.500000e+01  1.034775e+01 -2.332500e+02
     vertex -1.472575e+01  1.034567e+01 -2.332385e+02
   endloop
 endfacet
 facet normal -1.205166e-01 -1.306899e-02  9.926253e-01
   outer loop
     vertex -1.500000e+01  1.200000e+01 -2.332500e+02
     vertex -1.472575e+01  1.034567e+01 -2.332385e+02
     vertex -1.422229e+01  1.200000e+01 -2.331556e+02
   endloop
 endfacet
 facet normal -9.997131e-01 -2.395073e-02  1.279443e-04
   outer loop
     vertex  1.822626e+01  1.200000e+01 -2.303921e+02
     vertex  1.824927e+01  1.104100e+01 -2.300804e+02
     vertex  1.822636e+01  1.200000e+01 -2.296087e+02
   endloop
 endfacet
 facet normal -9.983403e-01 -5.317876e-03  5.734399e-02
   outer loop
     vertex  1.822626e+01  1.200000e+01 -2.303921e+02
     vertex  1.824112e+01  1.081044e+01 -2.302437e+02
     vertex  1.824927e+01  1.104100e+01 -2.300804e+02
   endloop
 endfacet
 facet normal -9.865778e-01 -4.879926e-02  1.558294e-01
   outer loop
     vertex  1.803869e+01  1.200000e+01 -2.311528e+02
     vertex  1.822356e+01  1.062246e+01 -2.304137e+02
     vertex  1.824112e+01  1.081044e+01 -2.302437e+02
   endloop
 endfacet
 facet normal -9.814668e-01 -3.018785e-02  1.892396e-01
   outer loop
     vertex  1.803869e+01  1.200000e+01 -2.311528e+02
     vertex  1.818088e+01  1.042379e+01 -2.306668e+02
     vertex  1.822356e+01  1.062246e+01 -2.304137e+02
   endloop
 endfacet
 facet normal -9.679963e-01 -1.000268e-02  2.507649e-01
   outer loop
     vertex  1.803869e+01  1.200000e+01 -2.311528e+02
     vertex  1.811370e+01  1.029514e+01 -2.309312e+02
     vertex  1.818088e+01  1.042379e+01 -2.306668e+02
   endloop
 endfacet
 facet normal -9.390718e-01  3.348351e-03  3.437046e-01
   outer loop
     vertex  1.803869e+01  1.200000e+01 -2.311528e+02
     vertex  1.797719e+01  1.020348e+01 -2.313033e+02
     vertex  1.811370e+01  1.029514e+01 -2.309312e+02
   endloop
 endfacet
 facet normal -9.707630e-01  1.774716e-02  2.393831e-01
   outer loop
     vertex  1.803869e+01  1.200000e+01 -2.311528e+02
     vertex  1.824112e+01  1.081044e+01 -2.302437e+02
     vertex  1.822626e+01  1.200000e+01 -2.303921e+02
   endloop
 endfacet
 facet normal -8.917175e-01 -1.344839e-02  4.523925e-01
   outer loop
     vertex  1.767455e+01  1.200000e+01 -2.318464e+02
     vertex  1.781288e+01  1.017699e+01 -2.316280e+02
     vertex  1.797719e+01  1.020348e+01 -2.313033e+02
   endloop
 endfacet
 facet normal -8.255091e-01  4.994368e-03  5.643667e-01
   outer loop
     vertex  1.767455e+01  1.200000e+01 -2.318464e+02
     vertex  1.753820e+01  1.018541e+01 -2.320298e+02
     vertex  1.781288e+01  1.017699e+01 -2.316280e+02
   endloop
 endfacet
 facet normal -8.853818e-01 -8.634760e-03  4.647843e-01
   outer loop
     vertex  1.767455e+01  1.200000e+01 -2.318464e+02
     vertex  1.797719e+01  1.020348e+01 -2.313033e+02
     vertex  1.803869e+01  1.200000e+01 -2.311528e+02
   endloop
 endfacet
 facet normal -7.260075e-01 -5.938874e-04  6.876865e-01
   outer loop
     vertex  1.715500e+01  1.200000e+01 -2.324328e+02
     vertex  1.716425e+01  1.022188e+01 -2.324246e+02
     vertex  1.753820e+01  1.018541e+01 -2.320298e+02
   endloop
 endfacet
 facet normal -6.007825e-01  5.734903e-04  7.994123e-01
   outer loop
     vertex  1.715500e+01  1.200000e+01 -2.324328e+02
     vertex  1.672814e+01  1.026558e+01 -2.327523e+02
     vertex  1.716425e+01  1.022188e+01 -2.324246e+02
   endloop
 endfacet
 facet normal -7.484216e-01 -1.077946e-02  6.631357e-01
   outer loop
     vertex  1.715500e+01  1.200000e+01 -2.324328e+02
     vertex  1.753820e+01  1.018541e+01 -2.320298e+02
     vertex  1.767455e+01  1.200000e+01 -2.318464e+02
   endloop
 endfacet
 facet normal -4.588596e-01  6.613802e-03  8.884842e-01
   outer loop
     vertex  1.651024e+01  1.200000e+01 -2.328778e+02
     vertex  1.624573e+01  1.030482e+01 -2.330018e+02
     vertex  1.672814e+01  1.026558e+01 -2.327523e+02
   endloop
 endfacet
 facet normal -5.679844e-01 -1.183596e-02  8.229542e-01
   outer loop
     vertex  1.651024e+01  1.200000e+01 -2.328778e+02
     vertex  1.672814e+01  1.026558e+01 -2.327523e+02
     vertex  1.715500e+01  1.200000e+01 -2.324328e+02
   endloop
 endfacet
 facet normal -3.041077e-01  2.469173e-03  9.526344e-01
   outer loop
     vertex  1.577771e+01  1.200000e+01 -2.331556e+02
     vertex  1.572469e+01  1.033322e+01 -2.331682e+02
     vertex  1.624573e+01  1.030482e+01 -2.330018e+02
   endloop
 endfacet
 facet normal -1.681960e-01 -2.104729e-03  9.857513e-01
   outer loop
     vertex  1.577771e+01  1.200000e+01 -2.331556e+02
     vertex  1.536502e+01  1.034406e+01 -2.332295e+02
     vertex  1.572469e+01  1.033322e+01 -2.331682e+02
   endloop
 endfacet
 facet normal -3.545470e-01 -1.306108e-02  9.349470e-01
   outer loop
     vertex  1.577771e+01  1.200000e+01 -2.331556e+02
     vertex  1.624573e+01  1.030482e+01 -2.330018e+02
     vertex  1.651024e+01  1.200000e+01 -2.328778e+02
   endloop
 endfacet
 facet normal -5.599574e-02 -4.214124e-16  9.984310e-01
   outer loop
     vertex  1.500000e+01  1.200000e+01 -2.332500e+02
     vertex  1.500000e+01  1.034775e+01 -2.332500e+02
     vertex  1.536502e+01  1.034406e+01 -2.332295e+02
   endloop
 endfacet
 facet normal -1.205146e-01 -1.429408e-02  9.926086e-01
   outer loop
     vertex  1.500000e+01  1.200000e+01 -2.332500e+02
     vertex  1.536502e+01  1.034406e+01 -2.332295e+02
     vertex  1.577771e+01  1.200000e+01 -2.331556e+02
   endloop
 endfacet
 facet normal  9.092514e-01  2.260947e-01 -3.494899e-01
   outer loop
     vertex -1.810117e+01  8.073147e+00 -2.290279e+02
     vertex -1.787163e+01  8.000000e+00 -2.284781e+02
     vertex -1.815170e+01  8.000000e+00 -2.292067e+02
   endloop
 endfacet
 facet normal  9.183234e-01  1.599458e-01 -3.620767e-01
   outer loop
     vertex -1.803813e+01  8.123370e+00 -2.288459e+02
     vertex -1.787163e+01  8.000000e+00 -2.284781e+02
     vertex -1.810117e+01  8.073147e+00 -2.290279e+02
   endloop
 endfacet
 facet normal  5.306288e-01  7.747648e-01 -3.437625e-01
   outer loop
     vertex -1.751640e+01  8.166509e+00 -2.279433e+02
     vertex -1.803813e+01  8.123370e+00 -2.288459e+02
     vertex -1.787537e+01  8.171961e+00 -2.284851e+02
   endloop
 endfacet
 facet normal  8.181700e-01  8.218884e-02 -5.690719e-01
   outer loop
     vertex -1.751640e+01  8.166509e+00 -2.279433e+02
     vertex -1.742591e+01  8.000000e+00 -2.278373e+02
     vertex -1.787163e+01  8.000000e+00 -2.284781e+02
   endloop
 endfacet
 facet normal  8.382059e-01 -2.741719e-01 -4.714240e-01
   outer loop
     vertex -1.751640e+01  8.166509e+00 -2.279433e+02
     vertex -1.787163e+01  8.000000e+00 -2.284781e+02
     vertex -1.803813e+01  8.123370e+00 -2.288459e+02
   endloop
 endfacet
 facet normal  6.530912e-01  1.553077e-01 -7.411825e-01
   outer loop
     vertex -1.700477e+01  8.115373e+00 -2.274420e+02
     vertex -1.684023e+01  8.000000e+00 -2.273212e+02
     vertex -1.742591e+01  8.000000e+00 -2.278373e+02
   endloop
 endfacet
 facet normal  6.936377e-01 -7.906302e-02 -7.159719e-01
   outer loop
     vertex -1.700477e+01  8.115373e+00 -2.274420e+02
     vertex -1.742591e+01  8.000000e+00 -2.278373e+02
     vertex -1.751640e+01  8.166509e+00 -2.279433e+02
   endloop
 endfacet
 facet normal  4.366213e-01  3.335208e-01 -8.355392e-01
   outer loop
     vertex -1.639345e+01  8.059749e+00 -2.270639e+02
     vertex -1.614839e+01  8.000000e+00 -2.269597e+02
     vertex -1.684023e+01  8.000000e+00 -2.273212e+02
   endloop
 endfacet
 facet normal  5.086433e-01 -1.603673e-01 -8.459104e-01
   outer loop
     vertex -1.639345e+01  8.059749e+00 -2.270639e+02
     vertex -1.684023e+01  8.000000e+00 -2.273212e+02
     vertex -1.700477e+01  8.115373e+00 -2.274420e+02
   endloop
 endfacet
 facet normal  2.815849e-01 -3.810149e-01 -8.806461e-01
   outer loop
     vertex -1.571354e+01  8.020178e+00 -2.268293e+02
     vertex -1.614839e+01  8.000000e+00 -2.269597e+02
     vertex -1.639345e+01  8.059749e+00 -2.270639e+02
   endloop
 endfacet
 facet normal  1.577768e-01  7.497836e-01 -6.425971e-01
   outer loop
     vertex -1.539030e+01  8.000000e+00 -2.267735e+02
     vertex -1.614839e+01  8.000000e+00 -2.269597e+02
     vertex -1.571354e+01  8.020178e+00 -2.268293e+02
   endloop
 endfacet
 facet normal  4.709886e-02 -8.207079e-01 -5.694034e-01
   outer loop
     vertex -1.500000e+01  8.006080e+00 -2.267500e+02
     vertex -1.539030e+01  8.000000e+00 -2.267735e+02
     vertex -1.571354e+01  8.020178e+00 -2.268293e+02
   endloop
 endfacet
 facet normal  0.000000e+00  9.681814e-01 -2.502494e-01
   outer loop
     vertex -1.460970e+01  8.000000e+00 -2.267735e+02
     vertex -1.539030e+01  8.000000e+00 -2.267735e+02
     vertex -1.500000e+01  8.006080e+00 -2.267500e+02
   endloop
 endfacet
 facet normal -5.802528e-02 -5.791631e-01 -8.131440e-01
   outer loop
     vertex -1.447209e+01  8.013789e+00 -2.267932e+02
     vertex -1.460970e+01  8.000000e+00 -2.267735e+02
     vertex -1.500000e+01  8.006080e+00 -2.267500e+02
   endloop
 endfacet
 facet normal -1.689201e-01  7.057951e-01 -6.879820e-01
   outer loop
     vertex -1.385161e+01  8.000000e+00 -2.269597e+02
     vertex -1.460970e+01  8.000000e+00 -2.267735e+02
     vertex -1.447209e+01  8.013789e+00 -2.267932e+02
   endloop
 endfacet
 facet normal -2.435584e-01  2.739873e-01 -9.303818e-01
   outer loop
     vertex -1.396236e+01  8.035878e+00 -2.269201e+02
     vertex -1.385161e+01  8.000000e+00 -2.269597e+02
     vertex -1.447209e+01  8.013789e+00 -2.267932e+02
   endloop
 endfacet
 facet normal -4.409115e-01  3.060794e-01 -8.437490e-01
   outer loop
     vertex -1.345322e+01  8.072097e+00 -2.271417e+02
     vertex -1.315977e+01  8.000000e+00 -2.273212e+02
     vertex -1.385161e+01  8.000000e+00 -2.269597e+02
   endloop
 endfacet
 facet normal -3.818747e-01 -1.790784e-01 -9.066988e-01
   outer loop
     vertex -1.345322e+01  8.072097e+00 -2.271417e+02
     vertex -1.385161e+01  8.000000e+00 -2.269597e+02
     vertex -1.396236e+01  8.035878e+00 -2.269201e+02
   endloop
 endfacet
 facet normal -6.529387e-01  1.567677e-01 -7.410094e-01
   outer loop
     vertex -1.299211e+01  8.115693e+00 -2.274444e+02
     vertex -1.257409e+01  8.000000e+00 -2.278373e+02
     vertex -1.315977e+01  8.000000e+00 -2.273212e+02
   endloop
 endfacet
 facet normal -5.382005e-01 -1.102592e-01 -8.355735e-01
   outer loop
     vertex -1.299211e+01  8.115693e+00 -2.274444e+02
     vertex -1.315977e+01  8.000000e+00 -2.273212e+02
     vertex -1.345322e+01  8.072097e+00 -2.271417e+02
   endloop
 endfacet
 facet normal -8.208584e-01 -1.473158e-02 -5.709418e-01
   outer loop
     vertex -1.258668e+01  8.157273e+00 -2.278232e+02
     vertex -1.212837e+01  8.000000e+00 -2.284781e+02
     vertex -1.257409e+01  8.000000e+00 -2.278373e+02
   endloop
 endfacet
 facet normal -6.832143e-01  1.048296e-02 -7.301427e-01
   outer loop
     vertex -1.258668e+01  8.157273e+00 -2.278232e+02
     vertex -1.257409e+01  8.000000e+00 -2.278373e+02
     vertex -1.299211e+01  8.115693e+00 -2.274444e+02
   endloop
 endfacet
 facet normal -4.519696e-01  8.381502e-01 -3.053322e-01
   outer loop
     vertex -1.195266e+01  8.117584e+00 -2.288707e+02
     vertex -1.258668e+01  8.157273e+00 -2.278232e+02
     vertex -1.228596e+01  8.177758e+00 -2.282121e+02
   endloop
 endfacet
 facet normal -9.158329e-01  1.932158e-01 -3.520196e-01
   outer loop
     vertex -1.195266e+01  8.117584e+00 -2.288707e+02
     vertex -1.184830e+01  8.000000e+00 -2.292067e+02
     vertex -1.212837e+01  8.000000e+00 -2.284781e+02
   endloop
 endfacet
 facet normal -7.996677e-01 -3.738396e-01 -4.698676e-01
   outer loop
     vertex -1.195266e+01  8.117584e+00 -2.288707e+02
     vertex -1.212837e+01  8.000000e+00 -2.284781e+02
     vertex -1.258668e+01  8.157273e+00 -2.278232e+02
   endloop
 endfacet
 facet normal -6.023648e-01  7.075415e-01 -3.695154e-01
   outer loop
     vertex -1.209962e+01  8.168446e+00 -2.285337e+02
     vertex -1.195266e+01  8.117584e+00 -2.288707e+02
     vertex -1.228596e+01  8.177758e+00 -2.282121e+02
   endloop
 endfacet
 facet normal  9.092514e-01  2.260947e-01 -3.494899e-01
   outer loop
     vertex  1.189883e+01  8.073147e+00 -2.290279e+02
     vertex  1.212837e+01  8.000000e+00 -2.284781e+02
     vertex  1.184830e+01  8.000000e+00 -2.292067e+02
   endloop
 endfacet
 facet normal  9.183234e-01  1.599458e-01 -3.620767e-01
   outer loop
     vertex  1.196187e+01  8.123370e+00 -2.288459e+02
     vertex  1.212837e+01  8.000000e+00 -2.284781e+02
     vertex  1.189883e+01  8.073147e+00 -2.290279e+02
   endloop
 endfacet
 facet normal  5.306288e-01  7.747648e-01 -3.437625e-01
   outer loop
     vertex  1.248360e+01  8.166509e+00 -2.279433e+02
     vertex  1.196187e+01  8.123370e+00 -2.288459e+02
     vertex  1.212463e+01  8.171961e+00 -2.284851e+02
   endloop
 endfacet
 facet normal  8.181700e-01  8.218884e-02 -5.690719e-01
   outer loop
     vertex  1.248360e+01  8.166509e+00 -2.279433e+02
     vertex  1.257409e+01  8.000000e+00 -2.278373e+02
     vertex  1.212837e+01  8.000000e+00 -2.284781e+02
   endloop
 endfacet
 facet normal  8.382059e-01 -2.741719e-01 -4.714240e-01
   outer loop
     vertex  1.248360e+01  8.166509e+00 -2.279433e+02
     vertex  1.212837e+01  8.000000e+00 -2.284781e+02
     vertex  1.196187e+01  8.123370e+00 -2.288459e+02
   endloop
 endfacet
 facet normal  6.530912e-01  1.553077e-01 -7.411825e-01
   outer loop
     vertex  1.299523e+01  8.115373e+00 -2.274420e+02
     vertex  1.315977e+01  8.000000e+00 -2.273212e+02
     vertex  1.257409e+01  8.000000e+00 -2.278373e+02
   endloop
 endfacet
 facet normal  6.936377e-01 -7.906302e-02 -7.159719e-01
   outer loop
     vertex  1.299523e+01  8.115373e+00 -2.274420e+02
     vertex  1.257409e+01  8.000000e+00 -2.278373e+02
     vertex  1.248360e+01  8.166509e+00 -2.279433e+02
   endloop
 endfacet
 facet normal  4.366213e-01  3.335208e-01 -8.355392e-01
   outer loop
     vertex  1.360655e+01  8.059749e+00 -2.270639e+02
     vertex  1.385161e+01  8.000000e+00 -2.269597e+02
     vertex  1.315977e+01  8.000000e+00 -2.273212e+02
   endloop
 endfacet
 facet normal  5.086433e-01 -1.603673e-01 -8.459104e-01
   outer loop
     vertex  1.360655e+01  8.059749e+00 -2.270639e+02
     vertex  1.315977e+01  8.000000e+00 -2.273212e+02
     vertex  1.299523e+01  8.115373e+00 -2.274420e+02
   endloop
 endfacet
 facet normal  2.815849e-01 -3.810149e-01 -8.806461e-01
   outer loop
     vertex  1.428646e+01  8.020178e+00 -2.268293e+02
     vertex  1.385161e+01  8.000000e+00 -2.269597e+02
     vertex  1.360655e+01  8.059749e+00 -2.270639e+02
   endloop
 endfacet
 facet normal  1.577768e-01  7.497836e-01 -6.425971e-01
   outer loop
     vertex  1.460970e+01  8.000000e+00 -2.267735e+02
     vertex  1.385161e+01  8.000000e+00 -2.269597e+02
     vertex  1.428646e+01  8.020178e+00 -2.268293e+02
   endloop
 endfacet
 facet normal  4.709886e-02 -8.207079e-01 -5.694034e-01
   outer loop
     vertex  1.500000e+01  8.006080e+00 -2.267500e+02
     vertex  1.460970e+01  8.000000e+00 -2.267735e+02
     vertex  1.428646e+01  8.020178e+00 -2.268293e+02
   endloop
 endfacet
 facet normal  9.111550e-15  9.681814e-01 -2.502494e-01
   outer loop
     vertex  1.539030e+01  8.000000e+00 -2.267735e+02
     vertex  1.460970e+01  8.000000e+00 -2.267735e+02
     vertex  1.500000e+01  8.006080e+00 -2.267500e+02
   endloop
 endfacet
 facet normal -5.802528e-02 -5.791631e-01 -8.131440e-01
   outer loop
     vertex  1.552791e+01  8.013789e+00 -2.267932e+02
     vertex  1.539030e+01  8.000000e+00 -2.267735e+02
     vertex  1.500000e+01  8.006080e+00 -2.267500e+02
   endloop
 endfacet
 facet normal -1.689201e-01  7.057951e-01 -6.879820e-01
   outer loop
     vertex  1.614839e+01  8.000000e+00 -2.269597e+02
     vertex  1.539030e+01  8.000000e+00 -2.267735e+02
     vertex  1.552791e+01  8.013789e+00 -2.267932e+02
   endloop
 endfacet
 facet normal -2.435584e-01  2.739873e-01 -9.303818e-01
   outer loop
     vertex  1.603764e+01  8.035878e+00 -2.269201e+02
     vertex  1.614839e+01  8.000000e+00 -2.269597e+02
     vertex  1.552791e+01  8.013789e+00 -2.267932e+02
   endloop
 endfacet
 facet normal -4.409115e-01  3.060794e-01 -8.437490e-01
   outer loop
     vertex  1.654678e+01  8.072097e+00 -2.271417e+02
     vertex  1.684023e+01  8.000000e+00 -2.273212e+02
     vertex  1.614839e+01  8.000000e+00 -2.269597e+02
   endloop
 endfacet
 facet normal -3.818747e-01 -1.790784e-01 -9.066988e-01
   outer loop
     vertex  1.654678e+01  8.072097e+00 -2.271417e+02
     vertex  1.614839e+01  8.000000e+00 -2.269597e+02
     vertex  1.603764e+01  8.035878e+00 -2.269201e+02
   endloop
 endfacet
 facet normal -6.529387e-01  1.567677e-01 -7.410094e-01
   outer loop
     vertex  1.700789e+01  8.115693e+00 -2.274444e+02
     vertex  1.742591e+01  8.000000e+00 -2.278373e+02
     vertex  1.684023e+01  8.000000e+00 -2.273212e+02
   endloop
 endfacet
 facet normal -5.382005e-01 -1.102592e-01 -8.355735e-01
   outer loop
     vertex  1.700789e+01  8.115693e+00 -2.274444e+02
     vertex  1.684023e+01  8.000000e+00 -2.273212e+02
     vertex  1.654678e+01  8.072097e+00 -2.271417e+02
   endloop
 endfacet
 facet normal -8.208584e-01 -1.473158e-02 -5.709418e-01
   outer loop
     vertex  1.741332e+01  8.157273e+00 -2.278232e+02
     vertex  1.787163e+01  8.000000e+00 -2.284781e+02
     vertex  1.742591e+01  8.000000e+00 -2.278373e+02
   endloop
 endfacet
 facet normal -6.832143e-01  1.048296e-02 -7.301427e-01
   outer loop
     vertex  1.741332e+01  8.157273e+00 -2.278232e+02
     vertex  1.742591e+01  8.000000e+00 -2.278373e+02
     vertex  1.700789e+01  8.115693e+00 -2.274444e+02
   endloop
 endfacet
 facet normal -4.519696e-01  8.381502e-01 -3.053322e-01
   outer loop
     vertex  1.804734e+01  8.117584e+00 -2.288707e+02
     vertex  1.741332e+01  8.157273e+00 -2.278232e+02
     vertex  1.771404e+01  8.177758e+00 -2.282121e+02
   endloop
 endfacet
 facet normal -9.158329e-01  1.932158e-01 -3.520196e-01
   outer loop
     vertex  1.804734e+01  8.117584e+00 -2.288707e+02
     vertex  1.815170e+01  8.000000e+00 -2.292067e+02
     vertex  1.787163e+01  8.000000e+00 -2.284781e+02
   endloop
 endfacet
 facet normal -7.996677e-01 -3.738396e-01 -4.698676e-01
   outer loop
     vertex  1.804734e+01  8.117584e+00 -2.288707e+02
     vertex  1.787163e+01  8.000000e+00 -2.284781e+02
     vertex  1.741332e+01  8.157273e+00 -2.278232e+02
   endloop
 endfacet
 facet normal -6.023648e-01  7.075415e-01 -3.695154e-01
   outer loop
     vertex  1.790038e+01  8.168446e+00 -2.285337e+02
     vertex  1.804734e+01  8.117584e+00 -2.288707e+02
     vertex  1.771404e+01  8.177758e+00 -2.282121e+02
   endloop
 endfacet
 facet normal -9.939390e-01 -1.099331e-01  0.000000e+00
   outer loop
     vertex  2.158685e+01  1.895174e+02 -1.351192e+02
     vertex  2.175000e+01  1.880422e+02 -1.361593e+02
     vertex  2.175000e+01  1.880422e+02 -1.328933e+02
   endloop
 endfacet
 facet normal -9.966462e-01 -7.920564e-02  2.056108e-02
   outer loop
     vertex  2.169147e+01  1.889292e+02 -1.323136e+02
     vertex  2.158685e+01  1.895174e+02 -1.351192e+02
     vertex  2.175000e+01  1.880422e+02 -1.328933e+02
   endloop
 endfacet
 facet normal -9.810489e-01 -1.937183e-01 -4.024312e-03
   outer loop
     vertex  2.151525e+01  1.898069e+02 -1.316034e+02
     vertex  2.158685e+01  1.895174e+02 -1.351192e+02
     vertex  2.169147e+01  1.889292e+02 -1.323136e+02
   endloop
 endfacet
 facet normal -9.425522e-01 -3.339554e-01  8.308908e-03
   outer loop
     vertex  2.109155e+01  1.909501e+02 -1.337201e+02
     vertex  2.158685e+01  1.895174e+02 -1.351192e+02
     vertex  2.151525e+01  1.898069e+02 -1.316034e+02
   endloop
 endfacet
 facet normal -9.341891e-01 -3.567333e-01 -5.666899e-03
   outer loop
     vertex  2.100000e+01  1.911346e+02 -1.302419e+02
     vertex  2.109155e+01  1.909501e+02 -1.337201e+02
     vertex  2.151525e+01  1.898069e+02 -1.316034e+02
   endloop
 endfacet
 facet normal -8.543163e-01 -5.197287e-01  5.081071e-03
   outer loop
     vertex  2.042766e+01  1.920551e+02 -1.323155e+02
     vertex  2.109155e+01  1.909501e+02 -1.337201e+02
     vertex  2.100000e+01  1.911346e+02 -1.302419e+02
   endloop
 endfacet
 facet normal -8.269972e-01 -5.622060e-01  4.908734e-14
   outer loop
     vertex  2.008261e+01  1.924841e+02 -1.290000e+02
     vertex  2.100000e+01  1.911346e+02 -1.302419e+02
     vertex  2.100000e+01  1.911346e+02 -1.290000e+02
   endloop
 endfacet
 facet normal -7.361259e-01 -6.767562e-01  1.094525e-02
   outer loop
     vertex  2.008261e+01  1.924841e+02 -1.290000e+02
     vertex  1.958579e+01  1.929953e+02 -1.308006e+02
     vertex  2.042766e+01  1.920551e+02 -1.323155e+02
   endloop
 endfacet
 facet normal -8.333705e-01 -5.525043e-01 -1.525003e-02
   outer loop
     vertex  2.008261e+01  1.924841e+02 -1.290000e+02
     vertex  2.042766e+01  1.920551e+02 -1.323155e+02
     vertex  2.100000e+01  1.911346e+02 -1.302419e+02
   endloop
 endfacet
 facet normal -6.676743e-01 -7.439628e-01 -2.702542e-02
   outer loop
     vertex  1.886818e+01  1.935739e+02 -1.290000e+02
     vertex  1.958579e+01  1.929953e+02 -1.308006e+02
     vertex  2.008261e+01  1.924841e+02 -1.290000e+02
   endloop
 endfacet
 facet normal -5.841269e-01 -8.111836e-01  2.787267e-02
   outer loop
     vertex  1.835581e+01  1.938990e+02 -1.302789e+02
     vertex  1.958579e+01  1.929953e+02 -1.308006e+02
     vertex  1.886818e+01  1.935739e+02 -1.290000e+02
   endloop
 endfacet
 facet normal -3.936173e-01 -9.187315e-01  3.158776e-02
   outer loop
     vertex  1.742770e+01  1.943406e+02 -1.290000e+02
     vertex  1.701958e+01  1.944830e+02 -1.299417e+02
     vertex  1.835581e+01  1.938990e+02 -1.302789e+02
   endloop
 endfacet
 facet normal -4.694996e-01 -8.821944e-01 -3.609819e-02
   outer loop
     vertex  1.742770e+01  1.943406e+02 -1.290000e+02
     vertex  1.835581e+01  1.938990e+02 -1.302789e+02
     vertex  1.886818e+01  1.935739e+02 -1.290000e+02
   endloop
 endfacet
 facet normal -1.998149e-01 -9.796820e-01  1.723821e-02
   outer loop
     vertex  1.584534e+01  1.947391e+02 -1.290000e+02
     vertex  1.569110e+01  1.947568e+02 -1.297836e+02
     vertex  1.701958e+01  1.944830e+02 -1.299417e+02
   endloop
 endfacet
 facet normal -2.440340e-01 -9.689066e-01 -4.083283e-02
   outer loop
     vertex  1.584534e+01  1.947391e+02 -1.290000e+02
     vertex  1.701958e+01  1.944830e+02 -1.299417e+02
     vertex  1.742770e+01  1.943406e+02 -1.290000e+02
   endloop
 endfacet
 facet normal -8.820226e-04 -9.998863e-01 -1.505607e-02
   outer loop
     vertex  1.421358e+01  1.947463e+02 -1.290000e+02
     vertex  1.432065e+01  1.947580e+02 -1.297829e+02
     vertex  1.569110e+01  1.947568e+02 -1.297836e+02
   endloop
 endfacet
 facet normal -4.395137e-03 -9.997553e-01 -2.167834e-02
   outer loop
     vertex  1.421358e+01  1.947463e+02 -1.290000e+02
     vertex  1.569110e+01  1.947568e+02 -1.297836e+02
     vertex  1.584534e+01  1.947391e+02 -1.290000e+02
   endloop
 endfacet
 facet normal  1.986819e-01 -9.799839e-01  1.253263e-02
   outer loop
     vertex  1.299146e+01  1.944865e+02 -1.299397e+02
     vertex  1.432065e+01  1.947580e+02 -1.297829e+02
     vertex  1.421358e+01  1.947463e+02 -1.290000e+02
   endloop
 endfacet
 facet normal  2.355334e-01 -9.711292e-01 -3.784397e-02
   outer loop
     vertex  1.262777e+01  1.943617e+02 -1.290000e+02
     vertex  1.299146e+01  1.944865e+02 -1.299397e+02
     vertex  1.421358e+01  1.947463e+02 -1.290000e+02
   endloop
 endfacet
 facet normal  3.837485e-01 -9.230743e-01  2.590383e-02
   outer loop
     vertex  1.177874e+01  1.939740e+02 -1.302355e+02
     vertex  1.299146e+01  1.944865e+02 -1.299397e+02
     vertex  1.262777e+01  1.943617e+02 -1.290000e+02
   endloop
 endfacet
 facet normal  5.306469e-01 -8.475744e-01  5.621862e-03
   outer loop
     vertex  1.118061e+01  1.936077e+02 -1.290000e+02
     vertex  1.105219e+01  1.935174e+02 -1.304992e+02
     vertex  1.177874e+01  1.939740e+02 -1.302355e+02
   endloop
 endfacet
 facet normal  4.616707e-01 -8.861841e-01 -3.921626e-02
   outer loop
     vertex  1.118061e+01  1.936077e+02 -1.290000e+02
     vertex  1.177874e+01  1.939740e+02 -1.302355e+02
     vertex  1.262777e+01  1.943617e+02 -1.290000e+02
   endloop
 endfacet
 facet normal  6.355168e-01 -7.720465e-01 -7.912719e-03
   outer loop
     vertex  1.041421e+01  1.929953e+02 -1.308006e+02
     vertex  1.105219e+01  1.935174e+02 -1.304992e+02
     vertex  1.118061e+01  1.936077e+02 -1.290000e+02
   endloop
 endfacet
 facet normal  7.556831e-01 -6.545558e-01  2.235524e-02
   outer loop
     vertex  9.956645e+00  1.925286e+02 -1.290000e+02
     vertex  9.249016e+00  1.915762e+02 -1.329654e+02
     vertex  1.041421e+01  1.929953e+02 -1.308006e+02
   endloop
 endfacet
 facet normal  6.611190e-01 -7.498175e-01 -2.637026e-02
   outer loop
     vertex  9.956645e+00  1.925286e+02 -1.290000e+02
     vertex  1.041421e+01  1.929953e+02 -1.308006e+02
     vertex  1.118061e+01  1.936077e+02 -1.290000e+02
   endloop
 endfacet
 facet normal  8.219817e-01 -5.694274e-01 -9.921506e-03
   outer loop
     vertex  9.027420e+00  1.911872e+02 -1.290000e+02
     vertex  9.249016e+00  1.915762e+02 -1.329654e+02
     vertex  9.956645e+00  1.925286e+02 -1.290000e+02
   endloop
 endfacet
 facet normal  9.184082e-01 -3.955992e-01 -5.261458e-03
   outer loop
     vertex  8.447237e+00  1.896621e+02 -1.290000e+02
     vertex  8.499754e+00  1.898614e+02 -1.348206e+02
     vertex  9.249016e+00  1.915762e+02 -1.329654e+02
   endloop
 endfacet
 facet normal  9.789603e-01 -2.040423e-01  1.845064e-03
   outer loop
     vertex  8.447237e+00  1.896621e+02 -1.290000e+02
     vertex  8.311547e+00  1.889517e+02 -1.355631e+02
     vertex  8.499754e+00  1.898614e+02 -1.348206e+02
   endloop
 endfacet
 facet normal  9.345153e-01 -3.554998e-01  1.735158e-02
   outer loop
     vertex  8.447237e+00  1.896621e+02 -1.290000e+02
     vertex  9.249016e+00  1.915762e+02 -1.329654e+02
     vertex  9.027420e+00  1.911872e+02 -1.290000e+02
   endloop
 endfacet
 facet normal  9.977179e-01 -6.752078e-02  0.000000e+00
   outer loop
     vertex  8.250000e+00  1.880422e+02 -1.290000e+02
     vertex  8.250000e+00  1.880422e+02 -1.361593e+02
     vertex  8.311547e+00  1.889517e+02 -1.355631e+02
   endloop
 endfacet
 facet normal  9.926406e-01 -1.208690e-01 -7.440056e-03
   outer loop
     vertex  8.250000e+00  1.880422e+02 -1.290000e+02
     vertex  8.311547e+00  1.889517e+02 -1.355631e+02
     vertex  8.447237e+00  1.896621e+02 -1.290000e+02
   endloop
 endfacet
 facet normal  0.000000e+00  0.000000e+00 -1.000000e+00
   outer loop
     vertex  1.839851e+01  1.843155e+02 -1.290000e+02
     vertex  2.100000e+01  1.849499e+02 -1.290000e+02
     vertex  2.027687e+01  1.838331e+02 -1.290000e+02
   endloop
 endfacet
 facet normal  0.000000e+00  0.000000e+00 -1.000000e+00
   outer loop
     vertex  1.839851e+01  1.843155e+02 -1.290000e+02
     vertex  2.027687e+01  1.838331e+02 -1.290000e+02
     vertex  1.934872e+01  1.828798e+02 -1.290000e+02
   endloop
 endfacet
 facet normal  0.000000e+00 -0.000000e+00 -1.000000e+00
   outer loop
     vertex  1.839851e+01  1.843155e+02 -1.290000e+02
     vertex  1.934872e+01  1.828798e+02 -1.290000e+02
     vertex  1.825161e+01  1.821271e+02 -1.290000e+02
   endloop
 endfacet
 facet normal  0.000000e+00  0.000000e+00 -1.000000e+00
   outer loop
     vertex  1.830597e+01  1.857022e+02 -1.290000e+02
     vertex  2.100000e+01  1.849499e+02 -1.290000e+02
     vertex  1.839851e+01  1.843155e+02 -1.290000e+02
   endloop
 endfacet
 facet normal  0.000000e+00 -0.000000e+00 -1.000000e+00
   outer loop
     vertex  1.817340e+01  1.873408e+02 -1.290000e+02
     vertex  1.830597e+01  1.857022e+02 -1.290000e+02
     vertex  1.807850e+01  1.870005e+02 -1.290000e+02
   endloop
 endfacet
 facet normal  0.000000e+00  0.000000e+00 -1.000000e+00
   outer loop
     vertex  1.817340e+01  1.873408e+02 -1.290000e+02
     vertex  2.100000e+01  1.849499e+02 -1.290000e+02
     vertex  1.830597e+01  1.857022e+02 -1.290000e+02
   endloop
 endfacet
 facet normal  0.000000e+00 -0.000000e+00 -1.000000e+00
   outer loop
     vertex  1.823079e+01  1.876894e+02 -1.290000e+02
     vertex  2.100000e+01  1.849499e+02 -1.290000e+02
     vertex  1.817340e+01  1.873408e+02 -1.290000e+02
   endloop
 endfacet
 facet normal  0.000000e+00 -0.000000e+00 -1.000000e+00
   outer loop
     vertex  1.825000e+01  1.880422e+02 -1.290000e+02
     vertex  2.100000e+01  1.849499e+02 -1.290000e+02
     vertex  1.823079e+01  1.876894e+02 -1.290000e+02
   endloop
 endfacet
 facet normal  0.000000e+00 -0.000000e+00 -1.000000e+00
   outer loop
     vertex  2.100000e+01  1.911346e+02 -1.290000e+02
     vertex  2.100000e+01  1.849499e+02 -1.290000e+02
     vertex  1.825000e+01  1.880422e+02 -1.290000e+02
   endloop
 endfacet
 facet normal  0.000000e+00  0.000000e+00 -1.000000e+00
   outer loop
     vertex  1.815556e+01  1.888200e+02 -1.290000e+02
     vertex  2.100000e+01  1.911346e+02 -1.290000e+02
     vertex  1.825000e+01  1.880422e+02 -1.290000e+02
   endloop
 endfacet
 facet normal  0.000000e+00  0.000000e+00 -1.000000e+00
   outer loop
     vertex  1.787773e+01  1.895526e+02 -1.290000e+02
     vertex  2.100000e+01  1.911346e+02 -1.290000e+02
     vertex  1.815556e+01  1.888200e+02 -1.290000e+02
   endloop
 endfacet
 facet normal  0.000000e+00  0.000000e+00 -1.000000e+00
   outer loop
     vertex  1.056820e+01  1.829509e+02 -1.290000e+02
     vertex  1.161497e+01  1.834766e+02 -1.290000e+02
     vertex  1.174839e+01  1.821271e+02 -1.290000e+02
   endloop
 endfacet
 facet normal  0.000000e+00 -0.000000e+00 -1.000000e+00
   outer loop
     vertex  2.008261e+01  1.924841e+02 -1.290000e+02
     vertex  2.100000e+01  1.911346e+02 -1.290000e+02
     vertex  1.787773e+01  1.895526e+02 -1.290000e+02
   endloop
 endfacet
 facet normal  0.000000e+00  0.000000e+00 -1.000000e+00
   outer loop
     vertex  1.743266e+01  1.901974e+02 -1.290000e+02
     vertex  2.008261e+01  1.924841e+02 -1.290000e+02
     vertex  1.787773e+01  1.895526e+02 -1.290000e+02
   endloop
 endfacet
 facet normal  0.000000e+00  0.000000e+00 -1.000000e+00
   outer loop
     vertex  9.589516e+00  1.840063e+02 -1.290000e+02
     vertex  1.162138e+01  1.848755e+02 -1.290000e+02
     vertex  1.161497e+01  1.834766e+02 -1.290000e+02
   endloop
 endfacet
 facet normal  0.000000e+00  0.000000e+00 -1.000000e+00
   outer loop
     vertex  9.589516e+00  1.840063e+02 -1.290000e+02
     vertex  1.161497e+01  1.834766e+02 -1.290000e+02
     vertex  1.056820e+01  1.829509e+02 -1.290000e+02
   endloop
 endfacet
 facet normal  0.000000e+00  0.000000e+00 -1.000000e+00
   outer loop
     vertex  1.886818e+01  1.935739e+02 -1.290000e+02
     vertex  1.743266e+01  1.901974e+02 -1.290000e+02
     vertex  1.684621e+01  1.907169e+02 -1.290000e+02
   endloop
 endfacet
 facet normal  0.000000e+00 -0.000000e+00 -1.000000e+00
   outer loop
     vertex  1.886818e+01  1.935739e+02 -1.290000e+02
     vertex  2.008261e+01  1.924841e+02 -1.290000e+02
     vertex  1.743266e+01  1.901974e+02 -1.290000e+02
   endloop
 endfacet
 facet normal  0.000000e+00  0.000000e+00 -1.000000e+00
   outer loop
     vertex  8.856828e+00  1.852451e+02 -1.290000e+02
     vertex  1.192150e+01  1.870005e+02 -1.290000e+02
     vertex  1.162138e+01  1.848755e+02 -1.290000e+02
   endloop
 endfacet
 facet normal  0.000000e+00  0.000000e+00 -1.000000e+00
   outer loop
     vertex  8.856828e+00  1.852451e+02 -1.290000e+02
     vertex  1.162138e+01  1.848755e+02 -1.290000e+02
     vertex  9.589516e+00  1.840063e+02 -1.290000e+02
   endloop
 endfacet
 facet normal  0.000000e+00  0.000000e+00 -1.000000e+00
   outer loop
     vertex  1.742770e+01  1.943406e+02 -1.290000e+02
     vertex  1.684621e+01  1.907169e+02 -1.290000e+02
     vertex  1.615247e+01  1.910811e+02 -1.290000e+02
   endloop
 endfacet
 facet normal  0.000000e+00 -0.000000e+00 -1.000000e+00
   outer loop
     vertex  1.742770e+01  1.943406e+02 -1.290000e+02
     vertex  1.886818e+01  1.935739e+02 -1.290000e+02
     vertex  1.684621e+01  1.907169e+02 -1.290000e+02
   endloop
 endfacet
 facet normal  0.000000e+00  0.000000e+00 -1.000000e+00
   outer loop
     vertex  8.403451e+00  1.866112e+02 -1.290000e+02
     vertex  1.182660e+01  1.873408e+02 -1.290000e+02
     vertex  1.192150e+01  1.870005e+02 -1.290000e+02
   endloop
 endfacet
 facet normal  0.000000e+00  0.000000e+00 -1.000000e+00
   outer loop
     vertex  8.403451e+00  1.866112e+02 -1.290000e+02
     vertex  1.176921e+01  1.876894e+02 -1.290000e+02
     vertex  1.182660e+01  1.873408e+02 -1.290000e+02
   endloop
 endfacet
 facet normal  0.000000e+00  0.000000e+00 -1.000000e+00
   outer loop
     vertex  8.403451e+00  1.866112e+02 -1.290000e+02
     vertex  1.192150e+01  1.870005e+02 -1.290000e+02
     vertex  8.856828e+00  1.852451e+02 -1.290000e+02
   endloop
 endfacet
 facet normal  0.000000e+00 -0.000000e+00 -1.000000e+00
   outer loop
     vertex  1.584534e+01  1.947391e+02 -1.290000e+02
     vertex  1.615247e+01  1.910811e+02 -1.290000e+02
     vertex  1.539174e+01  1.912686e+02 -1.290000e+02
   endloop
 endfacet
 facet normal  0.000000e+00  0.000000e+00 -1.000000e+00
   outer loop
     vertex  1.584534e+01  1.947391e+02 -1.290000e+02
     vertex  1.742770e+01  1.943406e+02 -1.290000e+02
     vertex  1.615247e+01  1.910811e+02 -1.290000e+02
   endloop
 endfacet
 facet normal  0.000000e+00  0.000000e+00 -1.000000e+00
   outer loop
     vertex  8.250000e+00  1.880422e+02 -1.290000e+02
     vertex  1.175000e+01  1.880422e+02 -1.290000e+02
     vertex  1.176921e+01  1.876894e+02 -1.290000e+02
   endloop
 endfacet
 facet normal  0.000000e+00  0.000000e+00 -1.000000e+00
   outer loop
     vertex  8.250000e+00  1.880422e+02 -1.290000e+02
     vertex  1.176921e+01  1.876894e+02 -1.290000e+02
     vertex  8.403451e+00  1.866112e+02 -1.290000e+02
   endloop
 endfacet
 facet normal  0.000000e+00  0.000000e+00 -1.000000e+00
   outer loop
     vertex  8.250000e+00  1.880422e+02 -1.290000e+02
     vertex  1.184444e+01  1.888200e+02 -1.290000e+02
     vertex  1.175000e+01  1.880422e+02 -1.290000e+02
   endloop
 endfacet
 facet normal  0.000000e+00  0.000000e+00 -1.000000e+00
   outer loop
     vertex  1.421358e+01  1.947463e+02 -1.290000e+02
     vertex  1.584534e+01  1.947391e+02 -1.290000e+02
     vertex  1.539174e+01  1.912686e+02 -1.290000e+02
   endloop
 endfacet
 facet normal  0.000000e+00  0.000000e+00 -1.000000e+00
   outer loop
     vertex  1.421358e+01  1.947463e+02 -1.290000e+02
     vertex  1.539174e+01  1.912686e+02 -1.290000e+02
     vertex  1.460826e+01  1.912686e+02 -1.290000e+02
   endloop
 endfacet
 facet normal  0.000000e+00 -0.000000e+00 -1.000000e+00
   outer loop
     vertex  8.447237e+00  1.896621e+02 -1.290000e+02
     vertex  1.184444e+01  1.888200e+02 -1.290000e+02
     vertex  8.250000e+00  1.880422e+02 -1.290000e+02
   endloop
 endfacet
 facet normal  0.000000e+00  0.000000e+00 -1.000000e+00
   outer loop
     vertex  8.447237e+00  1.896621e+02 -1.290000e+02
     vertex  1.212227e+01  1.895526e+02 -1.290000e+02
     vertex  1.184444e+01  1.888200e+02 -1.290000e+02
   endloop
 endfacet
 facet normal  0.000000e+00  0.000000e+00 -1.000000e+00
   outer loop
     vertex  1.262777e+01  1.943617e+02 -1.290000e+02
     vertex  1.421358e+01  1.947463e+02 -1.290000e+02
     vertex  1.460826e+01  1.912686e+02 -1.290000e+02
   endloop
 endfacet
 facet normal  0.000000e+00  0.000000e+00 -1.000000e+00
   outer loop
     vertex  1.262777e+01  1.943617e+02 -1.290000e+02
     vertex  1.460826e+01  1.912686e+02 -1.290000e+02
     vertex  1.384753e+01  1.910811e+02 -1.290000e+02
   endloop
 endfacet
 facet normal  0.000000e+00 -0.000000e+00 -1.000000e+00
   outer loop
     vertex  9.027420e+00  1.911872e+02 -1.290000e+02
     vertex  1.212227e+01  1.895526e+02 -1.290000e+02
     vertex  8.447237e+00  1.896621e+02 -1.290000e+02
   endloop
 endfacet
 facet normal  0.000000e+00  0.000000e+00 -1.000000e+00
   outer loop
     vertex  9.027420e+00  1.911872e+02 -1.290000e+02
     vertex  1.256734e+01  1.901974e+02 -1.290000e+02
     vertex  1.212227e+01  1.895526e+02 -1.290000e+02
   endloop
 endfacet
 facet normal  0.000000e+00  0.000000e+00 -1.000000e+00
   outer loop
     vertex  1.118061e+01  1.936077e+02 -1.290000e+02
     vertex  1.262777e+01  1.943617e+02 -1.290000e+02
     vertex  1.384753e+01  1.910811e+02 -1.290000e+02
   endloop
 endfacet
 facet normal  0.000000e+00  0.000000e+00 -1.000000e+00
   outer loop
     vertex  1.118061e+01  1.936077e+02 -1.290000e+02
     vertex  1.384753e+01  1.910811e+02 -1.290000e+02
     vertex  1.315379e+01  1.907169e+02 -1.290000e+02
   endloop
 endfacet
 facet normal  0.000000e+00 -0.000000e+00 -1.000000e+00
   outer loop
     vertex  9.956645e+00  1.925286e+02 -1.290000e+02
     vertex  1.256734e+01  1.901974e+02 -1.290000e+02
     vertex  9.027420e+00  1.911872e+02 -1.290000e+02
   endloop
 endfacet
 facet normal  0.000000e+00  0.000000e+00 -1.000000e+00
   outer loop
     vertex  9.956645e+00  1.925286e+02 -1.290000e+02
     vertex  1.315379e+01  1.907169e+02 -1.290000e+02
     vertex  1.256734e+01  1.901974e+02 -1.290000e+02
   endloop
 endfacet
 facet normal  0.000000e+00  0.000000e+00 -1.000000e+00
   outer loop
     vertex  9.956645e+00  1.925286e+02 -1.290000e+02
     vertex  1.118061e+01  1.936077e+02 -1.290000e+02
     vertex  1.315379e+01  1.907169e+02 -1.290000e+02
   endloop
 endfacet
 facet normal -6.882900e-01  7.254357e-01 -5.433152e-15
   outer loop
     vertex  2.021958e+01  1.837622e+02 -1.465236e+02
     vertex  1.900000e+01  1.826051e+02 -1.471917e+02
     vertex  1.900000e+01  1.826051e+02 -1.448823e+02
   endloop
 endfacet
 facet normal -6.746194e-01  7.379222e-01  1.896082e-02
   outer loop
     vertex  1.999148e+01  1.834983e+02 -1.443666e+02
     vertex  2.021958e+01  1.837622e+02 -1.465236e+02
     vertex  1.900000e+01  1.826051e+02 -1.448823e+02
   endloop
 endfacet
 facet normal -8.538558e-01  5.199834e-01  2.339867e-02
   outer loop
     vertex  2.080675e+01  1.846007e+02 -1.437301e+02
     vertex  2.113522e+01  1.852277e+02 -1.456775e+02
     vertex  2.021958e+01  1.837622e+02 -1.465236e+02
   endloop
 endfacet
 facet normal -8.008147e-01  5.988036e-01 -1.140821e-02
   outer loop
     vertex  2.080675e+01  1.846007e+02 -1.437301e+02
     vertex  2.021958e+01  1.837622e+02 -1.465236e+02
     vertex  1.999148e+01  1.834983e+02 -1.443666e+02
   endloop
 endfacet
 facet normal -9.512948e-01  3.079330e-01  1.467639e-02
   outer loop
     vertex  2.149078e+01  1.861896e+02 -1.428128e+02
     vertex  2.159876e+01  1.866214e+02 -1.448729e+02
     vertex  2.113522e+01  1.852277e+02 -1.456775e+02
   endloop
 endfacet
 facet normal -9.133301e-01  4.065613e-01 -2.315166e-02
   outer loop
     vertex  2.149078e+01  1.861896e+02 -1.428128e+02
     vertex  2.113522e+01  1.852277e+02 -1.456775e+02
     vertex  2.080675e+01  1.846007e+02 -1.437301e+02
   endloop
 endfacet
 facet normal -9.922938e-01  1.210078e-01 -2.664854e-02
   outer loop
     vertex  2.175000e+01  1.880422e+02 -1.440526e+02
     vertex  2.159876e+01  1.866214e+02 -1.448729e+02
     vertex  2.149078e+01  1.861896e+02 -1.428128e+02
   endloop
 endfacet
 facet normal -9.903527e-01  1.385693e-01  0.000000e+00
   outer loop
     vertex  2.175000e+01  1.880422e+02 -1.417432e+02
     vertex  2.175000e+01  1.880422e+02 -1.440526e+02
     vertex  2.149078e+01  1.861896e+02 -1.428128e+02
   endloop
 endfacet
 facet normal  6.757569e-01 -7.369674e-01  1.521644e-02
   outer loop
     vertex  1.016899e+01  1.927565e+02 -1.390214e+02
     vertex  9.876318e+00  1.924366e+02 -1.415155e+02
     vertex  1.100000e+01  1.934794e+02 -1.409134e+02
   endloop
 endfacet
 facet normal  6.563367e-01 -7.544681e-01  3.928169e-15
   outer loop
     vertex  1.016899e+01  1.927565e+02 -1.390214e+02
     vertex  1.100000e+01  1.934794e+02 -1.409134e+02
     vertex  1.100000e+01  1.934794e+02 -1.386040e+02
   endloop
 endfacet
 facet normal  8.277526e-01 -5.606583e-01  2.209014e-02
   outer loop
     vertex  9.422126e+00  1.918435e+02 -1.395485e+02
     vertex  8.953127e+00  1.910419e+02 -1.423207e+02
     vertex  9.876318e+00  1.924366e+02 -1.415155e+02
   endloop
 endfacet
 facet normal  7.768879e-01 -6.295526e-01 -1.042706e-02
   outer loop
     vertex  9.422126e+00  1.918435e+02 -1.395485e+02
     vertex  9.876318e+00  1.924366e+02 -1.415155e+02
     vertex  1.016899e+01  1.927565e+02 -1.390214e+02
   endloop
 endfacet
 facet normal  9.416909e-01 -3.355504e-01  2.498334e-02
   outer loop
     vertex  8.640809e+00  1.903057e+02 -1.404364e+02
     vertex  8.380285e+00  1.893620e+02 -1.432906e+02
     vertex  8.953127e+00  1.910419e+02 -1.423207e+02
   endloop
 endfacet
 facet normal  8.967979e-01 -4.417910e-01 -2.396389e-02
   outer loop
     vertex  8.640809e+00  1.903057e+02 -1.404364e+02
     vertex  8.953127e+00  1.910419e+02 -1.423207e+02
     vertex  9.422126e+00  1.918435e+02 -1.395485e+02
   endloop
 endfacet
 facet normal  9.967107e-01 -7.659750e-02  2.646832e-02
   outer loop
     vertex  8.268429e+00  1.885407e+02 -1.414554e+02
     vertex  8.268429e+00  1.875438e+02 -1.443403e+02
     vertex  8.380285e+00  1.893620e+02 -1.432906e+02
   endloop
 endfacet
 facet normal  9.810639e-01 -1.919180e-01 -2.609754e-02
   outer loop
     vertex  8.268429e+00  1.885407e+02 -1.414554e+02
     vertex  8.380285e+00  1.893620e+02 -1.432906e+02
     vertex  8.640809e+00  1.903057e+02 -1.404364e+02
   endloop
 endfacet
 facet normal  9.810639e-01  1.919180e-01  2.609754e-02
   outer loop
     vertex  8.380285e+00  1.867224e+02 -1.425051e+02
     vertex  8.640809e+00  1.857788e+02 -1.453594e+02
     vertex  8.268429e+00  1.875438e+02 -1.443403e+02
   endloop
 endfacet
 facet normal  9.967107e-01  7.659750e-02 -2.646832e-02
   outer loop
     vertex  8.380285e+00  1.867224e+02 -1.425051e+02
     vertex  8.268429e+00  1.875438e+02 -1.443403e+02
     vertex  8.268429e+00  1.885407e+02 -1.414554e+02
   endloop
 endfacet
 facet normal  8.967979e-01  4.417910e-01  2.396389e-02
   outer loop
     vertex  8.953127e+00  1.850426e+02 -1.434750e+02
     vertex  9.422126e+00  1.842410e+02 -1.462472e+02
     vertex  8.640809e+00  1.857788e+02 -1.453594e+02
   endloop
 endfacet
 facet normal  9.416909e-01  3.355504e-01 -2.498334e-02
   outer loop
     vertex  8.953127e+00  1.850426e+02 -1.434750e+02
     vertex  8.640809e+00  1.857788e+02 -1.453594e+02
     vertex  8.380285e+00  1.867224e+02 -1.425051e+02
   endloop
 endfacet
 facet normal  7.768879e-01  6.295526e-01  1.042706e-02
   outer loop
     vertex  9.876318e+00  1.836479e+02 -1.442802e+02
     vertex  1.016899e+01  1.833280e+02 -1.467743e+02
     vertex  9.422126e+00  1.842410e+02 -1.462472e+02
   endloop
 endfacet
 facet normal  8.277526e-01  5.606583e-01 -2.209014e-02
   outer loop
     vertex  9.876318e+00  1.836479e+02 -1.442802e+02
     vertex  9.422126e+00  1.842410e+02 -1.462472e+02
     vertex  8.953127e+00  1.850426e+02 -1.434750e+02
   endloop
 endfacet
 facet normal  6.563367e-01  7.544681e-01  1.422483e-14
   outer loop
     vertex  1.100000e+01  1.826051e+02 -1.448823e+02
     vertex  1.100000e+01  1.826051e+02 -1.471917e+02
     vertex  1.016899e+01  1.833280e+02 -1.467743e+02
   endloop
 endfacet
 facet normal  6.757569e-01  7.369674e-01 -1.521644e-02
   outer loop
     vertex  1.100000e+01  1.826051e+02 -1.448823e+02
     vertex  1.016899e+01  1.833280e+02 -1.467743e+02
     vertex  9.876318e+00  1.836479e+02 -1.442802e+02
   endloop
 endfacet
 facet normal -6.882900e-01  7.254357e-01 -4.861241e-15
   outer loop
     vertex -9.780417e+00  1.837622e+02 -1.465236e+02
     vertex -1.100000e+01  1.826051e+02 -1.471917e+02
     vertex -1.100000e+01  1.826051e+02 -1.448823e+02
   endloop
 endfacet
 facet normal -6.746194e-01  7.379222e-01  1.896082e-02
   outer loop
     vertex -1.000852e+01  1.834983e+02 -1.443666e+02
     vertex -9.780417e+00  1.837622e+02 -1.465236e+02
     vertex -1.100000e+01  1.826051e+02 -1.448823e+02
   endloop
 endfacet
 facet normal -8.538558e-01  5.199834e-01  2.339867e-02
   outer loop
     vertex -9.193248e+00  1.846007e+02 -1.437301e+02
     vertex -8.864777e+00  1.852277e+02 -1.456775e+02
     vertex -9.780417e+00  1.837622e+02 -1.465236e+02
   endloop
 endfacet
 facet normal -8.008147e-01  5.988036e-01 -1.140821e-02
   outer loop
     vertex -9.193248e+00  1.846007e+02 -1.437301e+02
     vertex -9.780417e+00  1.837622e+02 -1.465236e+02
     vertex -1.000852e+01  1.834983e+02 -1.443666e+02
   endloop
 endfacet
 facet normal -9.512948e-01  3.079330e-01  1.467639e-02
   outer loop
     vertex -8.509220e+00  1.861896e+02 -1.428128e+02
     vertex -8.401242e+00  1.866214e+02 -1.448729e+02
     vertex -8.864777e+00  1.852277e+02 -1.456775e+02
   endloop
 endfacet
 facet normal -9.133301e-01  4.065613e-01 -2.315166e-02
   outer loop
     vertex -8.509220e+00  1.861896e+02 -1.428128e+02
     vertex -8.864777e+00  1.852277e+02 -1.456775e+02
     vertex -9.193248e+00  1.846007e+02 -1.437301e+02
   endloop
 endfacet
 facet normal -9.922938e-01  1.210078e-01 -2.664854e-02
   outer loop
     vertex -8.250000e+00  1.880422e+02 -1.440526e+02
     vertex -8.401242e+00  1.866214e+02 -1.448729e+02
     vertex -8.509220e+00  1.861896e+02 -1.428128e+02
   endloop
 endfacet
 facet normal -9.903527e-01  1.385693e-01  0.000000e+00
   outer loop
     vertex -8.250000e+00  1.880422e+02 -1.417432e+02
     vertex -8.250000e+00  1.880422e+02 -1.440526e+02
     vertex -8.509220e+00  1.861896e+02 -1.428128e+02
   endloop
 endfacet
 facet normal -9.939390e-01 -1.099331e-01 -0.000000e+00
   outer loop
     vertex -8.250000e+00  1.880422e+02 -1.290000e+02
     vertex -8.413151e+00  1.895174e+02 -1.351192e+02
     vertex -8.250000e+00  1.880422e+02 -1.361593e+02
   endloop
 endfacet
 facet normal -9.443533e-01 -3.289234e-01  2.518329e-03
   outer loop
     vertex -8.447237e+00  1.896621e+02 -1.290000e+02
     vertex -8.908450e+00  1.909501e+02 -1.337201e+02
     vertex -8.413151e+00  1.895174e+02 -1.351192e+02
   endloop
 endfacet
 facet normal -9.926645e-01 -1.208719e-01 -2.670896e-03
   outer loop
     vertex -8.447237e+00  1.896621e+02 -1.290000e+02
     vertex -8.413151e+00  1.895174e+02 -1.351192e+02
     vertex -8.250000e+00  1.880422e+02 -1.290000e+02
   endloop
 endfacet
 facet normal -8.546225e-01 -5.192299e-01  4.543956e-03
   outer loop
     vertex -9.027420e+00  1.911872e+02 -1.290000e+02
     vertex -9.572344e+00  1.920551e+02 -1.323155e+02
     vertex -8.908450e+00  1.909501e+02 -1.337201e+02
   endloop
 endfacet
 facet normal -9.346409e-01 -3.555475e-01 -5.695876e-03
   outer loop
     vertex -9.027420e+00  1.911872e+02 -1.290000e+02
     vertex -8.908450e+00  1.909501e+02 -1.337201e+02
     vertex -8.447237e+00  1.896621e+02 -1.290000e+02
   endloop
 endfacet
 facet normal -7.357341e-01 -6.771742e-01  1.142239e-02
   outer loop
     vertex -9.956645e+00  1.925286e+02 -1.290000e+02
     vertex -1.041421e+01  1.929953e+02 -1.308006e+02
     vertex -9.572344e+00  1.920551e+02 -1.323155e+02
   endloop
 endfacet
 facet normal -8.219421e-01 -5.694000e-01 -1.396009e-02
   outer loop
     vertex -9.956645e+00  1.925286e+02 -1.290000e+02
     vertex -9.572344e+00  1.920551e+02 -1.323155e+02
     vertex -9.027420e+00  1.911872e+02 -1.290000e+02
   endloop
 endfacet
 facet normal -5.843436e-01 -8.110526e-01  2.713495e-02
   outer loop
     vertex -1.118061e+01  1.936077e+02 -1.290000e+02
     vertex -1.164419e+01  1.938990e+02 -1.302789e+02
     vertex -1.041421e+01  1.929953e+02 -1.308006e+02
   endloop
 endfacet
 facet normal -6.611190e-01 -7.498175e-01 -2.637026e-02
   outer loop
     vertex -1.118061e+01  1.936077e+02 -1.290000e+02
     vertex -1.041421e+01  1.929953e+02 -1.308006e+02
     vertex -9.956645e+00  1.925286e+02 -1.290000e+02
   endloop
 endfacet
 facet normal -3.941520e-01 -9.185810e-01  2.920833e-02
   outer loop
     vertex -1.262777e+01  1.943617e+02 -1.290000e+02
     vertex -1.298042e+01  1.944830e+02 -1.299417e+02
     vertex -1.164419e+01  1.938990e+02 -1.302789e+02
   endloop
 endfacet
 facet normal -4.617519e-01 -8.863400e-01 -3.444751e-02
   outer loop
     vertex -1.262777e+01  1.943617e+02 -1.290000e+02
     vertex -1.164419e+01  1.938990e+02 -1.302789e+02
     vertex -1.118061e+01  1.936077e+02 -1.290000e+02
   endloop
 endfacet
 facet normal -2.005134e-01 -9.796261e-01  1.127008e-02
   outer loop
     vertex -1.421358e+01  1.947463e+02 -1.290000e+02
     vertex -1.430890e+01  1.947568e+02 -1.297836e+02
     vertex -1.298042e+01  1.944830e+02 -1.299417e+02
   endloop
 endfacet
 facet normal -2.355412e-01 -9.711611e-01 -3.696714e-02
   outer loop
     vertex -1.421358e+01  1.947463e+02 -1.290000e+02
     vertex -1.298042e+01  1.944830e+02 -1.299417e+02
     vertex -1.262777e+01  1.943617e+02 -1.290000e+02
   endloop
 endfacet
 facet normal -8.811509e-04 -9.999113e-01 -1.328616e-02
   outer loop
     vertex -1.567935e+01  1.947580e+02 -1.297829e+02
     vertex -1.430890e+01  1.947568e+02 -1.297836e+02
     vertex -1.421358e+01  1.947463e+02 -1.290000e+02
   endloop
 endfacet
 facet normal  4.394991e-03 -9.997221e-01 -2.316120e-02
   outer loop
     vertex -1.584534e+01  1.947391e+02 -1.290000e+02
     vertex -1.567935e+01  1.947580e+02 -1.297829e+02
     vertex -1.421358e+01  1.947463e+02 -1.290000e+02
   endloop
 endfacet
 facet normal  1.980041e-01 -9.800293e-01  1.835901e-02
   outer loop
     vertex -1.700854e+01  1.944865e+02 -1.299397e+02
     vertex -1.567935e+01  1.947580e+02 -1.297829e+02
     vertex -1.584534e+01  1.947391e+02 -1.290000e+02
   endloop
 endfacet
 facet normal  2.440262e-01 -9.688756e-01 -4.160970e-02
   outer loop
     vertex -1.742770e+01  1.943406e+02 -1.290000e+02
     vertex -1.700854e+01  1.944865e+02 -1.299397e+02
     vertex -1.584534e+01  1.947391e+02 -1.290000e+02
   endloop
 endfacet
 facet normal  3.833695e-01 -9.231813e-01  2.764265e-02
   outer loop
     vertex -1.822126e+01  1.939740e+02 -1.302355e+02
     vertex -1.700854e+01  1.944865e+02 -1.299397e+02
     vertex -1.742770e+01  1.943406e+02 -1.290000e+02
   endloop
 endfacet
 facet normal  5.311401e-01 -8.472758e-01  3.745477e-03
   outer loop
     vertex -1.886818e+01  1.935739e+02 -1.290000e+02
     vertex -1.894781e+01  1.935174e+02 -1.304992e+02
     vertex -1.822126e+01  1.939740e+02 -1.302355e+02
   endloop
 endfacet
 facet normal  4.694330e-01 -8.820693e-01 -3.983050e-02
   outer loop
     vertex -1.886818e+01  1.935739e+02 -1.290000e+02
     vertex -1.822126e+01  1.939740e+02 -1.302355e+02
     vertex -1.742770e+01  1.943406e+02 -1.290000e+02
   endloop
 endfacet
 facet normal  6.345822e-01 -7.728419e-01 -4.556710e-03
   outer loop
     vertex -1.958579e+01  1.929953e+02 -1.308006e+02
     vertex -1.894781e+01  1.935174e+02 -1.304992e+02
     vertex -1.886818e+01  1.935739e+02 -1.290000e+02
   endloop
 endfacet
 facet normal  7.555270e-01 -6.547292e-01  2.255301e-02
   outer loop
     vertex -2.008261e+01  1.924841e+02 -1.290000e+02
     vertex -2.075098e+01  1.915762e+02 -1.329654e+02
     vertex -1.958579e+01  1.929953e+02 -1.308006e+02
   endloop
 endfacet
 facet normal  6.676743e-01 -7.439628e-01 -2.702542e-02
   outer loop
     vertex -2.008261e+01  1.924841e+02 -1.290000e+02
     vertex -1.958579e+01  1.929953e+02 -1.308006e+02
     vertex -1.886818e+01  1.935739e+02 -1.290000e+02
   endloop
 endfacet
 facet normal  8.327038e-01 -5.535512e-01 -1.361996e-02
   outer loop
     vertex -2.100000e+01  1.911346e+02 -1.302419e+02
     vertex -2.075098e+01  1.915762e+02 -1.329654e+02
     vertex -2.008261e+01  1.924841e+02 -1.290000e+02
   endloop
 endfacet
 facet normal  8.269972e-01 -5.622060e-01 -3.623347e-14
   outer loop
     vertex -2.100000e+01  1.911346e+02 -1.290000e+02
     vertex -2.100000e+01  1.911346e+02 -1.302419e+02
     vertex -2.008261e+01  1.924841e+02 -1.290000e+02
   endloop
 endfacet
 facet normal  9.119291e-01 -4.102042e-01  1.085481e-02
   outer loop
     vertex -2.141244e+01  1.901501e+02 -1.312865e+02
     vertex -2.150025e+01  1.898614e+02 -1.348206e+02
     vertex -2.075098e+01  1.915762e+02 -1.329654e+02
   endloop
 endfacet
 facet normal  9.150842e-01 -4.028452e-01  1.834877e-02
   outer loop
     vertex -2.141244e+01  1.901501e+02 -1.312865e+02
     vertex -2.075098e+01  1.915762e+02 -1.329654e+02
     vertex -2.100000e+01  1.911346e+02 -1.302419e+02
   endloop
 endfacet
 facet normal  9.788109e-01 -2.047477e-01  2.747080e-03
   outer loop
     vertex -2.166561e+01  1.891063e+02 -1.321815e+02
     vertex -2.168845e+01  1.889517e+02 -1.355631e+02
     vertex -2.150025e+01  1.898614e+02 -1.348206e+02
   endloop
 endfacet
 facet normal  9.728362e-01 -2.314346e-01 -5.263327e-03
   outer loop
     vertex -2.166561e+01  1.891063e+02 -1.321815e+02
     vertex -2.150025e+01  1.898614e+02 -1.348206e+02
     vertex -2.141244e+01  1.901501e+02 -1.312865e+02
   endloop
 endfacet
 facet normal  9.977179e-01 -6.752078e-02  0.000000e+00
   outer loop
     vertex -2.175000e+01  1.880422e+02 -1.328933e+02
     vertex -2.175000e+01  1.880422e+02 -1.361593e+02
     vertex -2.168845e+01  1.889517e+02 -1.355631e+02
   endloop
 endfacet
 facet normal  9.970318e-01 -7.692371e-02 -3.218808e-03
   outer loop
     vertex -2.175000e+01  1.880422e+02 -1.328933e+02
     vertex -2.168845e+01  1.889517e+02 -1.355631e+02
     vertex -2.166561e+01  1.891063e+02 -1.321815e+02
   endloop
 endfacet
 facet normal  0.000000e+00  0.000000e+00 -1.000000e+00
   outer loop
     vertex -1.160149e+01  1.843155e+02 -1.290000e+02
     vertex -9.589516e+00  1.840063e+02 -1.290000e+02
     vertex -1.056820e+01  1.829509e+02 -1.290000e+02
   endloop
 endfacet
 facet normal  0.000000e+00 -0.000000e+00 -1.000000e+00
   outer loop
     vertex -1.160149e+01  1.843155e+02 -1.290000e+02
     vertex -1.056820e+01  1.829509e+02 -1.290000e+02
     vertex -1.174839e+01  1.821271e+02 -1.290000e+02
   endloop
 endfacet
 facet normal  0.000000e+00  0.000000e+00 -1.000000e+00
   outer loop
     vertex -1.169403e+01  1.857022e+02 -1.290000e+02
     vertex -8.403451e+00  1.866112e+02 -1.290000e+02
     vertex -8.856828e+00  1.852451e+02 -1.290000e+02
   endloop
 endfacet
 facet normal  0.000000e+00  0.000000e+00 -1.000000e+00
   outer loop
     vertex -1.169403e+01  1.857022e+02 -1.290000e+02
     vertex -8.856828e+00  1.852451e+02 -1.290000e+02
     vertex -9.589516e+00  1.840063e+02 -1.290000e+02
   endloop
 endfacet
 facet normal  0.000000e+00  0.000000e+00 -1.000000e+00
   outer loop
     vertex -1.169403e+01  1.857022e+02 -1.290000e+02
     vertex -9.589516e+00  1.840063e+02 -1.290000e+02
     vertex -1.160149e+01  1.843155e+02 -1.290000e+02
   endloop
 endfacet
 facet normal  0.000000e+00  0.000000e+00 -1.000000e+00
   outer loop
     vertex -1.192150e+01  1.870005e+02 -1.290000e+02
     vertex -8.403451e+00  1.866112e+02 -1.290000e+02
     vertex -1.169403e+01  1.857022e+02 -1.290000e+02
   endloop
 endfacet
 facet normal  0.000000e+00 -0.000000e+00 -1.000000e+00
   outer loop
     vertex -1.182660e+01  1.873408e+02 -1.290000e+02
     vertex -8.403451e+00  1.866112e+02 -1.290000e+02
     vertex -1.192150e+01  1.870005e+02 -1.290000e+02
   endloop
 endfacet
 facet normal  0.000000e+00  0.000000e+00 -1.000000e+00
   outer loop
     vertex -1.176921e+01  1.876894e+02 -1.290000e+02
     vertex -8.250000e+00  1.880422e+02 -1.290000e+02
     vertex -8.403451e+00  1.866112e+02 -1.290000e+02
   endloop
 endfacet
 facet normal  0.000000e+00 -0.000000e+00 -1.000000e+00
   outer loop
     vertex -1.176921e+01  1.876894e+02 -1.290000e+02
     vertex -8.403451e+00  1.866112e+02 -1.290000e+02
     vertex -1.182660e+01  1.873408e+02 -1.290000e+02
   endloop
 endfacet
 facet normal  0.000000e+00 -0.000000e+00 -1.000000e+00
   outer loop
     vertex -1.175000e+01  1.880422e+02 -1.290000e+02
     vertex -8.250000e+00  1.880422e+02 -1.290000e+02
     vertex -1.176921e+01  1.876894e+02 -1.290000e+02
   endloop
 endfacet
 facet normal  0.000000e+00  0.000000e+00 -1.000000e+00
   outer loop
     vertex -1.184444e+01  1.888200e+02 -1.290000e+02
     vertex -8.447237e+00  1.896621e+02 -1.290000e+02
     vertex -8.250000e+00  1.880422e+02 -1.290000e+02
   endloop
 endfacet
 facet normal  0.000000e+00  0.000000e+00 -1.000000e+00
   outer loop
     vertex -1.184444e+01  1.888200e+02 -1.290000e+02
     vertex -8.250000e+00  1.880422e+02 -1.290000e+02
     vertex -1.175000e+01  1.880422e+02 -1.290000e+02
   endloop
 endfacet
 facet normal  0.000000e+00  0.000000e+00 -1.000000e+00
   outer loop
     vertex -1.212227e+01  1.895526e+02 -1.290000e+02
     vertex -9.027420e+00  1.911872e+02 -1.290000e+02
     vertex -8.447237e+00  1.896621e+02 -1.290000e+02
   endloop
 endfacet
 facet normal  0.000000e+00  0.000000e+00 -1.000000e+00
   outer loop
     vertex -1.212227e+01  1.895526e+02 -1.290000e+02
     vertex -8.447237e+00  1.896621e+02 -1.290000e+02
     vertex -1.184444e+01  1.888200e+02 -1.290000e+02
   endloop
 endfacet
 facet normal  0.000000e+00  0.000000e+00 -1.000000e+00
   outer loop
     vertex -1.934872e+01  1.828798e+02 -1.290000e+02
     vertex -1.838503e+01  1.834766e+02 -1.290000e+02
     vertex -1.825161e+01  1.821271e+02 -1.290000e+02
   endloop
 endfacet
 facet normal  0.000000e+00  0.000000e+00 -1.000000e+00
   outer loop
     vertex -1.256734e+01  1.901974e+02 -1.290000e+02
     vertex -9.956645e+00  1.925286e+02 -1.290000e+02
     vertex -9.027420e+00  1.911872e+02 -1.290000e+02
   endloop
 endfacet
 facet normal  0.000000e+00  0.000000e+00 -1.000000e+00
   outer loop
     vertex -1.256734e+01  1.901974e+02 -1.290000e+02
     vertex -9.027420e+00  1.911872e+02 -1.290000e+02
     vertex -1.212227e+01  1.895526e+02 -1.290000e+02
   endloop
 endfacet
 facet normal  0.000000e+00  0.000000e+00 -1.000000e+00
   outer loop
     vertex -1.315379e+01  1.907169e+02 -1.290000e+02
     vertex -9.956645e+00  1.925286e+02 -1.290000e+02
     vertex -1.256734e+01  1.901974e+02 -1.290000e+02
   endloop
 endfacet
 facet normal  0.000000e+00  0.000000e+00 -1.000000e+00
   outer loop
     vertex -2.027687e+01  1.838331e+02 -1.290000e+02
     vertex -1.837862e+01  1.848755e+02 -1.290000e+02
     vertex -1.838503e+01  1.834766e+02 -1.290000e+02
   endloop
 endfacet
 facet normal  0.000000e+00  0.000000e+00 -1.000000e+00
   outer loop
     vertex -2.027687e+01  1.838331e+02 -1.290000e+02
     vertex -1.838503e+01  1.834766e+02 -1.290000e+02
     vertex -1.934872e+01  1.828798e+02 -1.290000e+02
   endloop
 endfacet
 facet normal  0.000000e+00 -0.000000e+00 -1.000000e+00
   outer loop
     vertex -1.118061e+01  1.936077e+02 -1.290000e+02
     vertex -9.956645e+00  1.925286e+02 -1.290000e+02
     vertex -1.315379e+01  1.907169e+02 -1.290000e+02
   endloop
 endfacet
 facet normal  0.000000e+00  0.000000e+00 -1.000000e+00
   outer loop
     vertex -1.384753e+01  1.910811e+02 -1.290000e+02
     vertex -1.118061e+01  1.936077e+02 -1.290000e+02
     vertex -1.315379e+01  1.907169e+02 -1.290000e+02
   endloop
 endfacet
 facet normal  0.000000e+00  0.000000e+00 -1.000000e+00
   outer loop
     vertex -2.100000e+01  1.849499e+02 -1.290000e+02
     vertex -1.817340e+01  1.873408e+02 -1.290000e+02
     vertex -1.807850e+01  1.870005e+02 -1.290000e+02
   endloop
 endfacet
 facet normal  0.000000e+00  0.000000e+00 -1.000000e+00
   outer loop
     vertex -2.100000e+01  1.849499e+02 -1.290000e+02
     vertex -1.823079e+01  1.876894e+02 -1.290000e+02
     vertex -1.817340e+01  1.873408e+02 -1.290000e+02
   endloop
 endfacet
 facet normal  0.000000e+00  0.000000e+00 -1.000000e+00
   outer loop
     vertex -2.100000e+01  1.849499e+02 -1.290000e+02
     vertex -1.807850e+01  1.870005e+02 -1.290000e+02
     vertex -1.837862e+01  1.848755e+02 -1.290000e+02
   endloop
 endfacet
 facet normal  0.000000e+00  0.000000e+00 -1.000000e+00
   outer loop
     vertex -2.100000e+01  1.849499e+02 -1.290000e+02
     vertex -1.837862e+01  1.848755e+02 -1.290000e+02
     vertex -2.027687e+01  1.838331e+02 -1.290000e+02
   endloop
 endfacet
 facet normal  0.000000e+00 -0.000000e+00 -1.000000e+00
   outer loop
     vertex -1.825000e+01  1.880422e+02 -1.290000e+02
     vertex -1.823079e+01  1.876894e+02 -1.290000e+02
     vertex -2.100000e+01  1.849499e+02 -1.290000e+02
   endloop
 endfacet
 facet normal  0.000000e+00 -0.000000e+00 -1.000000e+00
   outer loop
     vertex -1.262777e+01  1.943617e+02 -1.290000e+02
     vertex -1.118061e+01  1.936077e+02 -1.290000e+02
     vertex -1.384753e+01  1.910811e+02 -1.290000e+02
   endloop
 endfacet
 facet normal  0.000000e+00  0.000000e+00 -1.000000e+00
   outer loop
     vertex -1.262777e+01  1.943617e+02 -1.290000e+02
     vertex -1.384753e+01  1.910811e+02 -1.290000e+02
     vertex -1.460826e+01  1.912686e+02 -1.290000e+02
   endloop
 endfacet
 facet normal  0.000000e+00 -0.000000e+00 -1.000000e+00
   outer loop
     vertex -1.421358e+01  1.947463e+02 -1.290000e+02
     vertex -1.262777e+01  1.943617e+02 -1.290000e+02
     vertex -1.460826e+01  1.912686e+02 -1.290000e+02
   endloop
 endfacet
 facet normal  0.000000e+00  0.000000e+00 -1.000000e+00
   outer loop
     vertex -1.421358e+01  1.947463e+02 -1.290000e+02
     vertex -1.460826e+01  1.912686e+02 -1.290000e+02
     vertex -1.539174e+01  1.912686e+02 -1.290000e+02
   endloop
 endfacet
 facet normal  0.000000e+00  0.000000e+00 -1.000000e+00
   outer loop
     vertex -1.584534e+01  1.947391e+02 -1.290000e+02
     vertex -1.421358e+01  1.947463e+02 -1.290000e+02
     vertex -1.539174e+01  1.912686e+02 -1.290000e+02
   endloop
 endfacet
 facet normal  0.000000e+00 -0.000000e+00 -1.000000e+00
   outer loop
     vertex -1.584534e+01  1.947391e+02 -1.290000e+02
     vertex -1.539174e+01  1.912686e+02 -1.290000e+02
     vertex -1.615247e+01  1.910811e+02 -1.290000e+02
   endloop
 endfacet
 facet normal  0.000000e+00  0.000000e+00 -1.000000e+00
   outer loop
     vertex -1.742770e+01  1.943406e+02 -1.290000e+02
     vertex -1.584534e+01  1.947391e+02 -1.290000e+02
     vertex -1.615247e+01  1.910811e+02 -1.290000e+02
   endloop
 endfacet
 facet normal  0.000000e+00  0.000000e+00 -1.000000e+00
   outer loop
     vertex -1.742770e+01  1.943406e+02 -1.290000e+02
     vertex -1.615247e+01  1.910811e+02 -1.290000e+02
     vertex -1.684621e+01  1.907169e+02 -1.290000e+02
   endloop
 endfacet
 facet normal  0.000000e+00  0.000000e+00 -1.000000e+00
   outer loop
     vertex -2.100000e+01  1.911346e+02 -1.290000e+02
     vertex -1.815556e+01  1.888200e+02 -1.290000e+02
     vertex -1.825000e+01  1.880422e+02 -1.290000e+02
   endloop
 endfacet
 facet normal  0.000000e+00  0.000000e+00 -1.000000e+00
   outer loop
     vertex -2.100000e+01  1.911346e+02 -1.290000e+02
     vertex -1.787773e+01  1.895526e+02 -1.290000e+02
     vertex -1.815556e+01  1.888200e+02 -1.290000e+02
   endloop
 endfacet
 facet normal  0.000000e+00  0.000000e+00 -1.000000e+00
   outer loop
     vertex -2.100000e+01  1.911346e+02 -1.290000e+02
     vertex -1.825000e+01  1.880422e+02 -1.290000e+02
     vertex -2.100000e+01  1.849499e+02 -1.290000e+02
   endloop
 endfacet
 facet normal  0.000000e+00  0.000000e+00 -1.000000e+00
   outer loop
     vertex -1.886818e+01  1.935739e+02 -1.290000e+02
     vertex -1.742770e+01  1.943406e+02 -1.290000e+02
     vertex -1.684621e+01  1.907169e+02 -1.290000e+02
   endloop
 endfacet
 facet normal  0.000000e+00  0.000000e+00 -1.000000e+00
   outer loop
     vertex -1.886818e+01  1.935739e+02 -1.290000e+02
     vertex -1.684621e+01  1.907169e+02 -1.290000e+02
     vertex -1.743266e+01  1.901974e+02 -1.290000e+02
   endloop
 endfacet
 facet normal  0.000000e+00 -0.000000e+00 -1.000000e+00
   outer loop
     vertex -2.008261e+01  1.924841e+02 -1.290000e+02
     vertex -1.787773e+01  1.895526e+02 -1.290000e+02
     vertex -2.100000e+01  1.911346e+02 -1.290000e+02
   endloop
 endfacet
 facet normal  0.000000e+00  0.000000e+00 -1.000000e+00
   outer loop
     vertex -2.008261e+01  1.924841e+02 -1.290000e+02
     vertex -1.743266e+01  1.901974e+02 -1.290000e+02
     vertex -1.787773e+01  1.895526e+02 -1.290000e+02
   endloop
 endfacet
 facet normal  0.000000e+00  0.000000e+00 -1.000000e+00
   outer loop
     vertex -2.008261e+01  1.924841e+02 -1.290000e+02
     vertex -1.886818e+01  1.935739e+02 -1.290000e+02
     vertex -1.743266e+01  1.901974e+02 -1.290000e+02
   endloop
 endfacet
 facet normal  6.757569e-01 -7.369674e-01  1.521644e-02
   outer loop
     vertex -1.983101e+01  1.927565e+02 -1.390214e+02
     vertex -2.012368e+01  1.924366e+02 -1.415155e+02
     vertex -1.900000e+01  1.934794e+02 -1.409134e+02
   endloop
 endfacet
 facet normal  6.563367e-01 -7.544681e-01  5.674022e-16
   outer loop
     vertex -1.983101e+01  1.927565e+02 -1.390214e+02
     vertex -1.900000e+01  1.934794e+02 -1.409134e+02
     vertex -1.900000e+01  1.934794e+02 -1.386040e+02
   endloop
 endfacet
 facet normal  8.277526e-01 -5.606583e-01  2.209014e-02
   outer loop
     vertex -2.057787e+01  1.918435e+02 -1.395485e+02
     vertex -2.104687e+01  1.910419e+02 -1.423207e+02
     vertex -2.012368e+01  1.924366e+02 -1.415155e+02
   endloop
 endfacet
 facet normal  7.768879e-01 -6.295526e-01 -1.042706e-02
   outer loop
     vertex -2.057787e+01  1.918435e+02 -1.395485e+02
     vertex -2.012368e+01  1.924366e+02 -1.415155e+02
     vertex -1.983101e+01  1.927565e+02 -1.390214e+02
   endloop
 endfacet
 facet normal  9.416909e-01 -3.355504e-01  2.498334e-02
   outer loop
     vertex -2.135919e+01  1.903057e+02 -1.404364e+02
     vertex -2.161972e+01  1.893620e+02 -1.432906e+02
     vertex -2.104687e+01  1.910419e+02 -1.423207e+02
   endloop
 endfacet
 facet normal  8.967979e-01 -4.417910e-01 -2.396389e-02
   outer loop
     vertex -2.135919e+01  1.903057e+02 -1.404364e+02
     vertex -2.104687e+01  1.910419e+02 -1.423207e+02
     vertex -2.057787e+01  1.918435e+02 -1.395485e+02
   endloop
 endfacet
 facet normal  9.967107e-01 -7.659750e-02  2.646832e-02
   outer loop
     vertex -2.173157e+01  1.885407e+02 -1.414554e+02
     vertex -2.173157e+01  1.875438e+02 -1.443403e+02
     vertex -2.161972e+01  1.893620e+02 -1.432906e+02
   endloop
 endfacet
 facet normal  9.810639e-01 -1.919180e-01 -2.609754e-02
   outer loop
     vertex -2.173157e+01  1.885407e+02 -1.414554e+02
     vertex -2.161972e+01  1.893620e+02 -1.432906e+02
     vertex -2.135919e+01  1.903057e+02 -1.404364e+02
   endloop
 endfacet
 facet normal  9.810639e-01  1.919180e-01  2.609754e-02
   outer loop
     vertex -2.161972e+01  1.867224e+02 -1.425051e+02
     vertex -2.135919e+01  1.857788e+02 -1.453594e+02
     vertex -2.173157e+01  1.875438e+02 -1.443403e+02
   endloop
 endfacet
 facet normal  9.967107e-01  7.659750e-02 -2.646832e-02
   outer loop
     vertex -2.161972e+01  1.867224e+02 -1.425051e+02
     vertex -2.173157e+01  1.875438e+02 -1.443403e+02
     vertex -2.173157e+01  1.885407e+02 -1.414554e+02
   endloop
 endfacet
 facet normal  8.967979e-01  4.417910e-01  2.396389e-02
   outer loop
     vertex -2.104687e+01  1.850426e+02 -1.434750e+02
     vertex -2.057787e+01  1.842410e+02 -1.462472e+02
     vertex -2.135919e+01  1.857788e+02 -1.453594e+02
   endloop
 endfacet
 facet normal  9.416909e-01  3.355504e-01 -2.498334e-02
   outer loop
     vertex -2.104687e+01  1.850426e+02 -1.434750e+02
     vertex -2.135919e+01  1.857788e+02 -1.453594e+02
     vertex -2.161972e+01  1.867224e+02 -1.425051e+02
   endloop
 endfacet
 facet normal  7.768879e-01  6.295526e-01  1.042706e-02
   outer loop
     vertex -2.012368e+01  1.836479e+02 -1.442802e+02
     vertex -1.983101e+01  1.833280e+02 -1.467743e+02
     vertex -2.057787e+01  1.842410e+02 -1.462472e+02
   endloop
 endfacet
 facet normal  8.277526e-01  5.606583e-01 -2.209014e-02
   outer loop
     vertex -2.012368e+01  1.836479e+02 -1.442802e+02
     vertex -2.057787e+01  1.842410e+02 -1.462472e+02
     vertex -2.104687e+01  1.850426e+02 -1.434750e+02
   endloop
 endfacet
 facet normal  6.563367e-01  7.544681e-01  3.147872e-14
   outer loop
     vertex -1.900000e+01  1.826051e+02 -1.448823e+02
     vertex -1.900000e+01  1.826051e+02 -1.471917e+02
     vertex -1.983101e+01  1.833280e+02 -1.467743e+02
   endloop
 endfacet
 facet normal  6.757569e-01  7.369674e-01 -1.521644e-02
   outer loop
     vertex -1.900000e+01  1.826051e+02 -1.448823e+02
     vertex -1.983101e+01  1.833280e+02 -1.467743e+02
     vertex -2.012368e+01  1.836479e+02 -1.442802e+02
   endloop
 endfacet
 facet normal  9.631380e-01  2.685557e-01 -1.558700e-02
   outer loop
     vertex -1.817340e+01  1.873408e+02 -1.290000e+02
     vertex -1.819843e+01  1.874656e+02 -1.283967e+02
     vertex -1.807850e+01  1.870005e+02 -1.290000e+02
   endloop
 endfacet
 facet normal  9.866929e-01  1.624290e-01  7.340165e-03
   outer loop
     vertex -1.823079e+01  1.876894e+02 -1.290000e+02
     vertex -1.819843e+01  1.874656e+02 -1.283967e+02
     vertex -1.817340e+01  1.873408e+02 -1.290000e+02
   endloop
 endfacet
 facet normal  9.936334e-01  1.107086e-01  2.088541e-02
   outer loop
     vertex -1.825000e+01  1.880422e+02 -1.290000e+02
     vertex -1.823795e+01  1.877626e+02 -1.280911e+02
     vertex -1.819843e+01  1.874656e+02 -1.283967e+02
   endloop
 endfacet
 facet normal  9.990729e-01  4.305124e-02 -1.097692e-15
   outer loop
     vertex -1.825000e+01  1.880422e+02 -1.290000e+02
     vertex -1.825000e+01  1.880422e+02 -1.278853e+02
     vertex -1.823795e+01  1.877626e+02 -1.280911e+02
   endloop
 endfacet
 facet normal  9.979653e-01  5.432835e-02 -3.337330e-02
   outer loop
     vertex -1.825000e+01  1.880422e+02 -1.290000e+02
     vertex -1.819843e+01  1.874656e+02 -1.283967e+02
     vertex -1.823079e+01  1.876894e+02 -1.290000e+02
   endloop
 endfacet
 facet normal  9.631380e-01  2.685557e-01 -1.558700e-02
   outer loop
     vertex  1.182660e+01  1.873408e+02 -1.290000e+02
     vertex  1.180157e+01  1.874656e+02 -1.283967e+02
     vertex  1.192150e+01  1.870005e+02 -1.290000e+02
   endloop
 endfacet
 facet normal  9.866929e-01  1.624290e-01  7.340165e-03
   outer loop
     vertex  1.176921e+01  1.876894e+02 -1.290000e+02
     vertex  1.180157e+01  1.874656e+02 -1.283967e+02
     vertex  1.182660e+01  1.873408e+02 -1.290000e+02
   endloop
 endfacet
 facet normal  9.936334e-01  1.107086e-01  2.088541e-02
   outer loop
     vertex  1.175000e+01  1.880422e+02 -1.290000e+02
     vertex  1.176205e+01  1.877626e+02 -1.280911e+02
     vertex  1.180157e+01  1.874656e+02 -1.283967e+02
   endloop
 endfacet
 facet normal  9.990729e-01  4.305124e-02  1.592107e-15
   outer loop
     vertex  1.175000e+01  1.880422e+02 -1.290000e+02
     vertex  1.175000e+01  1.880422e+02 -1.278853e+02
     vertex  1.176205e+01  1.877626e+02 -1.280911e+02
   endloop
 endfacet
 facet normal  9.979653e-01  5.432835e-02 -3.337330e-02
   outer loop
     vertex  1.175000e+01  1.880422e+02 -1.290000e+02
     vertex  1.180157e+01  1.874656e+02 -1.283967e+02
     vertex  1.176921e+01  1.876894e+02 -1.290000e+02
   endloop
 endfacet
 facet normal -9.941036e-01 -8.191130e-02 -7.105318e-02
   outer loop
     vertex  1.822525e+01  1.884429e+02 -1.252583e+02
     vertex  1.824834e+01  1.879385e+02 -1.250000e+02
     vertex  1.818756e+01  1.886763e+02 -1.250000e+02
   endloop
 endfacet
 facet normal -9.866646e-01  1.451317e-01  7.368704e-02
   outer loop
     vertex  1.824714e+01  1.881787e+02 -1.254893e+02
     vertex  1.814062e+01  1.872062e+02 -1.250000e+02
     vertex  1.824834e+01  1.879385e+02 -1.250000e+02
   endloop
 endfacet
 facet normal -9.978805e-01 -5.935504e-02 -2.667443e-02
   outer loop
     vertex  1.824714e+01  1.881787e+02 -1.254893e+02
     vertex  1.824834e+01  1.879385e+02 -1.250000e+02
     vertex  1.822525e+01  1.884429e+02 -1.252583e+02
   endloop
 endfacet
 facet normal -9.927434e-01  5.490134e-02 -1.069881e-01
   outer loop
     vertex  1.824942e+01  1.879811e+02 -1.256119e+02
     vertex  1.814062e+01  1.872062e+02 -1.250000e+02
     vertex  1.824714e+01  1.881787e+02 -1.254893e+02
   endloop
 endfacet
 facet normal -9.103056e-01  1.684200e-01 -3.781249e-01
   outer loop
     vertex  1.815033e+01  1.872437e+02 -1.257166e+02
     vertex  1.823590e+01  1.877398e+02 -1.257017e+02
     vertex  1.820314e+01  1.874924e+02 -1.257330e+02
   endloop
 endfacet
 facet normal -9.327436e-01  1.704667e-01 -3.176956e-01
   outer loop
     vertex  1.815033e+01  1.872437e+02 -1.257166e+02
     vertex  1.824942e+01  1.879811e+02 -1.256119e+02
     vertex  1.823590e+01  1.877398e+02 -1.257017e+02
   endloop
 endfacet
 facet normal -9.817613e-01  1.817859e-01  5.566517e-02
   outer loop
     vertex  1.805186e+01  1.869248e+02 -1.256466e+02
     vertex  1.814062e+01  1.872062e+02 -1.250000e+02
     vertex  1.824942e+01  1.879811e+02 -1.256119e+02
   endloop
 endfacet
 facet normal -8.860206e-01  1.797698e-01 -4.273761e-01
   outer loop
     vertex  1.805186e+01  1.869248e+02 -1.256466e+02
     vertex  1.824942e+01  1.879811e+02 -1.256119e+02
     vertex  1.815033e+01  1.872437e+02 -1.257166e+02
   endloop
 endfacet
 facet normal -9.287327e-01  3.648267e-01  6.600777e-02
   outer loop
     vertex  1.777056e+01  1.863432e+02 -1.254373e+02
     vertex  1.786998e+01  1.865172e+02 -1.250000e+02
     vertex  1.814062e+01  1.872062e+02 -1.250000e+02
   endloop
 endfacet
 facet normal -9.066791e-01  4.178994e-01 -5.738504e-02
   outer loop
     vertex  1.777056e+01  1.863432e+02 -1.254373e+02
     vertex  1.814062e+01  1.872062e+02 -1.250000e+02
     vertex  1.805186e+01  1.869248e+02 -1.256466e+02
   endloop
 endfacet
 facet normal -8.224333e-01  5.657539e-01  5.937993e-02
   outer loop
     vertex  1.738590e+01  1.858355e+02 -1.252092e+02
     vertex  1.745045e+01  1.859074e+02 -1.250000e+02
     vertex  1.786998e+01  1.865172e+02 -1.250000e+02
   endloop
 endfacet
 facet normal -8.069118e-01  5.884947e-01 -5.066846e-02
   outer loop
     vertex  1.738590e+01  1.858355e+02 -1.252092e+02
     vertex  1.786998e+01  1.865172e+02 -1.250000e+02
     vertex  1.777056e+01  1.863432e+02 -1.254373e+02
   endloop
 endfacet
 facet normal -6.735687e-01  7.377130e-01 -4.565809e-02
   outer loop
     vertex  1.690380e+01  1.854082e+02 -1.250000e+02
     vertex  1.745045e+01  1.859074e+02 -1.250000e+02
     vertex  1.738590e+01  1.858355e+02 -1.252092e+02
   endloop
 endfacet
 facet normal  6.577273e-01  7.146162e-01 -2.381563e-01
   outer loop
     vertex  1.253259e+01  1.859270e+02 -1.250000e+02
     vertex  1.309620e+01  1.854082e+02 -1.250000e+02
     vertex  1.288110e+01  1.855780e+02 -1.250845e+02
   endloop
 endfacet
 facet normal  6.978090e-01  7.131532e-01 -6.689707e-02
   outer loop
     vertex  1.268143e+01  1.857649e+02 -1.251755e+02
     vertex  1.253259e+01  1.859270e+02 -1.250000e+02
     vertex  1.288110e+01  1.855780e+02 -1.250845e+02
   endloop
 endfacet
 facet normal  8.291137e-01  5.558485e-01 -6.002385e-02
   outer loop
     vertex  1.235134e+01  1.861587e+02 -1.253579e+02
     vertex  1.210605e+01  1.865632e+02 -1.250000e+02
     vertex  1.253259e+01  1.859270e+02 -1.250000e+02
   endloop
 endfacet
 facet normal  7.567838e-01  6.524911e-01  3.916162e-02
   outer loop
     vertex  1.235134e+01  1.861587e+02 -1.253579e+02
     vertex  1.253259e+01  1.859270e+02 -1.250000e+02
     vertex  1.268143e+01  1.857649e+02 -1.251755e+02
   endloop
 endfacet
 facet normal  9.378377e-01  3.469734e-01 -8.368460e-03
   outer loop
     vertex  1.208789e+01  1.865993e+02 -1.255388e+02
     vertex  1.184027e+01  1.872816e+02 -1.250000e+02
     vertex  1.210605e+01  1.865632e+02 -1.250000e+02
   endloop
 endfacet
 facet normal  8.572606e-01  5.148523e-01  5.597242e-03
   outer loop
     vertex  1.208789e+01  1.865993e+02 -1.255388e+02
     vertex  1.210605e+01  1.865632e+02 -1.250000e+02
     vertex  1.235134e+01  1.861587e+02 -1.253579e+02
   endloop
 endfacet
 facet normal  9.291506e-01  3.676823e-01 -3.858547e-02
   outer loop
     vertex  1.191091e+01  1.870322e+02 -1.256751e+02
     vertex  1.184027e+01  1.872816e+02 -1.250000e+02
     vertex  1.208789e+01  1.865993e+02 -1.255388e+02
   endloop
 endfacet
 facet normal  9.041477e-01  1.809460e-01 -3.870083e-01
   outer loop
     vertex  1.175000e+01  1.880422e+02 -1.255788e+02
     vertex  1.191091e+01  1.870322e+02 -1.256751e+02
     vertex  1.182647e+01  1.873414e+02 -1.257278e+02
   endloop
 endfacet
 facet normal  9.930321e-01  1.178439e-01  5.786723e-15
   outer loop
     vertex  1.175000e+01  1.880422e+02 -1.255788e+02
     vertex  1.175000e+01  1.880422e+02 -1.250000e+02
     vertex  1.184027e+01  1.872816e+02 -1.250000e+02
   endloop
 endfacet
 facet normal  9.871462e-01  1.527975e-01  4.685379e-02
   outer loop
     vertex  1.175000e+01  1.880422e+02 -1.255788e+02
     vertex  1.184027e+01  1.872816e+02 -1.250000e+02
     vertex  1.191091e+01  1.870322e+02 -1.256751e+02
   endloop
 endfacet
 facet normal  9.256203e-01  1.679830e-01 -3.391295e-01
   outer loop
     vertex  1.175764e+01  1.878196e+02 -1.256788e+02
     vertex  1.182647e+01  1.873414e+02 -1.257278e+02
     vertex  1.178281e+01  1.875817e+02 -1.257280e+02
   endloop
 endfacet
 facet normal  9.402954e-01  1.658036e-01 -2.972435e-01
   outer loop
     vertex  1.175764e+01  1.878196e+02 -1.256788e+02
     vertex  1.175000e+01  1.880422e+02 -1.255788e+02
     vertex  1.182647e+01  1.873414e+02 -1.257278e+02
   endloop
 endfacet
 facet normal -9.941036e-01 -8.191130e-02 -7.105318e-02
   outer loop
     vertex -1.177475e+01  1.884429e+02 -1.252583e+02
     vertex -1.175166e+01  1.879385e+02 -1.250000e+02
     vertex -1.181244e+01  1.886763e+02 -1.250000e+02
   endloop
 endfacet
 facet normal -9.866646e-01  1.451317e-01  7.368704e-02
   outer loop
     vertex -1.175286e+01  1.881787e+02 -1.254893e+02
     vertex -1.185938e+01  1.872062e+02 -1.250000e+02
     vertex -1.175166e+01  1.879385e+02 -1.250000e+02
   endloop
 endfacet
 facet normal -9.978805e-01 -5.935504e-02 -2.667443e-02
   outer loop
     vertex -1.175286e+01  1.881787e+02 -1.254893e+02
     vertex -1.175166e+01  1.879385e+02 -1.250000e+02
     vertex -1.177475e+01  1.884429e+02 -1.252583e+02
   endloop
 endfacet
 facet normal -9.927434e-01  5.490134e-02 -1.069881e-01
   outer loop
     vertex -1.175058e+01  1.879811e+02 -1.256119e+02
     vertex -1.185938e+01  1.872062e+02 -1.250000e+02
     vertex -1.175286e+01  1.881787e+02 -1.254893e+02
   endloop
 endfacet
 facet normal -9.103056e-01  1.684200e-01 -3.781249e-01
   outer loop
     vertex -1.184967e+01  1.872437e+02 -1.257166e+02
     vertex -1.176410e+01  1.877398e+02 -1.257017e+02
     vertex -1.179686e+01  1.874924e+02 -1.257330e+02
   endloop
 endfacet
 facet normal -9.327436e-01  1.704667e-01 -3.176956e-01
   outer loop
     vertex -1.184967e+01  1.872437e+02 -1.257166e+02
     vertex -1.175058e+01  1.879811e+02 -1.256119e+02
     vertex -1.176410e+01  1.877398e+02 -1.257017e+02
   endloop
 endfacet
 facet normal -9.817613e-01  1.817859e-01  5.566517e-02
   outer loop
     vertex -1.194814e+01  1.869248e+02 -1.256466e+02
     vertex -1.185938e+01  1.872062e+02 -1.250000e+02
     vertex -1.175058e+01  1.879811e+02 -1.256119e+02
   endloop
 endfacet
 facet normal -8.860206e-01  1.797698e-01 -4.273761e-01
   outer loop
     vertex -1.194814e+01  1.869248e+02 -1.256466e+02
     vertex -1.175058e+01  1.879811e+02 -1.256119e+02
     vertex -1.184967e+01  1.872437e+02 -1.257166e+02
   endloop
 endfacet
 facet normal -9.287327e-01  3.648267e-01  6.600777e-02
   outer loop
     vertex -1.222944e+01  1.863432e+02 -1.254373e+02
     vertex -1.213002e+01  1.865172e+02 -1.250000e+02
     vertex -1.185938e+01  1.872062e+02 -1.250000e+02
   endloop
 endfacet
 facet normal -9.066791e-01  4.178994e-01 -5.738504e-02
   outer loop
     vertex -1.222944e+01  1.863432e+02 -1.254373e+02
     vertex -1.185938e+01  1.872062e+02 -1.250000e+02
     vertex -1.194814e+01  1.869248e+02 -1.256466e+02
   endloop
 endfacet
 facet normal -8.224333e-01  5.657539e-01  5.937993e-02
   outer loop
     vertex -1.261410e+01  1.858355e+02 -1.252092e+02
     vertex -1.254955e+01  1.859074e+02 -1.250000e+02
     vertex -1.213002e+01  1.865172e+02 -1.250000e+02
   endloop
 endfacet
 facet normal -8.069118e-01  5.884947e-01 -5.066846e-02
   outer loop
     vertex -1.261410e+01  1.858355e+02 -1.252092e+02
     vertex -1.213002e+01  1.865172e+02 -1.250000e+02
     vertex -1.222944e+01  1.863432e+02 -1.254373e+02
   endloop
 endfacet
 facet normal -6.735687e-01  7.377130e-01 -4.565809e-02
   outer loop
     vertex -1.309620e+01  1.854082e+02 -1.250000e+02
     vertex -1.254955e+01  1.859074e+02 -1.250000e+02
     vertex -1.261410e+01  1.858355e+02 -1.252092e+02
   endloop
 endfacet
 facet normal  6.577273e-01  7.146162e-01 -2.381563e-01
   outer loop
     vertex -1.746741e+01  1.859270e+02 -1.250000e+02
     vertex -1.690380e+01  1.854082e+02 -1.250000e+02
     vertex -1.711890e+01  1.855780e+02 -1.250845e+02
   endloop
 endfacet
 facet normal  6.978090e-01  7.131532e-01 -6.689707e-02
   outer loop
     vertex -1.731857e+01  1.857649e+02 -1.251755e+02
     vertex -1.746741e+01  1.859270e+02 -1.250000e+02
     vertex -1.711890e+01  1.855780e+02 -1.250845e+02
   endloop
 endfacet
 facet normal  8.291137e-01  5.558485e-01 -6.002385e-02
   outer loop
     vertex -1.764866e+01  1.861587e+02 -1.253579e+02
     vertex -1.789395e+01  1.865632e+02 -1.250000e+02
     vertex -1.746741e+01  1.859270e+02 -1.250000e+02
   endloop
 endfacet
 facet normal  7.567838e-01  6.524911e-01  3.916162e-02
   outer loop
     vertex -1.764866e+01  1.861587e+02 -1.253579e+02
     vertex -1.746741e+01  1.859270e+02 -1.250000e+02
     vertex -1.731857e+01  1.857649e+02 -1.251755e+02
   endloop
 endfacet
 facet normal  9.378377e-01  3.469734e-01 -8.368460e-03
   outer loop
     vertex -1.791211e+01  1.865993e+02 -1.255388e+02
     vertex -1.815973e+01  1.872816e+02 -1.250000e+02
     vertex -1.789395e+01  1.865632e+02 -1.250000e+02
   endloop
 endfacet
 facet normal  8.572606e-01  5.148523e-01  5.597242e-03
   outer loop
     vertex -1.791211e+01  1.865993e+02 -1.255388e+02
     vertex -1.789395e+01  1.865632e+02 -1.250000e+02
     vertex -1.764866e+01  1.861587e+02 -1.253579e+02
   endloop
 endfacet
 facet normal  9.291506e-01  3.676823e-01 -3.858547e-02
   outer loop
     vertex -1.808909e+01  1.870322e+02 -1.256751e+02
     vertex -1.815973e+01  1.872816e+02 -1.250000e+02
     vertex -1.791211e+01  1.865993e+02 -1.255388e+02
   endloop
 endfacet
 facet normal  9.041477e-01  1.809460e-01 -3.870083e-01
   outer loop
     vertex -1.825000e+01  1.880422e+02 -1.255788e+02
     vertex -1.808909e+01  1.870322e+02 -1.256751e+02
     vertex -1.817353e+01  1.873414e+02 -1.257278e+02
   endloop
 endfacet
 facet normal  9.930321e-01  1.178439e-01  5.786723e-15
   outer loop
     vertex -1.825000e+01  1.880422e+02 -1.255788e+02
     vertex -1.825000e+01  1.880422e+02 -1.250000e+02
     vertex -1.815973e+01  1.872816e+02 -1.250000e+02
   endloop
 endfacet
 facet normal  9.871462e-01  1.527975e-01  4.685379e-02
   outer loop
     vertex -1.825000e+01  1.880422e+02 -1.255788e+02
     vertex -1.815973e+01  1.872816e+02 -1.250000e+02
     vertex -1.808909e+01  1.870322e+02 -1.256751e+02
   endloop
 endfacet
 facet normal  9.256203e-01  1.679830e-01 -3.391295e-01
   outer loop
     vertex -1.824236e+01  1.878196e+02 -1.256788e+02
     vertex -1.817353e+01  1.873414e+02 -1.257278e+02
     vertex -1.821719e+01  1.875817e+02 -1.257280e+02
   endloop
 endfacet
 facet normal  9.402954e-01  1.658036e-01 -2.972435e-01
   outer loop
     vertex -1.824236e+01  1.878196e+02 -1.256788e+02
     vertex -1.825000e+01  1.880422e+02 -1.255788e+02
     vertex -1.817353e+01  1.873414e+02 -1.257278e+02
   endloop
 endfacet
endsolid
