solid 
 facet normal  0.000000e+00 -9.784259e-01  2.065983e-01
   outer loop
     vertex -1.840000e+02  4.871093e+02 -8.474902e+01
     vertex -1.780000e+02  4.872338e+02 -8.415934e+01
     vertex -1.840000e+02  4.872338e+02 -8.415934e+01
   endloop
 endfacet
 facet normal  0.000000e+00 -9.784259e-01  2.065983e-01
   outer loop
     vertex -1.840000e+02  4.871093e+02 -8.474902e+01
     vertex -1.780000e+02  4.871093e+02 -8.474902e+01
     vertex -1.780000e+02  4.872338e+02 -8.415934e+01
   endloop
 endfacet
 facet normal  8.531746e-15 -9.005524e-01  4.347475e-01
   outer loop
     vertex -1.840000e+02  4.868472e+02 -8.529177e+01
     vertex -1.780000e+02  4.868472e+02 -8.529177e+01
     vertex -1.780000e+02  4.871093e+02 -8.474902e+01
   endloop
 endfacet
 facet normal  0.000000e+00 -9.005524e-01  4.347475e-01
   outer loop
     vertex -1.840000e+02  4.868472e+02 -8.529177e+01
     vertex -1.780000e+02  4.871093e+02 -8.474902e+01
     vertex -1.840000e+02  4.871093e+02 -8.474902e+01
   endloop
 endfacet
 facet normal  8.808359e-15 -7.703421e-01  6.376309e-01
   outer loop
     vertex -1.840000e+02  4.864630e+02 -8.575604e+01
     vertex -1.780000e+02  4.864630e+02 -8.575604e+01
     vertex -1.780000e+02  4.868472e+02 -8.529177e+01
   endloop
 endfacet
 facet normal  7.299452e-15 -7.703421e-01  6.376309e-01
   outer loop
     vertex -1.840000e+02  4.864630e+02 -8.575604e+01
     vertex -1.780000e+02  4.868472e+02 -8.529177e+01
     vertex -1.840000e+02  4.868472e+02 -8.529177e+01
   endloop
 endfacet
 facet normal  0.000000e+00 -5.953623e-01  8.034574e-01
   outer loop
     vertex -1.840000e+02  4.859787e+02 -8.611485e+01
     vertex -1.780000e+02  4.859787e+02 -8.611485e+01
     vertex -1.780000e+02  4.864630e+02 -8.575604e+01
   endloop
 endfacet
 facet normal  7.545070e-15 -5.953623e-01  8.034574e-01
   outer loop
     vertex -1.840000e+02  4.859787e+02 -8.611485e+01
     vertex -1.780000e+02  4.864630e+02 -8.575604e+01
     vertex -1.840000e+02  4.864630e+02 -8.575604e+01
   endloop
 endfacet
 facet normal  0.000000e+00 -3.857822e-01  9.225899e-01
   outer loop
     vertex -1.840000e+02  4.854227e+02 -8.634736e+01
     vertex -1.780000e+02  4.854227e+02 -8.634736e+01
     vertex -1.780000e+02  4.859787e+02 -8.611485e+01
   endloop
 endfacet
 facet normal  0.000000e+00 -1.537818e-01  9.881048e-01
   outer loop
     vertex -1.840000e+02  4.854227e+02 -8.634736e+01
     vertex -1.780000e+02  4.848272e+02 -8.644004e+01
     vertex -1.780000e+02  4.854227e+02 -8.634736e+01
   endloop
 endfacet
 facet normal  0.000000e+00 -3.857822e-01  9.225899e-01
   outer loop
     vertex -1.840000e+02  4.854227e+02 -8.634736e+01
     vertex -1.780000e+02  4.859787e+02 -8.611485e+01
     vertex -1.840000e+02  4.859787e+02 -8.611485e+01
   endloop
 endfacet
 facet normal -0.000000e+00  8.715574e-02  9.961947e-01
   outer loop
     vertex -1.840000e+02  4.848272e+02 -8.644004e+01
     vertex -1.780000e+02  4.842268e+02 -8.638751e+01
     vertex -1.780000e+02  4.848272e+02 -8.644004e+01
   endloop
 endfacet
 facet normal  0.000000e+00 -1.537818e-01  9.881048e-01
   outer loop
     vertex -1.840000e+02  4.848272e+02 -8.644004e+01
     vertex -1.780000e+02  4.848272e+02 -8.644004e+01
     vertex -1.840000e+02  4.854227e+02 -8.634736e+01
   endloop
 endfacet
 facet normal -8.257051e-16  8.715574e-02  9.961947e-01
   outer loop
     vertex -1.840000e+02  4.842268e+02 -8.638751e+01
     vertex -1.780000e+02  4.842268e+02 -8.638751e+01
     vertex -1.840000e+02  4.848272e+02 -8.644004e+01
   endloop
 endfacet
 facet normal -0.000000e+00  3.230282e-01  9.463894e-01
   outer loop
     vertex -1.840000e+02  4.836564e+02 -8.619283e+01
     vertex -1.780000e+02  4.836564e+02 -8.619283e+01
     vertex -1.780000e+02  4.842268e+02 -8.638751e+01
   endloop
 endfacet
 facet normal -3.058708e-15  3.230282e-01  9.463894e-01
   outer loop
     vertex -1.840000e+02  4.836564e+02 -8.619283e+01
     vertex -1.780000e+02  4.842268e+02 -8.638751e+01
     vertex -1.840000e+02  4.842268e+02 -8.638751e+01
   endloop
 endfacet
 facet normal -5.117114e-15  5.401273e-01  8.415833e-01
   outer loop
     vertex -1.840000e+02  4.831492e+02 -8.586730e+01
     vertex -1.780000e+02  4.831492e+02 -8.586730e+01
     vertex -1.780000e+02  4.836564e+02 -8.619283e+01
   endloop
 endfacet
 facet normal  0.000000e+00  5.401273e-01  8.415833e-01
   outer loop
     vertex -1.840000e+02  4.831492e+02 -8.586730e+01
     vertex -1.780000e+02  4.836564e+02 -8.619283e+01
     vertex -1.840000e+02  4.836564e+02 -8.619283e+01
   endloop
 endfacet
 facet normal -6.876503e-15  7.258363e-01  6.878675e-01
   outer loop
     vertex -1.840000e+02  4.827346e+02 -8.542985e+01
     vertex -1.780000e+02  4.827346e+02 -8.542985e+01
     vertex -1.780000e+02  4.831492e+02 -8.586730e+01
   endloop
 endfacet
 facet normal -8.236254e-15  8.693623e-01  4.941753e-01
   outer loop
     vertex -1.840000e+02  4.827346e+02 -8.542985e+01
     vertex -1.780000e+02  4.824368e+02 -8.490590e+01
     vertex -1.780000e+02  4.827346e+02 -8.542985e+01
   endloop
 endfacet
 facet normal -6.869621e-15  7.258363e-01  6.878675e-01
   outer loop
     vertex -1.840000e+02  4.827346e+02 -8.542985e+01
     vertex -1.780000e+02  4.831492e+02 -8.586730e+01
     vertex -1.840000e+02  4.831492e+02 -8.586730e+01
   endloop
 endfacet
 facet normal -1.764295e-14  8.693623e-01  4.941753e-01
   outer loop
     vertex -1.840000e+02  4.824368e+02 -8.490590e+01
     vertex -1.780000e+02  4.824368e+02 -8.490590e+01
     vertex -1.840000e+02  4.827346e+02 -8.542985e+01
   endloop
 endfacet
 facet normal -0.000000e+00  9.623641e-01  2.717635e-01
   outer loop
     vertex -1.840000e+02  4.822730e+02 -8.432590e+01
     vertex -1.780000e+02  4.822730e+02 -8.432590e+01
     vertex -1.780000e+02  4.824368e+02 -8.490590e+01
   endloop
 endfacet
 facet normal -1.887803e-14  9.623641e-01  2.717635e-01
   outer loop
     vertex -1.840000e+02  4.822730e+02 -8.432590e+01
     vertex -1.780000e+02  4.824368e+02 -8.490590e+01
     vertex -1.840000e+02  4.824368e+02 -8.490590e+01
   endloop
 endfacet
 facet normal -0.000000e+00  9.994368e-01  3.355772e-02
   outer loop
     vertex -1.840000e+02  4.822528e+02 -8.372356e+01
     vertex -1.780000e+02  4.822528e+02 -8.372356e+01
     vertex -1.780000e+02  4.822730e+02 -8.432590e+01
   endloop
 endfacet
 facet normal  0.000000e+00  9.994368e-01  3.355772e-02
   outer loop
     vertex -1.840000e+02  4.822528e+02 -8.372356e+01
     vertex -1.780000e+02  4.822730e+02 -8.432590e+01
     vertex -1.840000e+02  4.822730e+02 -8.432590e+01
   endloop
 endfacet
 facet normal  0.000000e+00 -9.784259e-01  2.065983e-01
   outer loop
     vertex -1.840000e+02  4.659173e+02 -9.463097e+01
     vertex -1.780000e+02  4.660419e+02 -9.404129e+01
     vertex -1.840000e+02  4.660419e+02 -9.404129e+01
   endloop
 endfacet
 facet normal  9.269512e-15 -9.784259e-01  2.065983e-01
   outer loop
     vertex -1.840000e+02  4.659173e+02 -9.463097e+01
     vertex -1.780000e+02  4.659173e+02 -9.463097e+01
     vertex -1.780000e+02  4.660419e+02 -9.404129e+01
   endloop
 endfacet
 facet normal  0.000000e+00 -9.005524e-01  4.347475e-01
   outer loop
     vertex -1.840000e+02  4.656553e+02 -9.517372e+01
     vertex -1.780000e+02  4.656553e+02 -9.517372e+01
     vertex -1.780000e+02  4.659173e+02 -9.463097e+01
   endloop
 endfacet
 facet normal  8.527541e-15 -9.005524e-01  4.347475e-01
   outer loop
     vertex -1.840000e+02  4.656553e+02 -9.517372e+01
     vertex -1.780000e+02  4.659173e+02 -9.463097e+01
     vertex -1.840000e+02  4.659173e+02 -9.463097e+01
   endloop
 endfacet
 facet normal  0.000000e+00 -7.703421e-01  6.376309e-01
   outer loop
     vertex -1.840000e+02  4.652710e+02 -9.563799e+01
     vertex -1.780000e+02  4.652710e+02 -9.563799e+01
     vertex -1.780000e+02  4.656553e+02 -9.517372e+01
   endloop
 endfacet
 facet normal  0.000000e+00 -7.703421e-01  6.376309e-01
   outer loop
     vertex -1.840000e+02  4.652710e+02 -9.563799e+01
     vertex -1.780000e+02  4.656553e+02 -9.517372e+01
     vertex -1.840000e+02  4.656553e+02 -9.517372e+01
   endloop
 endfacet
 facet normal  0.000000e+00 -5.953623e-01  8.034574e-01
   outer loop
     vertex -1.840000e+02  4.647868e+02 -9.599680e+01
     vertex -1.780000e+02  4.647868e+02 -9.599680e+01
     vertex -1.780000e+02  4.652710e+02 -9.563799e+01
   endloop
 endfacet
 facet normal  0.000000e+00 -5.953623e-01  8.034574e-01
   outer loop
     vertex -1.840000e+02  4.647868e+02 -9.599680e+01
     vertex -1.780000e+02  4.652710e+02 -9.563799e+01
     vertex -1.840000e+02  4.652710e+02 -9.563799e+01
   endloop
 endfacet
 facet normal  3.654863e-15 -3.857822e-01  9.225899e-01
   outer loop
     vertex -1.840000e+02  4.642308e+02 -9.622931e+01
     vertex -1.780000e+02  4.642308e+02 -9.622931e+01
     vertex -1.780000e+02  4.647868e+02 -9.599680e+01
   endloop
 endfacet
 facet normal  1.456914e-15 -1.537818e-01  9.881048e-01
   outer loop
     vertex -1.840000e+02  4.642308e+02 -9.622931e+01
     vertex -1.780000e+02  4.636353e+02 -9.632199e+01
     vertex -1.780000e+02  4.642308e+02 -9.622931e+01
   endloop
 endfacet
 facet normal  0.000000e+00 -3.857822e-01  9.225899e-01
   outer loop
     vertex -1.840000e+02  4.642308e+02 -9.622931e+01
     vertex -1.780000e+02  4.647868e+02 -9.599680e+01
     vertex -1.840000e+02  4.647868e+02 -9.599680e+01
   endloop
 endfacet
 facet normal -8.257051e-16  8.715574e-02  9.961947e-01
   outer loop
     vertex -1.840000e+02  4.636353e+02 -9.632199e+01
     vertex -1.780000e+02  4.630349e+02 -9.626946e+01
     vertex -1.780000e+02  4.636353e+02 -9.632199e+01
   endloop
 endfacet
 facet normal  1.456914e-15 -1.537818e-01  9.881048e-01
   outer loop
     vertex -1.840000e+02  4.636353e+02 -9.632199e+01
     vertex -1.780000e+02  4.636353e+02 -9.632199e+01
     vertex -1.840000e+02  4.642308e+02 -9.622931e+01
   endloop
 endfacet
 facet normal -8.257051e-16  8.715574e-02  9.961947e-01
   outer loop
     vertex -1.840000e+02  4.630349e+02 -9.626946e+01
     vertex -1.780000e+02  4.630349e+02 -9.626946e+01
     vertex -1.840000e+02  4.636353e+02 -9.632199e+01
   endloop
 endfacet
 facet normal -3.060337e-15  3.230282e-01  9.463894e-01
   outer loop
     vertex -1.840000e+02  4.624645e+02 -9.607478e+01
     vertex -1.780000e+02  4.624645e+02 -9.607478e+01
     vertex -1.780000e+02  4.630349e+02 -9.626946e+01
   endloop
 endfacet
 facet normal -3.062546e-15  3.230282e-01  9.463894e-01
   outer loop
     vertex -1.840000e+02  4.624645e+02 -9.607478e+01
     vertex -1.780000e+02  4.630349e+02 -9.626946e+01
     vertex -1.840000e+02  4.630349e+02 -9.626946e+01
   endloop
 endfacet
 facet normal -5.117114e-15  5.401273e-01  8.415833e-01
   outer loop
     vertex -1.840000e+02  4.619573e+02 -9.574925e+01
     vertex -1.780000e+02  4.619573e+02 -9.574925e+01
     vertex -1.780000e+02  4.624645e+02 -9.607478e+01
   endloop
 endfacet
 facet normal -5.119595e-15  5.401273e-01  8.415833e-01
   outer loop
     vertex -1.840000e+02  4.619573e+02 -9.574925e+01
     vertex -1.780000e+02  4.624645e+02 -9.607478e+01
     vertex -1.840000e+02  4.624645e+02 -9.607478e+01
   endloop
 endfacet
 facet normal -6.876503e-15  7.258363e-01  6.878675e-01
   outer loop
     vertex -1.840000e+02  4.615427e+02 -9.531180e+01
     vertex -1.780000e+02  4.615427e+02 -9.531180e+01
     vertex -1.780000e+02  4.619573e+02 -9.574925e+01
   endloop
 endfacet
 facet normal -8.236254e-15  8.693623e-01  4.941753e-01
   outer loop
     vertex -1.840000e+02  4.615427e+02 -9.531180e+01
     vertex -1.780000e+02  4.612449e+02 -9.478785e+01
     vertex -1.780000e+02  4.615427e+02 -9.531180e+01
   endloop
 endfacet
 facet normal -6.877297e-15  7.258363e-01  6.878675e-01
   outer loop
     vertex -1.840000e+02  4.615427e+02 -9.531180e+01
     vertex -1.780000e+02  4.619573e+02 -9.574925e+01
     vertex -1.840000e+02  4.619573e+02 -9.574925e+01
   endloop
 endfacet
 facet normal -0.000000e+00  8.693623e-01  4.941753e-01
   outer loop
     vertex -1.840000e+02  4.612449e+02 -9.478785e+01
     vertex -1.780000e+02  4.612449e+02 -9.478785e+01
     vertex -1.840000e+02  4.615427e+02 -9.531180e+01
   endloop
 endfacet
 facet normal -0.000000e+00  9.623641e-01  2.717635e-01
   outer loop
     vertex -1.840000e+02  4.610811e+02 -9.420785e+01
     vertex -1.780000e+02  4.610811e+02 -9.420785e+01
     vertex -1.780000e+02  4.612449e+02 -9.478785e+01
   endloop
 endfacet
 facet normal  0.000000e+00  9.623641e-01  2.717635e-01
   outer loop
     vertex -1.840000e+02  4.610811e+02 -9.420785e+01
     vertex -1.780000e+02  4.612449e+02 -9.478785e+01
     vertex -1.840000e+02  4.612449e+02 -9.478785e+01
   endloop
 endfacet
 facet normal -0.000000e+00  9.994368e-01  3.355772e-02
   outer loop
     vertex -1.840000e+02  4.610609e+02 -9.360551e+01
     vertex -1.780000e+02  4.610609e+02 -9.360551e+01
     vertex -1.780000e+02  4.610811e+02 -9.420785e+01
   endloop
 endfacet
 facet normal  0.000000e+00  9.994368e-01  3.355772e-02
   outer loop
     vertex -1.840000e+02  4.610609e+02 -9.360551e+01
     vertex -1.780000e+02  4.610811e+02 -9.420785e+01
     vertex -1.840000e+02  4.610811e+02 -9.420785e+01
   endloop
 endfacet
 facet normal  9.272070e-15 -9.784259e-01  2.065983e-01
   outer loop
     vertex -1.840000e+02  4.850713e+02 -1.080427e+02
     vertex -1.780000e+02  4.851958e+02 -1.074530e+02
     vertex -1.840000e+02  4.851958e+02 -1.074530e+02
   endloop
 endfacet
 facet normal  0.000000e+00 -9.784259e-01  2.065983e-01
   outer loop
     vertex -1.840000e+02  4.850713e+02 -1.080427e+02
     vertex -1.780000e+02  4.850713e+02 -1.080427e+02
     vertex -1.780000e+02  4.851958e+02 -1.074530e+02
   endloop
 endfacet
 facet normal  1.706349e-14 -9.005524e-01  4.347475e-01
   outer loop
     vertex -1.840000e+02  4.848093e+02 -1.085855e+02
     vertex -1.780000e+02  4.848093e+02 -1.085855e+02
     vertex -1.780000e+02  4.850713e+02 -1.080427e+02
   endloop
 endfacet
 facet normal  0.000000e+00 -9.005524e-01  4.347475e-01
   outer loop
     vertex -1.840000e+02  4.848093e+02 -1.085855e+02
     vertex -1.780000e+02  4.850713e+02 -1.080427e+02
     vertex -1.840000e+02  4.850713e+02 -1.080427e+02
   endloop
 endfacet
 facet normal  0.000000e+00 -7.703421e-01  6.376309e-01
   outer loop
     vertex -1.840000e+02  4.844250e+02 -1.090497e+02
     vertex -1.780000e+02  4.844250e+02 -1.090497e+02
     vertex -1.780000e+02  4.848093e+02 -1.085855e+02
   endloop
 endfacet
 facet normal  1.459123e-14 -7.703421e-01  6.376309e-01
   outer loop
     vertex -1.840000e+02  4.844250e+02 -1.090497e+02
     vertex -1.780000e+02  4.848093e+02 -1.085855e+02
     vertex -1.840000e+02  4.848093e+02 -1.085855e+02
   endloop
 endfacet
 facet normal  3.737435e-15 -5.953623e-01  8.034574e-01
   outer loop
     vertex -1.840000e+02  4.839408e+02 -1.094086e+02
     vertex -1.780000e+02  4.839408e+02 -1.094086e+02
     vertex -1.780000e+02  4.844250e+02 -1.090497e+02
   endloop
 endfacet
 facet normal  0.000000e+00 -5.953623e-01  8.034574e-01
   outer loop
     vertex -1.840000e+02  4.839408e+02 -1.094086e+02
     vertex -1.780000e+02  4.844250e+02 -1.090497e+02
     vertex -1.840000e+02  4.844250e+02 -1.090497e+02
   endloop
 endfacet
 facet normal  3.654863e-15 -3.857822e-01  9.225899e-01
   outer loop
     vertex -1.840000e+02  4.833848e+02 -1.096411e+02
     vertex -1.780000e+02  4.833848e+02 -1.096411e+02
     vertex -1.780000e+02  4.839408e+02 -1.094086e+02
   endloop
 endfacet
 facet normal  1.456914e-15 -1.537818e-01  9.881048e-01
   outer loop
     vertex -1.840000e+02  4.833848e+02 -1.096411e+02
     vertex -1.780000e+02  4.827892e+02 -1.097337e+02
     vertex -1.780000e+02  4.833848e+02 -1.096411e+02
   endloop
 endfacet
 facet normal  1.473706e-15 -3.857822e-01  9.225899e-01
   outer loop
     vertex -1.840000e+02  4.833848e+02 -1.096411e+02
     vertex -1.780000e+02  4.839408e+02 -1.094086e+02
     vertex -1.840000e+02  4.839408e+02 -1.094086e+02
   endloop
 endfacet
 facet normal -0.000000e+00  8.715574e-02  9.961947e-01
   outer loop
     vertex -1.840000e+02  4.827892e+02 -1.097337e+02
     vertex -1.780000e+02  4.821889e+02 -1.096812e+02
     vertex -1.780000e+02  4.827892e+02 -1.097337e+02
   endloop
 endfacet
 facet normal  0.000000e+00 -1.537818e-01  9.881048e-01
   outer loop
     vertex -1.840000e+02  4.827892e+02 -1.097337e+02
     vertex -1.780000e+02  4.827892e+02 -1.097337e+02
     vertex -1.840000e+02  4.833848e+02 -1.096411e+02
   endloop
 endfacet
 facet normal -0.000000e+00  8.715574e-02  9.961947e-01
   outer loop
     vertex -1.840000e+02  4.821889e+02 -1.096812e+02
     vertex -1.780000e+02  4.821889e+02 -1.096812e+02
     vertex -1.840000e+02  4.827892e+02 -1.097337e+02
   endloop
 endfacet
 facet normal -8.188371e-16  3.230282e-01  9.463894e-01
   outer loop
     vertex -1.840000e+02  4.816185e+02 -1.094865e+02
     vertex -1.780000e+02  4.816185e+02 -1.094865e+02
     vertex -1.780000e+02  4.821889e+02 -1.096812e+02
   endloop
 endfacet
 facet normal  0.000000e+00  3.230282e-01  9.463894e-01
   outer loop
     vertex -1.840000e+02  4.816185e+02 -1.094865e+02
     vertex -1.780000e+02  4.821889e+02 -1.096812e+02
     vertex -1.840000e+02  4.821889e+02 -1.096812e+02
   endloop
 endfacet
 facet normal -0.000000e+00  5.401273e-01  8.415833e-01
   outer loop
     vertex -1.840000e+02  4.811113e+02 -1.091610e+02
     vertex -1.780000e+02  4.811113e+02 -1.091610e+02
     vertex -1.780000e+02  4.816185e+02 -1.094865e+02
   endloop
 endfacet
 facet normal -3.123951e-15  5.401273e-01  8.415833e-01
   outer loop
     vertex -1.840000e+02  4.811113e+02 -1.091610e+02
     vertex -1.780000e+02  4.816185e+02 -1.094865e+02
     vertex -1.840000e+02  4.816185e+02 -1.094865e+02
   endloop
 endfacet
 facet normal -6.876503e-15  7.258363e-01  6.878675e-01
   outer loop
     vertex -1.840000e+02  4.806967e+02 -1.087236e+02
     vertex -1.780000e+02  4.806967e+02 -1.087236e+02
     vertex -1.780000e+02  4.811113e+02 -1.091610e+02
   endloop
 endfacet
 facet normal -8.236254e-15  8.693623e-01  4.941753e-01
   outer loop
     vertex -1.840000e+02  4.806967e+02 -1.087236e+02
     vertex -1.780000e+02  4.803989e+02 -1.081996e+02
     vertex -1.780000e+02  4.806967e+02 -1.087236e+02
   endloop
 endfacet
 facet normal  0.000000e+00  7.258363e-01  6.878675e-01
   outer loop
     vertex -1.840000e+02  4.806967e+02 -1.087236e+02
     vertex -1.780000e+02  4.811113e+02 -1.091610e+02
     vertex -1.840000e+02  4.811113e+02 -1.091610e+02
   endloop
 endfacet
 facet normal -0.000000e+00  8.693623e-01  4.941753e-01
   outer loop
     vertex -1.840000e+02  4.803989e+02 -1.081996e+02
     vertex -1.780000e+02  4.803989e+02 -1.081996e+02
     vertex -1.840000e+02  4.806967e+02 -1.087236e+02
   endloop
 endfacet
 facet normal -9.117344e-15  9.623641e-01  2.717635e-01
   outer loop
     vertex -1.840000e+02  4.802351e+02 -1.076196e+02
     vertex -1.780000e+02  4.802351e+02 -1.076196e+02
     vertex -1.780000e+02  4.803989e+02 -1.081996e+02
   endloop
 endfacet
 facet normal  0.000000e+00  9.623641e-01  2.717635e-01
   outer loop
     vertex -1.840000e+02  4.802351e+02 -1.076196e+02
     vertex -1.780000e+02  4.803989e+02 -1.081996e+02
     vertex -1.840000e+02  4.803989e+02 -1.081996e+02
   endloop
 endfacet
 facet normal -9.468567e-15  9.994368e-01  3.355772e-02
   outer loop
     vertex -1.840000e+02  4.802149e+02 -1.070173e+02
     vertex -1.780000e+02  4.802149e+02 -1.070173e+02
     vertex -1.780000e+02  4.802351e+02 -1.076196e+02
   endloop
 endfacet
 facet normal -9.468276e-15  9.994368e-01  3.355772e-02
   outer loop
     vertex -1.840000e+02  4.802149e+02 -1.070173e+02
     vertex -1.780000e+02  4.802351e+02 -1.076196e+02
     vertex -1.840000e+02  4.802351e+02 -1.076196e+02
   endloop
 endfacet
 facet normal  0.000000e+00 -9.784259e-01  2.065983e-01
   outer loop
     vertex -1.840000e+02  4.770064e+02 -1.088524e+02
     vertex -1.765000e+02  4.770686e+02 -1.085576e+02
     vertex -1.840000e+02  4.770686e+02 -1.085576e+02
   endloop
 endfacet
 facet normal  0.000000e+00 -9.784259e-01  2.065983e-01
   outer loop
     vertex -1.840000e+02  4.770064e+02 -1.088524e+02
     vertex -1.765000e+02  4.770064e+02 -1.088524e+02
     vertex -1.765000e+02  4.770686e+02 -1.085576e+02
   endloop
 endfacet
 facet normal  6.825397e-15 -9.005524e-01  4.347475e-01
   outer loop
     vertex -1.840000e+02  4.768754e+02 -1.091238e+02
     vertex -1.765000e+02  4.768754e+02 -1.091238e+02
     vertex -1.765000e+02  4.770064e+02 -1.088524e+02
   endloop
 endfacet
 facet normal  5.838517e-15 -7.703421e-01  6.376309e-01
   outer loop
     vertex -1.840000e+02  4.768754e+02 -1.091238e+02
     vertex -1.765000e+02  4.766832e+02 -1.093559e+02
     vertex -1.765000e+02  4.768754e+02 -1.091238e+02
   endloop
 endfacet
 facet normal  0.000000e+00 -9.005524e-01  4.347475e-01
   outer loop
     vertex -1.840000e+02  4.768754e+02 -1.091238e+02
     vertex -1.765000e+02  4.770064e+02 -1.088524e+02
     vertex -1.840000e+02  4.770064e+02 -1.088524e+02
   endloop
 endfacet
 facet normal  0.000000e+00 -7.703421e-01  6.376309e-01
   outer loop
     vertex -1.840000e+02  4.766832e+02 -1.093559e+02
     vertex -1.765000e+02  4.766832e+02 -1.093559e+02
     vertex -1.840000e+02  4.768754e+02 -1.091238e+02
   endloop
 endfacet
 facet normal  4.512324e-15 -5.953623e-01  8.034574e-01
   outer loop
     vertex -1.840000e+02  4.764411e+02 -1.095353e+02
     vertex -1.765000e+02  4.764411e+02 -1.095353e+02
     vertex -1.765000e+02  4.766832e+02 -1.093559e+02
   endloop
 endfacet
 facet normal  0.000000e+00 -5.953623e-01  8.034574e-01
   outer loop
     vertex -1.840000e+02  4.764411e+02 -1.095353e+02
     vertex -1.765000e+02  4.766832e+02 -1.093559e+02
     vertex -1.840000e+02  4.766832e+02 -1.093559e+02
   endloop
 endfacet
 facet normal  2.923890e-15 -3.857822e-01  9.225899e-01
   outer loop
     vertex -1.840000e+02  4.761631e+02 -1.096516e+02
     vertex -1.765000e+02  4.761631e+02 -1.096516e+02
     vertex -1.765000e+02  4.764411e+02 -1.095353e+02
   endloop
 endfacet
 facet normal  2.925921e-15 -3.857822e-01  9.225899e-01
   outer loop
     vertex -1.840000e+02  4.761631e+02 -1.096516e+02
     vertex -1.765000e+02  4.764411e+02 -1.095353e+02
     vertex -1.840000e+02  4.764411e+02 -1.095353e+02
   endloop
 endfacet
 facet normal  0.000000e+00 -1.537818e-01  9.881048e-01
   outer loop
     vertex -1.840000e+02  4.758653e+02 -1.096979e+02
     vertex -1.765000e+02  4.758653e+02 -1.096979e+02
     vertex -1.765000e+02  4.761631e+02 -1.096516e+02
   endloop
 endfacet
 facet normal  1.165917e-15 -1.537818e-01  9.881048e-01
   outer loop
     vertex -1.840000e+02  4.758653e+02 -1.096979e+02
     vertex -1.765000e+02  4.761631e+02 -1.096516e+02
     vertex -1.840000e+02  4.761631e+02 -1.096516e+02
   endloop
 endfacet
 facet normal -6.605641e-16  8.715574e-02  9.961947e-01
   outer loop
     vertex -1.840000e+02  4.755651e+02 -1.096717e+02
     vertex -1.765000e+02  4.755651e+02 -1.096717e+02
     vertex -1.765000e+02  4.758653e+02 -1.096979e+02
   endloop
 endfacet
 facet normal  0.000000e+00  8.715574e-02  9.961947e-01
   outer loop
     vertex -1.840000e+02  4.755651e+02 -1.096717e+02
     vertex -1.765000e+02  4.758653e+02 -1.096979e+02
     vertex -1.840000e+02  4.758653e+02 -1.096979e+02
   endloop
 endfacet
 facet normal -0.000000e+00  3.230282e-01  9.463894e-01
   outer loop
     vertex -1.840000e+02  4.752800e+02 -1.095743e+02
     vertex -1.765000e+02  4.752800e+02 -1.095743e+02
     vertex -1.765000e+02  4.755651e+02 -1.096717e+02
   endloop
 endfacet
 facet normal -2.448502e-15  3.230282e-01  9.463894e-01
   outer loop
     vertex -1.840000e+02  4.752800e+02 -1.095743e+02
     vertex -1.765000e+02  4.755651e+02 -1.096717e+02
     vertex -1.840000e+02  4.755651e+02 -1.096717e+02
   endloop
 endfacet
 facet normal -4.093691e-15  5.401273e-01  8.415833e-01
   outer loop
     vertex -1.840000e+02  4.750264e+02 -1.094116e+02
     vertex -1.765000e+02  4.750264e+02 -1.094116e+02
     vertex -1.765000e+02  4.752800e+02 -1.095743e+02
   endloop
 endfacet
 facet normal  0.000000e+00  5.401273e-01  8.415833e-01
   outer loop
     vertex -1.840000e+02  4.750264e+02 -1.094116e+02
     vertex -1.765000e+02  4.752800e+02 -1.095743e+02
     vertex -1.840000e+02  4.752800e+02 -1.095743e+02
   endloop
 endfacet
 facet normal -5.501202e-15  7.258363e-01  6.878675e-01
   outer loop
     vertex -1.840000e+02  4.748191e+02 -1.091928e+02
     vertex -1.765000e+02  4.748191e+02 -1.091928e+02
     vertex -1.765000e+02  4.750264e+02 -1.094116e+02
   endloop
 endfacet
 facet normal -5.498767e-15  7.258363e-01  6.878675e-01
   outer loop
     vertex -1.840000e+02  4.748191e+02 -1.091928e+02
     vertex -1.765000e+02  4.750264e+02 -1.094116e+02
     vertex -1.840000e+02  4.750264e+02 -1.094116e+02
   endloop
 endfacet
 facet normal -7.525357e-15  8.693623e-01  4.941753e-01
   outer loop
     vertex -1.840000e+02  4.746702e+02 -1.089309e+02
     vertex -1.765000e+02  4.746702e+02 -1.089309e+02
     vertex -1.765000e+02  4.748191e+02 -1.091928e+02
   endloop
 endfacet
 facet normal -6.588696e-15  8.693623e-01  4.941753e-01
   outer loop
     vertex -1.840000e+02  4.746702e+02 -1.089309e+02
     vertex -1.765000e+02  4.748191e+02 -1.091928e+02
     vertex -1.840000e+02  4.748191e+02 -1.091928e+02
   endloop
 endfacet
 facet normal -0.000000e+00  9.623641e-01  2.717635e-01
   outer loop
     vertex -1.840000e+02  4.745883e+02 -1.086409e+02
     vertex -1.765000e+02  4.745883e+02 -1.086409e+02
     vertex -1.765000e+02  4.746702e+02 -1.089309e+02
   endloop
 endfacet
 facet normal -7.809109e-15  9.623641e-01  2.717635e-01
   outer loop
     vertex -1.840000e+02  4.745883e+02 -1.086409e+02
     vertex -1.765000e+02  4.746702e+02 -1.089309e+02
     vertex -1.840000e+02  4.746702e+02 -1.089309e+02
   endloop
 endfacet
 facet normal -0.000000e+00  9.994368e-01  3.355772e-02
   outer loop
     vertex -1.840000e+02  4.745782e+02 -1.083397e+02
     vertex -1.765000e+02  4.745782e+02 -1.083397e+02
     vertex -1.765000e+02  4.745883e+02 -1.086409e+02
   endloop
 endfacet
 facet normal  0.000000e+00  9.994368e-01  3.355772e-02
   outer loop
     vertex -1.840000e+02  4.745782e+02 -1.083397e+02
     vertex -1.765000e+02  4.745883e+02 -1.086409e+02
     vertex -1.840000e+02  4.745883e+02 -1.086409e+02
   endloop
 endfacet
 facet normal  1.483071e-14 -9.784259e-01  2.065983e-01
   outer loop
     vertex -1.840000e+02  4.892415e+02 -1.031471e+02
     vertex -1.765000e+02  4.893038e+02 -1.028522e+02
     vertex -1.840000e+02  4.893038e+02 -1.028522e+02
   endloop
 endfacet
 facet normal  7.415609e-15 -9.784259e-01  2.065983e-01
   outer loop
     vertex -1.840000e+02  4.892415e+02 -1.031471e+02
     vertex -1.765000e+02  4.892415e+02 -1.031471e+02
     vertex -1.765000e+02  4.893038e+02 -1.028522e+02
   endloop
 endfacet
 facet normal  1.447454e-14 -9.005524e-01  4.347475e-01
   outer loop
     vertex -1.840000e+02  4.891105e+02 -1.034184e+02
     vertex -1.765000e+02  4.891105e+02 -1.034184e+02
     vertex -1.765000e+02  4.892415e+02 -1.031471e+02
   endloop
 endfacet
 facet normal  1.288520e-14 -7.703421e-01  6.376309e-01
   outer loop
     vertex -1.840000e+02  4.891105e+02 -1.034184e+02
     vertex -1.765000e+02  4.889184e+02 -1.036506e+02
     vertex -1.765000e+02  4.891105e+02 -1.034184e+02
   endloop
 endfacet
 facet normal  6.825103e-15 -9.005524e-01  4.347475e-01
   outer loop
     vertex -1.840000e+02  4.891105e+02 -1.034184e+02
     vertex -1.765000e+02  4.892415e+02 -1.031471e+02
     vertex -1.840000e+02  4.892415e+02 -1.031471e+02
   endloop
 endfacet
 facet normal  0.000000e+00 -7.703421e-01  6.376309e-01
   outer loop
     vertex -1.840000e+02  4.889184e+02 -1.036506e+02
     vertex -1.765000e+02  4.889184e+02 -1.036506e+02
     vertex -1.840000e+02  4.891105e+02 -1.034184e+02
   endloop
 endfacet
 facet normal  4.512324e-15 -5.953623e-01  8.034574e-01
   outer loop
     vertex -1.840000e+02  4.886763e+02 -1.038300e+02
     vertex -1.765000e+02  4.886763e+02 -1.038300e+02
     vertex -1.765000e+02  4.889184e+02 -1.036506e+02
   endloop
 endfacet
 facet normal  0.000000e+00 -5.953623e-01  8.034574e-01
   outer loop
     vertex -1.840000e+02  4.886763e+02 -1.038300e+02
     vertex -1.765000e+02  4.889184e+02 -1.036506e+02
     vertex -1.840000e+02  4.889184e+02 -1.036506e+02
   endloop
 endfacet
 facet normal  2.923890e-15 -3.857822e-01  9.225899e-01
   outer loop
     vertex -1.840000e+02  4.883983e+02 -1.039462e+02
     vertex -1.765000e+02  4.883983e+02 -1.039462e+02
     vertex -1.765000e+02  4.886763e+02 -1.038300e+02
   endloop
 endfacet
 facet normal  2.922851e-15 -3.857822e-01  9.225899e-01
   outer loop
     vertex -1.840000e+02  4.883983e+02 -1.039462e+02
     vertex -1.765000e+02  4.886763e+02 -1.038300e+02
     vertex -1.840000e+02  4.886763e+02 -1.038300e+02
   endloop
 endfacet
 facet normal  1.165531e-15 -1.537818e-01  9.881048e-01
   outer loop
     vertex -1.840000e+02  4.881005e+02 -1.039926e+02
     vertex -1.765000e+02  4.881005e+02 -1.039926e+02
     vertex -1.765000e+02  4.883983e+02 -1.039462e+02
   endloop
 endfacet
 facet normal  1.165149e-15 -1.537818e-01  9.881048e-01
   outer loop
     vertex -1.840000e+02  4.881005e+02 -1.039926e+02
     vertex -1.765000e+02  4.883983e+02 -1.039462e+02
     vertex -1.840000e+02  4.883983e+02 -1.039462e+02
   endloop
 endfacet
 facet normal -0.000000e+00  8.715574e-02  9.961947e-01
   outer loop
     vertex -1.840000e+02  4.878003e+02 -1.039663e+02
     vertex -1.765000e+02  4.878003e+02 -1.039663e+02
     vertex -1.765000e+02  4.881005e+02 -1.039926e+02
   endloop
 endfacet
 facet normal -6.608652e-16  8.715574e-02  9.961947e-01
   outer loop
     vertex -1.840000e+02  4.878003e+02 -1.039663e+02
     vertex -1.765000e+02  4.881005e+02 -1.039926e+02
     vertex -1.840000e+02  4.881005e+02 -1.039926e+02
   endloop
 endfacet
 facet normal -0.000000e+00  3.230282e-01  9.463894e-01
   outer loop
     vertex -1.840000e+02  4.875151e+02 -1.038690e+02
     vertex -1.765000e+02  4.875151e+02 -1.038690e+02
     vertex -1.765000e+02  4.878003e+02 -1.039663e+02
   endloop
 endfacet
 facet normal  0.000000e+00  3.230282e-01  9.463894e-01
   outer loop
     vertex -1.840000e+02  4.875151e+02 -1.038690e+02
     vertex -1.765000e+02  4.878003e+02 -1.039663e+02
     vertex -1.840000e+02  4.878003e+02 -1.039663e+02
   endloop
 endfacet
 facet normal -0.000000e+00  5.401273e-01  8.415833e-01
   outer loop
     vertex -1.840000e+02  4.872615e+02 -1.037062e+02
     vertex -1.765000e+02  4.872615e+02 -1.037062e+02
     vertex -1.765000e+02  4.875151e+02 -1.038690e+02
   endloop
 endfacet
 facet normal  0.000000e+00  5.401273e-01  8.415833e-01
   outer loop
     vertex -1.840000e+02  4.872615e+02 -1.037062e+02
     vertex -1.765000e+02  4.875151e+02 -1.038690e+02
     vertex -1.840000e+02  4.875151e+02 -1.038690e+02
   endloop
 endfacet
 facet normal -6.804560e-15  7.258363e-01  6.878675e-01
   outer loop
     vertex -1.840000e+02  4.870542e+02 -1.034875e+02
     vertex -1.765000e+02  4.870542e+02 -1.034875e+02
     vertex -1.765000e+02  4.872615e+02 -1.037062e+02
   endloop
 endfacet
 facet normal  0.000000e+00  7.258363e-01  6.878675e-01
   outer loop
     vertex -1.840000e+02  4.870542e+02 -1.034875e+02
     vertex -1.765000e+02  4.872615e+02 -1.037062e+02
     vertex -1.840000e+02  4.872615e+02 -1.037062e+02
   endloop
 endfacet
 facet normal -6.589003e-15  8.693623e-01  4.941753e-01
   outer loop
     vertex -1.840000e+02  4.869053e+02 -1.032255e+02
     vertex -1.765000e+02  4.869053e+02 -1.032255e+02
     vertex -1.765000e+02  4.870542e+02 -1.034875e+02
   endloop
 endfacet
 facet normal -7.525114e-15  8.693623e-01  4.941753e-01
   outer loop
     vertex -1.840000e+02  4.869053e+02 -1.032255e+02
     vertex -1.765000e+02  4.870542e+02 -1.034875e+02
     vertex -1.840000e+02  4.870542e+02 -1.034875e+02
   endloop
 endfacet
 facet normal -7.293875e-15  9.623641e-01  2.717635e-01
   outer loop
     vertex -1.840000e+02  4.868234e+02 -1.029355e+02
     vertex -1.765000e+02  4.868234e+02 -1.029355e+02
     vertex -1.765000e+02  4.869053e+02 -1.032255e+02
   endloop
 endfacet
 facet normal -7.294847e-15  9.623641e-01  2.717635e-01
   outer loop
     vertex -1.840000e+02  4.868234e+02 -1.029355e+02
     vertex -1.765000e+02  4.869053e+02 -1.032255e+02
     vertex -1.840000e+02  4.869053e+02 -1.032255e+02
   endloop
 endfacet
 facet normal -7.574854e-15  9.994368e-01  3.355772e-02
   outer loop
     vertex -1.840000e+02  4.868133e+02 -1.026343e+02
     vertex -1.765000e+02  4.868133e+02 -1.026343e+02
     vertex -1.765000e+02  4.868234e+02 -1.029355e+02
   endloop
 endfacet
 facet normal -7.574813e-15  9.994368e-01  3.355772e-02
   outer loop
     vertex -1.840000e+02  4.868133e+02 -1.026343e+02
     vertex -1.765000e+02  4.868234e+02 -1.029355e+02
     vertex -1.840000e+02  4.868234e+02 -1.029355e+02
   endloop
 endfacet
 facet normal  0.000000e+00 -9.784259e-01  2.065983e-01
   outer loop
     vertex -1.840000e+02  4.904181e+02 -8.969844e+01
     vertex -1.765000e+02  4.904804e+02 -8.940360e+01
     vertex -1.840000e+02  4.904804e+02 -8.940360e+01
   endloop
 endfacet
 facet normal  0.000000e+00 -9.784259e-01  2.065983e-01
   outer loop
     vertex -1.840000e+02  4.904181e+02 -8.969844e+01
     vertex -1.765000e+02  4.904181e+02 -8.969844e+01
     vertex -1.765000e+02  4.904804e+02 -8.940360e+01
   endloop
 endfacet
 facet normal  6.825397e-15 -9.005524e-01  4.347475e-01
   outer loop
     vertex -1.840000e+02  4.902871e+02 -8.996981e+01
     vertex -1.765000e+02  4.902871e+02 -8.996981e+01
     vertex -1.765000e+02  4.904181e+02 -8.969844e+01
   endloop
 endfacet
 facet normal  5.838517e-15 -7.703421e-01  6.376309e-01
   outer loop
     vertex -1.840000e+02  4.902871e+02 -8.996981e+01
     vertex -1.765000e+02  4.900950e+02 -9.020195e+01
     vertex -1.765000e+02  4.902871e+02 -8.996981e+01
   endloop
 endfacet
 facet normal  0.000000e+00 -9.005524e-01  4.347475e-01
   outer loop
     vertex -1.840000e+02  4.902871e+02 -8.996981e+01
     vertex -1.765000e+02  4.904181e+02 -8.969844e+01
     vertex -1.840000e+02  4.904181e+02 -8.969844e+01
   endloop
 endfacet
 facet normal  0.000000e+00 -7.703421e-01  6.376309e-01
   outer loop
     vertex -1.840000e+02  4.900950e+02 -9.020195e+01
     vertex -1.765000e+02  4.900950e+02 -9.020195e+01
     vertex -1.840000e+02  4.902871e+02 -8.996981e+01
   endloop
 endfacet
 facet normal  2.989948e-15 -5.953623e-01  8.034574e-01
   outer loop
     vertex -1.840000e+02  4.898529e+02 -9.038136e+01
     vertex -1.765000e+02  4.898529e+02 -9.038136e+01
     vertex -1.765000e+02  4.900950e+02 -9.020195e+01
   endloop
 endfacet
 facet normal  0.000000e+00 -5.953623e-01  8.034574e-01
   outer loop
     vertex -1.840000e+02  4.898529e+02 -9.038136e+01
     vertex -1.765000e+02  4.900950e+02 -9.020195e+01
     vertex -1.840000e+02  4.900950e+02 -9.020195e+01
   endloop
 endfacet
 facet normal  5.847781e-15 -3.857822e-01  9.225899e-01
   outer loop
     vertex -1.840000e+02  4.895749e+02 -9.049761e+01
     vertex -1.765000e+02  4.895749e+02 -9.049761e+01
     vertex -1.765000e+02  4.898529e+02 -9.038136e+01
   endloop
 endfacet
 facet normal  1.175895e-15 -3.857822e-01  9.225899e-01
   outer loop
     vertex -1.840000e+02  4.895749e+02 -9.049761e+01
     vertex -1.765000e+02  4.898529e+02 -9.038136e+01
     vertex -1.840000e+02  4.898529e+02 -9.038136e+01
   endloop
 endfacet
 facet normal  1.165531e-15 -1.537818e-01  9.881048e-01
   outer loop
     vertex -1.840000e+02  4.892771e+02 -9.054395e+01
     vertex -1.765000e+02  4.892771e+02 -9.054395e+01
     vertex -1.765000e+02  4.895749e+02 -9.049761e+01
   endloop
 endfacet
 facet normal  2.331066e-15 -1.537818e-01  9.881048e-01
   outer loop
     vertex -1.840000e+02  4.892771e+02 -9.054395e+01
     vertex -1.765000e+02  4.895749e+02 -9.049761e+01
     vertex -1.840000e+02  4.895749e+02 -9.049761e+01
   endloop
 endfacet
 facet normal -0.000000e+00  8.715574e-02  9.961947e-01
   outer loop
     vertex -1.840000e+02  4.889769e+02 -9.051769e+01
     vertex -1.765000e+02  4.889769e+02 -9.051769e+01
     vertex -1.765000e+02  4.892771e+02 -9.054395e+01
   endloop
 endfacet
 facet normal -6.608652e-16  8.715574e-02  9.961947e-01
   outer loop
     vertex -1.840000e+02  4.889769e+02 -9.051769e+01
     vertex -1.765000e+02  4.892771e+02 -9.054395e+01
     vertex -1.840000e+02  4.892771e+02 -9.054395e+01
   endloop
 endfacet
 facet normal -0.000000e+00  3.230282e-01  9.463894e-01
   outer loop
     vertex -1.840000e+02  4.886917e+02 -9.042034e+01
     vertex -1.765000e+02  4.886917e+02 -9.042034e+01
     vertex -1.765000e+02  4.889769e+02 -9.051769e+01
   endloop
 endfacet
 facet normal  0.000000e+00  3.230282e-01  9.463894e-01
   outer loop
     vertex -1.840000e+02  4.886917e+02 -9.042034e+01
     vertex -1.765000e+02  4.889769e+02 -9.051769e+01
     vertex -1.840000e+02  4.889769e+02 -9.051769e+01
   endloop
 endfacet
 facet normal -6.592767e-15  5.401273e-01  8.415833e-01
   outer loop
     vertex -1.840000e+02  4.884381e+02 -9.025758e+01
     vertex -1.765000e+02  4.884381e+02 -9.025758e+01
     vertex -1.765000e+02  4.886917e+02 -9.042034e+01
   endloop
 endfacet
 facet normal  0.000000e+00  5.401273e-01  8.415833e-01
   outer loop
     vertex -1.840000e+02  4.884381e+02 -9.025758e+01
     vertex -1.765000e+02  4.886917e+02 -9.042034e+01
     vertex -1.840000e+02  4.886917e+02 -9.042034e+01
   endloop
 endfacet
 facet normal -0.000000e+00  7.258363e-01  6.878675e-01
   outer loop
     vertex -1.840000e+02  4.882308e+02 -9.003886e+01
     vertex -1.765000e+02  4.882308e+02 -9.003886e+01
     vertex -1.765000e+02  4.884381e+02 -9.025758e+01
   endloop
 endfacet
 facet normal -9.698831e-15  7.258363e-01  6.878675e-01
   outer loop
     vertex -1.840000e+02  4.882308e+02 -9.003886e+01
     vertex -1.765000e+02  4.884381e+02 -9.025758e+01
     vertex -1.840000e+02  4.884381e+02 -9.025758e+01
   endloop
 endfacet
 facet normal -0.000000e+00  8.693623e-01  4.941753e-01
   outer loop
     vertex -1.840000e+02  4.880819e+02 -8.977688e+01
     vertex -1.765000e+02  4.880819e+02 -8.977688e+01
     vertex -1.765000e+02  4.882308e+02 -9.003886e+01
   endloop
 endfacet
 facet normal  0.000000e+00  8.693623e-01  4.941753e-01
   outer loop
     vertex -1.840000e+02  4.880819e+02 -8.977688e+01
     vertex -1.765000e+02  4.882308e+02 -9.003886e+01
     vertex -1.840000e+02  4.882308e+02 -9.003886e+01
   endloop
 endfacet
 facet normal -0.000000e+00  9.623641e-01  2.717635e-01
   outer loop
     vertex -1.840000e+02  4.880000e+02 -8.948688e+01
     vertex -1.765000e+02  4.880000e+02 -8.948688e+01
     vertex -1.765000e+02  4.880819e+02 -8.977688e+01
   endloop
 endfacet
 facet normal  0.000000e+00  9.623641e-01  2.717635e-01
   outer loop
     vertex -1.840000e+02  4.880000e+02 -8.948688e+01
     vertex -1.765000e+02  4.880819e+02 -8.977688e+01
     vertex -1.840000e+02  4.880819e+02 -8.977688e+01
   endloop
 endfacet
 facet normal -0.000000e+00  9.994368e-01  3.355772e-02
   outer loop
     vertex -1.840000e+02  4.879899e+02 -8.918571e+01
     vertex -1.765000e+02  4.879899e+02 -8.918571e+01
     vertex -1.765000e+02  4.880000e+02 -8.948688e+01
   endloop
 endfacet
 facet normal  0.000000e+00  9.994368e-01  3.355772e-02
   outer loop
     vertex -1.840000e+02  4.879899e+02 -8.918571e+01
     vertex -1.765000e+02  4.880000e+02 -8.948688e+01
     vertex -1.840000e+02  4.880000e+02 -8.948688e+01
   endloop
 endfacet
 facet normal  7.024667e-15 -9.784259e-01  2.065983e-01
   outer loop
     vertex -1.840000e+02  4.793596e+02 -8.195516e+01
     vertex -1.765000e+02  4.794218e+02 -8.166032e+01
     vertex -1.840000e+02  4.794218e+02 -8.166032e+01
   endloop
 endfacet
 facet normal  7.024151e-15 -9.784259e-01  2.065983e-01
   outer loop
     vertex -1.840000e+02  4.793596e+02 -8.195516e+01
     vertex -1.765000e+02  4.793596e+02 -8.195516e+01
     vertex -1.765000e+02  4.794218e+02 -8.166032e+01
   endloop
 endfacet
 facet normal  0.000000e+00 -9.005524e-01  4.347475e-01
   outer loop
     vertex -1.840000e+02  4.792286e+02 -8.222653e+01
     vertex -1.765000e+02  4.792286e+02 -8.222653e+01
     vertex -1.765000e+02  4.793596e+02 -8.195516e+01
   endloop
 endfacet
 facet normal  0.000000e+00 -7.703421e-01  6.376309e-01
   outer loop
     vertex -1.840000e+02  4.792286e+02 -8.222653e+01
     vertex -1.765000e+02  4.790364e+02 -8.245867e+01
     vertex -1.765000e+02  4.792286e+02 -8.222653e+01
   endloop
 endfacet
 facet normal  6.002284e-15 -9.005524e-01  4.347475e-01
   outer loop
     vertex -1.840000e+02  4.792286e+02 -8.222653e+01
     vertex -1.765000e+02  4.793596e+02 -8.195516e+01
     vertex -1.840000e+02  4.793596e+02 -8.195516e+01
   endloop
 endfacet
 facet normal  5.838517e-15 -7.703421e-01  6.376309e-01
   outer loop
     vertex -1.840000e+02  4.790364e+02 -8.245867e+01
     vertex -1.765000e+02  4.790364e+02 -8.245867e+01
     vertex -1.840000e+02  4.792286e+02 -8.222653e+01
   endloop
 endfacet
 facet normal  0.000000e+00 -5.953623e-01  8.034574e-01
   outer loop
     vertex -1.840000e+02  4.787943e+02 -8.263807e+01
     vertex -1.765000e+02  4.787943e+02 -8.263807e+01
     vertex -1.765000e+02  4.790364e+02 -8.245867e+01
   endloop
 endfacet
 facet normal  4.510156e-15 -5.953623e-01  8.034574e-01
   outer loop
     vertex -1.840000e+02  4.787943e+02 -8.263807e+01
     vertex -1.765000e+02  4.790364e+02 -8.245867e+01
     vertex -1.840000e+02  4.790364e+02 -8.245867e+01
   endloop
 endfacet
 facet normal  5.847781e-15 -3.857822e-01  9.225899e-01
   outer loop
     vertex -1.840000e+02  4.785163e+02 -8.275433e+01
     vertex -1.765000e+02  4.785163e+02 -8.275433e+01
     vertex -1.765000e+02  4.787943e+02 -8.263807e+01
   endloop
 endfacet
 facet normal  0.000000e+00 -3.857822e-01  9.225899e-01
   outer loop
     vertex -1.840000e+02  4.785163e+02 -8.275433e+01
     vertex -1.765000e+02  4.787943e+02 -8.263807e+01
     vertex -1.840000e+02  4.787943e+02 -8.263807e+01
   endloop
 endfacet
 facet normal  1.165531e-15 -1.537818e-01  9.881048e-01
   outer loop
     vertex -1.840000e+02  4.782185e+02 -8.280067e+01
     vertex -1.765000e+02  4.782185e+02 -8.280067e+01
     vertex -1.765000e+02  4.785163e+02 -8.275433e+01
   endloop
 endfacet
 facet normal  2.331066e-15 -1.537818e-01  9.881048e-01
   outer loop
     vertex -1.840000e+02  4.782185e+02 -8.280067e+01
     vertex -1.765000e+02  4.785163e+02 -8.275433e+01
     vertex -1.840000e+02  4.785163e+02 -8.275433e+01
   endloop
 endfacet
 facet normal -0.000000e+00  8.715574e-02  9.961947e-01
   outer loop
     vertex -1.840000e+02  4.779184e+02 -8.277440e+01
     vertex -1.765000e+02  4.779184e+02 -8.277440e+01
     vertex -1.765000e+02  4.782185e+02 -8.280067e+01
   endloop
 endfacet
 facet normal -6.600977e-16  8.715574e-02  9.961947e-01
   outer loop
     vertex -1.840000e+02  4.779184e+02 -8.277440e+01
     vertex -1.765000e+02  4.782185e+02 -8.280067e+01
     vertex -1.840000e+02  4.782185e+02 -8.280067e+01
   endloop
 endfacet
 facet normal -0.000000e+00  3.230282e-01  9.463894e-01
   outer loop
     vertex -1.840000e+02  4.776332e+02 -8.267706e+01
     vertex -1.765000e+02  4.776332e+02 -8.267706e+01
     vertex -1.765000e+02  4.779184e+02 -8.277440e+01
   endloop
 endfacet
 facet normal  0.000000e+00  3.230282e-01  9.463894e-01
   outer loop
     vertex -1.840000e+02  4.776332e+02 -8.267706e+01
     vertex -1.765000e+02  4.779184e+02 -8.277440e+01
     vertex -1.840000e+02  4.779184e+02 -8.277440e+01
   endloop
 endfacet
 facet normal -4.093691e-15  5.401273e-01  8.415833e-01
   outer loop
     vertex -1.840000e+02  4.773796e+02 -8.251430e+01
     vertex -1.765000e+02  4.773796e+02 -8.251430e+01
     vertex -1.765000e+02  4.776332e+02 -8.267706e+01
   endloop
 endfacet
 facet normal  0.000000e+00  5.401273e-01  8.415833e-01
   outer loop
     vertex -1.840000e+02  4.773796e+02 -8.251430e+01
     vertex -1.765000e+02  4.776332e+02 -8.267706e+01
     vertex -1.840000e+02  4.776332e+02 -8.267706e+01
   endloop
 endfacet
 facet normal -1.230576e-14  7.258363e-01  6.878675e-01
   outer loop
     vertex -1.840000e+02  4.771723e+02 -8.229557e+01
     vertex -1.765000e+02  4.771723e+02 -8.229557e+01
     vertex -1.765000e+02  4.773796e+02 -8.251430e+01
   endloop
 endfacet
 facet normal -5.501837e-15  7.258363e-01  6.878675e-01
   outer loop
     vertex -1.840000e+02  4.771723e+02 -8.229557e+01
     vertex -1.765000e+02  4.773796e+02 -8.251430e+01
     vertex -1.840000e+02  4.773796e+02 -8.251430e+01
   endloop
 endfacet
 facet normal -0.000000e+00  8.693623e-01  4.941753e-01
   outer loop
     vertex -1.840000e+02  4.770234e+02 -8.203360e+01
     vertex -1.765000e+02  4.770234e+02 -8.203360e+01
     vertex -1.765000e+02  4.771723e+02 -8.229557e+01
   endloop
 endfacet
 facet normal -1.411381e-14  8.693623e-01  4.941753e-01
   outer loop
     vertex -1.840000e+02  4.770234e+02 -8.203360e+01
     vertex -1.765000e+02  4.771723e+02 -8.229557e+01
     vertex -1.840000e+02  4.771723e+02 -8.229557e+01
   endloop
 endfacet
 facet normal -0.000000e+00  9.623641e-01  2.717635e-01
   outer loop
     vertex -1.840000e+02  4.769415e+02 -8.174360e+01
     vertex -1.765000e+02  4.769415e+02 -8.174360e+01
     vertex -1.765000e+02  4.770234e+02 -8.203360e+01
   endloop
 endfacet
 facet normal  0.000000e+00  9.623641e-01  2.717635e-01
   outer loop
     vertex -1.840000e+02  4.769415e+02 -8.174360e+01
     vertex -1.765000e+02  4.770234e+02 -8.203360e+01
     vertex -1.840000e+02  4.770234e+02 -8.203360e+01
   endloop
 endfacet
 facet normal -0.000000e+00  9.994368e-01  3.355772e-02
   outer loop
     vertex -1.840000e+02  4.769314e+02 -8.144243e+01
     vertex -1.765000e+02  4.769314e+02 -8.144243e+01
     vertex -1.765000e+02  4.769415e+02 -8.174360e+01
   endloop
 endfacet
 facet normal  0.000000e+00  9.994368e-01  3.355772e-02
   outer loop
     vertex -1.840000e+02  4.769314e+02 -8.144243e+01
     vertex -1.765000e+02  4.769415e+02 -8.174360e+01
     vertex -1.840000e+02  4.769415e+02 -8.174360e+01
   endloop
 endfacet
 facet normal  0.000000e+00 -9.784259e-01  2.065983e-01
   outer loop
     vertex -1.840000e+02  4.671244e+02 -8.766050e+01
     vertex -1.765000e+02  4.671867e+02 -8.736566e+01
     vertex -1.840000e+02  4.671867e+02 -8.736566e+01
   endloop
 endfacet
 facet normal  7.415609e-15 -9.784259e-01  2.065983e-01
   outer loop
     vertex -1.840000e+02  4.671244e+02 -8.766050e+01
     vertex -1.765000e+02  4.671244e+02 -8.766050e+01
     vertex -1.765000e+02  4.671867e+02 -8.736566e+01
   endloop
 endfacet
 facet normal  6.825397e-15 -9.005524e-01  4.347475e-01
   outer loop
     vertex -1.840000e+02  4.669934e+02 -8.793188e+01
     vertex -1.765000e+02  4.669934e+02 -8.793188e+01
     vertex -1.765000e+02  4.671244e+02 -8.766050e+01
   endloop
 endfacet
 facet normal  5.838517e-15 -7.703421e-01  6.376309e-01
   outer loop
     vertex -1.840000e+02  4.669934e+02 -8.793188e+01
     vertex -1.765000e+02  4.668013e+02 -8.816401e+01
     vertex -1.765000e+02  4.669934e+02 -8.793188e+01
   endloop
 endfacet
 facet normal  6.825103e-15 -9.005524e-01  4.347475e-01
   outer loop
     vertex -1.840000e+02  4.669934e+02 -8.793188e+01
     vertex -1.765000e+02  4.671244e+02 -8.766050e+01
     vertex -1.840000e+02  4.671244e+02 -8.766050e+01
   endloop
 endfacet
 facet normal  5.838517e-15 -7.703421e-01  6.376309e-01
   outer loop
     vertex -1.840000e+02  4.668013e+02 -8.816401e+01
     vertex -1.765000e+02  4.668013e+02 -8.816401e+01
     vertex -1.840000e+02  4.669934e+02 -8.793188e+01
   endloop
 endfacet
 facet normal  4.512324e-15 -5.953623e-01  8.034574e-01
   outer loop
     vertex -1.840000e+02  4.665592e+02 -8.834342e+01
     vertex -1.765000e+02  4.665592e+02 -8.834342e+01
     vertex -1.765000e+02  4.668013e+02 -8.816401e+01
   endloop
 endfacet
 facet normal  4.513226e-15 -5.953623e-01  8.034574e-01
   outer loop
     vertex -1.840000e+02  4.665592e+02 -8.834342e+01
     vertex -1.765000e+02  4.668013e+02 -8.816401e+01
     vertex -1.840000e+02  4.668013e+02 -8.816401e+01
   endloop
 endfacet
 facet normal  0.000000e+00 -3.857822e-01  9.225899e-01
   outer loop
     vertex -1.840000e+02  4.662812e+02 -8.845967e+01
     vertex -1.765000e+02  4.662812e+02 -8.845967e+01
     vertex -1.765000e+02  4.665592e+02 -8.834342e+01
   endloop
 endfacet
 facet normal  2.922851e-15 -3.857822e-01  9.225899e-01
   outer loop
     vertex -1.840000e+02  4.662812e+02 -8.845967e+01
     vertex -1.765000e+02  4.665592e+02 -8.834342e+01
     vertex -1.840000e+02  4.665592e+02 -8.834342e+01
   endloop
 endfacet
 facet normal  0.000000e+00 -1.537818e-01  9.881048e-01
   outer loop
     vertex -1.840000e+02  4.659834e+02 -8.850601e+01
     vertex -1.765000e+02  4.659834e+02 -8.850601e+01
     vertex -1.765000e+02  4.662812e+02 -8.845967e+01
   endloop
 endfacet
 facet normal  0.000000e+00 -1.537818e-01  9.881048e-01
   outer loop
     vertex -1.840000e+02  4.659834e+02 -8.850601e+01
     vertex -1.765000e+02  4.662812e+02 -8.845967e+01
     vertex -1.840000e+02  4.662812e+02 -8.845967e+01
   endloop
 endfacet
 facet normal -6.605641e-16  8.715574e-02  9.961947e-01
   outer loop
     vertex -1.840000e+02  4.656832e+02 -8.847975e+01
     vertex -1.765000e+02  4.656832e+02 -8.847975e+01
     vertex -1.765000e+02  4.659834e+02 -8.850601e+01
   endloop
 endfacet
 facet normal  0.000000e+00  8.715574e-02  9.961947e-01
   outer loop
     vertex -1.840000e+02  4.656832e+02 -8.847975e+01
     vertex -1.765000e+02  4.659834e+02 -8.850601e+01
     vertex -1.840000e+02  4.659834e+02 -8.850601e+01
   endloop
 endfacet
 facet normal -2.448270e-15  3.230282e-01  9.463894e-01
   outer loop
     vertex -1.840000e+02  4.653980e+02 -8.838241e+01
     vertex -1.765000e+02  4.653980e+02 -8.838241e+01
     vertex -1.765000e+02  4.656832e+02 -8.847975e+01
   endloop
 endfacet
 facet normal -2.448502e-15  3.230282e-01  9.463894e-01
   outer loop
     vertex -1.840000e+02  4.653980e+02 -8.838241e+01
     vertex -1.765000e+02  4.656832e+02 -8.847975e+01
     vertex -1.840000e+02  4.656832e+02 -8.847975e+01
   endloop
 endfacet
 facet normal -8.187383e-15  5.401273e-01  8.415833e-01
   outer loop
     vertex -1.840000e+02  4.651444e+02 -8.821965e+01
     vertex -1.765000e+02  4.651444e+02 -8.821965e+01
     vertex -1.765000e+02  4.653980e+02 -8.838241e+01
   endloop
 endfacet
 facet normal -4.095676e-15  5.401273e-01  8.415833e-01
   outer loop
     vertex -1.840000e+02  4.651444e+02 -8.821965e+01
     vertex -1.765000e+02  4.653980e+02 -8.838241e+01
     vertex -1.840000e+02  4.653980e+02 -8.838241e+01
   endloop
 endfacet
 facet normal -0.000000e+00  7.258363e-01  6.878675e-01
   outer loop
     vertex -1.840000e+02  4.649371e+02 -8.800092e+01
     vertex -1.765000e+02  4.649371e+02 -8.800092e+01
     vertex -1.765000e+02  4.651444e+02 -8.821965e+01
   endloop
 endfacet
 facet normal -1.100367e-14  7.258363e-01  6.878675e-01
   outer loop
     vertex -1.840000e+02  4.649371e+02 -8.800092e+01
     vertex -1.765000e+02  4.651444e+02 -8.821965e+01
     vertex -1.840000e+02  4.651444e+02 -8.821965e+01
   endloop
 endfacet
 facet normal -6.589003e-15  8.693623e-01  4.941753e-01
   outer loop
     vertex -1.840000e+02  4.647882e+02 -8.773895e+01
     vertex -1.765000e+02  4.647882e+02 -8.773895e+01
     vertex -1.765000e+02  4.649371e+02 -8.800092e+01
   endloop
 endfacet
 facet normal  0.000000e+00  8.693623e-01  4.941753e-01
   outer loop
     vertex -1.840000e+02  4.647882e+02 -8.773895e+01
     vertex -1.765000e+02  4.649371e+02 -8.800092e+01
     vertex -1.840000e+02  4.649371e+02 -8.800092e+01
   endloop
 endfacet
 facet normal -7.293875e-15  9.623641e-01  2.717635e-01
   outer loop
     vertex -1.840000e+02  4.647063e+02 -8.744895e+01
     vertex -1.765000e+02  4.647063e+02 -8.744895e+01
     vertex -1.765000e+02  4.647882e+02 -8.773895e+01
   endloop
 endfacet
 facet normal -7.293312e-15  9.623641e-01  2.717635e-01
   outer loop
     vertex -1.840000e+02  4.647063e+02 -8.744895e+01
     vertex -1.765000e+02  4.647882e+02 -8.773895e+01
     vertex -1.840000e+02  4.647882e+02 -8.773895e+01
   endloop
 endfacet
 facet normal -0.000000e+00  9.994368e-01  3.355772e-02
   outer loop
     vertex -1.840000e+02  4.646962e+02 -8.714777e+01
     vertex -1.765000e+02  4.646962e+02 -8.714777e+01
     vertex -1.765000e+02  4.647063e+02 -8.744895e+01
   endloop
 endfacet
 facet normal -7.574813e-15  9.994368e-01  3.355772e-02
   outer loop
     vertex -1.840000e+02  4.646962e+02 -8.714777e+01
     vertex -1.765000e+02  4.647063e+02 -8.744895e+01
     vertex -1.840000e+02  4.647063e+02 -8.744895e+01
   endloop
 endfacet
 facet normal  7.414586e-15 -9.784259e-01  2.065983e-01
   outer loop
     vertex -1.840000e+02  4.659478e+02 -1.011091e+02
     vertex -1.765000e+02  4.660101e+02 -1.008143e+02
     vertex -1.840000e+02  4.660101e+02 -1.008143e+02
   endloop
 endfacet
 facet normal  0.000000e+00 -9.784259e-01  2.065983e-01
   outer loop
     vertex -1.840000e+02  4.659478e+02 -1.011091e+02
     vertex -1.765000e+02  4.659478e+02 -1.011091e+02
     vertex -1.765000e+02  4.660101e+02 -1.008143e+02
   endloop
 endfacet
 facet normal  0.000000e+00 -9.005524e-01  4.347475e-01
   outer loop
     vertex -1.840000e+02  4.658168e+02 -1.013805e+02
     vertex -1.765000e+02  4.658168e+02 -1.013805e+02
     vertex -1.765000e+02  4.659478e+02 -1.011091e+02
   endloop
 endfacet
 facet normal  0.000000e+00 -7.703421e-01  6.376309e-01
   outer loop
     vertex -1.840000e+02  4.658168e+02 -1.013805e+02
     vertex -1.765000e+02  4.656247e+02 -1.016126e+02
     vertex -1.765000e+02  4.658168e+02 -1.013805e+02
   endloop
 endfacet
 facet normal  0.000000e+00 -9.005524e-01  4.347475e-01
   outer loop
     vertex -1.840000e+02  4.658168e+02 -1.013805e+02
     vertex -1.765000e+02  4.659478e+02 -1.011091e+02
     vertex -1.840000e+02  4.659478e+02 -1.011091e+02
   endloop
 endfacet
 facet normal  0.000000e+00 -7.703421e-01  6.376309e-01
   outer loop
     vertex -1.840000e+02  4.656247e+02 -1.016126e+02
     vertex -1.765000e+02  4.656247e+02 -1.016126e+02
     vertex -1.840000e+02  4.658168e+02 -1.013805e+02
   endloop
 endfacet
 facet normal  4.512324e-15 -5.953623e-01  8.034574e-01
   outer loop
     vertex -1.840000e+02  4.653826e+02 -1.017920e+02
     vertex -1.765000e+02  4.653826e+02 -1.017920e+02
     vertex -1.765000e+02  4.656247e+02 -1.016126e+02
   endloop
 endfacet
 facet normal  0.000000e+00 -5.953623e-01  8.034574e-01
   outer loop
     vertex -1.840000e+02  4.653826e+02 -1.017920e+02
     vertex -1.765000e+02  4.656247e+02 -1.016126e+02
     vertex -1.840000e+02  4.656247e+02 -1.016126e+02
   endloop
 endfacet
 facet normal  2.923890e-15 -3.857822e-01  9.225899e-01
   outer loop
     vertex -1.840000e+02  4.651045e+02 -1.019083e+02
     vertex -1.765000e+02  4.651045e+02 -1.019083e+02
     vertex -1.765000e+02  4.653826e+02 -1.017920e+02
   endloop
 endfacet
 facet normal  2.925921e-15 -3.857822e-01  9.225899e-01
   outer loop
     vertex -1.840000e+02  4.651045e+02 -1.019083e+02
     vertex -1.765000e+02  4.653826e+02 -1.017920e+02
     vertex -1.840000e+02  4.653826e+02 -1.017920e+02
   endloop
 endfacet
 facet normal  2.331063e-15 -1.537818e-01  9.881048e-01
   outer loop
     vertex -1.840000e+02  4.648068e+02 -1.019546e+02
     vertex -1.765000e+02  4.648068e+02 -1.019546e+02
     vertex -1.765000e+02  4.651045e+02 -1.019083e+02
   endloop
 endfacet
 facet normal  1.165917e-15 -1.537818e-01  9.881048e-01
   outer loop
     vertex -1.840000e+02  4.648068e+02 -1.019546e+02
     vertex -1.765000e+02  4.651045e+02 -1.019083e+02
     vertex -1.840000e+02  4.651045e+02 -1.019083e+02
   endloop
 endfacet
 facet normal -0.000000e+00  8.715574e-02  9.961947e-01
   outer loop
     vertex -1.840000e+02  4.645066e+02 -1.019284e+02
     vertex -1.765000e+02  4.645066e+02 -1.019284e+02
     vertex -1.765000e+02  4.648068e+02 -1.019546e+02
   endloop
 endfacet
 facet normal -1.320963e-15  8.715574e-02  9.961947e-01
   outer loop
     vertex -1.840000e+02  4.645066e+02 -1.019284e+02
     vertex -1.765000e+02  4.648068e+02 -1.019546e+02
     vertex -1.840000e+02  4.648068e+02 -1.019546e+02
   endloop
 endfacet
 facet normal -0.000000e+00  3.230282e-01  9.463894e-01
   outer loop
     vertex -1.840000e+02  4.642214e+02 -1.018310e+02
     vertex -1.765000e+02  4.642214e+02 -1.018310e+02
     vertex -1.765000e+02  4.645066e+02 -1.019284e+02
   endloop
 endfacet
 facet normal  0.000000e+00  3.230282e-01  9.463894e-01
   outer loop
     vertex -1.840000e+02  4.642214e+02 -1.018310e+02
     vertex -1.765000e+02  4.645066e+02 -1.019284e+02
     vertex -1.840000e+02  4.645066e+02 -1.019284e+02
   endloop
 endfacet
 facet normal -0.000000e+00  5.401273e-01  8.415833e-01
   outer loop
     vertex -1.840000e+02  4.639678e+02 -1.016683e+02
     vertex -1.765000e+02  4.639678e+02 -1.016683e+02
     vertex -1.765000e+02  4.642214e+02 -1.018310e+02
   endloop
 endfacet
 facet normal  0.000000e+00  5.401273e-01  8.415833e-01
   outer loop
     vertex -1.840000e+02  4.639678e+02 -1.016683e+02
     vertex -1.765000e+02  4.642214e+02 -1.018310e+02
     vertex -1.840000e+02  4.642214e+02 -1.018310e+02
   endloop
 endfacet
 facet normal -1.230576e-14  7.258363e-01  6.878675e-01
   outer loop
     vertex -1.840000e+02  4.637605e+02 -1.014495e+02
     vertex -1.765000e+02  4.637605e+02 -1.014495e+02
     vertex -1.765000e+02  4.639678e+02 -1.016683e+02
   endloop
 endfacet
 facet normal  0.000000e+00  7.258363e-01  6.878675e-01
   outer loop
     vertex -1.840000e+02  4.637605e+02 -1.014495e+02
     vertex -1.765000e+02  4.639678e+02 -1.016683e+02
     vertex -1.840000e+02  4.639678e+02 -1.016683e+02
   endloop
 endfacet
 facet normal -6.589003e-15  8.693623e-01  4.941753e-01
   outer loop
     vertex -1.840000e+02  4.636116e+02 -1.011876e+02
     vertex -1.765000e+02  4.636116e+02 -1.011876e+02
     vertex -1.765000e+02  4.637605e+02 -1.014495e+02
   endloop
 endfacet
 facet normal -1.411381e-14  8.693623e-01  4.941753e-01
   outer loop
     vertex -1.840000e+02  4.636116e+02 -1.011876e+02
     vertex -1.765000e+02  4.637605e+02 -1.014495e+02
     vertex -1.840000e+02  4.637605e+02 -1.014495e+02
   endloop
 endfacet
 facet normal -7.293875e-15  9.623641e-01  2.717635e-01
   outer loop
     vertex -1.840000e+02  4.635297e+02 -1.008976e+02
     vertex -1.765000e+02  4.635297e+02 -1.008976e+02
     vertex -1.765000e+02  4.636116e+02 -1.011876e+02
   endloop
 endfacet
 facet normal -7.294847e-15  9.623641e-01  2.717635e-01
   outer loop
     vertex -1.840000e+02  4.635297e+02 -1.008976e+02
     vertex -1.765000e+02  4.636116e+02 -1.011876e+02
     vertex -1.840000e+02  4.636116e+02 -1.011876e+02
   endloop
 endfacet
 facet normal -7.574854e-15  9.994368e-01  3.355772e-02
   outer loop
     vertex -1.840000e+02  4.635196e+02 -1.005964e+02
     vertex -1.765000e+02  4.635196e+02 -1.005964e+02
     vertex -1.765000e+02  4.635297e+02 -1.008976e+02
   endloop
 endfacet
 facet normal -7.574813e-15  9.994368e-01  3.355772e-02
   outer loop
     vertex -1.840000e+02  4.635196e+02 -1.005964e+02
     vertex -1.765000e+02  4.635297e+02 -1.008976e+02
     vertex -1.840000e+02  4.635297e+02 -1.008976e+02
   endloop
 endfacet
 facet normal  0.000000e+00  9.998477e-01  1.745241e-02
   outer loop
     vertex -1.830000e+02  4.943696e+02 -9.286729e+01
     vertex -1.840000e+02  4.944334e+02 -9.652523e+01
     vertex -1.840000e+02  4.943696e+02 -9.286729e+01
   endloop
 endfacet
 facet normal  0.000000e+00  9.998477e-01  1.745241e-02
   outer loop
     vertex -1.830000e+02  4.943696e+02 -9.286729e+01
     vertex -1.830000e+02  4.944334e+02 -9.652523e+01
     vertex -1.840000e+02  4.944334e+02 -9.652523e+01
   endloop
 endfacet
 facet normal  0.000000e+00  9.743701e-01  2.249511e-01
   outer loop
     vertex -1.830000e+02  4.935466e+02 -8.930256e+01
     vertex -1.840000e+02  4.943696e+02 -9.286729e+01
     vertex -1.840000e+02  4.935466e+02 -8.930256e+01
   endloop
 endfacet
 facet normal  0.000000e+00  9.743701e-01  2.249511e-01
   outer loop
     vertex -1.830000e+02  4.935466e+02 -8.930256e+01
     vertex -1.830000e+02  4.943696e+02 -9.286729e+01
     vertex -1.840000e+02  4.943696e+02 -9.286729e+01
   endloop
 endfacet
 facet normal  0.000000e+00  9.063078e-01  4.226183e-01
   outer loop
     vertex -1.830000e+02  4.920004e+02 -8.598683e+01
     vertex -1.840000e+02  4.935466e+02 -8.930256e+01
     vertex -1.840000e+02  4.920004e+02 -8.598683e+01
   endloop
 endfacet
 facet normal  0.000000e+00  9.063078e-01  4.226183e-01
   outer loop
     vertex -1.830000e+02  4.920004e+02 -8.598683e+01
     vertex -1.830000e+02  4.935466e+02 -8.930256e+01
     vertex -1.840000e+02  4.935466e+02 -8.930256e+01
   endloop
 endfacet
 facet normal  0.000000e+00  7.986355e-01  6.018150e-01
   outer loop
     vertex -1.830000e+02  4.897987e+02 -8.306503e+01
     vertex -1.840000e+02  4.920004e+02 -8.598683e+01
     vertex -1.840000e+02  4.897987e+02 -8.306503e+01
   endloop
 endfacet
 facet normal  0.000000e+00  7.986355e-01  6.018150e-01
   outer loop
     vertex -1.830000e+02  4.897987e+02 -8.306503e+01
     vertex -1.830000e+02  4.920004e+02 -8.598683e+01
     vertex -1.840000e+02  4.920004e+02 -8.598683e+01
   endloop
 endfacet
 facet normal  0.000000e+00  4.848096e-01  8.746197e-01
   outer loop
     vertex -1.830000e+02  4.870376e+02 -8.066484e+01
     vertex -1.840000e+02  4.870376e+02 -8.066484e+01
     vertex -1.840000e+02  4.838378e+02 -7.889117e+01
   endloop
 endfacet
 facet normal  0.000000e+00  6.560590e-01  7.547096e-01
   outer loop
     vertex -1.830000e+02  4.870376e+02 -8.066484e+01
     vertex -1.840000e+02  4.897987e+02 -8.306503e+01
     vertex -1.840000e+02  4.870376e+02 -8.066484e+01
   endloop
 endfacet
 facet normal  0.000000e+00  6.560590e-01  7.547096e-01
   outer loop
     vertex -1.830000e+02  4.870376e+02 -8.066484e+01
     vertex -1.830000e+02  4.897987e+02 -8.306503e+01
     vertex -1.840000e+02  4.897987e+02 -8.306503e+01
   endloop
 endfacet
 facet normal  0.000000e+00  4.848096e-01  8.746197e-01
   outer loop
     vertex -1.830000e+02  4.838378e+02 -7.889117e+01
     vertex -1.830000e+02  4.870376e+02 -8.066484e+01
     vertex -1.840000e+02  4.838378e+02 -7.889117e+01
   endloop
 endfacet
 facet normal  0.000000e+00  2.923717e-01  9.563048e-01
   outer loop
     vertex -1.830000e+02  4.803392e+02 -7.782152e+01
     vertex -1.840000e+02  4.838378e+02 -7.889117e+01
     vertex -1.840000e+02  4.803392e+02 -7.782152e+01
   endloop
 endfacet
 facet normal  0.000000e+00  2.923717e-01  9.563048e-01
   outer loop
     vertex -1.830000e+02  4.803392e+02 -7.782152e+01
     vertex -1.830000e+02  4.838378e+02 -7.889117e+01
     vertex -1.840000e+02  4.838378e+02 -7.889117e+01
   endloop
 endfacet
 facet normal  0.000000e+00  8.715574e-02  9.961947e-01
   outer loop
     vertex -1.830000e+02  4.766946e+02 -7.750267e+01
     vertex -1.840000e+02  4.803392e+02 -7.782152e+01
     vertex -1.840000e+02  4.766946e+02 -7.750267e+01
   endloop
 endfacet
 facet normal  0.000000e+00  8.715574e-02  9.961947e-01
   outer loop
     vertex -1.830000e+02  4.766946e+02 -7.750267e+01
     vertex -1.830000e+02  4.803392e+02 -7.782152e+01
     vertex -1.840000e+02  4.803392e+02 -7.782152e+01
   endloop
 endfacet
 facet normal  0.000000e+00 -1.218693e-01  9.925462e-01
   outer loop
     vertex -1.830000e+02  4.730634e+02 -7.794852e+01
     vertex -1.840000e+02  4.766946e+02 -7.750267e+01
     vertex -1.840000e+02  4.730634e+02 -7.794852e+01
   endloop
 endfacet
 facet normal  0.000000e+00 -1.218693e-01  9.925462e-01
   outer loop
     vertex -1.830000e+02  4.730634e+02 -7.794852e+01
     vertex -1.830000e+02  4.766946e+02 -7.750267e+01
     vertex -1.840000e+02  4.766946e+02 -7.750267e+01
   endloop
 endfacet
 facet normal  0.000000e+00 -3.255682e-01  9.455186e-01
   outer loop
     vertex -1.830000e+02  4.696042e+02 -7.913961e+01
     vertex -1.840000e+02  4.730634e+02 -7.794852e+01
     vertex -1.840000e+02  4.696042e+02 -7.913961e+01
   endloop
 endfacet
 facet normal  0.000000e+00 -3.255682e-01  9.455186e-01
   outer loop
     vertex -1.830000e+02  4.696042e+02 -7.913961e+01
     vertex -1.830000e+02  4.730634e+02 -7.794852e+01
     vertex -1.840000e+02  4.730634e+02 -7.794852e+01
   endloop
 endfacet
 facet normal  0.000000e+00 -5.150381e-01  8.571673e-01
   outer loop
     vertex -1.830000e+02  4.664682e+02 -8.102388e+01
     vertex -1.840000e+02  4.696042e+02 -7.913961e+01
     vertex -1.840000e+02  4.664682e+02 -8.102388e+01
   endloop
 endfacet
 facet normal  0.000000e+00 -5.150381e-01  8.571673e-01
   outer loop
     vertex -1.830000e+02  4.664682e+02 -8.102388e+01
     vertex -1.830000e+02  4.696042e+02 -7.913961e+01
     vertex -1.840000e+02  4.696042e+02 -7.913961e+01
   endloop
 endfacet
 facet normal  0.000000e+00 -6.819984e-01  7.313537e-01
   outer loop
     vertex -1.830000e+02  4.637926e+02 -8.351897e+01
     vertex -1.840000e+02  4.664682e+02 -8.102388e+01
     vertex -1.840000e+02  4.637926e+02 -8.351897e+01
   endloop
 endfacet
 facet normal  0.000000e+00 -6.819984e-01  7.313537e-01
   outer loop
     vertex -1.830000e+02  4.637926e+02 -8.351897e+01
     vertex -1.830000e+02  4.664682e+02 -8.102388e+01
     vertex -1.840000e+02  4.664682e+02 -8.102388e+01
   endloop
 endfacet
 facet normal  0.000000e+00 -8.191520e-01  5.735764e-01
   outer loop
     vertex -1.830000e+02  4.616942e+02 -8.651583e+01
     vertex -1.840000e+02  4.637926e+02 -8.351897e+01
     vertex -1.840000e+02  4.616942e+02 -8.651583e+01
   endloop
 endfacet
 facet normal  0.000000e+00 -8.191520e-01  5.735764e-01
   outer loop
     vertex -1.830000e+02  4.616942e+02 -8.651583e+01
     vertex -1.830000e+02  4.637926e+02 -8.351897e+01
     vertex -1.840000e+02  4.637926e+02 -8.351897e+01
   endloop
 endfacet
 facet normal  0.000000e+00 -9.816272e-01  1.908090e-01
   outer loop
     vertex -1.830000e+02  4.602647e+02 -8.988350e+01
     vertex -1.840000e+02  4.602647e+02 -8.988350e+01
     vertex -1.840000e+02  4.595666e+02 -9.347477e+01
   endloop
 endfacet
 facet normal  0.000000e+00 -9.205049e-01  3.907311e-01
   outer loop
     vertex -1.830000e+02  4.602647e+02 -8.988350e+01
     vertex -1.840000e+02  4.616942e+02 -8.651583e+01
     vertex -1.840000e+02  4.602647e+02 -8.988350e+01
   endloop
 endfacet
 facet normal  0.000000e+00 -9.205049e-01  3.907311e-01
   outer loop
     vertex -1.830000e+02  4.602647e+02 -8.988350e+01
     vertex -1.830000e+02  4.616942e+02 -8.651583e+01
     vertex -1.840000e+02  4.616942e+02 -8.651583e+01
   endloop
 endfacet
 facet normal  0.000000e+00 -9.816272e-01  1.908090e-01
   outer loop
     vertex -1.830000e+02  4.595666e+02 -9.347477e+01
     vertex -1.830000e+02  4.602647e+02 -8.988350e+01
     vertex -1.840000e+02  4.595666e+02 -9.347477e+01
   endloop
 endfacet
 facet normal -1.420313e-14  9.994368e-01  3.355772e-02
   outer loop
     vertex -1.307500e+02  4.944762e+02 -9.189291e+01
     vertex -1.347500e+02  4.944661e+02 -9.159174e+01
     vertex -1.307500e+02  4.944661e+02 -9.159174e+01
   endloop
 endfacet
 facet normal  0.000000e+00  9.994368e-01  3.355772e-02
   outer loop
     vertex -1.307500e+02  4.944762e+02 -9.189291e+01
     vertex -1.347500e+02  4.944762e+02 -9.189291e+01
     vertex -1.347500e+02  4.944661e+02 -9.159174e+01
   endloop
 endfacet
 facet normal  0.000000e+00  9.623641e-01  2.717635e-01
   outer loop
     vertex -1.307500e+02  4.945581e+02 -9.218291e+01
     vertex -1.347500e+02  4.945581e+02 -9.218291e+01
     vertex -1.347500e+02  4.944762e+02 -9.189291e+01
   endloop
 endfacet
 facet normal  0.000000e+00  9.623641e-01  2.717635e-01
   outer loop
     vertex -1.307500e+02  4.945581e+02 -9.218291e+01
     vertex -1.347500e+02  4.944762e+02 -9.189291e+01
     vertex -1.307500e+02  4.944762e+02 -9.189291e+01
   endloop
 endfacet
 facet normal -1.235438e-14  8.693623e-01  4.941753e-01
   outer loop
     vertex -1.307500e+02  4.947070e+02 -9.244489e+01
     vertex -1.347500e+02  4.947070e+02 -9.244489e+01
     vertex -1.347500e+02  4.945581e+02 -9.218291e+01
   endloop
 endfacet
 facet normal  0.000000e+00  8.693623e-01  4.941753e-01
   outer loop
     vertex -1.307500e+02  4.947070e+02 -9.244489e+01
     vertex -1.347500e+02  4.945581e+02 -9.218291e+01
     vertex -1.307500e+02  4.945581e+02 -9.218291e+01
   endloop
 endfacet
 facet normal -1.031475e-14  7.258363e-01  6.878675e-01
   outer loop
     vertex -1.307500e+02  4.949143e+02 -9.266361e+01
     vertex -1.347500e+02  4.949143e+02 -9.266361e+01
     vertex -1.347500e+02  4.947070e+02 -9.244489e+01
   endloop
 endfacet
 facet normal -1.031595e-14  7.258363e-01  6.878675e-01
   outer loop
     vertex -1.307500e+02  4.949143e+02 -9.266361e+01
     vertex -1.347500e+02  4.947070e+02 -9.244489e+01
     vertex -1.307500e+02  4.947070e+02 -9.244489e+01
   endloop
 endfacet
 facet normal -4.685767e-15  5.401273e-01  8.415833e-01
   outer loop
     vertex -1.307500e+02  4.951679e+02 -9.282638e+01
     vertex -1.347500e+02  4.951679e+02 -9.282638e+01
     vertex -1.347500e+02  4.949143e+02 -9.266361e+01
   endloop
 endfacet
 facet normal -7.679392e-15  5.401273e-01  8.415833e-01
   outer loop
     vertex -1.307500e+02  4.951679e+02 -9.282638e+01
     vertex -1.347500e+02  4.949143e+02 -9.266361e+01
     vertex -1.307500e+02  4.949143e+02 -9.266361e+01
   endloop
 endfacet
 facet normal  0.000000e+00  3.230282e-01  9.463894e-01
   outer loop
     vertex -1.307500e+02  4.954531e+02 -9.292372e+01
     vertex -1.347500e+02  4.954531e+02 -9.292372e+01
     vertex -1.347500e+02  4.951679e+02 -9.282638e+01
   endloop
 endfacet
 facet normal -1.229048e-15  3.230282e-01  9.463894e-01
   outer loop
     vertex -1.307500e+02  4.954531e+02 -9.292372e+01
     vertex -1.347500e+02  4.951679e+02 -9.282638e+01
     vertex -1.307500e+02  4.951679e+02 -9.282638e+01
   endloop
 endfacet
 facet normal  3.539195e-15  8.715574e-02  9.961947e-01
   outer loop
     vertex -1.307500e+02  4.957533e+02 -9.294998e+01
     vertex -1.347500e+02  4.957533e+02 -9.294998e+01
     vertex -1.347500e+02  4.954531e+02 -9.292372e+01
   endloop
 endfacet
 facet normal  0.000000e+00  8.715574e-02  9.961947e-01
   outer loop
     vertex -1.307500e+02  4.957533e+02 -9.294998e+01
     vertex -1.347500e+02  4.954531e+02 -9.292372e+01
     vertex -1.307500e+02  4.954531e+02 -9.292372e+01
   endloop
 endfacet
 facet normal  5.695825e-15 -1.537818e-01  9.881048e-01
   outer loop
     vertex -1.307500e+02  4.960511e+02 -9.290364e+01
     vertex -1.347500e+02  4.960511e+02 -9.290364e+01
     vertex -1.347500e+02  4.957533e+02 -9.294998e+01
   endloop
 endfacet
 facet normal  3.510127e-15 -1.537818e-01  9.881048e-01
   outer loop
     vertex -1.307500e+02  4.960511e+02 -9.290364e+01
     vertex -1.347500e+02  4.957533e+02 -9.294998e+01
     vertex -1.307500e+02  4.957533e+02 -9.294998e+01
   endloop
 endfacet
 facet normal  0.000000e+00 -3.857822e-01  9.225899e-01
   outer loop
     vertex -1.307500e+02  4.963291e+02 -9.278739e+01
     vertex -1.347500e+02  4.963291e+02 -9.278739e+01
     vertex -1.347500e+02  4.960511e+02 -9.290364e+01
   endloop
 endfacet
 facet normal  8.755889e-15 -3.857822e-01  9.225899e-01
   outer loop
     vertex -1.307500e+02  4.963291e+02 -9.278739e+01
     vertex -1.347500e+02  4.960511e+02 -9.290364e+01
     vertex -1.307500e+02  4.960511e+02 -9.290364e+01
   endloop
 endfacet
 facet normal  8.460607e-15 -5.953623e-01  8.034574e-01
   outer loop
     vertex -1.307500e+02  4.965712e+02 -9.260798e+01
     vertex -1.347500e+02  4.965712e+02 -9.260798e+01
     vertex -1.347500e+02  4.963291e+02 -9.278739e+01
   endloop
 endfacet
 facet normal  0.000000e+00 -5.953623e-01  8.034574e-01
   outer loop
     vertex -1.307500e+02  4.965712e+02 -9.260798e+01
     vertex -1.347500e+02  4.963291e+02 -9.278739e+01
     vertex -1.307500e+02  4.963291e+02 -9.278739e+01
   endloop
 endfacet
 facet normal  0.000000e+00 -7.703421e-01  6.376309e-01
   outer loop
     vertex -1.307500e+02  4.967633e+02 -9.237584e+01
     vertex -1.347500e+02  4.967633e+02 -9.237584e+01
     vertex -1.347500e+02  4.965712e+02 -9.260798e+01
   endloop
 endfacet
 facet normal  1.094918e-14 -7.703421e-01  6.376309e-01
   outer loop
     vertex -1.307500e+02  4.967633e+02 -9.237584e+01
     vertex -1.347500e+02  4.965712e+02 -9.260798e+01
     vertex -1.307500e+02  4.965712e+02 -9.260798e+01
   endloop
 endfacet
 facet normal  1.544534e-15 -9.005524e-01  4.347475e-01
   outer loop
     vertex -1.307500e+02  4.968943e+02 -9.210447e+01
     vertex -1.347500e+02  4.968943e+02 -9.210447e+01
     vertex -1.347500e+02  4.967633e+02 -9.237584e+01
   endloop
 endfacet
 facet normal  0.000000e+00 -9.005524e-01  4.347475e-01
   outer loop
     vertex -1.307500e+02  4.968943e+02 -9.210447e+01
     vertex -1.347500e+02  4.967633e+02 -9.237584e+01
     vertex -1.307500e+02  4.967633e+02 -9.237584e+01
   endloop
 endfacet
 facet normal  7.339845e-16 -9.784259e-01  2.065983e-01
   outer loop
     vertex -1.307500e+02  4.969566e+02 -9.180963e+01
     vertex -1.347500e+02  4.969566e+02 -9.180963e+01
     vertex -1.347500e+02  4.968943e+02 -9.210447e+01
   endloop
 endfacet
 facet normal  7.339749e-16 -9.784259e-01  2.065983e-01
   outer loop
     vertex -1.307500e+02  4.969566e+02 -9.180963e+01
     vertex -1.347500e+02  4.968943e+02 -9.210447e+01
     vertex -1.307500e+02  4.968943e+02 -9.210447e+01
   endloop
 endfacet
 facet normal -1.420277e-14  9.994368e-01  3.355772e-02
   outer loop
     vertex -1.307500e+02  4.790642e+02 -1.139036e+02
     vertex -1.347500e+02  4.790541e+02 -1.136024e+02
     vertex -1.307500e+02  4.790541e+02 -1.136024e+02
   endloop
 endfacet
 facet normal -1.420285e-14  9.994368e-01  3.355772e-02
   outer loop
     vertex -1.307500e+02  4.790642e+02 -1.139036e+02
     vertex -1.347500e+02  4.790642e+02 -1.139036e+02
     vertex -1.347500e+02  4.790541e+02 -1.136024e+02
   endloop
 endfacet
 facet normal  9.654978e-16  9.623641e-01  2.717635e-01
   outer loop
     vertex -1.307500e+02  4.791461e+02 -1.141936e+02
     vertex -1.347500e+02  4.791461e+02 -1.141936e+02
     vertex -1.347500e+02  4.790642e+02 -1.139036e+02
   endloop
 endfacet
 facet normal -1.367784e-14  9.623641e-01  2.717635e-01
   outer loop
     vertex -1.307500e+02  4.791461e+02 -1.141936e+02
     vertex -1.347500e+02  4.790642e+02 -1.139036e+02
     vertex -1.307500e+02  4.790642e+02 -1.139036e+02
   endloop
 endfacet
 facet normal -2.470876e-14  8.693623e-01  4.941753e-01
   outer loop
     vertex -1.307500e+02  4.792950e+02 -1.144556e+02
     vertex -1.347500e+02  4.792950e+02 -1.144556e+02
     vertex -1.347500e+02  4.791461e+02 -1.141936e+02
   endloop
 endfacet
 facet normal  1.755783e-15  8.693623e-01  4.941753e-01
   outer loop
     vertex -1.307500e+02  4.792950e+02 -1.144556e+02
     vertex -1.347500e+02  4.791461e+02 -1.141936e+02
     vertex -1.307500e+02  4.791461e+02 -1.141936e+02
   endloop
 endfacet
 facet normal  0.000000e+00  7.258363e-01  6.878675e-01
   outer loop
     vertex -1.307500e+02  4.795023e+02 -1.146743e+02
     vertex -1.347500e+02  4.795023e+02 -1.146743e+02
     vertex -1.347500e+02  4.792950e+02 -1.144556e+02
   endloop
 endfacet
 facet normal -2.062613e-14  7.258363e-01  6.878675e-01
   outer loop
     vertex -1.307500e+02  4.795023e+02 -1.146743e+02
     vertex -1.347500e+02  4.792950e+02 -1.144556e+02
     vertex -1.307500e+02  4.792950e+02 -1.144556e+02
   endloop
 endfacet
 facet normal -4.685767e-15  5.401273e-01  8.415833e-01
   outer loop
     vertex -1.307500e+02  4.797559e+02 -1.148370e+02
     vertex -1.347500e+02  4.797559e+02 -1.148370e+02
     vertex -1.347500e+02  4.795023e+02 -1.146743e+02
   endloop
 endfacet
 facet normal  0.000000e+00  5.401273e-01  8.415833e-01
   outer loop
     vertex -1.307500e+02  4.797559e+02 -1.148370e+02
     vertex -1.347500e+02  4.795023e+02 -1.146743e+02
     vertex -1.307500e+02  4.795023e+02 -1.146743e+02
   endloop
 endfacet
 facet normal  3.362250e-15  3.230282e-01  9.463894e-01
   outer loop
     vertex -1.307500e+02  4.800411e+02 -1.149344e+02
     vertex -1.347500e+02  4.800411e+02 -1.149344e+02
     vertex -1.347500e+02  4.797559e+02 -1.148370e+02
   endloop
 endfacet
 facet normal -1.229048e-15  3.230282e-01  9.463894e-01
   outer loop
     vertex -1.307500e+02  4.800411e+02 -1.149344e+02
     vertex -1.347500e+02  4.797559e+02 -1.148370e+02
     vertex -1.307500e+02  4.797559e+02 -1.148370e+02
   endloop
 endfacet
 facet normal  0.000000e+00  8.715574e-02  9.961947e-01
   outer loop
     vertex -1.307500e+02  4.803413e+02 -1.149606e+02
     vertex -1.347500e+02  4.803413e+02 -1.149606e+02
     vertex -1.347500e+02  4.800411e+02 -1.149344e+02
   endloop
 endfacet
 facet normal  3.538910e-15  8.715574e-02  9.961947e-01
   outer loop
     vertex -1.307500e+02  4.803413e+02 -1.149606e+02
     vertex -1.347500e+02  4.800411e+02 -1.149344e+02
     vertex -1.307500e+02  4.800411e+02 -1.149344e+02
   endloop
 endfacet
 facet normal  0.000000e+00 -1.537818e-01  9.881048e-01
   outer loop
     vertex -1.307500e+02  4.806390e+02 -1.149143e+02
     vertex -1.347500e+02  4.806390e+02 -1.149143e+02
     vertex -1.347500e+02  4.803413e+02 -1.149606e+02
   endloop
 endfacet
 facet normal  0.000000e+00 -1.537818e-01  9.881048e-01
   outer loop
     vertex -1.307500e+02  4.806390e+02 -1.149143e+02
     vertex -1.347500e+02  4.803413e+02 -1.149606e+02
     vertex -1.307500e+02  4.803413e+02 -1.149606e+02
   endloop
 endfacet
 facet normal  3.277698e-15 -3.857822e-01  9.225899e-01
   outer loop
     vertex -1.307500e+02  4.809170e+02 -1.147981e+02
     vertex -1.347500e+02  4.809170e+02 -1.147981e+02
     vertex -1.347500e+02  4.806390e+02 -1.149143e+02
   endloop
 endfacet
 facet normal  0.000000e+00 -3.857822e-01  9.225899e-01
   outer loop
     vertex -1.307500e+02  4.809170e+02 -1.147981e+02
     vertex -1.347500e+02  4.806390e+02 -1.149143e+02
     vertex -1.307500e+02  4.806390e+02 -1.149143e+02
   endloop
 endfacet
 facet normal  8.460607e-15 -5.953623e-01  8.034574e-01
   outer loop
     vertex -1.307500e+02  4.811591e+02 -1.146186e+02
     vertex -1.347500e+02  4.811591e+02 -1.146186e+02
     vertex -1.347500e+02  4.809170e+02 -1.147981e+02
   endloop
 endfacet
 facet normal  2.855306e-15 -5.953623e-01  8.034574e-01
   outer loop
     vertex -1.307500e+02  4.811591e+02 -1.146186e+02
     vertex -1.347500e+02  4.809170e+02 -1.147981e+02
     vertex -1.307500e+02  4.809170e+02 -1.147981e+02
   endloop
 endfacet
 facet normal  2.265320e-15 -7.703421e-01  6.376309e-01
   outer loop
     vertex -1.307500e+02  4.813513e+02 -1.143865e+02
     vertex -1.347500e+02  4.813513e+02 -1.143865e+02
     vertex -1.347500e+02  4.811591e+02 -1.146186e+02
   endloop
 endfacet
 facet normal  1.094918e-14 -7.703421e-01  6.376309e-01
   outer loop
     vertex -1.307500e+02  4.813513e+02 -1.143865e+02
     vertex -1.347500e+02  4.811591e+02 -1.146186e+02
     vertex -1.307500e+02  4.811591e+02 -1.146186e+02
   endloop
 endfacet
 facet normal  0.000000e+00 -9.005524e-01  4.347475e-01
   outer loop
     vertex -1.307500e+02  4.814823e+02 -1.141151e+02
     vertex -1.347500e+02  4.814823e+02 -1.141151e+02
     vertex -1.347500e+02  4.813513e+02 -1.143865e+02
   endloop
 endfacet
 facet normal  1.548543e-15 -9.005524e-01  4.347475e-01
   outer loop
     vertex -1.307500e+02  4.814823e+02 -1.141151e+02
     vertex -1.347500e+02  4.813513e+02 -1.143865e+02
     vertex -1.307500e+02  4.813513e+02 -1.143865e+02
   endloop
 endfacet
 facet normal  7.339845e-16 -9.784259e-01  2.065983e-01
   outer loop
     vertex -1.307500e+02  4.815446e+02 -1.138203e+02
     vertex -1.347500e+02  4.815446e+02 -1.138203e+02
     vertex -1.347500e+02  4.814823e+02 -1.141151e+02
   endloop
 endfacet
 facet normal  0.000000e+00 -9.784259e-01  2.065983e-01
   outer loop
     vertex -1.307500e+02  4.815446e+02 -1.138203e+02
     vertex -1.347500e+02  4.814823e+02 -1.141151e+02
     vertex -1.307500e+02  4.814823e+02 -1.141151e+02
   endloop
 endfacet
 facet normal -1.408332e-14  9.994368e-01  3.355772e-02
   outer loop
     vertex -1.307500e+02  4.570535e+02 -9.849154e+01
     vertex -1.347500e+02  4.570434e+02 -9.819037e+01
     vertex -1.307500e+02  4.570434e+02 -9.819037e+01
   endloop
 endfacet
 facet normal -1.408363e-14  9.994368e-01  3.355772e-02
   outer loop
     vertex -1.307500e+02  4.570535e+02 -9.849154e+01
     vertex -1.347500e+02  4.570535e+02 -9.849154e+01
     vertex -1.347500e+02  4.570434e+02 -9.819037e+01
   endloop
 endfacet
 facet normal  0.000000e+00  9.623641e-01  2.717635e-01
   outer loop
     vertex -1.307500e+02  4.571354e+02 -9.878154e+01
     vertex -1.347500e+02  4.571354e+02 -9.878154e+01
     vertex -1.347500e+02  4.570535e+02 -9.849154e+01
   endloop
 endfacet
 facet normal -1.271072e-14  9.623641e-01  2.717635e-01
   outer loop
     vertex -1.307500e+02  4.571354e+02 -9.878154e+01
     vertex -1.347500e+02  4.570535e+02 -9.849154e+01
     vertex -1.307500e+02  4.570535e+02 -9.849154e+01
   endloop
 endfacet
 facet normal -1.059872e-14  8.693623e-01  4.941753e-01
   outer loop
     vertex -1.307500e+02  4.572843e+02 -9.904352e+01
     vertex -1.347500e+02  4.572843e+02 -9.904352e+01
     vertex -1.347500e+02  4.571354e+02 -9.878154e+01
   endloop
 endfacet
 facet normal  0.000000e+00  8.693623e-01  4.941753e-01
   outer loop
     vertex -1.307500e+02  4.572843e+02 -9.904352e+01
     vertex -1.347500e+02  4.571354e+02 -9.878154e+01
     vertex -1.307500e+02  4.571354e+02 -9.878154e+01
   endloop
 endfacet
 facet normal  0.000000e+00  7.258363e-01  6.878675e-01
   outer loop
     vertex -1.307500e+02  4.574916e+02 -9.926224e+01
     vertex -1.347500e+02  4.574916e+02 -9.926224e+01
     vertex -1.347500e+02  4.572843e+02 -9.904352e+01
   endloop
 endfacet
 facet normal -7.869362e-15  7.258363e-01  6.878675e-01
   outer loop
     vertex -1.307500e+02  4.574916e+02 -9.926224e+01
     vertex -1.347500e+02  4.572843e+02 -9.904352e+01
     vertex -1.307500e+02  4.572843e+02 -9.904352e+01
   endloop
 endfacet
 facet normal -4.685767e-15  5.401273e-01  8.415833e-01
   outer loop
     vertex -1.307500e+02  4.577452e+02 -9.942501e+01
     vertex -1.347500e+02  4.577452e+02 -9.942501e+01
     vertex -1.347500e+02  4.574916e+02 -9.926224e+01
   endloop
 endfacet
 facet normal  0.000000e+00  5.401273e-01  8.415833e-01
   outer loop
     vertex -1.307500e+02  4.577452e+02 -9.942501e+01
     vertex -1.347500e+02  4.574916e+02 -9.926224e+01
     vertex -1.307500e+02  4.574916e+02 -9.926224e+01
   endloop
 endfacet
 facet normal  0.000000e+00  3.230282e-01  9.463894e-01
   outer loop
     vertex -1.307500e+02  4.580304e+02 -9.952235e+01
     vertex -1.347500e+02  4.580304e+02 -9.952235e+01
     vertex -1.347500e+02  4.577452e+02 -9.942501e+01
   endloop
 endfacet
 facet normal -1.229048e-15  3.230282e-01  9.463894e-01
   outer loop
     vertex -1.307500e+02  4.580304e+02 -9.952235e+01
     vertex -1.347500e+02  4.577452e+02 -9.942501e+01
     vertex -1.307500e+02  4.577452e+02 -9.942501e+01
   endloop
 endfacet
 facet normal  3.539195e-15  8.715574e-02  9.961947e-01
   outer loop
     vertex -1.307500e+02  4.583306e+02 -9.954861e+01
     vertex -1.347500e+02  4.583306e+02 -9.954861e+01
     vertex -1.347500e+02  4.580304e+02 -9.952235e+01
   endloop
 endfacet
 facet normal  0.000000e+00  8.715574e-02  9.961947e-01
   outer loop
     vertex -1.307500e+02  4.583306e+02 -9.954861e+01
     vertex -1.347500e+02  4.580304e+02 -9.952235e+01
     vertex -1.307500e+02  4.580304e+02 -9.952235e+01
   endloop
 endfacet
 facet normal  2.185371e-15 -1.537818e-01  9.881048e-01
   outer loop
     vertex -1.307500e+02  4.586284e+02 -9.950227e+01
     vertex -1.347500e+02  4.586284e+02 -9.950227e+01
     vertex -1.347500e+02  4.583306e+02 -9.954861e+01
   endloop
 endfacet
 facet normal  3.511566e-15 -1.537818e-01  9.881048e-01
   outer loop
     vertex -1.307500e+02  4.586284e+02 -9.950227e+01
     vertex -1.347500e+02  4.583306e+02 -9.954861e+01
     vertex -1.307500e+02  4.583306e+02 -9.954861e+01
   endloop
 endfacet
 facet normal  0.000000e+00 -3.857822e-01  9.225899e-01
   outer loop
     vertex -1.307500e+02  4.589064e+02 -9.938602e+01
     vertex -1.347500e+02  4.589064e+02 -9.938602e+01
     vertex -1.347500e+02  4.586284e+02 -9.950227e+01
   endloop
 endfacet
 facet normal  5.480346e-15 -3.857822e-01  9.225899e-01
   outer loop
     vertex -1.307500e+02  4.589064e+02 -9.938602e+01
     vertex -1.347500e+02  4.586284e+02 -9.950227e+01
     vertex -1.307500e+02  4.586284e+02 -9.950227e+01
   endloop
 endfacet
 facet normal  0.000000e+00 -5.953623e-01  8.034574e-01
   outer loop
     vertex -1.307500e+02  4.591485e+02 -9.920661e+01
     vertex -1.347500e+02  4.591485e+02 -9.920661e+01
     vertex -1.347500e+02  4.589064e+02 -9.938602e+01
   endloop
 endfacet
 facet normal  0.000000e+00 -5.953623e-01  8.034574e-01
   outer loop
     vertex -1.307500e+02  4.591485e+02 -9.920661e+01
     vertex -1.347500e+02  4.589064e+02 -9.938602e+01
     vertex -1.307500e+02  4.589064e+02 -9.938602e+01
   endloop
 endfacet
 facet normal  2.265320e-15 -7.703421e-01  6.376309e-01
   outer loop
     vertex -1.307500e+02  4.593406e+02 -9.897447e+01
     vertex -1.347500e+02  4.593406e+02 -9.897447e+01
     vertex -1.347500e+02  4.591485e+02 -9.920661e+01
   endloop
 endfacet
 facet normal  0.000000e+00 -7.703421e-01  6.376309e-01
   outer loop
     vertex -1.307500e+02  4.593406e+02 -9.897447e+01
     vertex -1.347500e+02  4.591485e+02 -9.920661e+01
     vertex -1.307500e+02  4.591485e+02 -9.920661e+01
   endloop
 endfacet
 facet normal  1.544534e-15 -9.005524e-01  4.347475e-01
   outer loop
     vertex -1.307500e+02  4.594716e+02 -9.870310e+01
     vertex -1.347500e+02  4.594716e+02 -9.870310e+01
     vertex -1.347500e+02  4.593406e+02 -9.897447e+01
   endloop
 endfacet
 facet normal  1.548543e-15 -9.005524e-01  4.347475e-01
   outer loop
     vertex -1.307500e+02  4.594716e+02 -9.870310e+01
     vertex -1.347500e+02  4.593406e+02 -9.897447e+01
     vertex -1.307500e+02  4.593406e+02 -9.897447e+01
   endloop
 endfacet
 facet normal  1.390427e-14 -9.784259e-01  2.065983e-01
   outer loop
     vertex -1.307500e+02  4.595339e+02 -9.840826e+01
     vertex -1.347500e+02  4.595339e+02 -9.840826e+01
     vertex -1.347500e+02  4.594716e+02 -9.870310e+01
   endloop
 endfacet
 facet normal  7.339749e-16 -9.784259e-01  2.065983e-01
   outer loop
     vertex -1.307500e+02  4.595339e+02 -9.840826e+01
     vertex -1.347500e+02  4.594716e+02 -9.870310e+01
     vertex -1.307500e+02  4.594716e+02 -9.870310e+01
   endloop
 endfacet
 facet normal -1.396459e-14  9.994368e-01  3.355772e-02
   outer loop
     vertex -1.307500e+02  4.724656e+02 -7.648088e+01
     vertex -1.347500e+02  4.724554e+02 -7.617971e+01
     vertex -1.307500e+02  4.724554e+02 -7.617971e+01
   endloop
 endfacet
 facet normal -1.408363e-14  9.994368e-01  3.355772e-02
   outer loop
     vertex -1.307500e+02  4.724656e+02 -7.648088e+01
     vertex -1.347500e+02  4.724656e+02 -7.648088e+01
     vertex -1.347500e+02  4.724554e+02 -7.617971e+01
   endloop
 endfacet
 facet normal  0.000000e+00  9.623641e-01  2.717635e-01
   outer loop
     vertex -1.307500e+02  4.725474e+02 -7.677088e+01
     vertex -1.347500e+02  4.725474e+02 -7.677088e+01
     vertex -1.347500e+02  4.724656e+02 -7.648088e+01
   endloop
 endfacet
 facet normal -1.271072e-14  9.623641e-01  2.717635e-01
   outer loop
     vertex -1.307500e+02  4.725474e+02 -7.677088e+01
     vertex -1.347500e+02  4.724656e+02 -7.648088e+01
     vertex -1.307500e+02  4.724656e+02 -7.648088e+01
   endloop
 endfacet
 facet normal  0.000000e+00  8.693623e-01  4.941753e-01
   outer loop
     vertex -1.307500e+02  4.726964e+02 -7.703286e+01
     vertex -1.347500e+02  4.726964e+02 -7.703286e+01
     vertex -1.347500e+02  4.725474e+02 -7.677088e+01
   endloop
 endfacet
 facet normal  0.000000e+00  8.693623e-01  4.941753e-01
   outer loop
     vertex -1.307500e+02  4.726964e+02 -7.703286e+01
     vertex -1.347500e+02  4.725474e+02 -7.677088e+01
     vertex -1.307500e+02  4.725474e+02 -7.677088e+01
   endloop
 endfacet
 facet normal  0.000000e+00  7.258363e-01  6.878675e-01
   outer loop
     vertex -1.307500e+02  4.729036e+02 -7.725158e+01
     vertex -1.347500e+02  4.729036e+02 -7.725158e+01
     vertex -1.347500e+02  4.726964e+02 -7.703286e+01
   endloop
 endfacet
 facet normal  0.000000e+00  7.258363e-01  6.878675e-01
   outer loop
     vertex -1.307500e+02  4.729036e+02 -7.725158e+01
     vertex -1.347500e+02  4.726964e+02 -7.703286e+01
     vertex -1.307500e+02  4.726964e+02 -7.703286e+01
   endloop
 endfacet
 facet normal -1.535134e-14  5.401273e-01  8.415833e-01
   outer loop
     vertex -1.307500e+02  4.731573e+02 -7.741434e+01
     vertex -1.347500e+02  4.731573e+02 -7.741434e+01
     vertex -1.347500e+02  4.729036e+02 -7.725158e+01
   endloop
 endfacet
 facet normal  0.000000e+00  5.401273e-01  8.415833e-01
   outer loop
     vertex -1.307500e+02  4.731573e+02 -7.741434e+01
     vertex -1.347500e+02  4.729036e+02 -7.725158e+01
     vertex -1.307500e+02  4.729036e+02 -7.725158e+01
   endloop
 endfacet
 facet normal -4.590506e-15  3.230282e-01  9.463894e-01
   outer loop
     vertex -1.307500e+02  4.734424e+02 -7.751169e+01
     vertex -1.347500e+02  4.734424e+02 -7.751169e+01
     vertex -1.347500e+02  4.731573e+02 -7.741434e+01
   endloop
 endfacet
 facet normal -9.181882e-15  3.230282e-01  9.463894e-01
   outer loop
     vertex -1.307500e+02  4.734424e+02 -7.751169e+01
     vertex -1.347500e+02  4.731573e+02 -7.741434e+01
     vertex -1.307500e+02  4.731573e+02 -7.741434e+01
   endloop
 endfacet
 facet normal  3.539195e-15  8.715574e-02  9.961947e-01
   outer loop
     vertex -1.307500e+02  4.737426e+02 -7.753795e+01
     vertex -1.347500e+02  4.737426e+02 -7.753795e+01
     vertex -1.347500e+02  4.734424e+02 -7.751169e+01
   endloop
 endfacet
 facet normal -1.237683e-15  8.715574e-02  9.961947e-01
   outer loop
     vertex -1.307500e+02  4.737426e+02 -7.753795e+01
     vertex -1.347500e+02  4.734424e+02 -7.751169e+01
     vertex -1.307500e+02  4.734424e+02 -7.751169e+01
   endloop
 endfacet
 facet normal  0.000000e+00 -1.537818e-01  9.881048e-01
   outer loop
     vertex -1.307500e+02  4.740404e+02 -7.749161e+01
     vertex -1.347500e+02  4.740404e+02 -7.749161e+01
     vertex -1.347500e+02  4.737426e+02 -7.753795e+01
   endloop
 endfacet
 facet normal  3.510127e-15 -1.537818e-01  9.881048e-01
   outer loop
     vertex -1.307500e+02  4.740404e+02 -7.749161e+01
     vertex -1.347500e+02  4.737426e+02 -7.753795e+01
     vertex -1.307500e+02  4.737426e+02 -7.753795e+01
   endloop
 endfacet
 facet normal  3.277698e-15 -3.857822e-01  9.225899e-01
   outer loop
     vertex -1.307500e+02  4.743184e+02 -7.737536e+01
     vertex -1.347500e+02  4.743184e+02 -7.737536e+01
     vertex -1.347500e+02  4.740404e+02 -7.749161e+01
   endloop
 endfacet
 facet normal  0.000000e+00 -3.857822e-01  9.225899e-01
   outer loop
     vertex -1.307500e+02  4.743184e+02 -7.737536e+01
     vertex -1.347500e+02  4.740404e+02 -7.749161e+01
     vertex -1.307500e+02  4.740404e+02 -7.749161e+01
   endloop
 endfacet
 facet normal  8.460607e-15 -5.953623e-01  8.034574e-01
   outer loop
     vertex -1.307500e+02  4.745605e+02 -7.719595e+01
     vertex -1.347500e+02  4.745605e+02 -7.719595e+01
     vertex -1.347500e+02  4.743184e+02 -7.737536e+01
   endloop
 endfacet
 facet normal  2.849550e-15 -5.953623e-01  8.034574e-01
   outer loop
     vertex -1.307500e+02  4.745605e+02 -7.719595e+01
     vertex -1.347500e+02  4.743184e+02 -7.737536e+01
     vertex -1.307500e+02  4.743184e+02 -7.737536e+01
   endloop
 endfacet
 facet normal  0.000000e+00 -7.703421e-01  6.376309e-01
   outer loop
     vertex -1.307500e+02  4.747527e+02 -7.696381e+01
     vertex -1.347500e+02  4.747527e+02 -7.696381e+01
     vertex -1.347500e+02  4.745605e+02 -7.719595e+01
   endloop
 endfacet
 facet normal  1.094342e-14 -7.703421e-01  6.376309e-01
   outer loop
     vertex -1.307500e+02  4.747527e+02 -7.696381e+01
     vertex -1.347500e+02  4.745605e+02 -7.719595e+01
     vertex -1.307500e+02  4.745605e+02 -7.719595e+01
   endloop
 endfacet
 facet normal  0.000000e+00 -9.005524e-01  4.347475e-01
   outer loop
     vertex -1.307500e+02  4.748837e+02 -7.669244e+01
     vertex -1.347500e+02  4.748837e+02 -7.669244e+01
     vertex -1.347500e+02  4.747527e+02 -7.696381e+01
   endloop
 endfacet
 facet normal  0.000000e+00 -9.005524e-01  4.347475e-01
   outer loop
     vertex -1.307500e+02  4.748837e+02 -7.669244e+01
     vertex -1.347500e+02  4.747527e+02 -7.696381e+01
     vertex -1.307500e+02  4.747527e+02 -7.696381e+01
   endloop
 endfacet
 facet normal  0.000000e+00 -9.784259e-01  2.065983e-01
   outer loop
     vertex -1.307500e+02  4.749459e+02 -7.639760e+01
     vertex -1.347500e+02  4.749459e+02 -7.639760e+01
     vertex -1.347500e+02  4.748837e+02 -7.669244e+01
   endloop
 endfacet
 facet normal  0.000000e+00 -9.784259e-01  2.065983e-01
   outer loop
     vertex -1.307500e+02  4.749459e+02 -7.639760e+01
     vertex -1.347500e+02  4.748837e+02 -7.669244e+01
     vertex -1.307500e+02  4.748837e+02 -7.669244e+01
   endloop
 endfacet
 facet normal  0.000000e+00 -9.784259e-01  2.065983e-01
   outer loop
     vertex -1.830000e+02  4.760041e+02 -1.203087e+02
     vertex -1.775000e+02  4.760663e+02 -1.200138e+02
     vertex -1.830000e+02  4.760663e+02 -1.200138e+02
   endloop
 endfacet
 facet normal  1.011219e-14 -9.784259e-01  2.065983e-01
   outer loop
     vertex -1.830000e+02  4.760041e+02 -1.203087e+02
     vertex -1.775000e+02  4.760041e+02 -1.203087e+02
     vertex -1.775000e+02  4.760663e+02 -1.200138e+02
   endloop
 endfacet
 facet normal  0.000000e+00 -9.005524e-01  4.347475e-01
   outer loop
     vertex -1.830000e+02  4.758731e+02 -1.205800e+02
     vertex -1.775000e+02  4.758731e+02 -1.205800e+02
     vertex -1.775000e+02  4.760041e+02 -1.203087e+02
   endloop
 endfacet
 facet normal  9.306959e-15 -9.005524e-01  4.347475e-01
   outer loop
     vertex -1.830000e+02  4.758731e+02 -1.205800e+02
     vertex -1.775000e+02  4.760041e+02 -1.203087e+02
     vertex -1.830000e+02  4.760041e+02 -1.203087e+02
   endloop
 endfacet
 facet normal  0.000000e+00 -7.703421e-01  6.376309e-01
   outer loop
     vertex -1.830000e+02  4.756809e+02 -1.208122e+02
     vertex -1.775000e+02  4.756809e+02 -1.208122e+02
     vertex -1.775000e+02  4.758731e+02 -1.205800e+02
   endloop
 endfacet
 facet normal  0.000000e+00 -7.703421e-01  6.376309e-01
   outer loop
     vertex -1.830000e+02  4.756809e+02 -1.208122e+02
     vertex -1.775000e+02  4.758731e+02 -1.205800e+02
     vertex -1.830000e+02  4.758731e+02 -1.205800e+02
   endloop
 endfacet
 facet normal  6.153168e-15 -5.953623e-01  8.034574e-01
   outer loop
     vertex -1.830000e+02  4.754388e+02 -1.209916e+02
     vertex -1.775000e+02  4.754388e+02 -1.209916e+02
     vertex -1.775000e+02  4.756809e+02 -1.208122e+02
   endloop
 endfacet
 facet normal  0.000000e+00 -5.953623e-01  8.034574e-01
   outer loop
     vertex -1.830000e+02  4.754388e+02 -1.209916e+02
     vertex -1.775000e+02  4.756809e+02 -1.208122e+02
     vertex -1.830000e+02  4.756809e+02 -1.208122e+02
   endloop
 endfacet
 facet normal  0.000000e+00 -3.857822e-01  9.225899e-01
   outer loop
     vertex -1.830000e+02  4.751608e+02 -1.211078e+02
     vertex -1.775000e+02  4.751608e+02 -1.211078e+02
     vertex -1.775000e+02  4.754388e+02 -1.209916e+02
   endloop
 endfacet
 facet normal  0.000000e+00 -1.537818e-01  9.881048e-01
   outer loop
     vertex -1.830000e+02  4.751608e+02 -1.211078e+02
     vertex -1.775000e+02  4.748631e+02 -1.211542e+02
     vertex -1.775000e+02  4.751608e+02 -1.211078e+02
   endloop
 endfacet
 facet normal  3.985706e-15 -3.857822e-01  9.225899e-01
   outer loop
     vertex -1.830000e+02  4.751608e+02 -1.211078e+02
     vertex -1.775000e+02  4.754388e+02 -1.209916e+02
     vertex -1.830000e+02  4.754388e+02 -1.209916e+02
   endloop
 endfacet
 facet normal  1.589361e-15 -1.537818e-01  9.881048e-01
   outer loop
     vertex -1.830000e+02  4.748631e+02 -1.211542e+02
     vertex -1.775000e+02  4.748631e+02 -1.211542e+02
     vertex -1.830000e+02  4.751608e+02 -1.211078e+02
   endloop
 endfacet
 facet normal -0.000000e+00  8.715574e-02  9.961947e-01
   outer loop
     vertex -1.830000e+02  4.745629e+02 -1.211279e+02
     vertex -1.775000e+02  4.745629e+02 -1.211279e+02
     vertex -1.775000e+02  4.748631e+02 -1.211542e+02
   endloop
 endfacet
 facet normal -9.011799e-16  8.715574e-02  9.961947e-01
   outer loop
     vertex -1.830000e+02  4.745629e+02 -1.211279e+02
     vertex -1.775000e+02  4.748631e+02 -1.211542e+02
     vertex -1.830000e+02  4.748631e+02 -1.211542e+02
   endloop
 endfacet
 facet normal -3.338550e-15  3.230282e-01  9.463894e-01
   outer loop
     vertex -1.830000e+02  4.742777e+02 -1.210306e+02
     vertex -1.775000e+02  4.742777e+02 -1.210306e+02
     vertex -1.775000e+02  4.745629e+02 -1.211279e+02
   endloop
 endfacet
 facet normal  0.000000e+00  3.230282e-01  9.463894e-01
   outer loop
     vertex -1.830000e+02  4.742777e+02 -1.210306e+02
     vertex -1.775000e+02  4.745629e+02 -1.211279e+02
     vertex -1.830000e+02  4.745629e+02 -1.211279e+02
   endloop
 endfacet
 facet normal -0.000000e+00  5.401273e-01  8.415833e-01
   outer loop
     vertex -1.830000e+02  4.740241e+02 -1.208678e+02
     vertex -1.775000e+02  4.740241e+02 -1.208678e+02
     vertex -1.775000e+02  4.742777e+02 -1.210306e+02
   endloop
 endfacet
 facet normal -5.585013e-15  5.401273e-01  8.415833e-01
   outer loop
     vertex -1.830000e+02  4.740241e+02 -1.208678e+02
     vertex -1.775000e+02  4.742777e+02 -1.210306e+02
     vertex -1.830000e+02  4.742777e+02 -1.210306e+02
   endloop
 endfacet
 facet normal -7.501639e-15  7.258363e-01  6.878675e-01
   outer loop
     vertex -1.830000e+02  4.738168e+02 -1.206491e+02
     vertex -1.775000e+02  4.738168e+02 -1.206491e+02
     vertex -1.775000e+02  4.740241e+02 -1.208678e+02
   endloop
 endfacet
 facet normal -8.985004e-15  8.693623e-01  4.941753e-01
   outer loop
     vertex -1.830000e+02  4.738168e+02 -1.206491e+02
     vertex -1.775000e+02  4.736679e+02 -1.203871e+02
     vertex -1.775000e+02  4.738168e+02 -1.206491e+02
   endloop
 endfacet
 facet normal  0.000000e+00  7.258363e-01  6.878675e-01
   outer loop
     vertex -1.830000e+02  4.738168e+02 -1.206491e+02
     vertex -1.775000e+02  4.740241e+02 -1.208678e+02
     vertex -1.830000e+02  4.740241e+02 -1.208678e+02
   endloop
 endfacet
 facet normal -8.985004e-15  8.693623e-01  4.941753e-01
   outer loop
     vertex -1.830000e+02  4.736679e+02 -1.203871e+02
     vertex -1.775000e+02  4.736679e+02 -1.203871e+02
     vertex -1.830000e+02  4.738168e+02 -1.206491e+02
   endloop
 endfacet
 facet normal -0.000000e+00  9.623641e-01  2.717635e-01
   outer loop
     vertex -1.830000e+02  4.735860e+02 -1.200971e+02
     vertex -1.775000e+02  4.735860e+02 -1.200971e+02
     vertex -1.775000e+02  4.736679e+02 -1.203871e+02
   endloop
 endfacet
 facet normal -9.945425e-15  9.623641e-01  2.717635e-01
   outer loop
     vertex -1.830000e+02  4.735860e+02 -1.200971e+02
     vertex -1.775000e+02  4.736679e+02 -1.203871e+02
     vertex -1.830000e+02  4.736679e+02 -1.203871e+02
   endloop
 endfacet
 facet normal -1.024264e-14  9.994368e-01  3.355772e-02
   outer loop
     vertex -1.830000e+02  4.735759e+02 -1.197959e+02
     vertex -1.775000e+02  4.735759e+02 -1.197959e+02
     vertex -1.775000e+02  4.735860e+02 -1.200971e+02
   endloop
 endfacet
 facet normal  0.000000e+00  9.994368e-01  3.355772e-02
   outer loop
     vertex -1.830000e+02  4.735759e+02 -1.197959e+02
     vertex -1.775000e+02  4.735860e+02 -1.200971e+02
     vertex -1.830000e+02  4.735860e+02 -1.200971e+02
   endloop
 endfacet
 facet normal  1.064669e-14 -9.784259e-01  2.065983e-01
   outer loop
     vertex -1.830000e+02  4.986618e+02 -1.097432e+02
     vertex -1.775000e+02  4.987240e+02 -1.094484e+02
     vertex -1.830000e+02  4.987240e+02 -1.094484e+02
   endloop
 endfacet
 facet normal  1.011219e-14 -9.784259e-01  2.065983e-01
   outer loop
     vertex -1.830000e+02  4.986618e+02 -1.097432e+02
     vertex -1.775000e+02  4.986618e+02 -1.097432e+02
     vertex -1.775000e+02  4.987240e+02 -1.094484e+02
   endloop
 endfacet
 facet normal  0.000000e+00 -9.005524e-01  4.347475e-01
   outer loop
     vertex -1.830000e+02  4.985308e+02 -1.100146e+02
     vertex -1.775000e+02  4.985308e+02 -1.100146e+02
     vertex -1.775000e+02  4.986618e+02 -1.097432e+02
   endloop
 endfacet
 facet normal  9.306959e-15 -9.005524e-01  4.347475e-01
   outer loop
     vertex -1.830000e+02  4.985308e+02 -1.100146e+02
     vertex -1.775000e+02  4.986618e+02 -1.097432e+02
     vertex -1.830000e+02  4.986618e+02 -1.097432e+02
   endloop
 endfacet
 facet normal  0.000000e+00 -7.703421e-01  6.376309e-01
   outer loop
     vertex -1.830000e+02  4.983386e+02 -1.102467e+02
     vertex -1.775000e+02  4.983386e+02 -1.102467e+02
     vertex -1.775000e+02  4.985308e+02 -1.100146e+02
   endloop
 endfacet
 facet normal  0.000000e+00 -7.703421e-01  6.376309e-01
   outer loop
     vertex -1.830000e+02  4.983386e+02 -1.102467e+02
     vertex -1.775000e+02  4.985308e+02 -1.100146e+02
     vertex -1.830000e+02  4.985308e+02 -1.100146e+02
   endloop
 endfacet
 facet normal  6.153168e-15 -5.953623e-01  8.034574e-01
   outer loop
     vertex -1.830000e+02  4.980965e+02 -1.104261e+02
     vertex -1.775000e+02  4.980965e+02 -1.104261e+02
     vertex -1.775000e+02  4.983386e+02 -1.102467e+02
   endloop
 endfacet
 facet normal  0.000000e+00 -5.953623e-01  8.034574e-01
   outer loop
     vertex -1.830000e+02  4.980965e+02 -1.104261e+02
     vertex -1.775000e+02  4.983386e+02 -1.102467e+02
     vertex -1.830000e+02  4.983386e+02 -1.102467e+02
   endloop
 endfacet
 facet normal  0.000000e+00 -3.857822e-01  9.225899e-01
   outer loop
     vertex -1.830000e+02  4.978185e+02 -1.105424e+02
     vertex -1.775000e+02  4.978185e+02 -1.105424e+02
     vertex -1.775000e+02  4.980965e+02 -1.104261e+02
   endloop
 endfacet
 facet normal  0.000000e+00 -1.537818e-01  9.881048e-01
   outer loop
     vertex -1.830000e+02  4.978185e+02 -1.105424e+02
     vertex -1.775000e+02  4.975207e+02 -1.105887e+02
     vertex -1.775000e+02  4.978185e+02 -1.105424e+02
   endloop
 endfacet
 facet normal  3.989893e-15 -3.857822e-01  9.225899e-01
   outer loop
     vertex -1.830000e+02  4.978185e+02 -1.105424e+02
     vertex -1.775000e+02  4.980965e+02 -1.104261e+02
     vertex -1.830000e+02  4.980965e+02 -1.104261e+02
   endloop
 endfacet
 facet normal  1.589361e-15 -1.537818e-01  9.881048e-01
   outer loop
     vertex -1.830000e+02  4.975207e+02 -1.105887e+02
     vertex -1.775000e+02  4.975207e+02 -1.105887e+02
     vertex -1.830000e+02  4.978185e+02 -1.105424e+02
   endloop
 endfacet
 facet normal -0.000000e+00  8.715574e-02  9.961947e-01
   outer loop
     vertex -1.830000e+02  4.972206e+02 -1.105624e+02
     vertex -1.775000e+02  4.972206e+02 -1.105624e+02
     vertex -1.775000e+02  4.975207e+02 -1.105887e+02
   endloop
 endfacet
 facet normal -9.011799e-16  8.715574e-02  9.961947e-01
   outer loop
     vertex -1.830000e+02  4.972206e+02 -1.105624e+02
     vertex -1.775000e+02  4.975207e+02 -1.105887e+02
     vertex -1.830000e+02  4.975207e+02 -1.105887e+02
   endloop
 endfacet
 facet normal -8.932769e-16  3.230282e-01  9.463894e-01
   outer loop
     vertex -1.830000e+02  4.969354e+02 -1.104651e+02
     vertex -1.775000e+02  4.969354e+02 -1.104651e+02
     vertex -1.775000e+02  4.972206e+02 -1.105624e+02
   endloop
 endfacet
 facet normal  0.000000e+00  3.230282e-01  9.463894e-01
   outer loop
     vertex -1.830000e+02  4.969354e+02 -1.104651e+02
     vertex -1.775000e+02  4.972206e+02 -1.105624e+02
     vertex -1.830000e+02  4.972206e+02 -1.105624e+02
   endloop
 endfacet
 facet normal -0.000000e+00  5.401273e-01  8.415833e-01
   outer loop
     vertex -1.830000e+02  4.966818e+02 -1.103023e+02
     vertex -1.775000e+02  4.966818e+02 -1.103023e+02
     vertex -1.775000e+02  4.969354e+02 -1.104651e+02
   endloop
 endfacet
 facet normal -3.407946e-15  5.401273e-01  8.415833e-01
   outer loop
     vertex -1.830000e+02  4.966818e+02 -1.103023e+02
     vertex -1.775000e+02  4.969354e+02 -1.104651e+02
     vertex -1.830000e+02  4.969354e+02 -1.104651e+02
   endloop
 endfacet
 facet normal -0.000000e+00  7.258363e-01  6.878675e-01
   outer loop
     vertex -1.830000e+02  4.964745e+02 -1.100836e+02
     vertex -1.775000e+02  4.964745e+02 -1.100836e+02
     vertex -1.775000e+02  4.966818e+02 -1.103023e+02
   endloop
 endfacet
 facet normal -0.000000e+00  8.693623e-01  4.941753e-01
   outer loop
     vertex -1.830000e+02  4.964745e+02 -1.100836e+02
     vertex -1.775000e+02  4.963256e+02 -1.098216e+02
     vertex -1.775000e+02  4.964745e+02 -1.100836e+02
   endloop
 endfacet
 facet normal  0.000000e+00  7.258363e-01  6.878675e-01
   outer loop
     vertex -1.830000e+02  4.964745e+02 -1.100836e+02
     vertex -1.775000e+02  4.966818e+02 -1.103023e+02
     vertex -1.830000e+02  4.966818e+02 -1.103023e+02
   endloop
 endfacet
 facet normal -8.985004e-15  8.693623e-01  4.941753e-01
   outer loop
     vertex -1.830000e+02  4.963256e+02 -1.098216e+02
     vertex -1.775000e+02  4.963256e+02 -1.098216e+02
     vertex -1.830000e+02  4.964745e+02 -1.100836e+02
   endloop
 endfacet
 facet normal -0.000000e+00  9.623641e-01  2.717635e-01
   outer loop
     vertex -1.830000e+02  4.962437e+02 -1.095316e+02
     vertex -1.775000e+02  4.962437e+02 -1.095316e+02
     vertex -1.775000e+02  4.963256e+02 -1.098216e+02
   endloop
 endfacet
 facet normal -9.947519e-15  9.623641e-01  2.717635e-01
   outer loop
     vertex -1.830000e+02  4.962437e+02 -1.095316e+02
     vertex -1.775000e+02  4.963256e+02 -1.098216e+02
     vertex -1.830000e+02  4.963256e+02 -1.098216e+02
   endloop
 endfacet
 facet normal -1.032935e-14  9.994368e-01  3.355772e-02
   outer loop
     vertex -1.830000e+02  4.962336e+02 -1.092305e+02
     vertex -1.775000e+02  4.962336e+02 -1.092305e+02
     vertex -1.775000e+02  4.962437e+02 -1.095316e+02
   endloop
 endfacet
 facet normal  0.000000e+00  9.994368e-01  3.355772e-02
   outer loop
     vertex -1.830000e+02  4.962336e+02 -1.092305e+02
     vertex -1.775000e+02  4.962437e+02 -1.095316e+02
     vertex -1.830000e+02  4.962437e+02 -1.095316e+02
   endloop
 endfacet
 facet normal  0.000000e+00 -9.784259e-01  2.065983e-01
   outer loop
     vertex -1.830000e+02  5.008407e+02 -8.483833e+01
     vertex -1.775000e+02  5.009029e+02 -8.454349e+01
     vertex -1.830000e+02  5.009029e+02 -8.454349e+01
   endloop
 endfacet
 facet normal  0.000000e+00 -9.784259e-01  2.065983e-01
   outer loop
     vertex -1.830000e+02  5.008407e+02 -8.483833e+01
     vertex -1.775000e+02  5.008407e+02 -8.483833e+01
     vertex -1.775000e+02  5.009029e+02 -8.454349e+01
   endloop
 endfacet
 facet normal  9.307359e-15 -9.005524e-01  4.347475e-01
   outer loop
     vertex -1.830000e+02  5.007097e+02 -8.510970e+01
     vertex -1.775000e+02  5.007097e+02 -8.510970e+01
     vertex -1.775000e+02  5.008407e+02 -8.483833e+01
   endloop
 endfacet
 facet normal  0.000000e+00 -9.005524e-01  4.347475e-01
   outer loop
     vertex -1.830000e+02  5.007097e+02 -8.510970e+01
     vertex -1.775000e+02  5.008407e+02 -8.483833e+01
     vertex -1.830000e+02  5.008407e+02 -8.483833e+01
   endloop
 endfacet
 facet normal  0.000000e+00 -7.703421e-01  6.376309e-01
   outer loop
     vertex -1.830000e+02  5.005175e+02 -8.534184e+01
     vertex -1.775000e+02  5.005175e+02 -8.534184e+01
     vertex -1.775000e+02  5.007097e+02 -8.510970e+01
   endloop
 endfacet
 facet normal  7.963039e-15 -7.703421e-01  6.376309e-01
   outer loop
     vertex -1.830000e+02  5.005175e+02 -8.534184e+01
     vertex -1.775000e+02  5.007097e+02 -8.510970e+01
     vertex -1.830000e+02  5.007097e+02 -8.510970e+01
   endloop
 endfacet
 facet normal  6.153168e-15 -5.953623e-01  8.034574e-01
   outer loop
     vertex -1.830000e+02  5.002754e+02 -8.552125e+01
     vertex -1.775000e+02  5.002754e+02 -8.552125e+01
     vertex -1.775000e+02  5.005175e+02 -8.534184e+01
   endloop
 endfacet
 facet normal  0.000000e+00 -5.953623e-01  8.034574e-01
   outer loop
     vertex -1.830000e+02  5.002754e+02 -8.552125e+01
     vertex -1.775000e+02  5.005175e+02 -8.534184e+01
     vertex -1.830000e+02  5.005175e+02 -8.534184e+01
   endloop
 endfacet
 facet normal  1.603343e-15 -3.857822e-01  9.225899e-01
   outer loop
     vertex -1.830000e+02  4.999974e+02 -8.563750e+01
     vertex -1.775000e+02  4.999974e+02 -8.563750e+01
     vertex -1.775000e+02  5.002754e+02 -8.552125e+01
   endloop
 endfacet
 facet normal -9.636961e-16 -1.537818e-01  9.881048e-01
   outer loop
     vertex -1.830000e+02  4.999974e+02 -8.563750e+01
     vertex -1.775000e+02  4.996996e+02 -8.568384e+01
     vertex -1.775000e+02  4.999974e+02 -8.563750e+01
   endloop
 endfacet
 facet normal  3.989893e-15 -3.857822e-01  9.225899e-01
   outer loop
     vertex -1.830000e+02  4.999974e+02 -8.563750e+01
     vertex -1.775000e+02  5.002754e+02 -8.552125e+01
     vertex -1.830000e+02  5.002754e+02 -8.552125e+01
   endloop
 endfacet
 facet normal  3.178722e-15 -1.537818e-01  9.881048e-01
   outer loop
     vertex -1.830000e+02  4.996996e+02 -8.568384e+01
     vertex -1.775000e+02  4.996996e+02 -8.568384e+01
     vertex -1.830000e+02  4.999974e+02 -8.563750e+01
   endloop
 endfacet
 facet normal -0.000000e+00  8.715574e-02  9.961947e-01
   outer loop
     vertex -1.830000e+02  4.993994e+02 -8.565758e+01
     vertex -1.775000e+02  4.993994e+02 -8.565758e+01
     vertex -1.775000e+02  4.996996e+02 -8.568384e+01
   endloop
 endfacet
 facet normal -1.801313e-15  8.715574e-02  9.961947e-01
   outer loop
     vertex -1.830000e+02  4.993994e+02 -8.565758e+01
     vertex -1.775000e+02  4.996996e+02 -8.568384e+01
     vertex -1.830000e+02  4.996996e+02 -8.568384e+01
   endloop
 endfacet
 facet normal -0.000000e+00  3.230282e-01  9.463894e-01
   outer loop
     vertex -1.830000e+02  4.991143e+02 -8.556023e+01
     vertex -1.775000e+02  4.991143e+02 -8.556023e+01
     vertex -1.775000e+02  4.993994e+02 -8.565758e+01
   endloop
 endfacet
 facet normal  0.000000e+00  3.230282e-01  9.463894e-01
   outer loop
     vertex -1.830000e+02  4.991143e+02 -8.556023e+01
     vertex -1.775000e+02  4.993994e+02 -8.565758e+01
     vertex -1.830000e+02  4.993994e+02 -8.565758e+01
   endloop
 endfacet
 facet normal -7.756782e-15  5.401273e-01  8.415833e-01
   outer loop
     vertex -1.830000e+02  4.988607e+02 -8.539747e+01
     vertex -1.775000e+02  4.988607e+02 -8.539747e+01
     vertex -1.775000e+02  4.991143e+02 -8.556023e+01
   endloop
 endfacet
 facet normal  0.000000e+00  5.401273e-01  8.415833e-01
   outer loop
     vertex -1.830000e+02  4.988607e+02 -8.539747e+01
     vertex -1.775000e+02  4.991143e+02 -8.556023e+01
     vertex -1.830000e+02  4.991143e+02 -8.556023e+01
   endloop
 endfacet
 facet normal -0.000000e+00  7.258363e-01  6.878675e-01
   outer loop
     vertex -1.830000e+02  4.986534e+02 -8.517875e+01
     vertex -1.775000e+02  4.986534e+02 -8.517875e+01
     vertex -1.775000e+02  4.988607e+02 -8.539747e+01
   endloop
 endfacet
 facet normal -0.000000e+00  8.693623e-01  4.941753e-01
   outer loop
     vertex -1.830000e+02  4.986534e+02 -8.517875e+01
     vertex -1.775000e+02  4.985045e+02 -8.491677e+01
     vertex -1.775000e+02  4.986534e+02 -8.517875e+01
   endloop
 endfacet
 facet normal -9.281839e-15  7.258363e-01  6.878675e-01
   outer loop
     vertex -1.830000e+02  4.986534e+02 -8.517875e+01
     vertex -1.775000e+02  4.988607e+02 -8.539747e+01
     vertex -1.830000e+02  4.988607e+02 -8.539747e+01
   endloop
 endfacet
 facet normal -8.985004e-15  8.693623e-01  4.941753e-01
   outer loop
     vertex -1.830000e+02  4.985045e+02 -8.491677e+01
     vertex -1.775000e+02  4.985045e+02 -8.491677e+01
     vertex -1.830000e+02  4.986534e+02 -8.517875e+01
   endloop
 endfacet
 facet normal -0.000000e+00  9.623641e-01  2.717635e-01
   outer loop
     vertex -1.830000e+02  4.984226e+02 -8.462677e+01
     vertex -1.775000e+02  4.984226e+02 -8.462677e+01
     vertex -1.775000e+02  4.985045e+02 -8.491677e+01
   endloop
 endfacet
 facet normal -9.945425e-15  9.623641e-01  2.717635e-01
   outer loop
     vertex -1.830000e+02  4.984226e+02 -8.462677e+01
     vertex -1.775000e+02  4.985045e+02 -8.491677e+01
     vertex -1.830000e+02  4.985045e+02 -8.491677e+01
   endloop
 endfacet
 facet normal -1.032935e-14  9.994368e-01  3.355772e-02
   outer loop
     vertex -1.830000e+02  4.984125e+02 -8.432560e+01
     vertex -1.775000e+02  4.984125e+02 -8.432560e+01
     vertex -1.775000e+02  4.984226e+02 -8.462677e+01
   endloop
 endfacet
 facet normal  0.000000e+00  9.994368e-01  3.355772e-02
   outer loop
     vertex -1.830000e+02  4.984125e+02 -8.432560e+01
     vertex -1.775000e+02  4.984226e+02 -8.462677e+01
     vertex -1.830000e+02  4.984226e+02 -8.462677e+01
   endloop
 endfacet
 facet normal  0.000000e+00 -9.784259e-01  2.065983e-01
   outer loop
     vertex -1.830000e+02  4.803619e+02 -7.049892e+01
     vertex -1.775000e+02  4.804241e+02 -7.020408e+01
     vertex -1.830000e+02  4.804241e+02 -7.020408e+01
   endloop
 endfacet
 facet normal  1.011219e-14 -9.784259e-01  2.065983e-01
   outer loop
     vertex -1.830000e+02  4.803619e+02 -7.049892e+01
     vertex -1.775000e+02  4.803619e+02 -7.049892e+01
     vertex -1.775000e+02  4.804241e+02 -7.020408e+01
   endloop
 endfacet
 facet normal  9.307359e-15 -9.005524e-01  4.347475e-01
   outer loop
     vertex -1.830000e+02  4.802309e+02 -7.077029e+01
     vertex -1.775000e+02  4.802309e+02 -7.077029e+01
     vertex -1.775000e+02  4.803619e+02 -7.049892e+01
   endloop
 endfacet
 facet normal  9.306959e-15 -9.005524e-01  4.347475e-01
   outer loop
     vertex -1.830000e+02  4.802309e+02 -7.077029e+01
     vertex -1.775000e+02  4.803619e+02 -7.049892e+01
     vertex -1.830000e+02  4.803619e+02 -7.049892e+01
   endloop
 endfacet
 facet normal  0.000000e+00 -7.703421e-01  6.376309e-01
   outer loop
     vertex -1.830000e+02  4.800387e+02 -7.100243e+01
     vertex -1.775000e+02  4.800387e+02 -7.100243e+01
     vertex -1.775000e+02  4.802309e+02 -7.077029e+01
   endloop
 endfacet
 facet normal  7.963039e-15 -7.703421e-01  6.376309e-01
   outer loop
     vertex -1.830000e+02  4.800387e+02 -7.100243e+01
     vertex -1.775000e+02  4.802309e+02 -7.077029e+01
     vertex -1.830000e+02  4.802309e+02 -7.077029e+01
   endloop
 endfacet
 facet normal  6.153168e-15 -5.953623e-01  8.034574e-01
   outer loop
     vertex -1.830000e+02  4.797966e+02 -7.118184e+01
     vertex -1.775000e+02  4.797966e+02 -7.118184e+01
     vertex -1.775000e+02  4.800387e+02 -7.100243e+01
   endloop
 endfacet
 facet normal  0.000000e+00 -5.953623e-01  8.034574e-01
   outer loop
     vertex -1.830000e+02  4.797966e+02 -7.118184e+01
     vertex -1.775000e+02  4.800387e+02 -7.100243e+01
     vertex -1.830000e+02  4.800387e+02 -7.100243e+01
   endloop
 endfacet
 facet normal  0.000000e+00 -3.857822e-01  9.225899e-01
   outer loop
     vertex -1.830000e+02  4.795186e+02 -7.129809e+01
     vertex -1.775000e+02  4.795186e+02 -7.129809e+01
     vertex -1.775000e+02  4.797966e+02 -7.118184e+01
   endloop
 endfacet
 facet normal  0.000000e+00 -1.537818e-01  9.881048e-01
   outer loop
     vertex -1.830000e+02  4.795186e+02 -7.129809e+01
     vertex -1.775000e+02  4.792208e+02 -7.134443e+01
     vertex -1.775000e+02  4.795186e+02 -7.129809e+01
   endloop
 endfacet
 facet normal  3.985706e-15 -3.857822e-01  9.225899e-01
   outer loop
     vertex -1.830000e+02  4.795186e+02 -7.129809e+01
     vertex -1.775000e+02  4.797966e+02 -7.118184e+01
     vertex -1.830000e+02  4.797966e+02 -7.118184e+01
   endloop
 endfacet
 facet normal  1.589361e-15 -1.537818e-01  9.881048e-01
   outer loop
     vertex -1.830000e+02  4.792208e+02 -7.134443e+01
     vertex -1.775000e+02  4.792208e+02 -7.134443e+01
     vertex -1.830000e+02  4.795186e+02 -7.129809e+01
   endloop
 endfacet
 facet normal  1.673190e-15  8.715574e-02  9.961947e-01
   outer loop
     vertex -1.830000e+02  4.789206e+02 -7.131816e+01
     vertex -1.775000e+02  4.789206e+02 -7.131816e+01
     vertex -1.775000e+02  4.792208e+02 -7.134443e+01
   endloop
 endfacet
 facet normal -9.011799e-16  8.715574e-02  9.961947e-01
   outer loop
     vertex -1.830000e+02  4.789206e+02 -7.131816e+01
     vertex -1.775000e+02  4.792208e+02 -7.134443e+01
     vertex -1.830000e+02  4.792208e+02 -7.134443e+01
   endloop
 endfacet
 facet normal -0.000000e+00  3.230282e-01  9.463894e-01
   outer loop
     vertex -1.830000e+02  4.786355e+02 -7.122082e+01
     vertex -1.775000e+02  4.786355e+02 -7.122082e+01
     vertex -1.775000e+02  4.789206e+02 -7.131816e+01
   endloop
 endfacet
 facet normal -8.938532e-16  3.230282e-01  9.463894e-01
   outer loop
     vertex -1.830000e+02  4.786355e+02 -7.122082e+01
     vertex -1.775000e+02  4.789206e+02 -7.131816e+01
     vertex -1.830000e+02  4.789206e+02 -7.131816e+01
   endloop
 endfacet
 facet normal -0.000000e+00  5.401273e-01  8.415833e-01
   outer loop
     vertex -1.830000e+02  4.783819e+02 -7.105806e+01
     vertex -1.775000e+02  4.783819e+02 -7.105806e+01
     vertex -1.775000e+02  4.786355e+02 -7.122082e+01
   endloop
 endfacet
 facet normal  0.000000e+00  5.401273e-01  8.415833e-01
   outer loop
     vertex -1.830000e+02  4.783819e+02 -7.105806e+01
     vertex -1.775000e+02  4.786355e+02 -7.122082e+01
     vertex -1.830000e+02  4.786355e+02 -7.122082e+01
   endloop
 endfacet
 facet normal -0.000000e+00  7.258363e-01  6.878675e-01
   outer loop
     vertex -1.830000e+02  4.781746e+02 -7.083934e+01
     vertex -1.775000e+02  4.781746e+02 -7.083934e+01
     vertex -1.775000e+02  4.783819e+02 -7.105806e+01
   endloop
 endfacet
 facet normal -0.000000e+00  8.693623e-01  4.941753e-01
   outer loop
     vertex -1.830000e+02  4.781746e+02 -7.083934e+01
     vertex -1.775000e+02  4.780257e+02 -7.057736e+01
     vertex -1.775000e+02  4.781746e+02 -7.083934e+01
   endloop
 endfacet
 facet normal  0.000000e+00  7.258363e-01  6.878675e-01
   outer loop
     vertex -1.830000e+02  4.781746e+02 -7.083934e+01
     vertex -1.775000e+02  4.783819e+02 -7.105806e+01
     vertex -1.830000e+02  4.783819e+02 -7.105806e+01
   endloop
 endfacet
 facet normal -1.797001e-14  8.693623e-01  4.941753e-01
   outer loop
     vertex -1.830000e+02  4.780257e+02 -7.057736e+01
     vertex -1.775000e+02  4.780257e+02 -7.057736e+01
     vertex -1.830000e+02  4.781746e+02 -7.083934e+01
   endloop
 endfacet
 facet normal -0.000000e+00  9.623641e-01  2.717635e-01
   outer loop
     vertex -1.830000e+02  4.779438e+02 -7.028736e+01
     vertex -1.775000e+02  4.779438e+02 -7.028736e+01
     vertex -1.775000e+02  4.780257e+02 -7.057736e+01
   endloop
 endfacet
 facet normal -1.989294e-14  9.623641e-01  2.717635e-01
   outer loop
     vertex -1.830000e+02  4.779438e+02 -7.028736e+01
     vertex -1.775000e+02  4.780257e+02 -7.057736e+01
     vertex -1.830000e+02  4.780257e+02 -7.057736e+01
   endloop
 endfacet
 facet normal -0.000000e+00  9.994368e-01  3.355772e-02
   outer loop
     vertex -1.830000e+02  4.779337e+02 -6.998619e+01
     vertex -1.775000e+02  4.779337e+02 -6.998619e+01
     vertex -1.775000e+02  4.779438e+02 -7.028736e+01
   endloop
 endfacet
 facet normal  0.000000e+00  9.994368e-01  3.355772e-02
   outer loop
     vertex -1.830000e+02  4.779337e+02 -6.998619e+01
     vertex -1.775000e+02  4.779438e+02 -7.028736e+01
     vertex -1.830000e+02  4.779438e+02 -7.028736e+01
   endloop
 endfacet
 facet normal  0.000000e+00 -9.784259e-01  2.065983e-01
   outer loop
     vertex -1.830000e+02  4.577042e+02 -8.106437e+01
     vertex -1.775000e+02  4.577664e+02 -8.076953e+01
     vertex -1.830000e+02  4.577664e+02 -8.076953e+01
   endloop
 endfacet
 facet normal  0.000000e+00 -9.784259e-01  2.065983e-01
   outer loop
     vertex -1.830000e+02  4.577042e+02 -8.106437e+01
     vertex -1.775000e+02  4.577042e+02 -8.106437e+01
     vertex -1.775000e+02  4.577664e+02 -8.076953e+01
   endloop
 endfacet
 facet normal  9.307359e-15 -9.005524e-01  4.347475e-01
   outer loop
     vertex -1.830000e+02  4.575732e+02 -8.133575e+01
     vertex -1.775000e+02  4.575732e+02 -8.133575e+01
     vertex -1.775000e+02  4.577042e+02 -8.106437e+01
   endloop
 endfacet
 facet normal  0.000000e+00 -9.005524e-01  4.347475e-01
   outer loop
     vertex -1.830000e+02  4.575732e+02 -8.133575e+01
     vertex -1.775000e+02  4.577042e+02 -8.106437e+01
     vertex -1.830000e+02  4.577042e+02 -8.106437e+01
   endloop
 endfacet
 facet normal  0.000000e+00 -7.703421e-01  6.376309e-01
   outer loop
     vertex -1.830000e+02  4.573810e+02 -8.156788e+01
     vertex -1.775000e+02  4.573810e+02 -8.156788e+01
     vertex -1.775000e+02  4.575732e+02 -8.133575e+01
   endloop
 endfacet
 facet normal  7.963039e-15 -7.703421e-01  6.376309e-01
   outer loop
     vertex -1.830000e+02  4.573810e+02 -8.156788e+01
     vertex -1.775000e+02  4.575732e+02 -8.133575e+01
     vertex -1.830000e+02  4.575732e+02 -8.133575e+01
   endloop
 endfacet
 facet normal  1.438230e-14 -5.953623e-01  8.034574e-01
   outer loop
     vertex -1.830000e+02  4.571389e+02 -8.174729e+01
     vertex -1.775000e+02  4.571389e+02 -8.174729e+01
     vertex -1.775000e+02  4.573810e+02 -8.156788e+01
   endloop
 endfacet
 facet normal  0.000000e+00 -5.953623e-01  8.034574e-01
   outer loop
     vertex -1.830000e+02  4.571389e+02 -8.174729e+01
     vertex -1.775000e+02  4.573810e+02 -8.156788e+01
     vertex -1.830000e+02  4.573810e+02 -8.156788e+01
   endloop
 endfacet
 facet normal  0.000000e+00 -3.857822e-01  9.225899e-01
   outer loop
     vertex -1.830000e+02  4.568609e+02 -8.186354e+01
     vertex -1.775000e+02  4.568609e+02 -8.186354e+01
     vertex -1.775000e+02  4.571389e+02 -8.174729e+01
   endloop
 endfacet
 facet normal  0.000000e+00 -1.537818e-01  9.881048e-01
   outer loop
     vertex -1.830000e+02  4.568609e+02 -8.186354e+01
     vertex -1.775000e+02  4.565631e+02 -8.190989e+01
     vertex -1.775000e+02  4.568609e+02 -8.186354e+01
   endloop
 endfacet
 facet normal  1.035781e-14 -3.857822e-01  9.225899e-01
   outer loop
     vertex -1.830000e+02  4.568609e+02 -8.186354e+01
     vertex -1.775000e+02  4.571389e+02 -8.174729e+01
     vertex -1.830000e+02  4.571389e+02 -8.174729e+01
   endloop
 endfacet
 facet normal  1.589361e-15 -1.537818e-01  9.881048e-01
   outer loop
     vertex -1.830000e+02  4.565631e+02 -8.190989e+01
     vertex -1.775000e+02  4.565631e+02 -8.190989e+01
     vertex -1.830000e+02  4.568609e+02 -8.186354e+01
   endloop
 endfacet
 facet normal -9.007692e-16  8.715574e-02  9.961947e-01
   outer loop
     vertex -1.830000e+02  4.562630e+02 -8.188362e+01
     vertex -1.775000e+02  4.562630e+02 -8.188362e+01
     vertex -1.775000e+02  4.565631e+02 -8.190989e+01
   endloop
 endfacet
 facet normal -9.011799e-16  8.715574e-02  9.961947e-01
   outer loop
     vertex -1.830000e+02  4.562630e+02 -8.188362e+01
     vertex -1.775000e+02  4.565631e+02 -8.190989e+01
     vertex -1.830000e+02  4.565631e+02 -8.190989e+01
   endloop
 endfacet
 facet normal -0.000000e+00  3.230282e-01  9.463894e-01
   outer loop
     vertex -1.830000e+02  4.559778e+02 -8.178628e+01
     vertex -1.775000e+02  4.559778e+02 -8.178628e+01
     vertex -1.775000e+02  4.562630e+02 -8.188362e+01
   endloop
 endfacet
 facet normal -3.338866e-15  3.230282e-01  9.463894e-01
   outer loop
     vertex -1.830000e+02  4.559778e+02 -8.178628e+01
     vertex -1.775000e+02  4.562630e+02 -8.188362e+01
     vertex -1.830000e+02  4.562630e+02 -8.188362e+01
   endloop
 endfacet
 facet normal -5.582306e-15  5.401273e-01  8.415833e-01
   outer loop
     vertex -1.830000e+02  4.557242e+02 -8.162352e+01
     vertex -1.775000e+02  4.557242e+02 -8.162352e+01
     vertex -1.775000e+02  4.559778e+02 -8.178628e+01
   endloop
 endfacet
 facet normal  0.000000e+00  5.401273e-01  8.415833e-01
   outer loop
     vertex -1.830000e+02  4.557242e+02 -8.162352e+01
     vertex -1.775000e+02  4.559778e+02 -8.178628e+01
     vertex -1.830000e+02  4.559778e+02 -8.178628e+01
   endloop
 endfacet
 facet normal -0.000000e+00  7.258363e-01  6.878675e-01
   outer loop
     vertex -1.830000e+02  4.555169e+02 -8.140479e+01
     vertex -1.775000e+02  4.555169e+02 -8.140479e+01
     vertex -1.775000e+02  4.557242e+02 -8.162352e+01
   endloop
 endfacet
 facet normal -0.000000e+00  8.693623e-01  4.941753e-01
   outer loop
     vertex -1.830000e+02  4.555169e+02 -8.140479e+01
     vertex -1.775000e+02  4.553680e+02 -8.114282e+01
     vertex -1.775000e+02  4.555169e+02 -8.140479e+01
   endloop
 endfacet
 facet normal -7.502506e-15  7.258363e-01  6.878675e-01
   outer loop
     vertex -1.830000e+02  4.555169e+02 -8.140479e+01
     vertex -1.775000e+02  4.557242e+02 -8.162352e+01
     vertex -1.830000e+02  4.557242e+02 -8.162352e+01
   endloop
 endfacet
 facet normal -8.985004e-15  8.693623e-01  4.941753e-01
   outer loop
     vertex -1.830000e+02  4.553680e+02 -8.114282e+01
     vertex -1.775000e+02  4.553680e+02 -8.114282e+01
     vertex -1.830000e+02  4.555169e+02 -8.140479e+01
   endloop
 endfacet
 facet normal -0.000000e+00  9.623641e-01  2.717635e-01
   outer loop
     vertex -1.830000e+02  4.552861e+02 -8.085282e+01
     vertex -1.775000e+02  4.552861e+02 -8.085282e+01
     vertex -1.775000e+02  4.553680e+02 -8.114282e+01
   endloop
 endfacet
 facet normal -9.945425e-15  9.623641e-01  2.717635e-01
   outer loop
     vertex -1.830000e+02  4.552861e+02 -8.085282e+01
     vertex -1.775000e+02  4.553680e+02 -8.114282e+01
     vertex -1.830000e+02  4.553680e+02 -8.114282e+01
   endloop
 endfacet
 facet normal -0.000000e+00  9.994368e-01  3.355772e-02
   outer loop
     vertex -1.830000e+02  4.552760e+02 -8.055164e+01
     vertex -1.775000e+02  4.552760e+02 -8.055164e+01
     vertex -1.775000e+02  4.552861e+02 -8.085282e+01
   endloop
 endfacet
 facet normal  0.000000e+00  9.994368e-01  3.355772e-02
   outer loop
     vertex -1.830000e+02  4.552760e+02 -8.055164e+01
     vertex -1.775000e+02  4.552861e+02 -8.085282e+01
     vertex -1.830000e+02  4.552861e+02 -8.085282e+01
   endloop
 endfacet
 facet normal  1.011080e-14 -9.784259e-01  2.065983e-01
   outer loop
     vertex -1.830000e+02  4.555253e+02 -1.059692e+02
     vertex -1.775000e+02  4.555875e+02 -1.056744e+02
     vertex -1.830000e+02  4.555875e+02 -1.056744e+02
   endloop
 endfacet
 facet normal  0.000000e+00 -9.784259e-01  2.065983e-01
   outer loop
     vertex -1.830000e+02  4.555253e+02 -1.059692e+02
     vertex -1.775000e+02  4.555253e+02 -1.059692e+02
     vertex -1.775000e+02  4.555875e+02 -1.056744e+02
   endloop
 endfacet
 facet normal  0.000000e+00 -9.005524e-01  4.347475e-01
   outer loop
     vertex -1.830000e+02  4.553943e+02 -1.062406e+02
     vertex -1.775000e+02  4.553943e+02 -1.062406e+02
     vertex -1.775000e+02  4.555253e+02 -1.059692e+02
   endloop
 endfacet
 facet normal  0.000000e+00 -9.005524e-01  4.347475e-01
   outer loop
     vertex -1.830000e+02  4.553943e+02 -1.062406e+02
     vertex -1.775000e+02  4.555253e+02 -1.059692e+02
     vertex -1.830000e+02  4.555253e+02 -1.059692e+02
   endloop
 endfacet
 facet normal  7.961614e-15 -7.703421e-01  6.376309e-01
   outer loop
     vertex -1.830000e+02  4.552021e+02 -1.064728e+02
     vertex -1.775000e+02  4.552021e+02 -1.064728e+02
     vertex -1.775000e+02  4.553943e+02 -1.062406e+02
   endloop
 endfacet
 facet normal  0.000000e+00 -7.703421e-01  6.376309e-01
   outer loop
     vertex -1.830000e+02  4.552021e+02 -1.064728e+02
     vertex -1.775000e+02  4.553943e+02 -1.062406e+02
     vertex -1.830000e+02  4.553943e+02 -1.062406e+02
   endloop
 endfacet
 facet normal  6.153168e-15 -5.953623e-01  8.034574e-01
   outer loop
     vertex -1.830000e+02  4.549600e+02 -1.066522e+02
     vertex -1.775000e+02  4.549600e+02 -1.066522e+02
     vertex -1.775000e+02  4.552021e+02 -1.064728e+02
   endloop
 endfacet
 facet normal  6.154399e-15 -5.953623e-01  8.034574e-01
   outer loop
     vertex -1.830000e+02  4.549600e+02 -1.066522e+02
     vertex -1.775000e+02  4.552021e+02 -1.064728e+02
     vertex -1.830000e+02  4.552021e+02 -1.064728e+02
   endloop
 endfacet
 facet normal  0.000000e+00 -3.857822e-01  9.225899e-01
   outer loop
     vertex -1.830000e+02  4.546820e+02 -1.067684e+02
     vertex -1.775000e+02  4.546820e+02 -1.067684e+02
     vertex -1.775000e+02  4.549600e+02 -1.066522e+02
   endloop
 endfacet
 facet normal  0.000000e+00 -1.537818e-01  9.881048e-01
   outer loop
     vertex -1.830000e+02  4.546820e+02 -1.067684e+02
     vertex -1.775000e+02  4.543843e+02 -1.068148e+02
     vertex -1.775000e+02  4.546820e+02 -1.067684e+02
   endloop
 endfacet
 facet normal  3.989893e-15 -3.857822e-01  9.225899e-01
   outer loop
     vertex -1.830000e+02  4.546820e+02 -1.067684e+02
     vertex -1.775000e+02  4.549600e+02 -1.066522e+02
     vertex -1.830000e+02  4.549600e+02 -1.066522e+02
   endloop
 endfacet
 facet normal  1.589361e-15 -1.537818e-01  9.881048e-01
   outer loop
     vertex -1.830000e+02  4.543843e+02 -1.068148e+02
     vertex -1.775000e+02  4.543843e+02 -1.068148e+02
     vertex -1.830000e+02  4.546820e+02 -1.067684e+02
   endloop
 endfacet
 facet normal -0.000000e+00  8.715574e-02  9.961947e-01
   outer loop
     vertex -1.830000e+02  4.540841e+02 -1.067885e+02
     vertex -1.775000e+02  4.540841e+02 -1.067885e+02
     vertex -1.775000e+02  4.543843e+02 -1.068148e+02
   endloop
 endfacet
 facet normal -9.011799e-16  8.715574e-02  9.961947e-01
   outer loop
     vertex -1.830000e+02  4.540841e+02 -1.067885e+02
     vertex -1.775000e+02  4.543843e+02 -1.068148e+02
     vertex -1.830000e+02  4.543843e+02 -1.068148e+02
   endloop
 endfacet
 facet normal -3.338550e-15  3.230282e-01  9.463894e-01
   outer loop
     vertex -1.830000e+02  4.537989e+02 -1.066911e+02
     vertex -1.775000e+02  4.537989e+02 -1.066911e+02
     vertex -1.775000e+02  4.540841e+02 -1.067885e+02
   endloop
 endfacet
 facet normal  0.000000e+00  3.230282e-01  9.463894e-01
   outer loop
     vertex -1.830000e+02  4.537989e+02 -1.066911e+02
     vertex -1.775000e+02  4.540841e+02 -1.067885e+02
     vertex -1.830000e+02  4.540841e+02 -1.067885e+02
   endloop
 endfacet
 facet normal -0.000000e+00  5.401273e-01  8.415833e-01
   outer loop
     vertex -1.830000e+02  4.535453e+02 -1.065284e+02
     vertex -1.775000e+02  4.535453e+02 -1.065284e+02
     vertex -1.775000e+02  4.537989e+02 -1.066911e+02
   endloop
 endfacet
 facet normal -5.580826e-15  5.401273e-01  8.415833e-01
   outer loop
     vertex -1.830000e+02  4.535453e+02 -1.065284e+02
     vertex -1.775000e+02  4.537989e+02 -1.066911e+02
     vertex -1.830000e+02  4.537989e+02 -1.066911e+02
   endloop
 endfacet
 facet normal -2.072761e-14  7.258363e-01  6.878675e-01
   outer loop
     vertex -1.830000e+02  4.533380e+02 -1.063097e+02
     vertex -1.775000e+02  4.533380e+02 -1.063097e+02
     vertex -1.775000e+02  4.535453e+02 -1.065284e+02
   endloop
 endfacet
 facet normal -2.567817e-14  8.693623e-01  4.941753e-01
   outer loop
     vertex -1.830000e+02  4.533380e+02 -1.063097e+02
     vertex -1.775000e+02  4.531891e+02 -1.060477e+02
     vertex -1.775000e+02  4.533380e+02 -1.063097e+02
   endloop
 endfacet
 facet normal  0.000000e+00  7.258363e-01  6.878675e-01
   outer loop
     vertex -1.830000e+02  4.533380e+02 -1.063097e+02
     vertex -1.775000e+02  4.535453e+02 -1.065284e+02
     vertex -1.830000e+02  4.535453e+02 -1.065284e+02
   endloop
 endfacet
 facet normal -8.985004e-15  8.693623e-01  4.941753e-01
   outer loop
     vertex -1.830000e+02  4.531891e+02 -1.060477e+02
     vertex -1.775000e+02  4.531891e+02 -1.060477e+02
     vertex -1.830000e+02  4.533380e+02 -1.063097e+02
   endloop
 endfacet
 facet normal -9.946194e-15  9.623641e-01  2.717635e-01
   outer loop
     vertex -1.830000e+02  4.531072e+02 -1.057577e+02
     vertex -1.775000e+02  4.531072e+02 -1.057577e+02
     vertex -1.775000e+02  4.531891e+02 -1.060477e+02
   endloop
 endfacet
 facet normal -9.945425e-15  9.623641e-01  2.717635e-01
   outer loop
     vertex -1.830000e+02  4.531072e+02 -1.057577e+02
     vertex -1.775000e+02  4.531891e+02 -1.060477e+02
     vertex -1.830000e+02  4.531891e+02 -1.060477e+02
   endloop
 endfacet
 facet normal -1.032935e-14  9.994368e-01  3.355772e-02
   outer loop
     vertex -1.830000e+02  4.530971e+02 -1.054565e+02
     vertex -1.775000e+02  4.530971e+02 -1.054565e+02
     vertex -1.775000e+02  4.531072e+02 -1.057577e+02
   endloop
 endfacet
 facet normal -1.032929e-14  9.994368e-01  3.355772e-02
   outer loop
     vertex -1.830000e+02  4.530971e+02 -1.054565e+02
     vertex -1.775000e+02  4.531072e+02 -1.057577e+02
     vertex -1.830000e+02  4.531072e+02 -1.057577e+02
   endloop
 endfacet
 facet normal  7.735282e-16 -9.541349e-01  2.993771e-01
   outer loop
     vertex -1.372500e+02  4.502817e+02 -8.508122e+01
     vertex -1.307500e+02  4.494045e+02 -8.787684e+01
     vertex -1.317500e+02  4.502817e+02 -8.508122e+01
   endloop
 endfacet
 facet normal  9.115841e-02 -9.403842e-01  3.276702e-01
   outer loop
     vertex -1.307500e+02  4.509533e+02 -8.343193e+01
     vertex -1.317500e+02  4.502817e+02 -8.508122e+01
     vertex -1.307500e+02  4.494045e+02 -8.787684e+01
   endloop
 endfacet
 facet normal  4.334961e-15 -9.855949e-01  1.691232e-01
   outer loop
     vertex -1.830000e+02  4.494045e+02 -8.787684e+01
     vertex -1.307500e+02  4.486085e+02 -9.251606e+01
     vertex -1.307500e+02  4.494045e+02 -8.787684e+01
   endloop
 endfacet
 facet normal  2.145132e-15 -9.855949e-01  1.691232e-01
   outer loop
     vertex -1.830000e+02  4.494045e+02 -8.787684e+01
     vertex -1.830000e+02  4.486085e+02 -9.251606e+01
     vertex -1.307500e+02  4.486085e+02 -9.251606e+01
   endloop
 endfacet
 facet normal  4.233484e-15 -9.541349e-01  2.993771e-01
   outer loop
     vertex -1.830000e+02  4.494045e+02 -8.787684e+01
     vertex -1.307500e+02  4.494045e+02 -8.787684e+01
     vertex -1.372500e+02  4.502817e+02 -8.508122e+01
   endloop
 endfacet
 facet normal  9.259432e-02 -8.735096e-01  4.779197e-01
   outer loop
     vertex -1.307500e+02  4.532126e+02 -7.930256e+01
     vertex -1.317500e+02  4.517624e+02 -8.175933e+01
     vertex -1.307500e+02  4.509533e+02 -8.343193e+01
   endloop
 endfacet
 facet normal  1.268816e-03 -9.133669e-01  4.071354e-01
   outer loop
     vertex -1.830000e+02  4.509533e+02 -8.343193e+01
     vertex -1.372500e+02  4.502817e+02 -8.508122e+01
     vertex -1.372500e+02  4.517624e+02 -8.175933e+01
   endloop
 endfacet
 facet normal -2.000860e-03 -9.443140e-01  3.290395e-01
   outer loop
     vertex -1.830000e+02  4.509533e+02 -8.343193e+01
     vertex -1.830000e+02  4.494045e+02 -8.787684e+01
     vertex -1.372500e+02  4.502817e+02 -8.508122e+01
   endloop
 endfacet
 facet normal  1.979126e-02 -7.807321e-01  6.245524e-01
   outer loop
     vertex -1.307500e+02  4.561207e+02 -7.560137e+01
     vertex -1.317500e+02  4.559261e+02 -7.581302e+01
     vertex -1.317500e+02  4.536542e+02 -7.865307e+01
   endloop
 endfacet
 facet normal  5.398632e-02 -7.851644e-01  6.169297e-01
   outer loop
     vertex -1.307500e+02  4.561207e+02 -7.560137e+01
     vertex -1.317500e+02  4.536542e+02 -7.865307e+01
     vertex -1.307500e+02  4.532126e+02 -7.930256e+01
   endloop
 endfacet
 facet normal  8.591885e-04 -8.540804e-01  5.201403e-01
   outer loop
     vertex -1.830000e+02  4.532126e+02 -7.930256e+01
     vertex -1.372500e+02  4.517624e+02 -8.175933e+01
     vertex -1.372500e+02  4.536542e+02 -7.865307e+01
   endloop
 endfacet
 facet normal -2.032648e-03 -8.772767e-01  4.799808e-01
   outer loop
     vertex -1.830000e+02  4.532126e+02 -7.930256e+01
     vertex -1.830000e+02  4.509533e+02 -8.343193e+01
     vertex -1.372500e+02  4.517624e+02 -8.175933e+01
   endloop
 endfacet
 facet normal  2.003190e-15 -6.293088e-01  7.771554e-01
   outer loop
     vertex -1.307500e+02  4.595984e+02 -7.242933e+01
     vertex -1.372500e+02  4.585412e+02 -7.328543e+01
     vertex -1.317500e+02  4.585412e+02 -7.328543e+01
   endloop
 endfacet
 facet normal  7.969649e-02 -6.717517e-01  7.364768e-01
   outer loop
     vertex -1.307500e+02  4.595984e+02 -7.242933e+01
     vertex -1.317500e+02  4.585412e+02 -7.328543e+01
     vertex -1.307500e+02  4.561207e+02 -7.560137e+01
   endloop
 endfacet
 facet normal  3.693939e-04 -6.949725e-01  7.190362e-01
   outer loop
     vertex -1.830000e+02  4.561207e+02 -7.560137e+01
     vertex -1.372500e+02  4.559261e+02 -7.581302e+01
     vertex -1.372500e+02  4.585412e+02 -7.328543e+01
   endloop
 endfacet
 facet normal -4.326806e-04 -7.808849e-01  6.246747e-01
   outer loop
     vertex -1.830000e+02  4.561207e+02 -7.560137e+01
     vertex -1.372500e+02  4.536542e+02 -7.865307e+01
     vertex -1.372500e+02  4.559261e+02 -7.581302e+01
   endloop
 endfacet
 facet normal -1.181751e-03 -7.863106e-01  6.178303e-01
   outer loop
     vertex -1.830000e+02  4.561207e+02 -7.560137e+01
     vertex -1.830000e+02  4.532126e+02 -7.930256e+01
     vertex -1.372500e+02  4.536542e+02 -7.865307e+01
   endloop
 endfacet
 facet normal  2.738531e-15 -6.293088e-01  7.771554e-01
   outer loop
     vertex -1.830000e+02  4.595984e+02 -7.242933e+01
     vertex -1.372500e+02  4.585412e+02 -7.328543e+01
     vertex -1.307500e+02  4.595984e+02 -7.242933e+01
   endloop
 endfacet
 facet normal -1.747556e-03 -6.738943e-01  7.388257e-01
   outer loop
     vertex -1.830000e+02  4.595984e+02 -7.242933e+01
     vertex -1.830000e+02  4.561207e+02 -7.560137e+01
     vertex -1.372500e+02  4.585412e+02 -7.328543e+01
   endloop
 endfacet
 facet normal  2.361812e-15 -5.430973e-01  8.396698e-01
   outer loop
     vertex -1.830000e+02  4.635508e+02 -6.987296e+01
     vertex -1.830000e+02  4.595984e+02 -7.242933e+01
     vertex -1.307500e+02  4.595984e+02 -7.242933e+01
   endloop
 endfacet
 facet normal  2.363369e-15 -5.430973e-01  8.396698e-01
   outer loop
     vertex -1.830000e+02  4.635508e+02 -6.987296e+01
     vertex -1.307500e+02  4.595984e+02 -7.242933e+01
     vertex -1.307500e+02  4.635508e+02 -6.987296e+01
   endloop
 endfacet
 facet normal  1.733440e-15 -3.974851e-01  9.176086e-01
   outer loop
     vertex -1.830000e+02  4.678700e+02 -6.800199e+01
     vertex -1.830000e+02  4.635508e+02 -6.987296e+01
     vertex -1.307500e+02  4.635508e+02 -6.987296e+01
   endloop
 endfacet
 facet normal  1.546856e-15 -3.974851e-01  9.176086e-01
   outer loop
     vertex -1.830000e+02  4.678700e+02 -6.800199e+01
     vertex -1.307500e+02  4.635508e+02 -6.987296e+01
     vertex -1.307500e+02  4.678700e+02 -6.800199e+01
   endloop
 endfacet
 facet normal  1.050620e-15 -2.410305e-01  9.705175e-01
   outer loop
     vertex -1.830000e+02  4.678700e+02 -6.800199e+01
     vertex -1.307500e+02  4.678700e+02 -6.800199e+01
     vertex -1.307500e+02  4.724382e+02 -6.686745e+01
   endloop
 endfacet
 facet normal  2.545754e-16 -7.800121e-02  9.969533e-01
   outer loop
     vertex -1.830000e+02  4.724382e+02 -6.686745e+01
     vertex -1.307500e+02  4.724382e+02 -6.686745e+01
     vertex -1.307500e+02  4.771309e+02 -6.650030e+01
   endloop
 endfacet
 facet normal  7.866601e-16 -2.410305e-01  9.705175e-01
   outer loop
     vertex -1.830000e+02  4.724382e+02 -6.686745e+01
     vertex -1.830000e+02  4.678700e+02 -6.800199e+01
     vertex -1.307500e+02  4.724382e+02 -6.686745e+01
   endloop
 endfacet
 facet normal  4.408664e-16 -7.800121e-02  9.969533e-01
   outer loop
     vertex -1.830000e+02  4.771309e+02 -6.650030e+01
     vertex -1.830000e+02  4.724382e+02 -6.686745e+01
     vertex -1.307500e+02  4.771309e+02 -6.650030e+01
   endloop
 endfacet
 facet normal  8.130751e-17  8.715574e-02  9.961947e-01
   outer loop
     vertex -1.830000e+02  4.771309e+02 -6.650030e+01
     vertex -1.307500e+02  4.771309e+02 -6.650030e+01
     vertex -1.307500e+02  4.818200e+02 -6.691054e+01
   endloop
 endfacet
 facet normal -8.157231e-16  2.499353e-01  9.682625e-01
   outer loop
     vertex -1.830000e+02  4.818200e+02 -6.691054e+01
     vertex -1.307500e+02  4.818200e+02 -6.691054e+01
     vertex -1.307500e+02  4.863776e+02 -6.808700e+01
   endloop
 endfacet
 facet normal -2.844534e-16  8.715574e-02  9.961947e-01
   outer loop
     vertex -1.830000e+02  4.818200e+02 -6.691054e+01
     vertex -1.830000e+02  4.771309e+02 -6.650030e+01
     vertex -1.307500e+02  4.818200e+02 -6.691054e+01
   endloop
 endfacet
 facet normal -1.380293e-15  4.058973e-01  9.139187e-01
   outer loop
     vertex -1.830000e+02  4.863776e+02 -6.808700e+01
     vertex -1.307500e+02  4.863776e+02 -6.808700e+01
     vertex -1.307500e+02  4.906795e+02 -6.999756e+01
   endloop
 endfacet
 facet normal -1.070508e-15  2.499353e-01  9.682625e-01
   outer loop
     vertex -1.830000e+02  4.863776e+02 -6.808700e+01
     vertex -1.830000e+02  4.818200e+02 -6.691054e+01
     vertex -1.307500e+02  4.863776e+02 -6.808700e+01
   endloop
 endfacet
 facet normal -1.879433e-15  5.507875e-01  8.346455e-01
   outer loop
     vertex -1.830000e+02  4.906795e+02 -6.999756e+01
     vertex -1.307500e+02  4.906795e+02 -6.999756e+01
     vertex -1.307500e+02  4.946082e+02 -7.259013e+01
   endloop
 endfacet
 facet normal -1.628859e-15  4.058973e-01  9.139187e-01
   outer loop
     vertex -1.830000e+02  4.906795e+02 -6.999756e+01
     vertex -1.830000e+02  4.863776e+02 -6.808700e+01
     vertex -1.307500e+02  4.906795e+02 -6.999756e+01
   endloop
 endfacet
 facet normal -1.537502e-15  6.806536e-01  7.326054e-01
   outer loop
     vertex -1.830000e+02  4.946082e+02 -7.259013e+01
     vertex -1.307500e+02  4.946082e+02 -7.259013e+01
     vertex -1.307500e+02  4.980566e+02 -7.579398e+01
   endloop
 endfacet
 facet normal -1.507230e-15  5.507875e-01  8.346455e-01
   outer loop
     vertex -1.830000e+02  4.946082e+02 -7.259013e+01
     vertex -1.830000e+02  4.906795e+02 -6.999756e+01
     vertex -1.307500e+02  4.946082e+02 -7.259013e+01
   endloop
 endfacet
 facet normal -3.581116e-15  7.919532e-01  6.105817e-01
   outer loop
     vertex -1.830000e+02  4.980566e+02 -7.579398e+01
     vertex -1.307500e+02  4.980566e+02 -7.579398e+01
     vertex -1.307500e+02  5.009306e+02 -7.952173e+01
   endloop
 endfacet
 facet normal -3.416990e-15  6.806536e-01  7.326054e-01
   outer loop
     vertex -1.830000e+02  4.980566e+02 -7.579398e+01
     vertex -1.830000e+02  4.946082e+02 -7.259013e+01
     vertex -1.307500e+02  4.980566e+02 -7.579398e+01
   endloop
 endfacet
 facet normal -3.647559e-15  8.816505e-01  4.719030e-01
   outer loop
     vertex -1.830000e+02  5.009306e+02 -7.952173e+01
     vertex -1.307500e+02  5.009306e+02 -7.952173e+01
     vertex -1.307500e+02  5.031518e+02 -8.367168e+01
   endloop
 endfacet
 facet normal -3.581116e-15  7.919532e-01  6.105817e-01
   outer loop
     vertex -1.830000e+02  5.009306e+02 -7.952173e+01
     vertex -1.830000e+02  4.980566e+02 -7.579398e+01
     vertex -1.307500e+02  5.009306e+02 -7.952173e+01
   endloop
 endfacet
 facet normal -6.970297e-16  9.472986e-01  3.203519e-01
   outer loop
     vertex -1.830000e+02  5.031518e+02 -8.367168e+01
     vertex -1.307500e+02  5.031518e+02 -8.367168e+01
     vertex -1.307500e+02  5.046598e+02 -8.813063e+01
   endloop
 endfacet
 facet normal -1.026778e-15  8.816505e-01  4.719030e-01
   outer loop
     vertex -1.830000e+02  5.031518e+02 -8.367168e+01
     vertex -1.830000e+02  5.009306e+02 -7.952173e+01
     vertex -1.307500e+02  5.031518e+02 -8.367168e+01
   endloop
 endfacet
 facet normal -2.845314e-15  9.472986e-01  3.203519e-01
   outer loop
     vertex -1.830000e+02  5.046598e+02 -8.813063e+01
     vertex -1.830000e+02  5.031518e+02 -8.367168e+01
     vertex -1.307500e+02  5.046598e+02 -8.813063e+01
   endloop
 endfacet
 facet normal -2.583106e-15  9.871069e-01  1.600625e-01
   outer loop
     vertex -1.830000e+02  5.054132e+02 -9.277697e+01
     vertex -1.307500e+02  5.046598e+02 -8.813063e+01
     vertex -1.307500e+02  5.054132e+02 -9.277697e+01
   endloop
 endfacet
 facet normal -2.163310e-15  9.999895e-01 -4.592956e-03
   outer loop
     vertex -1.830000e+02  5.054132e+02 -9.277697e+01
     vertex -1.307500e+02  5.054132e+02 -9.277697e+01
     vertex -1.307500e+02  5.053915e+02 -9.748394e+01
   endloop
 endfacet
 facet normal -2.538768e-15  9.871069e-01  1.600625e-01
   outer loop
     vertex -1.830000e+02  5.054132e+02 -9.277697e+01
     vertex -1.830000e+02  5.046598e+02 -8.813063e+01
     vertex -1.307500e+02  5.046598e+02 -8.813063e+01
   endloop
 endfacet
 facet normal -4.351603e-15  9.999895e-01 -4.592956e-03
   outer loop
     vertex -1.830000e+02  5.053915e+02 -9.748394e+01
     vertex -1.830000e+02  5.054132e+02 -9.277697e+01
     vertex -1.307500e+02  5.053915e+02 -9.748394e+01
   endloop
 endfacet
 facet normal -1.689736e-02 -6.948734e-01  7.189336e-01
   outer loop
     vertex -1.317500e+02  4.585412e+02 -7.328543e+01
     vertex -1.317500e+02  4.559261e+02 -7.581302e+01
     vertex -1.307500e+02  4.561207e+02 -7.560137e+01
   endloop
 endfacet
 facet normal -3.927755e-02 -8.534216e-01  5.197391e-01
   outer loop
     vertex -1.317500e+02  4.536542e+02 -7.865307e+01
     vertex -1.317500e+02  4.517624e+02 -8.175933e+01
     vertex -1.307500e+02  4.532126e+02 -7.930256e+01
   endloop
 endfacet
 facet normal -5.795084e-02 -9.118327e-01  4.064515e-01
   outer loop
     vertex -1.317500e+02  4.517624e+02 -8.175933e+01
     vertex -1.317500e+02  4.502817e+02 -8.508122e+01
     vertex -1.307500e+02  4.509533e+02 -8.343193e+01
   endloop
 endfacet
 facet normal  0.000000e+00  9.541349e-01 -2.993771e-01
   outer loop
     vertex -1.372500e+02  5.037183e+02 -1.049188e+02
     vertex -1.307500e+02  5.045955e+02 -1.021232e+02
     vertex -1.317500e+02  5.037183e+02 -1.049188e+02
   endloop
 endfacet
 facet normal  9.115841e-02  9.403842e-01 -3.276702e-01
   outer loop
     vertex -1.307500e+02  5.030467e+02 -1.065681e+02
     vertex -1.317500e+02  5.037183e+02 -1.049188e+02
     vertex -1.307500e+02  5.045955e+02 -1.021232e+02
   endloop
 endfacet
 facet normal -4.290265e-15  9.855949e-01 -1.691232e-01
   outer loop
     vertex -1.830000e+02  5.045955e+02 -1.021232e+02
     vertex -1.830000e+02  5.053915e+02 -9.748394e+01
     vertex -1.307500e+02  5.053915e+02 -9.748394e+01
   endloop
 endfacet
 facet normal -3.308718e-15  9.855949e-01 -1.691232e-01
   outer loop
     vertex -1.830000e+02  5.045955e+02 -1.021232e+02
     vertex -1.307500e+02  5.053915e+02 -9.748394e+01
     vertex -1.307500e+02  5.045955e+02 -1.021232e+02
   endloop
 endfacet
 facet normal -3.276893e-15  9.541349e-01 -2.993771e-01
   outer loop
     vertex -1.830000e+02  5.045955e+02 -1.021232e+02
     vertex -1.307500e+02  5.045955e+02 -1.021232e+02
     vertex -1.372500e+02  5.037183e+02 -1.049188e+02
   endloop
 endfacet
 facet normal  9.259432e-02  8.735096e-01 -4.779197e-01
   outer loop
     vertex -1.307500e+02  5.007874e+02 -1.106974e+02
     vertex -1.317500e+02  5.022376e+02 -1.082407e+02
     vertex -1.307500e+02  5.030467e+02 -1.065681e+02
   endloop
 endfacet
 facet normal  1.268816e-03  9.133669e-01 -4.071354e-01
   outer loop
     vertex -1.830000e+02  5.030467e+02 -1.065681e+02
     vertex -1.372500e+02  5.037183e+02 -1.049188e+02
     vertex -1.372500e+02  5.022376e+02 -1.082407e+02
   endloop
 endfacet
 facet normal -2.000860e-03  9.443140e-01 -3.290395e-01
   outer loop
     vertex -1.830000e+02  5.030467e+02 -1.065681e+02
     vertex -1.830000e+02  5.045955e+02 -1.021232e+02
     vertex -1.372500e+02  5.037183e+02 -1.049188e+02
   endloop
 endfacet
 facet normal  1.979126e-02  7.807321e-01 -6.245524e-01
   outer loop
     vertex -1.307500e+02  4.978793e+02 -1.143986e+02
     vertex -1.317500e+02  4.980739e+02 -1.141870e+02
     vertex -1.317500e+02  5.003458e+02 -1.113469e+02
   endloop
 endfacet
 facet normal  5.398632e-02  7.851644e-01 -6.169297e-01
   outer loop
     vertex -1.307500e+02  4.978793e+02 -1.143986e+02
     vertex -1.317500e+02  5.003458e+02 -1.113469e+02
     vertex -1.307500e+02  5.007874e+02 -1.106974e+02
   endloop
 endfacet
 facet normal  8.591885e-04  8.540804e-01 -5.201403e-01
   outer loop
     vertex -1.830000e+02  5.007874e+02 -1.106974e+02
     vertex -1.372500e+02  5.022376e+02 -1.082407e+02
     vertex -1.372500e+02  5.003458e+02 -1.113469e+02
   endloop
 endfacet
 facet normal -2.032648e-03  8.772767e-01 -4.799808e-01
   outer loop
     vertex -1.830000e+02  5.007874e+02 -1.106974e+02
     vertex -1.830000e+02  5.030467e+02 -1.065681e+02
     vertex -1.372500e+02  5.022376e+02 -1.082407e+02
   endloop
 endfacet
 facet normal -2.003190e-15  6.293088e-01 -7.771554e-01
   outer loop
     vertex -1.307500e+02  4.944016e+02 -1.175707e+02
     vertex -1.372500e+02  4.954588e+02 -1.167146e+02
     vertex -1.317500e+02  4.954588e+02 -1.167146e+02
   endloop
 endfacet
 facet normal  7.969649e-02  6.717517e-01 -7.364768e-01
   outer loop
     vertex -1.307500e+02  4.944016e+02 -1.175707e+02
     vertex -1.317500e+02  4.954588e+02 -1.167146e+02
     vertex -1.307500e+02  4.978793e+02 -1.143986e+02
   endloop
 endfacet
 facet normal  3.693939e-04  6.949725e-01 -7.190362e-01
   outer loop
     vertex -1.830000e+02  4.978793e+02 -1.143986e+02
     vertex -1.372500e+02  4.980739e+02 -1.141870e+02
     vertex -1.372500e+02  4.954588e+02 -1.167146e+02
   endloop
 endfacet
 facet normal -4.326806e-04  7.808849e-01 -6.246747e-01
   outer loop
     vertex -1.830000e+02  4.978793e+02 -1.143986e+02
     vertex -1.372500e+02  5.003458e+02 -1.113469e+02
     vertex -1.372500e+02  4.980739e+02 -1.141870e+02
   endloop
 endfacet
 facet normal -1.181751e-03  7.863106e-01 -6.178303e-01
   outer loop
     vertex -1.830000e+02  4.978793e+02 -1.143986e+02
     vertex -1.830000e+02  5.007874e+02 -1.106974e+02
     vertex -1.372500e+02  5.003458e+02 -1.113469e+02
   endloop
 endfacet
 facet normal -2.949900e-15  6.293088e-01 -7.771554e-01
   outer loop
     vertex -1.830000e+02  4.944016e+02 -1.175707e+02
     vertex -1.372500e+02  4.954588e+02 -1.167146e+02
     vertex -1.307500e+02  4.944016e+02 -1.175707e+02
   endloop
 endfacet
 facet normal -1.747556e-03  6.738943e-01 -7.388257e-01
   outer loop
     vertex -1.830000e+02  4.944016e+02 -1.175707e+02
     vertex -1.830000e+02  4.978793e+02 -1.143986e+02
     vertex -1.372500e+02  4.954588e+02 -1.167146e+02
   endloop
 endfacet
 facet normal -2.592938e-15  5.430973e-01 -8.396698e-01
   outer loop
     vertex -1.830000e+02  4.904492e+02 -1.201270e+02
     vertex -1.830000e+02  4.944016e+02 -1.175707e+02
     vertex -1.307500e+02  4.944016e+02 -1.175707e+02
   endloop
 endfacet
 facet normal -2.134997e-15  5.430973e-01 -8.396698e-01
   outer loop
     vertex -1.830000e+02  4.904492e+02 -1.201270e+02
     vertex -1.307500e+02  4.944016e+02 -1.175707e+02
     vertex -1.307500e+02  4.904492e+02 -1.201270e+02
   endloop
 endfacet
 facet normal -1.480647e-15  3.974851e-01 -9.176086e-01
   outer loop
     vertex -1.830000e+02  4.861300e+02 -1.219980e+02
     vertex -1.830000e+02  4.904492e+02 -1.201270e+02
     vertex -1.307500e+02  4.904492e+02 -1.201270e+02
   endloop
 endfacet
 facet normal -1.297287e-15  3.974851e-01 -9.176086e-01
   outer loop
     vertex -1.830000e+02  4.861300e+02 -1.219980e+02
     vertex -1.307500e+02  4.904492e+02 -1.201270e+02
     vertex -1.307500e+02  4.861300e+02 -1.219980e+02
   endloop
 endfacet
 facet normal -7.872708e-16  2.410305e-01 -9.705175e-01
   outer loop
     vertex -1.830000e+02  4.815618e+02 -1.231325e+02
     vertex -1.830000e+02  4.861300e+02 -1.219980e+02
     vertex -1.307500e+02  4.861300e+02 -1.219980e+02
   endloop
 endfacet
 facet normal -7.866601e-16  2.410305e-01 -9.705175e-01
   outer loop
     vertex -1.830000e+02  4.815618e+02 -1.231325e+02
     vertex -1.307500e+02  4.861300e+02 -1.219980e+02
     vertex -1.307500e+02  4.815618e+02 -1.231325e+02
   endloop
 endfacet
 facet normal -4.408664e-16  7.800121e-02 -9.969533e-01
   outer loop
     vertex -1.830000e+02  4.768691e+02 -1.234997e+02
     vertex -1.307500e+02  4.815618e+02 -1.231325e+02
     vertex -1.307500e+02  4.768691e+02 -1.234997e+02
   endloop
 endfacet
 facet normal -2.545990e-16  7.800121e-02 -9.969533e-01
   outer loop
     vertex -1.830000e+02  4.768691e+02 -1.234997e+02
     vertex -1.830000e+02  4.815618e+02 -1.231325e+02
     vertex -1.307500e+02  4.815618e+02 -1.231325e+02
   endloop
 endfacet
 facet normal -8.125501e-17 -8.715574e-02 -9.961947e-01
   outer loop
     vertex -1.830000e+02  4.721800e+02 -1.230895e+02
     vertex -1.830000e+02  4.768691e+02 -1.234997e+02
     vertex -1.307500e+02  4.768691e+02 -1.234997e+02
   endloop
 endfacet
 facet normal  2.844534e-16 -8.715574e-02 -9.961947e-01
   outer loop
     vertex -1.830000e+02  4.721800e+02 -1.230895e+02
     vertex -1.307500e+02  4.768691e+02 -1.234997e+02
     vertex -1.307500e+02  4.721800e+02 -1.230895e+02
   endloop
 endfacet
 facet normal  8.071616e-16 -2.499353e-01 -9.682625e-01
   outer loop
     vertex -1.830000e+02  4.676224e+02 -1.219130e+02
     vertex -1.307500e+02  4.721800e+02 -1.230895e+02
     vertex -1.307500e+02  4.676224e+02 -1.219130e+02
   endloop
 endfacet
 facet normal  8.161614e-16 -2.499353e-01 -9.682625e-01
   outer loop
     vertex -1.830000e+02  4.676224e+02 -1.219130e+02
     vertex -1.830000e+02  4.721800e+02 -1.230895e+02
     vertex -1.307500e+02  4.721800e+02 -1.230895e+02
   endloop
 endfacet
 facet normal  1.187278e-15 -4.058973e-01 -9.139187e-01
   outer loop
     vertex -1.830000e+02  4.633205e+02 -1.200024e+02
     vertex -1.307500e+02  4.676224e+02 -1.219130e+02
     vertex -1.307500e+02  4.633205e+02 -1.200024e+02
   endloop
 endfacet
 facet normal  1.133959e-15 -4.058973e-01 -9.139187e-01
   outer loop
     vertex -1.830000e+02  4.633205e+02 -1.200024e+02
     vertex -1.830000e+02  4.676224e+02 -1.219130e+02
     vertex -1.307500e+02  4.676224e+02 -1.219130e+02
   endloop
 endfacet
 facet normal  2.705647e-15 -5.507875e-01 -8.346455e-01
   outer loop
     vertex -1.830000e+02  4.593918e+02 -1.174099e+02
     vertex -1.307500e+02  4.633205e+02 -1.200024e+02
     vertex -1.307500e+02  4.593918e+02 -1.174099e+02
   endloop
 endfacet
 facet normal  1.278412e-15 -5.507875e-01 -8.346455e-01
   outer loop
     vertex -1.830000e+02  4.593918e+02 -1.174099e+02
     vertex -1.830000e+02  4.633205e+02 -1.200024e+02
     vertex -1.307500e+02  4.633205e+02 -1.200024e+02
   endloop
 endfacet
 facet normal  3.416990e-15 -6.806536e-01 -7.326054e-01
   outer loop
     vertex -1.830000e+02  4.559434e+02 -1.142060e+02
     vertex -1.307500e+02  4.593918e+02 -1.174099e+02
     vertex -1.307500e+02  4.559434e+02 -1.142060e+02
   endloop
 endfacet
 facet normal  3.019075e-15 -6.806536e-01 -7.326054e-01
   outer loop
     vertex -1.830000e+02  4.559434e+02 -1.142060e+02
     vertex -1.830000e+02  4.593918e+02 -1.174099e+02
     vertex -1.307500e+02  4.593918e+02 -1.174099e+02
   endloop
 endfacet
 facet normal  3.581116e-15 -7.919532e-01 -6.105817e-01
   outer loop
     vertex -1.830000e+02  4.530694e+02 -1.104783e+02
     vertex -1.307500e+02  4.559434e+02 -1.142060e+02
     vertex -1.307500e+02  4.530694e+02 -1.104783e+02
   endloop
 endfacet
 facet normal  3.582443e-15 -7.919532e-01 -6.105817e-01
   outer loop
     vertex -1.830000e+02  4.530694e+02 -1.104783e+02
     vertex -1.830000e+02  4.559434e+02 -1.142060e+02
     vertex -1.307500e+02  4.559434e+02 -1.142060e+02
   endloop
 endfacet
 facet normal  2.945095e-15 -8.816505e-01 -4.719030e-01
   outer loop
     vertex -1.830000e+02  4.508482e+02 -1.063283e+02
     vertex -1.307500e+02  4.530694e+02 -1.104783e+02
     vertex -1.307500e+02  4.508482e+02 -1.063283e+02
   endloop
 endfacet
 facet normal  3.647447e-15 -8.816505e-01 -4.719030e-01
   outer loop
     vertex -1.830000e+02  4.508482e+02 -1.063283e+02
     vertex -1.830000e+02  4.530694e+02 -1.104783e+02
     vertex -1.307500e+02  4.530694e+02 -1.104783e+02
   endloop
 endfacet
 facet normal  3.875892e-15 -9.472986e-01 -3.203519e-01
   outer loop
     vertex -1.830000e+02  4.493402e+02 -1.018694e+02
     vertex -1.307500e+02  4.508482e+02 -1.063283e+02
     vertex -1.307500e+02  4.493402e+02 -1.018694e+02
   endloop
 endfacet
 facet normal  2.759059e-15 -9.472986e-01 -3.203519e-01
   outer loop
     vertex -1.830000e+02  4.493402e+02 -1.018694e+02
     vertex -1.830000e+02  4.508482e+02 -1.063283e+02
     vertex -1.307500e+02  4.508482e+02 -1.063283e+02
   endloop
 endfacet
 facet normal  2.539573e-15 -9.871069e-01 -1.600625e-01
   outer loop
     vertex -1.830000e+02  4.485868e+02 -9.722303e+01
     vertex -1.307500e+02  4.493402e+02 -1.018694e+02
     vertex -1.307500e+02  4.485868e+02 -9.722303e+01
   endloop
 endfacet
 facet normal  3.613139e-15 -9.871069e-01 -1.600625e-01
   outer loop
     vertex -1.830000e+02  4.485868e+02 -9.722303e+01
     vertex -1.830000e+02  4.493402e+02 -1.018694e+02
     vertex -1.307500e+02  4.493402e+02 -1.018694e+02
   endloop
 endfacet
 facet normal  2.175802e-15 -9.999895e-01  4.592956e-03
   outer loop
     vertex -1.830000e+02  4.486085e+02 -9.251606e+01
     vertex -1.307500e+02  4.485868e+02 -9.722303e+01
     vertex -1.307500e+02  4.486085e+02 -9.251606e+01
   endloop
 endfacet
 facet normal  2.164600e-15 -9.999895e-01  4.592956e-03
   outer loop
     vertex -1.830000e+02  4.486085e+02 -9.251606e+01
     vertex -1.830000e+02  4.485868e+02 -9.722303e+01
     vertex -1.307500e+02  4.485868e+02 -9.722303e+01
   endloop
 endfacet
 facet normal -1.689736e-02  6.948734e-01 -7.189336e-01
   outer loop
     vertex -1.317500e+02  4.954588e+02 -1.167146e+02
     vertex -1.317500e+02  4.980739e+02 -1.141870e+02
     vertex -1.307500e+02  4.978793e+02 -1.143986e+02
   endloop
 endfacet
 facet normal -3.927755e-02  8.534216e-01 -5.197391e-01
   outer loop
     vertex -1.317500e+02  5.003458e+02 -1.113469e+02
     vertex -1.317500e+02  5.022376e+02 -1.082407e+02
     vertex -1.307500e+02  5.007874e+02 -1.106974e+02
   endloop
 endfacet
 facet normal -5.795084e-02  9.118327e-01 -4.064515e-01
   outer loop
     vertex -1.317500e+02  5.022376e+02 -1.082407e+02
     vertex -1.317500e+02  5.037183e+02 -1.049188e+02
     vertex -1.307500e+02  5.030467e+02 -1.065681e+02
   endloop
 endfacet
 facet normal  1.000000e+00  9.392919e-16  6.269327e-15
   outer loop
     vertex -1.307500e+02  4.570535e+02 -9.849154e+01
     vertex -1.307500e+02  4.485868e+02 -9.722303e+01
     vertex -1.307500e+02  4.493402e+02 -1.018694e+02
   endloop
 endfacet
 facet normal  1.000000e+00  3.279248e-15  9.260320e-16
   outer loop
     vertex -1.307500e+02  4.571354e+02 -9.878154e+01
     vertex -1.307500e+02  4.570535e+02 -9.849154e+01
     vertex -1.307500e+02  4.493402e+02 -1.018694e+02
   endloop
 endfacet
 facet normal  1.000000e+00  0.000000e+00  0.000000e+00
   outer loop
     vertex -1.307500e+02  4.570434e+02 -9.819037e+01
     vertex -1.307500e+02  4.485868e+02 -9.722303e+01
     vertex -1.307500e+02  4.570535e+02 -9.849154e+01
   endloop
 endfacet
 facet normal  1.000000e+00  2.975973e-15  1.691645e-15
   outer loop
     vertex -1.307500e+02  4.572843e+02 -9.904352e+01
     vertex -1.307500e+02  4.571354e+02 -9.878154e+01
     vertex -1.307500e+02  4.493402e+02 -1.018694e+02
   endloop
 endfacet
 facet normal  1.000000e+00  0.000000e+00  0.000000e+00
   outer loop
     vertex -1.307500e+02  4.571057e+02 -9.789553e+01
     vertex -1.307500e+02  4.485868e+02 -9.722303e+01
     vertex -1.307500e+02  4.570434e+02 -9.819037e+01
   endloop
 endfacet
 facet normal  1.000000e+00  4.986116e-15 -4.687897e-15
   outer loop
     vertex -1.307500e+02  4.574916e+02 -9.926224e+01
     vertex -1.307500e+02  4.493402e+02 -1.018694e+02
     vertex -1.307500e+02  4.508482e+02 -1.063283e+02
   endloop
 endfacet
 facet normal  1.000000e+00  2.675712e-15  2.535745e-15
   outer loop
     vertex -1.307500e+02  4.574916e+02 -9.926224e+01
     vertex -1.307500e+02  4.572843e+02 -9.904352e+01
     vertex -1.307500e+02  4.493402e+02 -1.018694e+02
   endloop
 endfacet
 facet normal  1.000000e+00 -2.799524e-16 -6.036928e-15
   outer loop
     vertex -1.307500e+02  4.572367e+02 -9.762416e+01
     vertex -1.307500e+02  4.486085e+02 -9.251606e+01
     vertex -1.307500e+02  4.485868e+02 -9.722303e+01
   endloop
 endfacet
 facet normal  1.000000e+00  0.000000e+00  0.000000e+00
   outer loop
     vertex -1.307500e+02  4.572367e+02 -9.762416e+01
     vertex -1.307500e+02  4.485868e+02 -9.722303e+01
     vertex -1.307500e+02  4.571057e+02 -9.789553e+01
   endloop
 endfacet
 facet normal  1.000000e+00  0.000000e+00  0.000000e+00
   outer loop
     vertex -1.307500e+02  4.577452e+02 -9.942501e+01
     vertex -1.307500e+02  4.574916e+02 -9.926224e+01
     vertex -1.307500e+02  4.508482e+02 -1.063283e+02
   endloop
 endfacet
 facet normal  1.000000e+00  2.210719e-15 -1.829866e-15
   outer loop
     vertex -1.307500e+02  4.574288e+02 -9.739202e+01
     vertex -1.307500e+02  4.486085e+02 -9.251606e+01
     vertex -1.307500e+02  4.572367e+02 -9.762416e+01
   endloop
 endfacet
 facet normal  1.000000e+00  0.000000e+00  0.000000e+00
   outer loop
     vertex -1.307500e+02  4.580304e+02 -9.952235e+01
     vertex -1.307500e+02  4.508482e+02 -1.063283e+02
     vertex -1.307500e+02  4.530694e+02 -1.104783e+02
   endloop
 endfacet
 facet normal  1.000000e+00  0.000000e+00  0.000000e+00
   outer loop
     vertex -1.307500e+02  4.580304e+02 -9.952235e+01
     vertex -1.307500e+02  4.577452e+02 -9.942501e+01
     vertex -1.307500e+02  4.508482e+02 -1.063283e+02
   endloop
 endfacet
 facet normal  1.000000e+00  2.880076e-15 -4.942067e-16
   outer loop
     vertex -1.307500e+02  4.576709e+02 -9.721261e+01
     vertex -1.307500e+02  4.494045e+02 -8.787684e+01
     vertex -1.307500e+02  4.486085e+02 -9.251606e+01
   endloop
 endfacet
 facet normal  1.000000e+00  1.845493e-15 -2.490543e-15
   outer loop
     vertex -1.307500e+02  4.576709e+02 -9.721261e+01
     vertex -1.307500e+02  4.486085e+02 -9.251606e+01
     vertex -1.307500e+02  4.574288e+02 -9.739202e+01
   endloop
 endfacet
 facet normal  1.000000e+00  0.000000e+00  0.000000e+00
   outer loop
     vertex -1.307500e+02  4.583306e+02 -9.954861e+01
     vertex -1.307500e+02  4.580304e+02 -9.952235e+01
     vertex -1.307500e+02  4.530694e+02 -1.104783e+02
   endloop
 endfacet
 facet normal  1.000000e+00  9.290354e-16 -2.221768e-15
   outer loop
     vertex -1.307500e+02  4.579489e+02 -9.709636e+01
     vertex -1.307500e+02  4.494045e+02 -8.787684e+01
     vertex -1.307500e+02  4.576709e+02 -9.721261e+01
   endloop
 endfacet
 facet normal  1.000000e+00  0.000000e+00  0.000000e+00
   outer loop
     vertex -1.307500e+02  4.586284e+02 -9.950227e+01
     vertex -1.307500e+02  4.530694e+02 -1.104783e+02
     vertex -1.307500e+02  4.559434e+02 -1.142060e+02
   endloop
 endfacet
 facet normal  1.000000e+00  0.000000e+00  0.000000e+00
   outer loop
     vertex -1.307500e+02  4.586284e+02 -9.950227e+01
     vertex -1.307500e+02  4.583306e+02 -9.954861e+01
     vertex -1.307500e+02  4.530694e+02 -1.104783e+02
   endloop
 endfacet
 facet normal  1.000000e+00  2.360898e-15 -8.226381e-16
   outer loop
     vertex -1.307500e+02  4.582467e+02 -9.705002e+01
     vertex -1.307500e+02  4.509533e+02 -8.343193e+01
     vertex -1.307500e+02  4.494045e+02 -8.787684e+01
   endloop
 endfacet
 facet normal  1.000000e+00  4.193031e-16 -2.694176e-15
   outer loop
     vertex -1.307500e+02  4.582467e+02 -9.705002e+01
     vertex -1.307500e+02  4.494045e+02 -8.787684e+01
     vertex -1.307500e+02  4.579489e+02 -9.709636e+01
   endloop
 endfacet
 facet normal  1.000000e+00 -8.453563e-15 -2.276875e-16
   outer loop
     vertex -1.307500e+02  4.589064e+02 -9.938602e+01
     vertex -1.307500e+02  4.559434e+02 -1.142060e+02
     vertex -1.307500e+02  4.593918e+02 -1.174099e+02
   endloop
 endfacet
 facet normal  1.000000e+00 -1.106820e-13  2.021069e-14
   outer loop
     vertex -1.307500e+02  4.589064e+02 -9.938602e+01
     vertex -1.307500e+02  4.586284e+02 -9.950227e+01
     vertex -1.307500e+02  4.559434e+02 -1.142060e+02
   endloop
 endfacet
 facet normal  1.000000e+00  8.123732e-15  2.438116e-15
   outer loop
     vertex -1.307500e+02  4.585469e+02 -9.707628e+01
     vertex -1.307500e+02  4.532126e+02 -7.930256e+01
     vertex -1.307500e+02  4.509533e+02 -8.343193e+01
   endloop
 endfacet
 facet normal  1.000000e+00 -1.915699e-16 -2.189653e-15
   outer loop
     vertex -1.307500e+02  4.585469e+02 -9.707628e+01
     vertex -1.307500e+02  4.509533e+02 -8.343193e+01
     vertex -1.307500e+02  4.582467e+02 -9.705002e+01
   endloop
 endfacet
 facet normal  1.000000e+00  0.000000e+00  0.000000e+00
   outer loop
     vertex -1.307500e+02  4.591485e+02 -9.920661e+01
     vertex -1.307500e+02  4.589064e+02 -9.938602e+01
     vertex -1.307500e+02  4.593918e+02 -1.174099e+02
   endloop
 endfacet
 facet normal  1.000000e+00  0.000000e+00  0.000000e+00
   outer loop
     vertex -1.307500e+02  4.588321e+02 -9.717362e+01
     vertex -1.307500e+02  4.532126e+02 -7.930256e+01
     vertex -1.307500e+02  4.585469e+02 -9.707628e+01
   endloop
 endfacet
 facet normal  1.000000e+00  9.165962e-15  8.064704e-15
   outer loop
     vertex -1.307500e+02  4.724656e+02 -7.648088e+01
     vertex -1.307500e+02  4.635508e+02 -6.987296e+01
     vertex -1.307500e+02  4.595984e+02 -7.242933e+01
   endloop
 endfacet
 facet normal  1.000000e+00  4.556041e-15 -6.508509e-15
   outer loop
     vertex -1.307500e+02  4.790642e+02 -1.139036e+02
     vertex -1.307500e+02  4.676224e+02 -1.219130e+02
     vertex -1.307500e+02  4.721800e+02 -1.230895e+02
   endloop
 endfacet
 facet normal  1.000000e+00  2.618150e-15 -1.183049e-14
   outer loop
     vertex -1.307500e+02  4.725474e+02 -7.677088e+01
     vertex -1.307500e+02  4.595984e+02 -7.242933e+01
     vertex -1.307500e+02  4.561207e+02 -7.560137e+01
   endloop
 endfacet
 facet normal  1.000000e+00  7.273313e-15  2.053922e-15
   outer loop
     vertex -1.307500e+02  4.725474e+02 -7.677088e+01
     vertex -1.307500e+02  4.724656e+02 -7.648088e+01
     vertex -1.307500e+02  4.595984e+02 -7.242933e+01
   endloop
 endfacet
 facet normal  1.000000e+00 -2.998637e-15 -8.467897e-16
   outer loop
     vertex -1.307500e+02  4.791461e+02 -1.141936e+02
     vertex -1.307500e+02  4.790642e+02 -1.139036e+02
     vertex -1.307500e+02  4.721800e+02 -1.230895e+02
   endloop
 endfacet
 facet normal  1.000000e+00  3.269525e-15  1.097796e-16
   outer loop
     vertex -1.307500e+02  4.724554e+02 -7.617971e+01
     vertex -1.307500e+02  4.635508e+02 -6.987296e+01
     vertex -1.307500e+02  4.724656e+02 -7.648088e+01
   endloop
 endfacet
 facet normal  1.000000e+00  4.101296e-15 -5.641572e-15
   outer loop
     vertex -1.307500e+02  4.790541e+02 -1.136024e+02
     vertex -1.307500e+02  4.633205e+02 -1.200024e+02
     vertex -1.307500e+02  4.676224e+02 -1.219130e+02
   endloop
 endfacet
 facet normal  1.000000e+00  0.000000e+00  0.000000e+00
   outer loop
     vertex -1.307500e+02  4.790541e+02 -1.136024e+02
     vertex -1.307500e+02  4.676224e+02 -1.219130e+02
     vertex -1.307500e+02  4.790642e+02 -1.139036e+02
   endloop
 endfacet
 facet normal  1.000000e+00  3.211424e-15 -2.523322e-15
   outer loop
     vertex -1.307500e+02  4.726964e+02 -7.703286e+01
     vertex -1.307500e+02  4.561207e+02 -7.560137e+01
     vertex -1.307500e+02  4.532126e+02 -7.930256e+01
   endloop
 endfacet
 facet normal  1.000000e+00  3.606378e-15  2.049989e-15
   outer loop
     vertex -1.307500e+02  4.726964e+02 -7.703286e+01
     vertex -1.307500e+02  4.725474e+02 -7.677088e+01
     vertex -1.307500e+02  4.561207e+02 -7.560137e+01
   endloop
 endfacet
 facet normal  1.000000e+00 -2.363982e-15 -1.343768e-15
   outer loop
     vertex -1.307500e+02  4.792950e+02 -1.144556e+02
     vertex -1.307500e+02  4.791461e+02 -1.141936e+02
     vertex -1.307500e+02  4.721800e+02 -1.230895e+02
   endloop
 endfacet
 facet normal  1.000000e+00 -2.686337e-16 -3.070497e-15
   outer loop
     vertex -1.307500e+02  4.792950e+02 -1.144556e+02
     vertex -1.307500e+02  4.721800e+02 -1.230895e+02
     vertex -1.307500e+02  4.768691e+02 -1.234997e+02
   endloop
 endfacet
 facet normal  1.000000e+00  1.244076e-15 -2.871995e-15
   outer loop
     vertex -1.307500e+02  4.725177e+02 -7.588487e+01
     vertex -1.307500e+02  4.678700e+02 -6.800199e+01
     vertex -1.307500e+02  4.635508e+02 -6.987296e+01
   endloop
 endfacet
 facet normal  1.000000e+00  2.776542e-15 -5.862772e-16
   outer loop
     vertex -1.307500e+02  4.725177e+02 -7.588487e+01
     vertex -1.307500e+02  4.635508e+02 -6.987296e+01
     vertex -1.307500e+02  4.724554e+02 -7.617971e+01
   endloop
 endfacet
 facet normal  1.000000e+00  3.924906e-15 -5.015083e-15
   outer loop
     vertex -1.307500e+02  4.791163e+02 -1.133076e+02
     vertex -1.307500e+02  4.593918e+02 -1.174099e+02
     vertex -1.307500e+02  4.633205e+02 -1.200024e+02
   endloop
 endfacet
 facet normal  1.000000e+00  1.976178e-15 -4.172774e-16
   outer loop
     vertex -1.307500e+02  4.791163e+02 -1.133076e+02
     vertex -1.307500e+02  4.633205e+02 -1.200024e+02
     vertex -1.307500e+02  4.790541e+02 -1.136024e+02
   endloop
 endfacet
 facet normal  1.000000e+00  2.873878e-15  3.841741e-17
   outer loop
     vertex -1.307500e+02  4.791163e+02 -1.133076e+02
     vertex -1.307500e+02  4.591485e+02 -9.920661e+01
     vertex -1.307500e+02  4.593918e+02 -1.174099e+02
   endloop
 endfacet
 facet normal  1.000000e+00  2.795216e-15  8.789444e-16
   outer loop
     vertex -1.307500e+02  4.729036e+02 -7.725158e+01
     vertex -1.307500e+02  4.532126e+02 -7.930256e+01
     vertex -1.307500e+02  4.588321e+02 -9.717362e+01
   endloop
 endfacet
 facet normal  1.000000e+00  2.627415e-15  2.489974e-15
   outer loop
     vertex -1.307500e+02  4.729036e+02 -7.725158e+01
     vertex -1.307500e+02  4.726964e+02 -7.703286e+01
     vertex -1.307500e+02  4.532126e+02 -7.930256e+01
   endloop
 endfacet
 facet normal  1.000000e+00 -7.585371e-14  5.643113e-14
   outer loop
     vertex -1.307500e+02  4.729036e+02 -7.725158e+01
     vertex -1.307500e+02  4.588321e+02 -9.717362e+01
     vertex -1.307500e+02  4.590857e+02 -9.733639e+01
   endloop
 endfacet
 facet normal  1.000000e+00 -2.584511e-15 -2.449314e-15
   outer loop
     vertex -1.307500e+02  4.795023e+02 -1.146743e+02
     vertex -1.307500e+02  4.792950e+02 -1.144556e+02
     vertex -1.307500e+02  4.768691e+02 -1.234997e+02
   endloop
 endfacet
 facet normal  1.000000e+00  3.362227e-15 -1.623137e-15
   outer loop
     vertex -1.307500e+02  4.726487e+02 -7.561349e+01
     vertex -1.307500e+02  4.678700e+02 -6.800199e+01
     vertex -1.307500e+02  4.725177e+02 -7.588487e+01
   endloop
 endfacet
 facet normal  1.000000e+00  2.122990e-15 -1.024887e-15
   outer loop
     vertex -1.307500e+02  4.792473e+02 -1.130362e+02
     vertex -1.307500e+02  4.591485e+02 -9.920661e+01
     vertex -1.307500e+02  4.791163e+02 -1.133076e+02
   endloop
 endfacet
 facet normal  1.000000e+00  1.801926e-15 -1.491498e-15
   outer loop
     vertex -1.307500e+02  4.792473e+02 -1.130362e+02
     vertex -1.307500e+02  4.593406e+02 -9.897447e+01
     vertex -1.307500e+02  4.591485e+02 -9.920661e+01
   endloop
 endfacet
 facet normal  1.000000e+00  1.890056e-15  2.944934e-15
   outer loop
     vertex -1.307500e+02  4.731573e+02 -7.741434e+01
     vertex -1.307500e+02  4.729036e+02 -7.725158e+01
     vertex -1.307500e+02  4.590857e+02 -9.733639e+01
   endloop
 endfacet
 facet normal  1.000000e+00  2.587597e-15  2.452239e-15
   outer loop
     vertex -1.307500e+02  4.731573e+02 -7.741434e+01
     vertex -1.307500e+02  4.590857e+02 -9.733639e+01
     vertex -1.307500e+02  4.592930e+02 -9.755511e+01
   endloop
 endfacet
 facet normal  1.000000e+00 -1.734697e-15 -2.702867e-15
   outer loop
     vertex -1.307500e+02  4.797559e+02 -1.148370e+02
     vertex -1.307500e+02  4.795023e+02 -1.146743e+02
     vertex -1.307500e+02  4.768691e+02 -1.234997e+02
   endloop
 endfacet
 facet normal  1.000000e+00  2.565376e-15 -2.123424e-15
   outer loop
     vertex -1.307500e+02  4.728409e+02 -7.538136e+01
     vertex -1.307500e+02  4.678700e+02 -6.800199e+01
     vertex -1.307500e+02  4.726487e+02 -7.561349e+01
   endloop
 endfacet
 facet normal  1.000000e+00  1.801926e-15 -1.491498e-15
   outer loop
     vertex -1.307500e+02  4.794395e+02 -1.128041e+02
     vertex -1.307500e+02  4.593406e+02 -9.897447e+01
     vertex -1.307500e+02  4.792473e+02 -1.130362e+02
   endloop
 endfacet
 facet normal  1.000000e+00  2.122990e-15 -1.024887e-15
   outer loop
     vertex -1.307500e+02  4.794395e+02 -1.128041e+02
     vertex -1.307500e+02  4.594716e+02 -9.870310e+01
     vertex -1.307500e+02  4.593406e+02 -9.897447e+01
   endloop
 endfacet
 facet normal  1.000000e+00  1.170074e-15  3.428017e-15
   outer loop
     vertex -1.307500e+02  4.734424e+02 -7.751169e+01
     vertex -1.307500e+02  4.731573e+02 -7.741434e+01
     vertex -1.307500e+02  4.592930e+02 -9.755511e+01
   endloop
 endfacet
 facet normal  1.000000e+00  3.338123e-15  1.897504e-15
   outer loop
     vertex -1.307500e+02  4.734424e+02 -7.751169e+01
     vertex -1.307500e+02  4.592930e+02 -9.755511e+01
     vertex -1.307500e+02  4.594419e+02 -9.781709e+01
   endloop
 endfacet
 facet normal  1.000000e+00 -1.005503e-15 -2.945866e-15
   outer loop
     vertex -1.307500e+02  4.800411e+02 -1.149344e+02
     vertex -1.307500e+02  4.797559e+02 -1.148370e+02
     vertex -1.307500e+02  4.768691e+02 -1.234997e+02
   endloop
 endfacet
 facet normal  1.000000e+00  1.903724e-15 -2.569126e-15
   outer loop
     vertex -1.307500e+02  4.730830e+02 -7.520195e+01
     vertex -1.307500e+02  4.678700e+02 -6.800199e+01
     vertex -1.307500e+02  4.728409e+02 -7.538136e+01
   endloop
 endfacet
 facet normal  1.000000e+00  2.455488e-15 -5.184854e-16
   outer loop
     vertex -1.307500e+02  4.796816e+02 -1.126246e+02
     vertex -1.307500e+02  4.595339e+02 -9.840826e+01
     vertex -1.307500e+02  4.594716e+02 -9.870310e+01
   endloop
 endfacet
 facet normal  1.000000e+00  1.457619e-15 -1.967096e-15
   outer loop
     vertex -1.307500e+02  4.796816e+02 -1.126246e+02
     vertex -1.307500e+02  4.594716e+02 -9.870310e+01
     vertex -1.307500e+02  4.794395e+02 -1.128041e+02
   endloop
 endfacet
 facet normal  1.000000e+00  2.673637e-16 -3.417243e-15
   outer loop
     vertex -1.307500e+02  4.815618e+02 -1.231325e+02
     vertex -1.307500e+02  4.800411e+02 -1.149344e+02
     vertex -1.307500e+02  4.768691e+02 -1.234997e+02
   endloop
 endfacet
 facet normal  1.000000e+00  3.464761e-16  3.960240e-15
   outer loop
     vertex -1.307500e+02  4.737426e+02 -7.753795e+01
     vertex -1.307500e+02  4.734424e+02 -7.751169e+01
     vertex -1.307500e+02  4.594419e+02 -9.781709e+01
   endloop
 endfacet
 facet normal  1.000000e+00  4.257424e-15  1.202261e-15
   outer loop
     vertex -1.307500e+02  4.737426e+02 -7.753795e+01
     vertex -1.307500e+02  4.594419e+02 -9.781709e+01
     vertex -1.307500e+02  4.595238e+02 -9.810709e+01
   endloop
 endfacet
 facet normal  1.000000e+00 -3.083125e-16 -3.524028e-15
   outer loop
     vertex -1.307500e+02  4.803413e+02 -1.149606e+02
     vertex -1.307500e+02  4.800411e+02 -1.149344e+02
     vertex -1.307500e+02  4.815618e+02 -1.231325e+02
   endloop
 endfacet
 facet normal  1.000000e+00  1.049820e-15 -2.510622e-15
   outer loop
     vertex -1.307500e+02  4.799596e+02 -1.125084e+02
     vertex -1.307500e+02  4.595339e+02 -9.840826e+01
     vertex -1.307500e+02  4.796816e+02 -1.126246e+02
   endloop
 endfacet
 facet normal  1.000000e+00  2.848969e-15  9.565877e-17
   outer loop
     vertex -1.307500e+02  4.799596e+02 -1.125084e+02
     vertex -1.307500e+02  4.595238e+02 -9.810709e+01
     vertex -1.307500e+02  4.595339e+02 -9.840826e+01
   endloop
 endfacet
 facet normal  1.000000e+00 -7.229202e-16  4.645028e-15
   outer loop
     vertex -1.307500e+02  4.740404e+02 -7.749161e+01
     vertex -1.307500e+02  4.737426e+02 -7.753795e+01
     vertex -1.307500e+02  4.595238e+02 -9.810709e+01
   endloop
 endfacet
 facet normal  1.000000e+00  5.289925e-16 -3.398971e-15
   outer loop
     vertex -1.307500e+02  4.806390e+02 -1.149143e+02
     vertex -1.307500e+02  4.803413e+02 -1.149606e+02
     vertex -1.307500e+02  4.815618e+02 -1.231325e+02
   endloop
 endfacet
 facet normal  1.000000e+00  0.000000e+00  0.000000e+00
   outer loop
     vertex -1.307500e+02  4.724382e+02 -6.686745e+01
     vertex -1.307500e+02  4.733610e+02 -7.508570e+01
     vertex -1.307500e+02  4.736587e+02 -7.503936e+01
   endloop
 endfacet
 facet normal  1.000000e+00  0.000000e+00  0.000000e+00
   outer loop
     vertex -1.307500e+02  4.724382e+02 -6.686745e+01
     vertex -1.307500e+02  4.730830e+02 -7.520195e+01
     vertex -1.307500e+02  4.733610e+02 -7.508570e+01
   endloop
 endfacet
 facet normal  1.000000e+00  6.104300e-15  4.722223e-16
   outer loop
     vertex -1.307500e+02  4.724382e+02 -6.686745e+01
     vertex -1.307500e+02  4.678700e+02 -6.800199e+01
     vertex -1.307500e+02  4.730830e+02 -7.520195e+01
   endloop
 endfacet
 facet normal  1.000000e+00  1.381269e-15 -3.303276e-15
   outer loop
     vertex -1.307500e+02  4.809170e+02 -1.147981e+02
     vertex -1.307500e+02  4.806390e+02 -1.149143e+02
     vertex -1.307500e+02  4.815618e+02 -1.231325e+02
   endloop
 endfacet
 facet normal  1.000000e+00  0.000000e+00  0.000000e+00
   outer loop
     vertex -1.307500e+02  4.739589e+02 -7.506562e+01
     vertex -1.307500e+02  4.724382e+02 -6.686745e+01
     vertex -1.307500e+02  4.736587e+02 -7.503936e+01
   endloop
 endfacet
 facet normal  1.000000e+00  3.807447e-15 -5.138252e-15
   outer loop
     vertex -1.307500e+02  4.861300e+02 -1.219980e+02
     vertex -1.307500e+02  4.811591e+02 -1.146186e+02
     vertex -1.307500e+02  4.809170e+02 -1.147981e+02
   endloop
 endfacet
 facet normal  1.000000e+00  5.130753e-15 -4.246849e-15
   outer loop
     vertex -1.307500e+02  4.861300e+02 -1.219980e+02
     vertex -1.307500e+02  4.813513e+02 -1.143865e+02
     vertex -1.307500e+02  4.811591e+02 -1.146186e+02
   endloop
 endfacet
 facet normal  1.000000e+00  6.724454e-15 -3.246274e-15
   outer loop
     vertex -1.307500e+02  4.861300e+02 -1.219980e+02
     vertex -1.307500e+02  4.814823e+02 -1.141151e+02
     vertex -1.307500e+02  4.813513e+02 -1.143865e+02
   endloop
 endfacet
 facet normal  1.000000e+00  6.935250e-15 -2.873626e-15
   outer loop
     vertex -1.307500e+02  4.861300e+02 -1.219980e+02
     vertex -1.307500e+02  4.809170e+02 -1.147981e+02
     vertex -1.307500e+02  4.815618e+02 -1.231325e+02
   endloop
 endfacet
 facet normal  1.000000e+00  0.000000e+00  0.000000e+00
   outer loop
     vertex -1.307500e+02  4.771309e+02 -6.650030e+01
     vertex -1.307500e+02  4.724382e+02 -6.686745e+01
     vertex -1.307500e+02  4.739589e+02 -7.506562e+01
   endloop
 endfacet
 facet normal  1.000000e+00  0.000000e+00  0.000000e+00
   outer loop
     vertex -1.307500e+02  4.771309e+02 -6.650030e+01
     vertex -1.307500e+02  4.744977e+02 -7.532573e+01
     vertex -1.307500e+02  4.747050e+02 -7.554445e+01
   endloop
 endfacet
 facet normal  1.000000e+00  0.000000e+00  0.000000e+00
   outer loop
     vertex -1.307500e+02  4.771309e+02 -6.650030e+01
     vertex -1.307500e+02  4.742441e+02 -7.516296e+01
     vertex -1.307500e+02  4.744977e+02 -7.532573e+01
   endloop
 endfacet
 facet normal  1.000000e+00  0.000000e+00  0.000000e+00
   outer loop
     vertex -1.307500e+02  4.771309e+02 -6.650030e+01
     vertex -1.307500e+02  4.739589e+02 -7.506562e+01
     vertex -1.307500e+02  4.742441e+02 -7.516296e+01
   endloop
 endfacet
 facet normal  1.000000e+00  2.488152e-15 -5.743989e-15
   outer loop
     vertex -1.307500e+02  4.904492e+02 -1.201270e+02
     vertex -1.307500e+02  4.814823e+02 -1.141151e+02
     vertex -1.307500e+02  4.861300e+02 -1.219980e+02
   endloop
 endfacet
 facet normal  1.000000e+00  6.539050e-15  2.195593e-16
   outer loop
     vertex -1.307500e+02  4.904492e+02 -1.201270e+02
     vertex -1.307500e+02  4.815344e+02 -1.135191e+02
     vertex -1.307500e+02  4.815446e+02 -1.138203e+02
   endloop
 endfacet
 facet normal  1.000000e+00  5.553084e-15 -1.172554e-15
   outer loop
     vertex -1.307500e+02  4.904492e+02 -1.201270e+02
     vertex -1.307500e+02  4.815446e+02 -1.138203e+02
     vertex -1.307500e+02  4.814823e+02 -1.141151e+02
   endloop
 endfacet
 facet normal  1.000000e+00  0.000000e+00  0.000000e+00
   outer loop
     vertex -1.307500e+02  4.818200e+02 -6.691054e+01
     vertex -1.307500e+02  4.748539e+02 -7.580642e+01
     vertex -1.307500e+02  4.749358e+02 -7.609643e+01
   endloop
 endfacet
 facet normal  1.000000e+00  0.000000e+00  0.000000e+00
   outer loop
     vertex -1.307500e+02  4.818200e+02 -6.691054e+01
     vertex -1.307500e+02  4.747050e+02 -7.554445e+01
     vertex -1.307500e+02  4.748539e+02 -7.580642e+01
   endloop
 endfacet
 facet normal  1.000000e+00  0.000000e+00  0.000000e+00
   outer loop
     vertex -1.307500e+02  4.818200e+02 -6.691054e+01
     vertex -1.307500e+02  4.771309e+02 -6.650030e+01
     vertex -1.307500e+02  4.747050e+02 -7.554445e+01
   endloop
 endfacet
 facet normal  1.000000e+00  6.811420e-15  5.870157e-16
   outer loop
     vertex -1.307500e+02  4.944016e+02 -1.175707e+02
     vertex -1.307500e+02  4.815344e+02 -1.135191e+02
     vertex -1.307500e+02  4.904492e+02 -1.201270e+02
   endloop
 endfacet
 facet normal  1.000000e+00  7.273313e-15  2.053922e-15
   outer loop
     vertex -1.307500e+02  4.944016e+02 -1.175707e+02
     vertex -1.307500e+02  4.814526e+02 -1.132291e+02
     vertex -1.307500e+02  4.815344e+02 -1.135191e+02
   endloop
 endfacet
 facet normal  1.000000e+00  2.426974e-15  8.148963e-17
   outer loop
     vertex -1.307500e+02  4.863776e+02 -6.808700e+01
     vertex -1.307500e+02  4.749358e+02 -7.609643e+01
     vertex -1.307500e+02  4.749459e+02 -7.639760e+01
   endloop
 endfacet
 facet normal  1.000000e+00  5.225247e-15 -3.915969e-15
   outer loop
     vertex -1.307500e+02  4.863776e+02 -6.808700e+01
     vertex -1.307500e+02  4.818200e+02 -6.691054e+01
     vertex -1.307500e+02  4.749358e+02 -7.609643e+01
   endloop
 endfacet
 facet normal  1.000000e+00  4.814819e-15 -5.278740e-15
   outer loop
     vertex -1.307500e+02  4.978793e+02 -1.143986e+02
     vertex -1.307500e+02  4.814526e+02 -1.132291e+02
     vertex -1.307500e+02  4.944016e+02 -1.175707e+02
   endloop
 endfacet
 facet normal  1.000000e+00  5.409567e-15  3.074983e-15
   outer loop
     vertex -1.307500e+02  4.978793e+02 -1.143986e+02
     vertex -1.307500e+02  4.813036e+02 -1.129671e+02
     vertex -1.307500e+02  4.814526e+02 -1.132291e+02
   endloop
 endfacet
 facet normal  1.000000e+00 -7.229202e-16  4.645028e-15
   outer loop
     vertex -1.307500e+02  4.944762e+02 -9.189291e+01
     vertex -1.307500e+02  4.799596e+02 -1.125084e+02
     vertex -1.307500e+02  4.802574e+02 -1.124621e+02
   endloop
 endfacet
 facet normal  1.000000e+00  3.807050e-15  1.455202e-15
   outer loop
     vertex -1.307500e+02  4.944762e+02 -9.189291e+01
     vertex -1.307500e+02  4.595238e+02 -9.810709e+01
     vertex -1.307500e+02  4.799596e+02 -1.125084e+02
   endloop
 endfacet
 facet normal  1.000000e+00  3.807050e-15  1.455202e-15
   outer loop
     vertex -1.307500e+02  4.944762e+02 -9.189291e+01
     vertex -1.307500e+02  4.740404e+02 -7.749161e+01
     vertex -1.307500e+02  4.595238e+02 -9.810709e+01
   endloop
 endfacet
 facet normal  1.000000e+00  4.257424e-15  1.202261e-15
   outer loop
     vertex -1.307500e+02  4.945581e+02 -9.218291e+01
     vertex -1.307500e+02  4.944762e+02 -9.189291e+01
     vertex -1.307500e+02  4.802574e+02 -1.124621e+02
   endloop
 endfacet
 facet normal  1.000000e+00  3.464761e-16  3.960240e-15
   outer loop
     vertex -1.307500e+02  4.945581e+02 -9.218291e+01
     vertex -1.307500e+02  4.802574e+02 -1.124621e+02
     vertex -1.307500e+02  4.805576e+02 -1.124883e+02
   endloop
 endfacet
 facet normal  1.000000e+00  2.848969e-15  9.565877e-17
   outer loop
     vertex -1.307500e+02  4.944661e+02 -9.159174e+01
     vertex -1.307500e+02  4.740404e+02 -7.749161e+01
     vertex -1.307500e+02  4.944762e+02 -9.189291e+01
   endloop
 endfacet
 facet normal  1.000000e+00  1.049820e-15 -2.510622e-15
   outer loop
     vertex -1.307500e+02  4.944661e+02 -9.159174e+01
     vertex -1.307500e+02  4.743184e+02 -7.737536e+01
     vertex -1.307500e+02  4.740404e+02 -7.749161e+01
   endloop
 endfacet
 facet normal  1.000000e+00  5.044165e-15 -3.518608e-15
   outer loop
     vertex -1.307500e+02  4.906795e+02 -6.999756e+01
     vertex -1.307500e+02  4.863776e+02 -6.808700e+01
     vertex -1.307500e+02  4.749459e+02 -7.639760e+01
   endloop
 endfacet
 facet normal  1.000000e+00  3.952356e-15 -8.345547e-16
   outer loop
     vertex -1.307500e+02  4.906795e+02 -6.999756e+01
     vertex -1.307500e+02  4.749459e+02 -7.639760e+01
     vertex -1.307500e+02  4.748837e+02 -7.669244e+01
   endloop
 endfacet
 facet normal  1.000000e+00  3.338123e-15  1.897504e-15
   outer loop
     vertex -1.307500e+02  4.947070e+02 -9.244489e+01
     vertex -1.307500e+02  4.945581e+02 -9.218291e+01
     vertex -1.307500e+02  4.805576e+02 -1.124883e+02
   endloop
 endfacet
 facet normal  1.000000e+00  1.170074e-15  3.428017e-15
   outer loop
     vertex -1.307500e+02  4.947070e+02 -9.244489e+01
     vertex -1.307500e+02  4.805576e+02 -1.124883e+02
     vertex -1.307500e+02  4.808427e+02 -1.125857e+02
   endloop
 endfacet
 facet normal  1.000000e+00  2.455488e-15 -5.184854e-16
   outer loop
     vertex -1.307500e+02  4.945284e+02 -9.129690e+01
     vertex -1.307500e+02  4.743184e+02 -7.737536e+01
     vertex -1.307500e+02  4.944661e+02 -9.159174e+01
   endloop
 endfacet
 facet normal  1.000000e+00  1.457619e-15 -1.967096e-15
   outer loop
     vertex -1.307500e+02  4.945284e+02 -9.129690e+01
     vertex -1.307500e+02  4.745605e+02 -7.719595e+01
     vertex -1.307500e+02  4.743184e+02 -7.737536e+01
   endloop
 endfacet
 facet normal  1.000000e+00  2.587597e-15  2.452239e-15
   outer loop
     vertex -1.307500e+02  4.949143e+02 -9.266361e+01
     vertex -1.307500e+02  4.947070e+02 -9.244489e+01
     vertex -1.307500e+02  4.808427e+02 -1.125857e+02
   endloop
 endfacet
 facet normal  1.000000e+00  1.890056e-15  2.944934e-15
   outer loop
     vertex -1.307500e+02  4.949143e+02 -9.266361e+01
     vertex -1.307500e+02  4.808427e+02 -1.125857e+02
     vertex -1.307500e+02  4.810964e+02 -1.127484e+02
   endloop
 endfacet
 facet normal  1.000000e+00  1.801926e-15 -1.491498e-15
   outer loop
     vertex -1.307500e+02  4.946594e+02 -9.102553e+01
     vertex -1.307500e+02  4.747527e+02 -7.696381e+01
     vertex -1.307500e+02  4.745605e+02 -7.719595e+01
   endloop
 endfacet
 facet normal  1.000000e+00  2.122990e-15 -1.024887e-15
   outer loop
     vertex -1.307500e+02  4.946594e+02 -9.102553e+01
     vertex -1.307500e+02  4.745605e+02 -7.719595e+01
     vertex -1.307500e+02  4.945284e+02 -9.129690e+01
   endloop
 endfacet
 facet normal  1.000000e+00  1.890056e-15  2.944934e-15
   outer loop
     vertex -1.307500e+02  4.951679e+02 -9.282638e+01
     vertex -1.307500e+02  4.949143e+02 -9.266361e+01
     vertex -1.307500e+02  4.810964e+02 -1.127484e+02
   endloop
 endfacet
 facet normal  1.000000e+00  2.122990e-15 -1.024887e-15
   outer loop
     vertex -1.307500e+02  4.948515e+02 -9.079339e+01
     vertex -1.307500e+02  4.748837e+02 -7.669244e+01
     vertex -1.307500e+02  4.747527e+02 -7.696381e+01
   endloop
 endfacet
 facet normal  1.000000e+00  1.801926e-15 -1.491498e-15
   outer loop
     vertex -1.307500e+02  4.948515e+02 -9.079339e+01
     vertex -1.307500e+02  4.747527e+02 -7.696381e+01
     vertex -1.307500e+02  4.946594e+02 -9.102553e+01
   endloop
 endfacet
 facet normal  1.000000e+00  4.817135e-15 -3.784983e-15
   outer loop
     vertex -1.307500e+02  5.007874e+02 -1.106974e+02
     vertex -1.307500e+02  4.813036e+02 -1.129671e+02
     vertex -1.307500e+02  4.978793e+02 -1.143986e+02
   endloop
 endfacet
 facet normal  1.000000e+00  0.000000e+00  0.000000e+00
   outer loop
     vertex -1.307500e+02  5.007874e+02 -1.106974e+02
     vertex -1.307500e+02  4.954531e+02 -9.292372e+01
     vertex -1.307500e+02  4.951679e+02 -9.282638e+01
   endloop
 endfacet
 facet normal  1.000000e+00  3.941122e-15  3.734960e-15
   outer loop
     vertex -1.307500e+02  5.007874e+02 -1.106974e+02
     vertex -1.307500e+02  4.810964e+02 -1.127484e+02
     vertex -1.307500e+02  4.813036e+02 -1.129671e+02
   endloop
 endfacet
 facet normal  1.000000e+00  4.192824e-15  1.318417e-15
   outer loop
     vertex -1.307500e+02  5.007874e+02 -1.106974e+02
     vertex -1.307500e+02  4.951679e+02 -9.282638e+01
     vertex -1.307500e+02  4.810964e+02 -1.127484e+02
   endloop
 endfacet
 facet normal  1.000000e+00  0.000000e+00  0.000000e+00
   outer loop
     vertex -1.307500e+02  4.946082e+02 -7.259013e+01
     vertex -1.307500e+02  4.948515e+02 -9.079339e+01
     vertex -1.307500e+02  4.950936e+02 -9.061398e+01
   endloop
 endfacet
 facet normal  1.000000e+00  2.191257e-15  3.320561e-15
   outer loop
     vertex -1.307500e+02  4.946082e+02 -7.259013e+01
     vertex -1.307500e+02  4.906795e+02 -6.999756e+01
     vertex -1.307500e+02  4.748837e+02 -7.669244e+01
   endloop
 endfacet
 facet normal  1.000000e+00  2.873878e-15  3.841741e-17
   outer loop
     vertex -1.307500e+02  4.946082e+02 -7.259013e+01
     vertex -1.307500e+02  4.748837e+02 -7.669244e+01
     vertex -1.307500e+02  4.948515e+02 -9.079339e+01
   endloop
 endfacet
 facet normal  1.000000e+00 -1.915699e-16 -2.189653e-15
   outer loop
     vertex -1.307500e+02  5.030467e+02 -1.065681e+02
     vertex -1.307500e+02  4.957533e+02 -9.294998e+01
     vertex -1.307500e+02  4.954531e+02 -9.292372e+01
   endloop
 endfacet
 facet normal  1.000000e+00  8.123732e-15  2.438116e-15
   outer loop
     vertex -1.307500e+02  5.030467e+02 -1.065681e+02
     vertex -1.307500e+02  4.954531e+02 -9.292372e+01
     vertex -1.307500e+02  5.007874e+02 -1.106974e+02
   endloop
 endfacet
 facet normal  1.000000e+00  0.000000e+00  0.000000e+00
   outer loop
     vertex -1.307500e+02  4.980566e+02 -7.579398e+01
     vertex -1.307500e+02  4.950936e+02 -9.061398e+01
     vertex -1.307500e+02  4.953716e+02 -9.049773e+01
   endloop
 endfacet
 facet normal  1.000000e+00  0.000000e+00  0.000000e+00
   outer loop
     vertex -1.307500e+02  4.980566e+02 -7.579398e+01
     vertex -1.307500e+02  4.946082e+02 -7.259013e+01
     vertex -1.307500e+02  4.950936e+02 -9.061398e+01
   endloop
 endfacet
 facet normal  1.000000e+00  4.193031e-16 -2.694176e-15
   outer loop
     vertex -1.307500e+02  5.045955e+02 -1.021232e+02
     vertex -1.307500e+02  4.960511e+02 -9.290364e+01
     vertex -1.307500e+02  4.957533e+02 -9.294998e+01
   endloop
 endfacet
 facet normal  1.000000e+00  9.290354e-16 -2.221768e-15
   outer loop
     vertex -1.307500e+02  5.045955e+02 -1.021232e+02
     vertex -1.307500e+02  4.963291e+02 -9.278739e+01
     vertex -1.307500e+02  4.960511e+02 -9.290364e+01
   endloop
 endfacet
 facet normal  1.000000e+00  2.360898e-15 -8.226381e-16
   outer loop
     vertex -1.307500e+02  5.045955e+02 -1.021232e+02
     vertex -1.307500e+02  4.957533e+02 -9.294998e+01
     vertex -1.307500e+02  5.030467e+02 -1.065681e+02
   endloop
 endfacet
 facet normal  1.000000e+00  0.000000e+00  0.000000e+00
   outer loop
     vertex -1.307500e+02  5.009306e+02 -7.952173e+01
     vertex -1.307500e+02  4.980566e+02 -7.579398e+01
     vertex -1.307500e+02  4.953716e+02 -9.049773e+01
   endloop
 endfacet
 facet normal  1.000000e+00  0.000000e+00  0.000000e+00
   outer loop
     vertex -1.307500e+02  5.009306e+02 -7.952173e+01
     vertex -1.307500e+02  4.956694e+02 -9.045139e+01
     vertex -1.307500e+02  4.959696e+02 -9.047765e+01
   endloop
 endfacet
 facet normal  1.000000e+00  0.000000e+00  0.000000e+00
   outer loop
     vertex -1.307500e+02  5.009306e+02 -7.952173e+01
     vertex -1.307500e+02  4.953716e+02 -9.049773e+01
     vertex -1.307500e+02  4.956694e+02 -9.045139e+01
   endloop
 endfacet
 facet normal  1.000000e+00  1.845493e-15 -2.490543e-15
   outer loop
     vertex -1.307500e+02  5.053915e+02 -9.748394e+01
     vertex -1.307500e+02  4.965712e+02 -9.260798e+01
     vertex -1.307500e+02  4.963291e+02 -9.278739e+01
   endloop
 endfacet
 facet normal  1.000000e+00  2.210719e-15 -1.829866e-15
   outer loop
     vertex -1.307500e+02  5.053915e+02 -9.748394e+01
     vertex -1.307500e+02  4.967633e+02 -9.237584e+01
     vertex -1.307500e+02  4.965712e+02 -9.260798e+01
   endloop
 endfacet
 facet normal  1.000000e+00  2.880076e-15 -4.942067e-16
   outer loop
     vertex -1.307500e+02  5.053915e+02 -9.748394e+01
     vertex -1.307500e+02  4.963291e+02 -9.278739e+01
     vertex -1.307500e+02  5.045955e+02 -1.021232e+02
   endloop
 endfacet
 facet normal  1.000000e+00  0.000000e+00  0.000000e+00
   outer loop
     vertex -1.307500e+02  5.031518e+02 -8.367168e+01
     vertex -1.307500e+02  5.009306e+02 -7.952173e+01
     vertex -1.307500e+02  4.959696e+02 -9.047765e+01
   endloop
 endfacet
 facet normal  1.000000e+00  0.000000e+00  0.000000e+00
   outer loop
     vertex -1.307500e+02  5.031518e+02 -8.367168e+01
     vertex -1.307500e+02  4.962548e+02 -9.057499e+01
     vertex -1.307500e+02  4.965084e+02 -9.073776e+01
   endloop
 endfacet
 facet normal  1.000000e+00  0.000000e+00  0.000000e+00
   outer loop
     vertex -1.307500e+02  5.031518e+02 -8.367168e+01
     vertex -1.307500e+02  4.959696e+02 -9.047765e+01
     vertex -1.307500e+02  4.962548e+02 -9.057499e+01
   endloop
 endfacet
 facet normal  1.000000e+00  3.285107e-15 -1.508851e-17
   outer loop
     vertex -1.307500e+02  5.054132e+02 -9.277697e+01
     vertex -1.307500e+02  4.967633e+02 -9.237584e+01
     vertex -1.307500e+02  5.053915e+02 -9.748394e+01
   endloop
 endfacet
 facet normal  1.000000e+00  3.373858e-15  1.132828e-16
   outer loop
     vertex -1.307500e+02  5.054132e+02 -9.277697e+01
     vertex -1.307500e+02  4.969465e+02 -9.150846e+01
     vertex -1.307500e+02  4.969566e+02 -9.180963e+01
   endloop
 endfacet
 facet normal  1.000000e+00  3.213858e-15 -1.551511e-15
   outer loop
     vertex -1.307500e+02  5.054132e+02 -9.277697e+01
     vertex -1.307500e+02  4.968943e+02 -9.210447e+01
     vertex -1.307500e+02  4.967633e+02 -9.237584e+01
   endloop
 endfacet
 facet normal  1.000000e+00  3.281637e-15 -6.929298e-16
   outer loop
     vertex -1.307500e+02  5.054132e+02 -9.277697e+01
     vertex -1.307500e+02  4.969566e+02 -9.180963e+01
     vertex -1.307500e+02  4.968943e+02 -9.210447e+01
   endloop
 endfacet
 facet normal  1.000000e+00  4.986116e-15 -4.687897e-15
   outer loop
     vertex -1.307500e+02  5.046598e+02 -8.813063e+01
     vertex -1.307500e+02  5.031518e+02 -8.367168e+01
     vertex -1.307500e+02  4.965084e+02 -9.073776e+01
   endloop
 endfacet
 facet normal  1.000000e+00  3.279248e-15  9.260320e-16
   outer loop
     vertex -1.307500e+02  5.046598e+02 -8.813063e+01
     vertex -1.307500e+02  4.968646e+02 -9.121846e+01
     vertex -1.307500e+02  4.969465e+02 -9.150846e+01
   endloop
 endfacet
 facet normal  1.000000e+00  2.975973e-15  1.691645e-15
   outer loop
     vertex -1.307500e+02  5.046598e+02 -8.813063e+01
     vertex -1.307500e+02  4.967157e+02 -9.095648e+01
     vertex -1.307500e+02  4.968646e+02 -9.121846e+01
   endloop
 endfacet
 facet normal  1.000000e+00  2.675712e-15  2.535745e-15
   outer loop
     vertex -1.307500e+02  5.046598e+02 -8.813063e+01
     vertex -1.307500e+02  4.965084e+02 -9.073776e+01
     vertex -1.307500e+02  4.967157e+02 -9.095648e+01
   endloop
 endfacet
 facet normal  1.000000e+00  3.440470e-15  5.578832e-16
   outer loop
     vertex -1.307500e+02  5.046598e+02 -8.813063e+01
     vertex -1.307500e+02  4.969465e+02 -9.150846e+01
     vertex -1.307500e+02  5.054132e+02 -9.277697e+01
   endloop
 endfacet
 facet normal -1.000000e+00  1.050432e-14 -5.745045e-16
   outer loop
     vertex -1.830000e+02  4.980965e+02 -1.104261e+02
     vertex -1.830000e+02  5.007874e+02 -1.106974e+02
     vertex -1.830000e+02  4.978793e+02 -1.143986e+02
   endloop
 endfacet
 facet normal -1.000000e+00  9.297124e-15 -1.254672e-14
   outer loop
     vertex -1.830000e+02  4.980965e+02 -1.104261e+02
     vertex -1.830000e+02  4.983386e+02 -1.102467e+02
     vertex -1.830000e+02  5.007874e+02 -1.106974e+02
   endloop
 endfacet
 facet normal -1.000000e+00  2.962875e-14  9.791106e-14
   outer loop
     vertex -1.830000e+02  4.985308e+02 -1.100146e+02
     vertex -1.830000e+02  5.007874e+02 -1.106974e+02
     vertex -1.830000e+02  4.983386e+02 -1.102467e+02
   endloop
 endfacet
 facet normal -1.000000e+00  0.000000e+00  0.000000e+00
   outer loop
     vertex -1.830000e+02  4.978185e+02 -1.105424e+02
     vertex -1.830000e+02  4.980965e+02 -1.104261e+02
     vertex -1.830000e+02  4.978793e+02 -1.143986e+02
   endloop
 endfacet
 facet normal -1.000000e+00  0.000000e+00 -0.000000e+00
   outer loop
     vertex -1.830000e+02  4.986618e+02 -1.097432e+02
     vertex -1.830000e+02  5.007874e+02 -1.106974e+02
     vertex -1.830000e+02  4.985308e+02 -1.100146e+02
   endloop
 endfacet
 facet normal -1.000000e+00  0.000000e+00  0.000000e+00
   outer loop
     vertex -1.830000e+02  4.975207e+02 -1.105887e+02
     vertex -1.830000e+02  4.978185e+02 -1.105424e+02
     vertex -1.830000e+02  4.978793e+02 -1.143986e+02
   endloop
 endfacet
 facet normal -1.000000e+00  0.000000e+00 -0.000000e+00
   outer loop
     vertex -1.830000e+02  4.987240e+02 -1.094484e+02
     vertex -1.830000e+02  5.007874e+02 -1.106974e+02
     vertex -1.830000e+02  4.986618e+02 -1.097432e+02
   endloop
 endfacet
 facet normal -1.000000e+00  0.000000e+00  0.000000e+00
   outer loop
     vertex -1.830000e+02  4.972206e+02 -1.105624e+02
     vertex -1.830000e+02  4.975207e+02 -1.105887e+02
     vertex -1.830000e+02  4.978793e+02 -1.143986e+02
   endloop
 endfacet
 facet normal -1.000000e+00  0.000000e+00  0.000000e+00
   outer loop
     vertex -1.830000e+02  4.987139e+02 -1.091472e+02
     vertex -1.830000e+02  5.007874e+02 -1.106974e+02
     vertex -1.830000e+02  4.987240e+02 -1.094484e+02
   endloop
 endfacet
 facet normal -1.000000e+00  0.000000e+00  0.000000e+00
   outer loop
     vertex -1.830000e+02  4.969354e+02 -1.104651e+02
     vertex -1.830000e+02  4.972206e+02 -1.105624e+02
     vertex -1.830000e+02  4.978793e+02 -1.143986e+02
   endloop
 endfacet
 facet normal -1.000000e+00 -8.010956e-15 -9.382639e-15
   outer loop
     vertex -1.830000e+02  4.986320e+02 -1.088572e+02
     vertex -1.830000e+02  5.030467e+02 -1.065681e+02
     vertex -1.830000e+02  5.007874e+02 -1.106974e+02
   endloop
 endfacet
 facet normal -1.000000e+00  0.000000e+00  0.000000e+00
   outer loop
     vertex -1.830000e+02  4.986320e+02 -1.088572e+02
     vertex -1.830000e+02  5.007874e+02 -1.106974e+02
     vertex -1.830000e+02  4.987139e+02 -1.091472e+02
   endloop
 endfacet
 facet normal -1.000000e+00  0.000000e+00 -0.000000e+00
   outer loop
     vertex -1.830000e+02  4.966818e+02 -1.103023e+02
     vertex -1.830000e+02  4.978793e+02 -1.143986e+02
     vertex -1.830000e+02  4.944016e+02 -1.175707e+02
   endloop
 endfacet
 facet normal -1.000000e+00  0.000000e+00  0.000000e+00
   outer loop
     vertex -1.830000e+02  4.966818e+02 -1.103023e+02
     vertex -1.830000e+02  4.969354e+02 -1.104651e+02
     vertex -1.830000e+02  4.978793e+02 -1.143986e+02
   endloop
 endfacet
 facet normal -1.000000e+00 -9.944870e-15 -5.653005e-15
   outer loop
     vertex -1.830000e+02  4.984831e+02 -1.085952e+02
     vertex -1.830000e+02  5.030467e+02 -1.065681e+02
     vertex -1.830000e+02  4.986320e+02 -1.088572e+02
   endloop
 endfacet
 facet normal -1.000000e+00  0.000000e+00 -0.000000e+00
   outer loop
     vertex -1.830000e+02  4.964745e+02 -1.100836e+02
     vertex -1.830000e+02  4.966818e+02 -1.103023e+02
     vertex -1.830000e+02  4.944016e+02 -1.175707e+02
   endloop
 endfacet
 facet normal -1.000000e+00  3.185493e-14 -9.975423e-14
   outer loop
     vertex -1.830000e+02  4.982758e+02 -1.083765e+02
     vertex -1.830000e+02  5.030467e+02 -1.065681e+02
     vertex -1.830000e+02  4.984831e+02 -1.085952e+02
   endloop
 endfacet
 facet normal -1.000000e+00 -3.745334e-15 -5.835681e-15
   outer loop
     vertex -1.830000e+02  4.980222e+02 -1.082137e+02
     vertex -1.830000e+02  5.030467e+02 -1.065681e+02
     vertex -1.830000e+02  4.982758e+02 -1.083765e+02
   endloop
 endfacet
 facet normal -1.000000e+00 -2.886692e-15 -8.457265e-15
   outer loop
     vertex -1.830000e+02  4.977370e+02 -1.081164e+02
     vertex -1.830000e+02  5.030467e+02 -1.065681e+02
     vertex -1.830000e+02  4.980222e+02 -1.082137e+02
   endloop
 endfacet
 facet normal -1.000000e+00 -5.958257e-15  2.076112e-15
   outer loop
     vertex -1.830000e+02  5.045955e+02 -1.021232e+02
     vertex -1.830000e+02  5.030467e+02 -1.065681e+02
     vertex -1.830000e+02  4.977370e+02 -1.081164e+02
   endloop
 endfacet
 facet normal -1.000000e+00  0.000000e+00  0.000000e+00
   outer loop
     vertex -1.830000e+02  4.754388e+02 -1.209916e+02
     vertex -1.830000e+02  4.756809e+02 -1.208122e+02
     vertex -1.830000e+02  4.768691e+02 -1.234997e+02
   endloop
 endfacet
 facet normal -1.000000e+00  0.000000e+00 -0.000000e+00
   outer loop
     vertex -1.830000e+02  4.758731e+02 -1.205800e+02
     vertex -1.830000e+02  4.768691e+02 -1.234997e+02
     vertex -1.830000e+02  4.756809e+02 -1.208122e+02
   endloop
 endfacet
 facet normal -1.000000e+00  0.000000e+00  0.000000e+00
   outer loop
     vertex -1.830000e+02  4.751608e+02 -1.211078e+02
     vertex -1.830000e+02  4.754388e+02 -1.209916e+02
     vertex -1.830000e+02  4.768691e+02 -1.234997e+02
   endloop
 endfacet
 facet normal -1.000000e+00  5.930818e-15  1.607687e-15
   outer loop
     vertex -1.830000e+02  4.760041e+02 -1.203087e+02
     vertex -1.830000e+02  4.815618e+02 -1.231325e+02
     vertex -1.830000e+02  4.768691e+02 -1.234997e+02
   endloop
 endfacet
 facet normal -1.000000e+00  0.000000e+00 -0.000000e+00
   outer loop
     vertex -1.830000e+02  4.760041e+02 -1.203087e+02
     vertex -1.830000e+02  4.768691e+02 -1.234997e+02
     vertex -1.830000e+02  4.758731e+02 -1.205800e+02
   endloop
 endfacet
 facet normal -1.000000e+00  0.000000e+00  0.000000e+00
   outer loop
     vertex -1.830000e+02  4.748631e+02 -1.211542e+02
     vertex -1.830000e+02  4.751608e+02 -1.211078e+02
     vertex -1.830000e+02  4.768691e+02 -1.234997e+02
   endloop
 endfacet
 facet normal -1.000000e+00  4.618439e-15 -9.752006e-16
   outer loop
     vertex -1.830000e+02  4.760663e+02 -1.200138e+02
     vertex -1.830000e+02  4.815618e+02 -1.231325e+02
     vertex -1.830000e+02  4.760041e+02 -1.203087e+02
   endloop
 endfacet
 facet normal -1.000000e+00  0.000000e+00  0.000000e+00
   outer loop
     vertex -1.830000e+02  4.745629e+02 -1.211279e+02
     vertex -1.830000e+02  4.748631e+02 -1.211542e+02
     vertex -1.830000e+02  4.768691e+02 -1.234997e+02
   endloop
 endfacet
 facet normal -1.000000e+00  0.000000e+00  0.000000e+00
   outer loop
     vertex -1.830000e+02  4.721800e+02 -1.230895e+02
     vertex -1.830000e+02  4.745629e+02 -1.211279e+02
     vertex -1.830000e+02  4.768691e+02 -1.234997e+02
   endloop
 endfacet
 facet normal -1.000000e+00  5.272344e-15  1.770276e-16
   outer loop
     vertex -1.830000e+02  4.760562e+02 -1.197126e+02
     vertex -1.830000e+02  4.815618e+02 -1.231325e+02
     vertex -1.830000e+02  4.760663e+02 -1.200138e+02
   endloop
 endfacet
 facet normal -1.000000e+00  0.000000e+00 -0.000000e+00
   outer loop
     vertex -1.830000e+02  4.742777e+02 -1.210306e+02
     vertex -1.830000e+02  4.745629e+02 -1.211279e+02
     vertex -1.830000e+02  4.721800e+02 -1.230895e+02
   endloop
 endfacet
 facet normal -1.000000e+00  6.260575e-15  1.767933e-15
   outer loop
     vertex -1.830000e+02  4.759743e+02 -1.194226e+02
     vertex -1.830000e+02  4.815618e+02 -1.231325e+02
     vertex -1.830000e+02  4.760562e+02 -1.197126e+02
   endloop
 endfacet
 facet normal -1.000000e+00  0.000000e+00 -0.000000e+00
   outer loop
     vertex -1.830000e+02  4.740241e+02 -1.208678e+02
     vertex -1.830000e+02  4.742777e+02 -1.210306e+02
     vertex -1.830000e+02  4.721800e+02 -1.230895e+02
   endloop
 endfacet
 facet normal -1.000000e+00  0.000000e+00 -0.000000e+00
   outer loop
     vertex -1.830000e+02  4.738168e+02 -1.206491e+02
     vertex -1.830000e+02  4.740241e+02 -1.208678e+02
     vertex -1.830000e+02  4.721800e+02 -1.230895e+02
   endloop
 endfacet
 facet normal -1.000000e+00 -3.418873e-15 -1.943405e-15
   outer loop
     vertex -1.830000e+02  4.875318e+02 -1.089761e+02
     vertex -1.830000e+02  4.963256e+02 -1.098216e+02
     vertex -1.830000e+02  4.964745e+02 -1.100836e+02
   endloop
 endfacet
 facet normal -1.000000e+00 -3.322221e-15 -9.381670e-16
   outer loop
     vertex -1.830000e+02  4.875318e+02 -1.089761e+02
     vertex -1.830000e+02  4.962437e+02 -1.095316e+02
     vertex -1.830000e+02  4.963256e+02 -1.098216e+02
   endloop
 endfacet
 facet normal -1.000000e+00 -1.089065e-14 -5.398201e-15
   outer loop
     vertex -1.830000e+02  4.875318e+02 -1.089761e+02
     vertex -1.830000e+02  4.944016e+02 -1.175707e+02
     vertex -1.830000e+02  4.904492e+02 -1.201270e+02
   endloop
 endfacet
 facet normal -1.000000e+00 -3.072836e-15  8.507593e-16
   outer loop
     vertex -1.830000e+02  4.875318e+02 -1.089761e+02
     vertex -1.830000e+02  4.964745e+02 -1.100836e+02
     vertex -1.830000e+02  4.944016e+02 -1.175707e+02
   endloop
 endfacet
 facet normal -1.000000e+00  0.000000e+00 -0.000000e+00
   outer loop
     vertex -1.830000e+02  4.736679e+02 -1.203871e+02
     vertex -1.830000e+02  4.738168e+02 -1.206491e+02
     vertex -1.830000e+02  4.721800e+02 -1.230895e+02
   endloop
 endfacet
 facet normal -1.000000e+00 -9.579560e-15 -3.216494e-16
   outer loop
     vertex -1.830000e+02  4.902074e+02 -1.064810e+02
     vertex -1.830000e+02  4.962336e+02 -1.092305e+02
     vertex -1.830000e+02  4.962437e+02 -1.095316e+02
   endloop
 endfacet
 facet normal -1.000000e+00 -2.373729e-15  1.393658e-14
   outer loop
     vertex -1.830000e+02  4.902074e+02 -1.064810e+02
     vertex -1.830000e+02  4.962437e+02 -1.095316e+02
     vertex -1.830000e+02  4.875318e+02 -1.089761e+02
   endloop
 endfacet
 facet normal -1.000000e+00 -8.603914e-15  1.816749e-15
   outer loop
     vertex -1.830000e+02  4.902074e+02 -1.064810e+02
     vertex -1.830000e+02  4.962958e+02 -1.089356e+02
     vertex -1.830000e+02  4.962336e+02 -1.092305e+02
   endloop
 endfacet
 facet normal -1.000000e+00 -7.815282e-15  3.772879e-15
   outer loop
     vertex -1.830000e+02  4.902074e+02 -1.064810e+02
     vertex -1.830000e+02  4.964268e+02 -1.086643e+02
     vertex -1.830000e+02  4.962958e+02 -1.089356e+02
   endloop
 endfacet
 facet normal -1.000000e+00  0.000000e+00 -0.000000e+00
   outer loop
     vertex -1.830000e+02  4.735860e+02 -1.200971e+02
     vertex -1.830000e+02  4.736679e+02 -1.203871e+02
     vertex -1.830000e+02  4.721800e+02 -1.230895e+02
   endloop
 endfacet
 facet normal -1.000000e+00  6.164523e-15  9.598621e-16
   outer loop
     vertex -1.830000e+02  4.843958e+02 -1.108604e+02
     vertex -1.830000e+02  4.904492e+02 -1.201270e+02
     vertex -1.830000e+02  4.861300e+02 -1.219980e+02
   endloop
 endfacet
 facet normal -1.000000e+00  1.323435e-15 -2.202565e-15
   outer loop
     vertex -1.830000e+02  4.843958e+02 -1.108604e+02
     vertex -1.830000e+02  4.875318e+02 -1.089761e+02
     vertex -1.830000e+02  4.904492e+02 -1.201270e+02
   endloop
 endfacet
 facet normal -1.000000e+00 -1.268101e-14 -1.008829e-14
   outer loop
     vertex -1.830000e+02  4.923058e+02 -1.034842e+02
     vertex -1.830000e+02  4.964268e+02 -1.086643e+02
     vertex -1.830000e+02  4.902074e+02 -1.064810e+02
   endloop
 endfacet
 facet normal -1.000000e+00  0.000000e+00  0.000000e+00
   outer loop
     vertex -1.830000e+02  4.923058e+02 -1.034842e+02
     vertex -1.830000e+02  4.966190e+02 -1.084321e+02
     vertex -1.830000e+02  4.964268e+02 -1.086643e+02
   endloop
 endfacet
 facet normal -1.000000e+00  0.000000e+00  0.000000e+00
   outer loop
     vertex -1.830000e+02  4.923058e+02 -1.034842e+02
     vertex -1.830000e+02  4.968611e+02 -1.082527e+02
     vertex -1.830000e+02  4.966190e+02 -1.084321e+02
   endloop
 endfacet
 facet normal -1.000000e+00  0.000000e+00  0.000000e+00
   outer loop
     vertex -1.830000e+02  4.923058e+02 -1.034842e+02
     vertex -1.830000e+02  4.971391e+02 -1.081365e+02
     vertex -1.830000e+02  4.968611e+02 -1.082527e+02
   endloop
 endfacet
 facet normal -1.000000e+00  0.000000e+00  0.000000e+00
   outer loop
     vertex -1.830000e+02  4.923058e+02 -1.034842e+02
     vertex -1.830000e+02  4.974369e+02 -1.080901e+02
     vertex -1.830000e+02  4.971391e+02 -1.081365e+02
   endloop
 endfacet
 facet normal -1.000000e+00 -1.227123e-14 -6.922816e-16
   outer loop
     vertex -1.830000e+02  4.809366e+02 -1.120515e+02
     vertex -1.830000e+02  4.861300e+02 -1.219980e+02
     vertex -1.830000e+02  4.815618e+02 -1.231325e+02
   endloop
 endfacet
 facet normal -1.000000e+00 -1.559645e-14 -2.428484e-15
   outer loop
     vertex -1.830000e+02  4.809366e+02 -1.120515e+02
     vertex -1.830000e+02  4.843958e+02 -1.108604e+02
     vertex -1.830000e+02  4.861300e+02 -1.219980e+02
   endloop
 endfacet
 facet normal -1.000000e+00  5.284669e-15  2.981348e-16
   outer loop
     vertex -1.830000e+02  4.809366e+02 -1.120515e+02
     vertex -1.830000e+02  4.815618e+02 -1.231325e+02
     vertex -1.830000e+02  4.759743e+02 -1.194226e+02
   endloop
 endfacet
 facet normal -1.000000e+00  3.105410e-15  1.765221e-15
   outer loop
     vertex -1.830000e+02  4.809366e+02 -1.120515e+02
     vertex -1.830000e+02  4.759743e+02 -1.194226e+02
     vertex -1.830000e+02  4.758254e+02 -1.191607e+02
   endloop
 endfacet
 facet normal -1.000000e+00  0.000000e+00  0.000000e+00
   outer loop
     vertex -1.830000e+02  4.937353e+02 -1.001165e+02
     vertex -1.830000e+02  4.977370e+02 -1.081164e+02
     vertex -1.830000e+02  4.974369e+02 -1.080901e+02
   endloop
 endfacet
 facet normal -1.000000e+00  0.000000e+00 -0.000000e+00
   outer loop
     vertex -1.830000e+02  4.937353e+02 -1.001165e+02
     vertex -1.830000e+02  4.974369e+02 -1.080901e+02
     vertex -1.830000e+02  4.923058e+02 -1.034842e+02
   endloop
 endfacet
 facet normal -1.000000e+00 -2.883586e-15 -1.442434e-15
   outer loop
     vertex -1.830000e+02  4.937353e+02 -1.001165e+02
     vertex -1.830000e+02  5.045955e+02 -1.021232e+02
     vertex -1.830000e+02  4.977370e+02 -1.081164e+02
   endloop
 endfacet
 facet normal -1.000000e+00 -5.561544e-15  2.613138e-15
   outer loop
     vertex -1.830000e+02  4.676224e+02 -1.219130e+02
     vertex -1.830000e+02  4.735860e+02 -1.200971e+02
     vertex -1.830000e+02  4.721800e+02 -1.230895e+02
   endloop
 endfacet
 facet normal -1.000000e+00 -5.161505e-15  1.089871e-15
   outer loop
     vertex -1.830000e+02  4.676224e+02 -1.219130e+02
     vertex -1.830000e+02  4.736381e+02 -1.195011e+02
     vertex -1.830000e+02  4.735759e+02 -1.197959e+02
   endloop
 endfacet
 facet normal -1.000000e+00 -5.858464e-15  2.828212e-15
   outer loop
     vertex -1.830000e+02  4.676224e+02 -1.219130e+02
     vertex -1.830000e+02  4.737691e+02 -1.192297e+02
     vertex -1.830000e+02  4.736381e+02 -1.195011e+02
   endloop
 endfacet
 facet normal -1.000000e+00 -4.717616e-15 -1.584017e-16
   outer loop
     vertex -1.830000e+02  4.676224e+02 -1.219130e+02
     vertex -1.830000e+02  4.735759e+02 -1.197959e+02
     vertex -1.830000e+02  4.735860e+02 -1.200971e+02
   endloop
 endfacet
 facet normal -1.000000e+00  8.046468e-15 -1.787197e-15
   outer loop
     vertex -1.830000e+02  4.773054e+02 -1.124973e+02
     vertex -1.830000e+02  4.809366e+02 -1.120515e+02
     vertex -1.830000e+02  4.758254e+02 -1.191607e+02
   endloop
 endfacet
 facet normal -1.000000e+00  0.000000e+00  0.000000e+00
   outer loop
     vertex -1.830000e+02  4.773054e+02 -1.124973e+02
     vertex -1.830000e+02  4.750794e+02 -1.186818e+02
     vertex -1.830000e+02  4.747792e+02 -1.186556e+02
   endloop
 endfacet
 facet normal -1.000000e+00  0.000000e+00  0.000000e+00
   outer loop
     vertex -1.830000e+02  4.773054e+02 -1.124973e+02
     vertex -1.830000e+02  4.753645e+02 -1.187792e+02
     vertex -1.830000e+02  4.750794e+02 -1.186818e+02
   endloop
 endfacet
 facet normal -1.000000e+00  0.000000e+00  0.000000e+00
   outer loop
     vertex -1.830000e+02  4.773054e+02 -1.124973e+02
     vertex -1.830000e+02  4.756181e+02 -1.189419e+02
     vertex -1.830000e+02  4.753645e+02 -1.187792e+02
   endloop
 endfacet
 facet normal -1.000000e+00  0.000000e+00  0.000000e+00
   outer loop
     vertex -1.830000e+02  4.773054e+02 -1.124973e+02
     vertex -1.830000e+02  4.758254e+02 -1.191607e+02
     vertex -1.830000e+02  4.756181e+02 -1.189419e+02
   endloop
 endfacet
 facet normal -1.000000e+00 -2.592620e-15  1.190791e-17
   outer loop
     vertex -1.830000e+02  4.944334e+02 -9.652523e+01
     vertex -1.830000e+02  5.054132e+02 -9.277697e+01
     vertex -1.830000e+02  5.053915e+02 -9.748394e+01
   endloop
 endfacet
 facet normal -1.000000e+00 -2.555300e-15  4.384767e-16
   outer loop
     vertex -1.830000e+02  4.944334e+02 -9.652523e+01
     vertex -1.830000e+02  5.053915e+02 -9.748394e+01
     vertex -1.830000e+02  5.045955e+02 -1.021232e+02
   endloop
 endfacet
 facet normal -1.000000e+00 -2.526329e-15  4.910685e-16
   outer loop
     vertex -1.830000e+02  4.944334e+02 -9.652523e+01
     vertex -1.830000e+02  5.045955e+02 -1.021232e+02
     vertex -1.830000e+02  4.937353e+02 -1.001165e+02
   endloop
 endfacet
 facet normal -1.000000e+00  0.000000e+00  0.000000e+00
   outer loop
     vertex -1.830000e+02  4.736608e+02 -1.121785e+02
     vertex -1.830000e+02  4.773054e+02 -1.124973e+02
     vertex -1.830000e+02  4.747792e+02 -1.186556e+02
   endloop
 endfacet
 facet normal -1.000000e+00  0.000000e+00  0.000000e+00
   outer loop
     vertex -1.830000e+02  4.736608e+02 -1.121785e+02
     vertex -1.830000e+02  4.742034e+02 -1.188182e+02
     vertex -1.830000e+02  4.739613e+02 -1.189976e+02
   endloop
 endfacet
 facet normal -1.000000e+00  0.000000e+00  0.000000e+00
   outer loop
     vertex -1.830000e+02  4.736608e+02 -1.121785e+02
     vertex -1.830000e+02  4.744814e+02 -1.187019e+02
     vertex -1.830000e+02  4.742034e+02 -1.188182e+02
   endloop
 endfacet
 facet normal -1.000000e+00  0.000000e+00  0.000000e+00
   outer loop
     vertex -1.830000e+02  4.736608e+02 -1.121785e+02
     vertex -1.830000e+02  4.747792e+02 -1.186556e+02
     vertex -1.830000e+02  4.744814e+02 -1.187019e+02
   endloop
 endfacet
 facet normal -1.000000e+00 -2.573221e-15 -4.491574e-17
   outer loop
     vertex -1.830000e+02  4.943696e+02 -9.286729e+01
     vertex -1.830000e+02  5.054132e+02 -9.277697e+01
     vertex -1.830000e+02  4.944334e+02 -9.652523e+01
   endloop
 endfacet
 facet normal -1.000000e+00  1.057886e-15  2.381936e-15
   outer loop
     vertex -1.830000e+02  4.701622e+02 -1.111088e+02
     vertex -1.830000e+02  4.676224e+02 -1.219130e+02
     vertex -1.830000e+02  4.633205e+02 -1.200024e+02
   endloop
 endfacet
 facet normal -1.000000e+00 -1.646914e-14 -7.255820e-16
   outer loop
     vertex -1.830000e+02  4.701622e+02 -1.111088e+02
     vertex -1.830000e+02  4.736608e+02 -1.121785e+02
     vertex -1.830000e+02  4.739613e+02 -1.189976e+02
   endloop
 endfacet
 facet normal -1.000000e+00 -6.432302e-15  4.142733e-15
   outer loop
     vertex -1.830000e+02  4.701622e+02 -1.111088e+02
     vertex -1.830000e+02  4.737691e+02 -1.192297e+02
     vertex -1.830000e+02  4.676224e+02 -1.219130e+02
   endloop
 endfacet
 facet normal -1.000000e+00 -5.503408e-15  4.555305e-15
   outer loop
     vertex -1.830000e+02  4.701622e+02 -1.111088e+02
     vertex -1.830000e+02  4.739613e+02 -1.189976e+02
     vertex -1.830000e+02  4.737691e+02 -1.192297e+02
   endloop
 endfacet
 facet normal -1.000000e+00 -7.190117e-15  9.703256e-15
   outer loop
     vertex -1.830000e+02  5.002754e+02 -8.552125e+01
     vertex -1.830000e+02  5.005175e+02 -8.534184e+01
     vertex -1.830000e+02  5.046598e+02 -8.813063e+01
   endloop
 endfacet
 facet normal -1.000000e+00 -1.941058e-14 -6.564157e-15
   outer loop
     vertex -1.830000e+02  5.007097e+02 -8.510970e+01
     vertex -1.830000e+02  5.031518e+02 -8.367168e+01
     vertex -1.830000e+02  5.046598e+02 -8.813063e+01
   endloop
 endfacet
 facet normal -1.000000e+00 -8.812151e-15  7.294032e-15
   outer loop
     vertex -1.830000e+02  5.007097e+02 -8.510970e+01
     vertex -1.830000e+02  5.046598e+02 -8.813063e+01
     vertex -1.830000e+02  5.005175e+02 -8.534184e+01
   endloop
 endfacet
 facet normal -1.000000e+00 -5.350158e-15  1.279479e-14
   outer loop
     vertex -1.830000e+02  4.999974e+02 -8.563750e+01
     vertex -1.830000e+02  5.002754e+02 -8.552125e+01
     vertex -1.830000e+02  5.046598e+02 -8.813063e+01
   endloop
 endfacet
 facet normal -1.000000e+00 -3.251995e-14  1.569922e-14
   outer loop
     vertex -1.830000e+02  5.008407e+02 -8.483833e+01
     vertex -1.830000e+02  5.031518e+02 -8.367168e+01
     vertex -1.830000e+02  5.007097e+02 -8.510970e+01
   endloop
 endfacet
 facet normal -1.000000e+00 -1.245650e-14 -2.019862e-15
   outer loop
     vertex -1.830000e+02  4.996996e+02 -8.568384e+01
     vertex -1.830000e+02  5.046598e+02 -8.813063e+01
     vertex -1.830000e+02  5.054132e+02 -9.277697e+01
   endloop
 endfacet
 facet normal -1.000000e+00 -2.621858e-15  5.901962e-15
   outer loop
     vertex -1.830000e+02  4.996996e+02 -8.568384e+01
     vertex -1.830000e+02  5.054132e+02 -9.277697e+01
     vertex -1.830000e+02  4.943696e+02 -9.286729e+01
   endloop
 endfacet
 facet normal -1.000000e+00 -2.748496e-15  1.766010e-14
   outer loop
     vertex -1.830000e+02  4.996996e+02 -8.568384e+01
     vertex -1.830000e+02  4.999974e+02 -8.563750e+01
     vertex -1.830000e+02  5.046598e+02 -8.813063e+01
   endloop
 endfacet
 facet normal -1.000000e+00 -2.752946e-14  5.812948e-15
   outer loop
     vertex -1.830000e+02  5.009029e+02 -8.454349e+01
     vertex -1.830000e+02  5.031518e+02 -8.367168e+01
     vertex -1.830000e+02  5.008407e+02 -8.483833e+01
   endloop
 endfacet
 facet normal -1.000000e+00  3.250526e-16  3.715368e-15
   outer loop
     vertex -1.830000e+02  4.993994e+02 -8.565758e+01
     vertex -1.830000e+02  4.996996e+02 -8.568384e+01
     vertex -1.830000e+02  4.943696e+02 -9.286729e+01
   endloop
 endfacet
 facet normal -1.000000e+00 -2.495123e-14 -8.377784e-16
   outer loop
     vertex -1.830000e+02  5.008928e+02 -8.424232e+01
     vertex -1.830000e+02  5.031518e+02 -8.367168e+01
     vertex -1.830000e+02  5.009029e+02 -8.454349e+01
   endloop
 endfacet
 facet normal -1.000000e+00 -2.348742e-14 -6.632648e-15
   outer loop
     vertex -1.830000e+02  5.008109e+02 -8.395232e+01
     vertex -1.830000e+02  5.031518e+02 -8.367168e+01
     vertex -1.830000e+02  5.008928e+02 -8.424232e+01
   endloop
 endfacet
 facet normal -1.000000e+00 -2.273337e-14 -1.292243e-14
   outer loop
     vertex -1.830000e+02  5.006620e+02 -8.369034e+01
     vertex -1.830000e+02  5.031518e+02 -8.367168e+01
     vertex -1.830000e+02  5.008109e+02 -8.395232e+01
   endloop
 endfacet
 facet normal -1.000000e+00  1.719222e-15  5.036877e-15
   outer loop
     vertex -1.830000e+02  4.935466e+02 -8.930256e+01
     vertex -1.830000e+02  4.991143e+02 -8.556023e+01
     vertex -1.830000e+02  4.993994e+02 -8.565758e+01
   endloop
 endfacet
 facet normal -1.000000e+00  2.493422e-15  3.885052e-15
   outer loop
     vertex -1.830000e+02  4.935466e+02 -8.930256e+01
     vertex -1.830000e+02  4.988607e+02 -8.539747e+01
     vertex -1.830000e+02  4.991143e+02 -8.556023e+01
   endloop
 endfacet
 facet normal -1.000000e+00  3.152751e-15  2.987830e-15
   outer loop
     vertex -1.830000e+02  4.935466e+02 -8.930256e+01
     vertex -1.830000e+02  4.986534e+02 -8.517875e+01
     vertex -1.830000e+02  4.988607e+02 -8.539747e+01
   endloop
 endfacet
 facet normal -1.000000e+00  4.245606e-15  9.801754e-16
   outer loop
     vertex -1.830000e+02  4.935466e+02 -8.930256e+01
     vertex -1.830000e+02  4.993994e+02 -8.565758e+01
     vertex -1.830000e+02  4.943696e+02 -9.286729e+01
   endloop
 endfacet
 facet normal -1.000000e+00 -2.266919e-14 -2.148335e-14
   outer loop
     vertex -1.830000e+02  5.004547e+02 -8.347162e+01
     vertex -1.830000e+02  5.031518e+02 -8.367168e+01
     vertex -1.830000e+02  5.006620e+02 -8.369034e+01
   endloop
 endfacet
 facet normal -1.000000e+00  3.814527e-15  2.168308e-15
   outer loop
     vertex -1.830000e+02  4.985045e+02 -8.491677e+01
     vertex -1.830000e+02  4.986534e+02 -8.517875e+01
     vertex -1.830000e+02  4.935466e+02 -8.930256e+01
   endloop
 endfacet
 facet normal -1.000000e+00 -1.180838e-14  4.031475e-15
   outer loop
     vertex -1.830000e+02  4.669624e+02 -1.093352e+02
     vertex -1.830000e+02  4.633205e+02 -1.200024e+02
     vertex -1.830000e+02  4.593918e+02 -1.174099e+02
   endloop
 endfacet
 facet normal -1.000000e+00  7.468903e-15 -2.549943e-15
   outer loop
     vertex -1.830000e+02  4.669624e+02 -1.093352e+02
     vertex -1.830000e+02  4.701622e+02 -1.111088e+02
     vertex -1.830000e+02  4.633205e+02 -1.200024e+02
   endloop
 endfacet
 facet normal -1.000000e+00 -2.088899e-14  2.516558e-15
   outer loop
     vertex -1.830000e+02  5.009306e+02 -7.952173e+01
     vertex -1.830000e+02  5.031518e+02 -8.367168e+01
     vertex -1.830000e+02  5.004547e+02 -8.347162e+01
   endloop
 endfacet
 facet normal -1.000000e+00  0.000000e+00  0.000000e+00
   outer loop
     vertex -1.830000e+02  5.009306e+02 -7.952173e+01
     vertex -1.830000e+02  4.993180e+02 -8.323159e+01
     vertex -1.830000e+02  4.990400e+02 -8.334784e+01
   endloop
 endfacet
 facet normal -1.000000e+00  0.000000e+00  0.000000e+00
   outer loop
     vertex -1.830000e+02  5.009306e+02 -7.952173e+01
     vertex -1.830000e+02  4.996157e+02 -8.318525e+01
     vertex -1.830000e+02  4.993180e+02 -8.323159e+01
   endloop
 endfacet
 facet normal -1.000000e+00  0.000000e+00  0.000000e+00
   outer loop
     vertex -1.830000e+02  5.009306e+02 -7.952173e+01
     vertex -1.830000e+02  4.999159e+02 -8.321151e+01
     vertex -1.830000e+02  4.996157e+02 -8.318525e+01
   endloop
 endfacet
 facet normal -1.000000e+00  0.000000e+00  0.000000e+00
   outer loop
     vertex -1.830000e+02  5.009306e+02 -7.952173e+01
     vertex -1.830000e+02  5.002011e+02 -8.330885e+01
     vertex -1.830000e+02  4.999159e+02 -8.321151e+01
   endloop
 endfacet
 facet normal -1.000000e+00  0.000000e+00  0.000000e+00
   outer loop
     vertex -1.830000e+02  5.009306e+02 -7.952173e+01
     vertex -1.830000e+02  5.004547e+02 -8.347162e+01
     vertex -1.830000e+02  5.002011e+02 -8.330885e+01
   endloop
 endfacet
 facet normal -1.000000e+00  4.058500e-15  1.892510e-15
   outer loop
     vertex -1.830000e+02  4.920004e+02 -8.598683e+01
     vertex -1.830000e+02  4.985045e+02 -8.491677e+01
     vertex -1.830000e+02  4.935466e+02 -8.930256e+01
   endloop
 endfacet
 facet normal -1.000000e+00  4.689086e-15 -9.901180e-16
   outer loop
     vertex -1.830000e+02  4.920004e+02 -8.598683e+01
     vertex -1.830000e+02  4.984747e+02 -8.403076e+01
     vertex -1.830000e+02  4.984125e+02 -8.432560e+01
   endloop
 endfacet
 facet normal -1.000000e+00  4.175852e-15  1.179225e-15
   outer loop
     vertex -1.830000e+02  4.920004e+02 -8.598683e+01
     vertex -1.830000e+02  4.984226e+02 -8.462677e+01
     vertex -1.830000e+02  4.985045e+02 -8.491677e+01
   endloop
 endfacet
 facet normal -1.000000e+00  4.394338e-15  1.475471e-16
   outer loop
     vertex -1.830000e+02  4.920004e+02 -8.598683e+01
     vertex -1.830000e+02  4.984125e+02 -8.432560e+01
     vertex -1.830000e+02  4.984226e+02 -8.462677e+01
   endloop
 endfacet
 facet normal -1.000000e+00  2.243269e-15 -6.456617e-15
   outer loop
     vertex -1.830000e+02  4.642013e+02 -1.069350e+02
     vertex -1.830000e+02  4.593918e+02 -1.174099e+02
     vertex -1.830000e+02  4.559434e+02 -1.142060e+02
   endloop
 endfacet
 facet normal -1.000000e+00 -3.371601e-15 -3.878583e-15
   outer loop
     vertex -1.830000e+02  4.642013e+02 -1.069350e+02
     vertex -1.830000e+02  4.669624e+02 -1.093352e+02
     vertex -1.830000e+02  4.593918e+02 -1.174099e+02
   endloop
 endfacet
 facet normal -1.000000e+00 -3.108838e-15  1.500812e-15
   outer loop
     vertex -1.830000e+02  4.897987e+02 -8.306503e+01
     vertex -1.830000e+02  4.986057e+02 -8.375938e+01
     vertex -1.830000e+02  4.984747e+02 -8.403076e+01
   endloop
 endfacet
 facet normal -1.000000e+00 -3.029464e-15  2.507561e-15
   outer loop
     vertex -1.830000e+02  4.897987e+02 -8.306503e+01
     vertex -1.830000e+02  4.987979e+02 -8.352725e+01
     vertex -1.830000e+02  4.986057e+02 -8.375938e+01
   endloop
 endfacet
 facet normal -1.000000e+00 -1.212027e-15  1.854157e-14
   outer loop
     vertex -1.830000e+02  4.897987e+02 -8.306503e+01
     vertex -1.830000e+02  4.984747e+02 -8.403076e+01
     vertex -1.830000e+02  4.920004e+02 -8.598683e+01
   endloop
 endfacet
 facet normal -1.000000e+00  2.542751e-15 -3.431511e-15
   outer loop
     vertex -1.830000e+02  4.980566e+02 -7.579398e+01
     vertex -1.830000e+02  4.990400e+02 -8.334784e+01
     vertex -1.830000e+02  4.987979e+02 -8.352725e+01
   endloop
 endfacet
 facet normal -1.000000e+00  6.026623e-15 -2.977959e-15
   outer loop
     vertex -1.830000e+02  4.980566e+02 -7.579398e+01
     vertex -1.830000e+02  5.009306e+02 -7.952173e+01
     vertex -1.830000e+02  4.990400e+02 -8.334784e+01
   endloop
 endfacet
 facet normal -1.000000e+00 -3.363589e-15 -3.997681e-15
   outer loop
     vertex -1.830000e+02  4.980566e+02 -7.579398e+01
     vertex -1.830000e+02  4.987979e+02 -8.352725e+01
     vertex -1.830000e+02  4.897987e+02 -8.306503e+01
   endloop
 endfacet
 facet normal -1.000000e+00 -3.173885e-15 -3.042420e-16
   outer loop
     vertex -1.830000e+02  4.552021e+02 -1.064728e+02
     vertex -1.830000e+02  4.642013e+02 -1.069350e+02
     vertex -1.830000e+02  4.559434e+02 -1.142060e+02
   endloop
 endfacet
 facet normal -1.000000e+00  0.000000e+00 -0.000000e+00
   outer loop
     vertex -1.830000e+02  4.549600e+02 -1.066522e+02
     vertex -1.830000e+02  4.559434e+02 -1.142060e+02
     vertex -1.830000e+02  4.530694e+02 -1.104783e+02
   endloop
 endfacet
 facet normal -1.000000e+00  0.000000e+00  0.000000e+00
   outer loop
     vertex -1.830000e+02  4.549600e+02 -1.066522e+02
     vertex -1.830000e+02  4.552021e+02 -1.064728e+02
     vertex -1.830000e+02  4.559434e+02 -1.142060e+02
   endloop
 endfacet
 facet normal -1.000000e+00 -3.029464e-15  2.507561e-15
   outer loop
     vertex -1.830000e+02  4.553943e+02 -1.062406e+02
     vertex -1.830000e+02  4.642013e+02 -1.069350e+02
     vertex -1.830000e+02  4.552021e+02 -1.064728e+02
   endloop
 endfacet
 facet normal -1.000000e+00  0.000000e+00 -0.000000e+00
   outer loop
     vertex -1.830000e+02  4.546820e+02 -1.067684e+02
     vertex -1.830000e+02  4.549600e+02 -1.066522e+02
     vertex -1.830000e+02  4.530694e+02 -1.104783e+02
   endloop
 endfacet
 facet normal -1.000000e+00 -1.212027e-15  1.854157e-14
   outer loop
     vertex -1.830000e+02  4.555253e+02 -1.059692e+02
     vertex -1.830000e+02  4.619996e+02 -1.040132e+02
     vertex -1.830000e+02  4.642013e+02 -1.069350e+02
   endloop
 endfacet
 facet normal -1.000000e+00 -3.108838e-15  1.500812e-15
   outer loop
     vertex -1.830000e+02  4.555253e+02 -1.059692e+02
     vertex -1.830000e+02  4.642013e+02 -1.069350e+02
     vertex -1.830000e+02  4.553943e+02 -1.062406e+02
   endloop
 endfacet
 facet normal -1.000000e+00  0.000000e+00 -0.000000e+00
   outer loop
     vertex -1.830000e+02  4.543843e+02 -1.068148e+02
     vertex -1.830000e+02  4.546820e+02 -1.067684e+02
     vertex -1.830000e+02  4.530694e+02 -1.104783e+02
   endloop
 endfacet
 facet normal -1.000000e+00  4.689086e-15 -9.901180e-16
   outer loop
     vertex -1.830000e+02  4.555875e+02 -1.056744e+02
     vertex -1.830000e+02  4.619996e+02 -1.040132e+02
     vertex -1.830000e+02  4.555253e+02 -1.059692e+02
   endloop
 endfacet
 facet normal -1.000000e+00  0.000000e+00 -0.000000e+00
   outer loop
     vertex -1.830000e+02  4.540841e+02 -1.067885e+02
     vertex -1.830000e+02  4.543843e+02 -1.068148e+02
     vertex -1.830000e+02  4.530694e+02 -1.104783e+02
   endloop
 endfacet
 facet normal -1.000000e+00  4.394338e-15  1.475471e-16
   outer loop
     vertex -1.830000e+02  4.555774e+02 -1.053732e+02
     vertex -1.830000e+02  4.619996e+02 -1.040132e+02
     vertex -1.830000e+02  4.555875e+02 -1.056744e+02
   endloop
 endfacet
 facet normal -1.000000e+00 -3.534183e-15 -3.803934e-15
   outer loop
     vertex -1.830000e+02  4.946082e+02 -7.259013e+01
     vertex -1.830000e+02  4.980566e+02 -7.579398e+01
     vertex -1.830000e+02  4.897987e+02 -8.306503e+01
   endloop
 endfacet
 facet normal -1.000000e+00  3.985562e-15 -7.256580e-15
   outer loop
     vertex -1.830000e+02  4.946082e+02 -7.259013e+01
     vertex -1.830000e+02  4.897987e+02 -8.306503e+01
     vertex -1.830000e+02  4.870376e+02 -8.066484e+01
   endloop
 endfacet
 facet normal -1.000000e+00  0.000000e+00 -0.000000e+00
   outer loop
     vertex -1.830000e+02  4.537989e+02 -1.066911e+02
     vertex -1.830000e+02  4.540841e+02 -1.067885e+02
     vertex -1.830000e+02  4.530694e+02 -1.104783e+02
   endloop
 endfacet
 facet normal -1.000000e+00  4.175852e-15  1.179225e-15
   outer loop
     vertex -1.830000e+02  4.554955e+02 -1.050832e+02
     vertex -1.830000e+02  4.619996e+02 -1.040132e+02
     vertex -1.830000e+02  4.555774e+02 -1.053732e+02
   endloop
 endfacet
 facet normal -1.000000e+00  0.000000e+00 -0.000000e+00
   outer loop
     vertex -1.830000e+02  4.535453e+02 -1.065284e+02
     vertex -1.830000e+02  4.537989e+02 -1.066911e+02
     vertex -1.830000e+02  4.530694e+02 -1.104783e+02
   endloop
 endfacet
 facet normal -1.000000e+00  4.058500e-15  1.892510e-15
   outer loop
     vertex -1.830000e+02  4.604534e+02 -1.006974e+02
     vertex -1.830000e+02  4.619996e+02 -1.040132e+02
     vertex -1.830000e+02  4.554955e+02 -1.050832e+02
   endloop
 endfacet
 facet normal -1.000000e+00  3.814527e-15  2.168308e-15
   outer loop
     vertex -1.830000e+02  4.553466e+02 -1.048213e+02
     vertex -1.830000e+02  4.604534e+02 -1.006974e+02
     vertex -1.830000e+02  4.554955e+02 -1.050832e+02
   endloop
 endfacet
 facet normal -1.000000e+00  3.152751e-15  2.987830e-15
   outer loop
     vertex -1.830000e+02  4.551393e+02 -1.046025e+02
     vertex -1.830000e+02  4.604534e+02 -1.006974e+02
     vertex -1.830000e+02  4.553466e+02 -1.048213e+02
   endloop
 endfacet
 facet normal -1.000000e+00  2.493422e-15  3.885052e-15
   outer loop
     vertex -1.830000e+02  4.548857e+02 -1.044398e+02
     vertex -1.830000e+02  4.604534e+02 -1.006974e+02
     vertex -1.830000e+02  4.551393e+02 -1.046025e+02
   endloop
 endfacet
 facet normal -1.000000e+00  1.719222e-15  5.036877e-15
   outer loop
     vertex -1.830000e+02  4.546006e+02 -1.043424e+02
     vertex -1.830000e+02  4.604534e+02 -1.006974e+02
     vertex -1.830000e+02  4.548857e+02 -1.044398e+02
   endloop
 endfacet
 facet normal -1.000000e+00 -2.266919e-14 -2.148335e-14
   outer loop
     vertex -1.830000e+02  4.508482e+02 -1.063283e+02
     vertex -1.830000e+02  4.533380e+02 -1.063097e+02
     vertex -1.830000e+02  4.535453e+02 -1.065284e+02
   endloop
 endfacet
 facet normal -1.000000e+00 -2.273337e-14 -1.292243e-14
   outer loop
     vertex -1.830000e+02  4.508482e+02 -1.063283e+02
     vertex -1.830000e+02  4.531891e+02 -1.060477e+02
     vertex -1.830000e+02  4.533380e+02 -1.063097e+02
   endloop
 endfacet
 facet normal -1.000000e+00 -2.348742e-14 -6.632648e-15
   outer loop
     vertex -1.830000e+02  4.508482e+02 -1.063283e+02
     vertex -1.830000e+02  4.531072e+02 -1.057577e+02
     vertex -1.830000e+02  4.531891e+02 -1.060477e+02
   endloop
 endfacet
 facet normal -1.000000e+00 -2.495123e-14 -8.377784e-16
   outer loop
     vertex -1.830000e+02  4.508482e+02 -1.063283e+02
     vertex -1.830000e+02  4.530971e+02 -1.054565e+02
     vertex -1.830000e+02  4.531072e+02 -1.057577e+02
   endloop
 endfacet
 facet normal -1.000000e+00 -2.088899e-14  2.516558e-15
   outer loop
     vertex -1.830000e+02  4.508482e+02 -1.063283e+02
     vertex -1.830000e+02  4.535453e+02 -1.065284e+02
     vertex -1.830000e+02  4.530694e+02 -1.104783e+02
   endloop
 endfacet
 facet normal -1.000000e+00 -2.752946e-14  5.812948e-15
   outer loop
     vertex -1.830000e+02  4.508482e+02 -1.063283e+02
     vertex -1.830000e+02  4.531593e+02 -1.051617e+02
     vertex -1.830000e+02  4.530971e+02 -1.054565e+02
   endloop
 endfacet
 facet normal -1.000000e+00 -3.251995e-14  1.569922e-14
   outer loop
     vertex -1.830000e+02  4.508482e+02 -1.063283e+02
     vertex -1.830000e+02  4.532903e+02 -1.048903e+02
     vertex -1.830000e+02  4.531593e+02 -1.051617e+02
   endloop
 endfacet
 facet normal -1.000000e+00  4.245606e-15  9.801754e-16
   outer loop
     vertex -1.830000e+02  4.596304e+02 -9.713271e+01
     vertex -1.830000e+02  4.604534e+02 -1.006974e+02
     vertex -1.830000e+02  4.546006e+02 -1.043424e+02
   endloop
 endfacet
 facet normal -1.000000e+00  3.250526e-16  3.715368e-15
   outer loop
     vertex -1.830000e+02  4.596304e+02 -9.713271e+01
     vertex -1.830000e+02  4.546006e+02 -1.043424e+02
     vertex -1.830000e+02  4.543004e+02 -1.043162e+02
   endloop
 endfacet
 facet normal -1.000000e+00  1.241873e-15  2.240398e-15
   outer loop
     vertex -1.830000e+02  4.906795e+02 -6.999756e+01
     vertex -1.830000e+02  4.870376e+02 -8.066484e+01
     vertex -1.830000e+02  4.838378e+02 -7.889117e+01
   endloop
 endfacet
 facet normal -1.000000e+00 -1.037343e-14  6.205955e-15
   outer loop
     vertex -1.830000e+02  4.906795e+02 -6.999756e+01
     vertex -1.830000e+02  4.946082e+02 -7.259013e+01
     vertex -1.830000e+02  4.870376e+02 -8.066484e+01
   endloop
 endfacet
 facet normal -1.000000e+00 -7.190117e-15  9.703256e-15
   outer loop
     vertex -1.830000e+02  4.493402e+02 -1.018694e+02
     vertex -1.830000e+02  4.537246e+02 -1.044788e+02
     vertex -1.830000e+02  4.534825e+02 -1.046582e+02
   endloop
 endfacet
 facet normal -1.000000e+00 -5.350158e-15  1.279479e-14
   outer loop
     vertex -1.830000e+02  4.493402e+02 -1.018694e+02
     vertex -1.830000e+02  4.540026e+02 -1.043625e+02
     vertex -1.830000e+02  4.537246e+02 -1.044788e+02
   endloop
 endfacet
 facet normal -1.000000e+00 -2.748496e-15  1.766010e-14
   outer loop
     vertex -1.830000e+02  4.493402e+02 -1.018694e+02
     vertex -1.830000e+02  4.543004e+02 -1.043162e+02
     vertex -1.830000e+02  4.540026e+02 -1.043625e+02
   endloop
 endfacet
 facet normal -1.000000e+00 -1.941058e-14 -6.564157e-15
   outer loop
     vertex -1.830000e+02  4.493402e+02 -1.018694e+02
     vertex -1.830000e+02  4.532903e+02 -1.048903e+02
     vertex -1.830000e+02  4.508482e+02 -1.063283e+02
   endloop
 endfacet
 facet normal -1.000000e+00 -8.812151e-15  7.294032e-15
   outer loop
     vertex -1.830000e+02  4.493402e+02 -1.018694e+02
     vertex -1.830000e+02  4.534825e+02 -1.046582e+02
     vertex -1.830000e+02  4.532903e+02 -1.048903e+02
   endloop
 endfacet
 facet normal -1.000000e+00  5.982292e-15 -1.406320e-15
   outer loop
     vertex -1.830000e+02  4.863776e+02 -6.808700e+01
     vertex -1.830000e+02  4.906795e+02 -6.999756e+01
     vertex -1.830000e+02  4.838378e+02 -7.889117e+01
   endloop
 endfacet
 facet normal -1.000000e+00 -1.646914e-14 -7.255820e-16
   outer loop
     vertex -1.830000e+02  4.800387e+02 -7.100243e+01
     vertex -1.830000e+02  4.838378e+02 -7.889117e+01
     vertex -1.830000e+02  4.803392e+02 -7.782152e+01
   endloop
 endfacet
 facet normal -1.000000e+00  0.000000e+00  0.000000e+00
   outer loop
     vertex -1.830000e+02  4.797966e+02 -7.118184e+01
     vertex -1.830000e+02  4.800387e+02 -7.100243e+01
     vertex -1.830000e+02  4.803392e+02 -7.782152e+01
   endloop
 endfacet
 facet normal -1.000000e+00 -1.030522e-14  2.422557e-15
   outer loop
     vertex -1.830000e+02  4.802309e+02 -7.077029e+01
     vertex -1.830000e+02  4.863776e+02 -6.808700e+01
     vertex -1.830000e+02  4.838378e+02 -7.889117e+01
   endloop
 endfacet
 facet normal -1.000000e+00 -5.503408e-15  4.555305e-15
   outer loop
     vertex -1.830000e+02  4.802309e+02 -7.077029e+01
     vertex -1.830000e+02  4.838378e+02 -7.889117e+01
     vertex -1.830000e+02  4.800387e+02 -7.100243e+01
   endloop
 endfacet
 facet normal -1.000000e+00  0.000000e+00  0.000000e+00
   outer loop
     vertex -1.830000e+02  4.795186e+02 -7.129809e+01
     vertex -1.830000e+02  4.797966e+02 -7.118184e+01
     vertex -1.830000e+02  4.803392e+02 -7.782152e+01
   endloop
 endfacet
 facet normal -1.000000e+00 -3.255651e-17  3.980713e-15
   outer loop
     vertex -1.830000e+02  4.485868e+02 -9.722303e+01
     vertex -1.830000e+02  4.596304e+02 -9.713271e+01
     vertex -1.830000e+02  4.543004e+02 -1.043162e+02
   endloop
 endfacet
 facet normal -1.000000e+00  0.000000e+00  0.000000e+00
   outer loop
     vertex -1.830000e+02  4.485868e+02 -9.722303e+01
     vertex -1.830000e+02  4.595666e+02 -9.347477e+01
     vertex -1.830000e+02  4.596304e+02 -9.713271e+01
   endloop
 endfacet
 facet normal -1.000000e+00 -1.573634e-14 -8.668716e-15
   outer loop
     vertex -1.830000e+02  4.485868e+02 -9.722303e+01
     vertex -1.830000e+02  4.543004e+02 -1.043162e+02
     vertex -1.830000e+02  4.493402e+02 -1.018694e+02
   endloop
 endfacet
 facet normal -1.000000e+00 -1.171693e-14  5.656424e-15
   outer loop
     vertex -1.830000e+02  4.803619e+02 -7.049892e+01
     vertex -1.830000e+02  4.863776e+02 -6.808700e+01
     vertex -1.830000e+02  4.802309e+02 -7.077029e+01
   endloop
 endfacet
 facet normal -1.000000e+00  0.000000e+00  0.000000e+00
   outer loop
     vertex -1.830000e+02  4.792208e+02 -7.134443e+01
     vertex -1.830000e+02  4.795186e+02 -7.129809e+01
     vertex -1.830000e+02  4.803392e+02 -7.782152e+01
   endloop
 endfacet
 facet normal -1.000000e+00 -1.032301e-14  2.179742e-15
   outer loop
     vertex -1.830000e+02  4.804241e+02 -7.020408e+01
     vertex -1.830000e+02  4.863776e+02 -6.808700e+01
     vertex -1.830000e+02  4.803619e+02 -7.049892e+01
   endloop
 endfacet
 facet normal -1.000000e+00  0.000000e+00  0.000000e+00
   outer loop
     vertex -1.830000e+02  4.789206e+02 -7.131816e+01
     vertex -1.830000e+02  4.792208e+02 -7.134443e+01
     vertex -1.830000e+02  4.803392e+02 -7.782152e+01
   endloop
 endfacet
 facet normal -1.000000e+00  7.950073e-15  1.734069e-15
   outer loop
     vertex -1.830000e+02  4.789206e+02 -7.131816e+01
     vertex -1.830000e+02  4.803392e+02 -7.782152e+01
     vertex -1.830000e+02  4.766946e+02 -7.750267e+01
   endloop
 endfacet
 facet normal -1.000000e+00 -9.435232e-15 -3.168033e-16
   outer loop
     vertex -1.830000e+02  4.804140e+02 -6.990291e+01
     vertex -1.830000e+02  4.863776e+02 -6.808700e+01
     vertex -1.830000e+02  4.804241e+02 -7.020408e+01
   endloop
 endfacet
 facet normal -1.000000e+00  1.396983e-15  4.092802e-15
   outer loop
     vertex -1.830000e+02  4.786355e+02 -7.122082e+01
     vertex -1.830000e+02  4.789206e+02 -7.131816e+01
     vertex -1.830000e+02  4.766946e+02 -7.750267e+01
   endloop
 endfacet
 facet normal -1.000000e+00  9.594883e-14 -2.512051e-14
   outer loop
     vertex -1.830000e+02  4.783819e+02 -7.105806e+01
     vertex -1.830000e+02  4.786355e+02 -7.122082e+01
     vertex -1.830000e+02  4.766946e+02 -7.750267e+01
   endloop
 endfacet
 facet normal -1.000000e+00  0.000000e+00  0.000000e+00
   outer loop
     vertex -1.830000e+02  4.781746e+02 -7.083934e+01
     vertex -1.830000e+02  4.766946e+02 -7.750267e+01
     vertex -1.830000e+02  4.730634e+02 -7.794852e+01
   endloop
 endfacet
 facet normal -1.000000e+00  0.000000e+00 -0.000000e+00
   outer loop
     vertex -1.830000e+02  4.781746e+02 -7.083934e+01
     vertex -1.830000e+02  4.783819e+02 -7.105806e+01
     vertex -1.830000e+02  4.766946e+02 -7.750267e+01
   endloop
 endfacet
 facet normal -1.000000e+00  0.000000e+00 -0.000000e+00
   outer loop
     vertex -1.830000e+02  4.780257e+02 -7.057736e+01
     vertex -1.830000e+02  4.781746e+02 -7.083934e+01
     vertex -1.830000e+02  4.730634e+02 -7.794852e+01
   endloop
 endfacet
 facet normal -1.000000e+00  0.000000e+00  0.000000e+00
   outer loop
     vertex -1.830000e+02  4.818200e+02 -6.691054e+01
     vertex -1.830000e+02  4.799759e+02 -6.913220e+01
     vertex -1.830000e+02  4.797223e+02 -6.896944e+01
   endloop
 endfacet
 facet normal -1.000000e+00  0.000000e+00  0.000000e+00
   outer loop
     vertex -1.830000e+02  4.818200e+02 -6.691054e+01
     vertex -1.830000e+02  4.801832e+02 -6.935093e+01
     vertex -1.830000e+02  4.799759e+02 -6.913220e+01
   endloop
 endfacet
 facet normal -1.000000e+00  0.000000e+00  0.000000e+00
   outer loop
     vertex -1.830000e+02  4.818200e+02 -6.691054e+01
     vertex -1.830000e+02  4.803321e+02 -6.961290e+01
     vertex -1.830000e+02  4.801832e+02 -6.935093e+01
   endloop
 endfacet
 facet normal -1.000000e+00  0.000000e+00  0.000000e+00
   outer loop
     vertex -1.830000e+02  4.818200e+02 -6.691054e+01
     vertex -1.830000e+02  4.804140e+02 -6.990291e+01
     vertex -1.830000e+02  4.803321e+02 -6.961290e+01
   endloop
 endfacet
 facet normal -1.000000e+00 -1.112309e-14  5.226276e-15
   outer loop
     vertex -1.830000e+02  4.818200e+02 -6.691054e+01
     vertex -1.830000e+02  4.863776e+02 -6.808700e+01
     vertex -1.830000e+02  4.804140e+02 -6.990291e+01
   endloop
 endfacet
 facet normal -1.000000e+00  0.000000e+00  0.000000e+00
   outer loop
     vertex -1.830000e+02  4.794371e+02 -6.887210e+01
     vertex -1.830000e+02  4.818200e+02 -6.691054e+01
     vertex -1.830000e+02  4.797223e+02 -6.896944e+01
   endloop
 endfacet
 facet normal -1.000000e+00  0.000000e+00 -0.000000e+00
   outer loop
     vertex -1.830000e+02  4.486085e+02 -9.251606e+01
     vertex -1.830000e+02  4.595666e+02 -9.347477e+01
     vertex -1.830000e+02  4.485868e+02 -9.722303e+01
   endloop
 endfacet
 facet normal -1.000000e+00  0.000000e+00  0.000000e+00
   outer loop
     vertex -1.830000e+02  4.771309e+02 -6.650030e+01
     vertex -1.830000e+02  4.781269e+02 -6.941997e+01
     vertex -1.830000e+02  4.779959e+02 -6.969135e+01
   endloop
 endfacet
 facet normal -1.000000e+00  0.000000e+00  0.000000e+00
   outer loop
     vertex -1.830000e+02  4.771309e+02 -6.650030e+01
     vertex -1.830000e+02  4.783191e+02 -6.918784e+01
     vertex -1.830000e+02  4.781269e+02 -6.941997e+01
   endloop
 endfacet
 facet normal -1.000000e+00  0.000000e+00  0.000000e+00
   outer loop
     vertex -1.830000e+02  4.771309e+02 -6.650030e+01
     vertex -1.830000e+02  4.785612e+02 -6.900843e+01
     vertex -1.830000e+02  4.783191e+02 -6.918784e+01
   endloop
 endfacet
 facet normal -1.000000e+00  8.254726e-14  4.707305e-14
   outer loop
     vertex -1.830000e+02  4.771309e+02 -6.650030e+01
     vertex -1.830000e+02  4.788392e+02 -6.889218e+01
     vertex -1.830000e+02  4.785612e+02 -6.900843e+01
   endloop
 endfacet
 facet normal -1.000000e+00  1.664329e-15 -1.069393e-14
   outer loop
     vertex -1.830000e+02  4.771309e+02 -6.650030e+01
     vertex -1.830000e+02  4.791369e+02 -6.884584e+01
     vertex -1.830000e+02  4.788392e+02 -6.889218e+01
   endloop
 endfacet
 facet normal -1.000000e+00 -1.145873e-15 -1.309738e-14
   outer loop
     vertex -1.830000e+02  4.771309e+02 -6.650030e+01
     vertex -1.830000e+02  4.794371e+02 -6.887210e+01
     vertex -1.830000e+02  4.791369e+02 -6.884584e+01
   endloop
 endfacet
 facet normal -1.000000e+00  5.478916e-15 -6.655707e-15
   outer loop
     vertex -1.830000e+02  4.771309e+02 -6.650030e+01
     vertex -1.830000e+02  4.818200e+02 -6.691054e+01
     vertex -1.830000e+02  4.794371e+02 -6.887210e+01
   endloop
 endfacet
 facet normal -1.000000e+00  2.586023e-15 -3.489907e-15
   outer loop
     vertex -1.830000e+02  4.571389e+02 -8.174729e+01
     vertex -1.830000e+02  4.573810e+02 -8.156788e+01
     vertex -1.830000e+02  4.616942e+02 -8.651583e+01
   endloop
 endfacet
 facet normal -1.000000e+00  3.380053e-15 -2.797752e-15
   outer loop
     vertex -1.830000e+02  4.575732e+02 -8.133575e+01
     vertex -1.830000e+02  4.616942e+02 -8.651583e+01
     vertex -1.830000e+02  4.573810e+02 -8.156788e+01
   endloop
 endfacet
 facet normal -1.000000e+00 -9.012803e-15 -1.265680e-14
   outer loop
     vertex -1.830000e+02  4.575732e+02 -8.133575e+01
     vertex -1.830000e+02  4.637926e+02 -8.351897e+01
     vertex -1.830000e+02  4.616942e+02 -8.651583e+01
   endloop
 endfacet
 facet normal -1.000000e+00  1.780909e-15 -4.259007e-15
   outer loop
     vertex -1.830000e+02  4.568609e+02 -8.186354e+01
     vertex -1.830000e+02  4.571389e+02 -8.174729e+01
     vertex -1.830000e+02  4.616942e+02 -8.651583e+01
   endloop
 endfacet
 facet normal -1.000000e+00 -3.907641e-15  1.886439e-15
   outer loop
     vertex -1.830000e+02  4.577042e+02 -8.106437e+01
     vertex -1.830000e+02  4.637926e+02 -8.351897e+01
     vertex -1.830000e+02  4.575732e+02 -8.133575e+01
   endloop
 endfacet
 facet normal -1.000000e+00  4.010900e-15 -1.702526e-15
   outer loop
     vertex -1.830000e+02  4.565631e+02 -8.190989e+01
     vertex -1.830000e+02  4.616942e+02 -8.651583e+01
     vertex -1.830000e+02  4.602647e+02 -8.988350e+01
   endloop
 endfacet
 facet normal -1.000000e+00  8.184584e-16 -5.258896e-15
   outer loop
     vertex -1.830000e+02  4.565631e+02 -8.190989e+01
     vertex -1.830000e+02  4.568609e+02 -8.186354e+01
     vertex -1.830000e+02  4.616942e+02 -8.651583e+01
   endloop
 endfacet
 facet normal -1.000000e+00  5.280631e-16  6.035788e-15
   outer loop
     vertex -1.830000e+02  4.494045e+02 -8.787684e+01
     vertex -1.830000e+02  4.595666e+02 -9.347477e+01
     vertex -1.830000e+02  4.486085e+02 -9.251606e+01
   endloop
 endfacet
 facet normal -1.000000e+00 -2.526329e-15  4.910685e-16
   outer loop
     vertex -1.830000e+02  4.494045e+02 -8.787684e+01
     vertex -1.830000e+02  4.602647e+02 -8.988350e+01
     vertex -1.830000e+02  4.595666e+02 -9.347477e+01
   endloop
 endfacet
 facet normal -1.000000e+00 -4.301957e-15  9.083743e-16
   outer loop
     vertex -1.830000e+02  4.577664e+02 -8.076953e+01
     vertex -1.830000e+02  4.637926e+02 -8.351897e+01
     vertex -1.830000e+02  4.577042e+02 -8.106437e+01
   endloop
 endfacet
 facet normal -1.000000e+00 -3.250526e-16 -3.715368e-15
   outer loop
     vertex -1.830000e+02  4.562630e+02 -8.188362e+01
     vertex -1.830000e+02  4.565631e+02 -8.190989e+01
     vertex -1.830000e+02  4.602647e+02 -8.988350e+01
   endloop
 endfacet
 facet normal -1.000000e+00 -3.606891e-15 -5.357017e-15
   outer loop
     vertex -1.830000e+02  4.562630e+02 -8.188362e+01
     vertex -1.830000e+02  4.602647e+02 -8.988350e+01
     vertex -1.830000e+02  4.494045e+02 -8.787684e+01
   endloop
 endfacet
 facet normal -1.000000e+00 -4.789780e-15 -1.608247e-16
   outer loop
     vertex -1.830000e+02  4.577563e+02 -8.046836e+01
     vertex -1.830000e+02  4.637926e+02 -8.351897e+01
     vertex -1.830000e+02  4.577664e+02 -8.076953e+01
   endloop
 endfacet
 facet normal -1.000000e+00 -3.053594e-15  3.274578e-15
   outer loop
     vertex -1.830000e+02  4.577563e+02 -8.046836e+01
     vertex -1.830000e+02  4.664682e+02 -8.102388e+01
     vertex -1.830000e+02  4.637926e+02 -8.351897e+01
   endloop
 endfacet
 facet normal -1.000000e+00 -3.322221e-15 -9.381670e-16
   outer loop
     vertex -1.830000e+02  4.576744e+02 -8.017836e+01
     vertex -1.830000e+02  4.664682e+02 -8.102388e+01
     vertex -1.830000e+02  4.577563e+02 -8.046836e+01
   endloop
 endfacet
 facet normal -1.000000e+00 -3.418873e-15 -1.943405e-15
   outer loop
     vertex -1.830000e+02  4.575255e+02 -7.991639e+01
     vertex -1.830000e+02  4.664682e+02 -8.102388e+01
     vertex -1.830000e+02  4.576744e+02 -8.017836e+01
   endloop
 endfacet
 facet normal -1.000000e+00  0.000000e+00  0.000000e+00
   outer loop
     vertex -1.830000e+02  4.724382e+02 -6.686745e+01
     vertex -1.830000e+02  4.779959e+02 -6.969135e+01
     vertex -1.830000e+02  4.779337e+02 -6.998619e+01
   endloop
 endfacet
 facet normal -1.000000e+00  0.000000e+00  0.000000e+00
   outer loop
     vertex -1.830000e+02  4.724382e+02 -6.686745e+01
     vertex -1.830000e+02  4.780257e+02 -7.057736e+01
     vertex -1.830000e+02  4.730634e+02 -7.794852e+01
   endloop
 endfacet
 facet normal -1.000000e+00  0.000000e+00  0.000000e+00
   outer loop
     vertex -1.830000e+02  4.724382e+02 -6.686745e+01
     vertex -1.830000e+02  4.779438e+02 -7.028736e+01
     vertex -1.830000e+02  4.780257e+02 -7.057736e+01
   endloop
 endfacet
 facet normal -1.000000e+00  0.000000e+00  0.000000e+00
   outer loop
     vertex -1.830000e+02  4.724382e+02 -6.686745e+01
     vertex -1.830000e+02  4.779337e+02 -6.998619e+01
     vertex -1.830000e+02  4.779438e+02 -7.028736e+01
   endloop
 endfacet
 facet normal -1.000000e+00  0.000000e+00  0.000000e+00
   outer loop
     vertex -1.830000e+02  4.724382e+02 -6.686745e+01
     vertex -1.830000e+02  4.771309e+02 -6.650030e+01
     vertex -1.830000e+02  4.779959e+02 -6.969135e+01
   endloop
 endfacet
 facet normal -1.000000e+00 -1.191651e-14  4.152224e-15
   outer loop
     vertex -1.830000e+02  4.509533e+02 -8.343193e+01
     vertex -1.830000e+02  4.562630e+02 -8.188362e+01
     vertex -1.830000e+02  4.494045e+02 -8.787684e+01
   endloop
 endfacet
 facet normal -1.000000e+00 -5.773384e-15 -1.691453e-14
   outer loop
     vertex -1.830000e+02  4.509533e+02 -8.343193e+01
     vertex -1.830000e+02  4.559778e+02 -8.178628e+01
     vertex -1.830000e+02  4.562630e+02 -8.188362e+01
   endloop
 endfacet
 facet normal -1.000000e+00 -7.490669e-15 -1.167136e-14
   outer loop
     vertex -1.830000e+02  4.509533e+02 -8.343193e+01
     vertex -1.830000e+02  4.557242e+02 -8.162352e+01
     vertex -1.830000e+02  4.559778e+02 -8.178628e+01
   endloop
 endfacet
 facet normal -1.000000e+00 -8.765836e-15 -8.307291e-15
   outer loop
     vertex -1.830000e+02  4.509533e+02 -8.343193e+01
     vertex -1.830000e+02  4.555169e+02 -8.140479e+01
     vertex -1.830000e+02  4.557242e+02 -8.162352e+01
   endloop
 endfacet
 facet normal -1.000000e+00 -9.944870e-15 -5.653005e-15
   outer loop
     vertex -1.830000e+02  4.509533e+02 -8.343193e+01
     vertex -1.830000e+02  4.553680e+02 -8.114282e+01
     vertex -1.830000e+02  4.555169e+02 -8.140479e+01
   endloop
 endfacet
 facet normal -1.000000e+00 -6.135613e-15 -3.461408e-16
   outer loop
     vertex -1.830000e+02  4.678700e+02 -6.800199e+01
     vertex -1.830000e+02  4.724382e+02 -6.686745e+01
     vertex -1.830000e+02  4.730634e+02 -7.794852e+01
   endloop
 endfacet
 facet normal -1.000000e+00 -1.476249e-14 -4.850494e-15
   outer loop
     vertex -1.830000e+02  4.678700e+02 -6.800199e+01
     vertex -1.830000e+02  4.730634e+02 -7.794852e+01
     vertex -1.830000e+02  4.696042e+02 -7.913961e+01
   endloop
 endfacet
 facet normal -1.000000e+00 -8.010956e-15 -9.382639e-15
   outer loop
     vertex -1.830000e+02  4.532126e+02 -7.930256e+01
     vertex -1.830000e+02  4.553680e+02 -8.114282e+01
     vertex -1.830000e+02  4.509533e+02 -8.343193e+01
   endloop
 endfacet
 facet normal -1.000000e+00  0.000000e+00  0.000000e+00
   outer loop
     vertex -1.830000e+02  4.532126e+02 -7.930256e+01
     vertex -1.830000e+02  4.553382e+02 -8.025680e+01
     vertex -1.830000e+02  4.552760e+02 -8.055164e+01
   endloop
 endfacet
 facet normal -1.000000e+00  0.000000e+00  0.000000e+00
   outer loop
     vertex -1.830000e+02  4.532126e+02 -7.930256e+01
     vertex -1.830000e+02  4.554692e+02 -7.998543e+01
     vertex -1.830000e+02  4.553382e+02 -8.025680e+01
   endloop
 endfacet
 facet normal -1.000000e+00  0.000000e+00  0.000000e+00
   outer loop
     vertex -1.830000e+02  4.532126e+02 -7.930256e+01
     vertex -1.830000e+02  4.556614e+02 -7.975329e+01
     vertex -1.830000e+02  4.554692e+02 -7.998543e+01
   endloop
 endfacet
 facet normal -1.000000e+00  0.000000e+00  0.000000e+00
   outer loop
     vertex -1.830000e+02  4.532126e+02 -7.930256e+01
     vertex -1.830000e+02  4.559035e+02 -7.957389e+01
     vertex -1.830000e+02  4.556614e+02 -7.975329e+01
   endloop
 endfacet
 facet normal -1.000000e+00  0.000000e+00  0.000000e+00
   outer loop
     vertex -1.830000e+02  4.532126e+02 -7.930256e+01
     vertex -1.830000e+02  4.552861e+02 -8.085282e+01
     vertex -1.830000e+02  4.553680e+02 -8.114282e+01
   endloop
 endfacet
 facet normal -1.000000e+00  0.000000e+00  0.000000e+00
   outer loop
     vertex -1.830000e+02  4.532126e+02 -7.930256e+01
     vertex -1.830000e+02  4.552760e+02 -8.055164e+01
     vertex -1.830000e+02  4.552861e+02 -8.085282e+01
   endloop
 endfacet
 facet normal -1.000000e+00  1.035557e-15 -2.390621e-15
   outer loop
     vertex -1.830000e+02  4.635508e+02 -6.987296e+01
     vertex -1.830000e+02  4.678700e+02 -6.800199e+01
     vertex -1.830000e+02  4.696042e+02 -7.913961e+01
   endloop
 endfacet
 facet normal -1.000000e+00  7.831973e-15  2.049120e-15
   outer loop
     vertex -1.830000e+02  4.635508e+02 -6.987296e+01
     vertex -1.830000e+02  4.696042e+02 -7.913961e+01
     vertex -1.830000e+02  4.664682e+02 -8.102388e+01
   endloop
 endfacet
 facet normal -1.000000e+00  0.000000e+00  0.000000e+00
   outer loop
     vertex -1.830000e+02  4.561207e+02 -7.560137e+01
     vertex -1.830000e+02  4.559035e+02 -7.957389e+01
     vertex -1.830000e+02  4.532126e+02 -7.930256e+01
   endloop
 endfacet
 facet normal -1.000000e+00  0.000000e+00 -0.000000e+00
   outer loop
     vertex -1.830000e+02  4.561207e+02 -7.560137e+01
     vertex -1.830000e+02  4.561815e+02 -7.945763e+01
     vertex -1.830000e+02  4.559035e+02 -7.957389e+01
   endloop
 endfacet
 facet normal -1.000000e+00  0.000000e+00  0.000000e+00
   outer loop
     vertex -1.830000e+02  4.561207e+02 -7.560137e+01
     vertex -1.830000e+02  4.564793e+02 -7.941129e+01
     vertex -1.830000e+02  4.561815e+02 -7.945763e+01
   endloop
 endfacet
 facet normal -1.000000e+00  0.000000e+00  0.000000e+00
   outer loop
     vertex -1.830000e+02  4.561207e+02 -7.560137e+01
     vertex -1.830000e+02  4.567794e+02 -7.943756e+01
     vertex -1.830000e+02  4.564793e+02 -7.941129e+01
   endloop
 endfacet
 facet normal -1.000000e+00  0.000000e+00  0.000000e+00
   outer loop
     vertex -1.830000e+02  4.561207e+02 -7.560137e+01
     vertex -1.830000e+02  4.570646e+02 -7.953490e+01
     vertex -1.830000e+02  4.567794e+02 -7.943756e+01
   endloop
 endfacet
 facet normal -1.000000e+00  0.000000e+00  0.000000e+00
   outer loop
     vertex -1.830000e+02  4.561207e+02 -7.560137e+01
     vertex -1.830000e+02  4.573182e+02 -7.969766e+01
     vertex -1.830000e+02  4.570646e+02 -7.953490e+01
   endloop
 endfacet
 facet normal -1.000000e+00 -2.618299e-15  4.521028e-15
   outer loop
     vertex -1.830000e+02  4.595984e+02 -7.242933e+01
     vertex -1.830000e+02  4.664682e+02 -8.102388e+01
     vertex -1.830000e+02  4.575255e+02 -7.991639e+01
   endloop
 endfacet
 facet normal -1.000000e+00 -1.230063e-14 -3.218276e-15
   outer loop
     vertex -1.830000e+02  4.595984e+02 -7.242933e+01
     vertex -1.830000e+02  4.635508e+02 -6.987296e+01
     vertex -1.830000e+02  4.664682e+02 -8.102388e+01
   endloop
 endfacet
 facet normal -1.000000e+00  6.452182e-15  1.886204e-15
   outer loop
     vertex -1.830000e+02  4.595984e+02 -7.242933e+01
     vertex -1.830000e+02  4.573182e+02 -7.969766e+01
     vertex -1.830000e+02  4.561207e+02 -7.560137e+01
   endloop
 endfacet
 facet normal -1.000000e+00  3.099997e-15  2.937835e-15
   outer loop
     vertex -1.830000e+02  4.595984e+02 -7.242933e+01
     vertex -1.830000e+02  4.575255e+02 -7.991639e+01
     vertex -1.830000e+02  4.573182e+02 -7.969766e+01
   endloop
 endfacet
 facet normal -1.011289e-14  9.784259e-01 -2.065983e-01
   outer loop
     vertex -1.830000e+02  4.531593e+02 -1.051617e+02
     vertex -1.775000e+02  4.530971e+02 -1.054565e+02
     vertex -1.830000e+02  4.530971e+02 -1.054565e+02
   endloop
 endfacet
 facet normal -1.011219e-14  9.784259e-01 -2.065983e-01
   outer loop
     vertex -1.830000e+02  4.531593e+02 -1.051617e+02
     vertex -1.775000e+02  4.531593e+02 -1.051617e+02
     vertex -1.775000e+02  4.530971e+02 -1.054565e+02
   endloop
 endfacet
 facet normal  0.000000e+00  9.005524e-01 -4.347475e-01
   outer loop
     vertex -1.830000e+02  4.532903e+02 -1.048903e+02
     vertex -1.775000e+02  4.532903e+02 -1.048903e+02
     vertex -1.775000e+02  4.531593e+02 -1.051617e+02
   endloop
 endfacet
 facet normal  0.000000e+00  7.703421e-01 -6.376309e-01
   outer loop
     vertex -1.830000e+02  4.532903e+02 -1.048903e+02
     vertex -1.775000e+02  4.534825e+02 -1.046582e+02
     vertex -1.775000e+02  4.532903e+02 -1.048903e+02
   endloop
 endfacet
 facet normal -9.306959e-15  9.005524e-01 -4.347475e-01
   outer loop
     vertex -1.830000e+02  4.532903e+02 -1.048903e+02
     vertex -1.775000e+02  4.531593e+02 -1.051617e+02
     vertex -1.830000e+02  4.531593e+02 -1.051617e+02
   endloop
 endfacet
 facet normal -7.961614e-15  7.703421e-01 -6.376309e-01
   outer loop
     vertex -1.830000e+02  4.534825e+02 -1.046582e+02
     vertex -1.775000e+02  4.534825e+02 -1.046582e+02
     vertex -1.830000e+02  4.532903e+02 -1.048903e+02
   endloop
 endfacet
 facet normal  0.000000e+00  5.953623e-01 -8.034574e-01
   outer loop
     vertex -1.830000e+02  4.537246e+02 -1.044788e+02
     vertex -1.775000e+02  4.537246e+02 -1.044788e+02
     vertex -1.775000e+02  4.534825e+02 -1.046582e+02
   endloop
 endfacet
 facet normal  0.000000e+00  3.857822e-01 -9.225899e-01
   outer loop
     vertex -1.830000e+02  4.537246e+02 -1.044788e+02
     vertex -1.775000e+02  4.540026e+02 -1.043625e+02
     vertex -1.775000e+02  4.537246e+02 -1.044788e+02
   endloop
 endfacet
 facet normal -6.154399e-15  5.953623e-01 -8.034574e-01
   outer loop
     vertex -1.830000e+02  4.537246e+02 -1.044788e+02
     vertex -1.775000e+02  4.534825e+02 -1.046582e+02
     vertex -1.830000e+02  4.534825e+02 -1.046582e+02
   endloop
 endfacet
 facet normal  0.000000e+00  3.857822e-01 -9.225899e-01
   outer loop
     vertex -1.830000e+02  4.540026e+02 -1.043625e+02
     vertex -1.775000e+02  4.540026e+02 -1.043625e+02
     vertex -1.830000e+02  4.537246e+02 -1.044788e+02
   endloop
 endfacet
 facet normal  0.000000e+00  1.537818e-01 -9.881048e-01
   outer loop
     vertex -1.830000e+02  4.543004e+02 -1.043162e+02
     vertex -1.775000e+02  4.543004e+02 -1.043162e+02
     vertex -1.775000e+02  4.540026e+02 -1.043625e+02
   endloop
 endfacet
 facet normal  0.000000e+00  1.537818e-01 -9.881048e-01
   outer loop
     vertex -1.830000e+02  4.543004e+02 -1.043162e+02
     vertex -1.775000e+02  4.540026e+02 -1.043625e+02
     vertex -1.830000e+02  4.540026e+02 -1.043625e+02
   endloop
 endfacet
 facet normal  9.007692e-16 -8.715574e-02 -9.961947e-01
   outer loop
     vertex -1.830000e+02  4.546006e+02 -1.043424e+02
     vertex -1.775000e+02  4.546006e+02 -1.043424e+02
     vertex -1.775000e+02  4.543004e+02 -1.043162e+02
   endloop
 endfacet
 facet normal  0.000000e+00 -8.715574e-02 -9.961947e-01
   outer loop
     vertex -1.830000e+02  4.546006e+02 -1.043424e+02
     vertex -1.775000e+02  4.543004e+02 -1.043162e+02
     vertex -1.830000e+02  4.543004e+02 -1.043162e+02
   endloop
 endfacet
 facet normal  9.122373e-15 -3.230282e-01 -9.463894e-01
   outer loop
     vertex -1.830000e+02  4.548857e+02 -1.044398e+02
     vertex -1.775000e+02  4.548857e+02 -1.044398e+02
     vertex -1.775000e+02  4.546006e+02 -1.043424e+02
   endloop
 endfacet
 facet normal  3.338866e-15 -3.230282e-01 -9.463894e-01
   outer loop
     vertex -1.830000e+02  4.548857e+02 -1.044398e+02
     vertex -1.775000e+02  4.546006e+02 -1.043424e+02
     vertex -1.830000e+02  4.546006e+02 -1.043424e+02
   endloop
 endfacet
 facet normal  5.582306e-15 -5.401273e-01 -8.415833e-01
   outer loop
     vertex -1.830000e+02  4.551393e+02 -1.046025e+02
     vertex -1.775000e+02  4.551393e+02 -1.046025e+02
     vertex -1.775000e+02  4.548857e+02 -1.044398e+02
   endloop
 endfacet
 facet normal  7.501639e-15 -7.258363e-01 -6.878675e-01
   outer loop
     vertex -1.830000e+02  4.551393e+02 -1.046025e+02
     vertex -1.775000e+02  4.553466e+02 -1.048213e+02
     vertex -1.775000e+02  4.551393e+02 -1.046025e+02
   endloop
 endfacet
 facet normal  1.333872e-14 -5.401273e-01 -8.415833e-01
   outer loop
     vertex -1.830000e+02  4.551393e+02 -1.046025e+02
     vertex -1.775000e+02  4.548857e+02 -1.044398e+02
     vertex -1.830000e+02  4.548857e+02 -1.044398e+02
   endloop
 endfacet
 facet normal  7.501639e-15 -7.258363e-01 -6.878675e-01
   outer loop
     vertex -1.830000e+02  4.553466e+02 -1.048213e+02
     vertex -1.775000e+02  4.553466e+02 -1.048213e+02
     vertex -1.830000e+02  4.551393e+02 -1.046025e+02
   endloop
 endfacet
 facet normal  0.000000e+00 -8.693623e-01 -4.941753e-01
   outer loop
     vertex -1.830000e+02  4.554955e+02 -1.050832e+02
     vertex -1.775000e+02  4.554955e+02 -1.050832e+02
     vertex -1.775000e+02  4.553466e+02 -1.048213e+02
   endloop
 endfacet
 facet normal  8.984585e-15 -8.693623e-01 -4.941753e-01
   outer loop
     vertex -1.830000e+02  4.554955e+02 -1.050832e+02
     vertex -1.775000e+02  4.553466e+02 -1.048213e+02
     vertex -1.830000e+02  4.553466e+02 -1.048213e+02
   endloop
 endfacet
 facet normal  9.946194e-15 -9.623641e-01 -2.717635e-01
   outer loop
     vertex -1.830000e+02  4.555774e+02 -1.053732e+02
     vertex -1.775000e+02  4.555774e+02 -1.053732e+02
     vertex -1.775000e+02  4.554955e+02 -1.050832e+02
   endloop
 endfacet
 facet normal  0.000000e+00 -9.623641e-01 -2.717635e-01
   outer loop
     vertex -1.830000e+02  4.555774e+02 -1.053732e+02
     vertex -1.775000e+02  4.554955e+02 -1.050832e+02
     vertex -1.830000e+02  4.554955e+02 -1.050832e+02
   endloop
 endfacet
 facet normal  1.032935e-14 -9.994368e-01 -3.355772e-02
   outer loop
     vertex -1.830000e+02  4.555875e+02 -1.056744e+02
     vertex -1.775000e+02  4.555875e+02 -1.056744e+02
     vertex -1.775000e+02  4.555774e+02 -1.053732e+02
   endloop
 endfacet
 facet normal  1.032929e-14 -9.994368e-01 -3.355772e-02
   outer loop
     vertex -1.830000e+02  4.555875e+02 -1.056744e+02
     vertex -1.775000e+02  4.555774e+02 -1.053732e+02
     vertex -1.830000e+02  4.555774e+02 -1.053732e+02
   endloop
 endfacet
 facet normal -1.000000e+00  0.000000e+00  0.000000e+00
   outer loop
     vertex -1.775000e+02  4.535453e+02 -1.065284e+02
     vertex -1.775000e+02  4.543843e+02 -1.068148e+02
     vertex -1.775000e+02  4.540841e+02 -1.067885e+02
   endloop
 endfacet
 facet normal -1.000000e+00  0.000000e+00  0.000000e+00
   outer loop
     vertex -1.775000e+02  4.535453e+02 -1.065284e+02
     vertex -1.775000e+02  4.540841e+02 -1.067885e+02
     vertex -1.775000e+02  4.537989e+02 -1.066911e+02
   endloop
 endfacet
 facet normal -1.000000e+00  0.000000e+00  0.000000e+00
   outer loop
     vertex -1.775000e+02  4.551393e+02 -1.046025e+02
     vertex -1.775000e+02  4.553466e+02 -1.048213e+02
     vertex -1.775000e+02  4.554955e+02 -1.050832e+02
   endloop
 endfacet
 facet normal -1.000000e+00  0.000000e+00  0.000000e+00
   outer loop
     vertex -1.775000e+02  4.531891e+02 -1.060477e+02
     vertex -1.775000e+02  4.549600e+02 -1.066522e+02
     vertex -1.775000e+02  4.546820e+02 -1.067684e+02
   endloop
 endfacet
 facet normal -1.000000e+00  0.000000e+00  0.000000e+00
   outer loop
     vertex -1.775000e+02  4.531891e+02 -1.060477e+02
     vertex -1.775000e+02  4.546820e+02 -1.067684e+02
     vertex -1.775000e+02  4.543843e+02 -1.068148e+02
   endloop
 endfacet
 facet normal -1.000000e+00  0.000000e+00  0.000000e+00
   outer loop
     vertex -1.775000e+02  4.531891e+02 -1.060477e+02
     vertex -1.775000e+02  4.535453e+02 -1.065284e+02
     vertex -1.775000e+02  4.533380e+02 -1.063097e+02
   endloop
 endfacet
 facet normal -1.000000e+00  0.000000e+00  0.000000e+00
   outer loop
     vertex -1.775000e+02  4.531891e+02 -1.060477e+02
     vertex -1.775000e+02  4.543843e+02 -1.068148e+02
     vertex -1.775000e+02  4.535453e+02 -1.065284e+02
   endloop
 endfacet
 facet normal -1.000000e+00  0.000000e+00  0.000000e+00
   outer loop
     vertex -1.775000e+02  4.546006e+02 -1.043424e+02
     vertex -1.775000e+02  4.548857e+02 -1.044398e+02
     vertex -1.775000e+02  4.551393e+02 -1.046025e+02
   endloop
 endfacet
 facet normal -1.000000e+00  0.000000e+00  0.000000e+00
   outer loop
     vertex -1.775000e+02  4.530971e+02 -1.054565e+02
     vertex -1.775000e+02  4.552021e+02 -1.064728e+02
     vertex -1.775000e+02  4.549600e+02 -1.066522e+02
   endloop
 endfacet
 facet normal -1.000000e+00  0.000000e+00  0.000000e+00
   outer loop
     vertex -1.775000e+02  4.530971e+02 -1.054565e+02
     vertex -1.775000e+02  4.531891e+02 -1.060477e+02
     vertex -1.775000e+02  4.531072e+02 -1.057577e+02
   endloop
 endfacet
 facet normal -1.000000e+00  0.000000e+00  0.000000e+00
   outer loop
     vertex -1.775000e+02  4.530971e+02 -1.054565e+02
     vertex -1.775000e+02  4.549600e+02 -1.066522e+02
     vertex -1.775000e+02  4.531891e+02 -1.060477e+02
   endloop
 endfacet
 facet normal -1.000000e+00  0.000000e+00  0.000000e+00
   outer loop
     vertex -1.775000e+02  4.543004e+02 -1.043162e+02
     vertex -1.775000e+02  4.546006e+02 -1.043424e+02
     vertex -1.775000e+02  4.551393e+02 -1.046025e+02
   endloop
 endfacet
 facet normal -1.000000e+00  0.000000e+00  0.000000e+00
   outer loop
     vertex -1.775000e+02  4.531593e+02 -1.051617e+02
     vertex -1.775000e+02  4.553943e+02 -1.062406e+02
     vertex -1.775000e+02  4.552021e+02 -1.064728e+02
   endloop
 endfacet
 facet normal -1.000000e+00  0.000000e+00 -0.000000e+00
   outer loop
     vertex -1.775000e+02  4.531593e+02 -1.051617e+02
     vertex -1.775000e+02  4.552021e+02 -1.064728e+02
     vertex -1.775000e+02  4.530971e+02 -1.054565e+02
   endloop
 endfacet
 facet normal -1.000000e+00  0.000000e+00  0.000000e+00
   outer loop
     vertex -1.775000e+02  4.537246e+02 -1.044788e+02
     vertex -1.775000e+02  4.540026e+02 -1.043625e+02
     vertex -1.775000e+02  4.543004e+02 -1.043162e+02
   endloop
 endfacet
 facet normal -1.000000e+00  0.000000e+00  0.000000e+00
   outer loop
     vertex -1.775000e+02  4.534825e+02 -1.046582e+02
     vertex -1.775000e+02  4.531593e+02 -1.051617e+02
     vertex -1.775000e+02  4.532903e+02 -1.048903e+02
   endloop
 endfacet
 facet normal -1.000000e+00  0.000000e+00  0.000000e+00
   outer loop
     vertex -1.775000e+02  4.534825e+02 -1.046582e+02
     vertex -1.775000e+02  4.554955e+02 -1.050832e+02
     vertex -1.775000e+02  4.555774e+02 -1.053732e+02
   endloop
 endfacet
 facet normal -1.000000e+00  0.000000e+00  0.000000e+00
   outer loop
     vertex -1.775000e+02  4.534825e+02 -1.046582e+02
     vertex -1.775000e+02  4.555774e+02 -1.053732e+02
     vertex -1.775000e+02  4.555875e+02 -1.056744e+02
   endloop
 endfacet
 facet normal -1.000000e+00  0.000000e+00  0.000000e+00
   outer loop
     vertex -1.775000e+02  4.534825e+02 -1.046582e+02
     vertex -1.775000e+02  4.555875e+02 -1.056744e+02
     vertex -1.775000e+02  4.555253e+02 -1.059692e+02
   endloop
 endfacet
 facet normal -1.000000e+00  0.000000e+00  0.000000e+00
   outer loop
     vertex -1.775000e+02  4.534825e+02 -1.046582e+02
     vertex -1.775000e+02  4.555253e+02 -1.059692e+02
     vertex -1.775000e+02  4.553943e+02 -1.062406e+02
   endloop
 endfacet
 facet normal -1.000000e+00  0.000000e+00  0.000000e+00
   outer loop
     vertex -1.775000e+02  4.534825e+02 -1.046582e+02
     vertex -1.775000e+02  4.551393e+02 -1.046025e+02
     vertex -1.775000e+02  4.554955e+02 -1.050832e+02
   endloop
 endfacet
 facet normal -1.000000e+00  0.000000e+00 -0.000000e+00
   outer loop
     vertex -1.775000e+02  4.534825e+02 -1.046582e+02
     vertex -1.775000e+02  4.553943e+02 -1.062406e+02
     vertex -1.775000e+02  4.531593e+02 -1.051617e+02
   endloop
 endfacet
 facet normal -1.000000e+00  0.000000e+00  0.000000e+00
   outer loop
     vertex -1.775000e+02  4.534825e+02 -1.046582e+02
     vertex -1.775000e+02  4.543004e+02 -1.043162e+02
     vertex -1.775000e+02  4.551393e+02 -1.046025e+02
   endloop
 endfacet
 facet normal -1.000000e+00  0.000000e+00  0.000000e+00
   outer loop
     vertex -1.775000e+02  4.534825e+02 -1.046582e+02
     vertex -1.775000e+02  4.537246e+02 -1.044788e+02
     vertex -1.775000e+02  4.543004e+02 -1.043162e+02
   endloop
 endfacet
 facet normal  0.000000e+00  9.784259e-01 -2.065983e-01
   outer loop
     vertex -1.830000e+02  4.553382e+02 -8.025680e+01
     vertex -1.775000e+02  4.552760e+02 -8.055164e+01
     vertex -1.830000e+02  4.552760e+02 -8.055164e+01
   endloop
 endfacet
 facet normal  0.000000e+00  9.784259e-01 -2.065983e-01
   outer loop
     vertex -1.830000e+02  4.553382e+02 -8.025680e+01
     vertex -1.775000e+02  4.553382e+02 -8.025680e+01
     vertex -1.775000e+02  4.552760e+02 -8.055164e+01
   endloop
 endfacet
 facet normal -9.307359e-15  9.005524e-01 -4.347475e-01
   outer loop
     vertex -1.830000e+02  4.554692e+02 -7.998543e+01
     vertex -1.775000e+02  4.554692e+02 -7.998543e+01
     vertex -1.775000e+02  4.553382e+02 -8.025680e+01
   endloop
 endfacet
 facet normal -7.961614e-15  7.703421e-01 -6.376309e-01
   outer loop
     vertex -1.830000e+02  4.554692e+02 -7.998543e+01
     vertex -1.775000e+02  4.556614e+02 -7.975329e+01
     vertex -1.775000e+02  4.554692e+02 -7.998543e+01
   endloop
 endfacet
 facet normal  0.000000e+00  9.005524e-01 -4.347475e-01
   outer loop
     vertex -1.830000e+02  4.554692e+02 -7.998543e+01
     vertex -1.775000e+02  4.553382e+02 -8.025680e+01
     vertex -1.830000e+02  4.553382e+02 -8.025680e+01
   endloop
 endfacet
 facet normal -7.961614e-15  7.703421e-01 -6.376309e-01
   outer loop
     vertex -1.830000e+02  4.556614e+02 -7.975329e+01
     vertex -1.775000e+02  4.556614e+02 -7.975329e+01
     vertex -1.830000e+02  4.554692e+02 -7.998543e+01
   endloop
 endfacet
 facet normal -6.153168e-15  5.953623e-01 -8.034574e-01
   outer loop
     vertex -1.830000e+02  4.559035e+02 -7.957389e+01
     vertex -1.775000e+02  4.559035e+02 -7.957389e+01
     vertex -1.775000e+02  4.556614e+02 -7.975329e+01
   endloop
 endfacet
 facet normal -3.987123e-15  3.857822e-01 -9.225899e-01
   outer loop
     vertex -1.830000e+02  4.559035e+02 -7.957389e+01
     vertex -1.775000e+02  4.561815e+02 -7.945763e+01
     vertex -1.775000e+02  4.559035e+02 -7.957389e+01
   endloop
 endfacet
 facet normal -6.150212e-15  5.953623e-01 -8.034574e-01
   outer loop
     vertex -1.830000e+02  4.559035e+02 -7.957389e+01
     vertex -1.775000e+02  4.556614e+02 -7.975329e+01
     vertex -1.830000e+02  4.556614e+02 -7.975329e+01
   endloop
 endfacet
 facet normal  0.000000e+00  3.857822e-01 -9.225899e-01
   outer loop
     vertex -1.830000e+02  4.561815e+02 -7.945763e+01
     vertex -1.775000e+02  4.561815e+02 -7.945763e+01
     vertex -1.830000e+02  4.559035e+02 -7.957389e+01
   endloop
 endfacet
 facet normal  0.000000e+00  1.537818e-01 -9.881048e-01
   outer loop
     vertex -1.830000e+02  4.564793e+02 -7.941129e+01
     vertex -1.775000e+02  4.564793e+02 -7.941129e+01
     vertex -1.775000e+02  4.561815e+02 -7.945763e+01
   endloop
 endfacet
 facet normal  0.000000e+00  1.537818e-01 -9.881048e-01
   outer loop
     vertex -1.830000e+02  4.564793e+02 -7.941129e+01
     vertex -1.775000e+02  4.561815e+02 -7.945763e+01
     vertex -1.830000e+02  4.561815e+02 -7.945763e+01
   endloop
 endfacet
 facet normal  9.007692e-16 -8.715574e-02 -9.961947e-01
   outer loop
     vertex -1.830000e+02  4.567794e+02 -7.943756e+01
     vertex -1.775000e+02  4.567794e+02 -7.943756e+01
     vertex -1.775000e+02  4.564793e+02 -7.941129e+01
   endloop
 endfacet
 facet normal  0.000000e+00 -8.715574e-02 -9.961947e-01
   outer loop
     vertex -1.830000e+02  4.567794e+02 -7.943756e+01
     vertex -1.775000e+02  4.564793e+02 -7.941129e+01
     vertex -1.830000e+02  4.564793e+02 -7.941129e+01
   endloop
 endfacet
 facet normal  3.338550e-15 -3.230282e-01 -9.463894e-01
   outer loop
     vertex -1.830000e+02  4.570646e+02 -7.953490e+01
     vertex -1.775000e+02  4.570646e+02 -7.953490e+01
     vertex -1.775000e+02  4.567794e+02 -7.943756e+01
   endloop
 endfacet
 facet normal  3.338866e-15 -3.230282e-01 -9.463894e-01
   outer loop
     vertex -1.830000e+02  4.570646e+02 -7.953490e+01
     vertex -1.775000e+02  4.567794e+02 -7.943756e+01
     vertex -1.830000e+02  4.567794e+02 -7.943756e+01
   endloop
 endfacet
 facet normal  0.000000e+00 -5.401273e-01 -8.415833e-01
   outer loop
     vertex -1.830000e+02  4.573182e+02 -7.969766e+01
     vertex -1.775000e+02  4.573182e+02 -7.969766e+01
     vertex -1.775000e+02  4.570646e+02 -7.953490e+01
   endloop
 endfacet
 facet normal  0.000000e+00 -7.258363e-01 -6.878675e-01
   outer loop
     vertex -1.830000e+02  4.573182e+02 -7.969766e+01
     vertex -1.775000e+02  4.575255e+02 -7.991639e+01
     vertex -1.775000e+02  4.573182e+02 -7.969766e+01
   endloop
 endfacet
 facet normal  5.580826e-15 -5.401273e-01 -8.415833e-01
   outer loop
     vertex -1.830000e+02  4.573182e+02 -7.969766e+01
     vertex -1.775000e+02  4.570646e+02 -7.953490e+01
     vertex -1.830000e+02  4.570646e+02 -7.953490e+01
   endloop
 endfacet
 facet normal  0.000000e+00 -7.258363e-01 -6.878675e-01
   outer loop
     vertex -1.830000e+02  4.575255e+02 -7.991639e+01
     vertex -1.775000e+02  4.575255e+02 -7.991639e+01
     vertex -1.830000e+02  4.573182e+02 -7.969766e+01
   endloop
 endfacet
 facet normal  0.000000e+00 -8.693623e-01 -4.941753e-01
   outer loop
     vertex -1.830000e+02  4.576744e+02 -8.017836e+01
     vertex -1.775000e+02  4.576744e+02 -8.017836e+01
     vertex -1.775000e+02  4.575255e+02 -7.991639e+01
   endloop
 endfacet
 facet normal  0.000000e+00 -8.693623e-01 -4.941753e-01
   outer loop
     vertex -1.830000e+02  4.576744e+02 -8.017836e+01
     vertex -1.775000e+02  4.575255e+02 -7.991639e+01
     vertex -1.830000e+02  4.575255e+02 -7.991639e+01
   endloop
 endfacet
 facet normal  0.000000e+00 -9.623641e-01 -2.717635e-01
   outer loop
     vertex -1.830000e+02  4.577563e+02 -8.046836e+01
     vertex -1.775000e+02  4.577563e+02 -8.046836e+01
     vertex -1.775000e+02  4.576744e+02 -8.017836e+01
   endloop
 endfacet
 facet normal  0.000000e+00 -9.623641e-01 -2.717635e-01
   outer loop
     vertex -1.830000e+02  4.577563e+02 -8.046836e+01
     vertex -1.775000e+02  4.576744e+02 -8.017836e+01
     vertex -1.830000e+02  4.576744e+02 -8.017836e+01
   endloop
 endfacet
 facet normal  0.000000e+00 -9.994368e-01 -3.355772e-02
   outer loop
     vertex -1.830000e+02  4.577664e+02 -8.076953e+01
     vertex -1.775000e+02  4.577664e+02 -8.076953e+01
     vertex -1.775000e+02  4.577563e+02 -8.046836e+01
   endloop
 endfacet
 facet normal  0.000000e+00 -9.994368e-01 -3.355772e-02
   outer loop
     vertex -1.830000e+02  4.577664e+02 -8.076953e+01
     vertex -1.775000e+02  4.577563e+02 -8.046836e+01
     vertex -1.830000e+02  4.577563e+02 -8.046836e+01
   endloop
 endfacet
 facet normal -1.000000e+00  0.000000e+00  0.000000e+00
   outer loop
     vertex -1.775000e+02  4.573182e+02 -7.969766e+01
     vertex -1.775000e+02  4.575255e+02 -7.991639e+01
     vertex -1.775000e+02  4.576744e+02 -8.017836e+01
   endloop
 endfacet
 facet normal -1.000000e+00  0.000000e+00  0.000000e+00
   outer loop
     vertex -1.775000e+02  4.552861e+02 -8.085282e+01
     vertex -1.775000e+02  4.571389e+02 -8.174729e+01
     vertex -1.775000e+02  4.568609e+02 -8.186354e+01
   endloop
 endfacet
 facet normal -1.000000e+00  0.000000e+00  0.000000e+00
   outer loop
     vertex -1.775000e+02  4.552861e+02 -8.085282e+01
     vertex -1.775000e+02  4.568609e+02 -8.186354e+01
     vertex -1.775000e+02  4.565631e+02 -8.190989e+01
   endloop
 endfacet
 facet normal -1.000000e+00  0.000000e+00  0.000000e+00
   outer loop
     vertex -1.775000e+02  4.552861e+02 -8.085282e+01
     vertex -1.775000e+02  4.565631e+02 -8.190989e+01
     vertex -1.775000e+02  4.562630e+02 -8.188362e+01
   endloop
 endfacet
 facet normal -1.000000e+00  0.000000e+00  0.000000e+00
   outer loop
     vertex -1.775000e+02  4.552861e+02 -8.085282e+01
     vertex -1.775000e+02  4.562630e+02 -8.188362e+01
     vertex -1.775000e+02  4.559778e+02 -8.178628e+01
   endloop
 endfacet
 facet normal -1.000000e+00  0.000000e+00  0.000000e+00
   outer loop
     vertex -1.775000e+02  4.552861e+02 -8.085282e+01
     vertex -1.775000e+02  4.559778e+02 -8.178628e+01
     vertex -1.775000e+02  4.557242e+02 -8.162352e+01
   endloop
 endfacet
 facet normal -1.000000e+00  0.000000e+00  0.000000e+00
   outer loop
     vertex -1.775000e+02  4.552861e+02 -8.085282e+01
     vertex -1.775000e+02  4.557242e+02 -8.162352e+01
     vertex -1.775000e+02  4.555169e+02 -8.140479e+01
   endloop
 endfacet
 facet normal -1.000000e+00  0.000000e+00  0.000000e+00
   outer loop
     vertex -1.775000e+02  4.552861e+02 -8.085282e+01
     vertex -1.775000e+02  4.555169e+02 -8.140479e+01
     vertex -1.775000e+02  4.553680e+02 -8.114282e+01
   endloop
 endfacet
 facet normal -1.000000e+00  0.000000e+00  0.000000e+00
   outer loop
     vertex -1.775000e+02  4.567794e+02 -7.943756e+01
     vertex -1.775000e+02  4.570646e+02 -7.953490e+01
     vertex -1.775000e+02  4.573182e+02 -7.969766e+01
   endloop
 endfacet
 facet normal -1.000000e+00  0.000000e+00  0.000000e+00
   outer loop
     vertex -1.775000e+02  4.552760e+02 -8.055164e+01
     vertex -1.775000e+02  4.573810e+02 -8.156788e+01
     vertex -1.775000e+02  4.571389e+02 -8.174729e+01
   endloop
 endfacet
 facet normal -1.000000e+00  0.000000e+00  0.000000e+00
   outer loop
     vertex -1.775000e+02  4.552760e+02 -8.055164e+01
     vertex -1.775000e+02  4.571389e+02 -8.174729e+01
     vertex -1.775000e+02  4.552861e+02 -8.085282e+01
   endloop
 endfacet
 facet normal -1.000000e+00  0.000000e+00  0.000000e+00
   outer loop
     vertex -1.775000e+02  4.553382e+02 -8.025680e+01
     vertex -1.775000e+02  4.577664e+02 -8.076953e+01
     vertex -1.775000e+02  4.577042e+02 -8.106437e+01
   endloop
 endfacet
 facet normal -1.000000e+00  0.000000e+00  0.000000e+00
   outer loop
     vertex -1.775000e+02  4.553382e+02 -8.025680e+01
     vertex -1.775000e+02  4.577042e+02 -8.106437e+01
     vertex -1.775000e+02  4.575732e+02 -8.133575e+01
   endloop
 endfacet
 facet normal -1.000000e+00  0.000000e+00  0.000000e+00
   outer loop
     vertex -1.775000e+02  4.553382e+02 -8.025680e+01
     vertex -1.775000e+02  4.575732e+02 -8.133575e+01
     vertex -1.775000e+02  4.573810e+02 -8.156788e+01
   endloop
 endfacet
 facet normal -1.000000e+00  0.000000e+00 -0.000000e+00
   outer loop
     vertex -1.775000e+02  4.553382e+02 -8.025680e+01
     vertex -1.775000e+02  4.573810e+02 -8.156788e+01
     vertex -1.775000e+02  4.552760e+02 -8.055164e+01
   endloop
 endfacet
 facet normal -1.000000e+00  0.000000e+00  0.000000e+00
   outer loop
     vertex -1.775000e+02  4.559035e+02 -7.957389e+01
     vertex -1.775000e+02  4.561815e+02 -7.945763e+01
     vertex -1.775000e+02  4.564793e+02 -7.941129e+01
   endloop
 endfacet
 facet normal -1.000000e+00  0.000000e+00  0.000000e+00
   outer loop
     vertex -1.775000e+02  4.556614e+02 -7.975329e+01
     vertex -1.775000e+02  4.553382e+02 -8.025680e+01
     vertex -1.775000e+02  4.554692e+02 -7.998543e+01
   endloop
 endfacet
 facet normal -1.000000e+00  0.000000e+00  0.000000e+00
   outer loop
     vertex -1.775000e+02  4.556614e+02 -7.975329e+01
     vertex -1.775000e+02  4.564793e+02 -7.941129e+01
     vertex -1.775000e+02  4.567794e+02 -7.943756e+01
   endloop
 endfacet
 facet normal -1.000000e+00  0.000000e+00  0.000000e+00
   outer loop
     vertex -1.775000e+02  4.556614e+02 -7.975329e+01
     vertex -1.775000e+02  4.576744e+02 -8.017836e+01
     vertex -1.775000e+02  4.577563e+02 -8.046836e+01
   endloop
 endfacet
 facet normal -1.000000e+00  0.000000e+00  0.000000e+00
   outer loop
     vertex -1.775000e+02  4.556614e+02 -7.975329e+01
     vertex -1.775000e+02  4.577563e+02 -8.046836e+01
     vertex -1.775000e+02  4.577664e+02 -8.076953e+01
   endloop
 endfacet
 facet normal -1.000000e+00  0.000000e+00  0.000000e+00
   outer loop
     vertex -1.775000e+02  4.556614e+02 -7.975329e+01
     vertex -1.775000e+02  4.573182e+02 -7.969766e+01
     vertex -1.775000e+02  4.576744e+02 -8.017836e+01
   endloop
 endfacet
 facet normal -1.000000e+00  0.000000e+00  0.000000e+00
   outer loop
     vertex -1.775000e+02  4.556614e+02 -7.975329e+01
     vertex -1.775000e+02  4.567794e+02 -7.943756e+01
     vertex -1.775000e+02  4.573182e+02 -7.969766e+01
   endloop
 endfacet
 facet normal -1.000000e+00  0.000000e+00 -0.000000e+00
   outer loop
     vertex -1.775000e+02  4.556614e+02 -7.975329e+01
     vertex -1.775000e+02  4.577664e+02 -8.076953e+01
     vertex -1.775000e+02  4.553382e+02 -8.025680e+01
   endloop
 endfacet
 facet normal -1.000000e+00  0.000000e+00  0.000000e+00
   outer loop
     vertex -1.775000e+02  4.556614e+02 -7.975329e+01
     vertex -1.775000e+02  4.559035e+02 -7.957389e+01
     vertex -1.775000e+02  4.564793e+02 -7.941129e+01
   endloop
 endfacet
 facet normal  0.000000e+00  9.784259e-01 -2.065983e-01
   outer loop
     vertex -1.830000e+02  4.779959e+02 -6.969135e+01
     vertex -1.775000e+02  4.779337e+02 -6.998619e+01
     vertex -1.830000e+02  4.779337e+02 -6.998619e+01
   endloop
 endfacet
 facet normal  0.000000e+00  9.784259e-01 -2.065983e-01
   outer loop
     vertex -1.830000e+02  4.779959e+02 -6.969135e+01
     vertex -1.775000e+02  4.779959e+02 -6.969135e+01
     vertex -1.775000e+02  4.779337e+02 -6.998619e+01
   endloop
 endfacet
 facet normal  0.000000e+00  9.005524e-01 -4.347475e-01
   outer loop
     vertex -1.830000e+02  4.781269e+02 -6.941997e+01
     vertex -1.775000e+02  4.781269e+02 -6.941997e+01
     vertex -1.775000e+02  4.779959e+02 -6.969135e+01
   endloop
 endfacet
 facet normal  0.000000e+00  7.703421e-01 -6.376309e-01
   outer loop
     vertex -1.830000e+02  4.781269e+02 -6.941997e+01
     vertex -1.775000e+02  4.783191e+02 -6.918784e+01
     vertex -1.775000e+02  4.781269e+02 -6.941997e+01
   endloop
 endfacet
 facet normal  0.000000e+00  9.005524e-01 -4.347475e-01
   outer loop
     vertex -1.830000e+02  4.781269e+02 -6.941997e+01
     vertex -1.775000e+02  4.779959e+02 -6.969135e+01
     vertex -1.830000e+02  4.779959e+02 -6.969135e+01
   endloop
 endfacet
 facet normal -7.961614e-15  7.703421e-01 -6.376309e-01
   outer loop
     vertex -1.830000e+02  4.783191e+02 -6.918784e+01
     vertex -1.775000e+02  4.783191e+02 -6.918784e+01
     vertex -1.830000e+02  4.781269e+02 -6.941997e+01
   endloop
 endfacet
 facet normal  0.000000e+00  5.953623e-01 -8.034574e-01
   outer loop
     vertex -1.830000e+02  4.785612e+02 -6.900843e+01
     vertex -1.775000e+02  4.785612e+02 -6.900843e+01
     vertex -1.775000e+02  4.783191e+02 -6.918784e+01
   endloop
 endfacet
 facet normal  0.000000e+00  3.857822e-01 -9.225899e-01
   outer loop
     vertex -1.830000e+02  4.785612e+02 -6.900843e+01
     vertex -1.775000e+02  4.788392e+02 -6.889218e+01
     vertex -1.775000e+02  4.785612e+02 -6.900843e+01
   endloop
 endfacet
 facet normal -6.154399e-15  5.953623e-01 -8.034574e-01
   outer loop
     vertex -1.830000e+02  4.785612e+02 -6.900843e+01
     vertex -1.775000e+02  4.783191e+02 -6.918784e+01
     vertex -1.830000e+02  4.783191e+02 -6.918784e+01
   endloop
 endfacet
 facet normal -3.987123e-15  3.857822e-01 -9.225899e-01
   outer loop
     vertex -1.830000e+02  4.788392e+02 -6.889218e+01
     vertex -1.775000e+02  4.788392e+02 -6.889218e+01
     vertex -1.830000e+02  4.785612e+02 -6.900843e+01
   endloop
 endfacet
 facet normal -1.589361e-15  1.537818e-01 -9.881048e-01
   outer loop
     vertex -1.830000e+02  4.791369e+02 -6.884584e+01
     vertex -1.775000e+02  4.791369e+02 -6.884584e+01
     vertex -1.775000e+02  4.788392e+02 -6.889218e+01
   endloop
 endfacet
 facet normal -1.589886e-15  1.537818e-01 -9.881048e-01
   outer loop
     vertex -1.830000e+02  4.791369e+02 -6.884584e+01
     vertex -1.775000e+02  4.788392e+02 -6.889218e+01
     vertex -1.830000e+02  4.788392e+02 -6.889218e+01
   endloop
 endfacet
 facet normal  9.007692e-16 -8.715574e-02 -9.961947e-01
   outer loop
     vertex -1.830000e+02  4.794371e+02 -6.887210e+01
     vertex -1.775000e+02  4.794371e+02 -6.887210e+01
     vertex -1.775000e+02  4.791369e+02 -6.884584e+01
   endloop
 endfacet
 facet normal  9.011799e-16 -8.715574e-02 -9.961947e-01
   outer loop
     vertex -1.830000e+02  4.794371e+02 -6.887210e+01
     vertex -1.775000e+02  4.791369e+02 -6.884584e+01
     vertex -1.830000e+02  4.791369e+02 -6.884584e+01
   endloop
 endfacet
 facet normal  3.338550e-15 -3.230282e-01 -9.463894e-01
   outer loop
     vertex -1.830000e+02  4.797223e+02 -6.896944e+01
     vertex -1.775000e+02  4.797223e+02 -6.896944e+01
     vertex -1.775000e+02  4.794371e+02 -6.887210e+01
   endloop
 endfacet
 facet normal  3.338866e-15 -3.230282e-01 -9.463894e-01
   outer loop
     vertex -1.830000e+02  4.797223e+02 -6.896944e+01
     vertex -1.775000e+02  4.794371e+02 -6.887210e+01
     vertex -1.830000e+02  4.794371e+02 -6.887210e+01
   endloop
 endfacet
 facet normal  5.582306e-15 -5.401273e-01 -8.415833e-01
   outer loop
     vertex -1.830000e+02  4.799759e+02 -6.913220e+01
     vertex -1.775000e+02  4.799759e+02 -6.913220e+01
     vertex -1.775000e+02  4.797223e+02 -6.896944e+01
   endloop
 endfacet
 facet normal  7.501639e-15 -7.258363e-01 -6.878675e-01
   outer loop
     vertex -1.830000e+02  4.799759e+02 -6.913220e+01
     vertex -1.775000e+02  4.801832e+02 -6.935093e+01
     vertex -1.775000e+02  4.799759e+02 -6.913220e+01
   endloop
 endfacet
 facet normal  5.580826e-15 -5.401273e-01 -8.415833e-01
   outer loop
     vertex -1.830000e+02  4.799759e+02 -6.913220e+01
     vertex -1.775000e+02  4.797223e+02 -6.896944e+01
     vertex -1.830000e+02  4.797223e+02 -6.896944e+01
   endloop
 endfacet
 facet normal  0.000000e+00 -7.258363e-01 -6.878675e-01
   outer loop
     vertex -1.830000e+02  4.801832e+02 -6.935093e+01
     vertex -1.775000e+02  4.801832e+02 -6.935093e+01
     vertex -1.830000e+02  4.799759e+02 -6.913220e+01
   endloop
 endfacet
 facet normal  0.000000e+00 -8.693623e-01 -4.941753e-01
   outer loop
     vertex -1.830000e+02  4.803321e+02 -6.961290e+01
     vertex -1.775000e+02  4.803321e+02 -6.961290e+01
     vertex -1.775000e+02  4.801832e+02 -6.935093e+01
   endloop
 endfacet
 facet normal  0.000000e+00 -8.693623e-01 -4.941753e-01
   outer loop
     vertex -1.830000e+02  4.803321e+02 -6.961290e+01
     vertex -1.775000e+02  4.801832e+02 -6.935093e+01
     vertex -1.830000e+02  4.801832e+02 -6.935093e+01
   endloop
 endfacet
 facet normal  9.946194e-15 -9.623641e-01 -2.717635e-01
   outer loop
     vertex -1.830000e+02  4.804140e+02 -6.990291e+01
     vertex -1.775000e+02  4.804140e+02 -6.990291e+01
     vertex -1.775000e+02  4.803321e+02 -6.961290e+01
   endloop
 endfacet
 facet normal  0.000000e+00 -9.623641e-01 -2.717635e-01
   outer loop
     vertex -1.830000e+02  4.804140e+02 -6.990291e+01
     vertex -1.775000e+02  4.803321e+02 -6.961290e+01
     vertex -1.830000e+02  4.803321e+02 -6.961290e+01
   endloop
 endfacet
 facet normal  0.000000e+00 -9.994368e-01 -3.355772e-02
   outer loop
     vertex -1.830000e+02  4.804241e+02 -7.020408e+01
     vertex -1.775000e+02  4.804241e+02 -7.020408e+01
     vertex -1.775000e+02  4.804140e+02 -6.990291e+01
   endloop
 endfacet
 facet normal  1.032929e-14 -9.994368e-01 -3.355772e-02
   outer loop
     vertex -1.830000e+02  4.804241e+02 -7.020408e+01
     vertex -1.775000e+02  4.804140e+02 -6.990291e+01
     vertex -1.830000e+02  4.804140e+02 -6.990291e+01
   endloop
 endfacet
 facet normal -1.000000e+00 -1.273093e-13 -3.729836e-13
   outer loop
     vertex -1.775000e+02  4.783819e+02 -7.105806e+01
     vertex -1.775000e+02  4.789206e+02 -7.131816e+01
     vertex -1.775000e+02  4.786355e+02 -7.122082e+01
   endloop
 endfacet
 facet normal -1.000000e+00  6.622517e-15 -4.255210e-14
   outer loop
     vertex -1.775000e+02  4.781746e+02 -7.083934e+01
     vertex -1.775000e+02  4.795186e+02 -7.129809e+01
     vertex -1.775000e+02  4.792208e+02 -7.134443e+01
   endloop
 endfacet
 facet normal -1.000000e+00 -6.012667e-15 -6.872510e-14
   outer loop
     vertex -1.775000e+02  4.781746e+02 -7.083934e+01
     vertex -1.775000e+02  4.792208e+02 -7.134443e+01
     vertex -1.775000e+02  4.789206e+02 -7.131816e+01
   endloop
 endfacet
 facet normal -1.000000e+00  9.723733e-14  9.215080e-14
   outer loop
     vertex -1.775000e+02  4.781746e+02 -7.083934e+01
     vertex -1.775000e+02  4.789206e+02 -7.131816e+01
     vertex -1.775000e+02  4.783819e+02 -7.105806e+01
   endloop
 endfacet
 facet normal -1.000000e+00  0.000000e+00  0.000000e+00
   outer loop
     vertex -1.775000e+02  4.799759e+02 -6.913220e+01
     vertex -1.775000e+02  4.801832e+02 -6.935093e+01
     vertex -1.775000e+02  4.803321e+02 -6.961290e+01
   endloop
 endfacet
 facet normal -1.000000e+00  1.057810e-14 -8.755750e-15
   outer loop
     vertex -1.775000e+02  4.779438e+02 -7.028736e+01
     vertex -1.775000e+02  4.802309e+02 -7.077029e+01
     vertex -1.775000e+02  4.800387e+02 -7.100243e+01
   endloop
 endfacet
 facet normal -1.000000e+00  9.288235e-15 -1.253472e-14
   outer loop
     vertex -1.775000e+02  4.779438e+02 -7.028736e+01
     vertex -1.775000e+02  4.800387e+02 -7.100243e+01
     vertex -1.775000e+02  4.797966e+02 -7.118184e+01
   endloop
 endfacet
 facet normal -1.000000e+00  7.119721e-15 -1.702666e-14
   outer loop
     vertex -1.775000e+02  4.779438e+02 -7.028736e+01
     vertex -1.775000e+02  4.797966e+02 -7.118184e+01
     vertex -1.775000e+02  4.795186e+02 -7.129809e+01
   endloop
 endfacet
 facet normal -1.000000e+00  0.000000e+00  0.000000e+00
   outer loop
     vertex -1.775000e+02  4.779438e+02 -7.028736e+01
     vertex -1.775000e+02  4.781746e+02 -7.083934e+01
     vertex -1.775000e+02  4.780257e+02 -7.057736e+01
   endloop
 endfacet
 facet normal -1.000000e+00  2.466738e-14  1.031470e-14
   outer loop
     vertex -1.775000e+02  4.779438e+02 -7.028736e+01
     vertex -1.775000e+02  4.795186e+02 -7.129809e+01
     vertex -1.775000e+02  4.781746e+02 -7.083934e+01
   endloop
 endfacet
 facet normal -1.000000e+00  1.031329e-14 -4.978808e-15
   outer loop
     vertex -1.775000e+02  4.779959e+02 -6.969135e+01
     vertex -1.775000e+02  4.803619e+02 -7.049892e+01
     vertex -1.775000e+02  4.802309e+02 -7.077029e+01
   endloop
 endfacet
 facet normal -1.000000e+00  0.000000e+00  0.000000e+00
   outer loop
     vertex -1.775000e+02  4.779959e+02 -6.969135e+01
     vertex -1.775000e+02  4.779438e+02 -7.028736e+01
     vertex -1.775000e+02  4.779337e+02 -6.998619e+01
   endloop
 endfacet
 facet normal -1.000000e+00  1.220150e-14 -1.067493e-15
   outer loop
     vertex -1.775000e+02  4.779959e+02 -6.969135e+01
     vertex -1.775000e+02  4.802309e+02 -7.077029e+01
     vertex -1.775000e+02  4.779438e+02 -7.028736e+01
   endloop
 endfacet
 facet normal -1.000000e+00  0.000000e+00  0.000000e+00
   outer loop
     vertex -1.775000e+02  4.788392e+02 -6.889218e+01
     vertex -1.775000e+02  4.791369e+02 -6.884584e+01
     vertex -1.775000e+02  4.794371e+02 -6.887210e+01
   endloop
 endfacet
 facet normal -1.000000e+00  0.000000e+00  0.000000e+00
   outer loop
     vertex -1.775000e+02  4.788392e+02 -6.889218e+01
     vertex -1.775000e+02  4.794371e+02 -6.887210e+01
     vertex -1.775000e+02  4.797223e+02 -6.896944e+01
   endloop
 endfacet
 facet normal -1.000000e+00  0.000000e+00  0.000000e+00
   outer loop
     vertex -1.775000e+02  4.783191e+02 -6.918784e+01
     vertex -1.775000e+02  4.779959e+02 -6.969135e+01
     vertex -1.775000e+02  4.781269e+02 -6.941997e+01
   endloop
 endfacet
 facet normal -1.000000e+00  2.346395e-13 -3.166523e-13
   outer loop
     vertex -1.775000e+02  4.783191e+02 -6.918784e+01
     vertex -1.775000e+02  4.785612e+02 -6.900843e+01
     vertex -1.775000e+02  4.788392e+02 -6.889218e+01
   endloop
 endfacet
 facet normal -1.000000e+00  1.630101e-14  2.539894e-14
   outer loop
     vertex -1.775000e+02  4.783191e+02 -6.918784e+01
     vertex -1.775000e+02  4.797223e+02 -6.896944e+01
     vertex -1.775000e+02  4.799759e+02 -6.913220e+01
   endloop
 endfacet
 facet normal -1.000000e+00  1.501382e-14  4.239776e-15
   outer loop
     vertex -1.775000e+02  4.783191e+02 -6.918784e+01
     vertex -1.775000e+02  4.803321e+02 -6.961290e+01
     vertex -1.775000e+02  4.804140e+02 -6.990291e+01
   endloop
 endfacet
 facet normal -1.000000e+00  1.372396e-14  4.608043e-16
   outer loop
     vertex -1.775000e+02  4.783191e+02 -6.918784e+01
     vertex -1.775000e+02  4.804140e+02 -6.990291e+01
     vertex -1.775000e+02  4.804241e+02 -7.020408e+01
   endloop
 endfacet
 facet normal -1.000000e+00  1.225253e-14 -2.587167e-15
   outer loop
     vertex -1.775000e+02  4.783191e+02 -6.918784e+01
     vertex -1.775000e+02  4.804241e+02 -7.020408e+01
     vertex -1.775000e+02  4.803619e+02 -7.049892e+01
   endloop
 endfacet
 facet normal -1.000000e+00  1.673739e-14  1.240242e-14
   outer loop
     vertex -1.775000e+02  4.783191e+02 -6.918784e+01
     vertex -1.775000e+02  4.799759e+02 -6.913220e+01
     vertex -1.775000e+02  4.803321e+02 -6.961290e+01
   endloop
 endfacet
 facet normal -1.000000e+00  9.854035e-15 -6.324310e-15
   outer loop
     vertex -1.775000e+02  4.783191e+02 -6.918784e+01
     vertex -1.775000e+02  4.803619e+02 -7.049892e+01
     vertex -1.775000e+02  4.779959e+02 -6.969135e+01
   endloop
 endfacet
 facet normal -1.000000e+00  7.288484e-15  8.330776e-14
   outer loop
     vertex -1.775000e+02  4.783191e+02 -6.918784e+01
     vertex -1.775000e+02  4.788392e+02 -6.889218e+01
     vertex -1.775000e+02  4.797223e+02 -6.896944e+01
   endloop
 endfacet
 facet normal -1.011289e-14  9.784259e-01 -2.065983e-01
   outer loop
     vertex -1.830000e+02  4.984747e+02 -8.403076e+01
     vertex -1.775000e+02  4.984125e+02 -8.432560e+01
     vertex -1.830000e+02  4.984125e+02 -8.432560e+01
   endloop
 endfacet
 facet normal  0.000000e+00  9.784259e-01 -2.065983e-01
   outer loop
     vertex -1.830000e+02  4.984747e+02 -8.403076e+01
     vertex -1.775000e+02  4.984747e+02 -8.403076e+01
     vertex -1.775000e+02  4.984125e+02 -8.432560e+01
   endloop
 endfacet
 facet normal  0.000000e+00  9.005524e-01 -4.347475e-01
   outer loop
     vertex -1.830000e+02  4.986057e+02 -8.375938e+01
     vertex -1.775000e+02  4.986057e+02 -8.375938e+01
     vertex -1.775000e+02  4.984747e+02 -8.403076e+01
   endloop
 endfacet
 facet normal  0.000000e+00  7.703421e-01 -6.376309e-01
   outer loop
     vertex -1.830000e+02  4.986057e+02 -8.375938e+01
     vertex -1.775000e+02  4.987979e+02 -8.352725e+01
     vertex -1.775000e+02  4.986057e+02 -8.375938e+01
   endloop
 endfacet
 facet normal  0.000000e+00  9.005524e-01 -4.347475e-01
   outer loop
     vertex -1.830000e+02  4.986057e+02 -8.375938e+01
     vertex -1.775000e+02  4.984747e+02 -8.403076e+01
     vertex -1.830000e+02  4.984747e+02 -8.403076e+01
   endloop
 endfacet
 facet normal -7.961614e-15  7.703421e-01 -6.376309e-01
   outer loop
     vertex -1.830000e+02  4.987979e+02 -8.352725e+01
     vertex -1.775000e+02  4.987979e+02 -8.352725e+01
     vertex -1.830000e+02  4.986057e+02 -8.375938e+01
   endloop
 endfacet
 facet normal  0.000000e+00  5.953623e-01 -8.034574e-01
   outer loop
     vertex -1.830000e+02  4.990400e+02 -8.334784e+01
     vertex -1.775000e+02  4.990400e+02 -8.334784e+01
     vertex -1.775000e+02  4.987979e+02 -8.352725e+01
   endloop
 endfacet
 facet normal  0.000000e+00  3.857822e-01 -9.225899e-01
   outer loop
     vertex -1.830000e+02  4.990400e+02 -8.334784e+01
     vertex -1.775000e+02  4.993180e+02 -8.323159e+01
     vertex -1.775000e+02  4.990400e+02 -8.334784e+01
   endloop
 endfacet
 facet normal -6.150212e-15  5.953623e-01 -8.034574e-01
   outer loop
     vertex -1.830000e+02  4.990400e+02 -8.334784e+01
     vertex -1.775000e+02  4.987979e+02 -8.352725e+01
     vertex -1.830000e+02  4.987979e+02 -8.352725e+01
   endloop
 endfacet
 facet normal  0.000000e+00  3.857822e-01 -9.225899e-01
   outer loop
     vertex -1.830000e+02  4.993180e+02 -8.323159e+01
     vertex -1.775000e+02  4.993180e+02 -8.323159e+01
     vertex -1.830000e+02  4.990400e+02 -8.334784e+01
   endloop
 endfacet
 facet normal  0.000000e+00  1.537818e-01 -9.881048e-01
   outer loop
     vertex -1.830000e+02  4.996157e+02 -8.318525e+01
     vertex -1.775000e+02  4.996157e+02 -8.318525e+01
     vertex -1.775000e+02  4.993180e+02 -8.323159e+01
   endloop
 endfacet
 facet normal  0.000000e+00  1.537818e-01 -9.881048e-01
   outer loop
     vertex -1.830000e+02  4.996157e+02 -8.318525e+01
     vertex -1.775000e+02  4.993180e+02 -8.323159e+01
     vertex -1.830000e+02  4.993180e+02 -8.323159e+01
   endloop
 endfacet
 facet normal -7.724213e-16 -8.715574e-02 -9.961947e-01
   outer loop
     vertex -1.830000e+02  4.999159e+02 -8.321151e+01
     vertex -1.775000e+02  4.999159e+02 -8.321151e+01
     vertex -1.775000e+02  4.996157e+02 -8.318525e+01
   endloop
 endfacet
 facet normal  0.000000e+00 -8.715574e-02 -9.961947e-01
   outer loop
     vertex -1.830000e+02  4.999159e+02 -8.321151e+01
     vertex -1.775000e+02  4.996157e+02 -8.318525e+01
     vertex -1.830000e+02  4.996157e+02 -8.318525e+01
   endloop
 endfacet
 facet normal  0.000000e+00 -3.230282e-01 -9.463894e-01
   outer loop
     vertex -1.830000e+02  5.002011e+02 -8.330885e+01
     vertex -1.775000e+02  5.002011e+02 -8.330885e+01
     vertex -1.775000e+02  4.999159e+02 -8.321151e+01
   endloop
 endfacet
 facet normal  4.232719e-15 -3.230282e-01 -9.463894e-01
   outer loop
     vertex -1.830000e+02  5.002011e+02 -8.330885e+01
     vertex -1.775000e+02  4.999159e+02 -8.321151e+01
     vertex -1.830000e+02  4.999159e+02 -8.321151e+01
   endloop
 endfacet
 facet normal  0.000000e+00 -5.401273e-01 -8.415833e-01
   outer loop
     vertex -1.830000e+02  5.004547e+02 -8.347162e+01
     vertex -1.775000e+02  5.004547e+02 -8.347162e+01
     vertex -1.775000e+02  5.002011e+02 -8.330885e+01
   endloop
 endfacet
 facet normal  0.000000e+00 -7.258363e-01 -6.878675e-01
   outer loop
     vertex -1.830000e+02  5.004547e+02 -8.347162e+01
     vertex -1.775000e+02  5.006620e+02 -8.369034e+01
     vertex -1.775000e+02  5.004547e+02 -8.347162e+01
   endloop
 endfacet
 facet normal  0.000000e+00 -5.401273e-01 -8.415833e-01
   outer loop
     vertex -1.830000e+02  5.004547e+02 -8.347162e+01
     vertex -1.775000e+02  5.002011e+02 -8.330885e+01
     vertex -1.830000e+02  5.002011e+02 -8.330885e+01
   endloop
 endfacet
 facet normal  0.000000e+00 -7.258363e-01 -6.878675e-01
   outer loop
     vertex -1.830000e+02  5.006620e+02 -8.369034e+01
     vertex -1.775000e+02  5.006620e+02 -8.369034e+01
     vertex -1.830000e+02  5.004547e+02 -8.347162e+01
   endloop
 endfacet
 facet normal  8.985004e-15 -8.693623e-01 -4.941753e-01
   outer loop
     vertex -1.830000e+02  5.008109e+02 -8.395232e+01
     vertex -1.775000e+02  5.008109e+02 -8.395232e+01
     vertex -1.775000e+02  5.006620e+02 -8.369034e+01
   endloop
 endfacet
 facet normal  0.000000e+00 -8.693623e-01 -4.941753e-01
   outer loop
     vertex -1.830000e+02  5.008109e+02 -8.395232e+01
     vertex -1.775000e+02  5.006620e+02 -8.369034e+01
     vertex -1.830000e+02  5.006620e+02 -8.369034e+01
   endloop
 endfacet
 facet normal  9.946194e-15 -9.623641e-01 -2.717635e-01
   outer loop
     vertex -1.830000e+02  5.008928e+02 -8.424232e+01
     vertex -1.775000e+02  5.008928e+02 -8.424232e+01
     vertex -1.775000e+02  5.008109e+02 -8.395232e+01
   endloop
 endfacet
 facet normal  9.947519e-15 -9.623641e-01 -2.717635e-01
   outer loop
     vertex -1.830000e+02  5.008928e+02 -8.424232e+01
     vertex -1.775000e+02  5.008109e+02 -8.395232e+01
     vertex -1.830000e+02  5.008109e+02 -8.395232e+01
   endloop
 endfacet
 facet normal  0.000000e+00 -9.994368e-01 -3.355772e-02
   outer loop
     vertex -1.830000e+02  5.009029e+02 -8.454349e+01
     vertex -1.775000e+02  5.009029e+02 -8.454349e+01
     vertex -1.775000e+02  5.008928e+02 -8.424232e+01
   endloop
 endfacet
 facet normal  1.032929e-14 -9.994368e-01 -3.355772e-02
   outer loop
     vertex -1.830000e+02  5.009029e+02 -8.454349e+01
     vertex -1.775000e+02  5.008928e+02 -8.424232e+01
     vertex -1.830000e+02  5.008928e+02 -8.424232e+01
   endloop
 endfacet
 facet normal -1.000000e+00  0.000000e+00  0.000000e+00
   outer loop
     vertex -1.775000e+02  4.988607e+02 -8.539747e+01
     vertex -1.775000e+02  4.996996e+02 -8.568384e+01
     vertex -1.775000e+02  4.993994e+02 -8.565758e+01
   endloop
 endfacet
 facet normal -1.000000e+00  0.000000e+00  0.000000e+00
   outer loop
     vertex -1.775000e+02  4.988607e+02 -8.539747e+01
     vertex -1.775000e+02  4.993994e+02 -8.565758e+01
     vertex -1.775000e+02  4.991143e+02 -8.556023e+01
   endloop
 endfacet
 facet normal -1.000000e+00  0.000000e+00  0.000000e+00
   outer loop
     vertex -1.775000e+02  4.985045e+02 -8.491677e+01
     vertex -1.775000e+02  5.007097e+02 -8.510970e+01
     vertex -1.775000e+02  5.005175e+02 -8.534184e+01
   endloop
 endfacet
 facet normal -1.000000e+00  0.000000e+00  0.000000e+00
   outer loop
     vertex -1.775000e+02  4.985045e+02 -8.491677e+01
     vertex -1.775000e+02  5.005175e+02 -8.534184e+01
     vertex -1.775000e+02  5.002754e+02 -8.552125e+01
   endloop
 endfacet
 facet normal -1.000000e+00  0.000000e+00  0.000000e+00
   outer loop
     vertex -1.775000e+02  4.985045e+02 -8.491677e+01
     vertex -1.775000e+02  5.002754e+02 -8.552125e+01
     vertex -1.775000e+02  4.999974e+02 -8.563750e+01
   endloop
 endfacet
 facet normal -1.000000e+00  0.000000e+00  0.000000e+00
   outer loop
     vertex -1.775000e+02  4.985045e+02 -8.491677e+01
     vertex -1.775000e+02  4.999974e+02 -8.563750e+01
     vertex -1.775000e+02  4.996996e+02 -8.568384e+01
   endloop
 endfacet
 facet normal -1.000000e+00  0.000000e+00  0.000000e+00
   outer loop
     vertex -1.775000e+02  4.985045e+02 -8.491677e+01
     vertex -1.775000e+02  4.988607e+02 -8.539747e+01
     vertex -1.775000e+02  4.986534e+02 -8.517875e+01
   endloop
 endfacet
 facet normal -1.000000e+00  0.000000e+00  0.000000e+00
   outer loop
     vertex -1.775000e+02  4.985045e+02 -8.491677e+01
     vertex -1.775000e+02  4.996996e+02 -8.568384e+01
     vertex -1.775000e+02  4.988607e+02 -8.539747e+01
   endloop
 endfacet
 facet normal -1.000000e+00  0.000000e+00  0.000000e+00
   outer loop
     vertex -1.775000e+02  4.984226e+02 -8.462677e+01
     vertex -1.775000e+02  5.008407e+02 -8.483833e+01
     vertex -1.775000e+02  5.007097e+02 -8.510970e+01
   endloop
 endfacet
 facet normal -1.000000e+00  0.000000e+00  0.000000e+00
   outer loop
     vertex -1.775000e+02  4.984226e+02 -8.462677e+01
     vertex -1.775000e+02  5.007097e+02 -8.510970e+01
     vertex -1.775000e+02  4.985045e+02 -8.491677e+01
   endloop
 endfacet
 facet normal -1.000000e+00  0.000000e+00  0.000000e+00
   outer loop
     vertex -1.775000e+02  4.984747e+02 -8.403076e+01
     vertex -1.775000e+02  5.008928e+02 -8.424232e+01
     vertex -1.775000e+02  5.009029e+02 -8.454349e+01
   endloop
 endfacet
 facet normal -1.000000e+00  0.000000e+00  0.000000e+00
   outer loop
     vertex -1.775000e+02  4.984747e+02 -8.403076e+01
     vertex -1.775000e+02  5.009029e+02 -8.454349e+01
     vertex -1.775000e+02  5.008407e+02 -8.483833e+01
   endloop
 endfacet
 facet normal -1.000000e+00  0.000000e+00  0.000000e+00
   outer loop
     vertex -1.775000e+02  4.984747e+02 -8.403076e+01
     vertex -1.775000e+02  4.984226e+02 -8.462677e+01
     vertex -1.775000e+02  4.984125e+02 -8.432560e+01
   endloop
 endfacet
 facet normal -1.000000e+00  0.000000e+00 -0.000000e+00
   outer loop
     vertex -1.775000e+02  4.984747e+02 -8.403076e+01
     vertex -1.775000e+02  5.008407e+02 -8.483833e+01
     vertex -1.775000e+02  4.984226e+02 -8.462677e+01
   endloop
 endfacet
 facet normal -1.000000e+00  0.000000e+00  0.000000e+00
   outer loop
     vertex -1.775000e+02  4.990400e+02 -8.334784e+01
     vertex -1.775000e+02  4.993180e+02 -8.323159e+01
     vertex -1.775000e+02  4.996157e+02 -8.318525e+01
   endloop
 endfacet
 facet normal -1.000000e+00  0.000000e+00  0.000000e+00
   outer loop
     vertex -1.775000e+02  4.990400e+02 -8.334784e+01
     vertex -1.775000e+02  4.996157e+02 -8.318525e+01
     vertex -1.775000e+02  4.999159e+02 -8.321151e+01
   endloop
 endfacet
 facet normal -1.000000e+00  0.000000e+00  0.000000e+00
   outer loop
     vertex -1.775000e+02  4.990400e+02 -8.334784e+01
     vertex -1.775000e+02  4.999159e+02 -8.321151e+01
     vertex -1.775000e+02  5.002011e+02 -8.330885e+01
   endloop
 endfacet
 facet normal -1.000000e+00  0.000000e+00  0.000000e+00
   outer loop
     vertex -1.775000e+02  4.990400e+02 -8.334784e+01
     vertex -1.775000e+02  5.002011e+02 -8.330885e+01
     vertex -1.775000e+02  5.004547e+02 -8.347162e+01
   endloop
 endfacet
 facet normal -1.000000e+00  0.000000e+00  0.000000e+00
   outer loop
     vertex -1.775000e+02  4.987979e+02 -8.352725e+01
     vertex -1.775000e+02  4.984747e+02 -8.403076e+01
     vertex -1.775000e+02  4.986057e+02 -8.375938e+01
   endloop
 endfacet
 facet normal -1.000000e+00  0.000000e+00  0.000000e+00
   outer loop
     vertex -1.775000e+02  4.987979e+02 -8.352725e+01
     vertex -1.775000e+02  5.004547e+02 -8.347162e+01
     vertex -1.775000e+02  5.006620e+02 -8.369034e+01
   endloop
 endfacet
 facet normal -1.000000e+00  0.000000e+00  0.000000e+00
   outer loop
     vertex -1.775000e+02  4.987979e+02 -8.352725e+01
     vertex -1.775000e+02  5.006620e+02 -8.369034e+01
     vertex -1.775000e+02  5.008109e+02 -8.395232e+01
   endloop
 endfacet
 facet normal -1.000000e+00  0.000000e+00  0.000000e+00
   outer loop
     vertex -1.775000e+02  4.987979e+02 -8.352725e+01
     vertex -1.775000e+02  5.008109e+02 -8.395232e+01
     vertex -1.775000e+02  5.008928e+02 -8.424232e+01
   endloop
 endfacet
 facet normal -1.000000e+00  0.000000e+00 -0.000000e+00
   outer loop
     vertex -1.775000e+02  4.987979e+02 -8.352725e+01
     vertex -1.775000e+02  5.008928e+02 -8.424232e+01
     vertex -1.775000e+02  4.984747e+02 -8.403076e+01
   endloop
 endfacet
 facet normal -1.000000e+00  0.000000e+00  0.000000e+00
   outer loop
     vertex -1.775000e+02  4.987979e+02 -8.352725e+01
     vertex -1.775000e+02  4.990400e+02 -8.334784e+01
     vertex -1.775000e+02  5.004547e+02 -8.347162e+01
   endloop
 endfacet
 facet normal -1.011289e-14  9.784259e-01 -2.065983e-01
   outer loop
     vertex -1.830000e+02  4.962958e+02 -1.089356e+02
     vertex -1.775000e+02  4.962336e+02 -1.092305e+02
     vertex -1.830000e+02  4.962336e+02 -1.092305e+02
   endloop
 endfacet
 facet normal  0.000000e+00  9.784259e-01 -2.065983e-01
   outer loop
     vertex -1.830000e+02  4.962958e+02 -1.089356e+02
     vertex -1.775000e+02  4.962958e+02 -1.089356e+02
     vertex -1.775000e+02  4.962336e+02 -1.092305e+02
   endloop
 endfacet
 facet normal  0.000000e+00  9.005524e-01 -4.347475e-01
   outer loop
     vertex -1.830000e+02  4.964268e+02 -1.086643e+02
     vertex -1.775000e+02  4.964268e+02 -1.086643e+02
     vertex -1.775000e+02  4.962958e+02 -1.089356e+02
   endloop
 endfacet
 facet normal  0.000000e+00  7.703421e-01 -6.376309e-01
   outer loop
     vertex -1.830000e+02  4.964268e+02 -1.086643e+02
     vertex -1.775000e+02  4.966190e+02 -1.084321e+02
     vertex -1.775000e+02  4.964268e+02 -1.086643e+02
   endloop
 endfacet
 facet normal  0.000000e+00  9.005524e-01 -4.347475e-01
   outer loop
     vertex -1.830000e+02  4.964268e+02 -1.086643e+02
     vertex -1.775000e+02  4.962958e+02 -1.089356e+02
     vertex -1.830000e+02  4.962958e+02 -1.089356e+02
   endloop
 endfacet
 facet normal -1.592323e-14  7.703421e-01 -6.376309e-01
   outer loop
     vertex -1.830000e+02  4.966190e+02 -1.084321e+02
     vertex -1.775000e+02  4.966190e+02 -1.084321e+02
     vertex -1.830000e+02  4.964268e+02 -1.086643e+02
   endloop
 endfacet
 facet normal  0.000000e+00  5.953623e-01 -8.034574e-01
   outer loop
     vertex -1.830000e+02  4.968611e+02 -1.082527e+02
     vertex -1.775000e+02  4.968611e+02 -1.082527e+02
     vertex -1.775000e+02  4.966190e+02 -1.084321e+02
   endloop
 endfacet
 facet normal  0.000000e+00  3.857822e-01 -9.225899e-01
   outer loop
     vertex -1.830000e+02  4.968611e+02 -1.082527e+02
     vertex -1.775000e+02  4.971391e+02 -1.081365e+02
     vertex -1.775000e+02  4.968611e+02 -1.082527e+02
   endloop
 endfacet
 facet normal -1.230461e-14  5.953623e-01 -8.034574e-01
   outer loop
     vertex -1.830000e+02  4.968611e+02 -1.082527e+02
     vertex -1.775000e+02  4.966190e+02 -1.084321e+02
     vertex -1.830000e+02  4.966190e+02 -1.084321e+02
   endloop
 endfacet
 facet normal -6.370903e-15  3.857822e-01 -9.225899e-01
   outer loop
     vertex -1.830000e+02  4.971391e+02 -1.081365e+02
     vertex -1.775000e+02  4.971391e+02 -1.081365e+02
     vertex -1.830000e+02  4.968611e+02 -1.082527e+02
   endloop
 endfacet
 facet normal  0.000000e+00  1.537818e-01 -9.881048e-01
   outer loop
     vertex -1.830000e+02  4.974369e+02 -1.080901e+02
     vertex -1.775000e+02  4.974369e+02 -1.080901e+02
     vertex -1.775000e+02  4.971391e+02 -1.081365e+02
   endloop
 endfacet
 facet normal -4.142706e-15  1.537818e-01 -9.881048e-01
   outer loop
     vertex -1.830000e+02  4.974369e+02 -1.080901e+02
     vertex -1.775000e+02  4.971391e+02 -1.081365e+02
     vertex -1.830000e+02  4.971391e+02 -1.081365e+02
   endloop
 endfacet
 facet normal  9.007692e-16 -8.715574e-02 -9.961947e-01
   outer loop
     vertex -1.830000e+02  4.977370e+02 -1.081164e+02
     vertex -1.775000e+02  4.977370e+02 -1.081164e+02
     vertex -1.775000e+02  4.974369e+02 -1.080901e+02
   endloop
 endfacet
 facet normal  0.000000e+00 -8.715574e-02 -9.961947e-01
   outer loop
     vertex -1.830000e+02  4.977370e+02 -1.081164e+02
     vertex -1.775000e+02  4.974369e+02 -1.080901e+02
     vertex -1.830000e+02  4.974369e+02 -1.080901e+02
   endloop
 endfacet
 facet normal  3.338550e-15 -3.230282e-01 -9.463894e-01
   outer loop
     vertex -1.830000e+02  4.980222e+02 -1.082137e+02
     vertex -1.775000e+02  4.980222e+02 -1.082137e+02
     vertex -1.775000e+02  4.977370e+02 -1.081164e+02
   endloop
 endfacet
 facet normal  3.338866e-15 -3.230282e-01 -9.463894e-01
   outer loop
     vertex -1.830000e+02  4.980222e+02 -1.082137e+02
     vertex -1.775000e+02  4.977370e+02 -1.081164e+02
     vertex -1.830000e+02  4.977370e+02 -1.081164e+02
   endloop
 endfacet
 facet normal  5.582306e-15 -5.401273e-01 -8.415833e-01
   outer loop
     vertex -1.830000e+02  4.982758e+02 -1.083765e+02
     vertex -1.775000e+02  4.982758e+02 -1.083765e+02
     vertex -1.775000e+02  4.980222e+02 -1.082137e+02
   endloop
 endfacet
 facet normal  7.501639e-15 -7.258363e-01 -6.878675e-01
   outer loop
     vertex -1.830000e+02  4.982758e+02 -1.083765e+02
     vertex -1.775000e+02  4.984831e+02 -1.085952e+02
     vertex -1.775000e+02  4.982758e+02 -1.083765e+02
   endloop
 endfacet
 facet normal  5.580826e-15 -5.401273e-01 -8.415833e-01
   outer loop
     vertex -1.830000e+02  4.982758e+02 -1.083765e+02
     vertex -1.775000e+02  4.980222e+02 -1.082137e+02
     vertex -1.830000e+02  4.980222e+02 -1.082137e+02
   endloop
 endfacet
 facet normal  9.278946e-15 -7.258363e-01 -6.878675e-01
   outer loop
     vertex -1.830000e+02  4.984831e+02 -1.085952e+02
     vertex -1.775000e+02  4.984831e+02 -1.085952e+02
     vertex -1.830000e+02  4.982758e+02 -1.083765e+02
   endloop
 endfacet
 facet normal  0.000000e+00 -8.693623e-01 -4.941753e-01
   outer loop
     vertex -1.830000e+02  4.986320e+02 -1.088572e+02
     vertex -1.775000e+02  4.986320e+02 -1.088572e+02
     vertex -1.775000e+02  4.984831e+02 -1.085952e+02
   endloop
 endfacet
 facet normal  1.026152e-14 -8.693623e-01 -4.941753e-01
   outer loop
     vertex -1.830000e+02  4.986320e+02 -1.088572e+02
     vertex -1.775000e+02  4.984831e+02 -1.085952e+02
     vertex -1.830000e+02  4.984831e+02 -1.085952e+02
   endloop
 endfacet
 facet normal  1.989239e-14 -9.623641e-01 -2.717635e-01
   outer loop
     vertex -1.830000e+02  4.987139e+02 -1.091472e+02
     vertex -1.775000e+02  4.987139e+02 -1.091472e+02
     vertex -1.775000e+02  4.986320e+02 -1.088572e+02
   endloop
 endfacet
 facet normal  0.000000e+00 -9.623641e-01 -2.717635e-01
   outer loop
     vertex -1.830000e+02  4.987139e+02 -1.091472e+02
     vertex -1.775000e+02  4.986320e+02 -1.088572e+02
     vertex -1.830000e+02  4.986320e+02 -1.088572e+02
   endloop
 endfacet
 facet normal  1.024264e-14 -9.994368e-01 -3.355772e-02
   outer loop
     vertex -1.830000e+02  4.987240e+02 -1.094484e+02
     vertex -1.775000e+02  4.987240e+02 -1.094484e+02
     vertex -1.775000e+02  4.987139e+02 -1.091472e+02
   endloop
 endfacet
 facet normal  2.065858e-14 -9.994368e-01 -3.355772e-02
   outer loop
     vertex -1.830000e+02  4.987240e+02 -1.094484e+02
     vertex -1.775000e+02  4.987139e+02 -1.091472e+02
     vertex -1.830000e+02  4.987139e+02 -1.091472e+02
   endloop
 endfacet
 facet normal -1.000000e+00  0.000000e+00  0.000000e+00
   outer loop
     vertex -1.775000e+02  4.963256e+02 -1.098216e+02
     vertex -1.775000e+02  4.966818e+02 -1.103023e+02
     vertex -1.775000e+02  4.964745e+02 -1.100836e+02
   endloop
 endfacet
 facet normal -1.000000e+00 -2.128708e-13 -3.316782e-13
   outer loop
     vertex -1.775000e+02  4.980222e+02 -1.082137e+02
     vertex -1.775000e+02  4.982758e+02 -1.083765e+02
     vertex -1.775000e+02  4.984831e+02 -1.085952e+02
   endloop
 endfacet
 facet normal -1.000000e+00  1.164649e-13  6.620265e-14
   outer loop
     vertex -1.775000e+02  4.980222e+02 -1.082137e+02
     vertex -1.775000e+02  4.984831e+02 -1.085952e+02
     vertex -1.775000e+02  4.986320e+02 -1.088572e+02
   endloop
 endfacet
 facet normal -1.000000e+00  6.639120e-14  1.874831e-14
   outer loop
     vertex -1.775000e+02  4.980222e+02 -1.082137e+02
     vertex -1.775000e+02  4.986320e+02 -1.088572e+02
     vertex -1.775000e+02  4.987139e+02 -1.091472e+02
   endloop
 endfacet
 facet normal -1.000000e+00  4.304011e-14  1.445142e-15
   outer loop
     vertex -1.775000e+02  4.980222e+02 -1.082137e+02
     vertex -1.775000e+02  4.987139e+02 -1.091472e+02
     vertex -1.775000e+02  4.987240e+02 -1.094484e+02
   endloop
 endfacet
 facet normal -1.000000e+00  2.952884e-14 -6.235125e-15
   outer loop
     vertex -1.775000e+02  4.980222e+02 -1.082137e+02
     vertex -1.775000e+02  4.987240e+02 -1.094484e+02
     vertex -1.775000e+02  4.986618e+02 -1.097432e+02
   endloop
 endfacet
 facet normal -1.000000e+00  2.062658e-14 -9.957617e-15
   outer loop
     vertex -1.775000e+02  4.980222e+02 -1.082137e+02
     vertex -1.775000e+02  4.986618e+02 -1.097432e+02
     vertex -1.775000e+02  4.985308e+02 -1.100146e+02
   endloop
 endfacet
 facet normal -1.000000e+00  1.245076e-13  1.937751e-14
   outer loop
     vertex -1.775000e+02  4.980222e+02 -1.082137e+02
     vertex -1.775000e+02  4.985308e+02 -1.100146e+02
     vertex -1.775000e+02  4.983386e+02 -1.102467e+02
   endloop
 endfacet
 facet normal -1.000000e+00  0.000000e+00  0.000000e+00
   outer loop
     vertex -1.775000e+02  4.962437e+02 -1.095316e+02
     vertex -1.775000e+02  4.966818e+02 -1.103023e+02
     vertex -1.775000e+02  4.963256e+02 -1.098216e+02
   endloop
 endfacet
 facet normal -1.000000e+00  0.000000e+00  0.000000e+00
   outer loop
     vertex -1.775000e+02  4.974369e+02 -1.080901e+02
     vertex -1.775000e+02  4.977370e+02 -1.081164e+02
     vertex -1.775000e+02  4.980222e+02 -1.082137e+02
   endloop
 endfacet
 facet normal -1.000000e+00  0.000000e+00  0.000000e+00
   outer loop
     vertex -1.775000e+02  4.974369e+02 -1.080901e+02
     vertex -1.775000e+02  4.980222e+02 -1.082137e+02
     vertex -1.775000e+02  4.983386e+02 -1.102467e+02
   endloop
 endfacet
 facet normal -1.000000e+00  0.000000e+00  0.000000e+00
   outer loop
     vertex -1.775000e+02  4.971391e+02 -1.081365e+02
     vertex -1.775000e+02  4.983386e+02 -1.102467e+02
     vertex -1.775000e+02  4.980965e+02 -1.104261e+02
   endloop
 endfacet
 facet normal -1.000000e+00  0.000000e+00  0.000000e+00
   outer loop
     vertex -1.775000e+02  4.971391e+02 -1.081365e+02
     vertex -1.775000e+02  4.980965e+02 -1.104261e+02
     vertex -1.775000e+02  4.978185e+02 -1.105424e+02
   endloop
 endfacet
 facet normal -1.000000e+00  0.000000e+00  0.000000e+00
   outer loop
     vertex -1.775000e+02  4.971391e+02 -1.081365e+02
     vertex -1.775000e+02  4.978185e+02 -1.105424e+02
     vertex -1.775000e+02  4.975207e+02 -1.105887e+02
   endloop
 endfacet
 facet normal -1.000000e+00  0.000000e+00  0.000000e+00
   outer loop
     vertex -1.775000e+02  4.971391e+02 -1.081365e+02
     vertex -1.775000e+02  4.975207e+02 -1.105887e+02
     vertex -1.775000e+02  4.972206e+02 -1.105624e+02
   endloop
 endfacet
 facet normal -1.000000e+00  0.000000e+00  0.000000e+00
   outer loop
     vertex -1.775000e+02  4.971391e+02 -1.081365e+02
     vertex -1.775000e+02  4.974369e+02 -1.080901e+02
     vertex -1.775000e+02  4.983386e+02 -1.102467e+02
   endloop
 endfacet
 facet normal -1.000000e+00  0.000000e+00  0.000000e+00
   outer loop
     vertex -1.775000e+02  4.966190e+02 -1.084321e+02
     vertex -1.775000e+02  4.962336e+02 -1.092305e+02
     vertex -1.775000e+02  4.962958e+02 -1.089356e+02
   endloop
 endfacet
 facet normal -1.000000e+00  0.000000e+00  0.000000e+00
   outer loop
     vertex -1.775000e+02  4.966190e+02 -1.084321e+02
     vertex -1.775000e+02  4.962958e+02 -1.089356e+02
     vertex -1.775000e+02  4.964268e+02 -1.086643e+02
   endloop
 endfacet
 facet normal -1.000000e+00  0.000000e+00  0.000000e+00
   outer loop
     vertex -1.775000e+02  4.966190e+02 -1.084321e+02
     vertex -1.775000e+02  4.968611e+02 -1.082527e+02
     vertex -1.775000e+02  4.971391e+02 -1.081365e+02
   endloop
 endfacet
 facet normal -1.000000e+00  0.000000e+00  0.000000e+00
   outer loop
     vertex -1.775000e+02  4.966190e+02 -1.084321e+02
     vertex -1.775000e+02  4.972206e+02 -1.105624e+02
     vertex -1.775000e+02  4.969354e+02 -1.104651e+02
   endloop
 endfacet
 facet normal -1.000000e+00  0.000000e+00  0.000000e+00
   outer loop
     vertex -1.775000e+02  4.966190e+02 -1.084321e+02
     vertex -1.775000e+02  4.969354e+02 -1.104651e+02
     vertex -1.775000e+02  4.966818e+02 -1.103023e+02
   endloop
 endfacet
 facet normal -1.000000e+00  0.000000e+00  0.000000e+00
   outer loop
     vertex -1.775000e+02  4.966190e+02 -1.084321e+02
     vertex -1.775000e+02  4.962437e+02 -1.095316e+02
     vertex -1.775000e+02  4.962336e+02 -1.092305e+02
   endloop
 endfacet
 facet normal -1.000000e+00  0.000000e+00  0.000000e+00
   outer loop
     vertex -1.775000e+02  4.966190e+02 -1.084321e+02
     vertex -1.775000e+02  4.971391e+02 -1.081365e+02
     vertex -1.775000e+02  4.972206e+02 -1.105624e+02
   endloop
 endfacet
 facet normal -1.000000e+00  0.000000e+00 -0.000000e+00
   outer loop
     vertex -1.775000e+02  4.966190e+02 -1.084321e+02
     vertex -1.775000e+02  4.966818e+02 -1.103023e+02
     vertex -1.775000e+02  4.962437e+02 -1.095316e+02
   endloop
 endfacet
 facet normal -1.064460e-14  9.784259e-01 -2.065983e-01
   outer loop
     vertex -1.830000e+02  4.736381e+02 -1.195011e+02
     vertex -1.775000e+02  4.735759e+02 -1.197959e+02
     vertex -1.830000e+02  4.735759e+02 -1.197959e+02
   endloop
 endfacet
 facet normal  0.000000e+00  9.784259e-01 -2.065983e-01
   outer loop
     vertex -1.830000e+02  4.736381e+02 -1.195011e+02
     vertex -1.775000e+02  4.736381e+02 -1.195011e+02
     vertex -1.775000e+02  4.735759e+02 -1.197959e+02
   endloop
 endfacet
 facet normal  0.000000e+00  9.005524e-01 -4.347475e-01
   outer loop
     vertex -1.830000e+02  4.737691e+02 -1.192297e+02
     vertex -1.775000e+02  4.737691e+02 -1.192297e+02
     vertex -1.775000e+02  4.736381e+02 -1.195011e+02
   endloop
 endfacet
 facet normal  0.000000e+00  7.703421e-01 -6.376309e-01
   outer loop
     vertex -1.830000e+02  4.737691e+02 -1.192297e+02
     vertex -1.775000e+02  4.739613e+02 -1.189976e+02
     vertex -1.775000e+02  4.737691e+02 -1.192297e+02
   endloop
 endfacet
 facet normal  0.000000e+00  9.005524e-01 -4.347475e-01
   outer loop
     vertex -1.830000e+02  4.737691e+02 -1.192297e+02
     vertex -1.775000e+02  4.736381e+02 -1.195011e+02
     vertex -1.830000e+02  4.736381e+02 -1.195011e+02
   endloop
 endfacet
 facet normal -1.757073e-14  7.703421e-01 -6.376309e-01
   outer loop
     vertex -1.830000e+02  4.739613e+02 -1.189976e+02
     vertex -1.775000e+02  4.739613e+02 -1.189976e+02
     vertex -1.830000e+02  4.737691e+02 -1.192297e+02
   endloop
 endfacet
 facet normal  0.000000e+00  5.953623e-01 -8.034574e-01
   outer loop
     vertex -1.830000e+02  4.742034e+02 -1.188182e+02
     vertex -1.775000e+02  4.742034e+02 -1.188182e+02
     vertex -1.775000e+02  4.739613e+02 -1.189976e+02
   endloop
 endfacet
 facet normal  0.000000e+00  3.857822e-01 -9.225899e-01
   outer loop
     vertex -1.830000e+02  4.742034e+02 -1.188182e+02
     vertex -1.775000e+02  4.744814e+02 -1.187019e+02
     vertex -1.775000e+02  4.742034e+02 -1.188182e+02
   endloop
 endfacet
 facet normal -1.438120e-14  5.953623e-01 -8.034574e-01
   outer loop
     vertex -1.830000e+02  4.742034e+02 -1.188182e+02
     vertex -1.775000e+02  4.739613e+02 -1.189976e+02
     vertex -1.830000e+02  4.739613e+02 -1.189976e+02
   endloop
 endfacet
 facet normal -3.987123e-15  3.857822e-01 -9.225899e-01
   outer loop
     vertex -1.830000e+02  4.744814e+02 -1.187019e+02
     vertex -1.775000e+02  4.744814e+02 -1.187019e+02
     vertex -1.830000e+02  4.742034e+02 -1.188182e+02
   endloop
 endfacet
 facet normal  0.000000e+00  1.537818e-01 -9.881048e-01
   outer loop
     vertex -1.830000e+02  4.747792e+02 -1.186556e+02
     vertex -1.775000e+02  4.747792e+02 -1.186556e+02
     vertex -1.775000e+02  4.744814e+02 -1.187019e+02
   endloop
 endfacet
 facet normal -1.588840e-15  1.537818e-01 -9.881048e-01
   outer loop
     vertex -1.830000e+02  4.747792e+02 -1.186556e+02
     vertex -1.775000e+02  4.744814e+02 -1.187019e+02
     vertex -1.830000e+02  4.744814e+02 -1.187019e+02
   endloop
 endfacet
 facet normal  9.007692e-16 -8.715574e-02 -9.961947e-01
   outer loop
     vertex -1.830000e+02  4.750794e+02 -1.186818e+02
     vertex -1.775000e+02  4.750794e+02 -1.186818e+02
     vertex -1.775000e+02  4.747792e+02 -1.186556e+02
   endloop
 endfacet
 facet normal  0.000000e+00 -8.715574e-02 -9.961947e-01
   outer loop
     vertex -1.830000e+02  4.750794e+02 -1.186818e+02
     vertex -1.775000e+02  4.747792e+02 -1.186556e+02
     vertex -1.830000e+02  4.747792e+02 -1.186556e+02
   endloop
 endfacet
 facet normal  3.338550e-15 -3.230282e-01 -9.463894e-01
   outer loop
     vertex -1.830000e+02  4.753645e+02 -1.187792e+02
     vertex -1.775000e+02  4.753645e+02 -1.187792e+02
     vertex -1.775000e+02  4.750794e+02 -1.186818e+02
   endloop
 endfacet
 facet normal  3.338866e-15 -3.230282e-01 -9.463894e-01
   outer loop
     vertex -1.830000e+02  4.753645e+02 -1.187792e+02
     vertex -1.775000e+02  4.750794e+02 -1.186818e+02
     vertex -1.830000e+02  4.750794e+02 -1.186818e+02
   endloop
 endfacet
 facet normal  5.582306e-15 -5.401273e-01 -8.415833e-01
   outer loop
     vertex -1.830000e+02  4.756181e+02 -1.189419e+02
     vertex -1.775000e+02  4.756181e+02 -1.189419e+02
     vertex -1.775000e+02  4.753645e+02 -1.187792e+02
   endloop
 endfacet
 facet normal  7.501639e-15 -7.258363e-01 -6.878675e-01
   outer loop
     vertex -1.830000e+02  4.756181e+02 -1.189419e+02
     vertex -1.775000e+02  4.758254e+02 -1.191607e+02
     vertex -1.775000e+02  4.756181e+02 -1.189419e+02
   endloop
 endfacet
 facet normal  5.580826e-15 -5.401273e-01 -8.415833e-01
   outer loop
     vertex -1.830000e+02  4.756181e+02 -1.189419e+02
     vertex -1.775000e+02  4.753645e+02 -1.187792e+02
     vertex -1.830000e+02  4.753645e+02 -1.187792e+02
   endloop
 endfacet
 facet normal  7.501639e-15 -7.258363e-01 -6.878675e-01
   outer loop
     vertex -1.830000e+02  4.758254e+02 -1.191607e+02
     vertex -1.775000e+02  4.758254e+02 -1.191607e+02
     vertex -1.830000e+02  4.756181e+02 -1.189419e+02
   endloop
 endfacet
 facet normal  0.000000e+00 -8.693623e-01 -4.941753e-01
   outer loop
     vertex -1.830000e+02  4.759743e+02 -1.194226e+02
     vertex -1.775000e+02  4.759743e+02 -1.194226e+02
     vertex -1.775000e+02  4.758254e+02 -1.191607e+02
   endloop
 endfacet
 facet normal  8.984585e-15 -8.693623e-01 -4.941753e-01
   outer loop
     vertex -1.830000e+02  4.759743e+02 -1.194226e+02
     vertex -1.775000e+02  4.758254e+02 -1.191607e+02
     vertex -1.830000e+02  4.758254e+02 -1.191607e+02
   endloop
 endfacet
 facet normal  1.989239e-14 -9.623641e-01 -2.717635e-01
   outer loop
     vertex -1.830000e+02  4.760562e+02 -1.197126e+02
     vertex -1.775000e+02  4.760562e+02 -1.197126e+02
     vertex -1.775000e+02  4.759743e+02 -1.194226e+02
   endloop
 endfacet
 facet normal  0.000000e+00 -9.623641e-01 -2.717635e-01
   outer loop
     vertex -1.830000e+02  4.760562e+02 -1.197126e+02
     vertex -1.775000e+02  4.759743e+02 -1.194226e+02
     vertex -1.830000e+02  4.759743e+02 -1.194226e+02
   endloop
 endfacet
 facet normal  0.000000e+00 -9.994368e-01 -3.355772e-02
   outer loop
     vertex -1.830000e+02  4.760663e+02 -1.200138e+02
     vertex -1.775000e+02  4.760663e+02 -1.200138e+02
     vertex -1.775000e+02  4.760562e+02 -1.197126e+02
   endloop
 endfacet
 facet normal  2.065858e-14 -9.994368e-01 -3.355772e-02
   outer loop
     vertex -1.830000e+02  4.760663e+02 -1.200138e+02
     vertex -1.775000e+02  4.760562e+02 -1.197126e+02
     vertex -1.830000e+02  4.760562e+02 -1.197126e+02
   endloop
 endfacet
 facet normal -1.000000e+00  0.000000e+00  0.000000e+00
   outer loop
     vertex -1.775000e+02  4.740241e+02 -1.208678e+02
     vertex -1.775000e+02  4.751608e+02 -1.211078e+02
     vertex -1.775000e+02  4.748631e+02 -1.211542e+02
   endloop
 endfacet
 facet normal -1.000000e+00  0.000000e+00  0.000000e+00
   outer loop
     vertex -1.775000e+02  4.740241e+02 -1.208678e+02
     vertex -1.775000e+02  4.748631e+02 -1.211542e+02
     vertex -1.775000e+02  4.745629e+02 -1.211279e+02
   endloop
 endfacet
 facet normal -1.000000e+00  0.000000e+00  0.000000e+00
   outer loop
     vertex -1.775000e+02  4.740241e+02 -1.208678e+02
     vertex -1.775000e+02  4.745629e+02 -1.211279e+02
     vertex -1.775000e+02  4.742777e+02 -1.210306e+02
   endloop
 endfacet
 facet normal -1.000000e+00  0.000000e+00  0.000000e+00
   outer loop
     vertex -1.775000e+02  4.738168e+02 -1.206491e+02
     vertex -1.775000e+02  4.756809e+02 -1.208122e+02
     vertex -1.775000e+02  4.754388e+02 -1.209916e+02
   endloop
 endfacet
 facet normal -1.000000e+00  0.000000e+00  0.000000e+00
   outer loop
     vertex -1.775000e+02  4.738168e+02 -1.206491e+02
     vertex -1.775000e+02  4.754388e+02 -1.209916e+02
     vertex -1.775000e+02  4.751608e+02 -1.211078e+02
   endloop
 endfacet
 facet normal -1.000000e+00  0.000000e+00  0.000000e+00
   outer loop
     vertex -1.775000e+02  4.738168e+02 -1.206491e+02
     vertex -1.775000e+02  4.751608e+02 -1.211078e+02
     vertex -1.775000e+02  4.740241e+02 -1.208678e+02
   endloop
 endfacet
 facet normal -1.000000e+00  0.000000e+00  0.000000e+00
   outer loop
     vertex -1.775000e+02  4.736679e+02 -1.203871e+02
     vertex -1.775000e+02  4.758731e+02 -1.205800e+02
     vertex -1.775000e+02  4.756809e+02 -1.208122e+02
   endloop
 endfacet
 facet normal -1.000000e+00  0.000000e+00  0.000000e+00
   outer loop
     vertex -1.775000e+02  4.736679e+02 -1.203871e+02
     vertex -1.775000e+02  4.756809e+02 -1.208122e+02
     vertex -1.775000e+02  4.738168e+02 -1.206491e+02
   endloop
 endfacet
 facet normal -1.000000e+00  0.000000e+00  0.000000e+00
   outer loop
     vertex -1.775000e+02  4.753645e+02 -1.187792e+02
     vertex -1.775000e+02  4.756181e+02 -1.189419e+02
     vertex -1.775000e+02  4.758254e+02 -1.191607e+02
   endloop
 endfacet
 facet normal -1.000000e+00  0.000000e+00  0.000000e+00
   outer loop
     vertex -1.775000e+02  4.735860e+02 -1.200971e+02
     vertex -1.775000e+02  4.760041e+02 -1.203087e+02
     vertex -1.775000e+02  4.758731e+02 -1.205800e+02
   endloop
 endfacet
 facet normal -1.000000e+00  0.000000e+00  0.000000e+00
   outer loop
     vertex -1.775000e+02  4.735860e+02 -1.200971e+02
     vertex -1.775000e+02  4.758731e+02 -1.205800e+02
     vertex -1.775000e+02  4.736679e+02 -1.203871e+02
   endloop
 endfacet
 facet normal -1.000000e+00  0.000000e+00  0.000000e+00
   outer loop
     vertex -1.775000e+02  4.735759e+02 -1.197959e+02
     vertex -1.775000e+02  4.760663e+02 -1.200138e+02
     vertex -1.775000e+02  4.760041e+02 -1.203087e+02
   endloop
 endfacet
 facet normal -1.000000e+00  0.000000e+00  0.000000e+00
   outer loop
     vertex -1.775000e+02  4.735759e+02 -1.197959e+02
     vertex -1.775000e+02  4.760041e+02 -1.203087e+02
     vertex -1.775000e+02  4.735860e+02 -1.200971e+02
   endloop
 endfacet
 facet normal -1.000000e+00  0.000000e+00  0.000000e+00
   outer loop
     vertex -1.775000e+02  4.736381e+02 -1.195011e+02
     vertex -1.775000e+02  4.760562e+02 -1.197126e+02
     vertex -1.775000e+02  4.760663e+02 -1.200138e+02
   endloop
 endfacet
 facet normal -1.000000e+00  0.000000e+00 -0.000000e+00
   outer loop
     vertex -1.775000e+02  4.736381e+02 -1.195011e+02
     vertex -1.775000e+02  4.760663e+02 -1.200138e+02
     vertex -1.775000e+02  4.735759e+02 -1.197959e+02
   endloop
 endfacet
 facet normal -1.000000e+00  0.000000e+00  0.000000e+00
   outer loop
     vertex -1.775000e+02  4.744814e+02 -1.187019e+02
     vertex -1.775000e+02  4.747792e+02 -1.186556e+02
     vertex -1.775000e+02  4.750794e+02 -1.186818e+02
   endloop
 endfacet
 facet normal -1.000000e+00  0.000000e+00  0.000000e+00
   outer loop
     vertex -1.775000e+02  4.744814e+02 -1.187019e+02
     vertex -1.775000e+02  4.750794e+02 -1.186818e+02
     vertex -1.775000e+02  4.753645e+02 -1.187792e+02
   endloop
 endfacet
 facet normal -1.000000e+00  0.000000e+00  0.000000e+00
   outer loop
     vertex -1.775000e+02  4.739613e+02 -1.189976e+02
     vertex -1.775000e+02  4.736381e+02 -1.195011e+02
     vertex -1.775000e+02  4.737691e+02 -1.192297e+02
   endloop
 endfacet
 facet normal -1.000000e+00  0.000000e+00  0.000000e+00
   outer loop
     vertex -1.775000e+02  4.739613e+02 -1.189976e+02
     vertex -1.775000e+02  4.742034e+02 -1.188182e+02
     vertex -1.775000e+02  4.744814e+02 -1.187019e+02
   endloop
 endfacet
 facet normal -1.000000e+00  0.000000e+00  0.000000e+00
   outer loop
     vertex -1.775000e+02  4.739613e+02 -1.189976e+02
     vertex -1.775000e+02  4.758254e+02 -1.191607e+02
     vertex -1.775000e+02  4.759743e+02 -1.194226e+02
   endloop
 endfacet
 facet normal -1.000000e+00  0.000000e+00  0.000000e+00
   outer loop
     vertex -1.775000e+02  4.739613e+02 -1.189976e+02
     vertex -1.775000e+02  4.759743e+02 -1.194226e+02
     vertex -1.775000e+02  4.760562e+02 -1.197126e+02
   endloop
 endfacet
 facet normal -1.000000e+00  0.000000e+00  0.000000e+00
   outer loop
     vertex -1.775000e+02  4.739613e+02 -1.189976e+02
     vertex -1.775000e+02  4.753645e+02 -1.187792e+02
     vertex -1.775000e+02  4.758254e+02 -1.191607e+02
   endloop
 endfacet
 facet normal -1.000000e+00  0.000000e+00 -0.000000e+00
   outer loop
     vertex -1.775000e+02  4.739613e+02 -1.189976e+02
     vertex -1.775000e+02  4.760562e+02 -1.197126e+02
     vertex -1.775000e+02  4.736381e+02 -1.195011e+02
   endloop
 endfacet
 facet normal -1.000000e+00  0.000000e+00  0.000000e+00
   outer loop
     vertex -1.775000e+02  4.739613e+02 -1.189976e+02
     vertex -1.775000e+02  4.744814e+02 -1.187019e+02
     vertex -1.775000e+02  4.753645e+02 -1.187792e+02
   endloop
 endfacet
 facet normal  0.000000e+00 -9.994368e-01 -3.355772e-02
   outer loop
     vertex -1.307500e+02  4.749358e+02 -7.609643e+01
     vertex -1.347500e+02  4.749459e+02 -7.639760e+01
     vertex -1.307500e+02  4.749459e+02 -7.639760e+01
   endloop
 endfacet
 facet normal -1.192210e-16 -9.994368e-01 -3.355772e-02
   outer loop
     vertex -1.307500e+02  4.749358e+02 -7.609643e+01
     vertex -1.347500e+02  4.749358e+02 -7.609643e+01
     vertex -1.347500e+02  4.749459e+02 -7.639760e+01
   endloop
 endfacet
 facet normal -0.000000e+00 -9.623641e-01 -2.717635e-01
   outer loop
     vertex -1.307500e+02  4.748539e+02 -7.580642e+01
     vertex -1.347500e+02  4.748539e+02 -7.580642e+01
     vertex -1.347500e+02  4.749358e+02 -7.609643e+01
   endloop
 endfacet
 facet normal -9.671199e-16 -9.623641e-01 -2.717635e-01
   outer loop
     vertex -1.307500e+02  4.748539e+02 -7.580642e+01
     vertex -1.347500e+02  4.749358e+02 -7.609643e+01
     vertex -1.307500e+02  4.749358e+02 -7.609643e+01
   endloop
 endfacet
 facet normal -0.000000e+00 -8.693623e-01 -4.941753e-01
   outer loop
     vertex -1.307500e+02  4.747050e+02 -7.554445e+01
     vertex -1.347500e+02  4.747050e+02 -7.554445e+01
     vertex -1.347500e+02  4.748539e+02 -7.580642e+01
   endloop
 endfacet
 facet normal  0.000000e+00 -8.693623e-01 -4.941753e-01
   outer loop
     vertex -1.307500e+02  4.747050e+02 -7.554445e+01
     vertex -1.347500e+02  4.748539e+02 -7.580642e+01
     vertex -1.307500e+02  4.748539e+02 -7.580642e+01
   endloop
 endfacet
 facet normal -0.000000e+00 -7.258363e-01 -6.878675e-01
   outer loop
     vertex -1.307500e+02  4.744977e+02 -7.532573e+01
     vertex -1.347500e+02  4.744977e+02 -7.532573e+01
     vertex -1.347500e+02  4.747050e+02 -7.554445e+01
   endloop
 endfacet
 facet normal  0.000000e+00 -7.258363e-01 -6.878675e-01
   outer loop
     vertex -1.307500e+02  4.744977e+02 -7.532573e+01
     vertex -1.347500e+02  4.747050e+02 -7.554445e+01
     vertex -1.307500e+02  4.747050e+02 -7.554445e+01
   endloop
 endfacet
 facet normal -0.000000e+00 -5.401273e-01 -8.415833e-01
   outer loop
     vertex -1.307500e+02  4.742441e+02 -7.516296e+01
     vertex -1.347500e+02  4.742441e+02 -7.516296e+01
     vertex -1.347500e+02  4.744977e+02 -7.532573e+01
   endloop
 endfacet
 facet normal  0.000000e+00 -5.401273e-01 -8.415833e-01
   outer loop
     vertex -1.307500e+02  4.742441e+02 -7.516296e+01
     vertex -1.347500e+02  4.744977e+02 -7.532573e+01
     vertex -1.307500e+02  4.744977e+02 -7.532573e+01
   endloop
 endfacet
 facet normal -3.362250e-15 -3.230282e-01 -9.463894e-01
   outer loop
     vertex -1.307500e+02  4.739589e+02 -7.506562e+01
     vertex -1.347500e+02  4.739589e+02 -7.506562e+01
     vertex -1.347500e+02  4.742441e+02 -7.516296e+01
   endloop
 endfacet
 facet normal -3.539195e-15 -8.715574e-02 -9.961947e-01
   outer loop
     vertex -1.307500e+02  4.739589e+02 -7.506562e+01
     vertex -1.347500e+02  4.736587e+02 -7.503936e+01
     vertex -1.347500e+02  4.739589e+02 -7.506562e+01
   endloop
 endfacet
 facet normal  0.000000e+00 -3.230282e-01 -9.463894e-01
   outer loop
     vertex -1.307500e+02  4.739589e+02 -7.506562e+01
     vertex -1.347500e+02  4.742441e+02 -7.516296e+01
     vertex -1.307500e+02  4.742441e+02 -7.516296e+01
   endloop
 endfacet
 facet normal  1.238558e-15 -8.715574e-02 -9.961947e-01
   outer loop
     vertex -1.307500e+02  4.736587e+02 -7.503936e+01
     vertex -1.347500e+02  4.736587e+02 -7.503936e+01
     vertex -1.307500e+02  4.739589e+02 -7.506562e+01
   endloop
 endfacet
 facet normal  0.000000e+00  1.537818e-01 -9.881048e-01
   outer loop
     vertex -1.307500e+02  4.733610e+02 -7.508570e+01
     vertex -1.347500e+02  4.733610e+02 -7.508570e+01
     vertex -1.347500e+02  4.736587e+02 -7.503936e+01
   endloop
 endfacet
 facet normal -2.186094e-15  1.537818e-01 -9.881048e-01
   outer loop
     vertex -1.307500e+02  4.733610e+02 -7.508570e+01
     vertex -1.347500e+02  4.736587e+02 -7.503936e+01
     vertex -1.307500e+02  4.736587e+02 -7.503936e+01
   endloop
 endfacet
 facet normal -5.482295e-15  3.857822e-01 -9.225899e-01
   outer loop
     vertex -1.307500e+02  4.730830e+02 -7.520195e+01
     vertex -1.347500e+02  4.730830e+02 -7.520195e+01
     vertex -1.347500e+02  4.733610e+02 -7.508570e+01
   endloop
 endfacet
 facet normal  0.000000e+00  3.857822e-01 -9.225899e-01
   outer loop
     vertex -1.307500e+02  4.730830e+02 -7.520195e+01
     vertex -1.347500e+02  4.733610e+02 -7.508570e+01
     vertex -1.307500e+02  4.733610e+02 -7.508570e+01
   endloop
 endfacet
 facet normal  0.000000e+00  5.953623e-01 -8.034574e-01
   outer loop
     vertex -1.307500e+02  4.728409e+02 -7.538136e+01
     vertex -1.347500e+02  4.728409e+02 -7.538136e+01
     vertex -1.347500e+02  4.730830e+02 -7.520195e+01
   endloop
 endfacet
 facet normal -8.456542e-15  5.953623e-01 -8.034574e-01
   outer loop
     vertex -1.307500e+02  4.728409e+02 -7.538136e+01
     vertex -1.347500e+02  4.730830e+02 -7.520195e+01
     vertex -1.307500e+02  4.730830e+02 -7.520195e+01
   endloop
 endfacet
 facet normal -2.265320e-15  7.703421e-01 -6.376309e-01
   outer loop
     vertex -1.307500e+02  4.726487e+02 -7.561349e+01
     vertex -1.347500e+02  4.726487e+02 -7.561349e+01
     vertex -1.347500e+02  4.728409e+02 -7.538136e+01
   endloop
 endfacet
 facet normal  0.000000e+00  7.703421e-01 -6.376309e-01
   outer loop
     vertex -1.307500e+02  4.726487e+02 -7.561349e+01
     vertex -1.347500e+02  4.728409e+02 -7.538136e+01
     vertex -1.307500e+02  4.728409e+02 -7.538136e+01
   endloop
 endfacet
 facet normal -1.279762e-14  9.005524e-01 -4.347475e-01
   outer loop
     vertex -1.307500e+02  4.725177e+02 -7.588487e+01
     vertex -1.347500e+02  4.725177e+02 -7.588487e+01
     vertex -1.347500e+02  4.726487e+02 -7.561349e+01
   endloop
 endfacet
 facet normal -1.542786e-15  9.005524e-01 -4.347475e-01
   outer loop
     vertex -1.307500e+02  4.725177e+02 -7.588487e+01
     vertex -1.347500e+02  4.726487e+02 -7.561349e+01
     vertex -1.307500e+02  4.726487e+02 -7.561349e+01
   endloop
 endfacet
 facet normal -1.537224e-14  9.784259e-01 -2.065983e-01
   outer loop
     vertex -1.307500e+02  4.724554e+02 -7.617971e+01
     vertex -1.347500e+02  4.724554e+02 -7.617971e+01
     vertex -1.347500e+02  4.725177e+02 -7.588487e+01
   endloop
 endfacet
 facet normal -1.390235e-14  9.784259e-01 -2.065983e-01
   outer loop
     vertex -1.307500e+02  4.724554e+02 -7.617971e+01
     vertex -1.347500e+02  4.725177e+02 -7.588487e+01
     vertex -1.307500e+02  4.725177e+02 -7.588487e+01
   endloop
 endfacet
 facet normal  1.000000e+00  0.000000e+00  0.000000e+00
   outer loop
     vertex -1.347500e+02  4.726487e+02 -7.561349e+01
     vertex -1.347500e+02  4.725177e+02 -7.588487e+01
     vertex -1.347500e+02  4.724554e+02 -7.617971e+01
   endloop
 endfacet
 facet normal  1.000000e+00  0.000000e+00  0.000000e+00
   outer loop
     vertex -1.347500e+02  4.726487e+02 -7.561349e+01
     vertex -1.347500e+02  4.724554e+02 -7.617971e+01
     vertex -1.347500e+02  4.724656e+02 -7.648088e+01
   endloop
 endfacet
 facet normal  1.000000e+00  0.000000e+00  0.000000e+00
   outer loop
     vertex -1.347500e+02  4.726487e+02 -7.561349e+01
     vertex -1.347500e+02  4.724656e+02 -7.648088e+01
     vertex -1.347500e+02  4.725474e+02 -7.677088e+01
   endloop
 endfacet
 facet normal  1.000000e+00  0.000000e+00  0.000000e+00
   outer loop
     vertex -1.347500e+02  4.728409e+02 -7.538136e+01
     vertex -1.347500e+02  4.726487e+02 -7.561349e+01
     vertex -1.347500e+02  4.725474e+02 -7.677088e+01
   endloop
 endfacet
 facet normal  1.000000e+00  0.000000e+00  0.000000e+00
   outer loop
     vertex -1.347500e+02  4.730830e+02 -7.520195e+01
     vertex -1.347500e+02  4.725474e+02 -7.677088e+01
     vertex -1.347500e+02  4.726964e+02 -7.703286e+01
   endloop
 endfacet
 facet normal  1.000000e+00  0.000000e+00  0.000000e+00
   outer loop
     vertex -1.347500e+02  4.730830e+02 -7.520195e+01
     vertex -1.347500e+02  4.726964e+02 -7.703286e+01
     vertex -1.347500e+02  4.729036e+02 -7.725158e+01
   endloop
 endfacet
 facet normal  1.000000e+00  0.000000e+00  0.000000e+00
   outer loop
     vertex -1.347500e+02  4.730830e+02 -7.520195e+01
     vertex -1.347500e+02  4.728409e+02 -7.538136e+01
     vertex -1.347500e+02  4.725474e+02 -7.677088e+01
   endloop
 endfacet
 facet normal  1.000000e+00  0.000000e+00  0.000000e+00
   outer loop
     vertex -1.347500e+02  4.733610e+02 -7.508570e+01
     vertex -1.347500e+02  4.729036e+02 -7.725158e+01
     vertex -1.347500e+02  4.731573e+02 -7.741434e+01
   endloop
 endfacet
 facet normal  1.000000e+00  0.000000e+00  0.000000e+00
   outer loop
     vertex -1.347500e+02  4.733610e+02 -7.508570e+01
     vertex -1.347500e+02  4.730830e+02 -7.520195e+01
     vertex -1.347500e+02  4.729036e+02 -7.725158e+01
   endloop
 endfacet
 facet normal  1.000000e+00  0.000000e+00  0.000000e+00
   outer loop
     vertex -1.347500e+02  4.748837e+02 -7.669244e+01
     vertex -1.347500e+02  4.745605e+02 -7.719595e+01
     vertex -1.347500e+02  4.747527e+02 -7.696381e+01
   endloop
 endfacet
 facet normal  1.000000e+00  0.000000e+00  0.000000e+00
   outer loop
     vertex -1.347500e+02  4.736587e+02 -7.503936e+01
     vertex -1.347500e+02  4.731573e+02 -7.741434e+01
     vertex -1.347500e+02  4.734424e+02 -7.751169e+01
   endloop
 endfacet
 facet normal  1.000000e+00  0.000000e+00  0.000000e+00
   outer loop
     vertex -1.347500e+02  4.736587e+02 -7.503936e+01
     vertex -1.347500e+02  4.733610e+02 -7.508570e+01
     vertex -1.347500e+02  4.731573e+02 -7.741434e+01
   endloop
 endfacet
 facet normal  1.000000e+00  0.000000e+00  0.000000e+00
   outer loop
     vertex -1.347500e+02  4.739589e+02 -7.506562e+01
     vertex -1.347500e+02  4.736587e+02 -7.503936e+01
     vertex -1.347500e+02  4.734424e+02 -7.751169e+01
   endloop
 endfacet
 facet normal  1.000000e+00  0.000000e+00  0.000000e+00
   outer loop
     vertex -1.347500e+02  4.742441e+02 -7.516296e+01
     vertex -1.347500e+02  4.734424e+02 -7.751169e+01
     vertex -1.347500e+02  4.737426e+02 -7.753795e+01
   endloop
 endfacet
 facet normal  1.000000e+00  0.000000e+00  0.000000e+00
   outer loop
     vertex -1.347500e+02  4.742441e+02 -7.516296e+01
     vertex -1.347500e+02  4.739589e+02 -7.506562e+01
     vertex -1.347500e+02  4.734424e+02 -7.751169e+01
   endloop
 endfacet
 facet normal  1.000000e+00  0.000000e+00  0.000000e+00
   outer loop
     vertex -1.347500e+02  4.748539e+02 -7.580642e+01
     vertex -1.347500e+02  4.749459e+02 -7.639760e+01
     vertex -1.347500e+02  4.749358e+02 -7.609643e+01
   endloop
 endfacet
 facet normal  1.000000e+00  0.000000e+00  0.000000e+00
   outer loop
     vertex -1.347500e+02  4.748539e+02 -7.580642e+01
     vertex -1.347500e+02  4.748837e+02 -7.669244e+01
     vertex -1.347500e+02  4.749459e+02 -7.639760e+01
   endloop
 endfacet
 facet normal  1.000000e+00  0.000000e+00  0.000000e+00
   outer loop
     vertex -1.347500e+02  4.748539e+02 -7.580642e+01
     vertex -1.347500e+02  4.745605e+02 -7.719595e+01
     vertex -1.347500e+02  4.748837e+02 -7.669244e+01
   endloop
 endfacet
 facet normal  1.000000e+00  0.000000e+00  0.000000e+00
   outer loop
     vertex -1.347500e+02  4.744977e+02 -7.532573e+01
     vertex -1.347500e+02  4.737426e+02 -7.753795e+01
     vertex -1.347500e+02  4.740404e+02 -7.749161e+01
   endloop
 endfacet
 facet normal  1.000000e+00  0.000000e+00  0.000000e+00
   outer loop
     vertex -1.347500e+02  4.744977e+02 -7.532573e+01
     vertex -1.347500e+02  4.740404e+02 -7.749161e+01
     vertex -1.347500e+02  4.743184e+02 -7.737536e+01
   endloop
 endfacet
 facet normal  1.000000e+00  0.000000e+00  0.000000e+00
   outer loop
     vertex -1.347500e+02  4.744977e+02 -7.532573e+01
     vertex -1.347500e+02  4.742441e+02 -7.516296e+01
     vertex -1.347500e+02  4.737426e+02 -7.753795e+01
   endloop
 endfacet
 facet normal  1.000000e+00  0.000000e+00  0.000000e+00
   outer loop
     vertex -1.347500e+02  4.747050e+02 -7.554445e+01
     vertex -1.347500e+02  4.743184e+02 -7.737536e+01
     vertex -1.347500e+02  4.745605e+02 -7.719595e+01
   endloop
 endfacet
 facet normal  1.000000e+00  0.000000e+00  0.000000e+00
   outer loop
     vertex -1.347500e+02  4.747050e+02 -7.554445e+01
     vertex -1.347500e+02  4.745605e+02 -7.719595e+01
     vertex -1.347500e+02  4.748539e+02 -7.580642e+01
   endloop
 endfacet
 facet normal  1.000000e+00  0.000000e+00  0.000000e+00
   outer loop
     vertex -1.347500e+02  4.747050e+02 -7.554445e+01
     vertex -1.347500e+02  4.744977e+02 -7.532573e+01
     vertex -1.347500e+02  4.743184e+02 -7.737536e+01
   endloop
 endfacet
 facet normal  1.420313e-14 -9.994368e-01 -3.355772e-02
   outer loop
     vertex -1.307500e+02  4.595238e+02 -9.810709e+01
     vertex -1.347500e+02  4.595339e+02 -9.840826e+01
     vertex -1.307500e+02  4.595339e+02 -9.840826e+01
   endloop
 endfacet
 facet normal  1.420285e-14 -9.994368e-01 -3.355772e-02
   outer loop
     vertex -1.307500e+02  4.595238e+02 -9.810709e+01
     vertex -1.347500e+02  4.595238e+02 -9.810709e+01
     vertex -1.347500e+02  4.595339e+02 -9.840826e+01
   endloop
 endfacet
 facet normal -9.654978e-16 -9.623641e-01 -2.717635e-01
   outer loop
     vertex -1.307500e+02  4.594419e+02 -9.781709e+01
     vertex -1.347500e+02  4.594419e+02 -9.781709e+01
     vertex -1.347500e+02  4.595238e+02 -9.810709e+01
   endloop
 endfacet
 facet normal  1.367496e-14 -9.623641e-01 -2.717635e-01
   outer loop
     vertex -1.307500e+02  4.594419e+02 -9.781709e+01
     vertex -1.347500e+02  4.595238e+02 -9.810709e+01
     vertex -1.307500e+02  4.595238e+02 -9.810709e+01
   endloop
 endfacet
 facet normal  1.059872e-14 -8.693623e-01 -4.941753e-01
   outer loop
     vertex -1.307500e+02  4.592930e+02 -9.755511e+01
     vertex -1.347500e+02  4.592930e+02 -9.755511e+01
     vertex -1.347500e+02  4.594419e+02 -9.781709e+01
   endloop
 endfacet
 facet normal -1.755783e-15 -8.693623e-01 -4.941753e-01
   outer loop
     vertex -1.307500e+02  4.592930e+02 -9.755511e+01
     vertex -1.347500e+02  4.594419e+02 -9.781709e+01
     vertex -1.307500e+02  4.594419e+02 -9.781709e+01
   endloop
 endfacet
 facet normal -0.000000e+00 -7.258363e-01 -6.878675e-01
   outer loop
     vertex -1.307500e+02  4.590857e+02 -9.733639e+01
     vertex -1.347500e+02  4.590857e+02 -9.733639e+01
     vertex -1.347500e+02  4.592930e+02 -9.755511e+01
   endloop
 endfacet
 facet normal  7.875119e-15 -7.258363e-01 -6.878675e-01
   outer loop
     vertex -1.307500e+02  4.590857e+02 -9.733639e+01
     vertex -1.347500e+02  4.592930e+02 -9.755511e+01
     vertex -1.307500e+02  4.592930e+02 -9.755511e+01
   endloop
 endfacet
 facet normal  7.675671e-15 -5.401273e-01 -8.415833e-01
   outer loop
     vertex -1.307500e+02  4.588321e+02 -9.717362e+01
     vertex -1.347500e+02  4.588321e+02 -9.717362e+01
     vertex -1.347500e+02  4.590857e+02 -9.733639e+01
   endloop
 endfacet
 facet normal  0.000000e+00 -5.401273e-01 -8.415833e-01
   outer loop
     vertex -1.307500e+02  4.588321e+02 -9.717362e+01
     vertex -1.347500e+02  4.590857e+02 -9.733639e+01
     vertex -1.307500e+02  4.590857e+02 -9.733639e+01
   endloop
 endfacet
 facet normal -0.000000e+00 -3.230282e-01 -9.463894e-01
   outer loop
     vertex -1.307500e+02  4.585469e+02 -9.707628e+01
     vertex -1.347500e+02  4.585469e+02 -9.707628e+01
     vertex -1.347500e+02  4.588321e+02 -9.717362e+01
   endloop
 endfacet
 facet normal -0.000000e+00 -8.715574e-02 -9.961947e-01
   outer loop
     vertex -1.307500e+02  4.585469e+02 -9.707628e+01
     vertex -1.347500e+02  4.582467e+02 -9.705002e+01
     vertex -1.347500e+02  4.585469e+02 -9.707628e+01
   endloop
 endfacet
 facet normal  4.590941e-15 -3.230282e-01 -9.463894e-01
   outer loop
     vertex -1.307500e+02  4.585469e+02 -9.707628e+01
     vertex -1.347500e+02  4.588321e+02 -9.717362e+01
     vertex -1.307500e+02  4.588321e+02 -9.717362e+01
   endloop
 endfacet
 facet normal -3.539195e-15 -8.715574e-02 -9.961947e-01
   outer loop
     vertex -1.307500e+02  4.582467e+02 -9.705002e+01
     vertex -1.347500e+02  4.582467e+02 -9.705002e+01
     vertex -1.307500e+02  4.585469e+02 -9.707628e+01
   endloop
 endfacet
 facet normal -2.185371e-15  1.537818e-01 -9.881048e-01
   outer loop
     vertex -1.307500e+02  4.579489e+02 -9.709636e+01
     vertex -1.347500e+02  4.579489e+02 -9.709636e+01
     vertex -1.347500e+02  4.582467e+02 -9.705002e+01
   endloop
 endfacet
 facet normal -3.510127e-15  1.537818e-01 -9.881048e-01
   outer loop
     vertex -1.307500e+02  4.579489e+02 -9.709636e+01
     vertex -1.347500e+02  4.582467e+02 -9.705002e+01
     vertex -1.307500e+02  4.582467e+02 -9.705002e+01
   endloop
 endfacet
 facet normal  0.000000e+00  3.857822e-01 -9.225899e-01
   outer loop
     vertex -1.307500e+02  4.576709e+02 -9.721261e+01
     vertex -1.347500e+02  4.576709e+02 -9.721261e+01
     vertex -1.347500e+02  4.579489e+02 -9.709636e+01
   endloop
 endfacet
 facet normal -5.480346e-15  3.857822e-01 -9.225899e-01
   outer loop
     vertex -1.307500e+02  4.576709e+02 -9.721261e+01
     vertex -1.347500e+02  4.579489e+02 -9.709636e+01
     vertex -1.307500e+02  4.579489e+02 -9.709636e+01
   endloop
 endfacet
 facet normal -2.854454e-15  5.953623e-01 -8.034574e-01
   outer loop
     vertex -1.307500e+02  4.574288e+02 -9.739202e+01
     vertex -1.347500e+02  4.574288e+02 -9.739202e+01
     vertex -1.347500e+02  4.576709e+02 -9.721261e+01
   endloop
 endfacet
 facet normal  0.000000e+00  5.953623e-01 -8.034574e-01
   outer loop
     vertex -1.307500e+02  4.574288e+02 -9.739202e+01
     vertex -1.347500e+02  4.576709e+02 -9.721261e+01
     vertex -1.307500e+02  4.576709e+02 -9.721261e+01
   endloop
 endfacet
 facet normal -2.265320e-15  7.703421e-01 -6.376309e-01
   outer loop
     vertex -1.307500e+02  4.572367e+02 -9.762416e+01
     vertex -1.347500e+02  4.572367e+02 -9.762416e+01
     vertex -1.347500e+02  4.574288e+02 -9.739202e+01
   endloop
 endfacet
 facet normal -2.268126e-15  7.703421e-01 -6.376309e-01
   outer loop
     vertex -1.307500e+02  4.572367e+02 -9.762416e+01
     vertex -1.347500e+02  4.574288e+02 -9.739202e+01
     vertex -1.307500e+02  4.574288e+02 -9.739202e+01
   endloop
 endfacet
 facet normal -1.544534e-15  9.005524e-01 -4.347475e-01
   outer loop
     vertex -1.307500e+02  4.571057e+02 -9.789553e+01
     vertex -1.347500e+02  4.571057e+02 -9.789553e+01
     vertex -1.347500e+02  4.572367e+02 -9.762416e+01
   endloop
 endfacet
 facet normal -1.542786e-15  9.005524e-01 -4.347475e-01
   outer loop
     vertex -1.307500e+02  4.571057e+02 -9.789553e+01
     vertex -1.347500e+02  4.572367e+02 -9.762416e+01
     vertex -1.307500e+02  4.572367e+02 -9.762416e+01
   endloop
 endfacet
 facet normal -1.463825e-14  9.784259e-01 -2.065983e-01
   outer loop
     vertex -1.307500e+02  4.570434e+02 -9.819037e+01
     vertex -1.347500e+02  4.570434e+02 -9.819037e+01
     vertex -1.347500e+02  4.571057e+02 -9.789553e+01
   endloop
 endfacet
 facet normal -7.339749e-16  9.784259e-01 -2.065983e-01
   outer loop
     vertex -1.307500e+02  4.570434e+02 -9.819037e+01
     vertex -1.347500e+02  4.571057e+02 -9.789553e+01
     vertex -1.307500e+02  4.571057e+02 -9.789553e+01
   endloop
 endfacet
 facet normal  1.000000e+00  0.000000e+00  0.000000e+00
   outer loop
     vertex -1.347500e+02  4.574288e+02 -9.739202e+01
     vertex -1.347500e+02  4.572367e+02 -9.762416e+01
     vertex -1.347500e+02  4.571057e+02 -9.789553e+01
   endloop
 endfacet
 facet normal  1.000000e+00  0.000000e+00  0.000000e+00
   outer loop
     vertex -1.347500e+02  4.574288e+02 -9.739202e+01
     vertex -1.347500e+02  4.571057e+02 -9.789553e+01
     vertex -1.347500e+02  4.570434e+02 -9.819037e+01
   endloop
 endfacet
 facet normal  1.000000e+00  0.000000e+00  0.000000e+00
   outer loop
     vertex -1.347500e+02  4.574288e+02 -9.739202e+01
     vertex -1.347500e+02  4.570434e+02 -9.819037e+01
     vertex -1.347500e+02  4.570535e+02 -9.849154e+01
   endloop
 endfacet
 facet normal  1.000000e+00  0.000000e+00  0.000000e+00
   outer loop
     vertex -1.347500e+02  4.574288e+02 -9.739202e+01
     vertex -1.347500e+02  4.570535e+02 -9.849154e+01
     vertex -1.347500e+02  4.571354e+02 -9.878154e+01
   endloop
 endfacet
 facet normal  1.000000e+00  0.000000e+00  0.000000e+00
   outer loop
     vertex -1.347500e+02  4.574288e+02 -9.739202e+01
     vertex -1.347500e+02  4.571354e+02 -9.878154e+01
     vertex -1.347500e+02  4.572843e+02 -9.904352e+01
   endloop
 endfacet
 facet normal  1.000000e+00  0.000000e+00  0.000000e+00
   outer loop
     vertex -1.347500e+02  4.574288e+02 -9.739202e+01
     vertex -1.347500e+02  4.572843e+02 -9.904352e+01
     vertex -1.347500e+02  4.574916e+02 -9.926224e+01
   endloop
 endfacet
 facet normal  1.000000e+00  0.000000e+00  0.000000e+00
   outer loop
     vertex -1.347500e+02  4.593406e+02 -9.897447e+01
     vertex -1.347500e+02  4.589064e+02 -9.938602e+01
     vertex -1.347500e+02  4.591485e+02 -9.920661e+01
   endloop
 endfacet
 facet normal  1.000000e+00  0.000000e+00  0.000000e+00
   outer loop
     vertex -1.347500e+02  4.582467e+02 -9.705002e+01
     vertex -1.347500e+02  4.579489e+02 -9.709636e+01
     vertex -1.347500e+02  4.576709e+02 -9.721261e+01
   endloop
 endfacet
 facet normal  1.000000e+00  0.000000e+00  0.000000e+00
   outer loop
     vertex -1.347500e+02  4.582467e+02 -9.705002e+01
     vertex -1.347500e+02  4.576709e+02 -9.721261e+01
     vertex -1.347500e+02  4.574288e+02 -9.739202e+01
   endloop
 endfacet
 facet normal  1.000000e+00  0.000000e+00  0.000000e+00
   outer loop
     vertex -1.347500e+02  4.582467e+02 -9.705002e+01
     vertex -1.347500e+02  4.574916e+02 -9.926224e+01
     vertex -1.347500e+02  4.577452e+02 -9.942501e+01
   endloop
 endfacet
 facet normal  1.000000e+00  0.000000e+00  0.000000e+00
   outer loop
     vertex -1.347500e+02  4.582467e+02 -9.705002e+01
     vertex -1.347500e+02  4.574288e+02 -9.739202e+01
     vertex -1.347500e+02  4.574916e+02 -9.926224e+01
   endloop
 endfacet
 facet normal  1.000000e+00  0.000000e+00  0.000000e+00
   outer loop
     vertex -1.347500e+02  4.585469e+02 -9.707628e+01
     vertex -1.347500e+02  4.577452e+02 -9.942501e+01
     vertex -1.347500e+02  4.580304e+02 -9.952235e+01
   endloop
 endfacet
 facet normal  1.000000e+00  0.000000e+00  0.000000e+00
   outer loop
     vertex -1.347500e+02  4.585469e+02 -9.707628e+01
     vertex -1.347500e+02  4.582467e+02 -9.705002e+01
     vertex -1.347500e+02  4.577452e+02 -9.942501e+01
   endloop
 endfacet
 facet normal  1.000000e+00  1.273093e-13  3.729836e-13
   outer loop
     vertex -1.347500e+02  4.590857e+02 -9.733639e+01
     vertex -1.347500e+02  4.588321e+02 -9.717362e+01
     vertex -1.347500e+02  4.585469e+02 -9.707628e+01
   endloop
 endfacet
 facet normal  1.000000e+00 -1.091425e-15 -1.247504e-14
   outer loop
     vertex -1.347500e+02  4.590857e+02 -9.733639e+01
     vertex -1.347500e+02  4.580304e+02 -9.952235e+01
     vertex -1.347500e+02  4.583306e+02 -9.954861e+01
   endloop
 endfacet
 facet normal  1.000000e+00  2.111685e-15 -1.356835e-14
   outer loop
     vertex -1.347500e+02  4.590857e+02 -9.733639e+01
     vertex -1.347500e+02  4.583306e+02 -9.954861e+01
     vertex -1.347500e+02  4.586284e+02 -9.950227e+01
   endloop
 endfacet
 facet normal  1.000000e+00 -4.787114e-14  1.010817e-14
   outer loop
     vertex -1.347500e+02  4.590857e+02 -9.733639e+01
     vertex -1.347500e+02  4.585469e+02 -9.707628e+01
     vertex -1.347500e+02  4.580304e+02 -9.952235e+01
   endloop
 endfacet
 facet normal  1.000000e+00  0.000000e+00  0.000000e+00
   outer loop
     vertex -1.347500e+02  4.592930e+02 -9.755511e+01
     vertex -1.347500e+02  4.595339e+02 -9.840826e+01
     vertex -1.347500e+02  4.595238e+02 -9.810709e+01
   endloop
 endfacet
 facet normal  1.000000e+00  0.000000e+00  0.000000e+00
   outer loop
     vertex -1.347500e+02  4.592930e+02 -9.755511e+01
     vertex -1.347500e+02  4.595238e+02 -9.810709e+01
     vertex -1.347500e+02  4.594419e+02 -9.781709e+01
   endloop
 endfacet
 facet normal  1.000000e+00 -1.121315e-13  2.367698e-14
   outer loop
     vertex -1.347500e+02  4.592930e+02 -9.755511e+01
     vertex -1.347500e+02  4.586284e+02 -9.950227e+01
     vertex -1.347500e+02  4.589064e+02 -9.938602e+01
   endloop
 endfacet
 facet normal  1.000000e+00  0.000000e+00  0.000000e+00
   outer loop
     vertex -1.347500e+02  4.592930e+02 -9.755511e+01
     vertex -1.347500e+02  4.593406e+02 -9.897447e+01
     vertex -1.347500e+02  4.594716e+02 -9.870310e+01
   endloop
 endfacet
 facet normal  1.000000e+00  0.000000e+00  0.000000e+00
   outer loop
     vertex -1.347500e+02  4.592930e+02 -9.755511e+01
     vertex -1.347500e+02  4.594716e+02 -9.870310e+01
     vertex -1.347500e+02  4.595339e+02 -9.840826e+01
   endloop
 endfacet
 facet normal  1.000000e+00 -1.132376e-14 -1.073141e-14
   outer loop
     vertex -1.347500e+02  4.592930e+02 -9.755511e+01
     vertex -1.347500e+02  4.590857e+02 -9.733639e+01
     vertex -1.347500e+02  4.586284e+02 -9.950227e+01
   endloop
 endfacet
 facet normal  1.000000e+00  0.000000e+00  0.000000e+00
   outer loop
     vertex -1.347500e+02  4.592930e+02 -9.755511e+01
     vertex -1.347500e+02  4.589064e+02 -9.938602e+01
     vertex -1.347500e+02  4.593406e+02 -9.897447e+01
   endloop
 endfacet
 facet normal -1.190910e-16 -9.994368e-01 -3.355772e-02
   outer loop
     vertex -1.307500e+02  4.815344e+02 -1.135191e+02
     vertex -1.347500e+02  4.815446e+02 -1.138203e+02
     vertex -1.307500e+02  4.815446e+02 -1.138203e+02
   endloop
 endfacet
 facet normal -0.000000e+00 -9.994368e-01 -3.355772e-02
   outer loop
     vertex -1.307500e+02  4.815344e+02 -1.135191e+02
     vertex -1.347500e+02  4.815344e+02 -1.135191e+02
     vertex -1.347500e+02  4.815446e+02 -1.138203e+02
   endloop
 endfacet
 facet normal -9.654978e-16 -9.623641e-01 -2.717635e-01
   outer loop
     vertex -1.307500e+02  4.814526e+02 -1.132291e+02
     vertex -1.347500e+02  4.814526e+02 -1.132291e+02
     vertex -1.347500e+02  4.815344e+02 -1.135191e+02
   endloop
 endfacet
 facet normal  0.000000e+00 -9.623641e-01 -2.717635e-01
   outer loop
     vertex -1.307500e+02  4.814526e+02 -1.132291e+02
     vertex -1.347500e+02  4.815344e+02 -1.135191e+02
     vertex -1.307500e+02  4.815344e+02 -1.135191e+02
   endloop
 endfacet
 facet normal -1.755663e-15 -8.693623e-01 -4.941753e-01
   outer loop
     vertex -1.307500e+02  4.813036e+02 -1.129671e+02
     vertex -1.347500e+02  4.813036e+02 -1.129671e+02
     vertex -1.347500e+02  4.814526e+02 -1.132291e+02
   endloop
 endfacet
 facet normal -1.755783e-15 -8.693623e-01 -4.941753e-01
   outer loop
     vertex -1.307500e+02  4.813036e+02 -1.129671e+02
     vertex -1.347500e+02  4.814526e+02 -1.132291e+02
     vertex -1.307500e+02  4.814526e+02 -1.132291e+02
   endloop
 endfacet
 facet normal -2.443796e-15 -7.258363e-01 -6.878675e-01
   outer loop
     vertex -1.307500e+02  4.810964e+02 -1.127484e+02
     vertex -1.347500e+02  4.810964e+02 -1.127484e+02
     vertex -1.347500e+02  4.813036e+02 -1.129671e+02
   endloop
 endfacet
 facet normal -2.446583e-15 -7.258363e-01 -6.878675e-01
   outer loop
     vertex -1.307500e+02  4.810964e+02 -1.127484e+02
     vertex -1.347500e+02  4.813036e+02 -1.129671e+02
     vertex -1.307500e+02  4.813036e+02 -1.129671e+02
   endloop
 endfacet
 facet normal  7.675671e-15 -5.401273e-01 -8.415833e-01
   outer loop
     vertex -1.307500e+02  4.808427e+02 -1.125857e+02
     vertex -1.347500e+02  4.808427e+02 -1.125857e+02
     vertex -1.347500e+02  4.810964e+02 -1.127484e+02
   endloop
 endfacet
 facet normal -2.987710e-15 -5.401273e-01 -8.415833e-01
   outer loop
     vertex -1.307500e+02  4.808427e+02 -1.125857e+02
     vertex -1.347500e+02  4.810964e+02 -1.127484e+02
     vertex -1.307500e+02  4.810964e+02 -1.127484e+02
   endloop
 endfacet
 facet normal -3.362250e-15 -3.230282e-01 -9.463894e-01
   outer loop
     vertex -1.307500e+02  4.805576e+02 -1.124883e+02
     vertex -1.347500e+02  4.805576e+02 -1.124883e+02
     vertex -1.347500e+02  4.808427e+02 -1.125857e+02
   endloop
 endfacet
 facet normal -3.539195e-15 -8.715574e-02 -9.961947e-01
   outer loop
     vertex -1.307500e+02  4.805576e+02 -1.124883e+02
     vertex -1.347500e+02  4.802574e+02 -1.124621e+02
     vertex -1.347500e+02  4.805576e+02 -1.124883e+02
   endloop
 endfacet
 facet normal  4.590941e-15 -3.230282e-01 -9.463894e-01
   outer loop
     vertex -1.307500e+02  4.805576e+02 -1.124883e+02
     vertex -1.347500e+02  4.808427e+02 -1.125857e+02
     vertex -1.307500e+02  4.808427e+02 -1.125857e+02
   endloop
 endfacet
 facet normal -0.000000e+00 -8.715574e-02 -9.961947e-01
   outer loop
     vertex -1.307500e+02  4.802574e+02 -1.124621e+02
     vertex -1.347500e+02  4.802574e+02 -1.124621e+02
     vertex -1.307500e+02  4.805576e+02 -1.124883e+02
   endloop
 endfacet
 facet normal -9.206278e-15  1.537818e-01 -9.881048e-01
   outer loop
     vertex -1.307500e+02  4.799596e+02 -1.125084e+02
     vertex -1.347500e+02  4.799596e+02 -1.125084e+02
     vertex -1.347500e+02  4.802574e+02 -1.124621e+02
   endloop
 endfacet
 facet normal  0.000000e+00  1.537818e-01 -9.881048e-01
   outer loop
     vertex -1.307500e+02  4.799596e+02 -1.125084e+02
     vertex -1.347500e+02  4.802574e+02 -1.124621e+02
     vertex -1.307500e+02  4.802574e+02 -1.124621e+02
   endloop
 endfacet
 facet normal  0.000000e+00  3.857822e-01 -9.225899e-01
   outer loop
     vertex -1.307500e+02  4.796816e+02 -1.126246e+02
     vertex -1.347500e+02  4.796816e+02 -1.126246e+02
     vertex -1.347500e+02  4.799596e+02 -1.125084e+02
   endloop
 endfacet
 facet normal -1.203719e-14  3.857822e-01 -9.225899e-01
   outer loop
     vertex -1.307500e+02  4.796816e+02 -1.126246e+02
     vertex -1.347500e+02  4.799596e+02 -1.125084e+02
     vertex -1.307500e+02  4.799596e+02 -1.125084e+02
   endloop
 endfacet
 facet normal  0.000000e+00  5.953623e-01 -8.034574e-01
   outer loop
     vertex -1.307500e+02  4.794395e+02 -1.128041e+02
     vertex -1.347500e+02  4.794395e+02 -1.128041e+02
     vertex -1.347500e+02  4.796816e+02 -1.126246e+02
   endloop
 endfacet
 facet normal  0.000000e+00  5.953623e-01 -8.034574e-01
   outer loop
     vertex -1.307500e+02  4.794395e+02 -1.128041e+02
     vertex -1.347500e+02  4.796816e+02 -1.126246e+02
     vertex -1.307500e+02  4.796816e+02 -1.126246e+02
   endloop
 endfacet
 facet normal -2.265320e-15  7.703421e-01 -6.376309e-01
   outer loop
     vertex -1.307500e+02  4.792473e+02 -1.130362e+02
     vertex -1.347500e+02  4.792473e+02 -1.130362e+02
     vertex -1.347500e+02  4.794395e+02 -1.128041e+02
   endloop
 endfacet
 facet normal  0.000000e+00  7.703421e-01 -6.376309e-01
   outer loop
     vertex -1.307500e+02  4.792473e+02 -1.130362e+02
     vertex -1.347500e+02  4.794395e+02 -1.128041e+02
     vertex -1.307500e+02  4.794395e+02 -1.128041e+02
   endloop
 endfacet
 facet normal -1.434215e-14  9.005524e-01 -4.347475e-01
   outer loop
     vertex -1.307500e+02  4.791163e+02 -1.133076e+02
     vertex -1.347500e+02  4.791163e+02 -1.133076e+02
     vertex -1.347500e+02  4.792473e+02 -1.130362e+02
   endloop
 endfacet
 facet normal -1.542786e-15  9.005524e-01 -4.347475e-01
   outer loop
     vertex -1.307500e+02  4.791163e+02 -1.133076e+02
     vertex -1.347500e+02  4.792473e+02 -1.130362e+02
     vertex -1.307500e+02  4.792473e+02 -1.130362e+02
   endloop
 endfacet
 facet normal -1.390427e-14  9.784259e-01 -2.065983e-01
   outer loop
     vertex -1.307500e+02  4.790541e+02 -1.136024e+02
     vertex -1.347500e+02  4.790541e+02 -1.136024e+02
     vertex -1.347500e+02  4.791163e+02 -1.133076e+02
   endloop
 endfacet
 facet normal -1.463632e-14  9.784259e-01 -2.065983e-01
   outer loop
     vertex -1.307500e+02  4.790541e+02 -1.136024e+02
     vertex -1.347500e+02  4.791163e+02 -1.133076e+02
     vertex -1.307500e+02  4.791163e+02 -1.133076e+02
   endloop
 endfacet
 facet normal  1.000000e+00  0.000000e+00  0.000000e+00
   outer loop
     vertex -1.347500e+02  4.790541e+02 -1.136024e+02
     vertex -1.347500e+02  4.790642e+02 -1.139036e+02
     vertex -1.347500e+02  4.791461e+02 -1.141936e+02
   endloop
 endfacet
 facet normal  1.000000e+00  0.000000e+00  0.000000e+00
   outer loop
     vertex -1.347500e+02  4.794395e+02 -1.128041e+02
     vertex -1.347500e+02  4.792473e+02 -1.130362e+02
     vertex -1.347500e+02  4.791163e+02 -1.133076e+02
   endloop
 endfacet
 facet normal  1.000000e+00  0.000000e+00  0.000000e+00
   outer loop
     vertex -1.347500e+02  4.794395e+02 -1.128041e+02
     vertex -1.347500e+02  4.791163e+02 -1.133076e+02
     vertex -1.347500e+02  4.790541e+02 -1.136024e+02
   endloop
 endfacet
 facet normal  1.000000e+00  0.000000e+00  0.000000e+00
   outer loop
     vertex -1.347500e+02  4.794395e+02 -1.128041e+02
     vertex -1.347500e+02  4.790541e+02 -1.136024e+02
     vertex -1.347500e+02  4.791461e+02 -1.141936e+02
   endloop
 endfacet
 facet normal  1.000000e+00  0.000000e+00  0.000000e+00
   outer loop
     vertex -1.347500e+02  4.796816e+02 -1.126246e+02
     vertex -1.347500e+02  4.791461e+02 -1.141936e+02
     vertex -1.347500e+02  4.792950e+02 -1.144556e+02
   endloop
 endfacet
 facet normal  1.000000e+00  0.000000e+00  0.000000e+00
   outer loop
     vertex -1.347500e+02  4.796816e+02 -1.126246e+02
     vertex -1.347500e+02  4.792950e+02 -1.144556e+02
     vertex -1.347500e+02  4.795023e+02 -1.146743e+02
   endloop
 endfacet
 facet normal  1.000000e+00  0.000000e+00  0.000000e+00
   outer loop
     vertex -1.347500e+02  4.796816e+02 -1.126246e+02
     vertex -1.347500e+02  4.794395e+02 -1.128041e+02
     vertex -1.347500e+02  4.791461e+02 -1.141936e+02
   endloop
 endfacet
 facet normal  1.000000e+00  0.000000e+00  0.000000e+00
   outer loop
     vertex -1.347500e+02  4.799596e+02 -1.125084e+02
     vertex -1.347500e+02  4.795023e+02 -1.146743e+02
     vertex -1.347500e+02  4.797559e+02 -1.148370e+02
   endloop
 endfacet
 facet normal  1.000000e+00  0.000000e+00  0.000000e+00
   outer loop
     vertex -1.347500e+02  4.799596e+02 -1.125084e+02
     vertex -1.347500e+02  4.796816e+02 -1.126246e+02
     vertex -1.347500e+02  4.795023e+02 -1.146743e+02
   endloop
 endfacet
 facet normal  1.000000e+00  0.000000e+00  0.000000e+00
   outer loop
     vertex -1.347500e+02  4.802574e+02 -1.124621e+02
     vertex -1.347500e+02  4.797559e+02 -1.148370e+02
     vertex -1.347500e+02  4.800411e+02 -1.149344e+02
   endloop
 endfacet
 facet normal  1.000000e+00  0.000000e+00  0.000000e+00
   outer loop
     vertex -1.347500e+02  4.802574e+02 -1.124621e+02
     vertex -1.347500e+02  4.799596e+02 -1.125084e+02
     vertex -1.347500e+02  4.797559e+02 -1.148370e+02
   endloop
 endfacet
 facet normal  1.000000e+00  0.000000e+00  0.000000e+00
   outer loop
     vertex -1.347500e+02  4.805576e+02 -1.124883e+02
     vertex -1.347500e+02  4.800411e+02 -1.149344e+02
     vertex -1.347500e+02  4.803413e+02 -1.149606e+02
   endloop
 endfacet
 facet normal  1.000000e+00  0.000000e+00  0.000000e+00
   outer loop
     vertex -1.347500e+02  4.805576e+02 -1.124883e+02
     vertex -1.347500e+02  4.802574e+02 -1.124621e+02
     vertex -1.347500e+02  4.800411e+02 -1.149344e+02
   endloop
 endfacet
 facet normal  1.000000e+00  0.000000e+00  0.000000e+00
   outer loop
     vertex -1.347500e+02  4.815344e+02 -1.135191e+02
     vertex -1.347500e+02  4.813513e+02 -1.143865e+02
     vertex -1.347500e+02  4.814823e+02 -1.141151e+02
   endloop
 endfacet
 facet normal  1.000000e+00  0.000000e+00  0.000000e+00
   outer loop
     vertex -1.347500e+02  4.815344e+02 -1.135191e+02
     vertex -1.347500e+02  4.814823e+02 -1.141151e+02
     vertex -1.347500e+02  4.815446e+02 -1.138203e+02
   endloop
 endfacet
 facet normal  1.000000e+00  0.000000e+00  0.000000e+00
   outer loop
     vertex -1.347500e+02  4.808427e+02 -1.125857e+02
     vertex -1.347500e+02  4.805576e+02 -1.124883e+02
     vertex -1.347500e+02  4.803413e+02 -1.149606e+02
   endloop
 endfacet
 facet normal  1.000000e+00  0.000000e+00  0.000000e+00
   outer loop
     vertex -1.347500e+02  4.814526e+02 -1.132291e+02
     vertex -1.347500e+02  4.813513e+02 -1.143865e+02
     vertex -1.347500e+02  4.815344e+02 -1.135191e+02
   endloop
 endfacet
 facet normal  1.000000e+00  0.000000e+00  0.000000e+00
   outer loop
     vertex -1.347500e+02  4.810964e+02 -1.127484e+02
     vertex -1.347500e+02  4.803413e+02 -1.149606e+02
     vertex -1.347500e+02  4.806390e+02 -1.149143e+02
   endloop
 endfacet
 facet normal  1.000000e+00  0.000000e+00  0.000000e+00
   outer loop
     vertex -1.347500e+02  4.810964e+02 -1.127484e+02
     vertex -1.347500e+02  4.806390e+02 -1.149143e+02
     vertex -1.347500e+02  4.809170e+02 -1.147981e+02
   endloop
 endfacet
 facet normal  1.000000e+00  0.000000e+00  0.000000e+00
   outer loop
     vertex -1.347500e+02  4.810964e+02 -1.127484e+02
     vertex -1.347500e+02  4.808427e+02 -1.125857e+02
     vertex -1.347500e+02  4.803413e+02 -1.149606e+02
   endloop
 endfacet
 facet normal  1.000000e+00  0.000000e+00  0.000000e+00
   outer loop
     vertex -1.347500e+02  4.813036e+02 -1.129671e+02
     vertex -1.347500e+02  4.809170e+02 -1.147981e+02
     vertex -1.347500e+02  4.811591e+02 -1.146186e+02
   endloop
 endfacet
 facet normal  1.000000e+00  0.000000e+00  0.000000e+00
   outer loop
     vertex -1.347500e+02  4.813036e+02 -1.129671e+02
     vertex -1.347500e+02  4.811591e+02 -1.146186e+02
     vertex -1.347500e+02  4.813513e+02 -1.143865e+02
   endloop
 endfacet
 facet normal  1.000000e+00  0.000000e+00  0.000000e+00
   outer loop
     vertex -1.347500e+02  4.813036e+02 -1.129671e+02
     vertex -1.347500e+02  4.810964e+02 -1.127484e+02
     vertex -1.347500e+02  4.809170e+02 -1.147981e+02
   endloop
 endfacet
 facet normal  1.000000e+00  0.000000e+00  0.000000e+00
   outer loop
     vertex -1.347500e+02  4.813036e+02 -1.129671e+02
     vertex -1.347500e+02  4.813513e+02 -1.143865e+02
     vertex -1.347500e+02  4.814526e+02 -1.132291e+02
   endloop
 endfacet
 facet normal -1.194508e-16 -9.994368e-01 -3.355772e-02
   outer loop
     vertex -1.307500e+02  4.969465e+02 -9.150846e+01
     vertex -1.347500e+02  4.969566e+02 -9.180963e+01
     vertex -1.307500e+02  4.969566e+02 -9.180963e+01
   endloop
 endfacet
 facet normal -0.000000e+00 -9.994368e-01 -3.355772e-02
   outer loop
     vertex -1.307500e+02  4.969465e+02 -9.150846e+01
     vertex -1.347500e+02  4.969465e+02 -9.150846e+01
     vertex -1.347500e+02  4.969566e+02 -9.180963e+01
   endloop
 endfacet
 facet normal -0.000000e+00 -9.623641e-01 -2.717635e-01
   outer loop
     vertex -1.307500e+02  4.968646e+02 -9.121846e+01
     vertex -1.347500e+02  4.968646e+02 -9.121846e+01
     vertex -1.347500e+02  4.969465e+02 -9.150846e+01
   endloop
 endfacet
 facet normal  0.000000e+00 -9.623641e-01 -2.717635e-01
   outer loop
     vertex -1.307500e+02  4.968646e+02 -9.121846e+01
     vertex -1.347500e+02  4.969465e+02 -9.150846e+01
     vertex -1.307500e+02  4.969465e+02 -9.150846e+01
   endloop
 endfacet
 facet normal  1.059872e-14 -8.693623e-01 -4.941753e-01
   outer loop
     vertex -1.307500e+02  4.967157e+02 -9.095648e+01
     vertex -1.347500e+02  4.967157e+02 -9.095648e+01
     vertex -1.347500e+02  4.968646e+02 -9.121846e+01
   endloop
 endfacet
 facet normal  0.000000e+00 -8.693623e-01 -4.941753e-01
   outer loop
     vertex -1.307500e+02  4.967157e+02 -9.095648e+01
     vertex -1.347500e+02  4.968646e+02 -9.121846e+01
     vertex -1.307500e+02  4.968646e+02 -9.121846e+01
   endloop
 endfacet
 facet normal -0.000000e+00 -7.258363e-01 -6.878675e-01
   outer loop
     vertex -1.307500e+02  4.965084e+02 -9.073776e+01
     vertex -1.347500e+02  4.965084e+02 -9.073776e+01
     vertex -1.347500e+02  4.967157e+02 -9.095648e+01
   endloop
 endfacet
 facet normal  7.875119e-15 -7.258363e-01 -6.878675e-01
   outer loop
     vertex -1.307500e+02  4.965084e+02 -9.073776e+01
     vertex -1.347500e+02  4.967157e+02 -9.095648e+01
     vertex -1.307500e+02  4.967157e+02 -9.095648e+01
   endloop
 endfacet
 facet normal -0.000000e+00 -5.401273e-01 -8.415833e-01
   outer loop
     vertex -1.307500e+02  4.962548e+02 -9.057499e+01
     vertex -1.347500e+02  4.962548e+02 -9.057499e+01
     vertex -1.347500e+02  4.965084e+02 -9.073776e+01
   endloop
 endfacet
 facet normal  0.000000e+00 -5.401273e-01 -8.415833e-01
   outer loop
     vertex -1.307500e+02  4.962548e+02 -9.057499e+01
     vertex -1.347500e+02  4.965084e+02 -9.073776e+01
     vertex -1.307500e+02  4.965084e+02 -9.073776e+01
   endloop
 endfacet
 facet normal  4.590506e-15 -3.230282e-01 -9.463894e-01
   outer loop
     vertex -1.307500e+02  4.959696e+02 -9.047765e+01
     vertex -1.347500e+02  4.959696e+02 -9.047765e+01
     vertex -1.347500e+02  4.962548e+02 -9.057499e+01
   endloop
 endfacet
 facet normal  1.238558e-15 -8.715574e-02 -9.961947e-01
   outer loop
     vertex -1.307500e+02  4.959696e+02 -9.047765e+01
     vertex -1.347500e+02  4.956694e+02 -9.045139e+01
     vertex -1.347500e+02  4.959696e+02 -9.047765e+01
   endloop
 endfacet
 facet normal  0.000000e+00 -3.230282e-01 -9.463894e-01
   outer loop
     vertex -1.307500e+02  4.959696e+02 -9.047765e+01
     vertex -1.347500e+02  4.962548e+02 -9.057499e+01
     vertex -1.307500e+02  4.962548e+02 -9.057499e+01
   endloop
 endfacet
 facet normal  1.238558e-15 -8.715574e-02 -9.961947e-01
   outer loop
     vertex -1.307500e+02  4.956694e+02 -9.045139e+01
     vertex -1.347500e+02  4.956694e+02 -9.045139e+01
     vertex -1.307500e+02  4.959696e+02 -9.047765e+01
   endloop
 endfacet
 facet normal  0.000000e+00  1.537818e-01 -9.881048e-01
   outer loop
     vertex -1.307500e+02  4.953716e+02 -9.049773e+01
     vertex -1.347500e+02  4.953716e+02 -9.049773e+01
     vertex -1.347500e+02  4.956694e+02 -9.045139e+01
   endloop
 endfacet
 facet normal -2.186094e-15  1.537818e-01 -9.881048e-01
   outer loop
     vertex -1.307500e+02  4.953716e+02 -9.049773e+01
     vertex -1.347500e+02  4.956694e+02 -9.045139e+01
     vertex -1.307500e+02  4.956694e+02 -9.045139e+01
   endloop
 endfacet
 facet normal -5.482295e-15  3.857822e-01 -9.225899e-01
   outer loop
     vertex -1.307500e+02  4.950936e+02 -9.061398e+01
     vertex -1.347500e+02  4.950936e+02 -9.061398e+01
     vertex -1.347500e+02  4.953716e+02 -9.049773e+01
   endloop
 endfacet
 facet normal  0.000000e+00  3.857822e-01 -9.225899e-01
   outer loop
     vertex -1.307500e+02  4.950936e+02 -9.061398e+01
     vertex -1.347500e+02  4.953716e+02 -9.049773e+01
     vertex -1.307500e+02  4.953716e+02 -9.049773e+01
   endloop
 endfacet
 facet normal  0.000000e+00  5.953623e-01 -8.034574e-01
   outer loop
     vertex -1.307500e+02  4.948515e+02 -9.079339e+01
     vertex -1.347500e+02  4.948515e+02 -9.079339e+01
     vertex -1.347500e+02  4.950936e+02 -9.061398e+01
   endloop
 endfacet
 facet normal -8.462299e-15  5.953623e-01 -8.034574e-01
   outer loop
     vertex -1.307500e+02  4.948515e+02 -9.079339e+01
     vertex -1.347500e+02  4.950936e+02 -9.061398e+01
     vertex -1.307500e+02  4.950936e+02 -9.061398e+01
   endloop
 endfacet
 facet normal -2.265320e-15  7.703421e-01 -6.376309e-01
   outer loop
     vertex -1.307500e+02  4.946594e+02 -9.102553e+01
     vertex -1.347500e+02  4.946594e+02 -9.102553e+01
     vertex -1.347500e+02  4.948515e+02 -9.079339e+01
   endloop
 endfacet
 facet normal  0.000000e+00  7.703421e-01 -6.376309e-01
   outer loop
     vertex -1.307500e+02  4.946594e+02 -9.102553e+01
     vertex -1.347500e+02  4.948515e+02 -9.079339e+01
     vertex -1.307500e+02  4.948515e+02 -9.079339e+01
   endloop
 endfacet
 facet normal -1.279762e-14  9.005524e-01 -4.347475e-01
   outer loop
     vertex -1.307500e+02  4.945284e+02 -9.129690e+01
     vertex -1.347500e+02  4.945284e+02 -9.129690e+01
     vertex -1.347500e+02  4.946594e+02 -9.102553e+01
   endloop
 endfacet
 facet normal -1.542786e-15  9.005524e-01 -4.347475e-01
   outer loop
     vertex -1.307500e+02  4.945284e+02 -9.129690e+01
     vertex -1.347500e+02  4.946594e+02 -9.102553e+01
     vertex -1.307500e+02  4.946594e+02 -9.102553e+01
   endloop
 endfacet
 facet normal -1.390427e-14  9.784259e-01 -2.065983e-01
   outer loop
     vertex -1.307500e+02  4.944661e+02 -9.159174e+01
     vertex -1.347500e+02  4.944661e+02 -9.159174e+01
     vertex -1.347500e+02  4.945284e+02 -9.129690e+01
   endloop
 endfacet
 facet normal -1.390235e-14  9.784259e-01 -2.065983e-01
   outer loop
     vertex -1.307500e+02  4.944661e+02 -9.159174e+01
     vertex -1.347500e+02  4.945284e+02 -9.129690e+01
     vertex -1.307500e+02  4.945284e+02 -9.129690e+01
   endloop
 endfacet
 facet normal  1.000000e+00  0.000000e+00  0.000000e+00
   outer loop
     vertex -1.347500e+02  4.950936e+02 -9.061398e+01
     vertex -1.347500e+02  4.948515e+02 -9.079339e+01
     vertex -1.347500e+02  4.946594e+02 -9.102553e+01
   endloop
 endfacet
 facet normal  1.000000e+00  0.000000e+00  0.000000e+00
   outer loop
     vertex -1.347500e+02  4.950936e+02 -9.061398e+01
     vertex -1.347500e+02  4.946594e+02 -9.102553e+01
     vertex -1.347500e+02  4.945284e+02 -9.129690e+01
   endloop
 endfacet
 facet normal  1.000000e+00  0.000000e+00  0.000000e+00
   outer loop
     vertex -1.347500e+02  4.968943e+02 -9.210447e+01
     vertex -1.347500e+02  4.965712e+02 -9.260798e+01
     vertex -1.347500e+02  4.967633e+02 -9.237584e+01
   endloop
 endfacet
 facet normal  1.000000e+00  0.000000e+00  0.000000e+00
   outer loop
     vertex -1.347500e+02  4.956694e+02 -9.045139e+01
     vertex -1.347500e+02  4.953716e+02 -9.049773e+01
     vertex -1.347500e+02  4.950936e+02 -9.061398e+01
   endloop
 endfacet
 facet normal  1.000000e+00  0.000000e+00  0.000000e+00
   outer loop
     vertex -1.347500e+02  4.969465e+02 -9.150846e+01
     vertex -1.347500e+02  4.968943e+02 -9.210447e+01
     vertex -1.347500e+02  4.969566e+02 -9.180963e+01
   endloop
 endfacet
 facet normal  1.000000e+00  0.000000e+00  0.000000e+00
   outer loop
     vertex -1.347500e+02  4.969465e+02 -9.150846e+01
     vertex -1.347500e+02  4.965712e+02 -9.260798e+01
     vertex -1.347500e+02  4.968943e+02 -9.210447e+01
   endloop
 endfacet
 facet normal  1.000000e+00  0.000000e+00  0.000000e+00
   outer loop
     vertex -1.347500e+02  4.967157e+02 -9.095648e+01
     vertex -1.347500e+02  4.969465e+02 -9.150846e+01
     vertex -1.347500e+02  4.968646e+02 -9.121846e+01
   endloop
 endfacet
 facet normal  1.000000e+00  0.000000e+00  0.000000e+00
   outer loop
     vertex -1.347500e+02  4.967157e+02 -9.095648e+01
     vertex -1.347500e+02  4.965084e+02 -9.073776e+01
     vertex -1.347500e+02  4.962548e+02 -9.057499e+01
   endloop
 endfacet
 facet normal  1.000000e+00  0.000000e+00  0.000000e+00
   outer loop
     vertex -1.347500e+02  4.967157e+02 -9.095648e+01
     vertex -1.347500e+02  4.962548e+02 -9.057499e+01
     vertex -1.347500e+02  4.959696e+02 -9.047765e+01
   endloop
 endfacet
 facet normal  1.000000e+00  0.000000e+00  0.000000e+00
   outer loop
     vertex -1.347500e+02  4.967157e+02 -9.095648e+01
     vertex -1.347500e+02  4.959696e+02 -9.047765e+01
     vertex -1.347500e+02  4.956694e+02 -9.045139e+01
   endloop
 endfacet
 facet normal  1.000000e+00  0.000000e+00  0.000000e+00
   outer loop
     vertex -1.347500e+02  4.967157e+02 -9.095648e+01
     vertex -1.347500e+02  4.945284e+02 -9.129690e+01
     vertex -1.347500e+02  4.944661e+02 -9.159174e+01
   endloop
 endfacet
 facet normal  1.000000e+00  0.000000e+00  0.000000e+00
   outer loop
     vertex -1.347500e+02  4.967157e+02 -9.095648e+01
     vertex -1.347500e+02  4.944661e+02 -9.159174e+01
     vertex -1.347500e+02  4.944762e+02 -9.189291e+01
   endloop
 endfacet
 facet normal  1.000000e+00  0.000000e+00  0.000000e+00
   outer loop
     vertex -1.347500e+02  4.967157e+02 -9.095648e+01
     vertex -1.347500e+02  4.944762e+02 -9.189291e+01
     vertex -1.347500e+02  4.945581e+02 -9.218291e+01
   endloop
 endfacet
 facet normal  1.000000e+00  0.000000e+00  0.000000e+00
   outer loop
     vertex -1.347500e+02  4.967157e+02 -9.095648e+01
     vertex -1.347500e+02  4.945581e+02 -9.218291e+01
     vertex -1.347500e+02  4.947070e+02 -9.244489e+01
   endloop
 endfacet
 facet normal  1.000000e+00  0.000000e+00  0.000000e+00
   outer loop
     vertex -1.347500e+02  4.967157e+02 -9.095648e+01
     vertex -1.347500e+02  4.947070e+02 -9.244489e+01
     vertex -1.347500e+02  4.949143e+02 -9.266361e+01
   endloop
 endfacet
 facet normal  1.000000e+00  0.000000e+00  0.000000e+00
   outer loop
     vertex -1.347500e+02  4.967157e+02 -9.095648e+01
     vertex -1.347500e+02  4.949143e+02 -9.266361e+01
     vertex -1.347500e+02  4.951679e+02 -9.282638e+01
   endloop
 endfacet
 facet normal  1.000000e+00  0.000000e+00  0.000000e+00
   outer loop
     vertex -1.347500e+02  4.967157e+02 -9.095648e+01
     vertex -1.347500e+02  4.951679e+02 -9.282638e+01
     vertex -1.347500e+02  4.954531e+02 -9.292372e+01
   endloop
 endfacet
 facet normal  1.000000e+00  0.000000e+00  0.000000e+00
   outer loop
     vertex -1.347500e+02  4.967157e+02 -9.095648e+01
     vertex -1.347500e+02  4.954531e+02 -9.292372e+01
     vertex -1.347500e+02  4.957533e+02 -9.294998e+01
   endloop
 endfacet
 facet normal  1.000000e+00  0.000000e+00  0.000000e+00
   outer loop
     vertex -1.347500e+02  4.967157e+02 -9.095648e+01
     vertex -1.347500e+02  4.957533e+02 -9.294998e+01
     vertex -1.347500e+02  4.960511e+02 -9.290364e+01
   endloop
 endfacet
 facet normal  1.000000e+00  0.000000e+00  0.000000e+00
   outer loop
     vertex -1.347500e+02  4.967157e+02 -9.095648e+01
     vertex -1.347500e+02  4.960511e+02 -9.290364e+01
     vertex -1.347500e+02  4.963291e+02 -9.278739e+01
   endloop
 endfacet
 facet normal  1.000000e+00  0.000000e+00  0.000000e+00
   outer loop
     vertex -1.347500e+02  4.967157e+02 -9.095648e+01
     vertex -1.347500e+02  4.963291e+02 -9.278739e+01
     vertex -1.347500e+02  4.965712e+02 -9.260798e+01
   endloop
 endfacet
 facet normal  1.000000e+00  0.000000e+00  0.000000e+00
   outer loop
     vertex -1.347500e+02  4.967157e+02 -9.095648e+01
     vertex -1.347500e+02  4.965712e+02 -9.260798e+01
     vertex -1.347500e+02  4.969465e+02 -9.150846e+01
   endloop
 endfacet
 facet normal  1.000000e+00  0.000000e+00  0.000000e+00
   outer loop
     vertex -1.347500e+02  4.967157e+02 -9.095648e+01
     vertex -1.347500e+02  4.950936e+02 -9.061398e+01
     vertex -1.347500e+02  4.945284e+02 -9.129690e+01
   endloop
 endfacet
 facet normal  1.000000e+00  0.000000e+00  0.000000e+00
   outer loop
     vertex -1.347500e+02  4.967157e+02 -9.095648e+01
     vertex -1.347500e+02  4.956694e+02 -9.045139e+01
     vertex -1.347500e+02  4.950936e+02 -9.061398e+01
   endloop
 endfacet
 facet normal  0.000000e+00  5.735764e-01  8.191520e-01
   outer loop
     vertex -1.317500e+02  4.954588e+02 -1.167146e+02
     vertex -1.372500e+02  4.913630e+02 -1.138467e+02
     vertex -1.317500e+02  4.913630e+02 -1.138467e+02
   endloop
 endfacet
 facet normal  2.116518e-15  5.735764e-01  8.191520e-01
   outer loop
     vertex -1.317500e+02  4.954588e+02 -1.167146e+02
     vertex -1.372500e+02  4.954588e+02 -1.167146e+02
     vertex -1.372500e+02  4.913630e+02 -1.138467e+02
   endloop
 endfacet
 facet normal -1.686642e-14  8.191520e-01 -5.735764e-01
   outer loop
     vertex -1.317500e+02  4.913630e+02 -1.138467e+02
     vertex -1.372500e+02  4.996225e+02 -1.020509e+02
     vertex -1.317500e+02  4.996225e+02 -1.020509e+02
   endloop
 endfacet
 facet normal  0.000000e+00  8.191520e-01 -5.735764e-01
   outer loop
     vertex -1.317500e+02  4.913630e+02 -1.138467e+02
     vertex -1.372500e+02  4.913630e+02 -1.138467e+02
     vertex -1.372500e+02  4.996225e+02 -1.020509e+02
   endloop
 endfacet
 facet normal -0.000000e+00 -5.735764e-01 -8.191520e-01
   outer loop
     vertex -1.317500e+02  5.037183e+02 -1.049188e+02
     vertex -1.372500e+02  4.996225e+02 -1.020509e+02
     vertex -1.372500e+02  5.037183e+02 -1.049188e+02
   endloop
 endfacet
 facet normal  1.185602e-14 -5.735764e-01 -8.191520e-01
   outer loop
     vertex -1.317500e+02  4.996225e+02 -1.020509e+02
     vertex -1.372500e+02  4.996225e+02 -1.020509e+02
     vertex -1.317500e+02  5.037183e+02 -1.049188e+02
   endloop
 endfacet
 facet normal  1.000000e+00  8.048120e-15 -8.326789e-15
   outer loop
     vertex -1.372500e+02  4.980739e+02 -1.141870e+02
     vertex -1.372500e+02  4.913630e+02 -1.138467e+02
     vertex -1.372500e+02  4.954588e+02 -1.167146e+02
   endloop
 endfacet
 facet normal  1.000000e+00  8.140155e-15 -6.511778e-15
   outer loop
     vertex -1.372500e+02  5.003458e+02 -1.113469e+02
     vertex -1.372500e+02  4.913630e+02 -1.138467e+02
     vertex -1.372500e+02  4.980739e+02 -1.141870e+02
   endloop
 endfacet
 facet normal  1.000000e+00  1.777372e-14 -1.674496e-15
   outer loop
     vertex -1.372500e+02  4.996225e+02 -1.020509e+02
     vertex -1.372500e+02  5.003458e+02 -1.113469e+02
     vertex -1.372500e+02  5.022376e+02 -1.082407e+02
   endloop
 endfacet
 facet normal  1.000000e+00  7.026716e-15 -2.510681e-15
   outer loop
     vertex -1.372500e+02  4.996225e+02 -1.020509e+02
     vertex -1.372500e+02  4.913630e+02 -1.138467e+02
     vertex -1.372500e+02  5.003458e+02 -1.113469e+02
   endloop
 endfacet
 facet normal  1.000000e+00  1.057724e-14 -4.714829e-15
   outer loop
     vertex -1.372500e+02  5.037183e+02 -1.049188e+02
     vertex -1.372500e+02  4.996225e+02 -1.020509e+02
     vertex -1.372500e+02  5.022376e+02 -1.082407e+02
   endloop
 endfacet
 facet normal -1.000000e+00 -8.048120e-15  8.326789e-15
   outer loop
     vertex -1.317500e+02  4.980739e+02 -1.141870e+02
     vertex -1.317500e+02  4.954588e+02 -1.167146e+02
     vertex -1.317500e+02  4.913630e+02 -1.138467e+02
   endloop
 endfacet
 facet normal -1.000000e+00 -8.140155e-15  6.511778e-15
   outer loop
     vertex -1.317500e+02  5.003458e+02 -1.113469e+02
     vertex -1.317500e+02  4.980739e+02 -1.141870e+02
     vertex -1.317500e+02  4.913630e+02 -1.138467e+02
   endloop
 endfacet
 facet normal -1.000000e+00 -1.777372e-14  1.674496e-15
   outer loop
     vertex -1.317500e+02  4.996225e+02 -1.020509e+02
     vertex -1.317500e+02  5.022376e+02 -1.082407e+02
     vertex -1.317500e+02  5.003458e+02 -1.113469e+02
   endloop
 endfacet
 facet normal -1.000000e+00 -7.026716e-15  2.510681e-15
   outer loop
     vertex -1.317500e+02  4.996225e+02 -1.020509e+02
     vertex -1.317500e+02  5.003458e+02 -1.113469e+02
     vertex -1.317500e+02  4.913630e+02 -1.138467e+02
   endloop
 endfacet
 facet normal -1.000000e+00 -1.057724e-14  4.714829e-15
   outer loop
     vertex -1.317500e+02  5.037183e+02 -1.049188e+02
     vertex -1.317500e+02  5.022376e+02 -1.082407e+02
     vertex -1.317500e+02  4.996225e+02 -1.020509e+02
   endloop
 endfacet
 facet normal -2.067033e-15 -5.735764e-01 -8.191520e-01
   outer loop
     vertex -1.317500e+02  4.585412e+02 -7.328543e+01
     vertex -1.372500e+02  4.626370e+02 -7.615331e+01
     vertex -1.317500e+02  4.626370e+02 -7.615331e+01
   endloop
 endfacet
 facet normal -2.116518e-15 -5.735764e-01 -8.191520e-01
   outer loop
     vertex -1.317500e+02  4.585412e+02 -7.328543e+01
     vertex -1.372500e+02  4.585412e+02 -7.328543e+01
     vertex -1.372500e+02  4.626370e+02 -7.615331e+01
   endloop
 endfacet
 facet normal  1.686642e-14 -8.191520e-01  5.735764e-01
   outer loop
     vertex -1.317500e+02  4.626370e+02 -7.615331e+01
     vertex -1.372500e+02  4.543775e+02 -8.794910e+01
     vertex -1.317500e+02  4.543775e+02 -8.794910e+01
   endloop
 endfacet
 facet normal  1.482002e-15 -8.191520e-01  5.735764e-01
   outer loop
     vertex -1.317500e+02  4.626370e+02 -7.615331e+01
     vertex -1.372500e+02  4.626370e+02 -7.615331e+01
     vertex -1.372500e+02  4.543775e+02 -8.794910e+01
   endloop
 endfacet
 facet normal  2.116518e-15  5.735764e-01  8.191520e-01
   outer loop
     vertex -1.317500e+02  4.502817e+02 -8.508122e+01
     vertex -1.372500e+02  4.543775e+02 -8.794910e+01
     vertex -1.372500e+02  4.502817e+02 -8.508122e+01
   endloop
 endfacet
 facet normal -1.185602e-14  5.735764e-01  8.191520e-01
   outer loop
     vertex -1.317500e+02  4.543775e+02 -8.794910e+01
     vertex -1.372500e+02  4.543775e+02 -8.794910e+01
     vertex -1.317500e+02  4.502817e+02 -8.508122e+01
   endloop
 endfacet
 facet normal  1.000000e+00  1.057724e-14 -4.714829e-15
   outer loop
     vertex -1.372500e+02  4.517624e+02 -8.175933e+01
     vertex -1.372500e+02  4.502817e+02 -8.508122e+01
     vertex -1.372500e+02  4.543775e+02 -8.794910e+01
   endloop
 endfacet
 facet normal  1.000000e+00  2.664428e-14  2.073091e-15
   outer loop
     vertex -1.372500e+02  4.536542e+02 -7.865307e+01
     vertex -1.372500e+02  4.517624e+02 -8.175933e+01
     vertex -1.372500e+02  4.543775e+02 -8.794910e+01
   endloop
 endfacet
 facet normal  1.000000e+00  4.024060e-15 -4.163394e-15
   outer loop
     vertex -1.372500e+02  4.626370e+02 -7.615331e+01
     vertex -1.372500e+02  4.585412e+02 -7.328543e+01
     vertex -1.372500e+02  4.559261e+02 -7.581302e+01
   endloop
 endfacet
 facet normal  1.000000e+00  4.070077e-15 -3.255889e-15
   outer loop
     vertex -1.372500e+02  4.626370e+02 -7.615331e+01
     vertex -1.372500e+02  4.559261e+02 -7.581302e+01
     vertex -1.372500e+02  4.536542e+02 -7.865307e+01
   endloop
 endfacet
 facet normal  1.000000e+00  3.096962e-15  2.409630e-16
   outer loop
     vertex -1.372500e+02  4.626370e+02 -7.615331e+01
     vertex -1.372500e+02  4.536542e+02 -7.865307e+01
     vertex -1.372500e+02  4.543775e+02 -8.794910e+01
   endloop
 endfacet
 facet normal -1.000000e+00 -7.227984e-16  8.878085e-15
   outer loop
     vertex -1.317500e+02  4.517624e+02 -8.175933e+01
     vertex -1.317500e+02  4.543775e+02 -8.794910e+01
     vertex -1.317500e+02  4.502817e+02 -8.508122e+01
   endloop
 endfacet
 facet normal -1.000000e+00 -2.664428e-14 -2.073091e-15
   outer loop
     vertex -1.317500e+02  4.536542e+02 -7.865307e+01
     vertex -1.317500e+02  4.543775e+02 -8.794910e+01
     vertex -1.317500e+02  4.517624e+02 -8.175933e+01
   endloop
 endfacet
 facet normal -1.000000e+00 -4.024060e-15  4.163394e-15
   outer loop
     vertex -1.317500e+02  4.626370e+02 -7.615331e+01
     vertex -1.317500e+02  4.559261e+02 -7.581302e+01
     vertex -1.317500e+02  4.585412e+02 -7.328543e+01
   endloop
 endfacet
 facet normal -1.000000e+00 -4.070077e-15  3.255889e-15
   outer loop
     vertex -1.317500e+02  4.626370e+02 -7.615331e+01
     vertex -1.317500e+02  4.536542e+02 -7.865307e+01
     vertex -1.317500e+02  4.559261e+02 -7.581302e+01
   endloop
 endfacet
 facet normal -1.000000e+00 -3.096962e-15 -2.409630e-16
   outer loop
     vertex -1.317500e+02  4.626370e+02 -7.615331e+01
     vertex -1.317500e+02  4.543775e+02 -8.794910e+01
     vertex -1.317500e+02  4.536542e+02 -7.865307e+01
   endloop
 endfacet
 facet normal  0.000000e+00 -9.998477e-01 -1.745241e-02
   outer loop
     vertex -1.830000e+02  4.596304e+02 -9.713271e+01
     vertex -1.830000e+02  4.595666e+02 -9.347477e+01
     vertex -1.840000e+02  4.595666e+02 -9.347477e+01
   endloop
 endfacet
 facet normal -0.000000e+00 -9.998477e-01 -1.745241e-02
   outer loop
     vertex -1.830000e+02  4.596304e+02 -9.713271e+01
     vertex -1.840000e+02  4.595666e+02 -9.347477e+01
     vertex -1.840000e+02  4.596304e+02 -9.713271e+01
   endloop
 endfacet
 facet normal -0.000000e+00 -9.743701e-01 -2.249511e-01
   outer loop
     vertex -1.830000e+02  4.604534e+02 -1.006974e+02
     vertex -1.840000e+02  4.596304e+02 -9.713271e+01
     vertex -1.840000e+02  4.604534e+02 -1.006974e+02
   endloop
 endfacet
 facet normal  0.000000e+00 -9.743701e-01 -2.249511e-01
   outer loop
     vertex -1.830000e+02  4.604534e+02 -1.006974e+02
     vertex -1.830000e+02  4.596304e+02 -9.713271e+01
     vertex -1.840000e+02  4.596304e+02 -9.713271e+01
   endloop
 endfacet
 facet normal -0.000000e+00 -9.063078e-01 -4.226183e-01
   outer loop
     vertex -1.830000e+02  4.619996e+02 -1.040132e+02
     vertex -1.840000e+02  4.604534e+02 -1.006974e+02
     vertex -1.840000e+02  4.619996e+02 -1.040132e+02
   endloop
 endfacet
 facet normal  0.000000e+00 -9.063078e-01 -4.226183e-01
   outer loop
     vertex -1.830000e+02  4.619996e+02 -1.040132e+02
     vertex -1.830000e+02  4.604534e+02 -1.006974e+02
     vertex -1.840000e+02  4.604534e+02 -1.006974e+02
   endloop
 endfacet
 facet normal -0.000000e+00 -6.560590e-01 -7.547096e-01
   outer loop
     vertex -1.830000e+02  4.642013e+02 -1.069350e+02
     vertex -1.840000e+02  4.642013e+02 -1.069350e+02
     vertex -1.840000e+02  4.669624e+02 -1.093352e+02
   endloop
 endfacet
 facet normal -0.000000e+00 -7.986355e-01 -6.018150e-01
   outer loop
     vertex -1.830000e+02  4.642013e+02 -1.069350e+02
     vertex -1.840000e+02  4.619996e+02 -1.040132e+02
     vertex -1.840000e+02  4.642013e+02 -1.069350e+02
   endloop
 endfacet
 facet normal  0.000000e+00 -7.986355e-01 -6.018150e-01
   outer loop
     vertex -1.830000e+02  4.642013e+02 -1.069350e+02
     vertex -1.830000e+02  4.619996e+02 -1.040132e+02
     vertex -1.840000e+02  4.619996e+02 -1.040132e+02
   endloop
 endfacet
 facet normal -0.000000e+00 -6.560590e-01 -7.547096e-01
   outer loop
     vertex -1.830000e+02  4.669624e+02 -1.093352e+02
     vertex -1.830000e+02  4.642013e+02 -1.069350e+02
     vertex -1.840000e+02  4.669624e+02 -1.093352e+02
   endloop
 endfacet
 facet normal -0.000000e+00 -4.848096e-01 -8.746197e-01
   outer loop
     vertex -1.830000e+02  4.701622e+02 -1.111088e+02
     vertex -1.840000e+02  4.669624e+02 -1.093352e+02
     vertex -1.840000e+02  4.701622e+02 -1.111088e+02
   endloop
 endfacet
 facet normal  0.000000e+00 -4.848096e-01 -8.746197e-01
   outer loop
     vertex -1.830000e+02  4.701622e+02 -1.111088e+02
     vertex -1.830000e+02  4.669624e+02 -1.093352e+02
     vertex -1.840000e+02  4.669624e+02 -1.093352e+02
   endloop
 endfacet
 facet normal -0.000000e+00 -2.923717e-01 -9.563048e-01
   outer loop
     vertex -1.830000e+02  4.736608e+02 -1.121785e+02
     vertex -1.840000e+02  4.701622e+02 -1.111088e+02
     vertex -1.840000e+02  4.736608e+02 -1.121785e+02
   endloop
 endfacet
 facet normal  0.000000e+00 -2.923717e-01 -9.563048e-01
   outer loop
     vertex -1.830000e+02  4.736608e+02 -1.121785e+02
     vertex -1.830000e+02  4.701622e+02 -1.111088e+02
     vertex -1.840000e+02  4.701622e+02 -1.111088e+02
   endloop
 endfacet
 facet normal -0.000000e+00 -8.715574e-02 -9.961947e-01
   outer loop
     vertex -1.830000e+02  4.773054e+02 -1.124973e+02
     vertex -1.840000e+02  4.736608e+02 -1.121785e+02
     vertex -1.840000e+02  4.773054e+02 -1.124973e+02
   endloop
 endfacet
 facet normal  0.000000e+00 -8.715574e-02 -9.961947e-01
   outer loop
     vertex -1.830000e+02  4.773054e+02 -1.124973e+02
     vertex -1.830000e+02  4.736608e+02 -1.121785e+02
     vertex -1.840000e+02  4.736608e+02 -1.121785e+02
   endloop
 endfacet
 facet normal  0.000000e+00  1.218693e-01 -9.925462e-01
   outer loop
     vertex -1.830000e+02  4.809366e+02 -1.120515e+02
     vertex -1.840000e+02  4.773054e+02 -1.124973e+02
     vertex -1.840000e+02  4.809366e+02 -1.120515e+02
   endloop
 endfacet
 facet normal  0.000000e+00  1.218693e-01 -9.925462e-01
   outer loop
     vertex -1.830000e+02  4.809366e+02 -1.120515e+02
     vertex -1.830000e+02  4.773054e+02 -1.124973e+02
     vertex -1.840000e+02  4.773054e+02 -1.124973e+02
   endloop
 endfacet
 facet normal  0.000000e+00  3.255682e-01 -9.455186e-01
   outer loop
     vertex -1.830000e+02  4.843958e+02 -1.108604e+02
     vertex -1.840000e+02  4.809366e+02 -1.120515e+02
     vertex -1.840000e+02  4.843958e+02 -1.108604e+02
   endloop
 endfacet
 facet normal  0.000000e+00  3.255682e-01 -9.455186e-01
   outer loop
     vertex -1.830000e+02  4.843958e+02 -1.108604e+02
     vertex -1.830000e+02  4.809366e+02 -1.120515e+02
     vertex -1.840000e+02  4.809366e+02 -1.120515e+02
   endloop
 endfacet
 facet normal -2.927653e-14  5.150381e-01 -8.571673e-01
   outer loop
     vertex -1.830000e+02  4.875318e+02 -1.089761e+02
     vertex -1.840000e+02  4.843958e+02 -1.108604e+02
     vertex -1.840000e+02  4.875318e+02 -1.089761e+02
   endloop
 endfacet
 facet normal  0.000000e+00  5.150381e-01 -8.571673e-01
   outer loop
     vertex -1.830000e+02  4.875318e+02 -1.089761e+02
     vertex -1.830000e+02  4.843958e+02 -1.108604e+02
     vertex -1.840000e+02  4.843958e+02 -1.108604e+02
   endloop
 endfacet
 facet normal -3.876712e-14  6.819984e-01 -7.313537e-01
   outer loop
     vertex -1.830000e+02  4.902074e+02 -1.064810e+02
     vertex -1.840000e+02  4.875318e+02 -1.089761e+02
     vertex -1.840000e+02  4.902074e+02 -1.064810e+02
   endloop
 endfacet
 facet normal -3.884343e-14  6.819984e-01 -7.313537e-01
   outer loop
     vertex -1.830000e+02  4.902074e+02 -1.064810e+02
     vertex -1.830000e+02  4.875318e+02 -1.089761e+02
     vertex -1.840000e+02  4.875318e+02 -1.089761e+02
   endloop
 endfacet
 facet normal  0.000000e+00  8.191520e-01 -5.735764e-01
   outer loop
     vertex -1.830000e+02  4.923058e+02 -1.034842e+02
     vertex -1.840000e+02  4.902074e+02 -1.064810e+02
     vertex -1.840000e+02  4.923058e+02 -1.034842e+02
   endloop
 endfacet
 facet normal -4.636935e-14  8.191520e-01 -5.735764e-01
   outer loop
     vertex -1.830000e+02  4.923058e+02 -1.034842e+02
     vertex -1.830000e+02  4.902074e+02 -1.064810e+02
     vertex -1.840000e+02  4.902074e+02 -1.064810e+02
   endloop
 endfacet
 facet normal  0.000000e+00  9.816272e-01 -1.908090e-01
   outer loop
     vertex -1.830000e+02  4.937353e+02 -1.001165e+02
     vertex -1.840000e+02  4.937353e+02 -1.001165e+02
     vertex -1.840000e+02  4.944334e+02 -9.652523e+01
   endloop
 endfacet
 facet normal  0.000000e+00  9.205049e-01 -3.907311e-01
   outer loop
     vertex -1.830000e+02  4.937353e+02 -1.001165e+02
     vertex -1.840000e+02  4.923058e+02 -1.034842e+02
     vertex -1.840000e+02  4.937353e+02 -1.001165e+02
   endloop
 endfacet
 facet normal  0.000000e+00  9.205049e-01 -3.907311e-01
   outer loop
     vertex -1.830000e+02  4.937353e+02 -1.001165e+02
     vertex -1.830000e+02  4.923058e+02 -1.034842e+02
     vertex -1.840000e+02  4.923058e+02 -1.034842e+02
   endloop
 endfacet
 facet normal  0.000000e+00  9.816272e-01 -1.908090e-01
   outer loop
     vertex -1.830000e+02  4.944334e+02 -9.652523e+01
     vertex -1.830000e+02  4.937353e+02 -1.001165e+02
     vertex -1.840000e+02  4.944334e+02 -9.652523e+01
   endloop
 endfacet
 facet normal -1.000000e+00  0.000000e+00 -0.000000e+00
   outer loop
     vertex -1.840000e+02  4.844250e+02 -1.090497e+02
     vertex -1.840000e+02  4.875318e+02 -1.089761e+02
     vertex -1.840000e+02  4.843958e+02 -1.108604e+02
   endloop
 endfacet
 facet normal -1.000000e+00  0.000000e+00  0.000000e+00
   outer loop
     vertex -1.840000e+02  4.839408e+02 -1.094086e+02
     vertex -1.840000e+02  4.844250e+02 -1.090497e+02
     vertex -1.840000e+02  4.843958e+02 -1.108604e+02
   endloop
 endfacet
 facet normal -1.000000e+00  0.000000e+00 -0.000000e+00
   outer loop
     vertex -1.840000e+02  4.848093e+02 -1.085855e+02
     vertex -1.840000e+02  4.875318e+02 -1.089761e+02
     vertex -1.840000e+02  4.844250e+02 -1.090497e+02
   endloop
 endfacet
 facet normal -1.000000e+00  0.000000e+00  0.000000e+00
   outer loop
     vertex -1.840000e+02  4.833848e+02 -1.096411e+02
     vertex -1.840000e+02  4.839408e+02 -1.094086e+02
     vertex -1.840000e+02  4.843958e+02 -1.108604e+02
   endloop
 endfacet
 facet normal -1.000000e+00  0.000000e+00 -0.000000e+00
   outer loop
     vertex -1.840000e+02  4.850713e+02 -1.080427e+02
     vertex -1.840000e+02  4.875318e+02 -1.089761e+02
     vertex -1.840000e+02  4.848093e+02 -1.085855e+02
   endloop
 endfacet
 facet normal -1.000000e+00 -1.102116e-14 -1.571609e-14
   outer loop
     vertex -1.840000e+02  4.827892e+02 -1.097337e+02
     vertex -1.840000e+02  4.843958e+02 -1.108604e+02
     vertex -1.840000e+02  4.809366e+02 -1.120515e+02
   endloop
 endfacet
 facet normal -1.000000e+00  0.000000e+00  0.000000e+00
   outer loop
     vertex -1.840000e+02  4.827892e+02 -1.097337e+02
     vertex -1.840000e+02  4.833848e+02 -1.096411e+02
     vertex -1.840000e+02  4.843958e+02 -1.108604e+02
   endloop
 endfacet
 facet normal -1.000000e+00  0.000000e+00 -0.000000e+00
   outer loop
     vertex -1.840000e+02  4.851958e+02 -1.074530e+02
     vertex -1.840000e+02  4.875318e+02 -1.089761e+02
     vertex -1.840000e+02  4.850713e+02 -1.080427e+02
   endloop
 endfacet
 facet normal -1.000000e+00 -2.005458e-15 -2.292249e-14
   outer loop
     vertex -1.840000e+02  4.821889e+02 -1.096812e+02
     vertex -1.840000e+02  4.827892e+02 -1.097337e+02
     vertex -1.840000e+02  4.809366e+02 -1.120515e+02
   endloop
 endfacet
 facet normal -1.000000e+00  0.000000e+00  0.000000e+00
   outer loop
     vertex -1.840000e+02  4.851756e+02 -1.068507e+02
     vertex -1.840000e+02  4.875318e+02 -1.089761e+02
     vertex -1.840000e+02  4.851958e+02 -1.074530e+02
   endloop
 endfacet
 facet normal -1.000000e+00  0.000000e+00  0.000000e+00
   outer loop
     vertex -1.840000e+02  4.886763e+02 -1.038300e+02
     vertex -1.840000e+02  4.889184e+02 -1.036506e+02
     vertex -1.840000e+02  4.902074e+02 -1.064810e+02
   endloop
 endfacet
 facet normal -1.000000e+00 -1.792166e-14 -6.418750e-15
   outer loop
     vertex -1.840000e+02  4.891105e+02 -1.034184e+02
     vertex -1.840000e+02  4.923058e+02 -1.034842e+02
     vertex -1.840000e+02  4.902074e+02 -1.064810e+02
   endloop
 endfacet
 facet normal -1.000000e+00  0.000000e+00 -0.000000e+00
   outer loop
     vertex -1.840000e+02  4.891105e+02 -1.034184e+02
     vertex -1.840000e+02  4.902074e+02 -1.064810e+02
     vertex -1.840000e+02  4.889184e+02 -1.036506e+02
   endloop
 endfacet
 facet normal -1.000000e+00  8.234412e-14  4.755887e-14
   outer loop
     vertex -1.840000e+02  4.883983e+02 -1.039462e+02
     vertex -1.840000e+02  4.886763e+02 -1.038300e+02
     vertex -1.840000e+02  4.902074e+02 -1.064810e+02
   endloop
 endfacet
 facet normal -1.000000e+00 -1.761471e-14  8.503614e-15
   outer loop
     vertex -1.840000e+02  4.892415e+02 -1.031471e+02
     vertex -1.840000e+02  4.923058e+02 -1.034842e+02
     vertex -1.840000e+02  4.891105e+02 -1.034184e+02
   endloop
 endfacet
 facet normal -1.000000e+00 -9.136968e-14  2.428867e-14
   outer loop
     vertex -1.840000e+02  4.816185e+02 -1.094865e+02
     vertex -1.840000e+02  4.821889e+02 -1.096812e+02
     vertex -1.840000e+02  4.809366e+02 -1.120515e+02
   endloop
 endfacet
 facet normal -1.000000e+00  1.570594e-15 -1.009164e-14
   outer loop
     vertex -1.840000e+02  4.881005e+02 -1.039926e+02
     vertex -1.840000e+02  4.883983e+02 -1.039462e+02
     vertex -1.840000e+02  4.902074e+02 -1.064810e+02
   endloop
 endfacet
 facet normal -1.000000e+00 -1.812906e-14  3.828019e-15
   outer loop
     vertex -1.840000e+02  4.893038e+02 -1.028522e+02
     vertex -1.840000e+02  4.923058e+02 -1.034842e+02
     vertex -1.840000e+02  4.892415e+02 -1.031471e+02
   endloop
 endfacet
 facet normal -1.000000e+00  1.118124e-14 -5.993507e-16
   outer loop
     vertex -1.840000e+02  4.878003e+02 -1.039663e+02
     vertex -1.840000e+02  4.902074e+02 -1.064810e+02
     vertex -1.840000e+02  4.875318e+02 -1.089761e+02
   endloop
 endfacet
 facet normal -1.000000e+00  0.000000e+00  0.000000e+00
   outer loop
     vertex -1.840000e+02  4.878003e+02 -1.039663e+02
     vertex -1.840000e+02  4.875318e+02 -1.089761e+02
     vertex -1.840000e+02  4.851756e+02 -1.068507e+02
   endloop
 endfacet
 facet normal -1.000000e+00 -1.079186e-15 -1.233515e-14
   outer loop
     vertex -1.840000e+02  4.878003e+02 -1.039663e+02
     vertex -1.840000e+02  4.881005e+02 -1.039926e+02
     vertex -1.840000e+02  4.902074e+02 -1.064810e+02
   endloop
 endfacet
 facet normal -1.000000e+00  0.000000e+00  0.000000e+00
   outer loop
     vertex -1.840000e+02  4.850118e+02 -1.062707e+02
     vertex -1.840000e+02  4.878003e+02 -1.039663e+02
     vertex -1.840000e+02  4.851756e+02 -1.068507e+02
   endloop
 endfacet
 facet normal -1.000000e+00 -1.906966e-14 -6.402949e-16
   outer loop
     vertex -1.840000e+02  4.892937e+02 -1.025511e+02
     vertex -1.840000e+02  4.923058e+02 -1.034842e+02
     vertex -1.840000e+02  4.893038e+02 -1.028522e+02
   endloop
 endfacet
 facet normal -1.000000e+00  0.000000e+00 -0.000000e+00
   outer loop
     vertex -1.840000e+02  4.875151e+02 -1.038690e+02
     vertex -1.840000e+02  4.878003e+02 -1.039663e+02
     vertex -1.840000e+02  4.850118e+02 -1.062707e+02
   endloop
 endfacet
 facet normal -1.000000e+00  0.000000e+00 -0.000000e+00
   outer loop
     vertex -1.840000e+02  4.811113e+02 -1.091610e+02
     vertex -1.840000e+02  4.816185e+02 -1.094865e+02
     vertex -1.840000e+02  4.809366e+02 -1.120515e+02
   endloop
 endfacet
 facet normal -1.000000e+00 -1.573200e-14  6.677836e-15
   outer loop
     vertex -1.840000e+02  4.892118e+02 -1.022611e+02
     vertex -1.840000e+02  4.937353e+02 -1.001165e+02
     vertex -1.840000e+02  4.923058e+02 -1.034842e+02
   endloop
 endfacet
 facet normal -1.000000e+00 -2.068043e-14 -5.839978e-15
   outer loop
     vertex -1.840000e+02  4.892118e+02 -1.022611e+02
     vertex -1.840000e+02  4.923058e+02 -1.034842e+02
     vertex -1.840000e+02  4.892937e+02 -1.025511e+02
   endloop
 endfacet
 facet normal -1.000000e+00  0.000000e+00 -0.000000e+00
   outer loop
     vertex -1.840000e+02  4.872615e+02 -1.037062e+02
     vertex -1.840000e+02  4.875151e+02 -1.038690e+02
     vertex -1.840000e+02  4.850118e+02 -1.062707e+02
   endloop
 endfacet
 facet normal -1.000000e+00  0.000000e+00  0.000000e+00
   outer loop
     vertex -1.840000e+02  4.847140e+02 -1.057467e+02
     vertex -1.840000e+02  4.872615e+02 -1.037062e+02
     vertex -1.840000e+02  4.850118e+02 -1.062707e+02
   endloop
 endfacet
 facet normal -1.000000e+00 -9.898588e-15 -5.626697e-15
   outer loop
     vertex -1.840000e+02  4.890629e+02 -1.019991e+02
     vertex -1.840000e+02  4.937353e+02 -1.001165e+02
     vertex -1.840000e+02  4.892118e+02 -1.022611e+02
   endloop
 endfacet
 facet normal -1.000000e+00  0.000000e+00 -0.000000e+00
   outer loop
     vertex -1.840000e+02  4.870542e+02 -1.034875e+02
     vertex -1.840000e+02  4.872615e+02 -1.037062e+02
     vertex -1.840000e+02  4.847140e+02 -1.057467e+02
   endloop
 endfacet
 facet normal -1.000000e+00  0.000000e+00  0.000000e+00
   outer loop
     vertex -1.840000e+02  4.806967e+02 -1.087236e+02
     vertex -1.840000e+02  4.811113e+02 -1.091610e+02
     vertex -1.840000e+02  4.809366e+02 -1.120515e+02
   endloop
 endfacet
 facet normal -1.000000e+00 -8.803986e-15 -8.343446e-15
   outer loop
     vertex -1.840000e+02  4.888556e+02 -1.017804e+02
     vertex -1.840000e+02  4.937353e+02 -1.001165e+02
     vertex -1.840000e+02  4.890629e+02 -1.019991e+02
   endloop
 endfacet
 facet normal -1.000000e+00  0.000000e+00  0.000000e+00
   outer loop
     vertex -1.840000e+02  4.842994e+02 -1.053093e+02
     vertex -1.840000e+02  4.870542e+02 -1.034875e+02
     vertex -1.840000e+02  4.847140e+02 -1.057467e+02
   endloop
 endfacet
 facet normal -1.000000e+00  0.000000e+00  0.000000e+00
   outer loop
     vertex -1.840000e+02  4.842994e+02 -1.053093e+02
     vertex -1.840000e+02  4.869053e+02 -1.032255e+02
     vertex -1.840000e+02  4.870542e+02 -1.034875e+02
   endloop
 endfacet
 facet normal -1.000000e+00 -7.607300e-15 -1.185309e-14
   outer loop
     vertex -1.840000e+02  4.886020e+02 -1.016176e+02
     vertex -1.840000e+02  4.937353e+02 -1.001165e+02
     vertex -1.840000e+02  4.888556e+02 -1.017804e+02
   endloop
 endfacet
 facet normal -1.000000e+00  0.000000e+00 -0.000000e+00
   outer loop
     vertex -1.840000e+02  4.868234e+02 -1.029355e+02
     vertex -1.840000e+02  4.869053e+02 -1.032255e+02
     vertex -1.840000e+02  4.842994e+02 -1.053093e+02
   endloop
 endfacet
 facet normal -1.000000e+00 -1.174071e-14  2.282163e-15
   outer loop
     vertex -1.840000e+02  4.944334e+02 -9.652523e+01
     vertex -1.840000e+02  4.937353e+02 -1.001165e+02
     vertex -1.840000e+02  4.886020e+02 -1.016176e+02
   endloop
 endfacet
 facet normal -1.000000e+00  6.891402e-14 -9.007797e-14
   outer loop
     vertex -1.840000e+02  4.883168e+02 -1.015202e+02
     vertex -1.840000e+02  4.944334e+02 -9.652523e+01
     vertex -1.840000e+02  4.886020e+02 -1.016176e+02
   endloop
 endfacet
 facet normal -1.000000e+00  0.000000e+00  0.000000e+00
   outer loop
     vertex -1.840000e+02  4.837922e+02 -1.049838e+02
     vertex -1.840000e+02  4.868234e+02 -1.029355e+02
     vertex -1.840000e+02  4.842994e+02 -1.053093e+02
   endloop
 endfacet
 facet normal -1.000000e+00  0.000000e+00  0.000000e+00
   outer loop
     vertex -1.840000e+02  4.837922e+02 -1.049838e+02
     vertex -1.840000e+02  4.868133e+02 -1.026343e+02
     vertex -1.840000e+02  4.868234e+02 -1.029355e+02
   endloop
 endfacet
 facet normal -1.000000e+00  0.000000e+00  0.000000e+00
   outer loop
     vertex -1.840000e+02  4.832218e+02 -1.047891e+02
     vertex -1.840000e+02  4.868756e+02 -1.023395e+02
     vertex -1.840000e+02  4.868133e+02 -1.026343e+02
   endloop
 endfacet
 facet normal -1.000000e+00  0.000000e+00  0.000000e+00
   outer loop
     vertex -1.840000e+02  4.832218e+02 -1.047891e+02
     vertex -1.840000e+02  4.868133e+02 -1.026343e+02
     vertex -1.840000e+02  4.837922e+02 -1.049838e+02
   endloop
 endfacet
 facet normal -1.000000e+00  0.000000e+00  0.000000e+00
   outer loop
     vertex -1.840000e+02  4.826215e+02 -1.047366e+02
     vertex -1.840000e+02  4.870066e+02 -1.020681e+02
     vertex -1.840000e+02  4.868756e+02 -1.023395e+02
   endloop
 endfacet
 facet normal -1.000000e+00  0.000000e+00  0.000000e+00
   outer loop
     vertex -1.840000e+02  4.826215e+02 -1.047366e+02
     vertex -1.840000e+02  4.868756e+02 -1.023395e+02
     vertex -1.840000e+02  4.832218e+02 -1.047891e+02
   endloop
 endfacet
 facet normal -1.000000e+00  0.000000e+00  0.000000e+00
   outer loop
     vertex -1.840000e+02  4.764411e+02 -1.095353e+02
     vertex -1.840000e+02  4.766832e+02 -1.093559e+02
     vertex -1.840000e+02  4.773054e+02 -1.124973e+02
   endloop
 endfacet
 facet normal -1.000000e+00  0.000000e+00  0.000000e+00
   outer loop
     vertex -1.840000e+02  4.820259e+02 -1.048292e+02
     vertex -1.840000e+02  4.871987e+02 -1.018360e+02
     vertex -1.840000e+02  4.870066e+02 -1.020681e+02
   endloop
 endfacet
 facet normal -1.000000e+00  0.000000e+00  0.000000e+00
   outer loop
     vertex -1.840000e+02  4.820259e+02 -1.048292e+02
     vertex -1.840000e+02  4.870066e+02 -1.020681e+02
     vertex -1.840000e+02  4.826215e+02 -1.047366e+02
   endloop
 endfacet
 facet normal -1.000000e+00  7.706408e-15  9.823689e-16
   outer loop
     vertex -1.840000e+02  4.768754e+02 -1.091238e+02
     vertex -1.840000e+02  4.809366e+02 -1.120515e+02
     vertex -1.840000e+02  4.773054e+02 -1.124973e+02
   endloop
 endfacet
 facet normal -1.000000e+00  7.381912e-15  5.322307e-16
   outer loop
     vertex -1.840000e+02  4.768754e+02 -1.091238e+02
     vertex -1.840000e+02  4.806967e+02 -1.087236e+02
     vertex -1.840000e+02  4.809366e+02 -1.120515e+02
   endloop
 endfacet
 facet normal -1.000000e+00  0.000000e+00 -0.000000e+00
   outer loop
     vertex -1.840000e+02  4.768754e+02 -1.091238e+02
     vertex -1.840000e+02  4.773054e+02 -1.124973e+02
     vertex -1.840000e+02  4.766832e+02 -1.093559e+02
   endloop
 endfacet
 facet normal -1.000000e+00  0.000000e+00  0.000000e+00
   outer loop
     vertex -1.840000e+02  4.761631e+02 -1.096516e+02
     vertex -1.840000e+02  4.764411e+02 -1.095353e+02
     vertex -1.840000e+02  4.773054e+02 -1.124973e+02
   endloop
 endfacet
 facet normal -1.000000e+00  7.551809e-15  4.292707e-15
   outer loop
     vertex -1.840000e+02  4.770064e+02 -1.088524e+02
     vertex -1.840000e+02  4.803989e+02 -1.081996e+02
     vertex -1.840000e+02  4.806967e+02 -1.087236e+02
   endloop
 endfacet
 facet normal -1.000000e+00  7.833741e-15 -3.781790e-15
   outer loop
     vertex -1.840000e+02  4.770064e+02 -1.088524e+02
     vertex -1.840000e+02  4.806967e+02 -1.087236e+02
     vertex -1.840000e+02  4.768754e+02 -1.091238e+02
   endloop
 endfacet
 facet normal -1.000000e+00  0.000000e+00 -0.000000e+00
   outer loop
     vertex -1.840000e+02  4.758653e+02 -1.096979e+02
     vertex -1.840000e+02  4.773054e+02 -1.124973e+02
     vertex -1.840000e+02  4.736608e+02 -1.121785e+02
   endloop
 endfacet
 facet normal -1.000000e+00  0.000000e+00  0.000000e+00
   outer loop
     vertex -1.840000e+02  4.758653e+02 -1.096979e+02
     vertex -1.840000e+02  4.761631e+02 -1.096516e+02
     vertex -1.840000e+02  4.773054e+02 -1.124973e+02
   endloop
 endfacet
 facet normal -1.000000e+00  8.283033e-15  2.339059e-15
   outer loop
     vertex -1.840000e+02  4.770686e+02 -1.085576e+02
     vertex -1.840000e+02  4.802351e+02 -1.076196e+02
     vertex -1.840000e+02  4.803989e+02 -1.081996e+02
   endloop
 endfacet
 facet normal -1.000000e+00  8.732658e-15 -1.843933e-15
   outer loop
     vertex -1.840000e+02  4.770686e+02 -1.085576e+02
     vertex -1.840000e+02  4.803989e+02 -1.081996e+02
     vertex -1.840000e+02  4.770064e+02 -1.088524e+02
   endloop
 endfacet
 facet normal -1.000000e+00  0.000000e+00 -0.000000e+00
   outer loop
     vertex -1.840000e+02  4.755651e+02 -1.096717e+02
     vertex -1.840000e+02  4.758653e+02 -1.096979e+02
     vertex -1.840000e+02  4.736608e+02 -1.121785e+02
   endloop
 endfacet
 facet normal -1.000000e+00  8.887513e-15  2.984128e-16
   outer loop
     vertex -1.840000e+02  4.770585e+02 -1.082564e+02
     vertex -1.840000e+02  4.802351e+02 -1.076196e+02
     vertex -1.840000e+02  4.770686e+02 -1.085576e+02
   endloop
 endfacet
 facet normal -1.000000e+00  0.000000e+00 -0.000000e+00
   outer loop
     vertex -1.840000e+02  4.752800e+02 -1.095743e+02
     vertex -1.840000e+02  4.755651e+02 -1.096717e+02
     vertex -1.840000e+02  4.736608e+02 -1.121785e+02
   endloop
 endfacet
 facet normal -1.000000e+00  8.691405e-15  2.918281e-16
   outer loop
     vertex -1.840000e+02  4.769766e+02 -1.079664e+02
     vertex -1.840000e+02  4.802149e+02 -1.070173e+02
     vertex -1.840000e+02  4.802351e+02 -1.076196e+02
   endloop
 endfacet
 facet normal -1.000000e+00  8.467964e-15  2.391281e-15
   outer loop
     vertex -1.840000e+02  4.769766e+02 -1.079664e+02
     vertex -1.840000e+02  4.802351e+02 -1.076196e+02
     vertex -1.840000e+02  4.770585e+02 -1.082564e+02
   endloop
 endfacet
 facet normal -1.000000e+00  0.000000e+00 -0.000000e+00
   outer loop
     vertex -1.840000e+02  4.750264e+02 -1.094116e+02
     vertex -1.840000e+02  4.752800e+02 -1.095743e+02
     vertex -1.840000e+02  4.736608e+02 -1.121785e+02
   endloop
 endfacet
 facet normal -1.000000e+00  7.523457e-15  4.276591e-15
   outer loop
     vertex -1.840000e+02  4.768277e+02 -1.077044e+02
     vertex -1.840000e+02  4.802149e+02 -1.070173e+02
     vertex -1.840000e+02  4.769766e+02 -1.079664e+02
   endloop
 endfacet
 facet normal -1.000000e+00  8.766601e-15 -1.851101e-15
   outer loop
     vertex -1.840000e+02  4.768277e+02 -1.077044e+02
     vertex -1.840000e+02  4.803394e+02 -1.064276e+02
     vertex -1.840000e+02  4.802149e+02 -1.070173e+02
   endloop
 endfacet
 facet normal -1.000000e+00  0.000000e+00 -0.000000e+00
   outer loop
     vertex -1.840000e+02  4.748191e+02 -1.091928e+02
     vertex -1.840000e+02  4.750264e+02 -1.094116e+02
     vertex -1.840000e+02  4.736608e+02 -1.121785e+02
   endloop
 endfacet
 facet normal -1.000000e+00  6.019377e-15  5.704501e-15
   outer loop
     vertex -1.840000e+02  4.766204e+02 -1.074857e+02
     vertex -1.840000e+02  4.803394e+02 -1.064276e+02
     vertex -1.840000e+02  4.768277e+02 -1.077044e+02
   endloop
 endfacet
 facet normal -1.000000e+00  0.000000e+00 -0.000000e+00
   outer loop
     vertex -1.840000e+02  4.746702e+02 -1.089309e+02
     vertex -1.840000e+02  4.748191e+02 -1.091928e+02
     vertex -1.840000e+02  4.736608e+02 -1.121785e+02
   endloop
 endfacet
 facet normal -1.000000e+00  5.295041e-15  8.250310e-15
   outer loop
     vertex -1.840000e+02  4.763668e+02 -1.073229e+02
     vertex -1.840000e+02  4.803394e+02 -1.064276e+02
     vertex -1.840000e+02  4.766204e+02 -1.074857e+02
   endloop
 endfacet
 facet normal -1.000000e+00  8.028043e-15 -3.875590e-15
   outer loop
     vertex -1.840000e+02  4.763668e+02 -1.073229e+02
     vertex -1.840000e+02  4.806014e+02 -1.058848e+02
     vertex -1.840000e+02  4.803394e+02 -1.064276e+02
   endloop
 endfacet
 facet normal -1.000000e+00  3.364383e-15  9.856776e-15
   outer loop
     vertex -1.840000e+02  4.760816e+02 -1.072256e+02
     vertex -1.840000e+02  4.806014e+02 -1.058848e+02
     vertex -1.840000e+02  4.763668e+02 -1.073229e+02
   endloop
 endfacet
 facet normal -1.000000e+00  8.334901e-15 -6.899000e-15
   outer loop
     vertex -1.840000e+02  4.760816e+02 -1.072256e+02
     vertex -1.840000e+02  4.809857e+02 -1.054206e+02
     vertex -1.840000e+02  4.806014e+02 -1.058848e+02
   endloop
 endfacet
 facet normal -1.000000e+00  1.113021e-15  1.272189e-14
   outer loop
     vertex -1.840000e+02  4.757815e+02 -1.071993e+02
     vertex -1.840000e+02  4.809857e+02 -1.054206e+02
     vertex -1.840000e+02  4.760816e+02 -1.072256e+02
   endloop
 endfacet
 facet normal -1.000000e+00 -1.483685e-14  3.132856e-15
   outer loop
     vertex -1.840000e+02  4.701622e+02 -1.111088e+02
     vertex -1.840000e+02  4.746404e+02 -1.080448e+02
     vertex -1.840000e+02  4.745782e+02 -1.083397e+02
   endloop
 endfacet
 facet normal -1.000000e+00 -1.109573e-14 -3.133341e-15
   outer loop
     vertex -1.840000e+02  4.701622e+02 -1.111088e+02
     vertex -1.840000e+02  4.745883e+02 -1.086409e+02
     vertex -1.840000e+02  4.746702e+02 -1.089309e+02
   endloop
 endfacet
 facet normal -1.000000e+00 -1.260686e-14 -4.232959e-16
   outer loop
     vertex -1.840000e+02  4.701622e+02 -1.111088e+02
     vertex -1.840000e+02  4.745782e+02 -1.083397e+02
     vertex -1.840000e+02  4.745883e+02 -1.086409e+02
   endloop
 endfacet
 facet normal -1.000000e+00 -1.483749e-14  4.611296e-15
   outer loop
     vertex -1.840000e+02  4.701622e+02 -1.111088e+02
     vertex -1.840000e+02  4.746702e+02 -1.089309e+02
     vertex -1.840000e+02  4.736608e+02 -1.121785e+02
   endloop
 endfacet
 facet normal -1.000000e+00 -7.221410e-15  9.745486e-15
   outer loop
     vertex -1.840000e+02  4.898529e+02 -9.038136e+01
     vertex -1.840000e+02  4.900950e+02 -9.020195e+01
     vertex -1.840000e+02  4.943696e+02 -9.286729e+01
   endloop
 endfacet
 facet normal -1.000000e+00 -8.771140e-15  7.260086e-15
   outer loop
     vertex -1.840000e+02  4.902871e+02 -8.996981e+01
     vertex -1.840000e+02  4.943696e+02 -9.286729e+01
     vertex -1.840000e+02  4.900950e+02 -9.020195e+01
   endloop
 endfacet
 facet normal -1.000000e+00 -1.665259e-14 -3.844553e-15
   outer loop
     vertex -1.840000e+02  4.902871e+02 -8.996981e+01
     vertex -1.840000e+02  4.935466e+02 -8.930256e+01
     vertex -1.840000e+02  4.943696e+02 -9.286729e+01
   endloop
 endfacet
 facet normal -1.000000e+00 -1.195864e-14 -2.087388e-16
   outer loop
     vertex -1.840000e+02  4.895749e+02 -9.049761e+01
     vertex -1.840000e+02  4.943696e+02 -9.286729e+01
     vertex -1.840000e+02  4.944334e+02 -9.652523e+01
   endloop
 endfacet
 facet normal -1.000000e+00 -5.433461e-15  1.299401e-14
   outer loop
     vertex -1.840000e+02  4.895749e+02 -9.049761e+01
     vertex -1.840000e+02  4.898529e+02 -9.038136e+01
     vertex -1.840000e+02  4.943696e+02 -9.286729e+01
   endloop
 endfacet
 facet normal -1.000000e+00 -1.935214e-14  9.342374e-15
   outer loop
     vertex -1.840000e+02  4.904181e+02 -8.969844e+01
     vertex -1.840000e+02  4.935466e+02 -8.930256e+01
     vertex -1.840000e+02  4.902871e+02 -8.996981e+01
   endloop
 endfacet
 facet normal -1.000000e+00 -4.028540e-15  1.944804e-15
   outer loop
     vertex -1.840000e+02  4.669624e+02 -1.093352e+02
     vertex -1.840000e+02  4.747714e+02 -1.077735e+02
     vertex -1.840000e+02  4.746404e+02 -1.080448e+02
   endloop
 endfacet
 facet normal -1.000000e+00 -7.740919e-16 -1.742070e-14
   outer loop
     vertex -1.840000e+02  4.669624e+02 -1.093352e+02
     vertex -1.840000e+02  4.746404e+02 -1.080448e+02
     vertex -1.840000e+02  4.701622e+02 -1.111088e+02
   endloop
 endfacet
 facet normal -1.000000e+00 -7.281444e-15  3.226414e-15
   outer loop
     vertex -1.840000e+02  4.892771e+02 -9.054395e+01
     vertex -1.840000e+02  4.944334e+02 -9.652523e+01
     vertex -1.840000e+02  4.883168e+02 -1.015202e+02
   endloop
 endfacet
 facet normal -1.000000e+00 -1.304101e-15  8.379328e-15
   outer loop
     vertex -1.840000e+02  4.892771e+02 -9.054395e+01
     vertex -1.840000e+02  4.895749e+02 -9.049761e+01
     vertex -1.840000e+02  4.944334e+02 -9.652523e+01
   endloop
 endfacet
 facet normal -1.000000e+00 -1.866876e-14  3.941979e-15
   outer loop
     vertex -1.840000e+02  4.904804e+02 -8.940360e+01
     vertex -1.840000e+02  4.935466e+02 -8.930256e+01
     vertex -1.840000e+02  4.904181e+02 -8.969844e+01
   endloop
 endfacet
 facet normal -1.000000e+00  2.248197e-16  2.569701e-15
   outer loop
     vertex -1.840000e+02  4.889769e+02 -9.051769e+01
     vertex -1.840000e+02  4.883168e+02 -1.015202e+02
     vertex -1.840000e+02  4.880166e+02 -1.014940e+02
   endloop
 endfacet
 facet normal -1.000000e+00  2.248197e-16  2.569701e-15
   outer loop
     vertex -1.840000e+02  4.889769e+02 -9.051769e+01
     vertex -1.840000e+02  4.892771e+02 -9.054395e+01
     vertex -1.840000e+02  4.883168e+02 -1.015202e+02
   endloop
 endfacet
 facet normal -1.000000e+00 -1.851837e-14 -6.217845e-16
   outer loop
     vertex -1.840000e+02  4.904703e+02 -8.910243e+01
     vertex -1.840000e+02  4.935466e+02 -8.930256e+01
     vertex -1.840000e+02  4.904804e+02 -8.940360e+01
   endloop
 endfacet
 facet normal -1.000000e+00 -4.032758e-16  2.591195e-15
   outer loop
     vertex -1.840000e+02  4.886917e+02 -9.042034e+01
     vertex -1.840000e+02  4.880166e+02 -1.014940e+02
     vertex -1.840000e+02  4.877188e+02 -1.015403e+02
   endloop
 endfacet
 facet normal -1.000000e+00  8.581943e-16  2.514288e-15
   outer loop
     vertex -1.840000e+02  4.886917e+02 -9.042034e+01
     vertex -1.840000e+02  4.889769e+02 -9.051769e+01
     vertex -1.840000e+02  4.880166e+02 -1.014940e+02
   endloop
 endfacet
 facet normal -1.000000e+00 -1.882374e-14 -5.315664e-15
   outer loop
     vertex -1.840000e+02  4.903884e+02 -8.881243e+01
     vertex -1.840000e+02  4.935466e+02 -8.930256e+01
     vertex -1.840000e+02  4.904703e+02 -8.910243e+01
   endloop
 endfacet
 facet normal -1.000000e+00  0.000000e+00  0.000000e+00
   outer loop
     vertex -1.840000e+02  4.884381e+02 -9.025758e+01
     vertex -1.840000e+02  4.877188e+02 -1.015403e+02
     vertex -1.840000e+02  4.874408e+02 -1.016566e+02
   endloop
 endfacet
 facet normal -1.000000e+00  1.076661e-13 -6.863648e-15
   outer loop
     vertex -1.840000e+02  4.884381e+02 -9.025758e+01
     vertex -1.840000e+02  4.886917e+02 -9.042034e+01
     vertex -1.840000e+02  4.877188e+02 -1.015403e+02
   endloop
 endfacet
 facet normal -1.000000e+00  0.000000e+00  0.000000e+00
   outer loop
     vertex -1.840000e+02  4.882308e+02 -9.003886e+01
     vertex -1.840000e+02  4.874408e+02 -1.016566e+02
     vertex -1.840000e+02  4.871987e+02 -1.018360e+02
   endloop
 endfacet
 facet normal -1.000000e+00  0.000000e+00 -0.000000e+00
   outer loop
     vertex -1.840000e+02  4.882308e+02 -9.003886e+01
     vertex -1.840000e+02  4.884381e+02 -9.025758e+01
     vertex -1.840000e+02  4.874408e+02 -1.016566e+02
   endloop
 endfacet
 facet normal -1.000000e+00 -1.940293e-14 -9.047735e-15
   outer loop
     vertex -1.840000e+02  4.920004e+02 -8.598683e+01
     vertex -1.840000e+02  4.935466e+02 -8.930256e+01
     vertex -1.840000e+02  4.903884e+02 -8.881243e+01
   endloop
 endfacet
 facet normal -1.000000e+00 -1.011114e-14 -1.575438e-14
   outer loop
     vertex -1.840000e+02  4.920004e+02 -8.598683e+01
     vertex -1.840000e+02  4.900322e+02 -8.833173e+01
     vertex -1.840000e+02  4.897786e+02 -8.816896e+01
   endloop
 endfacet
 facet normal -1.000000e+00 -1.356495e-14 -1.285536e-14
   outer loop
     vertex -1.840000e+02  4.920004e+02 -8.598683e+01
     vertex -1.840000e+02  4.902395e+02 -8.855045e+01
     vertex -1.840000e+02  4.900322e+02 -8.833173e+01
   endloop
 endfacet
 facet normal -1.000000e+00 -1.766312e-14 -1.004032e-14
   outer loop
     vertex -1.840000e+02  4.920004e+02 -8.598683e+01
     vertex -1.840000e+02  4.903884e+02 -8.881243e+01
     vertex -1.840000e+02  4.902395e+02 -8.855045e+01
   endloop
 endfacet
 facet normal -1.000000e+00 -6.598256e-15 -1.933119e-14
   outer loop
     vertex -1.840000e+02  4.894934e+02 -8.807162e+01
     vertex -1.840000e+02  4.920004e+02 -8.598683e+01
     vertex -1.840000e+02  4.897786e+02 -8.816896e+01
   endloop
 endfacet
 facet normal -1.000000e+00 -2.158371e-15 -2.467030e-14
   outer loop
     vertex -1.840000e+02  4.891932e+02 -8.804536e+01
     vertex -1.840000e+02  4.920004e+02 -8.598683e+01
     vertex -1.840000e+02  4.894934e+02 -8.807162e+01
   endloop
 endfacet
 facet normal -1.000000e+00 -2.223090e-14  2.702714e-15
   outer loop
     vertex -1.840000e+02  4.897987e+02 -8.306503e+01
     vertex -1.840000e+02  4.920004e+02 -8.598683e+01
     vertex -1.840000e+02  4.891932e+02 -8.804536e+01
   endloop
 endfacet
 facet normal -1.000000e+00  7.629916e-14  5.545210e-14
   outer loop
     vertex -1.840000e+02  4.864630e+02 -8.575604e+01
     vertex -1.840000e+02  4.886174e+02 -8.820795e+01
     vertex -1.840000e+02  4.883753e+02 -8.838736e+01
   endloop
 endfacet
 facet normal -1.000000e+00  0.000000e+00  0.000000e+00
   outer loop
     vertex -1.840000e+02  4.859787e+02 -8.611485e+01
     vertex -1.840000e+02  4.881832e+02 -8.861949e+01
     vertex -1.840000e+02  4.880522e+02 -8.889087e+01
   endloop
 endfacet
 facet normal -1.000000e+00  0.000000e+00  0.000000e+00
   outer loop
     vertex -1.840000e+02  4.859787e+02 -8.611485e+01
     vertex -1.840000e+02  4.883753e+02 -8.838736e+01
     vertex -1.840000e+02  4.881832e+02 -8.861949e+01
   endloop
 endfacet
 facet normal -1.000000e+00  0.000000e+00  0.000000e+00
   outer loop
     vertex -1.840000e+02  4.859787e+02 -8.611485e+01
     vertex -1.840000e+02  4.864630e+02 -8.575604e+01
     vertex -1.840000e+02  4.883753e+02 -8.838736e+01
   endloop
 endfacet
 facet normal -1.000000e+00  6.792963e-15 -5.622701e-15
   outer loop
     vertex -1.840000e+02  4.868472e+02 -8.529177e+01
     vertex -1.840000e+02  4.886174e+02 -8.820795e+01
     vertex -1.840000e+02  4.864630e+02 -8.575604e+01
   endloop
 endfacet
 facet normal -1.000000e+00  3.250354e-15 -7.773152e-15
   outer loop
     vertex -1.840000e+02  4.868472e+02 -8.529177e+01
     vertex -1.840000e+02  4.888955e+02 -8.809170e+01
     vertex -1.840000e+02  4.886174e+02 -8.820795e+01
   endloop
 endfacet
 facet normal -1.000000e+00  1.418333e-15 -9.113313e-15
   outer loop
     vertex -1.840000e+02  4.868472e+02 -8.529177e+01
     vertex -1.840000e+02  4.891932e+02 -8.804536e+01
     vertex -1.840000e+02  4.888955e+02 -8.809170e+01
   endloop
 endfacet
 facet normal -1.000000e+00  0.000000e+00  0.000000e+00
   outer loop
     vertex -1.840000e+02  4.854227e+02 -8.634736e+01
     vertex -1.840000e+02  4.880522e+02 -8.889087e+01
     vertex -1.840000e+02  4.879899e+02 -8.918571e+01
   endloop
 endfacet
 facet normal -1.000000e+00  0.000000e+00  0.000000e+00
   outer loop
     vertex -1.840000e+02  4.854227e+02 -8.634736e+01
     vertex -1.840000e+02  4.859787e+02 -8.611485e+01
     vertex -1.840000e+02  4.880522e+02 -8.889087e+01
   endloop
 endfacet
 facet normal -1.000000e+00  7.733205e-15 -3.733255e-15
   outer loop
     vertex -1.840000e+02  4.871093e+02 -8.474902e+01
     vertex -1.840000e+02  4.891932e+02 -8.804536e+01
     vertex -1.840000e+02  4.868472e+02 -8.529177e+01
   endloop
 endfacet
 facet normal -1.000000e+00  1.143867e-14 -1.390652e-15
   outer loop
     vertex -1.840000e+02  4.871093e+02 -8.474902e+01
     vertex -1.840000e+02  4.897987e+02 -8.306503e+01
     vertex -1.840000e+02  4.891932e+02 -8.804536e+01
   endloop
 endfacet
 facet normal -1.000000e+00  0.000000e+00  0.000000e+00
   outer loop
     vertex -1.840000e+02  4.848272e+02 -8.644004e+01
     vertex -1.840000e+02  4.854227e+02 -8.634736e+01
     vertex -1.840000e+02  4.879899e+02 -8.918571e+01
   endloop
 endfacet
 facet normal -1.000000e+00  0.000000e+00  0.000000e+00
   outer loop
     vertex -1.840000e+02  4.848272e+02 -8.644004e+01
     vertex -1.840000e+02  4.879899e+02 -8.918571e+01
     vertex -1.840000e+02  4.880000e+02 -8.948688e+01
   endloop
 endfacet
 facet normal -1.000000e+00  1.217802e-14 -2.571434e-15
   outer loop
     vertex -1.840000e+02  4.872338e+02 -8.415934e+01
     vertex -1.840000e+02  4.897987e+02 -8.306503e+01
     vertex -1.840000e+02  4.871093e+02 -8.474902e+01
   endloop
 endfacet
 facet normal -1.000000e+00  0.000000e+00  0.000000e+00
   outer loop
     vertex -1.840000e+02  4.842268e+02 -8.638751e+01
     vertex -1.840000e+02  4.848272e+02 -8.644004e+01
     vertex -1.840000e+02  4.880000e+02 -8.948688e+01
   endloop
 endfacet
 facet normal -1.000000e+00  0.000000e+00  0.000000e+00
   outer loop
     vertex -1.840000e+02  4.842268e+02 -8.638751e+01
     vertex -1.840000e+02  4.880000e+02 -8.948688e+01
     vertex -1.840000e+02  4.880819e+02 -8.977688e+01
   endloop
 endfacet
 facet normal -1.000000e+00  1.092443e-14  3.668057e-16
   outer loop
     vertex -1.840000e+02  4.872135e+02 -8.355699e+01
     vertex -1.840000e+02  4.897987e+02 -8.306503e+01
     vertex -1.840000e+02  4.872338e+02 -8.415934e+01
   endloop
 endfacet
 facet normal -1.000000e+00  0.000000e+00 -0.000000e+00
   outer loop
     vertex -1.840000e+02  4.656247e+02 -1.016126e+02
     vertex -1.840000e+02  4.669624e+02 -1.093352e+02
     vertex -1.840000e+02  4.642013e+02 -1.069350e+02
   endloop
 endfacet
 facet normal -1.000000e+00  0.000000e+00 -0.000000e+00
   outer loop
     vertex -1.840000e+02  4.653826e+02 -1.017920e+02
     vertex -1.840000e+02  4.656247e+02 -1.016126e+02
     vertex -1.840000e+02  4.642013e+02 -1.069350e+02
   endloop
 endfacet
 facet normal -1.000000e+00 -1.995037e-15  1.651341e-15
   outer loop
     vertex -1.840000e+02  4.658168e+02 -1.013805e+02
     vertex -1.840000e+02  4.749636e+02 -1.075413e+02
     vertex -1.840000e+02  4.747714e+02 -1.077735e+02
   endloop
 endfacet
 facet normal -1.000000e+00 -3.537717e-15 -5.094837e-16
   outer loop
     vertex -1.840000e+02  4.658168e+02 -1.013805e+02
     vertex -1.840000e+02  4.747714e+02 -1.077735e+02
     vertex -1.840000e+02  4.669624e+02 -1.093352e+02
   endloop
 endfacet
 facet normal -1.000000e+00  0.000000e+00 -0.000000e+00
   outer loop
     vertex -1.840000e+02  4.658168e+02 -1.013805e+02
     vertex -1.840000e+02  4.669624e+02 -1.093352e+02
     vertex -1.840000e+02  4.656247e+02 -1.016126e+02
   endloop
 endfacet
 facet normal -1.000000e+00  0.000000e+00 -0.000000e+00
   outer loop
     vertex -1.840000e+02  4.651045e+02 -1.019083e+02
     vertex -1.840000e+02  4.653826e+02 -1.017920e+02
     vertex -1.840000e+02  4.642013e+02 -1.069350e+02
   endloop
 endfacet
 facet normal -1.000000e+00 -1.606095e-15  2.167468e-15
   outer loop
     vertex -1.840000e+02  4.659478e+02 -1.011091e+02
     vertex -1.840000e+02  4.752057e+02 -1.073619e+02
     vertex -1.840000e+02  4.749636e+02 -1.075413e+02
   endloop
 endfacet
 facet normal -1.000000e+00 -2.344848e-15  1.131991e-15
   outer loop
     vertex -1.840000e+02  4.659478e+02 -1.011091e+02
     vertex -1.840000e+02  4.749636e+02 -1.075413e+02
     vertex -1.840000e+02  4.658168e+02 -1.013805e+02
   endloop
 endfacet
 facet normal -1.000000e+00  0.000000e+00  0.000000e+00
   outer loop
     vertex -1.840000e+02  4.836564e+02 -8.619283e+01
     vertex -1.840000e+02  4.842268e+02 -8.638751e+01
     vertex -1.840000e+02  4.880819e+02 -8.977688e+01
   endloop
 endfacet
 facet normal -1.000000e+00  0.000000e+00  0.000000e+00
   outer loop
     vertex -1.840000e+02  4.836564e+02 -8.619283e+01
     vertex -1.840000e+02  4.882308e+02 -9.003886e+01
     vertex -1.840000e+02  4.871987e+02 -1.018360e+02
   endloop
 endfacet
 facet normal -1.000000e+00  0.000000e+00 -0.000000e+00
   outer loop
     vertex -1.840000e+02  4.836564e+02 -8.619283e+01
     vertex -1.840000e+02  4.871987e+02 -1.018360e+02
     vertex -1.840000e+02  4.820259e+02 -1.048292e+02
   endloop
 endfacet
 facet normal -1.000000e+00  0.000000e+00  0.000000e+00
   outer loop
     vertex -1.840000e+02  4.836564e+02 -8.619283e+01
     vertex -1.840000e+02  4.880819e+02 -8.977688e+01
     vertex -1.840000e+02  4.882308e+02 -9.003886e+01
   endloop
 endfacet
 facet normal -1.000000e+00 -1.061129e-13  9.283676e-15
   outer loop
     vertex -1.840000e+02  4.836564e+02 -8.619283e+01
     vertex -1.840000e+02  4.820259e+02 -1.048292e+02
     vertex -1.840000e+02  4.814699e+02 -1.050617e+02
   endloop
 endfacet
 facet normal -1.000000e+00  0.000000e+00 -0.000000e+00
   outer loop
     vertex -1.840000e+02  4.648068e+02 -1.019546e+02
     vertex -1.840000e+02  4.651045e+02 -1.019083e+02
     vertex -1.840000e+02  4.642013e+02 -1.069350e+02
   endloop
 endfacet
 facet normal -1.000000e+00 -2.686832e-15  5.673347e-16
   outer loop
     vertex -1.840000e+02  4.660101e+02 -1.008143e+02
     vertex -1.840000e+02  4.752057e+02 -1.073619e+02
     vertex -1.840000e+02  4.659478e+02 -1.011091e+02
   endloop
 endfacet
 facet normal -1.000000e+00 -1.143541e-15  2.734755e-15
   outer loop
     vertex -1.840000e+02  4.660101e+02 -1.008143e+02
     vertex -1.840000e+02  4.754837e+02 -1.072457e+02
     vertex -1.840000e+02  4.752057e+02 -1.073619e+02
   endloop
 endfacet
 facet normal -1.000000e+00 -2.223090e-14  2.702714e-15
   outer loop
     vertex -1.840000e+02  4.619996e+02 -1.040132e+02
     vertex -1.840000e+02  4.648068e+02 -1.019546e+02
     vertex -1.840000e+02  4.642013e+02 -1.069350e+02
   endloop
 endfacet
 facet normal -1.000000e+00 -2.158371e-15 -2.467030e-14
   outer loop
     vertex -1.840000e+02  4.619996e+02 -1.040132e+02
     vertex -1.840000e+02  4.645066e+02 -1.019284e+02
     vertex -1.840000e+02  4.648068e+02 -1.019546e+02
   endloop
 endfacet
 facet normal -1.000000e+00  1.043354e-14  2.946343e-15
   outer loop
     vertex -1.840000e+02  4.870498e+02 -8.297699e+01
     vertex -1.840000e+02  4.897987e+02 -8.306503e+01
     vertex -1.840000e+02  4.872135e+02 -8.355699e+01
   endloop
 endfacet
 facet normal -1.000000e+00 -3.070075e-15 -1.030828e-16
   outer loop
     vertex -1.840000e+02  4.660000e+02 -1.005131e+02
     vertex -1.840000e+02  4.754837e+02 -1.072457e+02
     vertex -1.840000e+02  4.660101e+02 -1.008143e+02
   endloop
 endfacet
 facet normal -1.000000e+00 -5.388732e-16  3.462458e-15
   outer loop
     vertex -1.840000e+02  4.660000e+02 -1.005131e+02
     vertex -1.840000e+02  4.757815e+02 -1.071993e+02
     vertex -1.840000e+02  4.754837e+02 -1.072457e+02
   endloop
 endfacet
 facet normal -1.000000e+00 -6.598256e-15 -1.933119e-14
   outer loop
     vertex -1.840000e+02  4.642214e+02 -1.018310e+02
     vertex -1.840000e+02  4.645066e+02 -1.019284e+02
     vertex -1.840000e+02  4.619996e+02 -1.040132e+02
   endloop
 endfacet
 facet normal -1.000000e+00 -1.799608e-15 -2.804006e-15
   outer loop
     vertex -1.840000e+02  4.831492e+02 -8.586730e+01
     vertex -1.840000e+02  4.836564e+02 -8.619283e+01
     vertex -1.840000e+02  4.814699e+02 -1.050617e+02
   endloop
 endfacet
 facet normal -1.000000e+00 -3.600718e-15 -1.016812e-15
   outer loop
     vertex -1.840000e+02  4.659181e+02 -1.002231e+02
     vertex -1.840000e+02  4.757815e+02 -1.071993e+02
     vertex -1.840000e+02  4.660000e+02 -1.005131e+02
   endloop
 endfacet
 facet normal -1.000000e+00 -1.011114e-14 -1.575438e-14
   outer loop
     vertex -1.840000e+02  4.639678e+02 -1.016683e+02
     vertex -1.840000e+02  4.642214e+02 -1.018310e+02
     vertex -1.840000e+02  4.619996e+02 -1.040132e+02
   endloop
 endfacet
 facet normal -1.000000e+00  1.053089e-14  5.986118e-15
   outer loop
     vertex -1.840000e+02  4.867519e+02 -8.245304e+01
     vertex -1.840000e+02  4.897987e+02 -8.306503e+01
     vertex -1.840000e+02  4.870498e+02 -8.297699e+01
   endloop
 endfacet
 facet normal -1.000000e+00 -1.356495e-14 -1.285536e-14
   outer loop
     vertex -1.840000e+02  4.637605e+02 -1.014495e+02
     vertex -1.840000e+02  4.639678e+02 -1.016683e+02
     vertex -1.840000e+02  4.619996e+02 -1.040132e+02
   endloop
 endfacet
 facet normal -1.000000e+00 -1.766312e-14 -1.004032e-14
   outer loop
     vertex -1.840000e+02  4.636116e+02 -1.011876e+02
     vertex -1.840000e+02  4.637605e+02 -1.014495e+02
     vertex -1.840000e+02  4.619996e+02 -1.040132e+02
   endloop
 endfacet
 facet normal -1.000000e+00  0.000000e+00  0.000000e+00
   outer loop
     vertex -1.840000e+02  4.870376e+02 -8.066484e+01
     vertex -1.840000e+02  4.863374e+02 -8.201559e+01
     vertex -1.840000e+02  4.858302e+02 -8.169007e+01
   endloop
 endfacet
 facet normal -1.000000e+00  0.000000e+00  0.000000e+00
   outer loop
     vertex -1.840000e+02  4.870376e+02 -8.066484e+01
     vertex -1.840000e+02  4.867519e+02 -8.245304e+01
     vertex -1.840000e+02  4.863374e+02 -8.201559e+01
   endloop
 endfacet
 facet normal -1.000000e+00  9.038465e-15 -1.443879e-15
   outer loop
     vertex -1.840000e+02  4.870376e+02 -8.066484e+01
     vertex -1.840000e+02  4.897987e+02 -8.306503e+01
     vertex -1.840000e+02  4.867519e+02 -8.245304e+01
   endloop
 endfacet
 facet normal -1.000000e+00  0.000000e+00  0.000000e+00
   outer loop
     vertex -1.840000e+02  4.852598e+02 -8.149538e+01
     vertex -1.840000e+02  4.870376e+02 -8.066484e+01
     vertex -1.840000e+02  4.858302e+02 -8.169007e+01
   endloop
 endfacet
 facet normal -1.000000e+00 -1.866876e-14  3.941979e-15
   outer loop
     vertex -1.840000e+02  4.604534e+02 -1.006974e+02
     vertex -1.840000e+02  4.635819e+02 -1.003016e+02
     vertex -1.840000e+02  4.635196e+02 -1.005964e+02
   endloop
 endfacet
 facet normal -1.000000e+00 -1.935214e-14  9.342374e-15
   outer loop
     vertex -1.840000e+02  4.604534e+02 -1.006974e+02
     vertex -1.840000e+02  4.637129e+02 -1.000302e+02
     vertex -1.840000e+02  4.635819e+02 -1.003016e+02
   endloop
 endfacet
 facet normal -1.000000e+00 -1.940293e-14 -9.047735e-15
   outer loop
     vertex -1.840000e+02  4.604534e+02 -1.006974e+02
     vertex -1.840000e+02  4.636116e+02 -1.011876e+02
     vertex -1.840000e+02  4.619996e+02 -1.040132e+02
   endloop
 endfacet
 facet normal -1.000000e+00 -1.882374e-14 -5.315664e-15
   outer loop
     vertex -1.840000e+02  4.604534e+02 -1.006974e+02
     vertex -1.840000e+02  4.635297e+02 -1.008976e+02
     vertex -1.840000e+02  4.636116e+02 -1.011876e+02
   endloop
 endfacet
 facet normal -1.000000e+00 -1.851837e-14 -6.217845e-16
   outer loop
     vertex -1.840000e+02  4.604534e+02 -1.006974e+02
     vertex -1.840000e+02  4.635196e+02 -1.005964e+02
     vertex -1.840000e+02  4.635297e+02 -1.008976e+02
   endloop
 endfacet
 facet normal -1.000000e+00  0.000000e+00  0.000000e+00
   outer loop
     vertex -1.840000e+02  4.652710e+02 -9.563799e+01
     vertex -1.840000e+02  4.655619e+02 -9.974242e+01
     vertex -1.840000e+02  4.653083e+02 -9.957966e+01
   endloop
 endfacet
 facet normal -1.000000e+00  0.000000e+00  0.000000e+00
   outer loop
     vertex -1.840000e+02  4.647868e+02 -9.599680e+01
     vertex -1.840000e+02  4.653083e+02 -9.957966e+01
     vertex -1.840000e+02  4.650231e+02 -9.948231e+01
   endloop
 endfacet
 facet normal -1.000000e+00  0.000000e+00  0.000000e+00
   outer loop
     vertex -1.840000e+02  4.647868e+02 -9.599680e+01
     vertex -1.840000e+02  4.652710e+02 -9.563799e+01
     vertex -1.840000e+02  4.653083e+02 -9.957966e+01
   endloop
 endfacet
 facet normal -1.000000e+00  0.000000e+00 -0.000000e+00
   outer loop
     vertex -1.840000e+02  4.656553e+02 -9.517372e+01
     vertex -1.840000e+02  4.657692e+02 -9.996114e+01
     vertex -1.840000e+02  4.655619e+02 -9.974242e+01
   endloop
 endfacet
 facet normal -1.000000e+00  0.000000e+00  0.000000e+00
   outer loop
     vertex -1.840000e+02  4.656553e+02 -9.517372e+01
     vertex -1.840000e+02  4.659181e+02 -1.002231e+02
     vertex -1.840000e+02  4.657692e+02 -9.996114e+01
   endloop
 endfacet
 facet normal -1.000000e+00  0.000000e+00  0.000000e+00
   outer loop
     vertex -1.840000e+02  4.656553e+02 -9.517372e+01
     vertex -1.840000e+02  4.655619e+02 -9.974242e+01
     vertex -1.840000e+02  4.652710e+02 -9.563799e+01
   endloop
 endfacet
 facet normal -1.000000e+00  0.000000e+00  0.000000e+00
   outer loop
     vertex -1.840000e+02  4.642308e+02 -9.622931e+01
     vertex -1.840000e+02  4.647229e+02 -9.945605e+01
     vertex -1.840000e+02  4.644251e+02 -9.950239e+01
   endloop
 endfacet
 facet normal -1.000000e+00  0.000000e+00  0.000000e+00
   outer loop
     vertex -1.840000e+02  4.642308e+02 -9.622931e+01
     vertex -1.840000e+02  4.650231e+02 -9.948231e+01
     vertex -1.840000e+02  4.647229e+02 -9.945605e+01
   endloop
 endfacet
 facet normal -1.000000e+00  0.000000e+00  0.000000e+00
   outer loop
     vertex -1.840000e+02  4.642308e+02 -9.622931e+01
     vertex -1.840000e+02  4.647868e+02 -9.599680e+01
     vertex -1.840000e+02  4.650231e+02 -9.948231e+01
   endloop
 endfacet
 facet normal -1.000000e+00  3.696707e-15  5.162678e-15
   outer loop
     vertex -1.840000e+02  4.659173e+02 -9.463097e+01
     vertex -1.840000e+02  4.809857e+02 -1.054206e+02
     vertex -1.840000e+02  4.757815e+02 -1.071993e+02
   endloop
 endfacet
 facet normal -1.000000e+00  0.000000e+00 -0.000000e+00
   outer loop
     vertex -1.840000e+02  4.659173e+02 -9.463097e+01
     vertex -1.840000e+02  4.659181e+02 -1.002231e+02
     vertex -1.840000e+02  4.656553e+02 -9.517372e+01
   endloop
 endfacet
 facet normal -1.000000e+00 -2.881811e-15 -3.799399e-19
   outer loop
     vertex -1.840000e+02  4.659173e+02 -9.463097e+01
     vertex -1.840000e+02  4.757815e+02 -1.071993e+02
     vertex -1.840000e+02  4.659181e+02 -1.002231e+02
   endloop
 endfacet
 facet normal -1.000000e+00  0.000000e+00  0.000000e+00
   outer loop
     vertex -1.840000e+02  4.659173e+02 -9.463097e+01
     vertex -1.840000e+02  4.814699e+02 -1.050617e+02
     vertex -1.840000e+02  4.809857e+02 -1.054206e+02
   endloop
 endfacet
 facet normal -1.000000e+00  0.000000e+00  0.000000e+00
   outer loop
     vertex -1.840000e+02  4.636353e+02 -9.632199e+01
     vertex -1.840000e+02  4.644251e+02 -9.950239e+01
     vertex -1.840000e+02  4.641471e+02 -9.961864e+01
   endloop
 endfacet
 facet normal -1.000000e+00  0.000000e+00  0.000000e+00
   outer loop
     vertex -1.840000e+02  4.636353e+02 -9.632199e+01
     vertex -1.840000e+02  4.642308e+02 -9.622931e+01
     vertex -1.840000e+02  4.644251e+02 -9.950239e+01
   endloop
 endfacet
 facet normal -1.000000e+00  0.000000e+00 -0.000000e+00
   outer loop
     vertex -1.840000e+02  4.660419e+02 -9.404129e+01
     vertex -1.840000e+02  4.814699e+02 -1.050617e+02
     vertex -1.840000e+02  4.659173e+02 -9.463097e+01
   endloop
 endfacet
 facet normal -1.000000e+00 -1.990979e-15 -2.787263e-15
   outer loop
     vertex -1.840000e+02  4.660419e+02 -9.404129e+01
     vertex -1.840000e+02  4.831492e+02 -8.586730e+01
     vertex -1.840000e+02  4.814699e+02 -1.050617e+02
   endloop
 endfacet
 facet normal -1.000000e+00  0.000000e+00  0.000000e+00
   outer loop
     vertex -1.840000e+02  4.838378e+02 -7.889117e+01
     vertex -1.840000e+02  4.835078e+02 -8.176804e+01
     vertex -1.840000e+02  4.830236e+02 -8.212686e+01
   endloop
 endfacet
 facet normal -1.000000e+00  0.000000e+00 -0.000000e+00
   outer loop
     vertex -1.840000e+02  4.838378e+02 -7.889117e+01
     vertex -1.840000e+02  4.840639e+02 -8.153554e+01
     vertex -1.840000e+02  4.835078e+02 -8.176804e+01
   endloop
 endfacet
 facet normal -1.000000e+00  0.000000e+00  0.000000e+00
   outer loop
     vertex -1.840000e+02  4.838378e+02 -7.889117e+01
     vertex -1.840000e+02  4.846594e+02 -8.144286e+01
     vertex -1.840000e+02  4.840639e+02 -8.153554e+01
   endloop
 endfacet
 facet normal -1.000000e+00  0.000000e+00  0.000000e+00
   outer loop
     vertex -1.840000e+02  4.838378e+02 -7.889117e+01
     vertex -1.840000e+02  4.852598e+02 -8.149538e+01
     vertex -1.840000e+02  4.846594e+02 -8.144286e+01
   endloop
 endfacet
 facet normal -1.000000e+00  0.000000e+00  0.000000e+00
   outer loop
     vertex -1.840000e+02  4.838378e+02 -7.889117e+01
     vertex -1.840000e+02  4.870376e+02 -8.066484e+01
     vertex -1.840000e+02  4.852598e+02 -8.149538e+01
   endloop
 endfacet
 facet normal -1.000000e+00  0.000000e+00  0.000000e+00
   outer loop
     vertex -1.840000e+02  4.630349e+02 -9.626946e+01
     vertex -1.840000e+02  4.636353e+02 -9.632199e+01
     vertex -1.840000e+02  4.641471e+02 -9.961864e+01
   endloop
 endfacet
 facet normal -1.000000e+00  0.000000e+00  0.000000e+00
   outer loop
     vertex -1.840000e+02  4.630349e+02 -9.626946e+01
     vertex -1.840000e+02  4.641471e+02 -9.961864e+01
     vertex -1.840000e+02  4.639050e+02 -9.979805e+01
   endloop
 endfacet
 facet normal -1.000000e+00 -2.338934e-15 -2.216583e-15
   outer loop
     vertex -1.840000e+02  4.660216e+02 -9.343894e+01
     vertex -1.840000e+02  4.827346e+02 -8.542985e+01
     vertex -1.840000e+02  4.831492e+02 -8.586730e+01
   endloop
 endfacet
 facet normal -1.000000e+00 -3.270284e-15 -1.098051e-16
   outer loop
     vertex -1.840000e+02  4.660216e+02 -9.343894e+01
     vertex -1.840000e+02  4.831492e+02 -8.586730e+01
     vertex -1.840000e+02  4.660419e+02 -9.404129e+01
   endloop
 endfacet
 facet normal -1.000000e+00 -1.790971e-14 -6.013479e-16
   outer loop
     vertex -1.840000e+02  4.790364e+02 -8.245867e+01
     vertex -1.840000e+02  4.822528e+02 -8.372356e+01
     vertex -1.840000e+02  4.822730e+02 -8.432590e+01
   endloop
 endfacet
 facet normal -1.000000e+00 -9.874706e-15  1.332618e-14
   outer loop
     vertex -1.840000e+02  4.787943e+02 -8.263807e+01
     vertex -1.840000e+02  4.790364e+02 -8.245867e+01
     vertex -1.840000e+02  4.822730e+02 -8.432590e+01
   endloop
 endfacet
 facet normal -1.000000e+00 -1.701738e-14  3.593283e-15
   outer loop
     vertex -1.840000e+02  4.792286e+02 -8.222653e+01
     vertex -1.840000e+02  4.823773e+02 -8.313388e+01
     vertex -1.840000e+02  4.822528e+02 -8.372356e+01
   endloop
 endfacet
 facet normal -1.000000e+00 -1.333307e-14  1.103611e-14
   outer loop
     vertex -1.840000e+02  4.792286e+02 -8.222653e+01
     vertex -1.840000e+02  4.822528e+02 -8.372356e+01
     vertex -1.840000e+02  4.790364e+02 -8.245867e+01
   endloop
 endfacet
 facet normal -1.000000e+00  4.734491e-14  1.312587e-13
   outer loop
     vertex -1.840000e+02  4.785163e+02 -8.275433e+01
     vertex -1.840000e+02  4.787943e+02 -8.263807e+01
     vertex -1.840000e+02  4.822730e+02 -8.432590e+01
   endloop
 endfacet
 facet normal -1.000000e+00 -8.579068e-15 -2.422656e-15
   outer loop
     vertex -1.840000e+02  4.785163e+02 -8.275433e+01
     vertex -1.840000e+02  4.822730e+02 -8.432590e+01
     vertex -1.840000e+02  4.824368e+02 -8.490590e+01
   endloop
 endfacet
 facet normal -1.000000e+00 -1.584815e-14  7.650798e-15
   outer loop
     vertex -1.840000e+02  4.793596e+02 -8.195516e+01
     vertex -1.840000e+02  4.823773e+02 -8.313388e+01
     vertex -1.840000e+02  4.792286e+02 -8.222653e+01
   endloop
 endfacet
 facet normal -1.000000e+00  0.000000e+00  0.000000e+00
   outer loop
     vertex -1.840000e+02  4.624645e+02 -9.607478e+01
     vertex -1.840000e+02  4.630349e+02 -9.626946e+01
     vertex -1.840000e+02  4.639050e+02 -9.979805e+01
   endloop
 endfacet
 facet normal -1.000000e+00  0.000000e+00  0.000000e+00
   outer loop
     vertex -1.840000e+02  4.624645e+02 -9.607478e+01
     vertex -1.840000e+02  4.639050e+02 -9.979805e+01
     vertex -1.840000e+02  4.637129e+02 -1.000302e+02
   endloop
 endfacet
 facet normal -1.000000e+00 -1.601659e-15  1.029125e-14
   outer loop
     vertex -1.840000e+02  4.782185e+02 -8.280067e+01
     vertex -1.840000e+02  4.785163e+02 -8.275433e+01
     vertex -1.840000e+02  4.824368e+02 -8.490590e+01
   endloop
 endfacet
 facet normal -1.000000e+00 -9.406273e-15 -5.346848e-15
   outer loop
     vertex -1.840000e+02  4.782185e+02 -8.280067e+01
     vertex -1.840000e+02  4.824368e+02 -8.490590e+01
     vertex -1.840000e+02  4.827346e+02 -8.542985e+01
   endloop
 endfacet
 facet normal -1.000000e+00 -1.550204e-14  7.483713e-15
   outer loop
     vertex -1.840000e+02  4.794218e+02 -8.166032e+01
     vertex -1.840000e+02  4.826393e+02 -8.259113e+01
     vertex -1.840000e+02  4.823773e+02 -8.313388e+01
   endloop
 endfacet
 facet normal -1.000000e+00 -1.740135e-14  3.674359e-15
   outer loop
     vertex -1.840000e+02  4.794218e+02 -8.166032e+01
     vertex -1.840000e+02  4.823773e+02 -8.313388e+01
     vertex -1.840000e+02  4.793596e+02 -8.195516e+01
   endloop
 endfacet
 facet normal -1.000000e+00 -4.563664e-15  2.425883e-15
   outer loop
     vertex -1.840000e+02  4.779184e+02 -8.277440e+01
     vertex -1.840000e+02  4.827346e+02 -8.542985e+01
     vertex -1.840000e+02  4.660216e+02 -9.343894e+01
   endloop
 endfacet
 facet normal -1.000000e+00  1.113021e-15  1.272189e-14
   outer loop
     vertex -1.840000e+02  4.779184e+02 -8.277440e+01
     vertex -1.840000e+02  4.782185e+02 -8.280067e+01
     vertex -1.840000e+02  4.827346e+02 -8.542985e+01
   endloop
 endfacet
 facet normal -1.000000e+00 -1.338332e-14  1.107770e-14
   outer loop
     vertex -1.840000e+02  4.794117e+02 -8.135914e+01
     vertex -1.840000e+02  4.830236e+02 -8.212686e+01
     vertex -1.840000e+02  4.826393e+02 -8.259113e+01
   endloop
 endfacet
 facet normal -1.000000e+00 -1.784037e-14 -5.990196e-16
   outer loop
     vertex -1.840000e+02  4.794117e+02 -8.135914e+01
     vertex -1.840000e+02  4.826393e+02 -8.259113e+01
     vertex -1.840000e+02  4.794218e+02 -8.166032e+01
   endloop
 endfacet
 facet normal -1.000000e+00 -1.435469e-14  3.612001e-15
   outer loop
     vertex -1.840000e+02  4.793298e+02 -8.106914e+01
     vertex -1.840000e+02  4.838378e+02 -7.889117e+01
     vertex -1.840000e+02  4.830236e+02 -8.212686e+01
   endloop
 endfacet
 facet normal -1.000000e+00 -1.674286e-14 -4.728042e-15
   outer loop
     vertex -1.840000e+02  4.793298e+02 -8.106914e+01
     vertex -1.840000e+02  4.830236e+02 -8.212686e+01
     vertex -1.840000e+02  4.794117e+02 -8.135914e+01
   endloop
 endfacet
 facet normal -1.000000e+00 -1.794326e-14 -5.663055e-15
   outer loop
     vertex -1.840000e+02  4.596304e+02 -9.713271e+01
     vertex -1.840000e+02  4.624645e+02 -9.607478e+01
     vertex -1.840000e+02  4.637129e+02 -1.000302e+02
   endloop
 endfacet
 facet normal -1.000000e+00 -5.389472e-14  9.064588e-14
   outer loop
     vertex -1.840000e+02  4.596304e+02 -9.713271e+01
     vertex -1.840000e+02  4.619573e+02 -9.574925e+01
     vertex -1.840000e+02  4.624645e+02 -9.607478e+01
   endloop
 endfacet
 facet normal -1.000000e+00 -1.665259e-14 -3.844553e-15
   outer loop
     vertex -1.840000e+02  4.596304e+02 -9.713271e+01
     vertex -1.840000e+02  4.637129e+02 -1.000302e+02
     vertex -1.840000e+02  4.604534e+02 -1.006974e+02
   endloop
 endfacet
 facet normal -1.000000e+00  0.000000e+00 -0.000000e+00
   outer loop
     vertex -1.840000e+02  4.615427e+02 -9.531180e+01
     vertex -1.840000e+02  4.619573e+02 -9.574925e+01
     vertex -1.840000e+02  4.596304e+02 -9.713271e+01
   endloop
 endfacet
 facet normal -1.000000e+00  0.000000e+00 -0.000000e+00
   outer loop
     vertex -1.840000e+02  4.612449e+02 -9.478785e+01
     vertex -1.840000e+02  4.615427e+02 -9.531180e+01
     vertex -1.840000e+02  4.596304e+02 -9.713271e+01
   endloop
 endfacet
 facet normal -1.000000e+00 -1.483749e-14  4.611296e-15
   outer loop
     vertex -1.840000e+02  4.803392e+02 -7.782152e+01
     vertex -1.840000e+02  4.838378e+02 -7.889117e+01
     vertex -1.840000e+02  4.793298e+02 -8.106914e+01
   endloop
 endfacet
 facet normal -1.000000e+00  9.301109e-16  1.063122e-14
   outer loop
     vertex -1.840000e+02  4.803392e+02 -7.782152e+01
     vertex -1.840000e+02  4.784349e+02 -8.032834e+01
     vertex -1.840000e+02  4.781347e+02 -8.030208e+01
   endloop
 endfacet
 facet normal -1.000000e+00  8.221297e-14 -5.111547e-14
   outer loop
     vertex -1.840000e+02  4.803392e+02 -7.782152e+01
     vertex -1.840000e+02  4.787200e+02 -8.042568e+01
     vertex -1.840000e+02  4.784349e+02 -8.032834e+01
   endloop
 endfacet
 facet normal -1.000000e+00  0.000000e+00  0.000000e+00
   outer loop
     vertex -1.840000e+02  4.803392e+02 -7.782152e+01
     vertex -1.840000e+02  4.789736e+02 -8.058844e+01
     vertex -1.840000e+02  4.787200e+02 -8.042568e+01
   endloop
 endfacet
 facet normal -1.000000e+00  0.000000e+00  0.000000e+00
   outer loop
     vertex -1.840000e+02  4.803392e+02 -7.782152e+01
     vertex -1.840000e+02  4.791809e+02 -8.080717e+01
     vertex -1.840000e+02  4.789736e+02 -8.058844e+01
   endloop
 endfacet
 facet normal -1.000000e+00  0.000000e+00  0.000000e+00
   outer loop
     vertex -1.840000e+02  4.803392e+02 -7.782152e+01
     vertex -1.840000e+02  4.793298e+02 -8.106914e+01
     vertex -1.840000e+02  4.791809e+02 -8.080717e+01
   endloop
 endfacet
 facet normal -1.000000e+00  0.000000e+00 -0.000000e+00
   outer loop
     vertex -1.840000e+02  4.665592e+02 -8.834342e+01
     vertex -1.840000e+02  4.668013e+02 -8.816401e+01
     vertex -1.840000e+02  4.658578e+02 -9.285894e+01
   endloop
 endfacet
 facet normal -1.000000e+00  0.000000e+00  0.000000e+00
   outer loop
     vertex -1.840000e+02  4.665592e+02 -8.834342e+01
     vertex -1.840000e+02  4.658578e+02 -9.285894e+01
     vertex -1.840000e+02  4.655600e+02 -9.233499e+01
   endloop
 endfacet
 facet normal -1.000000e+00 -2.837964e-15  5.007953e-16
   outer loop
     vertex -1.840000e+02  4.669934e+02 -8.793188e+01
     vertex -1.840000e+02  4.779184e+02 -8.277440e+01
     vertex -1.840000e+02  4.660216e+02 -9.343894e+01
   endloop
 endfacet
 facet normal -1.000000e+00  0.000000e+00  0.000000e+00
   outer loop
     vertex -1.840000e+02  4.669934e+02 -8.793188e+01
     vertex -1.840000e+02  4.658578e+02 -9.285894e+01
     vertex -1.840000e+02  4.668013e+02 -8.816401e+01
   endloop
 endfacet
 facet normal -1.000000e+00  0.000000e+00  0.000000e+00
   outer loop
     vertex -1.840000e+02  4.669934e+02 -8.793188e+01
     vertex -1.840000e+02  4.660216e+02 -9.343894e+01
     vertex -1.840000e+02  4.658578e+02 -9.285894e+01
   endloop
 endfacet
 facet normal -1.000000e+00  0.000000e+00 -0.000000e+00
   outer loop
     vertex -1.840000e+02  4.662812e+02 -8.845967e+01
     vertex -1.840000e+02  4.665592e+02 -8.834342e+01
     vertex -1.840000e+02  4.655600e+02 -9.233499e+01
   endloop
 endfacet
 facet normal -1.000000e+00  0.000000e+00  0.000000e+00
   outer loop
     vertex -1.840000e+02  4.662812e+02 -8.845967e+01
     vertex -1.840000e+02  4.655600e+02 -9.233499e+01
     vertex -1.840000e+02  4.651454e+02 -9.189754e+01
   endloop
 endfacet
 facet normal -1.000000e+00 -1.131936e-15 -3.316281e-15
   outer loop
     vertex -1.840000e+02  4.671244e+02 -8.766050e+01
     vertex -1.840000e+02  4.776332e+02 -8.267706e+01
     vertex -1.840000e+02  4.779184e+02 -8.277440e+01
   endloop
 endfacet
 facet normal -1.000000e+00 -3.369448e-15  1.626623e-15
   outer loop
     vertex -1.840000e+02  4.671244e+02 -8.766050e+01
     vertex -1.840000e+02  4.779184e+02 -8.277440e+01
     vertex -1.840000e+02  4.669934e+02 -8.793188e+01
   endloop
 endfacet
 facet normal -1.000000e+00  0.000000e+00 -0.000000e+00
   outer loop
     vertex -1.840000e+02  4.659834e+02 -8.850601e+01
     vertex -1.840000e+02  4.662812e+02 -8.845967e+01
     vertex -1.840000e+02  4.651454e+02 -9.189754e+01
   endloop
 endfacet
 facet normal -1.000000e+00  0.000000e+00  0.000000e+00
   outer loop
     vertex -1.840000e+02  4.659834e+02 -8.850601e+01
     vertex -1.840000e+02  4.651454e+02 -9.189754e+01
     vertex -1.840000e+02  4.646382e+02 -9.157202e+01
   endloop
 endfacet
 facet normal -1.000000e+00 -1.601053e-15 -2.494634e-15
   outer loop
     vertex -1.840000e+02  4.671867e+02 -8.736566e+01
     vertex -1.840000e+02  4.773796e+02 -8.251430e+01
     vertex -1.840000e+02  4.776332e+02 -8.267706e+01
   endloop
 endfacet
 facet normal -1.000000e+00 -3.005533e-15  6.346296e-16
   outer loop
     vertex -1.840000e+02  4.671867e+02 -8.736566e+01
     vertex -1.840000e+02  4.776332e+02 -8.267706e+01
     vertex -1.840000e+02  4.671244e+02 -8.766050e+01
   endloop
 endfacet
 facet normal -1.000000e+00  0.000000e+00 -0.000000e+00
   outer loop
     vertex -1.840000e+02  4.656832e+02 -8.847975e+01
     vertex -1.840000e+02  4.659834e+02 -8.850601e+01
     vertex -1.840000e+02  4.646382e+02 -9.157202e+01
   endloop
 endfacet
 facet normal -1.000000e+00  0.000000e+00  0.000000e+00
   outer loop
     vertex -1.840000e+02  4.595666e+02 -9.347477e+01
     vertex -1.840000e+02  4.611854e+02 -9.301583e+01
     vertex -1.840000e+02  4.610609e+02 -9.360551e+01
   endloop
 endfacet
 facet normal -1.000000e+00  0.000000e+00  0.000000e+00
   outer loop
     vertex -1.840000e+02  4.595666e+02 -9.347477e+01
     vertex -1.840000e+02  4.614474e+02 -9.247308e+01
     vertex -1.840000e+02  4.611854e+02 -9.301583e+01
   endloop
 endfacet
 facet normal -1.000000e+00  0.000000e+00  0.000000e+00
   outer loop
     vertex -1.840000e+02  4.595666e+02 -9.347477e+01
     vertex -1.840000e+02  4.612449e+02 -9.478785e+01
     vertex -1.840000e+02  4.596304e+02 -9.713271e+01
   endloop
 endfacet
 facet normal -1.000000e+00  0.000000e+00  0.000000e+00
   outer loop
     vertex -1.840000e+02  4.595666e+02 -9.347477e+01
     vertex -1.840000e+02  4.610811e+02 -9.420785e+01
     vertex -1.840000e+02  4.612449e+02 -9.478785e+01
   endloop
 endfacet
 facet normal -1.000000e+00  0.000000e+00  0.000000e+00
   outer loop
     vertex -1.840000e+02  4.595666e+02 -9.347477e+01
     vertex -1.840000e+02  4.610609e+02 -9.360551e+01
     vertex -1.840000e+02  4.610811e+02 -9.420785e+01
   endloop
 endfacet
 facet normal -1.000000e+00 -1.958071e-15 -1.855644e-15
   outer loop
     vertex -1.840000e+02  4.671766e+02 -8.706449e+01
     vertex -1.840000e+02  4.771723e+02 -8.229557e+01
     vertex -1.840000e+02  4.773796e+02 -8.251430e+01
   endloop
 endfacet
 facet normal -1.000000e+00 -2.744530e-15 -9.215208e-17
   outer loop
     vertex -1.840000e+02  4.671766e+02 -8.706449e+01
     vertex -1.840000e+02  4.773796e+02 -8.251430e+01
     vertex -1.840000e+02  4.671867e+02 -8.736566e+01
   endloop
 endfacet
 facet normal -1.000000e+00  0.000000e+00 -0.000000e+00
   outer loop
     vertex -1.840000e+02  4.653980e+02 -8.838241e+01
     vertex -1.840000e+02  4.656832e+02 -8.847975e+01
     vertex -1.840000e+02  4.646382e+02 -9.157202e+01
   endloop
 endfacet
 facet normal -1.000000e+00  0.000000e+00  0.000000e+00
   outer loop
     vertex -1.840000e+02  4.653980e+02 -8.838241e+01
     vertex -1.840000e+02  4.646382e+02 -9.157202e+01
     vertex -1.840000e+02  4.640679e+02 -9.137733e+01
   endloop
 endfacet
 facet normal -1.000000e+00 -2.251480e-15 -1.279819e-15
   outer loop
     vertex -1.840000e+02  4.670947e+02 -8.677449e+01
     vertex -1.840000e+02  4.770234e+02 -8.203360e+01
     vertex -1.840000e+02  4.771723e+02 -8.229557e+01
   endloop
 endfacet
 facet normal -1.000000e+00 -2.505792e-15 -7.076146e-16
   outer loop
     vertex -1.840000e+02  4.670947e+02 -8.677449e+01
     vertex -1.840000e+02  4.771723e+02 -8.229557e+01
     vertex -1.840000e+02  4.671766e+02 -8.706449e+01
   endloop
 endfacet
 facet normal -1.000000e+00  0.000000e+00 -0.000000e+00
   outer loop
     vertex -1.840000e+02  4.651444e+02 -8.821965e+01
     vertex -1.840000e+02  4.653980e+02 -8.838241e+01
     vertex -1.840000e+02  4.640679e+02 -9.137733e+01
   endloop
 endfacet
 facet normal -1.000000e+00  0.000000e+00  0.000000e+00
   outer loop
     vertex -1.840000e+02  4.651444e+02 -8.821965e+01
     vertex -1.840000e+02  4.640679e+02 -9.137733e+01
     vertex -1.840000e+02  4.634675e+02 -9.132481e+01
   endloop
 endfacet
 facet normal -1.000000e+00  0.000000e+00 -0.000000e+00
   outer loop
     vertex -1.840000e+02  4.649371e+02 -8.800092e+01
     vertex -1.840000e+02  4.651444e+02 -8.821965e+01
     vertex -1.840000e+02  4.634675e+02 -9.132481e+01
   endloop
 endfacet
 facet normal -1.000000e+00  0.000000e+00  0.000000e+00
   outer loop
     vertex -1.840000e+02  4.649371e+02 -8.800092e+01
     vertex -1.840000e+02  4.634675e+02 -9.132481e+01
     vertex -1.840000e+02  4.628720e+02 -9.141749e+01
   endloop
 endfacet
 facet normal -1.000000e+00  0.000000e+00 -0.000000e+00
   outer loop
     vertex -1.840000e+02  4.647882e+02 -8.773895e+01
     vertex -1.840000e+02  4.649371e+02 -8.800092e+01
     vertex -1.840000e+02  4.628720e+02 -9.141749e+01
   endloop
 endfacet
 facet normal -1.000000e+00  8.165874e-15  4.200689e-15
   outer loop
     vertex -1.840000e+02  4.766946e+02 -7.750267e+01
     vertex -1.840000e+02  4.803392e+02 -7.782152e+01
     vertex -1.840000e+02  4.781347e+02 -8.030208e+01
   endloop
 endfacet
 facet normal -1.000000e+00  0.000000e+00  0.000000e+00
   outer loop
     vertex -1.840000e+02  4.766946e+02 -7.750267e+01
     vertex -1.840000e+02  4.773168e+02 -8.064408e+01
     vertex -1.840000e+02  4.771246e+02 -8.087621e+01
   endloop
 endfacet
 facet normal -1.000000e+00  0.000000e+00  0.000000e+00
   outer loop
     vertex -1.840000e+02  4.766946e+02 -7.750267e+01
     vertex -1.840000e+02  4.775589e+02 -8.046467e+01
     vertex -1.840000e+02  4.773168e+02 -8.064408e+01
   endloop
 endfacet
 facet normal -1.000000e+00  0.000000e+00  0.000000e+00
   outer loop
     vertex -1.840000e+02  4.766946e+02 -7.750267e+01
     vertex -1.840000e+02  4.778369e+02 -8.034842e+01
     vertex -1.840000e+02  4.775589e+02 -8.046467e+01
   endloop
 endfacet
 facet normal -1.000000e+00  0.000000e+00  0.000000e+00
   outer loop
     vertex -1.840000e+02  4.766946e+02 -7.750267e+01
     vertex -1.840000e+02  4.781347e+02 -8.030208e+01
     vertex -1.840000e+02  4.778369e+02 -8.034842e+01
   endloop
 endfacet
 facet normal -1.000000e+00  0.000000e+00 -0.000000e+00
   outer loop
     vertex -1.840000e+02  4.602647e+02 -8.988350e+01
     vertex -1.840000e+02  4.614474e+02 -9.247308e+01
     vertex -1.840000e+02  4.595666e+02 -9.347477e+01
   endloop
 endfacet
 facet normal -1.000000e+00 -1.668728e-14  8.692834e-15
   outer loop
     vertex -1.840000e+02  4.602647e+02 -8.988350e+01
     vertex -1.840000e+02  4.647882e+02 -8.773895e+01
     vertex -1.840000e+02  4.628720e+02 -9.141749e+01
   endloop
 endfacet
 facet normal -1.000000e+00  0.000000e+00  0.000000e+00
   outer loop
     vertex -1.840000e+02  4.602647e+02 -8.988350e+01
     vertex -1.840000e+02  4.618317e+02 -9.200881e+01
     vertex -1.840000e+02  4.614474e+02 -9.247308e+01
   endloop
 endfacet
 facet normal -1.000000e+00 -7.591349e-14 -5.597258e-14
   outer loop
     vertex -1.840000e+02  4.602647e+02 -8.988350e+01
     vertex -1.840000e+02  4.623159e+02 -9.164999e+01
     vertex -1.840000e+02  4.618317e+02 -9.200881e+01
   endloop
 endfacet
 facet normal -1.000000e+00 -9.057549e-15  2.166094e-14
   outer loop
     vertex -1.840000e+02  4.602647e+02 -8.988350e+01
     vertex -1.840000e+02  4.628720e+02 -9.141749e+01
     vertex -1.840000e+02  4.623159e+02 -9.164999e+01
   endloop
 endfacet
 facet normal -1.000000e+00  0.000000e+00  0.000000e+00
   outer loop
     vertex -1.840000e+02  4.730634e+02 -7.794852e+01
     vertex -1.840000e+02  4.766946e+02 -7.750267e+01
     vertex -1.840000e+02  4.771246e+02 -8.087621e+01
   endloop
 endfacet
 facet normal -1.000000e+00  0.000000e+00  0.000000e+00
   outer loop
     vertex -1.840000e+02  4.730634e+02 -7.794852e+01
     vertex -1.840000e+02  4.769314e+02 -8.144243e+01
     vertex -1.840000e+02  4.769415e+02 -8.174360e+01
   endloop
 endfacet
 facet normal -1.000000e+00  0.000000e+00  0.000000e+00
   outer loop
     vertex -1.840000e+02  4.730634e+02 -7.794852e+01
     vertex -1.840000e+02  4.769936e+02 -8.114759e+01
     vertex -1.840000e+02  4.769314e+02 -8.144243e+01
   endloop
 endfacet
 facet normal -1.000000e+00  0.000000e+00  0.000000e+00
   outer loop
     vertex -1.840000e+02  4.730634e+02 -7.794852e+01
     vertex -1.840000e+02  4.771246e+02 -8.087621e+01
     vertex -1.840000e+02  4.769936e+02 -8.114759e+01
   endloop
 endfacet
 facet normal -1.000000e+00 -1.812906e-14  3.828019e-15
   outer loop
     vertex -1.840000e+02  4.616942e+02 -8.651583e+01
     vertex -1.840000e+02  4.647585e+02 -8.685293e+01
     vertex -1.840000e+02  4.646962e+02 -8.714777e+01
   endloop
 endfacet
 facet normal -1.000000e+00 -1.761471e-14  8.503614e-15
   outer loop
     vertex -1.840000e+02  4.616942e+02 -8.651583e+01
     vertex -1.840000e+02  4.648895e+02 -8.658156e+01
     vertex -1.840000e+02  4.647585e+02 -8.685293e+01
   endloop
 endfacet
 facet normal -1.000000e+00 -2.068043e-14 -5.839978e-15
   outer loop
     vertex -1.840000e+02  4.616942e+02 -8.651583e+01
     vertex -1.840000e+02  4.647063e+02 -8.744895e+01
     vertex -1.840000e+02  4.647882e+02 -8.773895e+01
   endloop
 endfacet
 facet normal -1.000000e+00 -1.906966e-14 -6.402949e-16
   outer loop
     vertex -1.840000e+02  4.616942e+02 -8.651583e+01
     vertex -1.840000e+02  4.646962e+02 -8.714777e+01
     vertex -1.840000e+02  4.647063e+02 -8.744895e+01
   endloop
 endfacet
 facet normal -1.000000e+00 -1.573200e-14  6.677836e-15
   outer loop
     vertex -1.840000e+02  4.616942e+02 -8.651583e+01
     vertex -1.840000e+02  4.647882e+02 -8.773895e+01
     vertex -1.840000e+02  4.602647e+02 -8.988350e+01
   endloop
 endfacet
 facet normal -1.000000e+00 -8.610098e-15 -2.431419e-15
   outer loop
     vertex -1.840000e+02  4.696042e+02 -7.913961e+01
     vertex -1.840000e+02  4.769415e+02 -8.174360e+01
     vertex -1.840000e+02  4.770234e+02 -8.203360e+01
   endloop
 endfacet
 facet normal -1.000000e+00  4.149505e-15  2.358721e-15
   outer loop
     vertex -1.840000e+02  4.696042e+02 -7.913961e+01
     vertex -1.840000e+02  4.670947e+02 -8.677449e+01
     vertex -1.840000e+02  4.669458e+02 -8.651252e+01
   endloop
 endfacet
 facet normal -1.000000e+00 -5.503942e-15  5.531698e-15
   outer loop
     vertex -1.840000e+02  4.696042e+02 -7.913961e+01
     vertex -1.840000e+02  4.770234e+02 -8.203360e+01
     vertex -1.840000e+02  4.670947e+02 -8.677449e+01
   endloop
 endfacet
 facet normal -1.000000e+00 -1.215557e-14 -1.242154e-14
   outer loop
     vertex -1.840000e+02  4.696042e+02 -7.913961e+01
     vertex -1.840000e+02  4.730634e+02 -7.794852e+01
     vertex -1.840000e+02  4.769415e+02 -8.174360e+01
   endloop
 endfacet
 facet normal -1.000000e+00  0.000000e+00  0.000000e+00
   outer loop
     vertex -1.840000e+02  4.637926e+02 -8.351897e+01
     vertex -1.840000e+02  4.650816e+02 -8.634942e+01
     vertex -1.840000e+02  4.648895e+02 -8.658156e+01
   endloop
 endfacet
 facet normal -1.000000e+00  0.000000e+00  0.000000e+00
   outer loop
     vertex -1.840000e+02  4.637926e+02 -8.351897e+01
     vertex -1.840000e+02  4.653237e+02 -8.617002e+01
     vertex -1.840000e+02  4.650816e+02 -8.634942e+01
   endloop
 endfacet
 facet normal -1.000000e+00  0.000000e+00  0.000000e+00
   outer loop
     vertex -1.840000e+02  4.637926e+02 -8.351897e+01
     vertex -1.840000e+02  4.656017e+02 -8.605376e+01
     vertex -1.840000e+02  4.653237e+02 -8.617002e+01
   endloop
 endfacet
 facet normal -1.000000e+00  0.000000e+00  0.000000e+00
   outer loop
     vertex -1.840000e+02  4.637926e+02 -8.351897e+01
     vertex -1.840000e+02  4.658995e+02 -8.600742e+01
     vertex -1.840000e+02  4.656017e+02 -8.605376e+01
   endloop
 endfacet
 facet normal -1.000000e+00  0.000000e+00  0.000000e+00
   outer loop
     vertex -1.840000e+02  4.637926e+02 -8.351897e+01
     vertex -1.840000e+02  4.661997e+02 -8.603369e+01
     vertex -1.840000e+02  4.658995e+02 -8.600742e+01
   endloop
 endfacet
 facet normal -1.000000e+00 -1.792166e-14 -6.418750e-15
   outer loop
     vertex -1.840000e+02  4.637926e+02 -8.351897e+01
     vertex -1.840000e+02  4.648895e+02 -8.658156e+01
     vertex -1.840000e+02  4.616942e+02 -8.651583e+01
   endloop
 endfacet
 facet normal -1.000000e+00  8.612949e-15  7.493589e-16
   outer loop
     vertex -1.840000e+02  4.664682e+02 -8.102388e+01
     vertex -1.840000e+02  4.696042e+02 -7.913961e+01
     vertex -1.840000e+02  4.669458e+02 -8.651252e+01
   endloop
 endfacet
 facet normal -1.000000e+00  0.000000e+00 -0.000000e+00
   outer loop
     vertex -1.840000e+02  4.664682e+02 -8.102388e+01
     vertex -1.840000e+02  4.664849e+02 -8.613103e+01
     vertex -1.840000e+02  4.661997e+02 -8.603369e+01
   endloop
 endfacet
 facet normal -1.000000e+00  0.000000e+00  0.000000e+00
   outer loop
     vertex -1.840000e+02  4.664682e+02 -8.102388e+01
     vertex -1.840000e+02  4.667385e+02 -8.629379e+01
     vertex -1.840000e+02  4.664849e+02 -8.613103e+01
   endloop
 endfacet
 facet normal -1.000000e+00  0.000000e+00  0.000000e+00
   outer loop
     vertex -1.840000e+02  4.664682e+02 -8.102388e+01
     vertex -1.840000e+02  4.669458e+02 -8.651252e+01
     vertex -1.840000e+02  4.667385e+02 -8.629379e+01
   endloop
 endfacet
 facet normal -1.000000e+00  0.000000e+00  0.000000e+00
   outer loop
     vertex -1.840000e+02  4.664682e+02 -8.102388e+01
     vertex -1.840000e+02  4.661997e+02 -8.603369e+01
     vertex -1.840000e+02  4.637926e+02 -8.351897e+01
   endloop
 endfacet
 facet normal -7.414586e-15  9.784259e-01 -2.065983e-01
   outer loop
     vertex -1.840000e+02  4.635819e+02 -1.003016e+02
     vertex -1.765000e+02  4.635196e+02 -1.005964e+02
     vertex -1.840000e+02  4.635196e+02 -1.005964e+02
   endloop
 endfacet
 facet normal -7.415609e-15  9.784259e-01 -2.065983e-01
   outer loop
     vertex -1.840000e+02  4.635819e+02 -1.003016e+02
     vertex -1.765000e+02  4.635819e+02 -1.003016e+02
     vertex -1.765000e+02  4.635196e+02 -1.005964e+02
   endloop
 endfacet
 facet normal  0.000000e+00  9.005524e-01 -4.347475e-01
   outer loop
     vertex -1.840000e+02  4.637129e+02 -1.000302e+02
     vertex -1.765000e+02  4.637129e+02 -1.000302e+02
     vertex -1.765000e+02  4.635819e+02 -1.003016e+02
   endloop
 endfacet
 facet normal -6.825103e-15  9.005524e-01 -4.347475e-01
   outer loop
     vertex -1.840000e+02  4.637129e+02 -1.000302e+02
     vertex -1.765000e+02  4.635819e+02 -1.003016e+02
     vertex -1.840000e+02  4.635819e+02 -1.003016e+02
   endloop
 endfacet
 facet normal -5.838517e-15  7.703421e-01 -6.376309e-01
   outer loop
     vertex -1.840000e+02  4.639050e+02 -9.979805e+01
     vertex -1.765000e+02  4.639050e+02 -9.979805e+01
     vertex -1.765000e+02  4.637129e+02 -1.000302e+02
   endloop
 endfacet
 facet normal  0.000000e+00  7.703421e-01 -6.376309e-01
   outer loop
     vertex -1.840000e+02  4.639050e+02 -9.979805e+01
     vertex -1.765000e+02  4.637129e+02 -1.000302e+02
     vertex -1.840000e+02  4.637129e+02 -1.000302e+02
   endloop
 endfacet
 facet normal  0.000000e+00  5.953623e-01 -8.034574e-01
   outer loop
     vertex -1.840000e+02  4.641471e+02 -9.961864e+01
     vertex -1.765000e+02  4.641471e+02 -9.961864e+01
     vertex -1.765000e+02  4.639050e+02 -9.979805e+01
   endloop
 endfacet
 facet normal -4.513226e-15  5.953623e-01 -8.034574e-01
   outer loop
     vertex -1.840000e+02  4.641471e+02 -9.961864e+01
     vertex -1.765000e+02  4.639050e+02 -9.979805e+01
     vertex -1.840000e+02  4.639050e+02 -9.979805e+01
   endloop
 endfacet
 facet normal  0.000000e+00  3.857822e-01 -9.225899e-01
   outer loop
     vertex -1.840000e+02  4.644251e+02 -9.950239e+01
     vertex -1.765000e+02  4.644251e+02 -9.950239e+01
     vertex -1.765000e+02  4.641471e+02 -9.961864e+01
   endloop
 endfacet
 facet normal  0.000000e+00  3.857822e-01 -9.225899e-01
   outer loop
     vertex -1.840000e+02  4.644251e+02 -9.950239e+01
     vertex -1.765000e+02  4.641471e+02 -9.961864e+01
     vertex -1.840000e+02  4.641471e+02 -9.961864e+01
   endloop
 endfacet
 facet normal  0.000000e+00  1.537818e-01 -9.881048e-01
   outer loop
     vertex -1.840000e+02  4.647229e+02 -9.945605e+01
     vertex -1.765000e+02  4.647229e+02 -9.945605e+01
     vertex -1.765000e+02  4.644251e+02 -9.950239e+01
   endloop
 endfacet
 facet normal  0.000000e+00  1.537818e-01 -9.881048e-01
   outer loop
     vertex -1.840000e+02  4.647229e+02 -9.945605e+01
     vertex -1.765000e+02  4.644251e+02 -9.950239e+01
     vertex -1.840000e+02  4.644251e+02 -9.950239e+01
   endloop
 endfacet
 facet normal  3.208699e-15 -8.715574e-02 -9.961947e-01
   outer loop
     vertex -1.840000e+02  4.650231e+02 -9.948231e+01
     vertex -1.765000e+02  4.650231e+02 -9.948231e+01
     vertex -1.765000e+02  4.647229e+02 -9.945605e+01
   endloop
 endfacet
 facet normal  0.000000e+00 -8.715574e-02 -9.961947e-01
   outer loop
     vertex -1.840000e+02  4.650231e+02 -9.948231e+01
     vertex -1.765000e+02  4.647229e+02 -9.945605e+01
     vertex -1.840000e+02  4.647229e+02 -9.945605e+01
   endloop
 endfacet
 facet normal  4.896540e-15 -3.230282e-01 -9.463894e-01
   outer loop
     vertex -1.840000e+02  4.653083e+02 -9.957966e+01
     vertex -1.765000e+02  4.653083e+02 -9.957966e+01
     vertex -1.765000e+02  4.650231e+02 -9.948231e+01
   endloop
 endfacet
 facet normal  6.690013e-15 -3.230282e-01 -9.463894e-01
   outer loop
     vertex -1.840000e+02  4.653083e+02 -9.957966e+01
     vertex -1.765000e+02  4.650231e+02 -9.948231e+01
     vertex -1.840000e+02  4.650231e+02 -9.948231e+01
   endloop
 endfacet
 facet normal  4.093691e-15 -5.401273e-01 -8.415833e-01
   outer loop
     vertex -1.840000e+02  4.655619e+02 -9.974242e+01
     vertex -1.765000e+02  4.655619e+02 -9.974242e+01
     vertex -1.765000e+02  4.653083e+02 -9.957966e+01
   endloop
 endfacet
 facet normal  5.501202e-15 -7.258363e-01 -6.878675e-01
   outer loop
     vertex -1.840000e+02  4.655619e+02 -9.974242e+01
     vertex -1.765000e+02  4.657692e+02 -9.996114e+01
     vertex -1.765000e+02  4.655619e+02 -9.974242e+01
   endloop
 endfacet
 facet normal  8.185211e-15 -5.401273e-01 -8.415833e-01
   outer loop
     vertex -1.840000e+02  4.655619e+02 -9.974242e+01
     vertex -1.765000e+02  4.653083e+02 -9.957966e+01
     vertex -1.840000e+02  4.653083e+02 -9.957966e+01
   endloop
 endfacet
 facet normal  0.000000e+00 -7.258363e-01 -6.878675e-01
   outer loop
     vertex -1.840000e+02  4.657692e+02 -9.996114e+01
     vertex -1.765000e+02  4.657692e+02 -9.996114e+01
     vertex -1.840000e+02  4.655619e+02 -9.974242e+01
   endloop
 endfacet
 facet normal  0.000000e+00 -8.693623e-01 -4.941753e-01
   outer loop
     vertex -1.840000e+02  4.659181e+02 -1.002231e+02
     vertex -1.765000e+02  4.659181e+02 -1.002231e+02
     vertex -1.765000e+02  4.657692e+02 -9.996114e+01
   endloop
 endfacet
 facet normal  0.000000e+00 -8.693623e-01 -4.941753e-01
   outer loop
     vertex -1.840000e+02  4.659181e+02 -1.002231e+02
     vertex -1.765000e+02  4.657692e+02 -9.996114e+01
     vertex -1.840000e+02  4.657692e+02 -9.996114e+01
   endloop
 endfacet
 facet normal  7.293875e-15 -9.623641e-01 -2.717635e-01
   outer loop
     vertex -1.840000e+02  4.660000e+02 -1.005131e+02
     vertex -1.765000e+02  4.660000e+02 -1.005131e+02
     vertex -1.765000e+02  4.659181e+02 -1.002231e+02
   endloop
 endfacet
 facet normal  7.574854e-15 -9.994368e-01 -3.355772e-02
   outer loop
     vertex -1.840000e+02  4.660000e+02 -1.005131e+02
     vertex -1.765000e+02  4.660101e+02 -1.008143e+02
     vertex -1.765000e+02  4.660000e+02 -1.005131e+02
   endloop
 endfacet
 facet normal  0.000000e+00 -9.623641e-01 -2.717635e-01
   outer loop
     vertex -1.840000e+02  4.660000e+02 -1.005131e+02
     vertex -1.765000e+02  4.659181e+02 -1.002231e+02
     vertex -1.840000e+02  4.659181e+02 -1.002231e+02
   endloop
 endfacet
 facet normal  7.574854e-15 -9.994368e-01 -3.355772e-02
   outer loop
     vertex -1.840000e+02  4.660101e+02 -1.008143e+02
     vertex -1.765000e+02  4.660101e+02 -1.008143e+02
     vertex -1.840000e+02  4.660000e+02 -1.005131e+02
   endloop
 endfacet
 facet normal -1.000000e+00  0.000000e+00  0.000000e+00
   outer loop
     vertex -1.765000e+02  4.642214e+02 -1.018310e+02
     vertex -1.765000e+02  4.648068e+02 -1.019546e+02
     vertex -1.765000e+02  4.645066e+02 -1.019284e+02
   endloop
 endfacet
 facet normal -1.000000e+00  0.000000e+00  0.000000e+00
   outer loop
     vertex -1.765000e+02  4.639678e+02 -1.016683e+02
     vertex -1.765000e+02  4.648068e+02 -1.019546e+02
     vertex -1.765000e+02  4.642214e+02 -1.018310e+02
   endloop
 endfacet
 facet normal -1.000000e+00  0.000000e+00  0.000000e+00
   outer loop
     vertex -1.765000e+02  4.655619e+02 -9.974242e+01
     vertex -1.765000e+02  4.657692e+02 -9.996114e+01
     vertex -1.765000e+02  4.659181e+02 -1.002231e+02
   endloop
 endfacet
 facet normal -1.000000e+00  0.000000e+00  0.000000e+00
   outer loop
     vertex -1.765000e+02  4.655619e+02 -9.974242e+01
     vertex -1.765000e+02  4.659181e+02 -1.002231e+02
     vertex -1.765000e+02  4.660000e+02 -1.005131e+02
   endloop
 endfacet
 facet normal -1.000000e+00  0.000000e+00  0.000000e+00
   outer loop
     vertex -1.765000e+02  4.635297e+02 -1.008976e+02
     vertex -1.765000e+02  4.637605e+02 -1.014495e+02
     vertex -1.765000e+02  4.636116e+02 -1.011876e+02
   endloop
 endfacet
 facet normal -1.000000e+00  0.000000e+00  0.000000e+00
   outer loop
     vertex -1.765000e+02  4.650231e+02 -9.948231e+01
     vertex -1.765000e+02  4.653083e+02 -9.957966e+01
     vertex -1.765000e+02  4.655619e+02 -9.974242e+01
   endloop
 endfacet
 facet normal -1.000000e+00  0.000000e+00  0.000000e+00
   outer loop
     vertex -1.765000e+02  4.635819e+02 -1.003016e+02
     vertex -1.765000e+02  4.635297e+02 -1.008976e+02
     vertex -1.765000e+02  4.635196e+02 -1.005964e+02
   endloop
 endfacet
 facet normal -1.000000e+00  0.000000e+00 -0.000000e+00
   outer loop
     vertex -1.765000e+02  4.635819e+02 -1.003016e+02
     vertex -1.765000e+02  4.637605e+02 -1.014495e+02
     vertex -1.765000e+02  4.635297e+02 -1.008976e+02
   endloop
 endfacet
 facet normal -1.000000e+00  0.000000e+00  0.000000e+00
   outer loop
     vertex -1.765000e+02  4.641471e+02 -9.961864e+01
     vertex -1.765000e+02  4.644251e+02 -9.950239e+01
     vertex -1.765000e+02  4.647229e+02 -9.945605e+01
   endloop
 endfacet
 facet normal -1.000000e+00  0.000000e+00  0.000000e+00
   outer loop
     vertex -1.765000e+02  4.639050e+02 -9.979805e+01
     vertex -1.765000e+02  4.635819e+02 -1.003016e+02
     vertex -1.765000e+02  4.637129e+02 -1.000302e+02
   endloop
 endfacet
 facet normal -1.000000e+00  0.000000e+00  0.000000e+00
   outer loop
     vertex -1.765000e+02  4.639050e+02 -9.979805e+01
     vertex -1.765000e+02  4.647229e+02 -9.945605e+01
     vertex -1.765000e+02  4.650231e+02 -9.948231e+01
   endloop
 endfacet
 facet normal -1.000000e+00  0.000000e+00  0.000000e+00
   outer loop
     vertex -1.765000e+02  4.639050e+02 -9.979805e+01
     vertex -1.765000e+02  4.660000e+02 -1.005131e+02
     vertex -1.765000e+02  4.660101e+02 -1.008143e+02
   endloop
 endfacet
 facet normal -1.000000e+00  0.000000e+00  0.000000e+00
   outer loop
     vertex -1.765000e+02  4.639050e+02 -9.979805e+01
     vertex -1.765000e+02  4.660101e+02 -1.008143e+02
     vertex -1.765000e+02  4.659478e+02 -1.011091e+02
   endloop
 endfacet
 facet normal -1.000000e+00  0.000000e+00  0.000000e+00
   outer loop
     vertex -1.765000e+02  4.639050e+02 -9.979805e+01
     vertex -1.765000e+02  4.659478e+02 -1.011091e+02
     vertex -1.765000e+02  4.658168e+02 -1.013805e+02
   endloop
 endfacet
 facet normal -1.000000e+00  0.000000e+00  0.000000e+00
   outer loop
     vertex -1.765000e+02  4.639050e+02 -9.979805e+01
     vertex -1.765000e+02  4.658168e+02 -1.013805e+02
     vertex -1.765000e+02  4.656247e+02 -1.016126e+02
   endloop
 endfacet
 facet normal -1.000000e+00  0.000000e+00  0.000000e+00
   outer loop
     vertex -1.765000e+02  4.639050e+02 -9.979805e+01
     vertex -1.765000e+02  4.656247e+02 -1.016126e+02
     vertex -1.765000e+02  4.653826e+02 -1.017920e+02
   endloop
 endfacet
 facet normal -1.000000e+00  0.000000e+00  0.000000e+00
   outer loop
     vertex -1.765000e+02  4.639050e+02 -9.979805e+01
     vertex -1.765000e+02  4.653826e+02 -1.017920e+02
     vertex -1.765000e+02  4.651045e+02 -1.019083e+02
   endloop
 endfacet
 facet normal -1.000000e+00  0.000000e+00  0.000000e+00
   outer loop
     vertex -1.765000e+02  4.639050e+02 -9.979805e+01
     vertex -1.765000e+02  4.651045e+02 -1.019083e+02
     vertex -1.765000e+02  4.648068e+02 -1.019546e+02
   endloop
 endfacet
 facet normal -1.000000e+00  0.000000e+00 -0.000000e+00
   outer loop
     vertex -1.765000e+02  4.639050e+02 -9.979805e+01
     vertex -1.765000e+02  4.639678e+02 -1.016683e+02
     vertex -1.765000e+02  4.637605e+02 -1.014495e+02
   endloop
 endfacet
 facet normal -1.000000e+00  0.000000e+00  0.000000e+00
   outer loop
     vertex -1.765000e+02  4.639050e+02 -9.979805e+01
     vertex -1.765000e+02  4.648068e+02 -1.019546e+02
     vertex -1.765000e+02  4.639678e+02 -1.016683e+02
   endloop
 endfacet
 facet normal -1.000000e+00  0.000000e+00  0.000000e+00
   outer loop
     vertex -1.765000e+02  4.639050e+02 -9.979805e+01
     vertex -1.765000e+02  4.655619e+02 -9.974242e+01
     vertex -1.765000e+02  4.660000e+02 -1.005131e+02
   endloop
 endfacet
 facet normal -1.000000e+00  0.000000e+00  0.000000e+00
   outer loop
     vertex -1.765000e+02  4.639050e+02 -9.979805e+01
     vertex -1.765000e+02  4.637605e+02 -1.014495e+02
     vertex -1.765000e+02  4.635819e+02 -1.003016e+02
   endloop
 endfacet
 facet normal -1.000000e+00  0.000000e+00  0.000000e+00
   outer loop
     vertex -1.765000e+02  4.639050e+02 -9.979805e+01
     vertex -1.765000e+02  4.650231e+02 -9.948231e+01
     vertex -1.765000e+02  4.655619e+02 -9.974242e+01
   endloop
 endfacet
 facet normal -1.000000e+00  0.000000e+00  0.000000e+00
   outer loop
     vertex -1.765000e+02  4.639050e+02 -9.979805e+01
     vertex -1.765000e+02  4.641471e+02 -9.961864e+01
     vertex -1.765000e+02  4.647229e+02 -9.945605e+01
   endloop
 endfacet
 facet normal  0.000000e+00  9.784259e-01 -2.065983e-01
   outer loop
     vertex -1.840000e+02  4.647585e+02 -8.685293e+01
     vertex -1.765000e+02  4.646962e+02 -8.714777e+01
     vertex -1.840000e+02  4.646962e+02 -8.714777e+01
   endloop
 endfacet
 facet normal  0.000000e+00  9.784259e-01 -2.065983e-01
   outer loop
     vertex -1.840000e+02  4.647585e+02 -8.685293e+01
     vertex -1.765000e+02  4.647585e+02 -8.685293e+01
     vertex -1.765000e+02  4.646962e+02 -8.714777e+01
   endloop
 endfacet
 facet normal -1.365079e-14  9.005524e-01 -4.347475e-01
   outer loop
     vertex -1.840000e+02  4.648895e+02 -8.658156e+01
     vertex -1.765000e+02  4.648895e+02 -8.658156e+01
     vertex -1.765000e+02  4.647585e+02 -8.685293e+01
   endloop
 endfacet
 facet normal  0.000000e+00  9.005524e-01 -4.347475e-01
   outer loop
     vertex -1.840000e+02  4.648895e+02 -8.658156e+01
     vertex -1.765000e+02  4.647585e+02 -8.685293e+01
     vertex -1.840000e+02  4.647585e+02 -8.685293e+01
   endloop
 endfacet
 facet normal  0.000000e+00  7.703421e-01 -6.376309e-01
   outer loop
     vertex -1.840000e+02  4.650816e+02 -8.634942e+01
     vertex -1.765000e+02  4.650816e+02 -8.634942e+01
     vertex -1.765000e+02  4.648895e+02 -8.658156e+01
   endloop
 endfacet
 facet normal -1.167912e-14  7.703421e-01 -6.376309e-01
   outer loop
     vertex -1.840000e+02  4.650816e+02 -8.634942e+01
     vertex -1.765000e+02  4.648895e+02 -8.658156e+01
     vertex -1.840000e+02  4.648895e+02 -8.658156e+01
   endloop
 endfacet
 facet normal -9.024647e-15  5.953623e-01 -8.034574e-01
   outer loop
     vertex -1.840000e+02  4.653237e+02 -8.617002e+01
     vertex -1.765000e+02  4.653237e+02 -8.617002e+01
     vertex -1.765000e+02  4.650816e+02 -8.634942e+01
   endloop
 endfacet
 facet normal  0.000000e+00  5.953623e-01 -8.034574e-01
   outer loop
     vertex -1.840000e+02  4.653237e+02 -8.617002e+01
     vertex -1.765000e+02  4.650816e+02 -8.634942e+01
     vertex -1.840000e+02  4.650816e+02 -8.634942e+01
   endloop
 endfacet
 facet normal  0.000000e+00  3.857822e-01 -9.225899e-01
   outer loop
     vertex -1.840000e+02  4.656017e+02 -8.605376e+01
     vertex -1.765000e+02  4.656017e+02 -8.605376e+01
     vertex -1.765000e+02  4.653237e+02 -8.617002e+01
   endloop
 endfacet
 facet normal -5.845702e-15  3.857822e-01 -9.225899e-01
   outer loop
     vertex -1.840000e+02  4.656017e+02 -8.605376e+01
     vertex -1.765000e+02  4.653237e+02 -8.617002e+01
     vertex -1.840000e+02  4.653237e+02 -8.617002e+01
   endloop
 endfacet
 facet normal -2.331063e-15  1.537818e-01 -9.881048e-01
   outer loop
     vertex -1.840000e+02  4.658995e+02 -8.600742e+01
     vertex -1.765000e+02  4.658995e+02 -8.600742e+01
     vertex -1.765000e+02  4.656017e+02 -8.605376e+01
   endloop
 endfacet
 facet normal  0.000000e+00  1.537818e-01 -9.881048e-01
   outer loop
     vertex -1.840000e+02  4.658995e+02 -8.600742e+01
     vertex -1.765000e+02  4.656017e+02 -8.605376e+01
     vertex -1.840000e+02  4.656017e+02 -8.605376e+01
   endloop
 endfacet
 facet normal  2.548134e-15 -8.715574e-02 -9.961947e-01
   outer loop
     vertex -1.840000e+02  4.661997e+02 -8.603369e+01
     vertex -1.765000e+02  4.661997e+02 -8.603369e+01
     vertex -1.765000e+02  4.658995e+02 -8.600742e+01
   endloop
 endfacet
 facet normal  1.320963e-15 -8.715574e-02 -9.961947e-01
   outer loop
     vertex -1.840000e+02  4.661997e+02 -8.603369e+01
     vertex -1.765000e+02  4.658995e+02 -8.600742e+01
     vertex -1.840000e+02  4.658995e+02 -8.600742e+01
   endloop
 endfacet
 facet normal  0.000000e+00 -3.230282e-01 -9.463894e-01
   outer loop
     vertex -1.840000e+02  4.664849e+02 -8.613103e+01
     vertex -1.765000e+02  4.664849e+02 -8.613103e+01
     vertex -1.765000e+02  4.661997e+02 -8.603369e+01
   endloop
 endfacet
 facet normal  4.241511e-15 -3.230282e-01 -9.463894e-01
   outer loop
     vertex -1.840000e+02  4.664849e+02 -8.613103e+01
     vertex -1.765000e+02  4.661997e+02 -8.603369e+01
     vertex -1.840000e+02  4.661997e+02 -8.603369e+01
   endloop
 endfacet
 facet normal  4.093691e-15 -5.401273e-01 -8.415833e-01
   outer loop
     vertex -1.840000e+02  4.667385e+02 -8.629379e+01
     vertex -1.765000e+02  4.667385e+02 -8.629379e+01
     vertex -1.765000e+02  4.664849e+02 -8.613103e+01
   endloop
 endfacet
 facet normal  5.501202e-15 -7.258363e-01 -6.878675e-01
   outer loop
     vertex -1.840000e+02  4.667385e+02 -8.629379e+01
     vertex -1.765000e+02  4.669458e+02 -8.651252e+01
     vertex -1.765000e+02  4.667385e+02 -8.629379e+01
   endloop
 endfacet
 facet normal  0.000000e+00 -5.401273e-01 -8.415833e-01
   outer loop
     vertex -1.840000e+02  4.667385e+02 -8.629379e+01
     vertex -1.765000e+02  4.664849e+02 -8.613103e+01
     vertex -1.840000e+02  4.664849e+02 -8.613103e+01
   endloop
 endfacet
 facet normal  5.501202e-15 -7.258363e-01 -6.878675e-01
   outer loop
     vertex -1.840000e+02  4.669458e+02 -8.651252e+01
     vertex -1.765000e+02  4.669458e+02 -8.651252e+01
     vertex -1.840000e+02  4.667385e+02 -8.629379e+01
   endloop
 endfacet
 facet normal  1.411436e-14 -8.693623e-01 -4.941753e-01
   outer loop
     vertex -1.840000e+02  4.670947e+02 -8.677449e+01
     vertex -1.765000e+02  4.670947e+02 -8.677449e+01
     vertex -1.765000e+02  4.669458e+02 -8.651252e+01
   endloop
 endfacet
 facet normal  6.588696e-15 -8.693623e-01 -4.941753e-01
   outer loop
     vertex -1.840000e+02  4.670947e+02 -8.677449e+01
     vertex -1.765000e+02  4.669458e+02 -8.651252e+01
     vertex -1.840000e+02  4.669458e+02 -8.651252e+01
   endloop
 endfacet
 facet normal  0.000000e+00 -9.623641e-01 -2.717635e-01
   outer loop
     vertex -1.840000e+02  4.671766e+02 -8.706449e+01
     vertex -1.765000e+02  4.671766e+02 -8.706449e+01
     vertex -1.765000e+02  4.670947e+02 -8.677449e+01
   endloop
 endfacet
 facet normal  0.000000e+00 -9.994368e-01 -3.355772e-02
   outer loop
     vertex -1.840000e+02  4.671766e+02 -8.706449e+01
     vertex -1.765000e+02  4.671867e+02 -8.736566e+01
     vertex -1.765000e+02  4.671766e+02 -8.706449e+01
   endloop
 endfacet
 facet normal  1.510242e-14 -9.623641e-01 -2.717635e-01
   outer loop
     vertex -1.840000e+02  4.671766e+02 -8.706449e+01
     vertex -1.765000e+02  4.670947e+02 -8.677449e+01
     vertex -1.840000e+02  4.670947e+02 -8.677449e+01
   endloop
 endfacet
 facet normal  0.000000e+00 -9.994368e-01 -3.355772e-02
   outer loop
     vertex -1.840000e+02  4.671867e+02 -8.736566e+01
     vertex -1.765000e+02  4.671867e+02 -8.736566e+01
     vertex -1.840000e+02  4.671766e+02 -8.706449e+01
   endloop
 endfacet
 facet normal -1.000000e+00  0.000000e+00  0.000000e+00
   outer loop
     vertex -1.765000e+02  4.653980e+02 -8.838241e+01
     vertex -1.765000e+02  4.659834e+02 -8.850601e+01
     vertex -1.765000e+02  4.656832e+02 -8.847975e+01
   endloop
 endfacet
 facet normal -1.000000e+00  0.000000e+00  0.000000e+00
   outer loop
     vertex -1.765000e+02  4.651444e+02 -8.821965e+01
     vertex -1.765000e+02  4.659834e+02 -8.850601e+01
     vertex -1.765000e+02  4.653980e+02 -8.838241e+01
   endloop
 endfacet
 facet normal -1.000000e+00  0.000000e+00  0.000000e+00
   outer loop
     vertex -1.765000e+02  4.667385e+02 -8.629379e+01
     vertex -1.765000e+02  4.669458e+02 -8.651252e+01
     vertex -1.765000e+02  4.670947e+02 -8.677449e+01
   endloop
 endfacet
 facet normal -1.000000e+00  0.000000e+00  0.000000e+00
   outer loop
     vertex -1.765000e+02  4.667385e+02 -8.629379e+01
     vertex -1.765000e+02  4.670947e+02 -8.677449e+01
     vertex -1.765000e+02  4.671766e+02 -8.706449e+01
   endloop
 endfacet
 facet normal -1.000000e+00  0.000000e+00  0.000000e+00
   outer loop
     vertex -1.765000e+02  4.647063e+02 -8.744895e+01
     vertex -1.765000e+02  4.649371e+02 -8.800092e+01
     vertex -1.765000e+02  4.647882e+02 -8.773895e+01
   endloop
 endfacet
 facet normal -1.000000e+00  0.000000e+00  0.000000e+00
   outer loop
     vertex -1.765000e+02  4.661997e+02 -8.603369e+01
     vertex -1.765000e+02  4.664849e+02 -8.613103e+01
     vertex -1.765000e+02  4.667385e+02 -8.629379e+01
   endloop
 endfacet
 facet normal -1.000000e+00  0.000000e+00  0.000000e+00
   outer loop
     vertex -1.765000e+02  4.647585e+02 -8.685293e+01
     vertex -1.765000e+02  4.647063e+02 -8.744895e+01
     vertex -1.765000e+02  4.646962e+02 -8.714777e+01
   endloop
 endfacet
 facet normal -1.000000e+00  0.000000e+00 -0.000000e+00
   outer loop
     vertex -1.765000e+02  4.647585e+02 -8.685293e+01
     vertex -1.765000e+02  4.649371e+02 -8.800092e+01
     vertex -1.765000e+02  4.647063e+02 -8.744895e+01
   endloop
 endfacet
 facet normal -1.000000e+00  0.000000e+00  0.000000e+00
   outer loop
     vertex -1.765000e+02  4.653237e+02 -8.617002e+01
     vertex -1.765000e+02  4.656017e+02 -8.605376e+01
     vertex -1.765000e+02  4.658995e+02 -8.600742e+01
   endloop
 endfacet
 facet normal -1.000000e+00  0.000000e+00  0.000000e+00
   outer loop
     vertex -1.765000e+02  4.650816e+02 -8.634942e+01
     vertex -1.765000e+02  4.647585e+02 -8.685293e+01
     vertex -1.765000e+02  4.648895e+02 -8.658156e+01
   endloop
 endfacet
 facet normal -1.000000e+00  0.000000e+00  0.000000e+00
   outer loop
     vertex -1.765000e+02  4.650816e+02 -8.634942e+01
     vertex -1.765000e+02  4.658995e+02 -8.600742e+01
     vertex -1.765000e+02  4.661997e+02 -8.603369e+01
   endloop
 endfacet
 facet normal -1.000000e+00  0.000000e+00  0.000000e+00
   outer loop
     vertex -1.765000e+02  4.650816e+02 -8.634942e+01
     vertex -1.765000e+02  4.671766e+02 -8.706449e+01
     vertex -1.765000e+02  4.671867e+02 -8.736566e+01
   endloop
 endfacet
 facet normal -1.000000e+00  0.000000e+00  0.000000e+00
   outer loop
     vertex -1.765000e+02  4.650816e+02 -8.634942e+01
     vertex -1.765000e+02  4.671867e+02 -8.736566e+01
     vertex -1.765000e+02  4.671244e+02 -8.766050e+01
   endloop
 endfacet
 facet normal -1.000000e+00  0.000000e+00  0.000000e+00
   outer loop
     vertex -1.765000e+02  4.650816e+02 -8.634942e+01
     vertex -1.765000e+02  4.671244e+02 -8.766050e+01
     vertex -1.765000e+02  4.669934e+02 -8.793188e+01
   endloop
 endfacet
 facet normal -1.000000e+00  0.000000e+00  0.000000e+00
   outer loop
     vertex -1.765000e+02  4.650816e+02 -8.634942e+01
     vertex -1.765000e+02  4.669934e+02 -8.793188e+01
     vertex -1.765000e+02  4.668013e+02 -8.816401e+01
   endloop
 endfacet
 facet normal -1.000000e+00  0.000000e+00  0.000000e+00
   outer loop
     vertex -1.765000e+02  4.650816e+02 -8.634942e+01
     vertex -1.765000e+02  4.668013e+02 -8.816401e+01
     vertex -1.765000e+02  4.665592e+02 -8.834342e+01
   endloop
 endfacet
 facet normal -1.000000e+00  0.000000e+00  0.000000e+00
   outer loop
     vertex -1.765000e+02  4.650816e+02 -8.634942e+01
     vertex -1.765000e+02  4.665592e+02 -8.834342e+01
     vertex -1.765000e+02  4.662812e+02 -8.845967e+01
   endloop
 endfacet
 facet normal -1.000000e+00  0.000000e+00  0.000000e+00
   outer loop
     vertex -1.765000e+02  4.650816e+02 -8.634942e+01
     vertex -1.765000e+02  4.662812e+02 -8.845967e+01
     vertex -1.765000e+02  4.659834e+02 -8.850601e+01
   endloop
 endfacet
 facet normal -1.000000e+00  0.000000e+00 -0.000000e+00
   outer loop
     vertex -1.765000e+02  4.650816e+02 -8.634942e+01
     vertex -1.765000e+02  4.651444e+02 -8.821965e+01
     vertex -1.765000e+02  4.649371e+02 -8.800092e+01
   endloop
 endfacet
 facet normal -1.000000e+00  0.000000e+00  0.000000e+00
   outer loop
     vertex -1.765000e+02  4.650816e+02 -8.634942e+01
     vertex -1.765000e+02  4.659834e+02 -8.850601e+01
     vertex -1.765000e+02  4.651444e+02 -8.821965e+01
   endloop
 endfacet
 facet normal -1.000000e+00  0.000000e+00  0.000000e+00
   outer loop
     vertex -1.765000e+02  4.650816e+02 -8.634942e+01
     vertex -1.765000e+02  4.667385e+02 -8.629379e+01
     vertex -1.765000e+02  4.671766e+02 -8.706449e+01
   endloop
 endfacet
 facet normal -1.000000e+00  0.000000e+00  0.000000e+00
   outer loop
     vertex -1.765000e+02  4.650816e+02 -8.634942e+01
     vertex -1.765000e+02  4.649371e+02 -8.800092e+01
     vertex -1.765000e+02  4.647585e+02 -8.685293e+01
   endloop
 endfacet
 facet normal -1.000000e+00  0.000000e+00  0.000000e+00
   outer loop
     vertex -1.765000e+02  4.650816e+02 -8.634942e+01
     vertex -1.765000e+02  4.661997e+02 -8.603369e+01
     vertex -1.765000e+02  4.667385e+02 -8.629379e+01
   endloop
 endfacet
 facet normal -1.000000e+00  0.000000e+00  0.000000e+00
   outer loop
     vertex -1.765000e+02  4.650816e+02 -8.634942e+01
     vertex -1.765000e+02  4.653237e+02 -8.617002e+01
     vertex -1.765000e+02  4.658995e+02 -8.600742e+01
   endloop
 endfacet
 facet normal  0.000000e+00  9.784259e-01 -2.065983e-01
   outer loop
     vertex -1.840000e+02  4.769936e+02 -8.114759e+01
     vertex -1.765000e+02  4.769314e+02 -8.144243e+01
     vertex -1.840000e+02  4.769314e+02 -8.144243e+01
   endloop
 endfacet
 facet normal -7.415609e-15  9.784259e-01 -2.065983e-01
   outer loop
     vertex -1.840000e+02  4.769936e+02 -8.114759e+01
     vertex -1.765000e+02  4.769936e+02 -8.114759e+01
     vertex -1.765000e+02  4.769314e+02 -8.144243e+01
   endloop
 endfacet
 facet normal  0.000000e+00  9.005524e-01 -4.347475e-01
   outer loop
     vertex -1.840000e+02  4.771246e+02 -8.087621e+01
     vertex -1.765000e+02  4.771246e+02 -8.087621e+01
     vertex -1.765000e+02  4.769936e+02 -8.114759e+01
   endloop
 endfacet
 facet normal -6.825103e-15  9.005524e-01 -4.347475e-01
   outer loop
     vertex -1.840000e+02  4.771246e+02 -8.087621e+01
     vertex -1.765000e+02  4.769936e+02 -8.114759e+01
     vertex -1.840000e+02  4.769936e+02 -8.114759e+01
   endloop
 endfacet
 facet normal  0.000000e+00  7.703421e-01 -6.376309e-01
   outer loop
     vertex -1.840000e+02  4.773168e+02 -8.064408e+01
     vertex -1.765000e+02  4.773168e+02 -8.064408e+01
     vertex -1.765000e+02  4.771246e+02 -8.087621e+01
   endloop
 endfacet
 facet normal  0.000000e+00  7.703421e-01 -6.376309e-01
   outer loop
     vertex -1.840000e+02  4.773168e+02 -8.064408e+01
     vertex -1.765000e+02  4.771246e+02 -8.087621e+01
     vertex -1.840000e+02  4.771246e+02 -8.087621e+01
   endloop
 endfacet
 facet normal  0.000000e+00  5.953623e-01 -8.034574e-01
   outer loop
     vertex -1.840000e+02  4.775589e+02 -8.046467e+01
     vertex -1.765000e+02  4.775589e+02 -8.046467e+01
     vertex -1.765000e+02  4.773168e+02 -8.064408e+01
   endloop
 endfacet
 facet normal  0.000000e+00  5.953623e-01 -8.034574e-01
   outer loop
     vertex -1.840000e+02  4.775589e+02 -8.046467e+01
     vertex -1.765000e+02  4.773168e+02 -8.064408e+01
     vertex -1.840000e+02  4.773168e+02 -8.064408e+01
   endloop
 endfacet
 facet normal -2.923890e-15  3.857822e-01 -9.225899e-01
   outer loop
     vertex -1.840000e+02  4.778369e+02 -8.034842e+01
     vertex -1.765000e+02  4.778369e+02 -8.034842e+01
     vertex -1.765000e+02  4.775589e+02 -8.046467e+01
   endloop
 endfacet
 facet normal  0.000000e+00  3.857822e-01 -9.225899e-01
   outer loop
     vertex -1.840000e+02  4.778369e+02 -8.034842e+01
     vertex -1.765000e+02  4.775589e+02 -8.046467e+01
     vertex -1.840000e+02  4.775589e+02 -8.046467e+01
   endloop
 endfacet
 facet normal  0.000000e+00  1.537818e-01 -9.881048e-01
   outer loop
     vertex -1.840000e+02  4.781347e+02 -8.030208e+01
     vertex -1.765000e+02  4.781347e+02 -8.030208e+01
     vertex -1.765000e+02  4.778369e+02 -8.034842e+01
   endloop
 endfacet
 facet normal -1.165917e-15  1.537818e-01 -9.881048e-01
   outer loop
     vertex -1.840000e+02  4.781347e+02 -8.030208e+01
     vertex -1.765000e+02  4.778369e+02 -8.034842e+01
     vertex -1.840000e+02  4.778369e+02 -8.034842e+01
   endloop
 endfacet
 facet normal  0.000000e+00 -8.715574e-02 -9.961947e-01
   outer loop
     vertex -1.840000e+02  4.784349e+02 -8.032834e+01
     vertex -1.765000e+02  4.784349e+02 -8.032834e+01
     vertex -1.765000e+02  4.781347e+02 -8.030208e+01
   endloop
 endfacet
 facet normal  0.000000e+00 -8.715574e-02 -9.961947e-01
   outer loop
     vertex -1.840000e+02  4.784349e+02 -8.032834e+01
     vertex -1.765000e+02  4.781347e+02 -8.030208e+01
     vertex -1.840000e+02  4.781347e+02 -8.030208e+01
   endloop
 endfacet
 facet normal  4.896540e-15 -3.230282e-01 -9.463894e-01
   outer loop
     vertex -1.840000e+02  4.787200e+02 -8.042568e+01
     vertex -1.765000e+02  4.787200e+02 -8.042568e+01
     vertex -1.765000e+02  4.784349e+02 -8.032834e+01
   endloop
 endfacet
 facet normal  0.000000e+00 -3.230282e-01 -9.463894e-01
   outer loop
     vertex -1.840000e+02  4.787200e+02 -8.042568e+01
     vertex -1.765000e+02  4.784349e+02 -8.032834e+01
     vertex -1.840000e+02  4.784349e+02 -8.032834e+01
   endloop
 endfacet
 facet normal  4.093691e-15 -5.401273e-01 -8.415833e-01
   outer loop
     vertex -1.840000e+02  4.789736e+02 -8.058844e+01
     vertex -1.765000e+02  4.789736e+02 -8.058844e+01
     vertex -1.765000e+02  4.787200e+02 -8.042568e+01
   endloop
 endfacet
 facet normal  5.501202e-15 -7.258363e-01 -6.878675e-01
   outer loop
     vertex -1.840000e+02  4.789736e+02 -8.058844e+01
     vertex -1.765000e+02  4.791809e+02 -8.080717e+01
     vertex -1.765000e+02  4.789736e+02 -8.058844e+01
   endloop
 endfacet
 facet normal  8.185211e-15 -5.401273e-01 -8.415833e-01
   outer loop
     vertex -1.840000e+02  4.789736e+02 -8.058844e+01
     vertex -1.765000e+02  4.787200e+02 -8.042568e+01
     vertex -1.840000e+02  4.787200e+02 -8.042568e+01
   endloop
 endfacet
 facet normal  5.501202e-15 -7.258363e-01 -6.878675e-01
   outer loop
     vertex -1.840000e+02  4.791809e+02 -8.080717e+01
     vertex -1.765000e+02  4.791809e+02 -8.080717e+01
     vertex -1.840000e+02  4.789736e+02 -8.058844e+01
   endloop
 endfacet
 facet normal  0.000000e+00 -8.693623e-01 -4.941753e-01
   outer loop
     vertex -1.840000e+02  4.793298e+02 -8.106914e+01
     vertex -1.765000e+02  4.793298e+02 -8.106914e+01
     vertex -1.765000e+02  4.791809e+02 -8.080717e+01
   endloop
 endfacet
 facet normal  6.588696e-15 -8.693623e-01 -4.941753e-01
   outer loop
     vertex -1.840000e+02  4.793298e+02 -8.106914e+01
     vertex -1.765000e+02  4.791809e+02 -8.080717e+01
     vertex -1.840000e+02  4.791809e+02 -8.080717e+01
   endloop
 endfacet
 facet normal  7.293875e-15 -9.623641e-01 -2.717635e-01
   outer loop
     vertex -1.840000e+02  4.794117e+02 -8.135914e+01
     vertex -1.765000e+02  4.794117e+02 -8.135914e+01
     vertex -1.765000e+02  4.793298e+02 -8.106914e+01
   endloop
 endfacet
 facet normal  7.574854e-15 -9.994368e-01 -3.355772e-02
   outer loop
     vertex -1.840000e+02  4.794117e+02 -8.135914e+01
     vertex -1.765000e+02  4.794218e+02 -8.166032e+01
     vertex -1.765000e+02  4.794117e+02 -8.135914e+01
   endloop
 endfacet
 facet normal  0.000000e+00 -9.623641e-01 -2.717635e-01
   outer loop
     vertex -1.840000e+02  4.794117e+02 -8.135914e+01
     vertex -1.765000e+02  4.793298e+02 -8.106914e+01
     vertex -1.840000e+02  4.793298e+02 -8.106914e+01
   endloop
 endfacet
 facet normal  7.638438e-15 -9.994368e-01 -3.355772e-02
   outer loop
     vertex -1.840000e+02  4.794218e+02 -8.166032e+01
     vertex -1.765000e+02  4.794218e+02 -8.166032e+01
     vertex -1.840000e+02  4.794117e+02 -8.135914e+01
   endloop
 endfacet
 facet normal -1.000000e+00  0.000000e+00  0.000000e+00
   outer loop
     vertex -1.765000e+02  4.793298e+02 -8.106914e+01
     vertex -1.765000e+02  4.794117e+02 -8.135914e+01
     vertex -1.765000e+02  4.794218e+02 -8.166032e+01
   endloop
 endfacet
 facet normal -1.000000e+00  0.000000e+00  0.000000e+00
   outer loop
     vertex -1.765000e+02  4.793298e+02 -8.106914e+01
     vertex -1.765000e+02  4.794218e+02 -8.166032e+01
     vertex -1.765000e+02  4.793596e+02 -8.195516e+01
   endloop
 endfacet
 facet normal -1.000000e+00  0.000000e+00 -0.000000e+00
   outer loop
     vertex -1.765000e+02  4.793298e+02 -8.106914e+01
     vertex -1.765000e+02  4.793596e+02 -8.195516e+01
     vertex -1.765000e+02  4.792286e+02 -8.222653e+01
   endloop
 endfacet
 facet normal -1.000000e+00  0.000000e+00  0.000000e+00
   outer loop
     vertex -1.765000e+02  4.789736e+02 -8.058844e+01
     vertex -1.765000e+02  4.791809e+02 -8.080717e+01
     vertex -1.765000e+02  4.793298e+02 -8.106914e+01
   endloop
 endfacet
 facet normal -1.000000e+00  0.000000e+00  0.000000e+00
   outer loop
     vertex -1.765000e+02  4.789736e+02 -8.058844e+01
     vertex -1.765000e+02  4.792286e+02 -8.222653e+01
     vertex -1.765000e+02  4.790364e+02 -8.245867e+01
   endloop
 endfacet
 facet normal -1.000000e+00  0.000000e+00 -0.000000e+00
   outer loop
     vertex -1.765000e+02  4.789736e+02 -8.058844e+01
     vertex -1.765000e+02  4.790364e+02 -8.245867e+01
     vertex -1.765000e+02  4.787943e+02 -8.263807e+01
   endloop
 endfacet
 facet normal -1.000000e+00  0.000000e+00  0.000000e+00
   outer loop
     vertex -1.765000e+02  4.789736e+02 -8.058844e+01
     vertex -1.765000e+02  4.793298e+02 -8.106914e+01
     vertex -1.765000e+02  4.792286e+02 -8.222653e+01
   endloop
 endfacet
 facet normal -1.000000e+00  2.128708e-13  3.316782e-13
   outer loop
     vertex -1.765000e+02  4.784349e+02 -8.032834e+01
     vertex -1.765000e+02  4.787200e+02 -8.042568e+01
     vertex -1.765000e+02  4.789736e+02 -8.058844e+01
   endloop
 endfacet
 facet normal -1.000000e+00  1.008155e-13  3.385044e-15
   outer loop
     vertex -1.765000e+02  4.784349e+02 -8.032834e+01
     vertex -1.765000e+02  4.787943e+02 -8.263807e+01
     vertex -1.765000e+02  4.785163e+02 -8.275433e+01
   endloop
 endfacet
 facet normal -1.000000e+00  0.000000e+00 -0.000000e+00
   outer loop
     vertex -1.765000e+02  4.784349e+02 -8.032834e+01
     vertex -1.765000e+02  4.785163e+02 -8.275433e+01
     vertex -1.765000e+02  4.782185e+02 -8.280067e+01
   endloop
 endfacet
 facet normal -1.000000e+00  5.061324e-14 -4.428085e-15
   outer loop
     vertex -1.765000e+02  4.784349e+02 -8.032834e+01
     vertex -1.765000e+02  4.789736e+02 -8.058844e+01
     vertex -1.765000e+02  4.787943e+02 -8.263807e+01
   endloop
 endfacet
 facet normal -1.000000e+00  0.000000e+00  0.000000e+00
   outer loop
     vertex -1.765000e+02  4.781347e+02 -8.030208e+01
     vertex -1.765000e+02  4.784349e+02 -8.032834e+01
     vertex -1.765000e+02  4.782185e+02 -8.280067e+01
   endloop
 endfacet
 facet normal -1.000000e+00  0.000000e+00  0.000000e+00
   outer loop
     vertex -1.765000e+02  4.778369e+02 -8.034842e+01
     vertex -1.765000e+02  4.782185e+02 -8.280067e+01
     vertex -1.765000e+02  4.779184e+02 -8.277440e+01
   endloop
 endfacet
 facet normal -1.000000e+00  0.000000e+00 -0.000000e+00
   outer loop
     vertex -1.765000e+02  4.778369e+02 -8.034842e+01
     vertex -1.765000e+02  4.779184e+02 -8.277440e+01
     vertex -1.765000e+02  4.776332e+02 -8.267706e+01
   endloop
 endfacet
 facet normal -1.000000e+00  0.000000e+00  0.000000e+00
   outer loop
     vertex -1.765000e+02  4.778369e+02 -8.034842e+01
     vertex -1.765000e+02  4.781347e+02 -8.030208e+01
     vertex -1.765000e+02  4.782185e+02 -8.280067e+01
   endloop
 endfacet
 facet normal -1.000000e+00  0.000000e+00  0.000000e+00
   outer loop
     vertex -1.765000e+02  4.773168e+02 -8.064408e+01
     vertex -1.765000e+02  4.769314e+02 -8.144243e+01
     vertex -1.765000e+02  4.769936e+02 -8.114759e+01
   endloop
 endfacet
 facet normal -1.000000e+00  0.000000e+00  0.000000e+00
   outer loop
     vertex -1.765000e+02  4.773168e+02 -8.064408e+01
     vertex -1.765000e+02  4.769936e+02 -8.114759e+01
     vertex -1.765000e+02  4.771246e+02 -8.087621e+01
   endloop
 endfacet
 facet normal -1.000000e+00  0.000000e+00  0.000000e+00
   outer loop
     vertex -1.765000e+02  4.773168e+02 -8.064408e+01
     vertex -1.765000e+02  4.775589e+02 -8.046467e+01
     vertex -1.765000e+02  4.778369e+02 -8.034842e+01
   endloop
 endfacet
 facet normal -1.000000e+00  0.000000e+00  0.000000e+00
   outer loop
     vertex -1.765000e+02  4.773168e+02 -8.064408e+01
     vertex -1.765000e+02  4.776332e+02 -8.267706e+01
     vertex -1.765000e+02  4.773796e+02 -8.251430e+01
   endloop
 endfacet
 facet normal -1.000000e+00  0.000000e+00 -0.000000e+00
   outer loop
     vertex -1.765000e+02  4.773168e+02 -8.064408e+01
     vertex -1.765000e+02  4.773796e+02 -8.251430e+01
     vertex -1.765000e+02  4.771723e+02 -8.229557e+01
   endloop
 endfacet
 facet normal -1.000000e+00  0.000000e+00  0.000000e+00
   outer loop
     vertex -1.765000e+02  4.773168e+02 -8.064408e+01
     vertex -1.765000e+02  4.771723e+02 -8.229557e+01
     vertex -1.765000e+02  4.770234e+02 -8.203360e+01
   endloop
 endfacet
 facet normal -1.000000e+00  0.000000e+00  0.000000e+00
   outer loop
     vertex -1.765000e+02  4.773168e+02 -8.064408e+01
     vertex -1.765000e+02  4.770234e+02 -8.203360e+01
     vertex -1.765000e+02  4.769415e+02 -8.174360e+01
   endloop
 endfacet
 facet normal -1.000000e+00  0.000000e+00  0.000000e+00
   outer loop
     vertex -1.765000e+02  4.773168e+02 -8.064408e+01
     vertex -1.765000e+02  4.769415e+02 -8.174360e+01
     vertex -1.765000e+02  4.769314e+02 -8.144243e+01
   endloop
 endfacet
 facet normal -1.000000e+00  0.000000e+00  0.000000e+00
   outer loop
     vertex -1.765000e+02  4.773168e+02 -8.064408e+01
     vertex -1.765000e+02  4.778369e+02 -8.034842e+01
     vertex -1.765000e+02  4.776332e+02 -8.267706e+01
   endloop
 endfacet
 facet normal  0.000000e+00  9.784259e-01 -2.065983e-01
   outer loop
     vertex -1.840000e+02  4.880522e+02 -8.889087e+01
     vertex -1.765000e+02  4.879899e+02 -8.918571e+01
     vertex -1.840000e+02  4.879899e+02 -8.918571e+01
   endloop
 endfacet
 facet normal  0.000000e+00  9.784259e-01 -2.065983e-01
   outer loop
     vertex -1.840000e+02  4.880522e+02 -8.889087e+01
     vertex -1.765000e+02  4.880522e+02 -8.889087e+01
     vertex -1.765000e+02  4.879899e+02 -8.918571e+01
   endloop
 endfacet
 facet normal -6.825397e-15  9.005524e-01 -4.347475e-01
   outer loop
     vertex -1.840000e+02  4.881832e+02 -8.861949e+01
     vertex -1.765000e+02  4.881832e+02 -8.861949e+01
     vertex -1.765000e+02  4.880522e+02 -8.889087e+01
   endloop
 endfacet
 facet normal  0.000000e+00  9.005524e-01 -4.347475e-01
   outer loop
     vertex -1.840000e+02  4.881832e+02 -8.861949e+01
     vertex -1.765000e+02  4.880522e+02 -8.889087e+01
     vertex -1.840000e+02  4.880522e+02 -8.889087e+01
   endloop
 endfacet
 facet normal  0.000000e+00  7.703421e-01 -6.376309e-01
   outer loop
     vertex -1.840000e+02  4.883753e+02 -8.838736e+01
     vertex -1.765000e+02  4.883753e+02 -8.838736e+01
     vertex -1.765000e+02  4.881832e+02 -8.861949e+01
   endloop
 endfacet
 facet normal -5.839562e-15  7.703421e-01 -6.376309e-01
   outer loop
     vertex -1.840000e+02  4.883753e+02 -8.838736e+01
     vertex -1.765000e+02  4.881832e+02 -8.861949e+01
     vertex -1.840000e+02  4.881832e+02 -8.861949e+01
   endloop
 endfacet
 facet normal -2.989948e-15  5.953623e-01 -8.034574e-01
   outer loop
     vertex -1.840000e+02  4.886174e+02 -8.820795e+01
     vertex -1.765000e+02  4.886174e+02 -8.820795e+01
     vertex -1.765000e+02  4.883753e+02 -8.838736e+01
   endloop
 endfacet
 facet normal  0.000000e+00  5.953623e-01 -8.034574e-01
   outer loop
     vertex -1.840000e+02  4.886174e+02 -8.820795e+01
     vertex -1.765000e+02  4.883753e+02 -8.838736e+01
     vertex -1.840000e+02  4.883753e+02 -8.838736e+01
   endloop
 endfacet
 facet normal -2.923890e-15  3.857822e-01 -9.225899e-01
   outer loop
     vertex -1.840000e+02  4.888955e+02 -8.809170e+01
     vertex -1.765000e+02  4.888955e+02 -8.809170e+01
     vertex -1.765000e+02  4.886174e+02 -8.820795e+01
   endloop
 endfacet
 facet normal -1.175895e-15  3.857822e-01 -9.225899e-01
   outer loop
     vertex -1.840000e+02  4.888955e+02 -8.809170e+01
     vertex -1.765000e+02  4.886174e+02 -8.820795e+01
     vertex -1.840000e+02  4.886174e+02 -8.820795e+01
   endloop
 endfacet
 facet normal  0.000000e+00  1.537818e-01 -9.881048e-01
   outer loop
     vertex -1.840000e+02  4.891932e+02 -8.804536e+01
     vertex -1.765000e+02  4.891932e+02 -8.804536e+01
     vertex -1.765000e+02  4.888955e+02 -8.809170e+01
   endloop
 endfacet
 facet normal -1.165149e-15  1.537818e-01 -9.881048e-01
   outer loop
     vertex -1.840000e+02  4.891932e+02 -8.804536e+01
     vertex -1.765000e+02  4.888955e+02 -8.809170e+01
     vertex -1.840000e+02  4.888955e+02 -8.809170e+01
   endloop
 endfacet
 facet normal -1.227006e-15 -8.715574e-02 -9.961947e-01
   outer loop
     vertex -1.840000e+02  4.894934e+02 -8.807162e+01
     vertex -1.765000e+02  4.894934e+02 -8.807162e+01
     vertex -1.765000e+02  4.891932e+02 -8.804536e+01
   endloop
 endfacet
 facet normal  0.000000e+00 -8.715574e-02 -9.961947e-01
   outer loop
     vertex -1.840000e+02  4.894934e+02 -8.807162e+01
     vertex -1.765000e+02  4.891932e+02 -8.804536e+01
     vertex -1.840000e+02  4.891932e+02 -8.804536e+01
   endloop
 endfacet
 facet normal  0.000000e+00 -3.230282e-01 -9.463894e-01
   outer loop
     vertex -1.840000e+02  4.897786e+02 -8.816896e+01
     vertex -1.765000e+02  4.897786e+02 -8.816896e+01
     vertex -1.765000e+02  4.894934e+02 -8.807162e+01
   endloop
 endfacet
 facet normal  6.554924e-16 -3.230282e-01 -9.463894e-01
   outer loop
     vertex -1.840000e+02  4.897786e+02 -8.816896e+01
     vertex -1.765000e+02  4.894934e+02 -8.807162e+01
     vertex -1.840000e+02  4.894934e+02 -8.807162e+01
   endloop
 endfacet
 facet normal  4.093691e-15 -5.401273e-01 -8.415833e-01
   outer loop
     vertex -1.840000e+02  4.900322e+02 -8.833173e+01
     vertex -1.765000e+02  4.900322e+02 -8.833173e+01
     vertex -1.765000e+02  4.897786e+02 -8.816896e+01
   endloop
 endfacet
 facet normal  5.501202e-15 -7.258363e-01 -6.878675e-01
   outer loop
     vertex -1.840000e+02  4.900322e+02 -8.833173e+01
     vertex -1.765000e+02  4.902395e+02 -8.855045e+01
     vertex -1.765000e+02  4.900322e+02 -8.833173e+01
   endloop
 endfacet
 facet normal  0.000000e+00 -5.401273e-01 -8.415833e-01
   outer loop
     vertex -1.840000e+02  4.900322e+02 -8.833173e+01
     vertex -1.765000e+02  4.897786e+02 -8.816896e+01
     vertex -1.840000e+02  4.897786e+02 -8.816896e+01
   endloop
 endfacet
 facet normal  5.501202e-15 -7.258363e-01 -6.878675e-01
   outer loop
     vertex -1.840000e+02  4.902395e+02 -8.855045e+01
     vertex -1.765000e+02  4.902395e+02 -8.855045e+01
     vertex -1.840000e+02  4.900322e+02 -8.833173e+01
   endloop
 endfacet
 facet normal  6.589003e-15 -8.693623e-01 -4.941753e-01
   outer loop
     vertex -1.840000e+02  4.903884e+02 -8.881243e+01
     vertex -1.765000e+02  4.903884e+02 -8.881243e+01
     vertex -1.765000e+02  4.902395e+02 -8.855045e+01
   endloop
 endfacet
 facet normal  6.588696e-15 -8.693623e-01 -4.941753e-01
   outer loop
     vertex -1.840000e+02  4.903884e+02 -8.881243e+01
     vertex -1.765000e+02  4.902395e+02 -8.855045e+01
     vertex -1.840000e+02  4.902395e+02 -8.855045e+01
   endloop
 endfacet
 facet normal  0.000000e+00 -9.623641e-01 -2.717635e-01
   outer loop
     vertex -1.840000e+02  4.904703e+02 -8.910243e+01
     vertex -1.765000e+02  4.904703e+02 -8.910243e+01
     vertex -1.765000e+02  4.903884e+02 -8.881243e+01
   endloop
 endfacet
 facet normal  0.000000e+00 -9.994368e-01 -3.355772e-02
   outer loop
     vertex -1.840000e+02  4.904703e+02 -8.910243e+01
     vertex -1.765000e+02  4.904804e+02 -8.940360e+01
     vertex -1.765000e+02  4.904703e+02 -8.910243e+01
   endloop
 endfacet
 facet normal  7.293312e-15 -9.623641e-01 -2.717635e-01
   outer loop
     vertex -1.840000e+02  4.904703e+02 -8.910243e+01
     vertex -1.765000e+02  4.903884e+02 -8.881243e+01
     vertex -1.840000e+02  4.903884e+02 -8.881243e+01
   endloop
 endfacet
 facet normal  0.000000e+00 -9.994368e-01 -3.355772e-02
   outer loop
     vertex -1.840000e+02  4.904804e+02 -8.940360e+01
     vertex -1.765000e+02  4.904804e+02 -8.940360e+01
     vertex -1.840000e+02  4.904703e+02 -8.910243e+01
   endloop
 endfacet
 facet normal -1.000000e+00  0.000000e+00  0.000000e+00
   outer loop
     vertex -1.765000e+02  4.889769e+02 -9.051769e+01
     vertex -1.765000e+02  4.895749e+02 -9.049761e+01
     vertex -1.765000e+02  4.892771e+02 -9.054395e+01
   endloop
 endfacet
 facet normal -1.000000e+00 -1.273093e-13 -3.729836e-13
   outer loop
     vertex -1.765000e+02  4.884381e+02 -9.025758e+01
     vertex -1.765000e+02  4.889769e+02 -9.051769e+01
     vertex -1.765000e+02  4.886917e+02 -9.042034e+01
   endloop
 endfacet
 facet normal -1.000000e+00  1.164289e-14 -2.784371e-14
   outer loop
     vertex -1.765000e+02  4.882308e+02 -9.003886e+01
     vertex -1.765000e+02  4.898529e+02 -9.038136e+01
     vertex -1.765000e+02  4.895749e+02 -9.049761e+01
   endloop
 endfacet
 facet normal -1.000000e+00  1.893913e-15 -5.640570e-14
   outer loop
     vertex -1.765000e+02  4.882308e+02 -9.003886e+01
     vertex -1.765000e+02  4.895749e+02 -9.049761e+01
     vertex -1.765000e+02  4.889769e+02 -9.051769e+01
   endloop
 endfacet
 facet normal -1.000000e+00  9.723733e-14  9.215080e-14
   outer loop
     vertex -1.765000e+02  4.882308e+02 -9.003886e+01
     vertex -1.765000e+02  4.889769e+02 -9.051769e+01
     vertex -1.765000e+02  4.884381e+02 -9.025758e+01
   endloop
 endfacet
 facet normal -1.000000e+00  1.057810e-14 -8.755750e-15
   outer loop
     vertex -1.765000e+02  4.880000e+02 -8.948688e+01
     vertex -1.765000e+02  4.902871e+02 -8.996981e+01
     vertex -1.765000e+02  4.900950e+02 -9.020195e+01
   endloop
 endfacet
 facet normal -1.000000e+00  9.288235e-15 -1.253472e-14
   outer loop
     vertex -1.765000e+02  4.880000e+02 -8.948688e+01
     vertex -1.765000e+02  4.900950e+02 -9.020195e+01
     vertex -1.765000e+02  4.898529e+02 -9.038136e+01
   endloop
 endfacet
 facet normal -1.000000e+00  0.000000e+00  0.000000e+00
   outer loop
     vertex -1.765000e+02  4.880000e+02 -8.948688e+01
     vertex -1.765000e+02  4.882308e+02 -9.003886e+01
     vertex -1.765000e+02  4.880819e+02 -8.977688e+01
   endloop
 endfacet
 facet normal -1.000000e+00  1.921913e-14  8.036504e-15
   outer loop
     vertex -1.765000e+02  4.880000e+02 -8.948688e+01
     vertex -1.765000e+02  4.898529e+02 -9.038136e+01
     vertex -1.765000e+02  4.882308e+02 -9.003886e+01
   endloop
 endfacet
 facet normal -1.000000e+00  0.000000e+00  0.000000e+00
   outer loop
     vertex -1.765000e+02  4.894934e+02 -8.807162e+01
     vertex -1.765000e+02  4.897786e+02 -8.816896e+01
     vertex -1.765000e+02  4.900322e+02 -8.833173e+01
   endloop
 endfacet
 facet normal -1.000000e+00  1.120511e-14 -2.366001e-15
   outer loop
     vertex -1.765000e+02  4.880522e+02 -8.889087e+01
     vertex -1.765000e+02  4.904804e+02 -8.940360e+01
     vertex -1.765000e+02  4.904181e+02 -8.969844e+01
   endloop
 endfacet
 facet normal -1.000000e+00  1.031329e-14 -4.978808e-15
   outer loop
     vertex -1.765000e+02  4.880522e+02 -8.889087e+01
     vertex -1.765000e+02  4.904181e+02 -8.969844e+01
     vertex -1.765000e+02  4.902871e+02 -8.996981e+01
   endloop
 endfacet
 facet normal -1.000000e+00  0.000000e+00  0.000000e+00
   outer loop
     vertex -1.765000e+02  4.880522e+02 -8.889087e+01
     vertex -1.765000e+02  4.880000e+02 -8.948688e+01
     vertex -1.765000e+02  4.879899e+02 -8.918571e+01
   endloop
 endfacet
 facet normal -1.000000e+00  1.220150e-14 -1.067493e-15
   outer loop
     vertex -1.765000e+02  4.880522e+02 -8.889087e+01
     vertex -1.765000e+02  4.902871e+02 -8.996981e+01
     vertex -1.765000e+02  4.880000e+02 -8.948688e+01
   endloop
 endfacet
 facet normal -1.000000e+00  0.000000e+00  0.000000e+00
   outer loop
     vertex -1.765000e+02  4.888955e+02 -8.809170e+01
     vertex -1.765000e+02  4.891932e+02 -8.804536e+01
     vertex -1.765000e+02  4.894934e+02 -8.807162e+01
   endloop
 endfacet
 facet normal -1.000000e+00  0.000000e+00  0.000000e+00
   outer loop
     vertex -1.765000e+02  4.883753e+02 -8.838736e+01
     vertex -1.765000e+02  4.880522e+02 -8.889087e+01
     vertex -1.765000e+02  4.881832e+02 -8.861949e+01
   endloop
 endfacet
 facet normal -1.000000e+00 -1.520414e-13  3.636039e-13
   outer loop
     vertex -1.765000e+02  4.883753e+02 -8.838736e+01
     vertex -1.765000e+02  4.886174e+02 -8.820795e+01
     vertex -1.765000e+02  4.888955e+02 -8.809170e+01
   endloop
 endfacet
 facet normal -1.000000e+00  1.662482e-14  1.575517e-14
   outer loop
     vertex -1.765000e+02  4.883753e+02 -8.838736e+01
     vertex -1.765000e+02  4.900322e+02 -8.833173e+01
     vertex -1.765000e+02  4.902395e+02 -8.855045e+01
   endloop
 endfacet
 facet normal -1.000000e+00  1.604433e-14  9.120148e-15
   outer loop
     vertex -1.765000e+02  4.883753e+02 -8.838736e+01
     vertex -1.765000e+02  4.902395e+02 -8.855045e+01
     vertex -1.765000e+02  4.903884e+02 -8.881243e+01
   endloop
 endfacet
 facet normal -1.000000e+00  1.501382e-14  4.239776e-15
   outer loop
     vertex -1.765000e+02  4.883753e+02 -8.838736e+01
     vertex -1.765000e+02  4.903884e+02 -8.881243e+01
     vertex -1.765000e+02  4.904703e+02 -8.910243e+01
   endloop
 endfacet
 facet normal -1.000000e+00  1.372396e-14  4.608043e-16
   outer loop
     vertex -1.765000e+02  4.883753e+02 -8.838736e+01
     vertex -1.765000e+02  4.904703e+02 -8.910243e+01
     vertex -1.765000e+02  4.904804e+02 -8.940360e+01
   endloop
 endfacet
 facet normal -1.000000e+00  1.603833e-14  3.322240e-14
   outer loop
     vertex -1.765000e+02  4.883753e+02 -8.838736e+01
     vertex -1.765000e+02  4.894934e+02 -8.807162e+01
     vertex -1.765000e+02  4.900322e+02 -8.833173e+01
   endloop
 endfacet
 facet normal -1.000000e+00  1.030781e-14 -6.615540e-15
   outer loop
     vertex -1.765000e+02  4.883753e+02 -8.838736e+01
     vertex -1.765000e+02  4.904804e+02 -8.940360e+01
     vertex -1.765000e+02  4.880522e+02 -8.889087e+01
   endloop
 endfacet
 facet normal -1.000000e+00 -3.430340e-15  1.021645e-13
   outer loop
     vertex -1.765000e+02  4.883753e+02 -8.838736e+01
     vertex -1.765000e+02  4.888955e+02 -8.809170e+01
     vertex -1.765000e+02  4.894934e+02 -8.807162e+01
   endloop
 endfacet
 facet normal -7.414586e-15  9.784259e-01 -2.065983e-01
   outer loop
     vertex -1.840000e+02  4.868756e+02 -1.023395e+02
     vertex -1.765000e+02  4.868133e+02 -1.026343e+02
     vertex -1.840000e+02  4.868133e+02 -1.026343e+02
   endloop
 endfacet
 facet normal -7.415609e-15  9.784259e-01 -2.065983e-01
   outer loop
     vertex -1.840000e+02  4.868756e+02 -1.023395e+02
     vertex -1.765000e+02  4.868756e+02 -1.023395e+02
     vertex -1.765000e+02  4.868133e+02 -1.026343e+02
   endloop
 endfacet
 facet normal -6.825397e-15  9.005524e-01 -4.347475e-01
   outer loop
     vertex -1.840000e+02  4.870066e+02 -1.020681e+02
     vertex -1.765000e+02  4.870066e+02 -1.020681e+02
     vertex -1.765000e+02  4.868756e+02 -1.023395e+02
   endloop
 endfacet
 facet normal -6.825103e-15  9.005524e-01 -4.347475e-01
   outer loop
     vertex -1.840000e+02  4.870066e+02 -1.020681e+02
     vertex -1.765000e+02  4.868756e+02 -1.023395e+02
     vertex -1.840000e+02  4.868756e+02 -1.023395e+02
   endloop
 endfacet
 facet normal -1.167703e-14  7.703421e-01 -6.376309e-01
   outer loop
     vertex -1.840000e+02  4.871987e+02 -1.018360e+02
     vertex -1.765000e+02  4.871987e+02 -1.018360e+02
     vertex -1.765000e+02  4.870066e+02 -1.020681e+02
   endloop
 endfacet
 facet normal -5.839562e-15  7.703421e-01 -6.376309e-01
   outer loop
     vertex -1.840000e+02  4.871987e+02 -1.018360e+02
     vertex -1.765000e+02  4.870066e+02 -1.020681e+02
     vertex -1.840000e+02  4.870066e+02 -1.020681e+02
   endloop
 endfacet
 facet normal -4.512324e-15  5.953623e-01 -8.034574e-01
   outer loop
     vertex -1.840000e+02  4.874408e+02 -1.016566e+02
     vertex -1.765000e+02  4.874408e+02 -1.016566e+02
     vertex -1.765000e+02  4.871987e+02 -1.018360e+02
   endloop
 endfacet
 facet normal -9.023382e-15  5.953623e-01 -8.034574e-01
   outer loop
     vertex -1.840000e+02  4.874408e+02 -1.016566e+02
     vertex -1.765000e+02  4.871987e+02 -1.018360e+02
     vertex -1.840000e+02  4.871987e+02 -1.018360e+02
   endloop
 endfacet
 facet normal  0.000000e+00  3.857822e-01 -9.225899e-01
   outer loop
     vertex -1.840000e+02  4.877188e+02 -1.015403e+02
     vertex -1.765000e+02  4.877188e+02 -1.015403e+02
     vertex -1.765000e+02  4.874408e+02 -1.016566e+02
   endloop
 endfacet
 facet normal -2.922851e-15  3.857822e-01 -9.225899e-01
   outer loop
     vertex -1.840000e+02  4.877188e+02 -1.015403e+02
     vertex -1.765000e+02  4.874408e+02 -1.016566e+02
     vertex -1.840000e+02  4.874408e+02 -1.016566e+02
   endloop
 endfacet
 facet normal -1.165531e-15  1.537818e-01 -9.881048e-01
   outer loop
     vertex -1.840000e+02  4.880166e+02 -1.014940e+02
     vertex -1.765000e+02  4.880166e+02 -1.014940e+02
     vertex -1.765000e+02  4.877188e+02 -1.015403e+02
   endloop
 endfacet
 facet normal  0.000000e+00  1.537818e-01 -9.881048e-01
   outer loop
     vertex -1.840000e+02  4.880166e+02 -1.014940e+02
     vertex -1.765000e+02  4.877188e+02 -1.015403e+02
     vertex -1.840000e+02  4.877188e+02 -1.015403e+02
   endloop
 endfacet
 facet normal  0.000000e+00 -8.715574e-02 -9.961947e-01
   outer loop
     vertex -1.840000e+02  4.883168e+02 -1.015202e+02
     vertex -1.765000e+02  4.883168e+02 -1.015202e+02
     vertex -1.765000e+02  4.880166e+02 -1.014940e+02
   endloop
 endfacet
 facet normal  6.608652e-16 -8.715574e-02 -9.961947e-01
   outer loop
     vertex -1.840000e+02  4.883168e+02 -1.015202e+02
     vertex -1.765000e+02  4.880166e+02 -1.014940e+02
     vertex -1.840000e+02  4.880166e+02 -1.014940e+02
   endloop
 endfacet
 facet normal  2.448270e-15 -3.230282e-01 -9.463894e-01
   outer loop
     vertex -1.840000e+02  4.886020e+02 -1.016176e+02
     vertex -1.765000e+02  4.886020e+02 -1.016176e+02
     vertex -1.765000e+02  4.883168e+02 -1.015202e+02
   endloop
 endfacet
 facet normal  0.000000e+00 -3.230282e-01 -9.463894e-01
   outer loop
     vertex -1.840000e+02  4.886020e+02 -1.016176e+02
     vertex -1.765000e+02  4.883168e+02 -1.015202e+02
     vertex -1.840000e+02  4.883168e+02 -1.015202e+02
   endloop
 endfacet
 facet normal  5.688307e-15 -5.401273e-01 -8.415833e-01
   outer loop
     vertex -1.840000e+02  4.888556e+02 -1.017804e+02
     vertex -1.765000e+02  4.888556e+02 -1.017804e+02
     vertex -1.765000e+02  4.886020e+02 -1.016176e+02
   endloop
 endfacet
 facet normal  6.804560e-15 -7.258363e-01 -6.878675e-01
   outer loop
     vertex -1.840000e+02  4.888556e+02 -1.017804e+02
     vertex -1.765000e+02  4.890629e+02 -1.019991e+02
     vertex -1.765000e+02  4.888556e+02 -1.017804e+02
   endloop
 endfacet
 facet normal  4.095676e-15 -5.401273e-01 -8.415833e-01
   outer loop
     vertex -1.840000e+02  4.888556e+02 -1.017804e+02
     vertex -1.765000e+02  4.886020e+02 -1.016176e+02
     vertex -1.840000e+02  4.886020e+02 -1.016176e+02
   endloop
 endfacet
 facet normal  0.000000e+00 -7.258363e-01 -6.878675e-01
   outer loop
     vertex -1.840000e+02  4.890629e+02 -1.019991e+02
     vertex -1.765000e+02  4.890629e+02 -1.019991e+02
     vertex -1.840000e+02  4.888556e+02 -1.017804e+02
   endloop
 endfacet
 facet normal  1.317801e-14 -8.693623e-01 -4.941753e-01
   outer loop
     vertex -1.840000e+02  4.892118e+02 -1.022611e+02
     vertex -1.765000e+02  4.892118e+02 -1.022611e+02
     vertex -1.765000e+02  4.890629e+02 -1.019991e+02
   endloop
 endfacet
 facet normal  0.000000e+00 -8.693623e-01 -4.941753e-01
   outer loop
     vertex -1.840000e+02  4.892118e+02 -1.022611e+02
     vertex -1.765000e+02  4.890629e+02 -1.019991e+02
     vertex -1.840000e+02  4.890629e+02 -1.019991e+02
   endloop
 endfacet
 facet normal  7.293875e-15 -9.623641e-01 -2.717635e-01
   outer loop
     vertex -1.840000e+02  4.892937e+02 -1.025511e+02
     vertex -1.765000e+02  4.892937e+02 -1.025511e+02
     vertex -1.765000e+02  4.892118e+02 -1.022611e+02
   endloop
 endfacet
 facet normal  7.574854e-15 -9.994368e-01 -3.355772e-02
   outer loop
     vertex -1.840000e+02  4.892937e+02 -1.025511e+02
     vertex -1.765000e+02  4.893038e+02 -1.028522e+02
     vertex -1.765000e+02  4.892937e+02 -1.025511e+02
   endloop
 endfacet
 facet normal  1.458816e-14 -9.623641e-01 -2.717635e-01
   outer loop
     vertex -1.840000e+02  4.892937e+02 -1.025511e+02
     vertex -1.765000e+02  4.892118e+02 -1.022611e+02
     vertex -1.840000e+02  4.892118e+02 -1.022611e+02
   endloop
 endfacet
 facet normal  1.514971e-14 -9.994368e-01 -3.355772e-02
   outer loop
     vertex -1.840000e+02  4.893038e+02 -1.028522e+02
     vertex -1.765000e+02  4.893038e+02 -1.028522e+02
     vertex -1.840000e+02  4.892937e+02 -1.025511e+02
   endloop
 endfacet
 facet normal -1.000000e+00  0.000000e+00  0.000000e+00
   outer loop
     vertex -1.765000e+02  4.872615e+02 -1.037062e+02
     vertex -1.765000e+02  4.883983e+02 -1.039462e+02
     vertex -1.765000e+02  4.881005e+02 -1.039926e+02
   endloop
 endfacet
 facet normal -1.000000e+00  0.000000e+00  0.000000e+00
   outer loop
     vertex -1.765000e+02  4.872615e+02 -1.037062e+02
     vertex -1.765000e+02  4.881005e+02 -1.039926e+02
     vertex -1.765000e+02  4.878003e+02 -1.039663e+02
   endloop
 endfacet
 facet normal -1.000000e+00  0.000000e+00  0.000000e+00
   outer loop
     vertex -1.765000e+02  4.872615e+02 -1.037062e+02
     vertex -1.765000e+02  4.878003e+02 -1.039663e+02
     vertex -1.765000e+02  4.875151e+02 -1.038690e+02
   endloop
 endfacet
 facet normal -1.000000e+00  1.363640e-14 -1.840268e-14
   outer loop
     vertex -1.765000e+02  4.870542e+02 -1.034875e+02
     vertex -1.765000e+02  4.889184e+02 -1.036506e+02
     vertex -1.765000e+02  4.886763e+02 -1.038300e+02
   endloop
 endfacet
 facet normal -1.000000e+00  4.594492e-14  1.346068e-13
   outer loop
     vertex -1.765000e+02  4.870542e+02 -1.034875e+02
     vertex -1.765000e+02  4.886763e+02 -1.038300e+02
     vertex -1.765000e+02  4.883983e+02 -1.039462e+02
   endloop
 endfacet
 facet normal -1.000000e+00  0.000000e+00  0.000000e+00
   outer loop
     vertex -1.765000e+02  4.870542e+02 -1.034875e+02
     vertex -1.765000e+02  4.883983e+02 -1.039462e+02
     vertex -1.765000e+02  4.872615e+02 -1.037062e+02
   endloop
 endfacet
 facet normal -1.000000e+00  1.201809e-14 -9.947666e-15
   outer loop
     vertex -1.765000e+02  4.869053e+02 -1.032255e+02
     vertex -1.765000e+02  4.891105e+02 -1.034184e+02
     vertex -1.765000e+02  4.889184e+02 -1.036506e+02
   endloop
 endfacet
 facet normal -1.000000e+00  1.604433e-14  9.120148e-15
   outer loop
     vertex -1.765000e+02  4.869053e+02 -1.032255e+02
     vertex -1.765000e+02  4.889184e+02 -1.036506e+02
     vertex -1.765000e+02  4.870542e+02 -1.034875e+02
   endloop
 endfacet
 facet normal -1.000000e+00  1.127734e-14 -5.444211e-15
   outer loop
     vertex -1.765000e+02  4.868234e+02 -1.029355e+02
     vertex -1.765000e+02  4.892415e+02 -1.031471e+02
     vertex -1.765000e+02  4.891105e+02 -1.034184e+02
   endloop
 endfacet
 facet normal -1.000000e+00  1.321489e-14  3.731772e-15
   outer loop
     vertex -1.765000e+02  4.868234e+02 -1.029355e+02
     vertex -1.765000e+02  4.891105e+02 -1.034184e+02
     vertex -1.765000e+02  4.869053e+02 -1.032255e+02
   endloop
 endfacet
 facet normal -1.000000e+00  2.128708e-13  3.316782e-13
   outer loop
     vertex -1.765000e+02  4.883168e+02 -1.015202e+02
     vertex -1.765000e+02  4.886020e+02 -1.016176e+02
     vertex -1.765000e+02  4.888556e+02 -1.017804e+02
   endloop
 endfacet
 facet normal -1.000000e+00  1.178828e-14  3.958107e-16
   outer loop
     vertex -1.765000e+02  4.868756e+02 -1.023395e+02
     vertex -1.765000e+02  4.892937e+02 -1.025511e+02
     vertex -1.765000e+02  4.893038e+02 -1.028522e+02
   endloop
 endfacet
 facet normal -1.000000e+00  1.120511e-14 -2.366001e-15
   outer loop
     vertex -1.765000e+02  4.868756e+02 -1.023395e+02
     vertex -1.765000e+02  4.893038e+02 -1.028522e+02
     vertex -1.765000e+02  4.892415e+02 -1.031471e+02
   endloop
 endfacet
 facet normal -1.000000e+00  0.000000e+00  0.000000e+00
   outer loop
     vertex -1.765000e+02  4.868756e+02 -1.023395e+02
     vertex -1.765000e+02  4.868234e+02 -1.029355e+02
     vertex -1.765000e+02  4.868133e+02 -1.026343e+02
   endloop
 endfacet
 facet normal -1.000000e+00  1.166437e-14 -1.020500e-15
   outer loop
     vertex -1.765000e+02  4.868756e+02 -1.023395e+02
     vertex -1.765000e+02  4.892415e+02 -1.031471e+02
     vertex -1.765000e+02  4.868234e+02 -1.029355e+02
   endloop
 endfacet
 facet normal -1.000000e+00  0.000000e+00  0.000000e+00
   outer loop
     vertex -1.765000e+02  4.877188e+02 -1.015403e+02
     vertex -1.765000e+02  4.880166e+02 -1.014940e+02
     vertex -1.765000e+02  4.883168e+02 -1.015202e+02
   endloop
 endfacet
 facet normal -1.000000e+00  3.430340e-15 -1.021645e-13
   outer loop
     vertex -1.765000e+02  4.877188e+02 -1.015403e+02
     vertex -1.765000e+02  4.883168e+02 -1.015202e+02
     vertex -1.765000e+02  4.888556e+02 -1.017804e+02
   endloop
 endfacet
 facet normal -1.000000e+00  1.321489e-14  3.731772e-15
   outer loop
     vertex -1.765000e+02  4.870066e+02 -1.020681e+02
     vertex -1.765000e+02  4.892118e+02 -1.022611e+02
     vertex -1.765000e+02  4.892937e+02 -1.025511e+02
   endloop
 endfacet
 facet normal -1.000000e+00  1.127734e-14 -5.444211e-15
   outer loop
     vertex -1.765000e+02  4.870066e+02 -1.020681e+02
     vertex -1.765000e+02  4.892937e+02 -1.025511e+02
     vertex -1.765000e+02  4.868756e+02 -1.023395e+02
   endloop
 endfacet
 facet normal -1.000000e+00  1.661346e-14 -3.973075e-14
   outer loop
     vertex -1.765000e+02  4.874408e+02 -1.016566e+02
     vertex -1.765000e+02  4.877188e+02 -1.015403e+02
     vertex -1.765000e+02  4.888556e+02 -1.017804e+02
   endloop
 endfacet
 facet normal -1.000000e+00  1.662482e-14  1.575517e-14
   outer loop
     vertex -1.765000e+02  4.871987e+02 -1.018360e+02
     vertex -1.765000e+02  4.888556e+02 -1.017804e+02
     vertex -1.765000e+02  4.890629e+02 -1.019991e+02
   endloop
 endfacet
 facet normal -1.000000e+00  1.604433e-14  9.120148e-15
   outer loop
     vertex -1.765000e+02  4.871987e+02 -1.018360e+02
     vertex -1.765000e+02  4.890629e+02 -1.019991e+02
     vertex -1.765000e+02  4.892118e+02 -1.022611e+02
   endloop
 endfacet
 facet normal -1.000000e+00  1.201809e-14 -9.947666e-15
   outer loop
     vertex -1.765000e+02  4.871987e+02 -1.018360e+02
     vertex -1.765000e+02  4.892118e+02 -1.022611e+02
     vertex -1.765000e+02  4.870066e+02 -1.020681e+02
   endloop
 endfacet
 facet normal -1.000000e+00  1.796800e-14 -2.424830e-14
   outer loop
     vertex -1.765000e+02  4.871987e+02 -1.018360e+02
     vertex -1.765000e+02  4.874408e+02 -1.016566e+02
     vertex -1.765000e+02  4.888556e+02 -1.017804e+02
   endloop
 endfacet
 facet normal  0.000000e+00  9.784259e-01 -2.065983e-01
   outer loop
     vertex -1.840000e+02  4.746404e+02 -1.080448e+02
     vertex -1.765000e+02  4.745782e+02 -1.083397e+02
     vertex -1.840000e+02  4.745782e+02 -1.083397e+02
   endloop
 endfacet
 facet normal  0.000000e+00  9.784259e-01 -2.065983e-01
   outer loop
     vertex -1.840000e+02  4.746404e+02 -1.080448e+02
     vertex -1.765000e+02  4.746404e+02 -1.080448e+02
     vertex -1.765000e+02  4.745782e+02 -1.083397e+02
   endloop
 endfacet
 facet normal  0.000000e+00  9.005524e-01 -4.347475e-01
   outer loop
     vertex -1.840000e+02  4.747714e+02 -1.077735e+02
     vertex -1.765000e+02  4.747714e+02 -1.077735e+02
     vertex -1.765000e+02  4.746404e+02 -1.080448e+02
   endloop
 endfacet
 facet normal  0.000000e+00  9.005524e-01 -4.347475e-01
   outer loop
     vertex -1.840000e+02  4.747714e+02 -1.077735e+02
     vertex -1.765000e+02  4.746404e+02 -1.080448e+02
     vertex -1.840000e+02  4.746404e+02 -1.080448e+02
   endloop
 endfacet
 facet normal -5.838517e-15  7.703421e-01 -6.376309e-01
   outer loop
     vertex -1.840000e+02  4.749636e+02 -1.075413e+02
     vertex -1.765000e+02  4.749636e+02 -1.075413e+02
     vertex -1.765000e+02  4.747714e+02 -1.077735e+02
   endloop
 endfacet
 facet normal  0.000000e+00  7.703421e-01 -6.376309e-01
   outer loop
     vertex -1.840000e+02  4.749636e+02 -1.075413e+02
     vertex -1.765000e+02  4.747714e+02 -1.077735e+02
     vertex -1.840000e+02  4.747714e+02 -1.077735e+02
   endloop
 endfacet
 facet normal  0.000000e+00  5.953623e-01 -8.034574e-01
   outer loop
     vertex -1.840000e+02  4.752057e+02 -1.073619e+02
     vertex -1.765000e+02  4.752057e+02 -1.073619e+02
     vertex -1.765000e+02  4.749636e+02 -1.075413e+02
   endloop
 endfacet
 facet normal -4.510156e-15  5.953623e-01 -8.034574e-01
   outer loop
     vertex -1.840000e+02  4.752057e+02 -1.073619e+02
     vertex -1.765000e+02  4.749636e+02 -1.075413e+02
     vertex -1.840000e+02  4.749636e+02 -1.075413e+02
   endloop
 endfacet
 facet normal -4.099675e-15  3.857822e-01 -9.225899e-01
   outer loop
     vertex -1.840000e+02  4.754837e+02 -1.072457e+02
     vertex -1.765000e+02  4.754837e+02 -1.072457e+02
     vertex -1.765000e+02  4.752057e+02 -1.073619e+02
   endloop
 endfacet
 facet normal  0.000000e+00  3.857822e-01 -9.225899e-01
   outer loop
     vertex -1.840000e+02  4.754837e+02 -1.072457e+02
     vertex -1.765000e+02  4.752057e+02 -1.073619e+02
     vertex -1.840000e+02  4.752057e+02 -1.073619e+02
   endloop
 endfacet
 facet normal  7.067105e-16  1.537818e-01 -9.881048e-01
   outer loop
     vertex -1.840000e+02  4.757815e+02 -1.071993e+02
     vertex -1.765000e+02  4.757815e+02 -1.071993e+02
     vertex -1.765000e+02  4.754837e+02 -1.072457e+02
   endloop
 endfacet
 facet normal -4.589982e-16  1.537818e-01 -9.881048e-01
   outer loop
     vertex -1.840000e+02  4.757815e+02 -1.071993e+02
     vertex -1.765000e+02  4.754837e+02 -1.072457e+02
     vertex -1.840000e+02  4.754837e+02 -1.072457e+02
   endloop
 endfacet
 facet normal  0.000000e+00 -8.715574e-02 -9.961947e-01
   outer loop
     vertex -1.840000e+02  4.760816e+02 -1.072256e+02
     vertex -1.765000e+02  4.760816e+02 -1.072256e+02
     vertex -1.765000e+02  4.757815e+02 -1.071993e+02
   endloop
 endfacet
 facet normal  2.548284e-15 -8.715574e-02 -9.961947e-01
   outer loop
     vertex -1.840000e+02  4.760816e+02 -1.072256e+02
     vertex -1.765000e+02  4.757815e+02 -1.071993e+02
     vertex -1.840000e+02  4.757815e+02 -1.071993e+02
   endloop
 endfacet
 facet normal  0.000000e+00 -3.230282e-01 -9.463894e-01
   outer loop
     vertex -1.840000e+02  4.763668e+02 -1.073229e+02
     vertex -1.765000e+02  4.763668e+02 -1.073229e+02
     vertex -1.765000e+02  4.760816e+02 -1.072256e+02
   endloop
 endfacet
 facet normal  0.000000e+00 -3.230282e-01 -9.463894e-01
   outer loop
     vertex -1.840000e+02  4.763668e+02 -1.073229e+02
     vertex -1.765000e+02  4.760816e+02 -1.072256e+02
     vertex -1.840000e+02  4.760816e+02 -1.072256e+02
   endloop
 endfacet
 facet normal  8.187383e-15 -5.401273e-01 -8.415833e-01
   outer loop
     vertex -1.840000e+02  4.766204e+02 -1.074857e+02
     vertex -1.765000e+02  4.766204e+02 -1.074857e+02
     vertex -1.765000e+02  4.763668e+02 -1.073229e+02
   endloop
 endfacet
 facet normal  1.100240e-14 -7.258363e-01 -6.878675e-01
   outer loop
     vertex -1.840000e+02  4.766204e+02 -1.074857e+02
     vertex -1.765000e+02  4.768277e+02 -1.077044e+02
     vertex -1.765000e+02  4.766204e+02 -1.074857e+02
   endloop
 endfacet
 facet normal  0.000000e+00 -5.401273e-01 -8.415833e-01
   outer loop
     vertex -1.840000e+02  4.766204e+02 -1.074857e+02
     vertex -1.765000e+02  4.763668e+02 -1.073229e+02
     vertex -1.840000e+02  4.763668e+02 -1.073229e+02
   endloop
 endfacet
 facet normal  0.000000e+00 -7.258363e-01 -6.878675e-01
   outer loop
     vertex -1.840000e+02  4.768277e+02 -1.077044e+02
     vertex -1.765000e+02  4.768277e+02 -1.077044e+02
     vertex -1.840000e+02  4.766204e+02 -1.074857e+02
   endloop
 endfacet
 facet normal  6.589003e-15 -8.693623e-01 -4.941753e-01
   outer loop
     vertex -1.840000e+02  4.769766e+02 -1.079664e+02
     vertex -1.765000e+02  4.769766e+02 -1.079664e+02
     vertex -1.765000e+02  4.768277e+02 -1.077044e+02
   endloop
 endfacet
 facet normal  0.000000e+00 -8.693623e-01 -4.941753e-01
   outer loop
     vertex -1.840000e+02  4.769766e+02 -1.079664e+02
     vertex -1.765000e+02  4.768277e+02 -1.077044e+02
     vertex -1.840000e+02  4.768277e+02 -1.077044e+02
   endloop
 endfacet
 facet normal  0.000000e+00 -9.623641e-01 -2.717635e-01
   outer loop
     vertex -1.840000e+02  4.770585e+02 -1.082564e+02
     vertex -1.765000e+02  4.770585e+02 -1.082564e+02
     vertex -1.765000e+02  4.769766e+02 -1.079664e+02
   endloop
 endfacet
 facet normal  0.000000e+00 -9.994368e-01 -3.355772e-02
   outer loop
     vertex -1.840000e+02  4.770585e+02 -1.082564e+02
     vertex -1.765000e+02  4.770686e+02 -1.085576e+02
     vertex -1.765000e+02  4.770585e+02 -1.082564e+02
   endloop
 endfacet
 facet normal  7.293312e-15 -9.623641e-01 -2.717635e-01
   outer loop
     vertex -1.840000e+02  4.770585e+02 -1.082564e+02
     vertex -1.765000e+02  4.769766e+02 -1.079664e+02
     vertex -1.840000e+02  4.769766e+02 -1.079664e+02
   endloop
 endfacet
 facet normal  0.000000e+00 -9.994368e-01 -3.355772e-02
   outer loop
     vertex -1.840000e+02  4.770686e+02 -1.085576e+02
     vertex -1.765000e+02  4.770686e+02 -1.085576e+02
     vertex -1.840000e+02  4.770585e+02 -1.082564e+02
   endloop
 endfacet
 facet normal -1.000000e+00  0.000000e+00 -0.000000e+00
   outer loop
     vertex -1.765000e+02  4.770585e+02 -1.082564e+02
     vertex -1.765000e+02  4.770686e+02 -1.085576e+02
     vertex -1.765000e+02  4.770064e+02 -1.088524e+02
   endloop
 endfacet
 facet normal -1.000000e+00  0.000000e+00  0.000000e+00
   outer loop
     vertex -1.765000e+02  4.768277e+02 -1.077044e+02
     vertex -1.765000e+02  4.769766e+02 -1.079664e+02
     vertex -1.765000e+02  4.770585e+02 -1.082564e+02
   endloop
 endfacet
 facet normal -1.000000e+00  0.000000e+00  0.000000e+00
   outer loop
     vertex -1.765000e+02  4.768277e+02 -1.077044e+02
     vertex -1.765000e+02  4.770064e+02 -1.088524e+02
     vertex -1.765000e+02  4.768754e+02 -1.091238e+02
   endloop
 endfacet
 facet normal -1.000000e+00  0.000000e+00 -0.000000e+00
   outer loop
     vertex -1.765000e+02  4.768277e+02 -1.077044e+02
     vertex -1.765000e+02  4.768754e+02 -1.091238e+02
     vertex -1.765000e+02  4.766832e+02 -1.093559e+02
   endloop
 endfacet
 facet normal -1.000000e+00  0.000000e+00  0.000000e+00
   outer loop
     vertex -1.765000e+02  4.768277e+02 -1.077044e+02
     vertex -1.765000e+02  4.770585e+02 -1.082564e+02
     vertex -1.765000e+02  4.770064e+02 -1.088524e+02
   endloop
 endfacet
 facet normal -1.000000e+00  0.000000e+00 -0.000000e+00
   outer loop
     vertex -1.765000e+02  4.766204e+02 -1.074857e+02
     vertex -1.765000e+02  4.766832e+02 -1.093559e+02
     vertex -1.765000e+02  4.764411e+02 -1.095353e+02
   endloop
 endfacet
 facet normal -1.000000e+00  0.000000e+00  0.000000e+00
   outer loop
     vertex -1.765000e+02  4.766204e+02 -1.074857e+02
     vertex -1.765000e+02  4.768277e+02 -1.077044e+02
     vertex -1.765000e+02  4.766832e+02 -1.093559e+02
   endloop
 endfacet
 facet normal -1.000000e+00  0.000000e+00 -0.000000e+00
   outer loop
     vertex -1.765000e+02  4.763668e+02 -1.073229e+02
     vertex -1.765000e+02  4.764411e+02 -1.095353e+02
     vertex -1.765000e+02  4.761631e+02 -1.096516e+02
   endloop
 endfacet
 facet normal -1.000000e+00  0.000000e+00  0.000000e+00
   outer loop
     vertex -1.765000e+02  4.763668e+02 -1.073229e+02
     vertex -1.765000e+02  4.766204e+02 -1.074857e+02
     vertex -1.765000e+02  4.764411e+02 -1.095353e+02
   endloop
 endfacet
 facet normal -1.000000e+00  0.000000e+00 -0.000000e+00
   outer loop
     vertex -1.765000e+02  4.760816e+02 -1.072256e+02
     vertex -1.765000e+02  4.761631e+02 -1.096516e+02
     vertex -1.765000e+02  4.758653e+02 -1.096979e+02
   endloop
 endfacet
 facet normal -1.000000e+00  0.000000e+00  0.000000e+00
   outer loop
     vertex -1.765000e+02  4.760816e+02 -1.072256e+02
     vertex -1.765000e+02  4.763668e+02 -1.073229e+02
     vertex -1.765000e+02  4.761631e+02 -1.096516e+02
   endloop
 endfacet
 facet normal -1.000000e+00  0.000000e+00  0.000000e+00
   outer loop
     vertex -1.765000e+02  4.745782e+02 -1.083397e+02
     vertex -1.765000e+02  4.748191e+02 -1.091928e+02
     vertex -1.765000e+02  4.746702e+02 -1.089309e+02
   endloop
 endfacet
 facet normal -1.000000e+00  0.000000e+00  0.000000e+00
   outer loop
     vertex -1.765000e+02  4.745782e+02 -1.083397e+02
     vertex -1.765000e+02  4.746702e+02 -1.089309e+02
     vertex -1.765000e+02  4.745883e+02 -1.086409e+02
   endloop
 endfacet
 facet normal -1.000000e+00  0.000000e+00 -0.000000e+00
   outer loop
     vertex -1.765000e+02  4.757815e+02 -1.071993e+02
     vertex -1.765000e+02  4.758653e+02 -1.096979e+02
     vertex -1.765000e+02  4.755651e+02 -1.096717e+02
   endloop
 endfacet
 facet normal -1.000000e+00  0.000000e+00  0.000000e+00
   outer loop
     vertex -1.765000e+02  4.757815e+02 -1.071993e+02
     vertex -1.765000e+02  4.760816e+02 -1.072256e+02
     vertex -1.765000e+02  4.758653e+02 -1.096979e+02
   endloop
 endfacet
 facet normal -1.000000e+00  0.000000e+00 -0.000000e+00
   outer loop
     vertex -1.765000e+02  4.754837e+02 -1.072457e+02
     vertex -1.765000e+02  4.755651e+02 -1.096717e+02
     vertex -1.765000e+02  4.752800e+02 -1.095743e+02
   endloop
 endfacet
 facet normal -1.000000e+00  0.000000e+00  0.000000e+00
   outer loop
     vertex -1.765000e+02  4.754837e+02 -1.072457e+02
     vertex -1.765000e+02  4.757815e+02 -1.071993e+02
     vertex -1.765000e+02  4.755651e+02 -1.096717e+02
   endloop
 endfacet
 facet normal -1.000000e+00  0.000000e+00  0.000000e+00
   outer loop
     vertex -1.765000e+02  4.749636e+02 -1.075413e+02
     vertex -1.765000e+02  4.745782e+02 -1.083397e+02
     vertex -1.765000e+02  4.746404e+02 -1.080448e+02
   endloop
 endfacet
 facet normal -1.000000e+00  0.000000e+00  0.000000e+00
   outer loop
     vertex -1.765000e+02  4.749636e+02 -1.075413e+02
     vertex -1.765000e+02  4.746404e+02 -1.080448e+02
     vertex -1.765000e+02  4.747714e+02 -1.077735e+02
   endloop
 endfacet
 facet normal -1.000000e+00  0.000000e+00  0.000000e+00
   outer loop
     vertex -1.765000e+02  4.749636e+02 -1.075413e+02
     vertex -1.765000e+02  4.752057e+02 -1.073619e+02
     vertex -1.765000e+02  4.754837e+02 -1.072457e+02
   endloop
 endfacet
 facet normal -1.000000e+00  0.000000e+00  0.000000e+00
   outer loop
     vertex -1.765000e+02  4.749636e+02 -1.075413e+02
     vertex -1.765000e+02  4.752800e+02 -1.095743e+02
     vertex -1.765000e+02  4.750264e+02 -1.094116e+02
   endloop
 endfacet
 facet normal -1.000000e+00  0.000000e+00 -0.000000e+00
   outer loop
     vertex -1.765000e+02  4.749636e+02 -1.075413e+02
     vertex -1.765000e+02  4.750264e+02 -1.094116e+02
     vertex -1.765000e+02  4.748191e+02 -1.091928e+02
   endloop
 endfacet
 facet normal -1.000000e+00  0.000000e+00  0.000000e+00
   outer loop
     vertex -1.765000e+02  4.749636e+02 -1.075413e+02
     vertex -1.765000e+02  4.754837e+02 -1.072457e+02
     vertex -1.765000e+02  4.752800e+02 -1.095743e+02
   endloop
 endfacet
 facet normal -1.000000e+00  0.000000e+00  0.000000e+00
   outer loop
     vertex -1.765000e+02  4.749636e+02 -1.075413e+02
     vertex -1.765000e+02  4.748191e+02 -1.091928e+02
     vertex -1.765000e+02  4.745782e+02 -1.083397e+02
   endloop
 endfacet
 facet normal -9.268232e-15  9.784259e-01 -2.065983e-01
   outer loop
     vertex -1.840000e+02  4.803394e+02 -1.064276e+02
     vertex -1.780000e+02  4.802149e+02 -1.070173e+02
     vertex -1.840000e+02  4.802149e+02 -1.070173e+02
   endloop
 endfacet
 facet normal -9.269512e-15  9.784259e-01 -2.065983e-01
   outer loop
     vertex -1.840000e+02  4.803394e+02 -1.064276e+02
     vertex -1.780000e+02  4.803394e+02 -1.064276e+02
     vertex -1.780000e+02  4.802149e+02 -1.070173e+02
   endloop
 endfacet
 facet normal -8.531746e-15  9.005524e-01 -4.347475e-01
   outer loop
     vertex -1.840000e+02  4.806014e+02 -1.058848e+02
     vertex -1.780000e+02  4.806014e+02 -1.058848e+02
     vertex -1.780000e+02  4.803394e+02 -1.064276e+02
   endloop
 endfacet
 facet normal -7.298146e-15  7.703421e-01 -6.376309e-01
   outer loop
     vertex -1.840000e+02  4.806014e+02 -1.058848e+02
     vertex -1.780000e+02  4.809857e+02 -1.054206e+02
     vertex -1.780000e+02  4.806014e+02 -1.058848e+02
   endloop
 endfacet
 facet normal -8.535217e-15  9.005524e-01 -4.347475e-01
   outer loop
     vertex -1.840000e+02  4.806014e+02 -1.058848e+02
     vertex -1.780000e+02  4.803394e+02 -1.064276e+02
     vertex -1.840000e+02  4.803394e+02 -1.064276e+02
   endloop
 endfacet
 facet normal -7.298146e-15  7.703421e-01 -6.376309e-01
   outer loop
     vertex -1.840000e+02  4.809857e+02 -1.054206e+02
     vertex -1.780000e+02  4.809857e+02 -1.054206e+02
     vertex -1.840000e+02  4.806014e+02 -1.058848e+02
   endloop
 endfacet
 facet normal -5.640404e-15  5.953623e-01 -8.034574e-01
   outer loop
     vertex -1.840000e+02  4.814699e+02 -1.050617e+02
     vertex -1.780000e+02  4.814699e+02 -1.050617e+02
     vertex -1.780000e+02  4.809857e+02 -1.054206e+02
   endloop
 endfacet
 facet normal -3.654863e-15  3.857822e-01 -9.225899e-01
   outer loop
     vertex -1.840000e+02  4.814699e+02 -1.050617e+02
     vertex -1.780000e+02  4.820259e+02 -1.048292e+02
     vertex -1.780000e+02  4.814699e+02 -1.050617e+02
   endloop
 endfacet
 facet normal -5.633857e-15  5.953623e-01 -8.034574e-01
   outer loop
     vertex -1.840000e+02  4.814699e+02 -1.050617e+02
     vertex -1.780000e+02  4.809857e+02 -1.054206e+02
     vertex -1.840000e+02  4.809857e+02 -1.054206e+02
   endloop
 endfacet
 facet normal -3.654863e-15  3.857822e-01 -9.225899e-01
   outer loop
     vertex -1.840000e+02  4.820259e+02 -1.048292e+02
     vertex -1.780000e+02  4.820259e+02 -1.048292e+02
     vertex -1.840000e+02  4.814699e+02 -1.050617e+02
   endloop
 endfacet
 facet normal  0.000000e+00  1.537818e-01 -9.881048e-01
   outer loop
     vertex -1.840000e+02  4.826215e+02 -1.047366e+02
     vertex -1.780000e+02  4.826215e+02 -1.047366e+02
     vertex -1.780000e+02  4.820259e+02 -1.048292e+02
   endloop
 endfacet
 facet normal -1.456436e-15  1.537818e-01 -9.881048e-01
   outer loop
     vertex -1.840000e+02  4.826215e+02 -1.047366e+02
     vertex -1.780000e+02  4.820259e+02 -1.048292e+02
     vertex -1.840000e+02  4.820259e+02 -1.048292e+02
   endloop
 endfacet
 facet normal  0.000000e+00 -8.715574e-02 -9.961947e-01
   outer loop
     vertex -1.840000e+02  4.832218e+02 -1.047891e+02
     vertex -1.780000e+02  4.832218e+02 -1.047891e+02
     vertex -1.780000e+02  4.826215e+02 -1.047366e+02
   endloop
 endfacet
 facet normal  0.000000e+00 -8.715574e-02 -9.961947e-01
   outer loop
     vertex -1.840000e+02  4.832218e+02 -1.047891e+02
     vertex -1.780000e+02  4.826215e+02 -1.047366e+02
     vertex -1.840000e+02  4.826215e+02 -1.047366e+02
   endloop
 endfacet
 facet normal  8.188371e-16 -3.230282e-01 -9.463894e-01
   outer loop
     vertex -1.840000e+02  4.837922e+02 -1.049838e+02
     vertex -1.780000e+02  4.837922e+02 -1.049838e+02
     vertex -1.780000e+02  4.832218e+02 -1.047891e+02
   endloop
 endfacet
 facet normal  3.123844e-15 -5.401273e-01 -8.415833e-01
   outer loop
     vertex -1.840000e+02  4.837922e+02 -1.049838e+02
     vertex -1.780000e+02  4.842994e+02 -1.053093e+02
     vertex -1.780000e+02  4.837922e+02 -1.049838e+02
   endloop
 endfacet
 facet normal  0.000000e+00 -3.230282e-01 -9.463894e-01
   outer loop
     vertex -1.840000e+02  4.837922e+02 -1.049838e+02
     vertex -1.780000e+02  4.832218e+02 -1.047891e+02
     vertex -1.840000e+02  4.832218e+02 -1.047891e+02
   endloop
 endfacet
 facet normal  0.000000e+00 -5.401273e-01 -8.415833e-01
   outer loop
     vertex -1.840000e+02  4.842994e+02 -1.053093e+02
     vertex -1.780000e+02  4.842994e+02 -1.053093e+02
     vertex -1.840000e+02  4.837922e+02 -1.049838e+02
   endloop
 endfacet
 facet normal  0.000000e+00 -7.258363e-01 -6.878675e-01
   outer loop
     vertex -1.840000e+02  4.847140e+02 -1.057467e+02
     vertex -1.780000e+02  4.847140e+02 -1.057467e+02
     vertex -1.780000e+02  4.842994e+02 -1.053093e+02
   endloop
 endfacet
 facet normal  0.000000e+00 -7.258363e-01 -6.878675e-01
   outer loop
     vertex -1.840000e+02  4.847140e+02 -1.057467e+02
     vertex -1.780000e+02  4.842994e+02 -1.053093e+02
     vertex -1.840000e+02  4.842994e+02 -1.053093e+02
   endloop
 endfacet
 facet normal  0.000000e+00 -8.693623e-01 -4.941753e-01
   outer loop
     vertex -1.840000e+02  4.850118e+02 -1.062707e+02
     vertex -1.780000e+02  4.850118e+02 -1.062707e+02
     vertex -1.780000e+02  4.847140e+02 -1.057467e+02
   endloop
 endfacet
 facet normal  0.000000e+00 -9.623641e-01 -2.717635e-01
   outer loop
     vertex -1.840000e+02  4.850118e+02 -1.062707e+02
     vertex -1.780000e+02  4.851756e+02 -1.068507e+02
     vertex -1.780000e+02  4.850118e+02 -1.062707e+02
   endloop
 endfacet
 facet normal  0.000000e+00 -8.693623e-01 -4.941753e-01
   outer loop
     vertex -1.840000e+02  4.850118e+02 -1.062707e+02
     vertex -1.780000e+02  4.847140e+02 -1.057467e+02
     vertex -1.840000e+02  4.847140e+02 -1.057467e+02
   endloop
 endfacet
 facet normal  9.117344e-15 -9.623641e-01 -2.717635e-01
   outer loop
     vertex -1.840000e+02  4.851756e+02 -1.068507e+02
     vertex -1.780000e+02  4.851756e+02 -1.068507e+02
     vertex -1.840000e+02  4.850118e+02 -1.062707e+02
   endloop
 endfacet
 facet normal  9.468567e-15 -9.994368e-01 -3.355772e-02
   outer loop
     vertex -1.840000e+02  4.851958e+02 -1.074530e+02
     vertex -1.780000e+02  4.851958e+02 -1.074530e+02
     vertex -1.780000e+02  4.851756e+02 -1.068507e+02
   endloop
 endfacet
 facet normal  9.468276e-15 -9.994368e-01 -3.355772e-02
   outer loop
     vertex -1.840000e+02  4.851958e+02 -1.074530e+02
     vertex -1.780000e+02  4.851756e+02 -1.068507e+02
     vertex -1.840000e+02  4.851756e+02 -1.068507e+02
   endloop
 endfacet
 facet normal -1.000000e+00  0.000000e+00 -0.000000e+00
   outer loop
     vertex -1.780000e+02  4.851756e+02 -1.068507e+02
     vertex -1.780000e+02  4.851958e+02 -1.074530e+02
     vertex -1.780000e+02  4.850713e+02 -1.080427e+02
   endloop
 endfacet
 facet normal -1.000000e+00 -1.764420e-14  1.460453e-14
   outer loop
     vertex -1.780000e+02  4.811113e+02 -1.091610e+02
     vertex -1.780000e+02  4.848093e+02 -1.085855e+02
     vertex -1.780000e+02  4.844250e+02 -1.090497e+02
   endloop
 endfacet
 facet normal -1.000000e+00 -1.796800e-14  2.424830e-14
   outer loop
     vertex -1.780000e+02  4.811113e+02 -1.091610e+02
     vertex -1.780000e+02  4.844250e+02 -1.090497e+02
     vertex -1.780000e+02  4.839408e+02 -1.094086e+02
   endloop
 endfacet
 facet normal -1.000000e+00 -1.661346e-14  3.973075e-14
   outer loop
     vertex -1.780000e+02  4.811113e+02 -1.091610e+02
     vertex -1.780000e+02  4.839408e+02 -1.094086e+02
     vertex -1.780000e+02  4.833848e+02 -1.096411e+02
   endloop
 endfacet
 facet normal -1.000000e+00 -1.060904e-14  6.816700e-14
   outer loop
     vertex -1.780000e+02  4.811113e+02 -1.091610e+02
     vertex -1.780000e+02  4.833848e+02 -1.096411e+02
     vertex -1.780000e+02  4.827892e+02 -1.097337e+02
   endloop
 endfacet
 facet normal -1.000000e+00  1.167590e-14  1.334561e-13
   outer loop
     vertex -1.780000e+02  4.811113e+02 -1.091610e+02
     vertex -1.780000e+02  4.827892e+02 -1.097337e+02
     vertex -1.780000e+02  4.821889e+02 -1.096812e+02
   endloop
 endfacet
 facet normal -1.000000e+00 -2.128708e-13 -3.316782e-13
   outer loop
     vertex -1.780000e+02  4.811113e+02 -1.091610e+02
     vertex -1.780000e+02  4.821889e+02 -1.096812e+02
     vertex -1.780000e+02  4.816185e+02 -1.094865e+02
   endloop
 endfacet
 facet normal -1.000000e+00  0.000000e+00  0.000000e+00
   outer loop
     vertex -1.780000e+02  4.803989e+02 -1.081996e+02
     vertex -1.780000e+02  4.811113e+02 -1.091610e+02
     vertex -1.780000e+02  4.806967e+02 -1.087236e+02
   endloop
 endfacet
 facet normal -1.000000e+00 -1.412192e-14 -8.027384e-15
   outer loop
     vertex -1.780000e+02  4.802351e+02 -1.076196e+02
     vertex -1.780000e+02  4.848093e+02 -1.085855e+02
     vertex -1.780000e+02  4.811113e+02 -1.091610e+02
   endloop
 endfacet
 facet normal -1.000000e+00  0.000000e+00  0.000000e+00
   outer loop
     vertex -1.780000e+02  4.802351e+02 -1.076196e+02
     vertex -1.780000e+02  4.811113e+02 -1.091610e+02
     vertex -1.780000e+02  4.803989e+02 -1.081996e+02
   endloop
 endfacet
 facet normal -1.000000e+00  0.000000e+00  0.000000e+00
   outer loop
     vertex -1.780000e+02  4.832218e+02 -1.047891e+02
     vertex -1.780000e+02  4.837922e+02 -1.049838e+02
     vertex -1.780000e+02  4.842994e+02 -1.053093e+02
   endloop
 endfacet
 facet normal -1.000000e+00  0.000000e+00  0.000000e+00
   outer loop
     vertex -1.780000e+02  4.832218e+02 -1.047891e+02
     vertex -1.780000e+02  4.842994e+02 -1.053093e+02
     vertex -1.780000e+02  4.847140e+02 -1.057467e+02
   endloop
 endfacet
 facet normal -1.000000e+00  0.000000e+00  0.000000e+00
   outer loop
     vertex -1.780000e+02  4.832218e+02 -1.047891e+02
     vertex -1.780000e+02  4.847140e+02 -1.057467e+02
     vertex -1.780000e+02  4.850118e+02 -1.062707e+02
   endloop
 endfacet
 facet normal -1.000000e+00  0.000000e+00  0.000000e+00
   outer loop
     vertex -1.780000e+02  4.809857e+02 -1.054206e+02
     vertex -1.780000e+02  4.802149e+02 -1.070173e+02
     vertex -1.780000e+02  4.803394e+02 -1.064276e+02
   endloop
 endfacet
 facet normal -1.000000e+00  0.000000e+00  0.000000e+00
   outer loop
     vertex -1.780000e+02  4.809857e+02 -1.054206e+02
     vertex -1.780000e+02  4.803394e+02 -1.064276e+02
     vertex -1.780000e+02  4.806014e+02 -1.058848e+02
   endloop
 endfacet
 facet normal -1.000000e+00 -1.173198e-13  1.583262e-13
   outer loop
     vertex -1.780000e+02  4.809857e+02 -1.054206e+02
     vertex -1.780000e+02  4.814699e+02 -1.050617e+02
     vertex -1.780000e+02  4.820259e+02 -1.048292e+02
   endloop
 endfacet
 facet normal -1.000000e+00 -5.541920e-14  4.942957e-14
   outer loop
     vertex -1.780000e+02  4.809857e+02 -1.054206e+02
     vertex -1.780000e+02  4.820259e+02 -1.048292e+02
     vertex -1.780000e+02  4.826215e+02 -1.047366e+02
   endloop
 endfacet
 facet normal -1.000000e+00 -6.012667e-15 -6.872510e-14
   outer loop
     vertex -1.780000e+02  4.809857e+02 -1.054206e+02
     vertex -1.780000e+02  4.826215e+02 -1.047366e+02
     vertex -1.780000e+02  4.832218e+02 -1.047891e+02
   endloop
 endfacet
 facet normal -1.000000e+00 -1.501382e-14 -4.239776e-15
   outer loop
     vertex -1.780000e+02  4.809857e+02 -1.054206e+02
     vertex -1.780000e+02  4.850118e+02 -1.062707e+02
     vertex -1.780000e+02  4.851756e+02 -1.068507e+02
   endloop
 endfacet
 facet normal -1.000000e+00 -1.062195e-14  5.127813e-15
   outer loop
     vertex -1.780000e+02  4.809857e+02 -1.054206e+02
     vertex -1.780000e+02  4.850713e+02 -1.080427e+02
     vertex -1.780000e+02  4.848093e+02 -1.085855e+02
   endloop
 endfacet
 facet normal -1.000000e+00  0.000000e+00  0.000000e+00
   outer loop
     vertex -1.780000e+02  4.809857e+02 -1.054206e+02
     vertex -1.780000e+02  4.802351e+02 -1.076196e+02
     vertex -1.780000e+02  4.802149e+02 -1.070173e+02
   endloop
 endfacet
 facet normal -1.000000e+00 -1.317329e-14  1.152513e-15
   outer loop
     vertex -1.780000e+02  4.809857e+02 -1.054206e+02
     vertex -1.780000e+02  4.851756e+02 -1.068507e+02
     vertex -1.780000e+02  4.850713e+02 -1.080427e+02
   endloop
 endfacet
 facet normal -1.000000e+00 -1.895369e-14 -2.289856e-14
   outer loop
     vertex -1.780000e+02  4.809857e+02 -1.054206e+02
     vertex -1.780000e+02  4.832218e+02 -1.047891e+02
     vertex -1.780000e+02  4.850118e+02 -1.062707e+02
   endloop
 endfacet
 facet normal -1.000000e+00 -1.159148e-14  3.956485e-15
   outer loop
     vertex -1.780000e+02  4.809857e+02 -1.054206e+02
     vertex -1.780000e+02  4.848093e+02 -1.085855e+02
     vertex -1.780000e+02  4.802351e+02 -1.076196e+02
   endloop
 endfacet
 facet normal  0.000000e+00  9.784259e-01 -2.065983e-01
   outer loop
     vertex -1.840000e+02  4.611854e+02 -9.301583e+01
     vertex -1.780000e+02  4.610609e+02 -9.360551e+01
     vertex -1.840000e+02  4.610609e+02 -9.360551e+01
   endloop
 endfacet
 facet normal  0.000000e+00  9.784259e-01 -2.065983e-01
   outer loop
     vertex -1.840000e+02  4.611854e+02 -9.301583e+01
     vertex -1.780000e+02  4.611854e+02 -9.301583e+01
     vertex -1.780000e+02  4.610609e+02 -9.360551e+01
   endloop
 endfacet
 facet normal  0.000000e+00  9.005524e-01 -4.347475e-01
   outer loop
     vertex -1.840000e+02  4.614474e+02 -9.247308e+01
     vertex -1.780000e+02  4.614474e+02 -9.247308e+01
     vertex -1.780000e+02  4.611854e+02 -9.301583e+01
   endloop
 endfacet
 facet normal  0.000000e+00  7.703421e-01 -6.376309e-01
   outer loop
     vertex -1.840000e+02  4.614474e+02 -9.247308e+01
     vertex -1.780000e+02  4.618317e+02 -9.200881e+01
     vertex -1.780000e+02  4.614474e+02 -9.247308e+01
   endloop
 endfacet
 facet normal  0.000000e+00  9.005524e-01 -4.347475e-01
   outer loop
     vertex -1.840000e+02  4.614474e+02 -9.247308e+01
     vertex -1.780000e+02  4.611854e+02 -9.301583e+01
     vertex -1.840000e+02  4.611854e+02 -9.301583e+01
   endloop
 endfacet
 facet normal -7.298146e-15  7.703421e-01 -6.376309e-01
   outer loop
     vertex -1.840000e+02  4.618317e+02 -9.200881e+01
     vertex -1.780000e+02  4.618317e+02 -9.200881e+01
     vertex -1.840000e+02  4.614474e+02 -9.247308e+01
   endloop
 endfacet
 facet normal -5.640404e-15  5.953623e-01 -8.034574e-01
   outer loop
     vertex -1.840000e+02  4.623159e+02 -9.164999e+01
     vertex -1.780000e+02  4.623159e+02 -9.164999e+01
     vertex -1.780000e+02  4.618317e+02 -9.200881e+01
   endloop
 endfacet
 facet normal -3.654863e-15  3.857822e-01 -9.225899e-01
   outer loop
     vertex -1.840000e+02  4.623159e+02 -9.164999e+01
     vertex -1.780000e+02  4.628720e+02 -9.141749e+01
     vertex -1.780000e+02  4.623159e+02 -9.164999e+01
   endloop
 endfacet
 facet normal -5.641533e-15  5.953623e-01 -8.034574e-01
   outer loop
     vertex -1.840000e+02  4.623159e+02 -9.164999e+01
     vertex -1.780000e+02  4.618317e+02 -9.200881e+01
     vertex -1.840000e+02  4.618317e+02 -9.200881e+01
   endloop
 endfacet
 facet normal -3.654863e-15  3.857822e-01 -9.225899e-01
   outer loop
     vertex -1.840000e+02  4.628720e+02 -9.141749e+01
     vertex -1.780000e+02  4.628720e+02 -9.141749e+01
     vertex -1.840000e+02  4.623159e+02 -9.164999e+01
   endloop
 endfacet
 facet normal -1.456914e-15  1.537818e-01 -9.881048e-01
   outer loop
     vertex -1.840000e+02  4.634675e+02 -9.132481e+01
     vertex -1.780000e+02  4.634675e+02 -9.132481e+01
     vertex -1.780000e+02  4.628720e+02 -9.141749e+01
   endloop
 endfacet
 facet normal -1.456436e-15  1.537818e-01 -9.881048e-01
   outer loop
     vertex -1.840000e+02  4.634675e+02 -9.132481e+01
     vertex -1.780000e+02  4.628720e+02 -9.141749e+01
     vertex -1.840000e+02  4.628720e+02 -9.141749e+01
   endloop
 endfacet
 facet normal  8.257051e-16 -8.715574e-02 -9.961947e-01
   outer loop
     vertex -1.840000e+02  4.640679e+02 -9.137733e+01
     vertex -1.780000e+02  4.640679e+02 -9.137733e+01
     vertex -1.780000e+02  4.634675e+02 -9.132481e+01
   endloop
 endfacet
 facet normal  8.270410e-16 -8.715574e-02 -9.961947e-01
   outer loop
     vertex -1.840000e+02  4.640679e+02 -9.137733e+01
     vertex -1.780000e+02  4.634675e+02 -9.132481e+01
     vertex -1.840000e+02  4.634675e+02 -9.132481e+01
   endloop
 endfacet
 facet normal  3.060337e-15 -3.230282e-01 -9.463894e-01
   outer loop
     vertex -1.840000e+02  4.646382e+02 -9.157202e+01
     vertex -1.780000e+02  4.646382e+02 -9.157202e+01
     vertex -1.780000e+02  4.640679e+02 -9.137733e+01
   endloop
 endfacet
 facet normal  5.117114e-15 -5.401273e-01 -8.415833e-01
   outer loop
     vertex -1.840000e+02  4.646382e+02 -9.157202e+01
     vertex -1.780000e+02  4.651454e+02 -9.189754e+01
     vertex -1.780000e+02  4.646382e+02 -9.157202e+01
   endloop
 endfacet
 facet normal  3.058708e-15 -3.230282e-01 -9.463894e-01
   outer loop
     vertex -1.840000e+02  4.646382e+02 -9.157202e+01
     vertex -1.780000e+02  4.640679e+02 -9.137733e+01
     vertex -1.840000e+02  4.640679e+02 -9.137733e+01
   endloop
 endfacet
 facet normal  5.117114e-15 -5.401273e-01 -8.415833e-01
   outer loop
     vertex -1.840000e+02  4.651454e+02 -9.189754e+01
     vertex -1.780000e+02  4.651454e+02 -9.189754e+01
     vertex -1.840000e+02  4.646382e+02 -9.157202e+01
   endloop
 endfacet
 facet normal  0.000000e+00 -7.258363e-01 -6.878675e-01
   outer loop
     vertex -1.840000e+02  4.655600e+02 -9.233499e+01
     vertex -1.780000e+02  4.655600e+02 -9.233499e+01
     vertex -1.780000e+02  4.651454e+02 -9.189754e+01
   endloop
 endfacet
 facet normal  6.877297e-15 -7.258363e-01 -6.878675e-01
   outer loop
     vertex -1.840000e+02  4.655600e+02 -9.233499e+01
     vertex -1.780000e+02  4.651454e+02 -9.189754e+01
     vertex -1.840000e+02  4.651454e+02 -9.189754e+01
   endloop
 endfacet
 facet normal  8.236254e-15 -8.693623e-01 -4.941753e-01
   outer loop
     vertex -1.840000e+02  4.658578e+02 -9.285894e+01
     vertex -1.780000e+02  4.658578e+02 -9.285894e+01
     vertex -1.780000e+02  4.655600e+02 -9.233499e+01
   endloop
 endfacet
 facet normal  9.117344e-15 -9.623641e-01 -2.717635e-01
   outer loop
     vertex -1.840000e+02  4.658578e+02 -9.285894e+01
     vertex -1.780000e+02  4.660216e+02 -9.343894e+01
     vertex -1.780000e+02  4.658578e+02 -9.285894e+01
   endloop
 endfacet
 facet normal  0.000000e+00 -8.693623e-01 -4.941753e-01
   outer loop
     vertex -1.840000e+02  4.658578e+02 -9.285894e+01
     vertex -1.780000e+02  4.655600e+02 -9.233499e+01
     vertex -1.840000e+02  4.655600e+02 -9.233499e+01
   endloop
 endfacet
 facet normal  0.000000e+00 -9.623641e-01 -2.717635e-01
   outer loop
     vertex -1.840000e+02  4.660216e+02 -9.343894e+01
     vertex -1.780000e+02  4.660216e+02 -9.343894e+01
     vertex -1.840000e+02  4.658578e+02 -9.285894e+01
   endloop
 endfacet
 facet normal  0.000000e+00 -9.994368e-01 -3.355772e-02
   outer loop
     vertex -1.840000e+02  4.660419e+02 -9.404129e+01
     vertex -1.780000e+02  4.660419e+02 -9.404129e+01
     vertex -1.780000e+02  4.660216e+02 -9.343894e+01
   endloop
 endfacet
 facet normal  0.000000e+00 -9.994368e-01 -3.355772e-02
   outer loop
     vertex -1.840000e+02  4.660419e+02 -9.404129e+01
     vertex -1.780000e+02  4.660216e+02 -9.343894e+01
     vertex -1.840000e+02  4.660216e+02 -9.343894e+01
   endloop
 endfacet
 facet normal -1.000000e+00  0.000000e+00 -0.000000e+00
   outer loop
     vertex -1.780000e+02  4.660216e+02 -9.343894e+01
     vertex -1.780000e+02  4.660419e+02 -9.404129e+01
     vertex -1.780000e+02  4.659173e+02 -9.463097e+01
   endloop
 endfacet
 facet normal -1.000000e+00 -1.764420e-14  1.460453e-14
   outer loop
     vertex -1.780000e+02  4.619573e+02 -9.574925e+01
     vertex -1.780000e+02  4.656553e+02 -9.517372e+01
     vertex -1.780000e+02  4.652710e+02 -9.563799e+01
   endloop
 endfacet
 facet normal -1.000000e+00 -1.796800e-14  2.424830e-14
   outer loop
     vertex -1.780000e+02  4.619573e+02 -9.574925e+01
     vertex -1.780000e+02  4.652710e+02 -9.563799e+01
     vertex -1.780000e+02  4.647868e+02 -9.599680e+01
   endloop
 endfacet
 facet normal -1.000000e+00 -1.661346e-14  3.973075e-14
   outer loop
     vertex -1.780000e+02  4.619573e+02 -9.574925e+01
     vertex -1.780000e+02  4.647868e+02 -9.599680e+01
     vertex -1.780000e+02  4.642308e+02 -9.622931e+01
   endloop
 endfacet
 facet normal -1.000000e+00 -1.060904e-14  6.816700e-14
   outer loop
     vertex -1.780000e+02  4.619573e+02 -9.574925e+01
     vertex -1.780000e+02  4.642308e+02 -9.622931e+01
     vertex -1.780000e+02  4.636353e+02 -9.632199e+01
   endloop
 endfacet
 facet normal -1.000000e+00  1.167590e-14  1.334561e-13
   outer loop
     vertex -1.780000e+02  4.619573e+02 -9.574925e+01
     vertex -1.780000e+02  4.636353e+02 -9.632199e+01
     vertex -1.780000e+02  4.630349e+02 -9.626946e+01
   endloop
 endfacet
 facet normal -1.000000e+00  1.273093e-13  3.729836e-13
   outer loop
     vertex -1.780000e+02  4.619573e+02 -9.574925e+01
     vertex -1.780000e+02  4.630349e+02 -9.626946e+01
     vertex -1.780000e+02  4.624645e+02 -9.607478e+01
   endloop
 endfacet
 facet normal -1.000000e+00  0.000000e+00  0.000000e+00
   outer loop
     vertex -1.780000e+02  4.612449e+02 -9.478785e+01
     vertex -1.780000e+02  4.619573e+02 -9.574925e+01
     vertex -1.780000e+02  4.615427e+02 -9.531180e+01
   endloop
 endfacet
 facet normal -1.000000e+00 -1.412192e-14 -8.027384e-15
   outer loop
     vertex -1.780000e+02  4.610811e+02 -9.420785e+01
     vertex -1.780000e+02  4.656553e+02 -9.517372e+01
     vertex -1.780000e+02  4.619573e+02 -9.574925e+01
   endloop
 endfacet
 facet normal -1.000000e+00  0.000000e+00  0.000000e+00
   outer loop
     vertex -1.780000e+02  4.610811e+02 -9.420785e+01
     vertex -1.780000e+02  4.619573e+02 -9.574925e+01
     vertex -1.780000e+02  4.612449e+02 -9.478785e+01
   endloop
 endfacet
 facet normal -1.000000e+00  0.000000e+00  0.000000e+00
   outer loop
     vertex -1.780000e+02  4.640679e+02 -9.137733e+01
     vertex -1.780000e+02  4.646382e+02 -9.157202e+01
     vertex -1.780000e+02  4.651454e+02 -9.189754e+01
   endloop
 endfacet
 facet normal -1.000000e+00  0.000000e+00  0.000000e+00
   outer loop
     vertex -1.780000e+02  4.640679e+02 -9.137733e+01
     vertex -1.780000e+02  4.651454e+02 -9.189754e+01
     vertex -1.780000e+02  4.655600e+02 -9.233499e+01
   endloop
 endfacet
 facet normal -1.000000e+00  0.000000e+00  0.000000e+00
   outer loop
     vertex -1.780000e+02  4.640679e+02 -9.137733e+01
     vertex -1.780000e+02  4.655600e+02 -9.233499e+01
     vertex -1.780000e+02  4.658578e+02 -9.285894e+01
   endloop
 endfacet
 facet normal -1.000000e+00  0.000000e+00  0.000000e+00
   outer loop
     vertex -1.780000e+02  4.618317e+02 -9.200881e+01
     vertex -1.780000e+02  4.610609e+02 -9.360551e+01
     vertex -1.780000e+02  4.611854e+02 -9.301583e+01
   endloop
 endfacet
 facet normal -1.000000e+00  0.000000e+00  0.000000e+00
   outer loop
     vertex -1.780000e+02  4.618317e+02 -9.200881e+01
     vertex -1.780000e+02  4.611854e+02 -9.301583e+01
     vertex -1.780000e+02  4.614474e+02 -9.247308e+01
   endloop
 endfacet
 facet normal -1.000000e+00  1.520414e-13 -3.636039e-13
   outer loop
     vertex -1.780000e+02  4.618317e+02 -9.200881e+01
     vertex -1.780000e+02  4.623159e+02 -9.164999e+01
     vertex -1.780000e+02  4.628720e+02 -9.141749e+01
   endloop
 endfacet
 facet normal -1.000000e+00  2.060153e-14 -1.323724e-13
   outer loop
     vertex -1.780000e+02  4.618317e+02 -9.200881e+01
     vertex -1.780000e+02  4.628720e+02 -9.141749e+01
     vertex -1.780000e+02  4.634675e+02 -9.132481e+01
   endloop
 endfacet
 facet normal -1.000000e+00 -6.012667e-15 -6.872510e-14
   outer loop
     vertex -1.780000e+02  4.618317e+02 -9.200881e+01
     vertex -1.780000e+02  4.634675e+02 -9.132481e+01
     vertex -1.780000e+02  4.640679e+02 -9.137733e+01
   endloop
 endfacet
 facet normal -1.000000e+00 -1.501382e-14 -4.239776e-15
   outer loop
     vertex -1.780000e+02  4.618317e+02 -9.200881e+01
     vertex -1.780000e+02  4.658578e+02 -9.285894e+01
     vertex -1.780000e+02  4.660216e+02 -9.343894e+01
   endloop
 endfacet
 facet normal -1.000000e+00 -1.062195e-14  5.127813e-15
   outer loop
     vertex -1.780000e+02  4.618317e+02 -9.200881e+01
     vertex -1.780000e+02  4.659173e+02 -9.463097e+01
     vertex -1.780000e+02  4.656553e+02 -9.517372e+01
   endloop
 endfacet
 facet normal -1.000000e+00  0.000000e+00  0.000000e+00
   outer loop
     vertex -1.780000e+02  4.618317e+02 -9.200881e+01
     vertex -1.780000e+02  4.610811e+02 -9.420785e+01
     vertex -1.780000e+02  4.610609e+02 -9.360551e+01
   endloop
 endfacet
 facet normal -1.000000e+00 -1.317329e-14  1.152513e-15
   outer loop
     vertex -1.780000e+02  4.618317e+02 -9.200881e+01
     vertex -1.780000e+02  4.660216e+02 -9.343894e+01
     vertex -1.780000e+02  4.659173e+02 -9.463097e+01
   endloop
 endfacet
 facet normal -1.000000e+00 -1.895369e-14 -2.289856e-14
   outer loop
     vertex -1.780000e+02  4.618317e+02 -9.200881e+01
     vertex -1.780000e+02  4.640679e+02 -9.137733e+01
     vertex -1.780000e+02  4.658578e+02 -9.285894e+01
   endloop
 endfacet
 facet normal -1.000000e+00 -1.159148e-14  3.956485e-15
   outer loop
     vertex -1.780000e+02  4.618317e+02 -9.200881e+01
     vertex -1.780000e+02  4.656553e+02 -9.517372e+01
     vertex -1.780000e+02  4.610811e+02 -9.420785e+01
   endloop
 endfacet
 facet normal  0.000000e+00  9.784259e-01 -2.065983e-01
   outer loop
     vertex -1.840000e+02  4.823773e+02 -8.313388e+01
     vertex -1.780000e+02  4.822528e+02 -8.372356e+01
     vertex -1.840000e+02  4.822528e+02 -8.372356e+01
   endloop
 endfacet
 facet normal -9.269512e-15  9.784259e-01 -2.065983e-01
   outer loop
     vertex -1.840000e+02  4.823773e+02 -8.313388e+01
     vertex -1.780000e+02  4.823773e+02 -8.313388e+01
     vertex -1.780000e+02  4.822528e+02 -8.372356e+01
   endloop
 endfacet
 facet normal  0.000000e+00  9.005524e-01 -4.347475e-01
   outer loop
     vertex -1.840000e+02  4.826393e+02 -8.259113e+01
     vertex -1.780000e+02  4.826393e+02 -8.259113e+01
     vertex -1.780000e+02  4.823773e+02 -8.313388e+01
   endloop
 endfacet
 facet normal  0.000000e+00  7.703421e-01 -6.376309e-01
   outer loop
     vertex -1.840000e+02  4.826393e+02 -8.259113e+01
     vertex -1.780000e+02  4.830236e+02 -8.212686e+01
     vertex -1.780000e+02  4.826393e+02 -8.259113e+01
   endloop
 endfacet
 facet normal -8.535217e-15  9.005524e-01 -4.347475e-01
   outer loop
     vertex -1.840000e+02  4.826393e+02 -8.259113e+01
     vertex -1.780000e+02  4.823773e+02 -8.313388e+01
     vertex -1.840000e+02  4.823773e+02 -8.313388e+01
   endloop
 endfacet
 facet normal -7.298146e-15  7.703421e-01 -6.376309e-01
   outer loop
     vertex -1.840000e+02  4.830236e+02 -8.212686e+01
     vertex -1.780000e+02  4.830236e+02 -8.212686e+01
     vertex -1.840000e+02  4.826393e+02 -8.259113e+01
   endloop
 endfacet
 facet normal  0.000000e+00  5.953623e-01 -8.034574e-01
   outer loop
     vertex -1.840000e+02  4.835078e+02 -8.176804e+01
     vertex -1.780000e+02  4.835078e+02 -8.176804e+01
     vertex -1.780000e+02  4.830236e+02 -8.212686e+01
   endloop
 endfacet
 facet normal  0.000000e+00  3.857822e-01 -9.225899e-01
   outer loop
     vertex -1.840000e+02  4.835078e+02 -8.176804e+01
     vertex -1.780000e+02  4.840639e+02 -8.153554e+01
     vertex -1.780000e+02  4.835078e+02 -8.176804e+01
   endloop
 endfacet
 facet normal -5.641533e-15  5.953623e-01 -8.034574e-01
   outer loop
     vertex -1.840000e+02  4.835078e+02 -8.176804e+01
     vertex -1.780000e+02  4.830236e+02 -8.212686e+01
     vertex -1.840000e+02  4.830236e+02 -8.212686e+01
   endloop
 endfacet
 facet normal  0.000000e+00  3.857822e-01 -9.225899e-01
   outer loop
     vertex -1.840000e+02  4.840639e+02 -8.153554e+01
     vertex -1.780000e+02  4.840639e+02 -8.153554e+01
     vertex -1.840000e+02  4.835078e+02 -8.176804e+01
   endloop
 endfacet
 facet normal -1.456914e-15  1.537818e-01 -9.881048e-01
   outer loop
     vertex -1.840000e+02  4.846594e+02 -8.144286e+01
     vertex -1.780000e+02  4.846594e+02 -8.144286e+01
     vertex -1.780000e+02  4.840639e+02 -8.153554e+01
   endloop
 endfacet
 facet normal  0.000000e+00  1.537818e-01 -9.881048e-01
   outer loop
     vertex -1.840000e+02  4.846594e+02 -8.144286e+01
     vertex -1.780000e+02  4.840639e+02 -8.153554e+01
     vertex -1.840000e+02  4.840639e+02 -8.153554e+01
   endloop
 endfacet
 facet normal  8.257051e-16 -8.715574e-02 -9.961947e-01
   outer loop
     vertex -1.840000e+02  4.852598e+02 -8.149538e+01
     vertex -1.780000e+02  4.852598e+02 -8.149538e+01
     vertex -1.780000e+02  4.846594e+02 -8.144286e+01
   endloop
 endfacet
 facet normal  8.251221e-16 -8.715574e-02 -9.961947e-01
   outer loop
     vertex -1.840000e+02  4.852598e+02 -8.149538e+01
     vertex -1.780000e+02  4.846594e+02 -8.144286e+01
     vertex -1.840000e+02  4.846594e+02 -8.144286e+01
   endloop
 endfacet
 facet normal  0.000000e+00 -3.230282e-01 -9.463894e-01
   outer loop
     vertex -1.840000e+02  4.858302e+02 -8.169007e+01
     vertex -1.780000e+02  4.858302e+02 -8.169007e+01
     vertex -1.780000e+02  4.852598e+02 -8.149538e+01
   endloop
 endfacet
 facet normal  0.000000e+00 -5.401273e-01 -8.415833e-01
   outer loop
     vertex -1.840000e+02  4.858302e+02 -8.169007e+01
     vertex -1.780000e+02  4.863374e+02 -8.201559e+01
     vertex -1.780000e+02  4.858302e+02 -8.169007e+01
   endloop
 endfacet
 facet normal  3.058708e-15 -3.230282e-01 -9.463894e-01
   outer loop
     vertex -1.840000e+02  4.858302e+02 -8.169007e+01
     vertex -1.780000e+02  4.852598e+02 -8.149538e+01
     vertex -1.840000e+02  4.852598e+02 -8.149538e+01
   endloop
 endfacet
 facet normal  5.117114e-15 -5.401273e-01 -8.415833e-01
   outer loop
     vertex -1.840000e+02  4.863374e+02 -8.201559e+01
     vertex -1.780000e+02  4.863374e+02 -8.201559e+01
     vertex -1.840000e+02  4.858302e+02 -8.169007e+01
   endloop
 endfacet
 facet normal  6.876503e-15 -7.258363e-01 -6.878675e-01
   outer loop
     vertex -1.840000e+02  4.867519e+02 -8.245304e+01
     vertex -1.780000e+02  4.867519e+02 -8.245304e+01
     vertex -1.780000e+02  4.863374e+02 -8.201559e+01
   endloop
 endfacet
 facet normal  6.877297e-15 -7.258363e-01 -6.878675e-01
   outer loop
     vertex -1.840000e+02  4.867519e+02 -8.245304e+01
     vertex -1.780000e+02  4.863374e+02 -8.201559e+01
     vertex -1.840000e+02  4.863374e+02 -8.201559e+01
   endloop
 endfacet
 facet normal  0.000000e+00 -8.693623e-01 -4.941753e-01
   outer loop
     vertex -1.840000e+02  4.870498e+02 -8.297699e+01
     vertex -1.780000e+02  4.870498e+02 -8.297699e+01
     vertex -1.780000e+02  4.867519e+02 -8.245304e+01
   endloop
 endfacet
 facet normal  0.000000e+00 -9.623641e-01 -2.717635e-01
   outer loop
     vertex -1.840000e+02  4.870498e+02 -8.297699e+01
     vertex -1.780000e+02  4.872135e+02 -8.355699e+01
     vertex -1.780000e+02  4.870498e+02 -8.297699e+01
   endloop
 endfacet
 facet normal  8.235870e-15 -8.693623e-01 -4.941753e-01
   outer loop
     vertex -1.840000e+02  4.870498e+02 -8.297699e+01
     vertex -1.780000e+02  4.867519e+02 -8.245304e+01
     vertex -1.840000e+02  4.867519e+02 -8.245304e+01
   endloop
 endfacet
 facet normal  0.000000e+00 -9.623641e-01 -2.717635e-01
   outer loop
     vertex -1.840000e+02  4.872135e+02 -8.355699e+01
     vertex -1.780000e+02  4.872135e+02 -8.355699e+01
     vertex -1.840000e+02  4.870498e+02 -8.297699e+01
   endloop
 endfacet
 facet normal  0.000000e+00 -9.994368e-01 -3.355772e-02
   outer loop
     vertex -1.840000e+02  4.872338e+02 -8.415934e+01
     vertex -1.780000e+02  4.872338e+02 -8.415934e+01
     vertex -1.780000e+02  4.872135e+02 -8.355699e+01
   endloop
 endfacet
 facet normal  0.000000e+00 -9.994368e-01 -3.355772e-02
   outer loop
     vertex -1.840000e+02  4.872338e+02 -8.415934e+01
     vertex -1.780000e+02  4.872135e+02 -8.355699e+01
     vertex -1.840000e+02  4.872135e+02 -8.355699e+01
   endloop
 endfacet
 facet normal -1.000000e+00  0.000000e+00 -0.000000e+00
   outer loop
     vertex -1.780000e+02  4.872135e+02 -8.355699e+01
     vertex -1.780000e+02  4.872338e+02 -8.415934e+01
     vertex -1.780000e+02  4.871093e+02 -8.474902e+01
   endloop
 endfacet
 facet normal -1.000000e+00  0.000000e+00  0.000000e+00
   outer loop
     vertex -1.780000e+02  4.872135e+02 -8.355699e+01
     vertex -1.780000e+02  4.871093e+02 -8.474902e+01
     vertex -1.780000e+02  4.868472e+02 -8.529177e+01
   endloop
 endfacet
 facet normal -1.000000e+00  0.000000e+00  0.000000e+00
   outer loop
     vertex -1.780000e+02  4.836564e+02 -8.619283e+01
     vertex -1.780000e+02  4.848272e+02 -8.644004e+01
     vertex -1.780000e+02  4.842268e+02 -8.638751e+01
   endloop
 endfacet
 facet normal -1.000000e+00  0.000000e+00  0.000000e+00
   outer loop
     vertex -1.780000e+02  4.831492e+02 -8.586730e+01
     vertex -1.780000e+02  4.864630e+02 -8.575604e+01
     vertex -1.780000e+02  4.859787e+02 -8.611485e+01
   endloop
 endfacet
 facet normal -1.000000e+00  0.000000e+00  0.000000e+00
   outer loop
     vertex -1.780000e+02  4.831492e+02 -8.586730e+01
     vertex -1.780000e+02  4.859787e+02 -8.611485e+01
     vertex -1.780000e+02  4.854227e+02 -8.634736e+01
   endloop
 endfacet
 facet normal -1.000000e+00  0.000000e+00  0.000000e+00
   outer loop
     vertex -1.780000e+02  4.831492e+02 -8.586730e+01
     vertex -1.780000e+02  4.854227e+02 -8.634736e+01
     vertex -1.780000e+02  4.848272e+02 -8.644004e+01
   endloop
 endfacet
 facet normal -1.000000e+00  0.000000e+00  0.000000e+00
   outer loop
     vertex -1.780000e+02  4.831492e+02 -8.586730e+01
     vertex -1.780000e+02  4.848272e+02 -8.644004e+01
     vertex -1.780000e+02  4.836564e+02 -8.619283e+01
   endloop
 endfacet
 facet normal -1.000000e+00  0.000000e+00  0.000000e+00
   outer loop
     vertex -1.780000e+02  4.824368e+02 -8.490590e+01
     vertex -1.780000e+02  4.831492e+02 -8.586730e+01
     vertex -1.780000e+02  4.827346e+02 -8.542985e+01
   endloop
 endfacet
 facet normal -1.000000e+00  0.000000e+00  0.000000e+00
   outer loop
     vertex -1.780000e+02  4.858302e+02 -8.169007e+01
     vertex -1.780000e+02  4.863374e+02 -8.201559e+01
     vertex -1.780000e+02  4.867519e+02 -8.245304e+01
   endloop
 endfacet
 facet normal -1.000000e+00  0.000000e+00  0.000000e+00
   outer loop
     vertex -1.780000e+02  4.858302e+02 -8.169007e+01
     vertex -1.780000e+02  4.867519e+02 -8.245304e+01
     vertex -1.780000e+02  4.870498e+02 -8.297699e+01
   endloop
 endfacet
 facet normal -1.000000e+00  0.000000e+00  0.000000e+00
   outer loop
     vertex -1.780000e+02  4.822730e+02 -8.432590e+01
     vertex -1.780000e+02  4.864630e+02 -8.575604e+01
     vertex -1.780000e+02  4.831492e+02 -8.586730e+01
   endloop
 endfacet
 facet normal -1.000000e+00  0.000000e+00  0.000000e+00
   outer loop
     vertex -1.780000e+02  4.822730e+02 -8.432590e+01
     vertex -1.780000e+02  4.831492e+02 -8.586730e+01
     vertex -1.780000e+02  4.824368e+02 -8.490590e+01
   endloop
 endfacet
 facet normal -1.000000e+00  0.000000e+00  0.000000e+00
   outer loop
     vertex -1.780000e+02  4.823773e+02 -8.313388e+01
     vertex -1.780000e+02  4.822730e+02 -8.432590e+01
     vertex -1.780000e+02  4.822528e+02 -8.372356e+01
   endloop
 endfacet
 facet normal -1.000000e+00  0.000000e+00  0.000000e+00
   outer loop
     vertex -1.780000e+02  4.835078e+02 -8.176804e+01
     vertex -1.780000e+02  4.840639e+02 -8.153554e+01
     vertex -1.780000e+02  4.846594e+02 -8.144286e+01
   endloop
 endfacet
 facet normal -1.000000e+00  0.000000e+00  0.000000e+00
   outer loop
     vertex -1.780000e+02  4.835078e+02 -8.176804e+01
     vertex -1.780000e+02  4.846594e+02 -8.144286e+01
     vertex -1.780000e+02  4.852598e+02 -8.149538e+01
   endloop
 endfacet
 facet normal -1.000000e+00  0.000000e+00  0.000000e+00
   outer loop
     vertex -1.780000e+02  4.835078e+02 -8.176804e+01
     vertex -1.780000e+02  4.852598e+02 -8.149538e+01
     vertex -1.780000e+02  4.858302e+02 -8.169007e+01
   endloop
 endfacet
 facet normal -1.000000e+00  0.000000e+00  0.000000e+00
   outer loop
     vertex -1.780000e+02  4.830236e+02 -8.212686e+01
     vertex -1.780000e+02  4.823773e+02 -8.313388e+01
     vertex -1.780000e+02  4.826393e+02 -8.259113e+01
   endloop
 endfacet
 facet normal -1.000000e+00  0.000000e+00  0.000000e+00
   outer loop
     vertex -1.780000e+02  4.830236e+02 -8.212686e+01
     vertex -1.780000e+02  4.870498e+02 -8.297699e+01
     vertex -1.780000e+02  4.872135e+02 -8.355699e+01
   endloop
 endfacet
 facet normal -1.000000e+00  0.000000e+00  0.000000e+00
   outer loop
     vertex -1.780000e+02  4.830236e+02 -8.212686e+01
     vertex -1.780000e+02  4.868472e+02 -8.529177e+01
     vertex -1.780000e+02  4.864630e+02 -8.575604e+01
   endloop
 endfacet
 facet normal -1.000000e+00  0.000000e+00  0.000000e+00
   outer loop
     vertex -1.780000e+02  4.830236e+02 -8.212686e+01
     vertex -1.780000e+02  4.872135e+02 -8.355699e+01
     vertex -1.780000e+02  4.868472e+02 -8.529177e+01
   endloop
 endfacet
 facet normal -1.000000e+00  0.000000e+00  0.000000e+00
   outer loop
     vertex -1.780000e+02  4.830236e+02 -8.212686e+01
     vertex -1.780000e+02  4.858302e+02 -8.169007e+01
     vertex -1.780000e+02  4.870498e+02 -8.297699e+01
   endloop
 endfacet
 facet normal -1.000000e+00  0.000000e+00 -0.000000e+00
   outer loop
     vertex -1.780000e+02  4.830236e+02 -8.212686e+01
     vertex -1.780000e+02  4.864630e+02 -8.575604e+01
     vertex -1.780000e+02  4.822730e+02 -8.432590e+01
   endloop
 endfacet
 facet normal -1.000000e+00  0.000000e+00  0.000000e+00
   outer loop
     vertex -1.780000e+02  4.830236e+02 -8.212686e+01
     vertex -1.780000e+02  4.822730e+02 -8.432590e+01
     vertex -1.780000e+02  4.823773e+02 -8.313388e+01
   endloop
 endfacet
 facet normal -1.000000e+00  0.000000e+00  0.000000e+00
   outer loop
     vertex -1.780000e+02  4.830236e+02 -8.212686e+01
     vertex -1.780000e+02  4.835078e+02 -8.176804e+01
     vertex -1.780000e+02  4.858302e+02 -8.169007e+01
   endloop
 endfacet
endsolid
