ISO-10303-21;
HEADER;
FILE_DESCRIPTION(('Open CASCADE Model'),'2;1');
FILE_NAME('Open CASCADE Shape Model','2026-10-03T17:29:24',('Author'),(
    'Open CASCADE'),'Open CASCADE STEP processor 7.9','Open CASCADE 7.9'
  ,'Unknown');
FILE_SCHEMA(('AUTOMOTIVE_DESIGN { 1 0 10303 214 1 1 1 1 }'));
ENDSEC;
DATA;
#1 = APPLICATION_PROTOCOL_DEFINITION('international standard',
  'automotive_design',2000,#2);
#2 = APPLICATION_CONTEXT(
  'core data for automotive mechanical design processes');
#3 = SHAPE_DEFINITION_REPRESENTATION(#4,#10);
#4 = PRODUCT_DEFINITION_SHAPE('','',#5);
#5 = PRODUCT_DEFINITION('design','',#6,#9);
#6 = PRODUCT_DEFINITION_FORMATION('','',#7);
#7 = PRODUCT('Open CASCADE STEP translator 7.9 11',
  'Open CASCADE STEP translator 7.9 11','',(#8));
#8 = PRODUCT_CONTEXT('',#2,'mechanical');
#9 = PRODUCT_DEFINITION_CONTEXT('part definition',#2,'design');
#10 = ADVANCED_BREP_SHAPE_REPRESENTATION('',(#11,#15),#3317);
#11 = AXIS2_PLACEMENT_3D('',#12,#13,#14);
#12 = CARTESIAN_POINT('',(0.,0.,0.));
#13 = DIRECTION('',(0.,0.,1.));
#14 = DIRECTION('',(1.,0.,-0.));
#15 = MANIFOLD_SOLID_BREP('',#16);
#16 = CLOSED_SHELL('',(#17,#137,#213,#864,#913,#1504,#1511,#1554,#1707,
    #1756,#1805,#1832,#1908,#1957,#2006,#2033,#2076,#2229,#2278,#2327,
    #2354,#2381,#2457,#2506,#2555,#2582,#2609,#2658,#2707,#2734,#2810,
    #2859,#2908,#2935,#2984,#3033,#3060,#3136,#3185,#3234,#3261,#3268,
    #3275,#3282,#3289,#3296,#3303,#3310));
#17 = ADVANCED_FACE('',(#18),#32,.F.);
#18 = FACE_BOUND('',#19,.F.);
#19 = EDGE_LOOP('',(#20,#55,#83,#111));
#20 = ORIENTED_EDGE('',*,*,#21,.F.);
#21 = EDGE_CURVE('',#22,#24,#26,.T.);
#22 = VERTEX_POINT('',#23);
#23 = CARTESIAN_POINT('',(-21.5,-21.5,-0.8));
#24 = VERTEX_POINT('',#25);
#25 = CARTESIAN_POINT('',(-21.5,-21.5,0.8));
#26 = SURFACE_CURVE('',#27,(#31,#43),.PCURVE_S1.);
#27 = LINE('',#28,#29);
#28 = CARTESIAN_POINT('',(-21.5,-21.5,-0.8));
#29 = VECTOR('',#30,1.);
#30 = DIRECTION('',(0.,0.,1.));
#31 = PCURVE('',#32,#37);
#32 = PLANE('',#33);
#33 = AXIS2_PLACEMENT_3D('',#34,#35,#36);
#34 = CARTESIAN_POINT('',(-21.5,-21.5,-0.8));
#35 = DIRECTION('',(1.,0.,0.));
#36 = DIRECTION('',(0.,0.,1.));
#37 = DEFINITIONAL_REPRESENTATION('',(#38),#42);
#38 = LINE('',#39,#40);
#39 = CARTESIAN_POINT('',(0.,0.));
#40 = VECTOR('',#41,1.);
#41 = DIRECTION('',(1.,0.));
#42 = ( GEOMETRIC_REPRESENTATION_CONTEXT(2) 
PARAMETRIC_REPRESENTATION_CONTEXT() REPRESENTATION_CONTEXT('2D SPACE',''
  ) );
#43 = PCURVE('',#44,#49);
#44 = PLANE('',#45);
#45 = AXIS2_PLACEMENT_3D('',#46,#47,#48);
#46 = CARTESIAN_POINT('',(-21.5,-21.5,-0.8));
#47 = DIRECTION('',(0.,1.,0.));
#48 = DIRECTION('',(0.,0.,1.));
#49 = DEFINITIONAL_REPRESENTATION('',(#50),#54);
#50 = LINE('',#51,#52);
#51 = CARTESIAN_POINT('',(0.,0.));
#52 = VECTOR('',#53,1.);
#53 = DIRECTION('',(1.,0.));
#54 = ( GEOMETRIC_REPRESENTATION_CONTEXT(2) 
PARAMETRIC_REPRESENTATION_CONTEXT() REPRESENTATION_CONTEXT('2D SPACE',''
  ) );
#55 = ORIENTED_EDGE('',*,*,#56,.T.);
#56 = EDGE_CURVE('',#22,#57,#59,.T.);
#57 = VERTEX_POINT('',#58);
#58 = CARTESIAN_POINT('',(-21.5,21.5,-0.8));
#59 = SURFACE_CURVE('',#60,(#64,#71),.PCURVE_S1.);
#60 = LINE('',#61,#62);
#61 = CARTESIAN_POINT('',(-21.5,-21.5,-0.8));
#62 = VECTOR('',#63,1.);
#63 = DIRECTION('',(0.,1.,0.));
#64 = PCURVE('',#32,#65);
#65 = DEFINITIONAL_REPRESENTATION('',(#66),#70);
#66 = LINE('',#67,#68);
#67 = CARTESIAN_POINT('',(0.,0.));
#68 = VECTOR('',#69,1.);
#69 = DIRECTION('',(0.,-1.));
#70 = ( GEOMETRIC_REPRESENTATION_CONTEXT(2) 
PARAMETRIC_REPRESENTATION_CONTEXT() REPRESENTATION_CONTEXT('2D SPACE',''
  ) );
#71 = PCURVE('',#72,#77);
#72 = PLANE('',#73);
#73 = AXIS2_PLACEMENT_3D('',#74,#75,#76);
#74 = CARTESIAN_POINT('',(-21.5,-21.5,-0.8));
#75 = DIRECTION('',(0.,0.,1.));
#76 = DIRECTION('',(1.,0.,0.));
#77 = DEFINITIONAL_REPRESENTATION('',(#78),#82);
#78 = LINE('',#79,#80);
#79 = CARTESIAN_POINT('',(0.,0.));
#80 = VECTOR('',#81,1.);
#81 = DIRECTION('',(0.,1.));
#82 = ( GEOMETRIC_REPRESENTATION_CONTEXT(2) 
PARAMETRIC_REPRESENTATION_CONTEXT() REPRESENTATION_CONTEXT('2D SPACE',''
  ) );
#83 = ORIENTED_EDGE('',*,*,#84,.T.);
#84 = EDGE_CURVE('',#57,#85,#87,.T.);
#85 = VERTEX_POINT('',#86);
#86 = CARTESIAN_POINT('',(-21.5,21.5,0.8));
#87 = SURFACE_CURVE('',#88,(#92,#99),.PCURVE_S1.);
#88 = LINE('',#89,#90);
#89 = CARTESIAN_POINT('',(-21.5,21.5,-0.8));
#90 = VECTOR('',#91,1.);
#91 = DIRECTION('',(0.,0.,1.));
#92 = PCURVE('',#32,#93);
#93 = DEFINITIONAL_REPRESENTATION('',(#94),#98);
#94 = LINE('',#95,#96);
#95 = CARTESIAN_POINT('',(0.,-43.));
#96 = VECTOR('',#97,1.);
#97 = DIRECTION('',(1.,0.));
#98 = ( GEOMETRIC_REPRESENTATION_CONTEXT(2) 
PARAMETRIC_REPRESENTATION_CONTEXT() REPRESENTATION_CONTEXT('2D SPACE',''
  ) );
#99 = PCURVE('',#100,#105);
#100 = PLANE('',#101);
#101 = AXIS2_PLACEMENT_3D('',#102,#103,#104);
#102 = CARTESIAN_POINT('',(-21.5,21.5,-0.8));
#103 = DIRECTION('',(0.,1.,0.));
#104 = DIRECTION('',(0.,0.,1.));
#105 = DEFINITIONAL_REPRESENTATION('',(#106),#110);
#106 = LINE('',#107,#108);
#107 = CARTESIAN_POINT('',(0.,0.));
#108 = VECTOR('',#109,1.);
#109 = DIRECTION('',(1.,0.));
#110 = ( GEOMETRIC_REPRESENTATION_CONTEXT(2) 
PARAMETRIC_REPRESENTATION_CONTEXT() REPRESENTATION_CONTEXT('2D SPACE',''
  ) );
#111 = ORIENTED_EDGE('',*,*,#112,.F.);
#112 = EDGE_CURVE('',#24,#85,#113,.T.);
#113 = SURFACE_CURVE('',#114,(#118,#125),.PCURVE_S1.);
#114 = LINE('',#115,#116);
#115 = CARTESIAN_POINT('',(-21.5,-21.5,0.8));
#116 = VECTOR('',#117,1.);
#117 = DIRECTION('',(0.,1.,0.));
#118 = PCURVE('',#32,#119);
#119 = DEFINITIONAL_REPRESENTATION('',(#120),#124);
#120 = LINE('',#121,#122);
#121 = CARTESIAN_POINT('',(1.6,0.));
#122 = VECTOR('',#123,1.);
#123 = DIRECTION('',(0.,-1.));
#124 = ( GEOMETRIC_REPRESENTATION_CONTEXT(2) 
PARAMETRIC_REPRESENTATION_CONTEXT() REPRESENTATION_CONTEXT('2D SPACE',''
  ) );
#125 = PCURVE('',#126,#131);
#126 = PLANE('',#127);
#127 = AXIS2_PLACEMENT_3D('',#128,#129,#130);
#128 = CARTESIAN_POINT('',(-21.5,-21.5,0.8));
#129 = DIRECTION('',(0.,0.,1.));
#130 = DIRECTION('',(1.,0.,0.));
#131 = DEFINITIONAL_REPRESENTATION('',(#132),#136);
#132 = LINE('',#133,#134);
#133 = CARTESIAN_POINT('',(0.,0.));
#134 = VECTOR('',#135,1.);
#135 = DIRECTION('',(0.,1.));
#136 = ( GEOMETRIC_REPRESENTATION_CONTEXT(2) 
PARAMETRIC_REPRESENTATION_CONTEXT() REPRESENTATION_CONTEXT('2D SPACE',''
  ) );
#137 = ADVANCED_FACE('',(#138),#44,.F.);
#138 = FACE_BOUND('',#139,.F.);
#139 = EDGE_LOOP('',(#140,#163,#164,#187));
#140 = ORIENTED_EDGE('',*,*,#141,.F.);
#141 = EDGE_CURVE('',#22,#142,#144,.T.);
#142 = VERTEX_POINT('',#143);
#143 = CARTESIAN_POINT('',(21.5,-21.5,-0.8));
#144 = SURFACE_CURVE('',#145,(#149,#156),.PCURVE_S1.);
#145 = LINE('',#146,#147);
#146 = CARTESIAN_POINT('',(-21.5,-21.5,-0.8));
#147 = VECTOR('',#148,1.);
#148 = DIRECTION('',(1.,0.,0.));
#149 = PCURVE('',#44,#150);
#150 = DEFINITIONAL_REPRESENTATION('',(#151),#155);
#151 = LINE('',#152,#153);
#152 = CARTESIAN_POINT('',(0.,0.));
#153 = VECTOR('',#154,1.);
#154 = DIRECTION('',(0.,1.));
#155 = ( GEOMETRIC_REPRESENTATION_CONTEXT(2) 
PARAMETRIC_REPRESENTATION_CONTEXT() REPRESENTATION_CONTEXT('2D SPACE',''
  ) );
#156 = PCURVE('',#72,#157);
#157 = DEFINITIONAL_REPRESENTATION('',(#158),#162);
#158 = LINE('',#159,#160);
#159 = CARTESIAN_POINT('',(0.,0.));
#160 = VECTOR('',#161,1.);
#161 = DIRECTION('',(1.,0.));
#162 = ( GEOMETRIC_REPRESENTATION_CONTEXT(2) 
PARAMETRIC_REPRESENTATION_CONTEXT() REPRESENTATION_CONTEXT('2D SPACE',''
  ) );
#163 = ORIENTED_EDGE('',*,*,#21,.T.);
#164 = ORIENTED_EDGE('',*,*,#165,.T.);
#165 = EDGE_CURVE('',#24,#166,#168,.T.);
#166 = VERTEX_POINT('',#167);
#167 = CARTESIAN_POINT('',(21.5,-21.5,0.8));
#168 = SURFACE_CURVE('',#169,(#173,#180),.PCURVE_S1.);
#169 = LINE('',#170,#171);
#170 = CARTESIAN_POINT('',(-21.5,-21.5,0.8));
#171 = VECTOR('',#172,1.);
#172 = DIRECTION('',(1.,0.,0.));
#173 = PCURVE('',#44,#174);
#174 = DEFINITIONAL_REPRESENTATION('',(#175),#179);
#175 = LINE('',#176,#177);
#176 = CARTESIAN_POINT('',(1.6,0.));
#177 = VECTOR('',#178,1.);
#178 = DIRECTION('',(0.,1.));
#179 = ( GEOMETRIC_REPRESENTATION_CONTEXT(2) 
PARAMETRIC_REPRESENTATION_CONTEXT() REPRESENTATION_CONTEXT('2D SPACE',''
  ) );
#180 = PCURVE('',#126,#181);
#181 = DEFINITIONAL_REPRESENTATION('',(#182),#186);
#182 = LINE('',#183,#184);
#183 = CARTESIAN_POINT('',(0.,0.));
#184 = VECTOR('',#185,1.);
#185 = DIRECTION('',(1.,0.));
#186 = ( GEOMETRIC_REPRESENTATION_CONTEXT(2) 
PARAMETRIC_REPRESENTATION_CONTEXT() REPRESENTATION_CONTEXT('2D SPACE',''
  ) );
#187 = ORIENTED_EDGE('',*,*,#188,.F.);
#188 = EDGE_CURVE('',#142,#166,#189,.T.);
#189 = SURFACE_CURVE('',#190,(#194,#201),.PCURVE_S1.);
#190 = LINE('',#191,#192);
#191 = CARTESIAN_POINT('',(21.5,-21.5,-0.8));
#192 = VECTOR('',#193,1.);
#193 = DIRECTION('',(0.,0.,1.));
#194 = PCURVE('',#44,#195);
#195 = DEFINITIONAL_REPRESENTATION('',(#196),#200);
#196 = LINE('',#197,#198);
#197 = CARTESIAN_POINT('',(0.,43.));
#198 = VECTOR('',#199,1.);
#199 = DIRECTION('',(1.,0.));
#200 = ( GEOMETRIC_REPRESENTATION_CONTEXT(2) 
PARAMETRIC_REPRESENTATION_CONTEXT() REPRESENTATION_CONTEXT('2D SPACE',''
  ) );
#201 = PCURVE('',#202,#207);
#202 = PLANE('',#203);
#203 = AXIS2_PLACEMENT_3D('',#204,#205,#206);
#204 = CARTESIAN_POINT('',(21.5,-21.5,-0.8));
#205 = DIRECTION('',(1.,0.,0.));
#206 = DIRECTION('',(0.,0.,1.));
#207 = DEFINITIONAL_REPRESENTATION('',(#208),#212);
#208 = LINE('',#209,#210);
#209 = CARTESIAN_POINT('',(0.,0.));
#210 = VECTOR('',#211,1.);
#211 = DIRECTION('',(1.,0.));
#212 = ( GEOMETRIC_REPRESENTATION_CONTEXT(2) 
PARAMETRIC_REPRESENTATION_CONTEXT() REPRESENTATION_CONTEXT('2D SPACE',''
  ) );
#213 = ADVANCED_FACE('',(#214,#262,#422,#528,#688,#723,#829),#126,.T.);
#214 = FACE_BOUND('',#215,.T.);
#215 = EDGE_LOOP('',(#216,#217,#218,#241));
#216 = ORIENTED_EDGE('',*,*,#112,.F.);
#217 = ORIENTED_EDGE('',*,*,#165,.T.);
#218 = ORIENTED_EDGE('',*,*,#219,.T.);
#219 = EDGE_CURVE('',#166,#220,#222,.T.);
#220 = VERTEX_POINT('',#221);
#221 = CARTESIAN_POINT('',(21.5,21.5,0.8));
#222 = SURFACE_CURVE('',#223,(#227,#234),.PCURVE_S1.);
#223 = LINE('',#224,#225);
#224 = CARTESIAN_POINT('',(21.5,-21.5,0.8));
#225 = VECTOR('',#226,1.);
#226 = DIRECTION('',(0.,1.,0.));
#227 = PCURVE('',#126,#228);
#228 = DEFINITIONAL_REPRESENTATION('',(#229),#233);
#229 = LINE('',#230,#231);
#230 = CARTESIAN_POINT('',(43.,0.));
#231 = VECTOR('',#232,1.);
#232 = DIRECTION('',(0.,1.));
#233 = ( GEOMETRIC_REPRESENTATION_CONTEXT(2) 
PARAMETRIC_REPRESENTATION_CONTEXT() REPRESENTATION_CONTEXT('2D SPACE',''
  ) );
#234 = PCURVE('',#202,#235);
#235 = DEFINITIONAL_REPRESENTATION('',(#236),#240);
#236 = LINE('',#237,#238);
#237 = CARTESIAN_POINT('',(1.6,0.));
#238 = VECTOR('',#239,1.);
#239 = DIRECTION('',(0.,-1.));
#240 = ( GEOMETRIC_REPRESENTATION_CONTEXT(2) 
PARAMETRIC_REPRESENTATION_CONTEXT() REPRESENTATION_CONTEXT('2D SPACE',''
  ) );
#241 = ORIENTED_EDGE('',*,*,#242,.F.);
#242 = EDGE_CURVE('',#85,#220,#243,.T.);
#243 = SURFACE_CURVE('',#244,(#248,#255),.PCURVE_S1.);
#244 = LINE('',#245,#246);
#245 = CARTESIAN_POINT('',(-21.5,21.5,0.8));
#246 = VECTOR('',#247,1.);
#247 = DIRECTION('',(1.,0.,0.));
#248 = PCURVE('',#126,#249);
#249 = DEFINITIONAL_REPRESENTATION('',(#250),#254);
#250 = LINE('',#251,#252);
#251 = CARTESIAN_POINT('',(0.,43.));
#252 = VECTOR('',#253,1.);
#253 = DIRECTION('',(1.,0.));
#254 = ( GEOMETRIC_REPRESENTATION_CONTEXT(2) 
PARAMETRIC_REPRESENTATION_CONTEXT() REPRESENTATION_CONTEXT('2D SPACE',''
  ) );
#255 = PCURVE('',#100,#256);
#256 = DEFINITIONAL_REPRESENTATION('',(#257),#261);
#257 = LINE('',#258,#259);
#258 = CARTESIAN_POINT('',(1.6,0.));
#259 = VECTOR('',#260,1.);
#260 = DIRECTION('',(0.,1.));
#261 = ( GEOMETRIC_REPRESENTATION_CONTEXT(2) 
PARAMETRIC_REPRESENTATION_CONTEXT() REPRESENTATION_CONTEXT('2D SPACE',''
  ) );
#262 = FACE_BOUND('',#263,.T.);
#263 = EDGE_LOOP('',(#264,#299,#325,#351,#377,#403));
#264 = ORIENTED_EDGE('',*,*,#265,.T.);
#265 = EDGE_CURVE('',#266,#268,#270,.T.);
#266 = VERTEX_POINT('',#267);
#267 = CARTESIAN_POINT('',(-16.98013158464,-18.,0.8));
#268 = VERTEX_POINT('',#269);
#269 = CARTESIAN_POINT('',(-20.01986841535,-18.,0.8));
#270 = SURFACE_CURVE('',#271,(#276,#287),.PCURVE_S1.);
#271 = CIRCLE('',#272,1.6);
#272 = AXIS2_PLACEMENT_3D('',#273,#274,#275);
#273 = CARTESIAN_POINT('',(-18.5,-18.5,0.8));
#274 = DIRECTION('',(0.,0.,-1.));
#275 = DIRECTION('',(0.949917759598,0.3125,0.));
#276 = PCURVE('',#126,#277);
#277 = DEFINITIONAL_REPRESENTATION('',(#278),#286);
#278 = ( BOUNDED_CURVE() B_SPLINE_CURVE(2,(#279,#280,#281,#282,#283,#284
,#285),.UNSPECIFIED.,.T.,.F.) B_SPLINE_CURVE_WITH_KNOTS((1,2,2,2,2,1),(
    -2.094395102393,0.,2.094395102393,4.188790204786,6.28318530718,
8.377580409573),.UNSPECIFIED.) CURVE() GEOMETRIC_REPRESENTATION_ITEM() 
RATIONAL_B_SPLINE_CURVE((1.,0.5,1.,0.5,1.,0.5,1.)) REPRESENTATION_ITEM(
  '') );
#279 = CARTESIAN_POINT('',(4.519868415357,3.5));
#280 = CARTESIAN_POINT('',(5.385893819142,0.867510683782));
#281 = CARTESIAN_POINT('',(2.673078494214,1.433755341891));
#282 = CARTESIAN_POINT('',(-3.973683071413E-02,2.));
#283 = CARTESIAN_POINT('',(1.807053090429,4.066244658109));
#284 = CARTESIAN_POINT('',(3.653843011573,6.132489316218));
#285 = CARTESIAN_POINT('',(4.519868415357,3.5));
#286 = ( GEOMETRIC_REPRESENTATION_CONTEXT(2) 
PARAMETRIC_REPRESENTATION_CONTEXT() REPRESENTATION_CONTEXT('2D SPACE',''
  ) );
#287 = PCURVE('',#288,#293);
#288 = CYLINDRICAL_SURFACE('',#289,1.6);
#289 = AXIS2_PLACEMENT_3D('',#290,#291,#292);
#290 = CARTESIAN_POINT('',(-18.5,-18.5,0.8));
#291 = DIRECTION('',(0.,0.,-1.));
#292 = DIRECTION('',(-1.,0.,0.));
#293 = DEFINITIONAL_REPRESENTATION('',(#294),#298);
#294 = LINE('',#295,#296);
#295 = CARTESIAN_POINT('',(2.823768949662,0.));
#296 = VECTOR('',#297,1.);
#297 = DIRECTION('',(1.,0.));
#298 = ( GEOMETRIC_REPRESENTATION_CONTEXT(2) 
PARAMETRIC_REPRESENTATION_CONTEXT() REPRESENTATION_CONTEXT('2D SPACE',''
  ) );
#299 = ORIENTED_EDGE('',*,*,#300,.T.);
#300 = EDGE_CURVE('',#268,#301,#303,.T.);
#301 = VERTEX_POINT('',#302);
#302 = CARTESIAN_POINT('',(-20.5,-18.,0.8));
#303 = SURFACE_CURVE('',#304,(#308,#314),.PCURVE_S1.);
#304 = LINE('',#305,#306);
#305 = CARTESIAN_POINT('',(-21.,-18.,0.8));
#306 = VECTOR('',#307,1.);
#307 = DIRECTION('',(-1.,0.,0.));
#308 = PCURVE('',#126,#309);
#309 = DEFINITIONAL_REPRESENTATION('',(#310),#313);
#310 = B_SPLINE_CURVE_WITH_KNOTS('',1,(#311,#312),.UNSPECIFIED.,.F.,.F.,
  (2,2),(-8.5,-0.5),.PIECEWISE_BEZIER_KNOTS.);
#311 = CARTESIAN_POINT('',(9.,3.5));
#312 = CARTESIAN_POINT('',(1.,3.5));
#313 = ( GEOMETRIC_REPRESENTATION_CONTEXT(2) 
PARAMETRIC_REPRESENTATION_CONTEXT() REPRESENTATION_CONTEXT('2D SPACE',''
  ) );
#314 = PCURVE('',#315,#320);
#315 = PLANE('',#316);
#316 = AXIS2_PLACEMENT_3D('',#317,#318,#319);
#317 = CARTESIAN_POINT('',(-20.5,-18.,-4.2));
#318 = DIRECTION('',(0.,1.,0.));
#319 = DIRECTION('',(0.,0.,1.));
#320 = DEFINITIONAL_REPRESENTATION('',(#321),#324);
#321 = B_SPLINE_CURVE_WITH_KNOTS('',1,(#322,#323),.UNSPECIFIED.,.F.,.F.,
  (2,2),(-8.5,-0.5),.PIECEWISE_BEZIER_KNOTS.);
#322 = CARTESIAN_POINT('',(5.,8.));
#323 = CARTESIAN_POINT('',(5.,0.));
#324 = ( GEOMETRIC_REPRESENTATION_CONTEXT(2) 
PARAMETRIC_REPRESENTATION_CONTEXT() REPRESENTATION_CONTEXT('2D SPACE',''
  ) );
#325 = ORIENTED_EDGE('',*,*,#326,.T.);
#326 = EDGE_CURVE('',#301,#327,#329,.T.);
#327 = VERTEX_POINT('',#328);
#328 = CARTESIAN_POINT('',(-20.5,-6.,0.8));
#329 = SURFACE_CURVE('',#330,(#334,#340),.PCURVE_S1.);
#330 = LINE('',#331,#332);
#331 = CARTESIAN_POINT('',(-20.5,-19.75,0.8));
#332 = VECTOR('',#333,1.);
#333 = DIRECTION('',(0.,1.,0.));
#334 = PCURVE('',#126,#335);
#335 = DEFINITIONAL_REPRESENTATION('',(#336),#339);
#336 = B_SPLINE_CURVE_WITH_KNOTS('',1,(#337,#338),.UNSPECIFIED.,.F.,.F.,
  (2,2),(1.75,13.75),.PIECEWISE_BEZIER_KNOTS.);
#337 = CARTESIAN_POINT('',(1.,3.5));
#338 = CARTESIAN_POINT('',(1.,15.5));
#339 = ( GEOMETRIC_REPRESENTATION_CONTEXT(2) 
PARAMETRIC_REPRESENTATION_CONTEXT() REPRESENTATION_CONTEXT('2D SPACE',''
  ) );
#340 = PCURVE('',#341,#346);
#341 = PLANE('',#342);
#342 = AXIS2_PLACEMENT_3D('',#343,#344,#345);
#343 = CARTESIAN_POINT('',(-20.5,-18.,-4.2));
#344 = DIRECTION('',(1.,0.,0.));
#345 = DIRECTION('',(0.,0.,1.));
#346 = DEFINITIONAL_REPRESENTATION('',(#347),#350);
#347 = B_SPLINE_CURVE_WITH_KNOTS('',1,(#348,#349),.UNSPECIFIED.,.F.,.F.,
  (2,2),(1.75,13.75),.PIECEWISE_BEZIER_KNOTS.);
#348 = CARTESIAN_POINT('',(5.,0.));
#349 = CARTESIAN_POINT('',(5.,-12.));
#350 = ( GEOMETRIC_REPRESENTATION_CONTEXT(2) 
PARAMETRIC_REPRESENTATION_CONTEXT() REPRESENTATION_CONTEXT('2D SPACE',''
  ) );
#351 = ORIENTED_EDGE('',*,*,#352,.F.);
#352 = EDGE_CURVE('',#353,#327,#355,.T.);
#353 = VERTEX_POINT('',#354);
#354 = CARTESIAN_POINT('',(-12.5,-6.,0.8));
#355 = SURFACE_CURVE('',#356,(#360,#366),.PCURVE_S1.);
#356 = LINE('',#357,#358);
#357 = CARTESIAN_POINT('',(-21.,-6.,0.8));
#358 = VECTOR('',#359,1.);
#359 = DIRECTION('',(-1.,0.,0.));
#360 = PCURVE('',#126,#361);
#361 = DEFINITIONAL_REPRESENTATION('',(#362),#365);
#362 = B_SPLINE_CURVE_WITH_KNOTS('',1,(#363,#364),.UNSPECIFIED.,.F.,.F.,
  (2,2),(-8.5,-0.5),.PIECEWISE_BEZIER_KNOTS.);
#363 = CARTESIAN_POINT('',(9.,15.5));
#364 = CARTESIAN_POINT('',(1.,15.5));
#365 = ( GEOMETRIC_REPRESENTATION_CONTEXT(2) 
PARAMETRIC_REPRESENTATION_CONTEXT() REPRESENTATION_CONTEXT('2D SPACE',''
  ) );
#366 = PCURVE('',#367,#372);
#367 = PLANE('',#368);
#368 = AXIS2_PLACEMENT_3D('',#369,#370,#371);
#369 = CARTESIAN_POINT('',(-20.5,-6.,-4.2));
#370 = DIRECTION('',(0.,1.,0.));
#371 = DIRECTION('',(0.,0.,1.));
#372 = DEFINITIONAL_REPRESENTATION('',(#373),#376);
#373 = B_SPLINE_CURVE_WITH_KNOTS('',1,(#374,#375),.UNSPECIFIED.,.F.,.F.,
  (2,2),(-8.5,-0.5),.PIECEWISE_BEZIER_KNOTS.);
#374 = CARTESIAN_POINT('',(5.,8.));
#375 = CARTESIAN_POINT('',(5.,0.));
#376 = ( GEOMETRIC_REPRESENTATION_CONTEXT(2) 
PARAMETRIC_REPRESENTATION_CONTEXT() REPRESENTATION_CONTEXT('2D SPACE',''
  ) );
#377 = ORIENTED_EDGE('',*,*,#378,.F.);
#378 = EDGE_CURVE('',#379,#353,#381,.T.);
#379 = VERTEX_POINT('',#380);
#380 = CARTESIAN_POINT('',(-12.5,-18.,0.8));
#381 = SURFACE_CURVE('',#382,(#386,#392),.PCURVE_S1.);
#382 = LINE('',#383,#384);
#383 = CARTESIAN_POINT('',(-12.5,-19.75,0.8));
#384 = VECTOR('',#385,1.);
#385 = DIRECTION('',(0.,1.,0.));
#386 = PCURVE('',#126,#387);
#387 = DEFINITIONAL_REPRESENTATION('',(#388),#391);
#388 = B_SPLINE_CURVE_WITH_KNOTS('',1,(#389,#390),.UNSPECIFIED.,.F.,.F.,
  (2,2),(1.75,13.75),.PIECEWISE_BEZIER_KNOTS.);
#389 = CARTESIAN_POINT('',(9.,3.5));
#390 = CARTESIAN_POINT('',(9.,15.5));
#391 = ( GEOMETRIC_REPRESENTATION_CONTEXT(2) 
PARAMETRIC_REPRESENTATION_CONTEXT() REPRESENTATION_CONTEXT('2D SPACE',''
  ) );
#392 = PCURVE('',#393,#398);
#393 = PLANE('',#394);
#394 = AXIS2_PLACEMENT_3D('',#395,#396,#397);
#395 = CARTESIAN_POINT('',(-12.5,-18.,-4.2));
#396 = DIRECTION('',(1.,0.,0.));
#397 = DIRECTION('',(0.,0.,1.));
#398 = DEFINITIONAL_REPRESENTATION('',(#399),#402);
#399 = B_SPLINE_CURVE_WITH_KNOTS('',1,(#400,#401),.UNSPECIFIED.,.F.,.F.,
  (2,2),(1.75,13.75),.PIECEWISE_BEZIER_KNOTS.);
#400 = CARTESIAN_POINT('',(5.,0.));
#401 = CARTESIAN_POINT('',(5.,-12.));
#402 = ( GEOMETRIC_REPRESENTATION_CONTEXT(2) 
PARAMETRIC_REPRESENTATION_CONTEXT() REPRESENTATION_CONTEXT('2D SPACE',''
  ) );
#403 = ORIENTED_EDGE('',*,*,#404,.T.);
#404 = EDGE_CURVE('',#379,#266,#405,.T.);
#405 = SURFACE_CURVE('',#406,(#410,#416),.PCURVE_S1.);
#406 = LINE('',#407,#408);
#407 = CARTESIAN_POINT('',(-21.,-18.,0.8));
#408 = VECTOR('',#409,1.);
#409 = DIRECTION('',(-1.,0.,0.));
#410 = PCURVE('',#126,#411);
#411 = DEFINITIONAL_REPRESENTATION('',(#412),#415);
#412 = B_SPLINE_CURVE_WITH_KNOTS('',1,(#413,#414),.UNSPECIFIED.,.F.,.F.,
  (2,2),(-8.5,-0.5),.PIECEWISE_BEZIER_KNOTS.);
#413 = CARTESIAN_POINT('',(9.,3.5));
#414 = CARTESIAN_POINT('',(1.,3.5));
#415 = ( GEOMETRIC_REPRESENTATION_CONTEXT(2) 
PARAMETRIC_REPRESENTATION_CONTEXT() REPRESENTATION_CONTEXT('2D SPACE',''
  ) );
#416 = PCURVE('',#315,#417);
#417 = DEFINITIONAL_REPRESENTATION('',(#418),#421);
#418 = B_SPLINE_CURVE_WITH_KNOTS('',1,(#419,#420),.UNSPECIFIED.,.F.,.F.,
  (2,2),(-8.5,-0.5),.PIECEWISE_BEZIER_KNOTS.);
#419 = CARTESIAN_POINT('',(5.,8.));
#420 = CARTESIAN_POINT('',(5.,0.));
#421 = ( GEOMETRIC_REPRESENTATION_CONTEXT(2) 
PARAMETRIC_REPRESENTATION_CONTEXT() REPRESENTATION_CONTEXT('2D SPACE',''
  ) );
#422 = FACE_BOUND('',#423,.T.);
#423 = EDGE_LOOP('',(#424,#452,#478,#504));
#424 = ORIENTED_EDGE('',*,*,#425,.T.);
#425 = EDGE_CURVE('',#426,#428,#430,.T.);
#426 = VERTEX_POINT('',#427);
#427 = CARTESIAN_POINT('',(7.5,-20.5,0.8));
#428 = VERTEX_POINT('',#429);
#429 = CARTESIAN_POINT('',(-7.5,-20.5,0.8));
#430 = SURFACE_CURVE('',#431,(#435,#441),.PCURVE_S1.);
#431 = LINE('',#432,#433);
#432 = CARTESIAN_POINT('',(-14.5,-20.5,0.8));
#433 = VECTOR('',#434,1.);
#434 = DIRECTION('',(-1.,0.,0.));
#435 = PCURVE('',#126,#436);
#436 = DEFINITIONAL_REPRESENTATION('',(#437),#440);
#437 = B_SPLINE_CURVE_WITH_KNOTS('',1,(#438,#439),.UNSPECIFIED.,.F.,.F.,
  (2,2),(-22.,-7.),.PIECEWISE_BEZIER_KNOTS.);
#438 = CARTESIAN_POINT('',(29.,1.));
#439 = CARTESIAN_POINT('',(14.,1.));
#440 = ( GEOMETRIC_REPRESENTATION_CONTEXT(2) 
PARAMETRIC_REPRESENTATION_CONTEXT() REPRESENTATION_CONTEXT('2D SPACE',''
  ) );
#441 = PCURVE('',#442,#447);
#442 = PLANE('',#443);
#443 = AXIS2_PLACEMENT_3D('',#444,#445,#446);
#444 = CARTESIAN_POINT('',(-7.5,-20.5,-4.2));
#445 = DIRECTION('',(0.,1.,0.));
#446 = DIRECTION('',(0.,0.,1.));
#447 = DEFINITIONAL_REPRESENTATION('',(#448),#451);
#448 = B_SPLINE_CURVE_WITH_KNOTS('',1,(#449,#450),.UNSPECIFIED.,.F.,.F.,
  (2,2),(-22.,-7.),.PIECEWISE_BEZIER_KNOTS.);
#449 = CARTESIAN_POINT('',(5.,15.));
#450 = CARTESIAN_POINT('',(5.,0.));
#451 = ( GEOMETRIC_REPRESENTATION_CONTEXT(2) 
PARAMETRIC_REPRESENTATION_CONTEXT() REPRESENTATION_CONTEXT('2D SPACE',''
  ) );
#452 = ORIENTED_EDGE('',*,*,#453,.T.);
#453 = EDGE_CURVE('',#428,#454,#456,.T.);
#454 = VERTEX_POINT('',#455);
#455 = CARTESIAN_POINT('',(-7.5,-12.5,0.8));
#456 = SURFACE_CURVE('',#457,(#461,#467),.PCURVE_S1.);
#457 = LINE('',#458,#459);
#458 = CARTESIAN_POINT('',(-7.5,-21.,0.8));
#459 = VECTOR('',#460,1.);
#460 = DIRECTION('',(0.,1.,0.));
#461 = PCURVE('',#126,#462);
#462 = DEFINITIONAL_REPRESENTATION('',(#463),#466);
#463 = B_SPLINE_CURVE_WITH_KNOTS('',1,(#464,#465),.UNSPECIFIED.,.F.,.F.,
  (2,2),(0.5,8.5),.PIECEWISE_BEZIER_KNOTS.);
#464 = CARTESIAN_POINT('',(14.,1.));
#465 = CARTESIAN_POINT('',(14.,9.));
#466 = ( GEOMETRIC_REPRESENTATION_CONTEXT(2) 
PARAMETRIC_REPRESENTATION_CONTEXT() REPRESENTATION_CONTEXT('2D SPACE',''
  ) );
#467 = PCURVE('',#468,#473);
#468 = PLANE('',#469);
#469 = AXIS2_PLACEMENT_3D('',#470,#471,#472);
#470 = CARTESIAN_POINT('',(-7.5,-20.5,-4.2));
#471 = DIRECTION('',(1.,0.,0.));
#472 = DIRECTION('',(0.,0.,1.));
#473 = DEFINITIONAL_REPRESENTATION('',(#474),#477);
#474 = B_SPLINE_CURVE_WITH_KNOTS('',1,(#475,#476),.UNSPECIFIED.,.F.,.F.,
  (2,2),(0.5,8.5),.PIECEWISE_BEZIER_KNOTS.);
#475 = CARTESIAN_POINT('',(5.,0.));
#476 = CARTESIAN_POINT('',(5.,-8.));
#477 = ( GEOMETRIC_REPRESENTATION_CONTEXT(2) 
PARAMETRIC_REPRESENTATION_CONTEXT() REPRESENTATION_CONTEXT('2D SPACE',''
  ) );
#478 = ORIENTED_EDGE('',*,*,#479,.F.);
#479 = EDGE_CURVE('',#480,#454,#482,.T.);
#480 = VERTEX_POINT('',#481);
#481 = CARTESIAN_POINT('',(7.5,-12.5,0.8));
#482 = SURFACE_CURVE('',#483,(#487,#493),.PCURVE_S1.);
#483 = LINE('',#484,#485);
#484 = CARTESIAN_POINT('',(-14.5,-12.5,0.8));
#485 = VECTOR('',#486,1.);
#486 = DIRECTION('',(-1.,0.,0.));
#487 = PCURVE('',#126,#488);
#488 = DEFINITIONAL_REPRESENTATION('',(#489),#492);
#489 = B_SPLINE_CURVE_WITH_KNOTS('',1,(#490,#491),.UNSPECIFIED.,.F.,.F.,
  (2,2),(-22.,-7.),.PIECEWISE_BEZIER_KNOTS.);
#490 = CARTESIAN_POINT('',(29.,9.));
#491 = CARTESIAN_POINT('',(14.,9.));
#492 = ( GEOMETRIC_REPRESENTATION_CONTEXT(2) 
PARAMETRIC_REPRESENTATION_CONTEXT() REPRESENTATION_CONTEXT('2D SPACE',''
  ) );
#493 = PCURVE('',#494,#499);
#494 = PLANE('',#495);
#495 = AXIS2_PLACEMENT_3D('',#496,#497,#498);
#496 = CARTESIAN_POINT('',(-7.5,-12.5,-4.2));
#497 = DIRECTION('',(0.,1.,0.));
#498 = DIRECTION('',(0.,0.,1.));
#499 = DEFINITIONAL_REPRESENTATION('',(#500),#503);
#500 = B_SPLINE_CURVE_WITH_KNOTS('',1,(#501,#502),.UNSPECIFIED.,.F.,.F.,
  (2,2),(-22.,-7.),.PIECEWISE_BEZIER_KNOTS.);
#501 = CARTESIAN_POINT('',(5.,15.));
#502 = CARTESIAN_POINT('',(5.,0.));
#503 = ( GEOMETRIC_REPRESENTATION_CONTEXT(2) 
PARAMETRIC_REPRESENTATION_CONTEXT() REPRESENTATION_CONTEXT('2D SPACE',''
  ) );
#504 = ORIENTED_EDGE('',*,*,#505,.F.);
#505 = EDGE_CURVE('',#426,#480,#506,.T.);
#506 = SURFACE_CURVE('',#507,(#511,#517),.PCURVE_S1.);
#507 = LINE('',#508,#509);
#508 = CARTESIAN_POINT('',(7.5,-21.,0.8));
#509 = VECTOR('',#510,1.);
#510 = DIRECTION('',(0.,1.,0.));
#511 = PCURVE('',#126,#512);
#512 = DEFINITIONAL_REPRESENTATION('',(#513),#516);
#513 = B_SPLINE_CURVE_WITH_KNOTS('',1,(#514,#515),.UNSPECIFIED.,.F.,.F.,
  (2,2),(0.5,8.5),.PIECEWISE_BEZIER_KNOTS.);
#514 = CARTESIAN_POINT('',(29.,1.));
#515 = CARTESIAN_POINT('',(29.,9.));
#516 = ( GEOMETRIC_REPRESENTATION_CONTEXT(2) 
PARAMETRIC_REPRESENTATION_CONTEXT() REPRESENTATION_CONTEXT('2D SPACE',''
  ) );
#517 = PCURVE('',#518,#523);
#518 = PLANE('',#519);
#519 = AXIS2_PLACEMENT_3D('',#520,#521,#522);
#520 = CARTESIAN_POINT('',(7.5,-20.5,-4.2));
#521 = DIRECTION('',(1.,0.,0.));
#522 = DIRECTION('',(0.,0.,1.));
#523 = DEFINITIONAL_REPRESENTATION('',(#524),#527);
#524 = B_SPLINE_CURVE_WITH_KNOTS('',1,(#525,#526),.UNSPECIFIED.,.F.,.F.,
  (2,2),(0.5,8.5),.PIECEWISE_BEZIER_KNOTS.);
#525 = CARTESIAN_POINT('',(5.,0.));
#526 = CARTESIAN_POINT('',(5.,-8.));
#527 = ( GEOMETRIC_REPRESENTATION_CONTEXT(2) 
PARAMETRIC_REPRESENTATION_CONTEXT() REPRESENTATION_CONTEXT('2D SPACE',''
  ) );
#528 = FACE_BOUND('',#529,.T.);
#529 = EDGE_LOOP('',(#530,#565,#591,#617,#643,#669));
#530 = ORIENTED_EDGE('',*,*,#531,.T.);
#531 = EDGE_CURVE('',#532,#534,#536,.T.);
#532 = VERTEX_POINT('',#533);
#533 = CARTESIAN_POINT('',(20.019868415357,-18.,0.8));
#534 = VERTEX_POINT('',#535);
#535 = CARTESIAN_POINT('',(16.980131584643,-18.,0.8));
#536 = SURFACE_CURVE('',#537,(#542,#553),.PCURVE_S1.);
#537 = CIRCLE('',#538,1.6);
#538 = AXIS2_PLACEMENT_3D('',#539,#540,#541);
#539 = CARTESIAN_POINT('',(18.5,-18.5,0.8));
#540 = DIRECTION('',(0.,0.,-1.));
#541 = DIRECTION('',(0.949917759598,0.3125,0.));
#542 = PCURVE('',#126,#543);
#543 = DEFINITIONAL_REPRESENTATION('',(#544),#552);
#544 = ( BOUNDED_CURVE() B_SPLINE_CURVE(2,(#545,#546,#547,#548,#549,#550
,#551),.UNSPECIFIED.,.T.,.F.) B_SPLINE_CURVE_WITH_KNOTS((1,2,2,2,2,1),(
    -2.094395102393,0.,2.094395102393,4.188790204786,6.28318530718,
8.377580409573),.UNSPECIFIED.) CURVE() GEOMETRIC_REPRESENTATION_ITEM() 
RATIONAL_B_SPLINE_CURVE((1.,0.5,1.,0.5,1.,0.5,1.)) REPRESENTATION_ITEM(
  '') );
#545 = CARTESIAN_POINT('',(41.519868415357,3.5));
#546 = CARTESIAN_POINT('',(42.385893819142,0.867510683782));
#547 = CARTESIAN_POINT('',(39.673078494214,1.433755341891));
#548 = CARTESIAN_POINT('',(36.960263169286,2.));
#549 = CARTESIAN_POINT('',(38.807053090429,4.066244658109));
#550 = CARTESIAN_POINT('',(40.653843011573,6.132489316218));
#551 = CARTESIAN_POINT('',(41.519868415357,3.5));
#552 = ( GEOMETRIC_REPRESENTATION_CONTEXT(2) 
PARAMETRIC_REPRESENTATION_CONTEXT() REPRESENTATION_CONTEXT('2D SPACE',''
  ) );
#553 = PCURVE('',#554,#559);
#554 = CYLINDRICAL_SURFACE('',#555,1.6);
#555 = AXIS2_PLACEMENT_3D('',#556,#557,#558);
#556 = CARTESIAN_POINT('',(18.5,-18.5,0.8));
#557 = DIRECTION('',(0.,0.,-1.));
#558 = DIRECTION('',(-1.,0.,0.));
#559 = DEFINITIONAL_REPRESENTATION('',(#560),#564);
#560 = LINE('',#561,#562);
#561 = CARTESIAN_POINT('',(2.823768949662,0.));
#562 = VECTOR('',#563,1.);
#563 = DIRECTION('',(1.,0.));
#564 = ( GEOMETRIC_REPRESENTATION_CONTEXT(2) 
PARAMETRIC_REPRESENTATION_CONTEXT() REPRESENTATION_CONTEXT('2D SPACE',''
  ) );
#565 = ORIENTED_EDGE('',*,*,#566,.T.);
#566 = EDGE_CURVE('',#534,#567,#569,.T.);
#567 = VERTEX_POINT('',#568);
#568 = CARTESIAN_POINT('',(12.5,-18.,0.8));
#569 = SURFACE_CURVE('',#570,(#574,#580),.PCURVE_S1.);
#570 = LINE('',#571,#572);
#571 = CARTESIAN_POINT('',(-4.5,-18.,0.8));
#572 = VECTOR('',#573,1.);
#573 = DIRECTION('',(-1.,0.,0.));
#574 = PCURVE('',#126,#575);
#575 = DEFINITIONAL_REPRESENTATION('',(#576),#579);
#576 = B_SPLINE_CURVE_WITH_KNOTS('',1,(#577,#578),.UNSPECIFIED.,.F.,.F.,
  (2,2),(-25.,-17.),.PIECEWISE_BEZIER_KNOTS.);
#577 = CARTESIAN_POINT('',(42.,3.5));
#578 = CARTESIAN_POINT('',(34.,3.5));
#579 = ( GEOMETRIC_REPRESENTATION_CONTEXT(2) 
PARAMETRIC_REPRESENTATION_CONTEXT() REPRESENTATION_CONTEXT('2D SPACE',''
  ) );
#580 = PCURVE('',#581,#586);
#581 = PLANE('',#582);
#582 = AXIS2_PLACEMENT_3D('',#583,#584,#585);
#583 = CARTESIAN_POINT('',(12.5,-18.,-4.2));
#584 = DIRECTION('',(0.,1.,0.));
#585 = DIRECTION('',(0.,0.,1.));
#586 = DEFINITIONAL_REPRESENTATION('',(#587),#590);
#587 = B_SPLINE_CURVE_WITH_KNOTS('',1,(#588,#589),.UNSPECIFIED.,.F.,.F.,
  (2,2),(-25.,-17.),.PIECEWISE_BEZIER_KNOTS.);
#588 = CARTESIAN_POINT('',(5.,8.));
#589 = CARTESIAN_POINT('',(5.,0.));
#590 = ( GEOMETRIC_REPRESENTATION_CONTEXT(2) 
PARAMETRIC_REPRESENTATION_CONTEXT() REPRESENTATION_CONTEXT('2D SPACE',''
  ) );
#591 = ORIENTED_EDGE('',*,*,#592,.T.);
#592 = EDGE_CURVE('',#567,#593,#595,.T.);
#593 = VERTEX_POINT('',#594);
#594 = CARTESIAN_POINT('',(12.5,-6.,0.8));
#595 = SURFACE_CURVE('',#596,(#600,#606),.PCURVE_S1.);
#596 = LINE('',#597,#598);
#597 = CARTESIAN_POINT('',(12.5,-19.75,0.8));
#598 = VECTOR('',#599,1.);
#599 = DIRECTION('',(0.,1.,0.));
#600 = PCURVE('',#126,#601);
#601 = DEFINITIONAL_REPRESENTATION('',(#602),#605);
#602 = B_SPLINE_CURVE_WITH_KNOTS('',1,(#603,#604),.UNSPECIFIED.,.F.,.F.,
  (2,2),(1.75,13.75),.PIECEWISE_BEZIER_KNOTS.);
#603 = CARTESIAN_POINT('',(34.,3.5));
#604 = CARTESIAN_POINT('',(34.,15.5));
#605 = ( GEOMETRIC_REPRESENTATION_CONTEXT(2) 
PARAMETRIC_REPRESENTATION_CONTEXT() REPRESENTATION_CONTEXT('2D SPACE',''
  ) );
#606 = PCURVE('',#607,#612);
#607 = PLANE('',#608);
#608 = AXIS2_PLACEMENT_3D('',#609,#610,#611);
#609 = CARTESIAN_POINT('',(12.5,-18.,-4.2));
#610 = DIRECTION('',(1.,0.,0.));
#611 = DIRECTION('',(0.,0.,1.));
#612 = DEFINITIONAL_REPRESENTATION('',(#613),#616);
#613 = B_SPLINE_CURVE_WITH_KNOTS('',1,(#614,#615),.UNSPECIFIED.,.F.,.F.,
  (2,2),(1.75,13.75),.PIECEWISE_BEZIER_KNOTS.);
#614 = CARTESIAN_POINT('',(5.,0.));
#615 = CARTESIAN_POINT('',(5.,-12.));
#616 = ( GEOMETRIC_REPRESENTATION_CONTEXT(2) 
PARAMETRIC_REPRESENTATION_CONTEXT() REPRESENTATION_CONTEXT('2D SPACE',''
  ) );
#617 = ORIENTED_EDGE('',*,*,#618,.F.);
#618 = EDGE_CURVE('',#619,#593,#621,.T.);
#619 = VERTEX_POINT('',#620);
#620 = CARTESIAN_POINT('',(20.5,-6.,0.8));
#621 = SURFACE_CURVE('',#622,(#626,#632),.PCURVE_S1.);
#622 = LINE('',#623,#624);
#623 = CARTESIAN_POINT('',(-4.5,-6.,0.8));
#624 = VECTOR('',#625,1.);
#625 = DIRECTION('',(-1.,0.,0.));
#626 = PCURVE('',#126,#627);
#627 = DEFINITIONAL_REPRESENTATION('',(#628),#631);
#628 = B_SPLINE_CURVE_WITH_KNOTS('',1,(#629,#630),.UNSPECIFIED.,.F.,.F.,
  (2,2),(-25.,-17.),.PIECEWISE_BEZIER_KNOTS.);
#629 = CARTESIAN_POINT('',(42.,15.5));
#630 = CARTESIAN_POINT('',(34.,15.5));
#631 = ( GEOMETRIC_REPRESENTATION_CONTEXT(2) 
PARAMETRIC_REPRESENTATION_CONTEXT() REPRESENTATION_CONTEXT('2D SPACE',''
  ) );
#632 = PCURVE('',#633,#638);
#633 = PLANE('',#634);
#634 = AXIS2_PLACEMENT_3D('',#635,#636,#637);
#635 = CARTESIAN_POINT('',(12.5,-6.,-4.2));
#636 = DIRECTION('',(0.,1.,0.));
#637 = DIRECTION('',(0.,0.,1.));
#638 = DEFINITIONAL_REPRESENTATION('',(#639),#642);
#639 = B_SPLINE_CURVE_WITH_KNOTS('',1,(#640,#641),.UNSPECIFIED.,.F.,.F.,
  (2,2),(-25.,-17.),.PIECEWISE_BEZIER_KNOTS.);
#640 = CARTESIAN_POINT('',(5.,8.));
#641 = CARTESIAN_POINT('',(5.,0.));
#642 = ( GEOMETRIC_REPRESENTATION_CONTEXT(2) 
PARAMETRIC_REPRESENTATION_CONTEXT() REPRESENTATION_CONTEXT('2D SPACE',''
  ) );
#643 = ORIENTED_EDGE('',*,*,#644,.F.);
#644 = EDGE_CURVE('',#645,#619,#647,.T.);
#645 = VERTEX_POINT('',#646);
#646 = CARTESIAN_POINT('',(20.5,-18.,0.8));
#647 = SURFACE_CURVE('',#648,(#652,#658),.PCURVE_S1.);
#648 = LINE('',#649,#650);
#649 = CARTESIAN_POINT('',(20.5,-19.75,0.8));
#650 = VECTOR('',#651,1.);
#651 = DIRECTION('',(0.,1.,0.));
#652 = PCURVE('',#126,#653);
#653 = DEFINITIONAL_REPRESENTATION('',(#654),#657);
#654 = B_SPLINE_CURVE_WITH_KNOTS('',1,(#655,#656),.UNSPECIFIED.,.F.,.F.,
  (2,2),(1.75,13.75),.PIECEWISE_BEZIER_KNOTS.);
#655 = CARTESIAN_POINT('',(42.,3.5));
#656 = CARTESIAN_POINT('',(42.,15.5));
#657 = ( GEOMETRIC_REPRESENTATION_CONTEXT(2) 
PARAMETRIC_REPRESENTATION_CONTEXT() REPRESENTATION_CONTEXT('2D SPACE',''
  ) );
#658 = PCURVE('',#659,#664);
#659 = PLANE('',#660);
#660 = AXIS2_PLACEMENT_3D('',#661,#662,#663);
#661 = CARTESIAN_POINT('',(20.5,-18.,-4.2));
#662 = DIRECTION('',(1.,0.,0.));
#663 = DIRECTION('',(0.,0.,1.));
#664 = DEFINITIONAL_REPRESENTATION('',(#665),#668);
#665 = B_SPLINE_CURVE_WITH_KNOTS('',1,(#666,#667),.UNSPECIFIED.,.F.,.F.,
  (2,2),(1.75,13.75),.PIECEWISE_BEZIER_KNOTS.);
#666 = CARTESIAN_POINT('',(5.,0.));
#667 = CARTESIAN_POINT('',(5.,-12.));
#668 = ( GEOMETRIC_REPRESENTATION_CONTEXT(2) 
PARAMETRIC_REPRESENTATION_CONTEXT() REPRESENTATION_CONTEXT('2D SPACE',''
  ) );
#669 = ORIENTED_EDGE('',*,*,#670,.T.);
#670 = EDGE_CURVE('',#645,#532,#671,.T.);
#671 = SURFACE_CURVE('',#672,(#676,#682),.PCURVE_S1.);
#672 = LINE('',#673,#674);
#673 = CARTESIAN_POINT('',(-4.5,-18.,0.8));
#674 = VECTOR('',#675,1.);
#675 = DIRECTION('',(-1.,0.,0.));
#676 = PCURVE('',#126,#677);
#677 = DEFINITIONAL_REPRESENTATION('',(#678),#681);
#678 = B_SPLINE_CURVE_WITH_KNOTS('',1,(#679,#680),.UNSPECIFIED.,.F.,.F.,
  (2,2),(-25.,-17.),.PIECEWISE_BEZIER_KNOTS.);
#679 = CARTESIAN_POINT('',(42.,3.5));
#680 = CARTESIAN_POINT('',(34.,3.5));
#681 = ( GEOMETRIC_REPRESENTATION_CONTEXT(2) 
PARAMETRIC_REPRESENTATION_CONTEXT() REPRESENTATION_CONTEXT('2D SPACE',''
  ) );
#682 = PCURVE('',#581,#683);
#683 = DEFINITIONAL_REPRESENTATION('',(#684),#687);
#684 = B_SPLINE_CURVE_WITH_KNOTS('',1,(#685,#686),.UNSPECIFIED.,.F.,.F.,
  (2,2),(-25.,-17.),.PIECEWISE_BEZIER_KNOTS.);
#685 = CARTESIAN_POINT('',(5.,8.));
#686 = CARTESIAN_POINT('',(5.,0.));
#687 = ( GEOMETRIC_REPRESENTATION_CONTEXT(2) 
PARAMETRIC_REPRESENTATION_CONTEXT() REPRESENTATION_CONTEXT('2D SPACE',''
  ) );
#688 = FACE_BOUND('',#689,.T.);
#689 = EDGE_LOOP('',(#690));
#690 = ORIENTED_EDGE('',*,*,#691,.T.);
#691 = EDGE_CURVE('',#692,#692,#694,.T.);
#692 = VERTEX_POINT('',#693);
#693 = CARTESIAN_POINT('',(-20.1,18.5,0.8));
#694 = SURFACE_CURVE('',#695,(#700,#711),.PCURVE_S1.);
#695 = CIRCLE('',#696,1.6);
#696 = AXIS2_PLACEMENT_3D('',#697,#698,#699);
#697 = CARTESIAN_POINT('',(-18.5,18.5,0.8));
#698 = DIRECTION('',(0.,0.,-1.));
#699 = DIRECTION('',(-1.,0.,0.));
#700 = PCURVE('',#126,#701);
#701 = DEFINITIONAL_REPRESENTATION('',(#702),#710);
#702 = ( BOUNDED_CURVE() B_SPLINE_CURVE(2,(#703,#704,#705,#706,#707,#708
,#709),.UNSPECIFIED.,.T.,.F.) B_SPLINE_CURVE_WITH_KNOTS((1,2,2,2,2,1),(
    -2.094395102393,0.,2.094395102393,4.188790204786,6.28318530718,
8.377580409573),.UNSPECIFIED.) CURVE() GEOMETRIC_REPRESENTATION_ITEM() 
RATIONAL_B_SPLINE_CURVE((1.,0.5,1.,0.5,1.,0.5,1.)) REPRESENTATION_ITEM(
  '') );
#703 = CARTESIAN_POINT('',(1.4,40.));
#704 = CARTESIAN_POINT('',(1.4,42.77128129211));
#705 = CARTESIAN_POINT('',(3.8,41.385640646055));
#706 = CARTESIAN_POINT('',(6.2,40.));
#707 = CARTESIAN_POINT('',(3.8,38.614359353945));
#708 = CARTESIAN_POINT('',(1.4,37.22871870789));
#709 = CARTESIAN_POINT('',(1.4,40.));
#710 = ( GEOMETRIC_REPRESENTATION_CONTEXT(2) 
PARAMETRIC_REPRESENTATION_CONTEXT() REPRESENTATION_CONTEXT('2D SPACE',''
  ) );
#711 = PCURVE('',#712,#717);
#712 = CYLINDRICAL_SURFACE('',#713,1.6);
#713 = AXIS2_PLACEMENT_3D('',#714,#715,#716);
#714 = CARTESIAN_POINT('',(-18.5,18.5,0.8));
#715 = DIRECTION('',(0.,0.,-1.));
#716 = DIRECTION('',(-1.,0.,0.));
#717 = DEFINITIONAL_REPRESENTATION('',(#718),#722);
#718 = LINE('',#719,#720);
#719 = CARTESIAN_POINT('',(0.,0.));
#720 = VECTOR('',#721,1.);
#721 = DIRECTION('',(1.,0.));
#722 = ( GEOMETRIC_REPRESENTATION_CONTEXT(2) 
PARAMETRIC_REPRESENTATION_CONTEXT() REPRESENTATION_CONTEXT('2D SPACE',''
  ) );
#723 = FACE_BOUND('',#724,.T.);
#724 = EDGE_LOOP('',(#725,#753,#779,#805));
#725 = ORIENTED_EDGE('',*,*,#726,.T.);
#726 = EDGE_CURVE('',#727,#729,#731,.T.);
#727 = VERTEX_POINT('',#728);
#728 = CARTESIAN_POINT('',(12.5,-3.,0.8));
#729 = VERTEX_POINT('',#730);
#730 = CARTESIAN_POINT('',(-12.5,-3.,0.8));
#731 = SURFACE_CURVE('',#732,(#736,#742),.PCURVE_S1.);
#732 = LINE('',#733,#734);
#733 = CARTESIAN_POINT('',(-17.,-3.,0.8));
#734 = VECTOR('',#735,1.);
#735 = DIRECTION('',(-1.,0.,0.));
#736 = PCURVE('',#126,#737);
#737 = DEFINITIONAL_REPRESENTATION('',(#738),#741);
#738 = B_SPLINE_CURVE_WITH_KNOTS('',1,(#739,#740),.UNSPECIFIED.,.F.,.F.,
  (2,2),(-29.5,-4.5),.PIECEWISE_BEZIER_KNOTS.);
#739 = CARTESIAN_POINT('',(34.,18.5));
#740 = CARTESIAN_POINT('',(9.,18.5));
#741 = ( GEOMETRIC_REPRESENTATION_CONTEXT(2) 
PARAMETRIC_REPRESENTATION_CONTEXT() REPRESENTATION_CONTEXT('2D SPACE',''
  ) );
#742 = PCURVE('',#743,#748);
#743 = PLANE('',#744);
#744 = AXIS2_PLACEMENT_3D('',#745,#746,#747);
#745 = CARTESIAN_POINT('',(-12.5,-3.,-11.7));
#746 = DIRECTION('',(0.,1.,0.));
#747 = DIRECTION('',(0.,0.,1.));
#748 = DEFINITIONAL_REPRESENTATION('',(#749),#752);
#749 = B_SPLINE_CURVE_WITH_KNOTS('',1,(#750,#751),.UNSPECIFIED.,.F.,.F.,
  (2,2),(-29.5,-4.5),.PIECEWISE_BEZIER_KNOTS.);
#750 = CARTESIAN_POINT('',(12.5,25.));
#751 = CARTESIAN_POINT('',(12.5,0.));
#752 = ( GEOMETRIC_REPRESENTATION_CONTEXT(2) 
PARAMETRIC_REPRESENTATION_CONTEXT() REPRESENTATION_CONTEXT('2D SPACE',''
  ) );
#753 = ORIENTED_EDGE('',*,*,#754,.T.);
#754 = EDGE_CURVE('',#729,#755,#757,.T.);
#755 = VERTEX_POINT('',#756);
#756 = CARTESIAN_POINT('',(-12.5,13.,0.8));
#757 = SURFACE_CURVE('',#758,(#762,#768),.PCURVE_S1.);
#758 = LINE('',#759,#760);
#759 = CARTESIAN_POINT('',(-12.5,-12.25,0.8));
#760 = VECTOR('',#761,1.);
#761 = DIRECTION('',(0.,1.,0.));
#762 = PCURVE('',#126,#763);
#763 = DEFINITIONAL_REPRESENTATION('',(#764),#767);
#764 = B_SPLINE_CURVE_WITH_KNOTS('',1,(#765,#766),.UNSPECIFIED.,.F.,.F.,
  (2,2),(9.25,25.25),.PIECEWISE_BEZIER_KNOTS.);
#765 = CARTESIAN_POINT('',(9.,18.5));
#766 = CARTESIAN_POINT('',(9.,34.5));
#767 = ( GEOMETRIC_REPRESENTATION_CONTEXT(2) 
PARAMETRIC_REPRESENTATION_CONTEXT() REPRESENTATION_CONTEXT('2D SPACE',''
  ) );
#768 = PCURVE('',#769,#774);
#769 = PLANE('',#770);
#770 = AXIS2_PLACEMENT_3D('',#771,#772,#773);
#771 = CARTESIAN_POINT('',(-12.5,-3.,-11.7));
#772 = DIRECTION('',(1.,0.,0.));
#773 = DIRECTION('',(0.,0.,1.));
#774 = DEFINITIONAL_REPRESENTATION('',(#775),#778);
#775 = B_SPLINE_CURVE_WITH_KNOTS('',1,(#776,#777),.UNSPECIFIED.,.F.,.F.,
  (2,2),(9.25,25.25),.PIECEWISE_BEZIER_KNOTS.);
#776 = CARTESIAN_POINT('',(12.5,0.));
#777 = CARTESIAN_POINT('',(12.5,-16.));
#778 = ( GEOMETRIC_REPRESENTATION_CONTEXT(2) 
PARAMETRIC_REPRESENTATION_CONTEXT() REPRESENTATION_CONTEXT('2D SPACE',''
  ) );
#779 = ORIENTED_EDGE('',*,*,#780,.F.);
#780 = EDGE_CURVE('',#781,#755,#783,.T.);
#781 = VERTEX_POINT('',#782);
#782 = CARTESIAN_POINT('',(12.5,13.,0.8));
#783 = SURFACE_CURVE('',#784,(#788,#794),.PCURVE_S1.);
#784 = LINE('',#785,#786);
#785 = CARTESIAN_POINT('',(-17.,13.,0.8));
#786 = VECTOR('',#787,1.);
#787 = DIRECTION('',(-1.,0.,0.));
#788 = PCURVE('',#126,#789);
#789 = DEFINITIONAL_REPRESENTATION('',(#790),#793);
#790 = B_SPLINE_CURVE_WITH_KNOTS('',1,(#791,#792),.UNSPECIFIED.,.F.,.F.,
  (2,2),(-29.5,-4.5),.PIECEWISE_BEZIER_KNOTS.);
#791 = CARTESIAN_POINT('',(34.,34.5));
#792 = CARTESIAN_POINT('',(9.,34.5));
#793 = ( GEOMETRIC_REPRESENTATION_CONTEXT(2) 
PARAMETRIC_REPRESENTATION_CONTEXT() REPRESENTATION_CONTEXT('2D SPACE',''
  ) );
#794 = PCURVE('',#795,#800);
#795 = PLANE('',#796);
#796 = AXIS2_PLACEMENT_3D('',#797,#798,#799);
#797 = CARTESIAN_POINT('',(-12.5,13.,-11.7));
#798 = DIRECTION('',(0.,1.,0.));
#799 = DIRECTION('',(0.,0.,1.));
#800 = DEFINITIONAL_REPRESENTATION('',(#801),#804);
#801 = B_SPLINE_CURVE_WITH_KNOTS('',1,(#802,#803),.UNSPECIFIED.,.F.,.F.,
  (2,2),(-29.5,-4.5),.PIECEWISE_BEZIER_KNOTS.);
#802 = CARTESIAN_POINT('',(12.5,25.));
#803 = CARTESIAN_POINT('',(12.5,0.));
#804 = ( GEOMETRIC_REPRESENTATION_CONTEXT(2) 
PARAMETRIC_REPRESENTATION_CONTEXT() REPRESENTATION_CONTEXT('2D SPACE',''
  ) );
#805 = ORIENTED_EDGE('',*,*,#806,.F.);
#806 = EDGE_CURVE('',#727,#781,#807,.T.);
#807 = SURFACE_CURVE('',#808,(#812,#818),.PCURVE_S1.);
#808 = LINE('',#809,#810);
#809 = CARTESIAN_POINT('',(12.5,-12.25,0.8));
#810 = VECTOR('',#811,1.);
#811 = DIRECTION('',(0.,1.,0.));
#812 = PCURVE('',#126,#813);
#813 = DEFINITIONAL_REPRESENTATION('',(#814),#817);
#814 = B_SPLINE_CURVE_WITH_KNOTS('',1,(#815,#816),.UNSPECIFIED.,.F.,.F.,
  (2,2),(9.25,25.25),.PIECEWISE_BEZIER_KNOTS.);
#815 = CARTESIAN_POINT('',(34.,18.5));
#816 = CARTESIAN_POINT('',(34.,34.5));
#817 = ( GEOMETRIC_REPRESENTATION_CONTEXT(2) 
PARAMETRIC_REPRESENTATION_CONTEXT() REPRESENTATION_CONTEXT('2D SPACE',''
  ) );
#818 = PCURVE('',#819,#824);
#819 = PLANE('',#820);
#820 = AXIS2_PLACEMENT_3D('',#821,#822,#823);
#821 = CARTESIAN_POINT('',(12.5,-3.,-11.7));
#822 = DIRECTION('',(1.,0.,0.));
#823 = DIRECTION('',(0.,0.,1.));
#824 = DEFINITIONAL_REPRESENTATION('',(#825),#828);
#825 = B_SPLINE_CURVE_WITH_KNOTS('',1,(#826,#827),.UNSPECIFIED.,.F.,.F.,
  (2,2),(9.25,25.25),.PIECEWISE_BEZIER_KNOTS.);
#826 = CARTESIAN_POINT('',(12.5,0.));
#827 = CARTESIAN_POINT('',(12.5,-16.));
#828 = ( GEOMETRIC_REPRESENTATION_CONTEXT(2) 
PARAMETRIC_REPRESENTATION_CONTEXT() REPRESENTATION_CONTEXT('2D SPACE',''
  ) );
#829 = FACE_BOUND('',#830,.T.);
#830 = EDGE_LOOP('',(#831));
#831 = ORIENTED_EDGE('',*,*,#832,.T.);
#832 = EDGE_CURVE('',#833,#833,#835,.T.);
#833 = VERTEX_POINT('',#834);
#834 = CARTESIAN_POINT('',(16.9,18.5,0.8));
#835 = SURFACE_CURVE('',#836,(#841,#852),.PCURVE_S1.);
#836 = CIRCLE('',#837,1.6);
#837 = AXIS2_PLACEMENT_3D('',#838,#839,#840);
#838 = CARTESIAN_POINT('',(18.5,18.5,0.8));
#839 = DIRECTION('',(0.,0.,-1.));
#840 = DIRECTION('',(-1.,0.,0.));
#841 = PCURVE('',#126,#842);
#842 = DEFINITIONAL_REPRESENTATION('',(#843),#851);
#843 = ( BOUNDED_CURVE() B_SPLINE_CURVE(2,(#844,#845,#846,#847,#848,#849
,#850),.UNSPECIFIED.,.T.,.F.) B_SPLINE_CURVE_WITH_KNOTS((1,2,2,2,2,1),(
    -2.094395102393,0.,2.094395102393,4.188790204786,6.28318530718,
8.377580409573),.UNSPECIFIED.) CURVE() GEOMETRIC_REPRESENTATION_ITEM() 
RATIONAL_B_SPLINE_CURVE((1.,0.5,1.,0.5,1.,0.5,1.)) REPRESENTATION_ITEM(
  '') );
#844 = CARTESIAN_POINT('',(38.4,40.));
#845 = CARTESIAN_POINT('',(38.4,42.77128129211));
#846 = CARTESIAN_POINT('',(40.8,41.385640646055));
#847 = CARTESIAN_POINT('',(43.2,40.));
#848 = CARTESIAN_POINT('',(40.8,38.614359353945));
#849 = CARTESIAN_POINT('',(38.4,37.22871870789));
#850 = CARTESIAN_POINT('',(38.4,40.));
#851 = ( GEOMETRIC_REPRESENTATION_CONTEXT(2) 
PARAMETRIC_REPRESENTATION_CONTEXT() REPRESENTATION_CONTEXT('2D SPACE',''
  ) );
#852 = PCURVE('',#853,#858);
#853 = CYLINDRICAL_SURFACE('',#854,1.6);
#854 = AXIS2_PLACEMENT_3D('',#855,#856,#857);
#855 = CARTESIAN_POINT('',(18.5,18.5,0.8));
#856 = DIRECTION('',(0.,0.,-1.));
#857 = DIRECTION('',(-1.,0.,0.));
#858 = DEFINITIONAL_REPRESENTATION('',(#859),#863);
#859 = LINE('',#860,#861);
#860 = CARTESIAN_POINT('',(0.,0.));
#861 = VECTOR('',#862,1.);
#862 = DIRECTION('',(1.,0.));
#863 = ( GEOMETRIC_REPRESENTATION_CONTEXT(2) 
PARAMETRIC_REPRESENTATION_CONTEXT() REPRESENTATION_CONTEXT('2D SPACE',''
  ) );
#864 = ADVANCED_FACE('',(#865),#100,.T.);
#865 = FACE_BOUND('',#866,.T.);
#866 = EDGE_LOOP('',(#867,#890,#891,#892));
#867 = ORIENTED_EDGE('',*,*,#868,.F.);
#868 = EDGE_CURVE('',#57,#869,#871,.T.);
#869 = VERTEX_POINT('',#870);
#870 = CARTESIAN_POINT('',(21.5,21.5,-0.8));
#871 = SURFACE_CURVE('',#872,(#876,#883),.PCURVE_S1.);
#872 = LINE('',#873,#874);
#873 = CARTESIAN_POINT('',(-21.5,21.5,-0.8));
#874 = VECTOR('',#875,1.);
#875 = DIRECTION('',(1.,0.,0.));
#876 = PCURVE('',#100,#877);
#877 = DEFINITIONAL_REPRESENTATION('',(#878),#882);
#878 = LINE('',#879,#880);
#879 = CARTESIAN_POINT('',(0.,0.));
#880 = VECTOR('',#881,1.);
#881 = DIRECTION('',(0.,1.));
#882 = ( GEOMETRIC_REPRESENTATION_CONTEXT(2) 
PARAMETRIC_REPRESENTATION_CONTEXT() REPRESENTATION_CONTEXT('2D SPACE',''
  ) );
#883 = PCURVE('',#72,#884);
#884 = DEFINITIONAL_REPRESENTATION('',(#885),#889);
#885 = LINE('',#886,#887);
#886 = CARTESIAN_POINT('',(0.,43.));
#887 = VECTOR('',#888,1.);
#888 = DIRECTION('',(1.,0.));
#889 = ( GEOMETRIC_REPRESENTATION_CONTEXT(2) 
PARAMETRIC_REPRESENTATION_CONTEXT() REPRESENTATION_CONTEXT('2D SPACE',''
  ) );
#890 = ORIENTED_EDGE('',*,*,#84,.T.);
#891 = ORIENTED_EDGE('',*,*,#242,.T.);
#892 = ORIENTED_EDGE('',*,*,#893,.F.);
#893 = EDGE_CURVE('',#869,#220,#894,.T.);
#894 = SURFACE_CURVE('',#895,(#899,#906),.PCURVE_S1.);
#895 = LINE('',#896,#897);
#896 = CARTESIAN_POINT('',(21.5,21.5,-0.8));
#897 = VECTOR('',#898,1.);
#898 = DIRECTION('',(0.,0.,1.));
#899 = PCURVE('',#100,#900);
#900 = DEFINITIONAL_REPRESENTATION('',(#901),#905);
#901 = LINE('',#902,#903);
#902 = CARTESIAN_POINT('',(0.,43.));
#903 = VECTOR('',#904,1.);
#904 = DIRECTION('',(1.,0.));
#905 = ( GEOMETRIC_REPRESENTATION_CONTEXT(2) 
PARAMETRIC_REPRESENTATION_CONTEXT() REPRESENTATION_CONTEXT('2D SPACE',''
  ) );
#906 = PCURVE('',#202,#907);
#907 = DEFINITIONAL_REPRESENTATION('',(#908),#912);
#908 = LINE('',#909,#910);
#909 = CARTESIAN_POINT('',(0.,-43.));
#910 = VECTOR('',#911,1.);
#911 = DIRECTION('',(1.,0.));
#912 = ( GEOMETRIC_REPRESENTATION_CONTEXT(2) 
PARAMETRIC_REPRESENTATION_CONTEXT() REPRESENTATION_CONTEXT('2D SPACE',''
  ) );
#913 = ADVANCED_FACE('',(#914,#940,#1086,#1192,#1338,#1368,#1474),#72,
  .F.);
#914 = FACE_BOUND('',#915,.F.);
#915 = EDGE_LOOP('',(#916,#917,#918,#939));
#916 = ORIENTED_EDGE('',*,*,#56,.F.);
#917 = ORIENTED_EDGE('',*,*,#141,.T.);
#918 = ORIENTED_EDGE('',*,*,#919,.T.);
#919 = EDGE_CURVE('',#142,#869,#920,.T.);
#920 = SURFACE_CURVE('',#921,(#925,#932),.PCURVE_S1.);
#921 = LINE('',#922,#923);
#922 = CARTESIAN_POINT('',(21.5,-21.5,-0.8));
#923 = VECTOR('',#924,1.);
#924 = DIRECTION('',(0.,1.,0.));
#925 = PCURVE('',#72,#926);
#926 = DEFINITIONAL_REPRESENTATION('',(#927),#931);
#927 = LINE('',#928,#929);
#928 = CARTESIAN_POINT('',(43.,0.));
#929 = VECTOR('',#930,1.);
#930 = DIRECTION('',(0.,1.));
#931 = ( GEOMETRIC_REPRESENTATION_CONTEXT(2) 
PARAMETRIC_REPRESENTATION_CONTEXT() REPRESENTATION_CONTEXT('2D SPACE',''
  ) );
#932 = PCURVE('',#202,#933);
#933 = DEFINITIONAL_REPRESENTATION('',(#934),#938);
#934 = LINE('',#935,#936);
#935 = CARTESIAN_POINT('',(0.,0.));
#936 = VECTOR('',#937,1.);
#937 = DIRECTION('',(0.,-1.));
#938 = ( GEOMETRIC_REPRESENTATION_CONTEXT(2) 
PARAMETRIC_REPRESENTATION_CONTEXT() REPRESENTATION_CONTEXT('2D SPACE',''
  ) );
#939 = ORIENTED_EDGE('',*,*,#868,.F.);
#940 = FACE_BOUND('',#941,.F.);
#941 = EDGE_LOOP('',(#942,#965,#989,#1010,#1036,#1062));
#942 = ORIENTED_EDGE('',*,*,#943,.T.);
#943 = EDGE_CURVE('',#944,#946,#948,.T.);
#944 = VERTEX_POINT('',#945);
#945 = CARTESIAN_POINT('',(-12.5,-18.,-0.8));
#946 = VERTEX_POINT('',#947);
#947 = CARTESIAN_POINT('',(-16.98013158464,-18.,-0.8));
#948 = SURFACE_CURVE('',#949,(#953,#959),.PCURVE_S1.);
#949 = LINE('',#950,#951);
#950 = CARTESIAN_POINT('',(-21.,-18.,-0.8));
#951 = VECTOR('',#952,1.);
#952 = DIRECTION('',(-1.,0.,0.));
#953 = PCURVE('',#72,#954);
#954 = DEFINITIONAL_REPRESENTATION('',(#955),#958);
#955 = B_SPLINE_CURVE_WITH_KNOTS('',1,(#956,#957),.UNSPECIFIED.,.F.,.F.,
  (2,2),(-8.5,-0.5),.PIECEWISE_BEZIER_KNOTS.);
#956 = CARTESIAN_POINT('',(9.,3.5));
#957 = CARTESIAN_POINT('',(1.,3.5));
#958 = ( GEOMETRIC_REPRESENTATION_CONTEXT(2) 
PARAMETRIC_REPRESENTATION_CONTEXT() REPRESENTATION_CONTEXT('2D SPACE',''
  ) );
#959 = PCURVE('',#315,#960);
#960 = DEFINITIONAL_REPRESENTATION('',(#961),#964);
#961 = B_SPLINE_CURVE_WITH_KNOTS('',1,(#962,#963),.UNSPECIFIED.,.F.,.F.,
  (2,2),(-8.5,-0.5),.PIECEWISE_BEZIER_KNOTS.);
#962 = CARTESIAN_POINT('',(3.4,8.));
#963 = CARTESIAN_POINT('',(3.4,0.));
#964 = ( GEOMETRIC_REPRESENTATION_CONTEXT(2) 
PARAMETRIC_REPRESENTATION_CONTEXT() REPRESENTATION_CONTEXT('2D SPACE',''
  ) );
#965 = ORIENTED_EDGE('',*,*,#966,.F.);
#966 = EDGE_CURVE('',#967,#946,#969,.T.);
#967 = VERTEX_POINT('',#968);
#968 = CARTESIAN_POINT('',(-20.01986841535,-18.,-0.8));
#969 = SURFACE_CURVE('',#970,(#975,#982),.PCURVE_S1.);
#970 = CIRCLE('',#971,1.6);
#971 = AXIS2_PLACEMENT_3D('',#972,#973,#974);
#972 = CARTESIAN_POINT('',(-18.5,-18.5,-0.8));
#973 = DIRECTION('',(0.,0.,1.));
#974 = DIRECTION('',(-0.949917759598,0.3125,0.));
#975 = PCURVE('',#72,#976);
#976 = DEFINITIONAL_REPRESENTATION('',(#977),#981);
#977 = CIRCLE('',#978,1.6);
#978 = AXIS2_PLACEMENT_2D('',#979,#980);
#979 = CARTESIAN_POINT('',(3.,3.));
#980 = DIRECTION('',(-0.949917759598,0.3125));
#981 = ( GEOMETRIC_REPRESENTATION_CONTEXT(2) 
PARAMETRIC_REPRESENTATION_CONTEXT() REPRESENTATION_CONTEXT('2D SPACE',''
  ) );
#982 = PCURVE('',#288,#983);
#983 = DEFINITIONAL_REPRESENTATION('',(#984),#988);
#984 = LINE('',#985,#986);
#985 = CARTESIAN_POINT('',(6.601009011107,1.6));
#986 = VECTOR('',#987,1.);
#987 = DIRECTION('',(-1.,-0.));
#988 = ( GEOMETRIC_REPRESENTATION_CONTEXT(2) 
PARAMETRIC_REPRESENTATION_CONTEXT() REPRESENTATION_CONTEXT('2D SPACE',''
  ) );
#989 = ORIENTED_EDGE('',*,*,#990,.T.);
#990 = EDGE_CURVE('',#967,#991,#993,.T.);
#991 = VERTEX_POINT('',#992);
#992 = CARTESIAN_POINT('',(-20.5,-18.,-0.8));
#993 = SURFACE_CURVE('',#994,(#998,#1004),.PCURVE_S1.);
#994 = LINE('',#995,#996);
#995 = CARTESIAN_POINT('',(-21.,-18.,-0.8));
#996 = VECTOR('',#997,1.);
#997 = DIRECTION('',(-1.,0.,0.));
#998 = PCURVE('',#72,#999);
#999 = DEFINITIONAL_REPRESENTATION('',(#1000),#1003);
#1000 = B_SPLINE_CURVE_WITH_KNOTS('',1,(#1001,#1002),.UNSPECIFIED.,.F.,
  .F.,(2,2),(-8.5,-0.5),.PIECEWISE_BEZIER_KNOTS.);
#1001 = CARTESIAN_POINT('',(9.,3.5));
#1002 = CARTESIAN_POINT('',(1.,3.5));
#1003 = ( GEOMETRIC_REPRESENTATION_CONTEXT(2) 
PARAMETRIC_REPRESENTATION_CONTEXT() REPRESENTATION_CONTEXT('2D SPACE',''
  ) );
#1004 = PCURVE('',#315,#1005);
#1005 = DEFINITIONAL_REPRESENTATION('',(#1006),#1009);
#1006 = B_SPLINE_CURVE_WITH_KNOTS('',1,(#1007,#1008),.UNSPECIFIED.,.F.,
  .F.,(2,2),(-8.5,-0.5),.PIECEWISE_BEZIER_KNOTS.);
#1007 = CARTESIAN_POINT('',(3.4,8.));
#1008 = CARTESIAN_POINT('',(3.4,0.));
#1009 = ( GEOMETRIC_REPRESENTATION_CONTEXT(2) 
PARAMETRIC_REPRESENTATION_CONTEXT() REPRESENTATION_CONTEXT('2D SPACE',''
  ) );
#1010 = ORIENTED_EDGE('',*,*,#1011,.T.);
#1011 = EDGE_CURVE('',#991,#1012,#1014,.T.);
#1012 = VERTEX_POINT('',#1013);
#1013 = CARTESIAN_POINT('',(-20.5,-6.,-0.8));
#1014 = SURFACE_CURVE('',#1015,(#1019,#1025),.PCURVE_S1.);
#1015 = LINE('',#1016,#1017);
#1016 = CARTESIAN_POINT('',(-20.5,-19.75,-0.8));
#1017 = VECTOR('',#1018,1.);
#1018 = DIRECTION('',(0.,1.,0.));
#1019 = PCURVE('',#72,#1020);
#1020 = DEFINITIONAL_REPRESENTATION('',(#1021),#1024);
#1021 = B_SPLINE_CURVE_WITH_KNOTS('',1,(#1022,#1023),.UNSPECIFIED.,.F.,
  .F.,(2,2),(1.75,13.75),.PIECEWISE_BEZIER_KNOTS.);
#1022 = CARTESIAN_POINT('',(1.,3.5));
#1023 = CARTESIAN_POINT('',(1.,15.5));
#1024 = ( GEOMETRIC_REPRESENTATION_CONTEXT(2) 
PARAMETRIC_REPRESENTATION_CONTEXT() REPRESENTATION_CONTEXT('2D SPACE',''
  ) );
#1025 = PCURVE('',#1026,#1031);
#1026 = PLANE('',#1027);
#1027 = AXIS2_PLACEMENT_3D('',#1028,#1029,#1030);
#1028 = CARTESIAN_POINT('',(-20.5,-18.,-4.2));
#1029 = DIRECTION('',(1.,0.,0.));
#1030 = DIRECTION('',(0.,0.,1.));
#1031 = DEFINITIONAL_REPRESENTATION('',(#1032),#1035);
#1032 = B_SPLINE_CURVE_WITH_KNOTS('',1,(#1033,#1034),.UNSPECIFIED.,.F.,
  .F.,(2,2),(1.75,13.75),.PIECEWISE_BEZIER_KNOTS.);
#1033 = CARTESIAN_POINT('',(3.4,0.));
#1034 = CARTESIAN_POINT('',(3.4,-12.));
#1035 = ( GEOMETRIC_REPRESENTATION_CONTEXT(2) 
PARAMETRIC_REPRESENTATION_CONTEXT() REPRESENTATION_CONTEXT('2D SPACE',''
  ) );
#1036 = ORIENTED_EDGE('',*,*,#1037,.F.);
#1037 = EDGE_CURVE('',#1038,#1012,#1040,.T.);
#1038 = VERTEX_POINT('',#1039);
#1039 = CARTESIAN_POINT('',(-12.5,-6.,-0.8));
#1040 = SURFACE_CURVE('',#1041,(#1045,#1051),.PCURVE_S1.);
#1041 = LINE('',#1042,#1043);
#1042 = CARTESIAN_POINT('',(-21.,-6.,-0.8));
#1043 = VECTOR('',#1044,1.);
#1044 = DIRECTION('',(-1.,0.,0.));
#1045 = PCURVE('',#72,#1046);
#1046 = DEFINITIONAL_REPRESENTATION('',(#1047),#1050);
#1047 = B_SPLINE_CURVE_WITH_KNOTS('',1,(#1048,#1049),.UNSPECIFIED.,.F.,
  .F.,(2,2),(-8.5,-0.5),.PIECEWISE_BEZIER_KNOTS.);
#1048 = CARTESIAN_POINT('',(9.,15.5));
#1049 = CARTESIAN_POINT('',(1.,15.5));
#1050 = ( GEOMETRIC_REPRESENTATION_CONTEXT(2) 
PARAMETRIC_REPRESENTATION_CONTEXT() REPRESENTATION_CONTEXT('2D SPACE',''
  ) );
#1051 = PCURVE('',#1052,#1057);
#1052 = PLANE('',#1053);
#1053 = AXIS2_PLACEMENT_3D('',#1054,#1055,#1056);
#1054 = CARTESIAN_POINT('',(-20.5,-6.,-4.2));
#1055 = DIRECTION('',(0.,1.,0.));
#1056 = DIRECTION('',(0.,0.,1.));
#1057 = DEFINITIONAL_REPRESENTATION('',(#1058),#1061);
#1058 = B_SPLINE_CURVE_WITH_KNOTS('',1,(#1059,#1060),.UNSPECIFIED.,.F.,
  .F.,(2,2),(-8.5,-0.5),.PIECEWISE_BEZIER_KNOTS.);
#1059 = CARTESIAN_POINT('',(3.4,8.));
#1060 = CARTESIAN_POINT('',(3.4,0.));
#1061 = ( GEOMETRIC_REPRESENTATION_CONTEXT(2) 
PARAMETRIC_REPRESENTATION_CONTEXT() REPRESENTATION_CONTEXT('2D SPACE',''
  ) );
#1062 = ORIENTED_EDGE('',*,*,#1063,.F.);
#1063 = EDGE_CURVE('',#944,#1038,#1064,.T.);
#1064 = SURFACE_CURVE('',#1065,(#1069,#1075),.PCURVE_S1.);
#1065 = LINE('',#1066,#1067);
#1066 = CARTESIAN_POINT('',(-12.5,-19.75,-0.8));
#1067 = VECTOR('',#1068,1.);
#1068 = DIRECTION('',(0.,1.,0.));
#1069 = PCURVE('',#72,#1070);
#1070 = DEFINITIONAL_REPRESENTATION('',(#1071),#1074);
#1071 = B_SPLINE_CURVE_WITH_KNOTS('',1,(#1072,#1073),.UNSPECIFIED.,.F.,
  .F.,(2,2),(1.75,13.75),.PIECEWISE_BEZIER_KNOTS.);
#1072 = CARTESIAN_POINT('',(9.,3.5));
#1073 = CARTESIAN_POINT('',(9.,15.5));
#1074 = ( GEOMETRIC_REPRESENTATION_CONTEXT(2) 
PARAMETRIC_REPRESENTATION_CONTEXT() REPRESENTATION_CONTEXT('2D SPACE',''
  ) );
#1075 = PCURVE('',#1076,#1081);
#1076 = PLANE('',#1077);
#1077 = AXIS2_PLACEMENT_3D('',#1078,#1079,#1080);
#1078 = CARTESIAN_POINT('',(-12.5,-18.,-4.2));
#1079 = DIRECTION('',(1.,0.,0.));
#1080 = DIRECTION('',(0.,0.,1.));
#1081 = DEFINITIONAL_REPRESENTATION('',(#1082),#1085);
#1082 = B_SPLINE_CURVE_WITH_KNOTS('',1,(#1083,#1084),.UNSPECIFIED.,.F.,
  .F.,(2,2),(1.75,13.75),.PIECEWISE_BEZIER_KNOTS.);
#1083 = CARTESIAN_POINT('',(3.4,0.));
#1084 = CARTESIAN_POINT('',(3.4,-12.));
#1085 = ( GEOMETRIC_REPRESENTATION_CONTEXT(2) 
PARAMETRIC_REPRESENTATION_CONTEXT() REPRESENTATION_CONTEXT('2D SPACE',''
  ) );
#1086 = FACE_BOUND('',#1087,.F.);
#1087 = EDGE_LOOP('',(#1088,#1116,#1142,#1168));
#1088 = ORIENTED_EDGE('',*,*,#1089,.T.);
#1089 = EDGE_CURVE('',#1090,#1092,#1094,.T.);
#1090 = VERTEX_POINT('',#1091);
#1091 = CARTESIAN_POINT('',(7.5,-20.5,-0.8));
#1092 = VERTEX_POINT('',#1093);
#1093 = CARTESIAN_POINT('',(-7.5,-20.5,-0.8));
#1094 = SURFACE_CURVE('',#1095,(#1099,#1105),.PCURVE_S1.);
#1095 = LINE('',#1096,#1097);
#1096 = CARTESIAN_POINT('',(-14.5,-20.5,-0.8));
#1097 = VECTOR('',#1098,1.);
#1098 = DIRECTION('',(-1.,0.,0.));
#1099 = PCURVE('',#72,#1100);
#1100 = DEFINITIONAL_REPRESENTATION('',(#1101),#1104);
#1101 = B_SPLINE_CURVE_WITH_KNOTS('',1,(#1102,#1103),.UNSPECIFIED.,.F.,
  .F.,(2,2),(-22.,-7.),.PIECEWISE_BEZIER_KNOTS.);
#1102 = CARTESIAN_POINT('',(29.,1.));
#1103 = CARTESIAN_POINT('',(14.,1.));
#1104 = ( GEOMETRIC_REPRESENTATION_CONTEXT(2) 
PARAMETRIC_REPRESENTATION_CONTEXT() REPRESENTATION_CONTEXT('2D SPACE',''
  ) );
#1105 = PCURVE('',#1106,#1111);
#1106 = PLANE('',#1107);
#1107 = AXIS2_PLACEMENT_3D('',#1108,#1109,#1110);
#1108 = CARTESIAN_POINT('',(-7.5,-20.5,-4.2));
#1109 = DIRECTION('',(0.,1.,0.));
#1110 = DIRECTION('',(0.,0.,1.));
#1111 = DEFINITIONAL_REPRESENTATION('',(#1112),#1115);
#1112 = B_SPLINE_CURVE_WITH_KNOTS('',1,(#1113,#1114),.UNSPECIFIED.,.F.,
  .F.,(2,2),(-22.,-7.),.PIECEWISE_BEZIER_KNOTS.);
#1113 = CARTESIAN_POINT('',(3.4,15.));
#1114 = CARTESIAN_POINT('',(3.4,0.));
#1115 = ( GEOMETRIC_REPRESENTATION_CONTEXT(2) 
PARAMETRIC_REPRESENTATION_CONTEXT() REPRESENTATION_CONTEXT('2D SPACE',''
  ) );
#1116 = ORIENTED_EDGE('',*,*,#1117,.T.);
#1117 = EDGE_CURVE('',#1092,#1118,#1120,.T.);
#1118 = VERTEX_POINT('',#1119);
#1119 = CARTESIAN_POINT('',(-7.5,-12.5,-0.8));
#1120 = SURFACE_CURVE('',#1121,(#1125,#1131),.PCURVE_S1.);
#1121 = LINE('',#1122,#1123);
#1122 = CARTESIAN_POINT('',(-7.5,-21.,-0.8));
#1123 = VECTOR('',#1124,1.);
#1124 = DIRECTION('',(0.,1.,0.));
#1125 = PCURVE('',#72,#1126);
#1126 = DEFINITIONAL_REPRESENTATION('',(#1127),#1130);
#1127 = B_SPLINE_CURVE_WITH_KNOTS('',1,(#1128,#1129),.UNSPECIFIED.,.F.,
  .F.,(2,2),(0.5,8.5),.PIECEWISE_BEZIER_KNOTS.);
#1128 = CARTESIAN_POINT('',(14.,1.));
#1129 = CARTESIAN_POINT('',(14.,9.));
#1130 = ( GEOMETRIC_REPRESENTATION_CONTEXT(2) 
PARAMETRIC_REPRESENTATION_CONTEXT() REPRESENTATION_CONTEXT('2D SPACE',''
  ) );
#1131 = PCURVE('',#1132,#1137);
#1132 = PLANE('',#1133);
#1133 = AXIS2_PLACEMENT_3D('',#1134,#1135,#1136);
#1134 = CARTESIAN_POINT('',(-7.5,-20.5,-4.2));
#1135 = DIRECTION('',(1.,0.,0.));
#1136 = DIRECTION('',(0.,0.,1.));
#1137 = DEFINITIONAL_REPRESENTATION('',(#1138),#1141);
#1138 = B_SPLINE_CURVE_WITH_KNOTS('',1,(#1139,#1140),.UNSPECIFIED.,.F.,
  .F.,(2,2),(0.5,8.5),.PIECEWISE_BEZIER_KNOTS.);
#1139 = CARTESIAN_POINT('',(3.4,0.));
#1140 = CARTESIAN_POINT('',(3.4,-8.));
#1141 = ( GEOMETRIC_REPRESENTATION_CONTEXT(2) 
PARAMETRIC_REPRESENTATION_CONTEXT() REPRESENTATION_CONTEXT('2D SPACE',''
  ) );
#1142 = ORIENTED_EDGE('',*,*,#1143,.F.);
#1143 = EDGE_CURVE('',#1144,#1118,#1146,.T.);
#1144 = VERTEX_POINT('',#1145);
#1145 = CARTESIAN_POINT('',(7.5,-12.5,-0.8));
#1146 = SURFACE_CURVE('',#1147,(#1151,#1157),.PCURVE_S1.);
#1147 = LINE('',#1148,#1149);
#1148 = CARTESIAN_POINT('',(-14.5,-12.5,-0.8));
#1149 = VECTOR('',#1150,1.);
#1150 = DIRECTION('',(-1.,0.,0.));
#1151 = PCURVE('',#72,#1152);
#1152 = DEFINITIONAL_REPRESENTATION('',(#1153),#1156);
#1153 = B_SPLINE_CURVE_WITH_KNOTS('',1,(#1154,#1155),.UNSPECIFIED.,.F.,
  .F.,(2,2),(-22.,-7.),.PIECEWISE_BEZIER_KNOTS.);
#1154 = CARTESIAN_POINT('',(29.,9.));
#1155 = CARTESIAN_POINT('',(14.,9.));
#1156 = ( GEOMETRIC_REPRESENTATION_CONTEXT(2) 
PARAMETRIC_REPRESENTATION_CONTEXT() REPRESENTATION_CONTEXT('2D SPACE',''
  ) );
#1157 = PCURVE('',#1158,#1163);
#1158 = PLANE('',#1159);
#1159 = AXIS2_PLACEMENT_3D('',#1160,#1161,#1162);
#1160 = CARTESIAN_POINT('',(-7.5,-12.5,-4.2));
#1161 = DIRECTION('',(0.,1.,0.));
#1162 = DIRECTION('',(0.,0.,1.));
#1163 = DEFINITIONAL_REPRESENTATION('',(#1164),#1167);
#1164 = B_SPLINE_CURVE_WITH_KNOTS('',1,(#1165,#1166),.UNSPECIFIED.,.F.,
  .F.,(2,2),(-22.,-7.),.PIECEWISE_BEZIER_KNOTS.);
#1165 = CARTESIAN_POINT('',(3.4,15.));
#1166 = CARTESIAN_POINT('',(3.4,0.));
#1167 = ( GEOMETRIC_REPRESENTATION_CONTEXT(2) 
PARAMETRIC_REPRESENTATION_CONTEXT() REPRESENTATION_CONTEXT('2D SPACE',''
  ) );
#1168 = ORIENTED_EDGE('',*,*,#1169,.F.);
#1169 = EDGE_CURVE('',#1090,#1144,#1170,.T.);
#1170 = SURFACE_CURVE('',#1171,(#1175,#1181),.PCURVE_S1.);
#1171 = LINE('',#1172,#1173);
#1172 = CARTESIAN_POINT('',(7.5,-21.,-0.8));
#1173 = VECTOR('',#1174,1.);
#1174 = DIRECTION('',(0.,1.,0.));
#1175 = PCURVE('',#72,#1176);
#1176 = DEFINITIONAL_REPRESENTATION('',(#1177),#1180);
#1177 = B_SPLINE_CURVE_WITH_KNOTS('',1,(#1178,#1179),.UNSPECIFIED.,.F.,
  .F.,(2,2),(0.5,8.5),.PIECEWISE_BEZIER_KNOTS.);
#1178 = CARTESIAN_POINT('',(29.,1.));
#1179 = CARTESIAN_POINT('',(29.,9.));
#1180 = ( GEOMETRIC_REPRESENTATION_CONTEXT(2) 
PARAMETRIC_REPRESENTATION_CONTEXT() REPRESENTATION_CONTEXT('2D SPACE',''
  ) );
#1181 = PCURVE('',#1182,#1187);
#1182 = PLANE('',#1183);
#1183 = AXIS2_PLACEMENT_3D('',#1184,#1185,#1186);
#1184 = CARTESIAN_POINT('',(7.5,-20.5,-4.2));
#1185 = DIRECTION('',(1.,0.,0.));
#1186 = DIRECTION('',(0.,0.,1.));
#1187 = DEFINITIONAL_REPRESENTATION('',(#1188),#1191);
#1188 = B_SPLINE_CURVE_WITH_KNOTS('',1,(#1189,#1190),.UNSPECIFIED.,.F.,
  .F.,(2,2),(0.5,8.5),.PIECEWISE_BEZIER_KNOTS.);
#1189 = CARTESIAN_POINT('',(3.4,0.));
#1190 = CARTESIAN_POINT('',(3.4,-8.));
#1191 = ( GEOMETRIC_REPRESENTATION_CONTEXT(2) 
PARAMETRIC_REPRESENTATION_CONTEXT() REPRESENTATION_CONTEXT('2D SPACE',''
  ) );
#1192 = FACE_BOUND('',#1193,.F.);
#1193 = EDGE_LOOP('',(#1194,#1217,#1241,#1262,#1288,#1314));
#1194 = ORIENTED_EDGE('',*,*,#1195,.T.);
#1195 = EDGE_CURVE('',#1196,#1198,#1200,.T.);
#1196 = VERTEX_POINT('',#1197);
#1197 = CARTESIAN_POINT('',(20.5,-18.,-0.8));
#1198 = VERTEX_POINT('',#1199);
#1199 = CARTESIAN_POINT('',(20.019868415357,-18.,-0.8));
#1200 = SURFACE_CURVE('',#1201,(#1205,#1211),.PCURVE_S1.);
#1201 = LINE('',#1202,#1203);
#1202 = CARTESIAN_POINT('',(-4.5,-18.,-0.8));
#1203 = VECTOR('',#1204,1.);
#1204 = DIRECTION('',(-1.,0.,0.));
#1205 = PCURVE('',#72,#1206);
#1206 = DEFINITIONAL_REPRESENTATION('',(#1207),#1210);
#1207 = B_SPLINE_CURVE_WITH_KNOTS('',1,(#1208,#1209),.UNSPECIFIED.,.F.,
  .F.,(2,2),(-25.,-17.),.PIECEWISE_BEZIER_KNOTS.);
#1208 = CARTESIAN_POINT('',(42.,3.5));
#1209 = CARTESIAN_POINT('',(34.,3.5));
#1210 = ( GEOMETRIC_REPRESENTATION_CONTEXT(2) 
PARAMETRIC_REPRESENTATION_CONTEXT() REPRESENTATION_CONTEXT('2D SPACE',''
  ) );
#1211 = PCURVE('',#581,#1212);
#1212 = DEFINITIONAL_REPRESENTATION('',(#1213),#1216);
#1213 = B_SPLINE_CURVE_WITH_KNOTS('',1,(#1214,#1215),.UNSPECIFIED.,.F.,
  .F.,(2,2),(-25.,-17.),.PIECEWISE_BEZIER_KNOTS.);
#1214 = CARTESIAN_POINT('',(3.4,8.));
#1215 = CARTESIAN_POINT('',(3.4,0.));
#1216 = ( GEOMETRIC_REPRESENTATION_CONTEXT(2) 
PARAMETRIC_REPRESENTATION_CONTEXT() REPRESENTATION_CONTEXT('2D SPACE',''
  ) );
#1217 = ORIENTED_EDGE('',*,*,#1218,.F.);
#1218 = EDGE_CURVE('',#1219,#1198,#1221,.T.);
#1219 = VERTEX_POINT('',#1220);
#1220 = CARTESIAN_POINT('',(16.980131584643,-18.,-0.8));
#1221 = SURFACE_CURVE('',#1222,(#1227,#1234),.PCURVE_S1.);
#1222 = CIRCLE('',#1223,1.6);
#1223 = AXIS2_PLACEMENT_3D('',#1224,#1225,#1226);
#1224 = CARTESIAN_POINT('',(18.5,-18.5,-0.8));
#1225 = DIRECTION('',(0.,0.,1.));
#1226 = DIRECTION('',(-0.949917759598,0.3125,0.));
#1227 = PCURVE('',#72,#1228);
#1228 = DEFINITIONAL_REPRESENTATION('',(#1229),#1233);
#1229 = CIRCLE('',#1230,1.6);
#1230 = AXIS2_PLACEMENT_2D('',#1231,#1232);
#1231 = CARTESIAN_POINT('',(40.,3.));
#1232 = DIRECTION('',(-0.949917759598,0.3125));
#1233 = ( GEOMETRIC_REPRESENTATION_CONTEXT(2) 
PARAMETRIC_REPRESENTATION_CONTEXT() REPRESENTATION_CONTEXT('2D SPACE',''
  ) );
#1234 = PCURVE('',#554,#1235);
#1235 = DEFINITIONAL_REPRESENTATION('',(#1236),#1240);
#1236 = LINE('',#1237,#1238);
#1237 = CARTESIAN_POINT('',(6.601009011107,1.6));
#1238 = VECTOR('',#1239,1.);
#1239 = DIRECTION('',(-1.,-0.));
#1240 = ( GEOMETRIC_REPRESENTATION_CONTEXT(2) 
PARAMETRIC_REPRESENTATION_CONTEXT() REPRESENTATION_CONTEXT('2D SPACE',''
  ) );
#1241 = ORIENTED_EDGE('',*,*,#1242,.T.);
#1242 = EDGE_CURVE('',#1219,#1243,#1245,.T.);
#1243 = VERTEX_POINT('',#1244);
#1244 = CARTESIAN_POINT('',(12.5,-18.,-0.8));
#1245 = SURFACE_CURVE('',#1246,(#1250,#1256),.PCURVE_S1.);
#1246 = LINE('',#1247,#1248);
#1247 = CARTESIAN_POINT('',(-4.5,-18.,-0.8));
#1248 = VECTOR('',#1249,1.);
#1249 = DIRECTION('',(-1.,0.,0.));
#1250 = PCURVE('',#72,#1251);
#1251 = DEFINITIONAL_REPRESENTATION('',(#1252),#1255);
#1252 = B_SPLINE_CURVE_WITH_KNOTS('',1,(#1253,#1254),.UNSPECIFIED.,.F.,
  .F.,(2,2),(-25.,-17.),.PIECEWISE_BEZIER_KNOTS.);
#1253 = CARTESIAN_POINT('',(42.,3.5));
#1254 = CARTESIAN_POINT('',(34.,3.5));
#1255 = ( GEOMETRIC_REPRESENTATION_CONTEXT(2) 
PARAMETRIC_REPRESENTATION_CONTEXT() REPRESENTATION_CONTEXT('2D SPACE',''
  ) );
#1256 = PCURVE('',#581,#1257);
#1257 = DEFINITIONAL_REPRESENTATION('',(#1258),#1261);
#1258 = B_SPLINE_CURVE_WITH_KNOTS('',1,(#1259,#1260),.UNSPECIFIED.,.F.,
  .F.,(2,2),(-25.,-17.),.PIECEWISE_BEZIER_KNOTS.);
#1259 = CARTESIAN_POINT('',(3.4,8.));
#1260 = CARTESIAN_POINT('',(3.4,0.));
#1261 = ( GEOMETRIC_REPRESENTATION_CONTEXT(2) 
PARAMETRIC_REPRESENTATION_CONTEXT() REPRESENTATION_CONTEXT('2D SPACE',''
  ) );
#1262 = ORIENTED_EDGE('',*,*,#1263,.T.);
#1263 = EDGE_CURVE('',#1243,#1264,#1266,.T.);
#1264 = VERTEX_POINT('',#1265);
#1265 = CARTESIAN_POINT('',(12.5,-6.,-0.8));
#1266 = SURFACE_CURVE('',#1267,(#1271,#1277),.PCURVE_S1.);
#1267 = LINE('',#1268,#1269);
#1268 = CARTESIAN_POINT('',(12.5,-19.75,-0.8));
#1269 = VECTOR('',#1270,1.);
#1270 = DIRECTION('',(0.,1.,0.));
#1271 = PCURVE('',#72,#1272);
#1272 = DEFINITIONAL_REPRESENTATION('',(#1273),#1276);
#1273 = B_SPLINE_CURVE_WITH_KNOTS('',1,(#1274,#1275),.UNSPECIFIED.,.F.,
  .F.,(2,2),(1.75,13.75),.PIECEWISE_BEZIER_KNOTS.);
#1274 = CARTESIAN_POINT('',(34.,3.5));
#1275 = CARTESIAN_POINT('',(34.,15.5));
#1276 = ( GEOMETRIC_REPRESENTATION_CONTEXT(2) 
PARAMETRIC_REPRESENTATION_CONTEXT() REPRESENTATION_CONTEXT('2D SPACE',''
  ) );
#1277 = PCURVE('',#1278,#1283);
#1278 = PLANE('',#1279);
#1279 = AXIS2_PLACEMENT_3D('',#1280,#1281,#1282);
#1280 = CARTESIAN_POINT('',(12.5,-18.,-4.2));
#1281 = DIRECTION('',(1.,0.,0.));
#1282 = DIRECTION('',(0.,0.,1.));
#1283 = DEFINITIONAL_REPRESENTATION('',(#1284),#1287);
#1284 = B_SPLINE_CURVE_WITH_KNOTS('',1,(#1285,#1286),.UNSPECIFIED.,.F.,
  .F.,(2,2),(1.75,13.75),.PIECEWISE_BEZIER_KNOTS.);
#1285 = CARTESIAN_POINT('',(3.4,0.));
#1286 = CARTESIAN_POINT('',(3.4,-12.));
#1287 = ( GEOMETRIC_REPRESENTATION_CONTEXT(2) 
PARAMETRIC_REPRESENTATION_CONTEXT() REPRESENTATION_CONTEXT('2D SPACE',''
  ) );
#1288 = ORIENTED_EDGE('',*,*,#1289,.F.);
#1289 = EDGE_CURVE('',#1290,#1264,#1292,.T.);
#1290 = VERTEX_POINT('',#1291);
#1291 = CARTESIAN_POINT('',(20.5,-6.,-0.8));
#1292 = SURFACE_CURVE('',#1293,(#1297,#1303),.PCURVE_S1.);
#1293 = LINE('',#1294,#1295);
#1294 = CARTESIAN_POINT('',(-4.5,-6.,-0.8));
#1295 = VECTOR('',#1296,1.);
#1296 = DIRECTION('',(-1.,0.,0.));
#1297 = PCURVE('',#72,#1298);
#1298 = DEFINITIONAL_REPRESENTATION('',(#1299),#1302);
#1299 = B_SPLINE_CURVE_WITH_KNOTS('',1,(#1300,#1301),.UNSPECIFIED.,.F.,
  .F.,(2,2),(-25.,-17.),.PIECEWISE_BEZIER_KNOTS.);
#1300 = CARTESIAN_POINT('',(42.,15.5));
#1301 = CARTESIAN_POINT('',(34.,15.5));
#1302 = ( GEOMETRIC_REPRESENTATION_CONTEXT(2) 
PARAMETRIC_REPRESENTATION_CONTEXT() REPRESENTATION_CONTEXT('2D SPACE',''
  ) );
#1303 = PCURVE('',#1304,#1309);
#1304 = PLANE('',#1305);
#1305 = AXIS2_PLACEMENT_3D('',#1306,#1307,#1308);
#1306 = CARTESIAN_POINT('',(12.5,-6.,-4.2));
#1307 = DIRECTION('',(0.,1.,0.));
#1308 = DIRECTION('',(0.,0.,1.));
#1309 = DEFINITIONAL_REPRESENTATION('',(#1310),#1313);
#1310 = B_SPLINE_CURVE_WITH_KNOTS('',1,(#1311,#1312),.UNSPECIFIED.,.F.,
  .F.,(2,2),(-25.,-17.),.PIECEWISE_BEZIER_KNOTS.);
#1311 = CARTESIAN_POINT('',(3.4,8.));
#1312 = CARTESIAN_POINT('',(3.4,0.));
#1313 = ( GEOMETRIC_REPRESENTATION_CONTEXT(2) 
PARAMETRIC_REPRESENTATION_CONTEXT() REPRESENTATION_CONTEXT('2D SPACE',''
  ) );
#1314 = ORIENTED_EDGE('',*,*,#1315,.F.);
#1315 = EDGE_CURVE('',#1196,#1290,#1316,.T.);
#1316 = SURFACE_CURVE('',#1317,(#1321,#1327),.PCURVE_S1.);
#1317 = LINE('',#1318,#1319);
#1318 = CARTESIAN_POINT('',(20.5,-19.75,-0.8));
#1319 = VECTOR('',#1320,1.);
#1320 = DIRECTION('',(0.,1.,0.));
#1321 = PCURVE('',#72,#1322);
#1322 = DEFINITIONAL_REPRESENTATION('',(#1323),#1326);
#1323 = B_SPLINE_CURVE_WITH_KNOTS('',1,(#1324,#1325),.UNSPECIFIED.,.F.,
  .F.,(2,2),(1.75,13.75),.PIECEWISE_BEZIER_KNOTS.);
#1324 = CARTESIAN_POINT('',(42.,3.5));
#1325 = CARTESIAN_POINT('',(42.,15.5));
#1326 = ( GEOMETRIC_REPRESENTATION_CONTEXT(2) 
PARAMETRIC_REPRESENTATION_CONTEXT() REPRESENTATION_CONTEXT('2D SPACE',''
  ) );
#1327 = PCURVE('',#1328,#1333);
#1328 = PLANE('',#1329);
#1329 = AXIS2_PLACEMENT_3D('',#1330,#1331,#1332);
#1330 = CARTESIAN_POINT('',(20.5,-18.,-4.2));
#1331 = DIRECTION('',(1.,0.,0.));
#1332 = DIRECTION('',(0.,0.,1.));
#1333 = DEFINITIONAL_REPRESENTATION('',(#1334),#1337);
#1334 = B_SPLINE_CURVE_WITH_KNOTS('',1,(#1335,#1336),.UNSPECIFIED.,.F.,
  .F.,(2,2),(1.75,13.75),.PIECEWISE_BEZIER_KNOTS.);
#1335 = CARTESIAN_POINT('',(3.4,0.));
#1336 = CARTESIAN_POINT('',(3.4,-12.));
#1337 = ( GEOMETRIC_REPRESENTATION_CONTEXT(2) 
PARAMETRIC_REPRESENTATION_CONTEXT() REPRESENTATION_CONTEXT('2D SPACE',''
  ) );
#1338 = FACE_BOUND('',#1339,.F.);
#1339 = EDGE_LOOP('',(#1340));
#1340 = ORIENTED_EDGE('',*,*,#1341,.T.);
#1341 = EDGE_CURVE('',#1342,#1342,#1344,.T.);
#1342 = VERTEX_POINT('',#1343);
#1343 = CARTESIAN_POINT('',(-20.1,18.5,-0.8));
#1344 = SURFACE_CURVE('',#1345,(#1350,#1361),.PCURVE_S1.);
#1345 = CIRCLE('',#1346,1.6);
#1346 = AXIS2_PLACEMENT_3D('',#1347,#1348,#1349);
#1347 = CARTESIAN_POINT('',(-18.5,18.5,-0.8));
#1348 = DIRECTION('',(0.,0.,-1.));
#1349 = DIRECTION('',(-1.,0.,0.));
#1350 = PCURVE('',#72,#1351);
#1351 = DEFINITIONAL_REPRESENTATION('',(#1352),#1360);
#1352 = ( BOUNDED_CURVE() B_SPLINE_CURVE(2,(#1353,#1354,#1355,#1356,
#1357,#1358,#1359),.UNSPECIFIED.,.T.,.F.) B_SPLINE_CURVE_WITH_KNOTS((1,2
    ,2,2,2,1),(-2.094395102393,0.,2.094395102393,4.188790204786,
6.28318530718,8.377580409573),.UNSPECIFIED.) CURVE() 
GEOMETRIC_REPRESENTATION_ITEM() RATIONAL_B_SPLINE_CURVE((1.,0.5,1.,0.5,
1.,0.5,1.)) REPRESENTATION_ITEM('') );
#1353 = CARTESIAN_POINT('',(1.4,40.));
#1354 = CARTESIAN_POINT('',(1.4,42.77128129211));
#1355 = CARTESIAN_POINT('',(3.8,41.385640646055));
#1356 = CARTESIAN_POINT('',(6.2,40.));
#1357 = CARTESIAN_POINT('',(3.8,38.614359353945));
#1358 = CARTESIAN_POINT('',(1.4,37.22871870789));
#1359 = CARTESIAN_POINT('',(1.4,40.));
#1360 = ( GEOMETRIC_REPRESENTATION_CONTEXT(2) 
PARAMETRIC_REPRESENTATION_CONTEXT() REPRESENTATION_CONTEXT('2D SPACE',''
  ) );
#1361 = PCURVE('',#712,#1362);
#1362 = DEFINITIONAL_REPRESENTATION('',(#1363),#1367);
#1363 = LINE('',#1364,#1365);
#1364 = CARTESIAN_POINT('',(0.,1.6));
#1365 = VECTOR('',#1366,1.);
#1366 = DIRECTION('',(1.,0.));
#1367 = ( GEOMETRIC_REPRESENTATION_CONTEXT(2) 
PARAMETRIC_REPRESENTATION_CONTEXT() REPRESENTATION_CONTEXT('2D SPACE',''
  ) );
#1368 = FACE_BOUND('',#1369,.F.);
#1369 = EDGE_LOOP('',(#1370,#1398,#1424,#1450));
#1370 = ORIENTED_EDGE('',*,*,#1371,.T.);
#1371 = EDGE_CURVE('',#1372,#1374,#1376,.T.);
#1372 = VERTEX_POINT('',#1373);
#1373 = CARTESIAN_POINT('',(12.5,-3.,-0.8));
#1374 = VERTEX_POINT('',#1375);
#1375 = CARTESIAN_POINT('',(-12.5,-3.,-0.8));
#1376 = SURFACE_CURVE('',#1377,(#1381,#1387),.PCURVE_S1.);
#1377 = LINE('',#1378,#1379);
#1378 = CARTESIAN_POINT('',(-17.,-3.,-0.8));
#1379 = VECTOR('',#1380,1.);
#1380 = DIRECTION('',(-1.,0.,0.));
#1381 = PCURVE('',#72,#1382);
#1382 = DEFINITIONAL_REPRESENTATION('',(#1383),#1386);
#1383 = B_SPLINE_CURVE_WITH_KNOTS('',1,(#1384,#1385),.UNSPECIFIED.,.F.,
  .F.,(2,2),(-29.5,-4.5),.PIECEWISE_BEZIER_KNOTS.);
#1384 = CARTESIAN_POINT('',(34.,18.5));
#1385 = CARTESIAN_POINT('',(9.,18.5));
#1386 = ( GEOMETRIC_REPRESENTATION_CONTEXT(2) 
PARAMETRIC_REPRESENTATION_CONTEXT() REPRESENTATION_CONTEXT('2D SPACE',''
  ) );
#1387 = PCURVE('',#1388,#1393);
#1388 = PLANE('',#1389);
#1389 = AXIS2_PLACEMENT_3D('',#1390,#1391,#1392);
#1390 = CARTESIAN_POINT('',(-12.5,-3.,-11.7));
#1391 = DIRECTION('',(0.,1.,0.));
#1392 = DIRECTION('',(0.,0.,1.));
#1393 = DEFINITIONAL_REPRESENTATION('',(#1394),#1397);
#1394 = B_SPLINE_CURVE_WITH_KNOTS('',1,(#1395,#1396),.UNSPECIFIED.,.F.,
  .F.,(2,2),(-29.5,-4.5),.PIECEWISE_BEZIER_KNOTS.);
#1395 = CARTESIAN_POINT('',(10.9,25.));
#1396 = CARTESIAN_POINT('',(10.9,0.));
#1397 = ( GEOMETRIC_REPRESENTATION_CONTEXT(2) 
PARAMETRIC_REPRESENTATION_CONTEXT() REPRESENTATION_CONTEXT('2D SPACE',''
  ) );
#1398 = ORIENTED_EDGE('',*,*,#1399,.T.);
#1399 = EDGE_CURVE('',#1374,#1400,#1402,.T.);
#1400 = VERTEX_POINT('',#1401);
#1401 = CARTESIAN_POINT('',(-12.5,13.,-0.8));
#1402 = SURFACE_CURVE('',#1403,(#1407,#1413),.PCURVE_S1.);
#1403 = LINE('',#1404,#1405);
#1404 = CARTESIAN_POINT('',(-12.5,-12.25,-0.8));
#1405 = VECTOR('',#1406,1.);
#1406 = DIRECTION('',(0.,1.,0.));
#1407 = PCURVE('',#72,#1408);
#1408 = DEFINITIONAL_REPRESENTATION('',(#1409),#1412);
#1409 = B_SPLINE_CURVE_WITH_KNOTS('',1,(#1410,#1411),.UNSPECIFIED.,.F.,
  .F.,(2,2),(9.25,25.25),.PIECEWISE_BEZIER_KNOTS.);
#1410 = CARTESIAN_POINT('',(9.,18.5));
#1411 = CARTESIAN_POINT('',(9.,34.5));
#1412 = ( GEOMETRIC_REPRESENTATION_CONTEXT(2) 
PARAMETRIC_REPRESENTATION_CONTEXT() REPRESENTATION_CONTEXT('2D SPACE',''
  ) );
#1413 = PCURVE('',#1414,#1419);
#1414 = PLANE('',#1415);
#1415 = AXIS2_PLACEMENT_3D('',#1416,#1417,#1418);
#1416 = CARTESIAN_POINT('',(-12.5,-3.,-11.7));
#1417 = DIRECTION('',(1.,0.,0.));
#1418 = DIRECTION('',(0.,0.,1.));
#1419 = DEFINITIONAL_REPRESENTATION('',(#1420),#1423);
#1420 = B_SPLINE_CURVE_WITH_KNOTS('',1,(#1421,#1422),.UNSPECIFIED.,.F.,
  .F.,(2,2),(9.25,25.25),.PIECEWISE_BEZIER_KNOTS.);
#1421 = CARTESIAN_POINT('',(10.9,0.));
#1422 = CARTESIAN_POINT('',(10.9,-16.));
#1423 = ( GEOMETRIC_REPRESENTATION_CONTEXT(2) 
PARAMETRIC_REPRESENTATION_CONTEXT() REPRESENTATION_CONTEXT('2D SPACE',''
  ) );
#1424 = ORIENTED_EDGE('',*,*,#1425,.F.);
#1425 = EDGE_CURVE('',#1426,#1400,#1428,.T.);
#1426 = VERTEX_POINT('',#1427);
#1427 = CARTESIAN_POINT('',(12.5,13.,-0.8));
#1428 = SURFACE_CURVE('',#1429,(#1433,#1439),.PCURVE_S1.);
#1429 = LINE('',#1430,#1431);
#1430 = CARTESIAN_POINT('',(-17.,13.,-0.8));
#1431 = VECTOR('',#1432,1.);
#1432 = DIRECTION('',(-1.,0.,0.));
#1433 = PCURVE('',#72,#1434);
#1434 = DEFINITIONAL_REPRESENTATION('',(#1435),#1438);
#1435 = B_SPLINE_CURVE_WITH_KNOTS('',1,(#1436,#1437),.UNSPECIFIED.,.F.,
  .F.,(2,2),(-29.5,-4.5),.PIECEWISE_BEZIER_KNOTS.);
#1436 = CARTESIAN_POINT('',(34.,34.5));
#1437 = CARTESIAN_POINT('',(9.,34.5));
#1438 = ( GEOMETRIC_REPRESENTATION_CONTEXT(2) 
PARAMETRIC_REPRESENTATION_CONTEXT() REPRESENTATION_CONTEXT('2D SPACE',''
  ) );
#1439 = PCURVE('',#1440,#1445);
#1440 = PLANE('',#1441);
#1441 = AXIS2_PLACEMENT_3D('',#1442,#1443,#1444);
#1442 = CARTESIAN_POINT('',(-12.5,13.,-11.7));
#1443 = DIRECTION('',(0.,1.,0.));
#1444 = DIRECTION('',(0.,0.,1.));
#1445 = DEFINITIONAL_REPRESENTATION('',(#1446),#1449);
#1446 = B_SPLINE_CURVE_WITH_KNOTS('',1,(#1447,#1448),.UNSPECIFIED.,.F.,
  .F.,(2,2),(-29.5,-4.5),.PIECEWISE_BEZIER_KNOTS.);
#1447 = CARTESIAN_POINT('',(10.9,25.));
#1448 = CARTESIAN_POINT('',(10.9,0.));
#1449 = ( GEOMETRIC_REPRESENTATION_CONTEXT(2) 
PARAMETRIC_REPRESENTATION_CONTEXT() REPRESENTATION_CONTEXT('2D SPACE',''
  ) );
#1450 = ORIENTED_EDGE('',*,*,#1451,.F.);
#1451 = EDGE_CURVE('',#1372,#1426,#1452,.T.);
#1452 = SURFACE_CURVE('',#1453,(#1457,#1463),.PCURVE_S1.);
#1453 = LINE('',#1454,#1455);
#1454 = CARTESIAN_POINT('',(12.5,-12.25,-0.8));
#1455 = VECTOR('',#1456,1.);
#1456 = DIRECTION('',(0.,1.,0.));
#1457 = PCURVE('',#72,#1458);
#1458 = DEFINITIONAL_REPRESENTATION('',(#1459),#1462);
#1459 = B_SPLINE_CURVE_WITH_KNOTS('',1,(#1460,#1461),.UNSPECIFIED.,.F.,
  .F.,(2,2),(9.25,25.25),.PIECEWISE_BEZIER_KNOTS.);
#1460 = CARTESIAN_POINT('',(34.,18.5));
#1461 = CARTESIAN_POINT('',(34.,34.5));
#1462 = ( GEOMETRIC_REPRESENTATION_CONTEXT(2) 
PARAMETRIC_REPRESENTATION_CONTEXT() REPRESENTATION_CONTEXT('2D SPACE',''
  ) );
#1463 = PCURVE('',#1464,#1469);
#1464 = PLANE('',#1465);
#1465 = AXIS2_PLACEMENT_3D('',#1466,#1467,#1468);
#1466 = CARTESIAN_POINT('',(12.5,-3.,-11.7));
#1467 = DIRECTION('',(1.,0.,0.));
#1468 = DIRECTION('',(0.,0.,1.));
#1469 = DEFINITIONAL_REPRESENTATION('',(#1470),#1473);
#1470 = B_SPLINE_CURVE_WITH_KNOTS('',1,(#1471,#1472),.UNSPECIFIED.,.F.,
  .F.,(2,2),(9.25,25.25),.PIECEWISE_BEZIER_KNOTS.);
#1471 = CARTESIAN_POINT('',(10.9,0.));
#1472 = CARTESIAN_POINT('',(10.9,-16.));
#1473 = ( GEOMETRIC_REPRESENTATION_CONTEXT(2) 
PARAMETRIC_REPRESENTATION_CONTEXT() REPRESENTATION_CONTEXT('2D SPACE',''
  ) );
#1474 = FACE_BOUND('',#1475,.F.);
#1475 = EDGE_LOOP('',(#1476));
#1476 = ORIENTED_EDGE('',*,*,#1477,.T.);
#1477 = EDGE_CURVE('',#1478,#1478,#1480,.T.);
#1478 = VERTEX_POINT('',#1479);
#1479 = CARTESIAN_POINT('',(16.9,18.5,-0.8));
#1480 = SURFACE_CURVE('',#1481,(#1486,#1497),.PCURVE_S1.);
#1481 = CIRCLE('',#1482,1.6);
#1482 = AXIS2_PLACEMENT_3D('',#1483,#1484,#1485);
#1483 = CARTESIAN_POINT('',(18.5,18.5,-0.8));
#1484 = DIRECTION('',(0.,0.,-1.));
#1485 = DIRECTION('',(-1.,0.,0.));
#1486 = PCURVE('',#72,#1487);
#1487 = DEFINITIONAL_REPRESENTATION('',(#1488),#1496);
#1488 = ( BOUNDED_CURVE() B_SPLINE_CURVE(2,(#1489,#1490,#1491,#1492,
#1493,#1494,#1495),.UNSPECIFIED.,.T.,.F.) B_SPLINE_CURVE_WITH_KNOTS((1,2
    ,2,2,2,1),(-2.094395102393,0.,2.094395102393,4.188790204786,
6.28318530718,8.377580409573),.UNSPECIFIED.) CURVE() 
GEOMETRIC_REPRESENTATION_ITEM() RATIONAL_B_SPLINE_CURVE((1.,0.5,1.,0.5,
1.,0.5,1.)) REPRESENTATION_ITEM('') );
#1489 = CARTESIAN_POINT('',(38.4,40.));
#1490 = CARTESIAN_POINT('',(38.4,42.77128129211));
#1491 = CARTESIAN_POINT('',(40.8,41.385640646055));
#1492 = CARTESIAN_POINT('',(43.2,40.));
#1493 = CARTESIAN_POINT('',(40.8,38.614359353945));
#1494 = CARTESIAN_POINT('',(38.4,37.22871870789));
#1495 = CARTESIAN_POINT('',(38.4,40.));
#1496 = ( GEOMETRIC_REPRESENTATION_CONTEXT(2) 
PARAMETRIC_REPRESENTATION_CONTEXT() REPRESENTATION_CONTEXT('2D SPACE',''
  ) );
#1497 = PCURVE('',#853,#1498);
#1498 = DEFINITIONAL_REPRESENTATION('',(#1499),#1503);
#1499 = LINE('',#1500,#1501);
#1500 = CARTESIAN_POINT('',(0.,1.6));
#1501 = VECTOR('',#1502,1.);
#1502 = DIRECTION('',(1.,0.));
#1503 = ( GEOMETRIC_REPRESENTATION_CONTEXT(2) 
PARAMETRIC_REPRESENTATION_CONTEXT() REPRESENTATION_CONTEXT('2D SPACE',''
  ) );
#1504 = ADVANCED_FACE('',(#1505),#202,.T.);
#1505 = FACE_BOUND('',#1506,.T.);
#1506 = EDGE_LOOP('',(#1507,#1508,#1509,#1510));
#1507 = ORIENTED_EDGE('',*,*,#188,.F.);
#1508 = ORIENTED_EDGE('',*,*,#919,.T.);
#1509 = ORIENTED_EDGE('',*,*,#893,.T.);
#1510 = ORIENTED_EDGE('',*,*,#219,.F.);
#1511 = ADVANCED_FACE('',(#1512),#288,.F.);
#1512 = FACE_BOUND('',#1513,.F.);
#1513 = EDGE_LOOP('',(#1514,#1515,#1534,#1535));
#1514 = ORIENTED_EDGE('',*,*,#265,.T.);
#1515 = ORIENTED_EDGE('',*,*,#1516,.T.);
#1516 = EDGE_CURVE('',#268,#967,#1517,.T.);
#1517 = SURFACE_CURVE('',#1518,(#1522,#1528),.PCURVE_S1.);
#1518 = LINE('',#1519,#1520);
#1519 = CARTESIAN_POINT('',(-20.01986841535,-18.,0.8));
#1520 = VECTOR('',#1521,1.);
#1521 = DIRECTION('',(0.,0.,-1.));
#1522 = PCURVE('',#288,#1523);
#1523 = DEFINITIONAL_REPRESENTATION('',(#1524),#1527);
#1524 = B_SPLINE_CURVE_WITH_KNOTS('',1,(#1525,#1526),.UNSPECIFIED.,.F.,
  .F.,(2,2),(0.,1.6),.PIECEWISE_BEZIER_KNOTS.);
#1525 = CARTESIAN_POINT('',(6.601009011107,0.));
#1526 = CARTESIAN_POINT('',(6.601009011107,1.6));
#1527 = ( GEOMETRIC_REPRESENTATION_CONTEXT(2) 
PARAMETRIC_REPRESENTATION_CONTEXT() REPRESENTATION_CONTEXT('2D SPACE',''
  ) );
#1528 = PCURVE('',#315,#1529);
#1529 = DEFINITIONAL_REPRESENTATION('',(#1530),#1533);
#1530 = B_SPLINE_CURVE_WITH_KNOTS('',1,(#1531,#1532),.UNSPECIFIED.,.F.,
  .F.,(2,2),(-6.000000000173E-07,1.6000006),.PIECEWISE_BEZIER_KNOTS.);
#1531 = CARTESIAN_POINT('',(5.0000006,0.480131584643));
#1532 = CARTESIAN_POINT('',(3.3999994,0.480131584643));
#1533 = ( GEOMETRIC_REPRESENTATION_CONTEXT(2) 
PARAMETRIC_REPRESENTATION_CONTEXT() REPRESENTATION_CONTEXT('2D SPACE',''
  ) );
#1534 = ORIENTED_EDGE('',*,*,#966,.T.);
#1535 = ORIENTED_EDGE('',*,*,#1536,.F.);
#1536 = EDGE_CURVE('',#266,#946,#1537,.T.);
#1537 = SURFACE_CURVE('',#1538,(#1542,#1548),.PCURVE_S1.);
#1538 = LINE('',#1539,#1540);
#1539 = CARTESIAN_POINT('',(-16.98013158464,-18.,0.8));
#1540 = VECTOR('',#1541,1.);
#1541 = DIRECTION('',(0.,0.,-1.));
#1542 = PCURVE('',#288,#1543);
#1543 = DEFINITIONAL_REPRESENTATION('',(#1544),#1547);
#1544 = B_SPLINE_CURVE_WITH_KNOTS('',1,(#1545,#1546),.UNSPECIFIED.,.F.,
  .F.,(2,2),(0.,1.6),.PIECEWISE_BEZIER_KNOTS.);
#1545 = CARTESIAN_POINT('',(2.823768949662,0.));
#1546 = CARTESIAN_POINT('',(2.823768949662,1.6));
#1547 = ( GEOMETRIC_REPRESENTATION_CONTEXT(2) 
PARAMETRIC_REPRESENTATION_CONTEXT() REPRESENTATION_CONTEXT('2D SPACE',''
  ) );
#1548 = PCURVE('',#315,#1549);
#1549 = DEFINITIONAL_REPRESENTATION('',(#1550),#1553);
#1550 = B_SPLINE_CURVE_WITH_KNOTS('',1,(#1551,#1552),.UNSPECIFIED.,.F.,
  .F.,(2,2),(-6.000000000173E-07,1.6000006),.PIECEWISE_BEZIER_KNOTS.);
#1551 = CARTESIAN_POINT('',(5.0000006,3.519868415357));
#1552 = CARTESIAN_POINT('',(3.3999994,3.519868415357));
#1553 = ( GEOMETRIC_REPRESENTATION_CONTEXT(2) 
PARAMETRIC_REPRESENTATION_CONTEXT() REPRESENTATION_CONTEXT('2D SPACE',''
  ) );
#1554 = ADVANCED_FACE('',(#1555),#315,.F.);
#1555 = FACE_BOUND('',#1556,.F.);
#1556 = EDGE_LOOP('',(#1557,#1580,#1608,#1629,#1630,#1631,#1632,#1655,
    #1683,#1704,#1705,#1706));
#1557 = ORIENTED_EDGE('',*,*,#1558,.F.);
#1558 = EDGE_CURVE('',#1559,#944,#1561,.T.);
#1559 = VERTEX_POINT('',#1560);
#1560 = CARTESIAN_POINT('',(-12.5,-18.,-4.2));
#1561 = SURFACE_CURVE('',#1562,(#1566,#1573),.PCURVE_S1.);
#1562 = LINE('',#1563,#1564);
#1563 = CARTESIAN_POINT('',(-12.5,-18.,-4.2));
#1564 = VECTOR('',#1565,1.);
#1565 = DIRECTION('',(0.,0.,1.));
#1566 = PCURVE('',#315,#1567);
#1567 = DEFINITIONAL_REPRESENTATION('',(#1568),#1572);
#1568 = LINE('',#1569,#1570);
#1569 = CARTESIAN_POINT('',(0.,8.));
#1570 = VECTOR('',#1571,1.);
#1571 = DIRECTION('',(1.,0.));
#1572 = ( GEOMETRIC_REPRESENTATION_CONTEXT(2) 
PARAMETRIC_REPRESENTATION_CONTEXT() REPRESENTATION_CONTEXT('2D SPACE',''
  ) );
#1573 = PCURVE('',#1076,#1574);
#1574 = DEFINITIONAL_REPRESENTATION('',(#1575),#1579);
#1575 = LINE('',#1576,#1577);
#1576 = CARTESIAN_POINT('',(0.,0.));
#1577 = VECTOR('',#1578,1.);
#1578 = DIRECTION('',(1.,0.));
#1579 = ( GEOMETRIC_REPRESENTATION_CONTEXT(2) 
PARAMETRIC_REPRESENTATION_CONTEXT() REPRESENTATION_CONTEXT('2D SPACE',''
  ) );
#1580 = ORIENTED_EDGE('',*,*,#1581,.F.);
#1581 = EDGE_CURVE('',#1582,#1559,#1584,.T.);
#1582 = VERTEX_POINT('',#1583);
#1583 = CARTESIAN_POINT('',(-20.5,-18.,-4.2));
#1584 = SURFACE_CURVE('',#1585,(#1589,#1596),.PCURVE_S1.);
#1585 = LINE('',#1586,#1587);
#1586 = CARTESIAN_POINT('',(-20.5,-18.,-4.2));
#1587 = VECTOR('',#1588,1.);
#1588 = DIRECTION('',(1.,0.,0.));
#1589 = PCURVE('',#315,#1590);
#1590 = DEFINITIONAL_REPRESENTATION('',(#1591),#1595);
#1591 = LINE('',#1592,#1593);
#1592 = CARTESIAN_POINT('',(0.,0.));
#1593 = VECTOR('',#1594,1.);
#1594 = DIRECTION('',(0.,1.));
#1595 = ( GEOMETRIC_REPRESENTATION_CONTEXT(2) 
PARAMETRIC_REPRESENTATION_CONTEXT() REPRESENTATION_CONTEXT('2D SPACE',''
  ) );
#1596 = PCURVE('',#1597,#1602);
#1597 = PLANE('',#1598);
#1598 = AXIS2_PLACEMENT_3D('',#1599,#1600,#1601);
#1599 = CARTESIAN_POINT('',(-20.5,-18.,-4.2));
#1600 = DIRECTION('',(0.,0.,1.));
#1601 = DIRECTION('',(1.,0.,0.));
#1602 = DEFINITIONAL_REPRESENTATION('',(#1603),#1607);
#1603 = LINE('',#1604,#1605);
#1604 = CARTESIAN_POINT('',(0.,0.));
#1605 = VECTOR('',#1606,1.);
#1606 = DIRECTION('',(1.,0.));
#1607 = ( GEOMETRIC_REPRESENTATION_CONTEXT(2) 
PARAMETRIC_REPRESENTATION_CONTEXT() REPRESENTATION_CONTEXT('2D SPACE',''
  ) );
#1608 = ORIENTED_EDGE('',*,*,#1609,.T.);
#1609 = EDGE_CURVE('',#1582,#991,#1610,.T.);
#1610 = SURFACE_CURVE('',#1611,(#1615,#1622),.PCURVE_S1.);
#1611 = LINE('',#1612,#1613);
#1612 = CARTESIAN_POINT('',(-20.5,-18.,-4.2));
#1613 = VECTOR('',#1614,1.);
#1614 = DIRECTION('',(0.,0.,1.));
#1615 = PCURVE('',#315,#1616);
#1616 = DEFINITIONAL_REPRESENTATION('',(#1617),#1621);
#1617 = LINE('',#1618,#1619);
#1618 = CARTESIAN_POINT('',(0.,0.));
#1619 = VECTOR('',#1620,1.);
#1620 = DIRECTION('',(1.,0.));
#1621 = ( GEOMETRIC_REPRESENTATION_CONTEXT(2) 
PARAMETRIC_REPRESENTATION_CONTEXT() REPRESENTATION_CONTEXT('2D SPACE',''
  ) );
#1622 = PCURVE('',#1026,#1623);
#1623 = DEFINITIONAL_REPRESENTATION('',(#1624),#1628);
#1624 = LINE('',#1625,#1626);
#1625 = CARTESIAN_POINT('',(0.,0.));
#1626 = VECTOR('',#1627,1.);
#1627 = DIRECTION('',(1.,0.));
#1628 = ( GEOMETRIC_REPRESENTATION_CONTEXT(2) 
PARAMETRIC_REPRESENTATION_CONTEXT() REPRESENTATION_CONTEXT('2D SPACE',''
  ) );
#1629 = ORIENTED_EDGE('',*,*,#990,.F.);
#1630 = ORIENTED_EDGE('',*,*,#1516,.F.);
#1631 = ORIENTED_EDGE('',*,*,#300,.T.);
#1632 = ORIENTED_EDGE('',*,*,#1633,.T.);
#1633 = EDGE_CURVE('',#301,#1634,#1636,.T.);
#1634 = VERTEX_POINT('',#1635);
#1635 = CARTESIAN_POINT('',(-20.5,-18.,5.8));
#1636 = SURFACE_CURVE('',#1637,(#1641,#1648),.PCURVE_S1.);
#1637 = LINE('',#1638,#1639);
#1638 = CARTESIAN_POINT('',(-20.5,-18.,-4.2));
#1639 = VECTOR('',#1640,1.);
#1640 = DIRECTION('',(0.,0.,1.));
#1641 = PCURVE('',#315,#1642);
#1642 = DEFINITIONAL_REPRESENTATION('',(#1643),#1647);
#1643 = LINE('',#1644,#1645);
#1644 = CARTESIAN_POINT('',(0.,0.));
#1645 = VECTOR('',#1646,1.);
#1646 = DIRECTION('',(1.,0.));
#1647 = ( GEOMETRIC_REPRESENTATION_CONTEXT(2) 
PARAMETRIC_REPRESENTATION_CONTEXT() REPRESENTATION_CONTEXT('2D SPACE',''
  ) );
#1648 = PCURVE('',#341,#1649);
#1649 = DEFINITIONAL_REPRESENTATION('',(#1650),#1654);
#1650 = LINE('',#1651,#1652);
#1651 = CARTESIAN_POINT('',(0.,0.));
#1652 = VECTOR('',#1653,1.);
#1653 = DIRECTION('',(1.,0.));
#1654 = ( GEOMETRIC_REPRESENTATION_CONTEXT(2) 
PARAMETRIC_REPRESENTATION_CONTEXT() REPRESENTATION_CONTEXT('2D SPACE',''
  ) );
#1655 = ORIENTED_EDGE('',*,*,#1656,.T.);
#1656 = EDGE_CURVE('',#1634,#1657,#1659,.T.);
#1657 = VERTEX_POINT('',#1658);
#1658 = CARTESIAN_POINT('',(-12.5,-18.,5.8));
#1659 = SURFACE_CURVE('',#1660,(#1664,#1671),.PCURVE_S1.);
#1660 = LINE('',#1661,#1662);
#1661 = CARTESIAN_POINT('',(-20.5,-18.,5.8));
#1662 = VECTOR('',#1663,1.);
#1663 = DIRECTION('',(1.,0.,0.));
#1664 = PCURVE('',#315,#1665);
#1665 = DEFINITIONAL_REPRESENTATION('',(#1666),#1670);
#1666 = LINE('',#1667,#1668);
#1667 = CARTESIAN_POINT('',(10.,0.));
#1668 = VECTOR('',#1669,1.);
#1669 = DIRECTION('',(0.,1.));
#1670 = ( GEOMETRIC_REPRESENTATION_CONTEXT(2) 
PARAMETRIC_REPRESENTATION_CONTEXT() REPRESENTATION_CONTEXT('2D SPACE',''
  ) );
#1671 = PCURVE('',#1672,#1677);
#1672 = PLANE('',#1673);
#1673 = AXIS2_PLACEMENT_3D('',#1674,#1675,#1676);
#1674 = CARTESIAN_POINT('',(-20.5,-18.,5.8));
#1675 = DIRECTION('',(0.,0.,1.));
#1676 = DIRECTION('',(1.,0.,0.));
#1677 = DEFINITIONAL_REPRESENTATION('',(#1678),#1682);
#1678 = LINE('',#1679,#1680);
#1679 = CARTESIAN_POINT('',(0.,0.));
#1680 = VECTOR('',#1681,1.);
#1681 = DIRECTION('',(1.,0.));
#1682 = ( GEOMETRIC_REPRESENTATION_CONTEXT(2) 
PARAMETRIC_REPRESENTATION_CONTEXT() REPRESENTATION_CONTEXT('2D SPACE',''
  ) );
#1683 = ORIENTED_EDGE('',*,*,#1684,.F.);
#1684 = EDGE_CURVE('',#379,#1657,#1685,.T.);
#1685 = SURFACE_CURVE('',#1686,(#1690,#1697),.PCURVE_S1.);
#1686 = LINE('',#1687,#1688);
#1687 = CARTESIAN_POINT('',(-12.5,-18.,-4.2));
#1688 = VECTOR('',#1689,1.);
#1689 = DIRECTION('',(0.,0.,1.));
#1690 = PCURVE('',#315,#1691);
#1691 = DEFINITIONAL_REPRESENTATION('',(#1692),#1696);
#1692 = LINE('',#1693,#1694);
#1693 = CARTESIAN_POINT('',(0.,8.));
#1694 = VECTOR('',#1695,1.);
#1695 = DIRECTION('',(1.,0.));
#1696 = ( GEOMETRIC_REPRESENTATION_CONTEXT(2) 
PARAMETRIC_REPRESENTATION_CONTEXT() REPRESENTATION_CONTEXT('2D SPACE',''
  ) );
#1697 = PCURVE('',#393,#1698);
#1698 = DEFINITIONAL_REPRESENTATION('',(#1699),#1703);
#1699 = LINE('',#1700,#1701);
#1700 = CARTESIAN_POINT('',(0.,0.));
#1701 = VECTOR('',#1702,1.);
#1702 = DIRECTION('',(1.,0.));
#1703 = ( GEOMETRIC_REPRESENTATION_CONTEXT(2) 
PARAMETRIC_REPRESENTATION_CONTEXT() REPRESENTATION_CONTEXT('2D SPACE',''
  ) );
#1704 = ORIENTED_EDGE('',*,*,#404,.T.);
#1705 = ORIENTED_EDGE('',*,*,#1536,.T.);
#1706 = ORIENTED_EDGE('',*,*,#943,.F.);
#1707 = ADVANCED_FACE('',(#1708),#393,.T.);
#1708 = FACE_BOUND('',#1709,.T.);
#1709 = EDGE_LOOP('',(#1710,#1711,#1712,#1735));
#1710 = ORIENTED_EDGE('',*,*,#1684,.F.);
#1711 = ORIENTED_EDGE('',*,*,#378,.T.);
#1712 = ORIENTED_EDGE('',*,*,#1713,.T.);
#1713 = EDGE_CURVE('',#353,#1714,#1716,.T.);
#1714 = VERTEX_POINT('',#1715);
#1715 = CARTESIAN_POINT('',(-12.5,-6.,5.8));
#1716 = SURFACE_CURVE('',#1717,(#1721,#1728),.PCURVE_S1.);
#1717 = LINE('',#1718,#1719);
#1718 = CARTESIAN_POINT('',(-12.5,-6.,-4.2));
#1719 = VECTOR('',#1720,1.);
#1720 = DIRECTION('',(0.,0.,1.));
#1721 = PCURVE('',#393,#1722);
#1722 = DEFINITIONAL_REPRESENTATION('',(#1723),#1727);
#1723 = LINE('',#1724,#1725);
#1724 = CARTESIAN_POINT('',(0.,-12.));
#1725 = VECTOR('',#1726,1.);
#1726 = DIRECTION('',(1.,0.));
#1727 = ( GEOMETRIC_REPRESENTATION_CONTEXT(2) 
PARAMETRIC_REPRESENTATION_CONTEXT() REPRESENTATION_CONTEXT('2D SPACE',''
  ) );
#1728 = PCURVE('',#367,#1729);
#1729 = DEFINITIONAL_REPRESENTATION('',(#1730),#1734);
#1730 = LINE('',#1731,#1732);
#1731 = CARTESIAN_POINT('',(0.,8.));
#1732 = VECTOR('',#1733,1.);
#1733 = DIRECTION('',(1.,0.));
#1734 = ( GEOMETRIC_REPRESENTATION_CONTEXT(2) 
PARAMETRIC_REPRESENTATION_CONTEXT() REPRESENTATION_CONTEXT('2D SPACE',''
  ) );
#1735 = ORIENTED_EDGE('',*,*,#1736,.F.);
#1736 = EDGE_CURVE('',#1657,#1714,#1737,.T.);
#1737 = SURFACE_CURVE('',#1738,(#1742,#1749),.PCURVE_S1.);
#1738 = LINE('',#1739,#1740);
#1739 = CARTESIAN_POINT('',(-12.5,-18.,5.8));
#1740 = VECTOR('',#1741,1.);
#1741 = DIRECTION('',(0.,1.,0.));
#1742 = PCURVE('',#393,#1743);
#1743 = DEFINITIONAL_REPRESENTATION('',(#1744),#1748);
#1744 = LINE('',#1745,#1746);
#1745 = CARTESIAN_POINT('',(10.,0.));
#1746 = VECTOR('',#1747,1.);
#1747 = DIRECTION('',(0.,-1.));
#1748 = ( GEOMETRIC_REPRESENTATION_CONTEXT(2) 
PARAMETRIC_REPRESENTATION_CONTEXT() REPRESENTATION_CONTEXT('2D SPACE',''
  ) );
#1749 = PCURVE('',#1672,#1750);
#1750 = DEFINITIONAL_REPRESENTATION('',(#1751),#1755);
#1751 = LINE('',#1752,#1753);
#1752 = CARTESIAN_POINT('',(8.,0.));
#1753 = VECTOR('',#1754,1.);
#1754 = DIRECTION('',(0.,1.));
#1755 = ( GEOMETRIC_REPRESENTATION_CONTEXT(2) 
PARAMETRIC_REPRESENTATION_CONTEXT() REPRESENTATION_CONTEXT('2D SPACE',''
  ) );
#1756 = ADVANCED_FACE('',(#1757),#341,.F.);
#1757 = FACE_BOUND('',#1758,.F.);
#1758 = EDGE_LOOP('',(#1759,#1760,#1761,#1784));
#1759 = ORIENTED_EDGE('',*,*,#1633,.F.);
#1760 = ORIENTED_EDGE('',*,*,#326,.T.);
#1761 = ORIENTED_EDGE('',*,*,#1762,.T.);
#1762 = EDGE_CURVE('',#327,#1763,#1765,.T.);
#1763 = VERTEX_POINT('',#1764);
#1764 = CARTESIAN_POINT('',(-20.5,-6.,5.8));
#1765 = SURFACE_CURVE('',#1766,(#1770,#1777),.PCURVE_S1.);
#1766 = LINE('',#1767,#1768);
#1767 = CARTESIAN_POINT('',(-20.5,-6.,-4.2));
#1768 = VECTOR('',#1769,1.);
#1769 = DIRECTION('',(0.,0.,1.));
#1770 = PCURVE('',#341,#1771);
#1771 = DEFINITIONAL_REPRESENTATION('',(#1772),#1776);
#1772 = LINE('',#1773,#1774);
#1773 = CARTESIAN_POINT('',(0.,-12.));
#1774 = VECTOR('',#1775,1.);
#1775 = DIRECTION('',(1.,0.));
#1776 = ( GEOMETRIC_REPRESENTATION_CONTEXT(2) 
PARAMETRIC_REPRESENTATION_CONTEXT() REPRESENTATION_CONTEXT('2D SPACE',''
  ) );
#1777 = PCURVE('',#367,#1778);
#1778 = DEFINITIONAL_REPRESENTATION('',(#1779),#1783);
#1779 = LINE('',#1780,#1781);
#1780 = CARTESIAN_POINT('',(0.,0.));
#1781 = VECTOR('',#1782,1.);
#1782 = DIRECTION('',(1.,0.));
#1783 = ( GEOMETRIC_REPRESENTATION_CONTEXT(2) 
PARAMETRIC_REPRESENTATION_CONTEXT() REPRESENTATION_CONTEXT('2D SPACE',''
  ) );
#1784 = ORIENTED_EDGE('',*,*,#1785,.F.);
#1785 = EDGE_CURVE('',#1634,#1763,#1786,.T.);
#1786 = SURFACE_CURVE('',#1787,(#1791,#1798),.PCURVE_S1.);
#1787 = LINE('',#1788,#1789);
#1788 = CARTESIAN_POINT('',(-20.5,-18.,5.8));
#1789 = VECTOR('',#1790,1.);
#1790 = DIRECTION('',(0.,1.,0.));
#1791 = PCURVE('',#341,#1792);
#1792 = DEFINITIONAL_REPRESENTATION('',(#1793),#1797);
#1793 = LINE('',#1794,#1795);
#1794 = CARTESIAN_POINT('',(10.,0.));
#1795 = VECTOR('',#1796,1.);
#1796 = DIRECTION('',(0.,-1.));
#1797 = ( GEOMETRIC_REPRESENTATION_CONTEXT(2) 
PARAMETRIC_REPRESENTATION_CONTEXT() REPRESENTATION_CONTEXT('2D SPACE',''
  ) );
#1798 = PCURVE('',#1672,#1799);
#1799 = DEFINITIONAL_REPRESENTATION('',(#1800),#1804);
#1800 = LINE('',#1801,#1802);
#1801 = CARTESIAN_POINT('',(0.,0.));
#1802 = VECTOR('',#1803,1.);
#1803 = DIRECTION('',(0.,1.));
#1804 = ( GEOMETRIC_REPRESENTATION_CONTEXT(2) 
PARAMETRIC_REPRESENTATION_CONTEXT() REPRESENTATION_CONTEXT('2D SPACE',''
  ) );
#1805 = ADVANCED_FACE('',(#1806),#367,.T.);
#1806 = FACE_BOUND('',#1807,.T.);
#1807 = EDGE_LOOP('',(#1808,#1809,#1810,#1811));
#1808 = ORIENTED_EDGE('',*,*,#1713,.F.);
#1809 = ORIENTED_EDGE('',*,*,#352,.T.);
#1810 = ORIENTED_EDGE('',*,*,#1762,.T.);
#1811 = ORIENTED_EDGE('',*,*,#1812,.T.);
#1812 = EDGE_CURVE('',#1763,#1714,#1813,.T.);
#1813 = SURFACE_CURVE('',#1814,(#1818,#1825),.PCURVE_S1.);
#1814 = LINE('',#1815,#1816);
#1815 = CARTESIAN_POINT('',(-20.5,-6.,5.8));
#1816 = VECTOR('',#1817,1.);
#1817 = DIRECTION('',(1.,0.,0.));
#1818 = PCURVE('',#367,#1819);
#1819 = DEFINITIONAL_REPRESENTATION('',(#1820),#1824);
#1820 = LINE('',#1821,#1822);
#1821 = CARTESIAN_POINT('',(10.,0.));
#1822 = VECTOR('',#1823,1.);
#1823 = DIRECTION('',(0.,1.));
#1824 = ( GEOMETRIC_REPRESENTATION_CONTEXT(2) 
PARAMETRIC_REPRESENTATION_CONTEXT() REPRESENTATION_CONTEXT('2D SPACE',''
  ) );
#1825 = PCURVE('',#1672,#1826);
#1826 = DEFINITIONAL_REPRESENTATION('',(#1827),#1831);
#1827 = LINE('',#1828,#1829);
#1828 = CARTESIAN_POINT('',(0.,12.));
#1829 = VECTOR('',#1830,1.);
#1830 = DIRECTION('',(1.,0.));
#1831 = ( GEOMETRIC_REPRESENTATION_CONTEXT(2) 
PARAMETRIC_REPRESENTATION_CONTEXT() REPRESENTATION_CONTEXT('2D SPACE',''
  ) );
#1832 = ADVANCED_FACE('',(#1833),#442,.F.);
#1833 = FACE_BOUND('',#1834,.F.);
#1834 = EDGE_LOOP('',(#1835,#1858,#1859,#1882));
#1835 = ORIENTED_EDGE('',*,*,#1836,.F.);
#1836 = EDGE_CURVE('',#426,#1837,#1839,.T.);
#1837 = VERTEX_POINT('',#1838);
#1838 = CARTESIAN_POINT('',(7.5,-20.5,5.8));
#1839 = SURFACE_CURVE('',#1840,(#1844,#1851),.PCURVE_S1.);
#1840 = LINE('',#1841,#1842);
#1841 = CARTESIAN_POINT('',(7.5,-20.5,-4.2));
#1842 = VECTOR('',#1843,1.);
#1843 = DIRECTION('',(0.,0.,1.));
#1844 = PCURVE('',#442,#1845);
#1845 = DEFINITIONAL_REPRESENTATION('',(#1846),#1850);
#1846 = LINE('',#1847,#1848);
#1847 = CARTESIAN_POINT('',(0.,15.));
#1848 = VECTOR('',#1849,1.);
#1849 = DIRECTION('',(1.,0.));
#1850 = ( GEOMETRIC_REPRESENTATION_CONTEXT(2) 
PARAMETRIC_REPRESENTATION_CONTEXT() REPRESENTATION_CONTEXT('2D SPACE',''
  ) );
#1851 = PCURVE('',#518,#1852);
#1852 = DEFINITIONAL_REPRESENTATION('',(#1853),#1857);
#1853 = LINE('',#1854,#1855);
#1854 = CARTESIAN_POINT('',(0.,0.));
#1855 = VECTOR('',#1856,1.);
#1856 = DIRECTION('',(1.,0.));
#1857 = ( GEOMETRIC_REPRESENTATION_CONTEXT(2) 
PARAMETRIC_REPRESENTATION_CONTEXT() REPRESENTATION_CONTEXT('2D SPACE',''
  ) );
#1858 = ORIENTED_EDGE('',*,*,#425,.T.);
#1859 = ORIENTED_EDGE('',*,*,#1860,.T.);
#1860 = EDGE_CURVE('',#428,#1861,#1863,.T.);
#1861 = VERTEX_POINT('',#1862);
#1862 = CARTESIAN_POINT('',(-7.5,-20.5,5.8));
#1863 = SURFACE_CURVE('',#1864,(#1868,#1875),.PCURVE_S1.);
#1864 = LINE('',#1865,#1866);
#1865 = CARTESIAN_POINT('',(-7.5,-20.5,-4.2));
#1866 = VECTOR('',#1867,1.);
#1867 = DIRECTION('',(0.,0.,1.));
#1868 = PCURVE('',#442,#1869);
#1869 = DEFINITIONAL_REPRESENTATION('',(#1870),#1874);
#1870 = LINE('',#1871,#1872);
#1871 = CARTESIAN_POINT('',(0.,0.));
#1872 = VECTOR('',#1873,1.);
#1873 = DIRECTION('',(1.,0.));
#1874 = ( GEOMETRIC_REPRESENTATION_CONTEXT(2) 
PARAMETRIC_REPRESENTATION_CONTEXT() REPRESENTATION_CONTEXT('2D SPACE',''
  ) );
#1875 = PCURVE('',#468,#1876);
#1876 = DEFINITIONAL_REPRESENTATION('',(#1877),#1881);
#1877 = LINE('',#1878,#1879);
#1878 = CARTESIAN_POINT('',(0.,0.));
#1879 = VECTOR('',#1880,1.);
#1880 = DIRECTION('',(1.,0.));
#1881 = ( GEOMETRIC_REPRESENTATION_CONTEXT(2) 
PARAMETRIC_REPRESENTATION_CONTEXT() REPRESENTATION_CONTEXT('2D SPACE',''
  ) );
#1882 = ORIENTED_EDGE('',*,*,#1883,.T.);
#1883 = EDGE_CURVE('',#1861,#1837,#1884,.T.);
#1884 = SURFACE_CURVE('',#1885,(#1889,#1896),.PCURVE_S1.);
#1885 = LINE('',#1886,#1887);
#1886 = CARTESIAN_POINT('',(-7.5,-20.5,5.8));
#1887 = VECTOR('',#1888,1.);
#1888 = DIRECTION('',(1.,0.,0.));
#1889 = PCURVE('',#442,#1890);
#1890 = DEFINITIONAL_REPRESENTATION('',(#1891),#1895);
#1891 = LINE('',#1892,#1893);
#1892 = CARTESIAN_POINT('',(10.,0.));
#1893 = VECTOR('',#1894,1.);
#1894 = DIRECTION('',(0.,1.));
#1895 = ( GEOMETRIC_REPRESENTATION_CONTEXT(2) 
PARAMETRIC_REPRESENTATION_CONTEXT() REPRESENTATION_CONTEXT('2D SPACE',''
  ) );
#1896 = PCURVE('',#1897,#1902);
#1897 = PLANE('',#1898);
#1898 = AXIS2_PLACEMENT_3D('',#1899,#1900,#1901);
#1899 = CARTESIAN_POINT('',(-7.5,-20.5,5.8));
#1900 = DIRECTION('',(0.,0.,1.));
#1901 = DIRECTION('',(1.,0.,0.));
#1902 = DEFINITIONAL_REPRESENTATION('',(#1903),#1907);
#1903 = LINE('',#1904,#1905);
#1904 = CARTESIAN_POINT('',(0.,0.));
#1905 = VECTOR('',#1906,1.);
#1906 = DIRECTION('',(1.,0.));
#1907 = ( GEOMETRIC_REPRESENTATION_CONTEXT(2) 
PARAMETRIC_REPRESENTATION_CONTEXT() REPRESENTATION_CONTEXT('2D SPACE',''
  ) );
#1908 = ADVANCED_FACE('',(#1909),#518,.T.);
#1909 = FACE_BOUND('',#1910,.T.);
#1910 = EDGE_LOOP('',(#1911,#1912,#1913,#1936));
#1911 = ORIENTED_EDGE('',*,*,#1836,.F.);
#1912 = ORIENTED_EDGE('',*,*,#505,.T.);
#1913 = ORIENTED_EDGE('',*,*,#1914,.T.);
#1914 = EDGE_CURVE('',#480,#1915,#1917,.T.);
#1915 = VERTEX_POINT('',#1916);
#1916 = CARTESIAN_POINT('',(7.5,-12.5,5.8));
#1917 = SURFACE_CURVE('',#1918,(#1922,#1929),.PCURVE_S1.);
#1918 = LINE('',#1919,#1920);
#1919 = CARTESIAN_POINT('',(7.5,-12.5,-4.2));
#1920 = VECTOR('',#1921,1.);
#1921 = DIRECTION('',(0.,0.,1.));
#1922 = PCURVE('',#518,#1923);
#1923 = DEFINITIONAL_REPRESENTATION('',(#1924),#1928);
#1924 = LINE('',#1925,#1926);
#1925 = CARTESIAN_POINT('',(0.,-8.));
#1926 = VECTOR('',#1927,1.);
#1927 = DIRECTION('',(1.,0.));
#1928 = ( GEOMETRIC_REPRESENTATION_CONTEXT(2) 
PARAMETRIC_REPRESENTATION_CONTEXT() REPRESENTATION_CONTEXT('2D SPACE',''
  ) );
#1929 = PCURVE('',#494,#1930);
#1930 = DEFINITIONAL_REPRESENTATION('',(#1931),#1935);
#1931 = LINE('',#1932,#1933);
#1932 = CARTESIAN_POINT('',(0.,15.));
#1933 = VECTOR('',#1934,1.);
#1934 = DIRECTION('',(1.,0.));
#1935 = ( GEOMETRIC_REPRESENTATION_CONTEXT(2) 
PARAMETRIC_REPRESENTATION_CONTEXT() REPRESENTATION_CONTEXT('2D SPACE',''
  ) );
#1936 = ORIENTED_EDGE('',*,*,#1937,.F.);
#1937 = EDGE_CURVE('',#1837,#1915,#1938,.T.);
#1938 = SURFACE_CURVE('',#1939,(#1943,#1950),.PCURVE_S1.);
#1939 = LINE('',#1940,#1941);
#1940 = CARTESIAN_POINT('',(7.5,-20.5,5.8));
#1941 = VECTOR('',#1942,1.);
#1942 = DIRECTION('',(0.,1.,0.));
#1943 = PCURVE('',#518,#1944);
#1944 = DEFINITIONAL_REPRESENTATION('',(#1945),#1949);
#1945 = LINE('',#1946,#1947);
#1946 = CARTESIAN_POINT('',(10.,0.));
#1947 = VECTOR('',#1948,1.);
#1948 = DIRECTION('',(0.,-1.));
#1949 = ( GEOMETRIC_REPRESENTATION_CONTEXT(2) 
PARAMETRIC_REPRESENTATION_CONTEXT() REPRESENTATION_CONTEXT('2D SPACE',''
  ) );
#1950 = PCURVE('',#1897,#1951);
#1951 = DEFINITIONAL_REPRESENTATION('',(#1952),#1956);
#1952 = LINE('',#1953,#1954);
#1953 = CARTESIAN_POINT('',(15.,0.));
#1954 = VECTOR('',#1955,1.);
#1955 = DIRECTION('',(0.,1.));
#1956 = ( GEOMETRIC_REPRESENTATION_CONTEXT(2) 
PARAMETRIC_REPRESENTATION_CONTEXT() REPRESENTATION_CONTEXT('2D SPACE',''
  ) );
#1957 = ADVANCED_FACE('',(#1958),#494,.T.);
#1958 = FACE_BOUND('',#1959,.T.);
#1959 = EDGE_LOOP('',(#1960,#1961,#1962,#1985));
#1960 = ORIENTED_EDGE('',*,*,#1914,.F.);
#1961 = ORIENTED_EDGE('',*,*,#479,.T.);
#1962 = ORIENTED_EDGE('',*,*,#1963,.T.);
#1963 = EDGE_CURVE('',#454,#1964,#1966,.T.);
#1964 = VERTEX_POINT('',#1965);
#1965 = CARTESIAN_POINT('',(-7.5,-12.5,5.8));
#1966 = SURFACE_CURVE('',#1967,(#1971,#1978),.PCURVE_S1.);
#1967 = LINE('',#1968,#1969);
#1968 = CARTESIAN_POINT('',(-7.5,-12.5,-4.2));
#1969 = VECTOR('',#1970,1.);
#1970 = DIRECTION('',(0.,0.,1.));
#1971 = PCURVE('',#494,#1972);
#1972 = DEFINITIONAL_REPRESENTATION('',(#1973),#1977);
#1973 = LINE('',#1974,#1975);
#1974 = CARTESIAN_POINT('',(0.,0.));
#1975 = VECTOR('',#1976,1.);
#1976 = DIRECTION('',(1.,0.));
#1977 = ( GEOMETRIC_REPRESENTATION_CONTEXT(2) 
PARAMETRIC_REPRESENTATION_CONTEXT() REPRESENTATION_CONTEXT('2D SPACE',''
  ) );
#1978 = PCURVE('',#468,#1979);
#1979 = DEFINITIONAL_REPRESENTATION('',(#1980),#1984);
#1980 = LINE('',#1981,#1982);
#1981 = CARTESIAN_POINT('',(0.,-8.));
#1982 = VECTOR('',#1983,1.);
#1983 = DIRECTION('',(1.,0.));
#1984 = ( GEOMETRIC_REPRESENTATION_CONTEXT(2) 
PARAMETRIC_REPRESENTATION_CONTEXT() REPRESENTATION_CONTEXT('2D SPACE',''
  ) );
#1985 = ORIENTED_EDGE('',*,*,#1986,.T.);
#1986 = EDGE_CURVE('',#1964,#1915,#1987,.T.);
#1987 = SURFACE_CURVE('',#1988,(#1992,#1999),.PCURVE_S1.);
#1988 = LINE('',#1989,#1990);
#1989 = CARTESIAN_POINT('',(-7.5,-12.5,5.8));
#1990 = VECTOR('',#1991,1.);
#1991 = DIRECTION('',(1.,0.,0.));
#1992 = PCURVE('',#494,#1993);
#1993 = DEFINITIONAL_REPRESENTATION('',(#1994),#1998);
#1994 = LINE('',#1995,#1996);
#1995 = CARTESIAN_POINT('',(10.,0.));
#1996 = VECTOR('',#1997,1.);
#1997 = DIRECTION('',(0.,1.));
#1998 = ( GEOMETRIC_REPRESENTATION_CONTEXT(2) 
PARAMETRIC_REPRESENTATION_CONTEXT() REPRESENTATION_CONTEXT('2D SPACE',''
  ) );
#1999 = PCURVE('',#1897,#2000);
#2000 = DEFINITIONAL_REPRESENTATION('',(#2001),#2005);
#2001 = LINE('',#2002,#2003);
#2002 = CARTESIAN_POINT('',(0.,8.));
#2003 = VECTOR('',#2004,1.);
#2004 = DIRECTION('',(1.,0.));
#2005 = ( GEOMETRIC_REPRESENTATION_CONTEXT(2) 
PARAMETRIC_REPRESENTATION_CONTEXT() REPRESENTATION_CONTEXT('2D SPACE',''
  ) );
#2006 = ADVANCED_FACE('',(#2007),#468,.F.);
#2007 = FACE_BOUND('',#2008,.F.);
#2008 = EDGE_LOOP('',(#2009,#2010,#2011,#2012));
#2009 = ORIENTED_EDGE('',*,*,#1860,.F.);
#2010 = ORIENTED_EDGE('',*,*,#453,.T.);
#2011 = ORIENTED_EDGE('',*,*,#1963,.T.);
#2012 = ORIENTED_EDGE('',*,*,#2013,.F.);
#2013 = EDGE_CURVE('',#1861,#1964,#2014,.T.);
#2014 = SURFACE_CURVE('',#2015,(#2019,#2026),.PCURVE_S1.);
#2015 = LINE('',#2016,#2017);
#2016 = CARTESIAN_POINT('',(-7.5,-20.5,5.8));
#2017 = VECTOR('',#2018,1.);
#2018 = DIRECTION('',(0.,1.,0.));
#2019 = PCURVE('',#468,#2020);
#2020 = DEFINITIONAL_REPRESENTATION('',(#2021),#2025);
#2021 = LINE('',#2022,#2023);
#2022 = CARTESIAN_POINT('',(10.,0.));
#2023 = VECTOR('',#2024,1.);
#2024 = DIRECTION('',(0.,-1.));
#2025 = ( GEOMETRIC_REPRESENTATION_CONTEXT(2) 
PARAMETRIC_REPRESENTATION_CONTEXT() REPRESENTATION_CONTEXT('2D SPACE',''
  ) );
#2026 = PCURVE('',#1897,#2027);
#2027 = DEFINITIONAL_REPRESENTATION('',(#2028),#2032);
#2028 = LINE('',#2029,#2030);
#2029 = CARTESIAN_POINT('',(0.,0.));
#2030 = VECTOR('',#2031,1.);
#2031 = DIRECTION('',(0.,1.));
#2032 = ( GEOMETRIC_REPRESENTATION_CONTEXT(2) 
PARAMETRIC_REPRESENTATION_CONTEXT() REPRESENTATION_CONTEXT('2D SPACE',''
  ) );
#2033 = ADVANCED_FACE('',(#2034),#554,.F.);
#2034 = FACE_BOUND('',#2035,.F.);
#2035 = EDGE_LOOP('',(#2036,#2037,#2056,#2057));
#2036 = ORIENTED_EDGE('',*,*,#531,.T.);
#2037 = ORIENTED_EDGE('',*,*,#2038,.T.);
#2038 = EDGE_CURVE('',#534,#1219,#2039,.T.);
#2039 = SURFACE_CURVE('',#2040,(#2044,#2050),.PCURVE_S1.);
#2040 = LINE('',#2041,#2042);
#2041 = CARTESIAN_POINT('',(16.980131584643,-18.,0.8));
#2042 = VECTOR('',#2043,1.);
#2043 = DIRECTION('',(0.,0.,-1.));
#2044 = PCURVE('',#554,#2045);
#2045 = DEFINITIONAL_REPRESENTATION('',(#2046),#2049);
#2046 = B_SPLINE_CURVE_WITH_KNOTS('',1,(#2047,#2048),.UNSPECIFIED.,.F.,
  .F.,(2,2),(0.,1.6),.PIECEWISE_BEZIER_KNOTS.);
#2047 = CARTESIAN_POINT('',(6.601009011107,0.));
#2048 = CARTESIAN_POINT('',(6.601009011107,1.6));
#2049 = ( GEOMETRIC_REPRESENTATION_CONTEXT(2) 
PARAMETRIC_REPRESENTATION_CONTEXT() REPRESENTATION_CONTEXT('2D SPACE',''
  ) );
#2050 = PCURVE('',#581,#2051);
#2051 = DEFINITIONAL_REPRESENTATION('',(#2052),#2055);
#2052 = B_SPLINE_CURVE_WITH_KNOTS('',1,(#2053,#2054),.UNSPECIFIED.,.F.,
  .F.,(2,2),(-6.000000000173E-07,1.6000006),.PIECEWISE_BEZIER_KNOTS.);
#2053 = CARTESIAN_POINT('',(5.0000006,4.480131584643));
#2054 = CARTESIAN_POINT('',(3.3999994,4.480131584643));
#2055 = ( GEOMETRIC_REPRESENTATION_CONTEXT(2) 
PARAMETRIC_REPRESENTATION_CONTEXT() REPRESENTATION_CONTEXT('2D SPACE',''
  ) );
#2056 = ORIENTED_EDGE('',*,*,#1218,.T.);
#2057 = ORIENTED_EDGE('',*,*,#2058,.F.);
#2058 = EDGE_CURVE('',#532,#1198,#2059,.T.);
#2059 = SURFACE_CURVE('',#2060,(#2064,#2070),.PCURVE_S1.);
#2060 = LINE('',#2061,#2062);
#2061 = CARTESIAN_POINT('',(20.019868415357,-18.,0.8));
#2062 = VECTOR('',#2063,1.);
#2063 = DIRECTION('',(0.,0.,-1.));
#2064 = PCURVE('',#554,#2065);
#2065 = DEFINITIONAL_REPRESENTATION('',(#2066),#2069);
#2066 = B_SPLINE_CURVE_WITH_KNOTS('',1,(#2067,#2068),.UNSPECIFIED.,.F.,
  .F.,(2,2),(0.,1.6),.PIECEWISE_BEZIER_KNOTS.);
#2067 = CARTESIAN_POINT('',(2.823768949662,0.));
#2068 = CARTESIAN_POINT('',(2.823768949662,1.6));
#2069 = ( GEOMETRIC_REPRESENTATION_CONTEXT(2) 
PARAMETRIC_REPRESENTATION_CONTEXT() REPRESENTATION_CONTEXT('2D SPACE',''
  ) );
#2070 = PCURVE('',#581,#2071);
#2071 = DEFINITIONAL_REPRESENTATION('',(#2072),#2075);
#2072 = B_SPLINE_CURVE_WITH_KNOTS('',1,(#2073,#2074),.UNSPECIFIED.,.F.,
  .F.,(2,2),(-6.000000000173E-07,1.6000006),.PIECEWISE_BEZIER_KNOTS.);
#2073 = CARTESIAN_POINT('',(5.0000006,7.519868415357));
#2074 = CARTESIAN_POINT('',(3.3999994,7.519868415357));
#2075 = ( GEOMETRIC_REPRESENTATION_CONTEXT(2) 
PARAMETRIC_REPRESENTATION_CONTEXT() REPRESENTATION_CONTEXT('2D SPACE',''
  ) );
#2076 = ADVANCED_FACE('',(#2077),#581,.F.);
#2077 = FACE_BOUND('',#2078,.F.);
#2078 = EDGE_LOOP('',(#2079,#2102,#2130,#2151,#2152,#2153,#2154,#2177,
    #2205,#2226,#2227,#2228));
#2079 = ORIENTED_EDGE('',*,*,#2080,.F.);
#2080 = EDGE_CURVE('',#2081,#1196,#2083,.T.);
#2081 = VERTEX_POINT('',#2082);
#2082 = CARTESIAN_POINT('',(20.5,-18.,-4.2));
#2083 = SURFACE_CURVE('',#2084,(#2088,#2095),.PCURVE_S1.);
#2084 = LINE('',#2085,#2086);
#2085 = CARTESIAN_POINT('',(20.5,-18.,-4.2));
#2086 = VECTOR('',#2087,1.);
#2087 = DIRECTION('',(0.,0.,1.));
#2088 = PCURVE('',#581,#2089);
#2089 = DEFINITIONAL_REPRESENTATION('',(#2090),#2094);
#2090 = LINE('',#2091,#2092);
#2091 = CARTESIAN_POINT('',(0.,8.));
#2092 = VECTOR('',#2093,1.);
#2093 = DIRECTION('',(1.,0.));
#2094 = ( GEOMETRIC_REPRESENTATION_CONTEXT(2) 
PARAMETRIC_REPRESENTATION_CONTEXT() REPRESENTATION_CONTEXT('2D SPACE',''
  ) );
#2095 = PCURVE('',#1328,#2096);
#2096 = DEFINITIONAL_REPRESENTATION('',(#2097),#2101);
#2097 = LINE('',#2098,#2099);
#2098 = CARTESIAN_POINT('',(0.,0.));
#2099 = VECTOR('',#2100,1.);
#2100 = DIRECTION('',(1.,0.));
#2101 = ( GEOMETRIC_REPRESENTATION_CONTEXT(2) 
PARAMETRIC_REPRESENTATION_CONTEXT() REPRESENTATION_CONTEXT('2D SPACE',''
  ) );
#2102 = ORIENTED_EDGE('',*,*,#2103,.F.);
#2103 = EDGE_CURVE('',#2104,#2081,#2106,.T.);
#2104 = VERTEX_POINT('',#2105);
#2105 = CARTESIAN_POINT('',(12.5,-18.,-4.2));
#2106 = SURFACE_CURVE('',#2107,(#2111,#2118),.PCURVE_S1.);
#2107 = LINE('',#2108,#2109);
#2108 = CARTESIAN_POINT('',(12.5,-18.,-4.2));
#2109 = VECTOR('',#2110,1.);
#2110 = DIRECTION('',(1.,0.,0.));
#2111 = PCURVE('',#581,#2112);
#2112 = DEFINITIONAL_REPRESENTATION('',(#2113),#2117);
#2113 = LINE('',#2114,#2115);
#2114 = CARTESIAN_POINT('',(0.,0.));
#2115 = VECTOR('',#2116,1.);
#2116 = DIRECTION('',(0.,1.));
#2117 = ( GEOMETRIC_REPRESENTATION_CONTEXT(2) 
PARAMETRIC_REPRESENTATION_CONTEXT() REPRESENTATION_CONTEXT('2D SPACE',''
  ) );
#2118 = PCURVE('',#2119,#2124);
#2119 = PLANE('',#2120);
#2120 = AXIS2_PLACEMENT_3D('',#2121,#2122,#2123);
#2121 = CARTESIAN_POINT('',(12.5,-18.,-4.2));
#2122 = DIRECTION('',(0.,0.,1.));
#2123 = DIRECTION('',(1.,0.,0.));
#2124 = DEFINITIONAL_REPRESENTATION('',(#2125),#2129);
#2125 = LINE('',#2126,#2127);
#2126 = CARTESIAN_POINT('',(0.,0.));
#2127 = VECTOR('',#2128,1.);
#2128 = DIRECTION('',(1.,0.));
#2129 = ( GEOMETRIC_REPRESENTATION_CONTEXT(2) 
PARAMETRIC_REPRESENTATION_CONTEXT() REPRESENTATION_CONTEXT('2D SPACE',''
  ) );
#2130 = ORIENTED_EDGE('',*,*,#2131,.T.);
#2131 = EDGE_CURVE('',#2104,#1243,#2132,.T.);
#2132 = SURFACE_CURVE('',#2133,(#2137,#2144),.PCURVE_S1.);
#2133 = LINE('',#2134,#2135);
#2134 = CARTESIAN_POINT('',(12.5,-18.,-4.2));
#2135 = VECTOR('',#2136,1.);
#2136 = DIRECTION('',(0.,0.,1.));
#2137 = PCURVE('',#581,#2138);
#2138 = DEFINITIONAL_REPRESENTATION('',(#2139),#2143);
#2139 = LINE('',#2140,#2141);
#2140 = CARTESIAN_POINT('',(0.,0.));
#2141 = VECTOR('',#2142,1.);
#2142 = DIRECTION('',(1.,0.));
#2143 = ( GEOMETRIC_REPRESENTATION_CONTEXT(2) 
PARAMETRIC_REPRESENTATION_CONTEXT() REPRESENTATION_CONTEXT('2D SPACE',''
  ) );
#2144 = PCURVE('',#1278,#2145);
#2145 = DEFINITIONAL_REPRESENTATION('',(#2146),#2150);
#2146 = LINE('',#2147,#2148);
#2147 = CARTESIAN_POINT('',(0.,0.));
#2148 = VECTOR('',#2149,1.);
#2149 = DIRECTION('',(1.,0.));
#2150 = ( GEOMETRIC_REPRESENTATION_CONTEXT(2) 
PARAMETRIC_REPRESENTATION_CONTEXT() REPRESENTATION_CONTEXT('2D SPACE',''
  ) );
#2151 = ORIENTED_EDGE('',*,*,#1242,.F.);
#2152 = ORIENTED_EDGE('',*,*,#2038,.F.);
#2153 = ORIENTED_EDGE('',*,*,#566,.T.);
#2154 = ORIENTED_EDGE('',*,*,#2155,.T.);
#2155 = EDGE_CURVE('',#567,#2156,#2158,.T.);
#2156 = VERTEX_POINT('',#2157);
#2157 = CARTESIAN_POINT('',(12.5,-18.,5.8));
#2158 = SURFACE_CURVE('',#2159,(#2163,#2170),.PCURVE_S1.);
#2159 = LINE('',#2160,#2161);
#2160 = CARTESIAN_POINT('',(12.5,-18.,-4.2));
#2161 = VECTOR('',#2162,1.);
#2162 = DIRECTION('',(0.,0.,1.));
#2163 = PCURVE('',#581,#2164);
#2164 = DEFINITIONAL_REPRESENTATION('',(#2165),#2169);
#2165 = LINE('',#2166,#2167);
#2166 = CARTESIAN_POINT('',(0.,0.));
#2167 = VECTOR('',#2168,1.);
#2168 = DIRECTION('',(1.,0.));
#2169 = ( GEOMETRIC_REPRESENTATION_CONTEXT(2) 
PARAMETRIC_REPRESENTATION_CONTEXT() REPRESENTATION_CONTEXT('2D SPACE',''
  ) );
#2170 = PCURVE('',#607,#2171);
#2171 = DEFINITIONAL_REPRESENTATION('',(#2172),#2176);
#2172 = LINE('',#2173,#2174);
#2173 = CARTESIAN_POINT('',(0.,0.));
#2174 = VECTOR('',#2175,1.);
#2175 = DIRECTION('',(1.,0.));
#2176 = ( GEOMETRIC_REPRESENTATION_CONTEXT(2) 
PARAMETRIC_REPRESENTATION_CONTEXT() REPRESENTATION_CONTEXT('2D SPACE',''
  ) );
#2177 = ORIENTED_EDGE('',*,*,#2178,.T.);
#2178 = EDGE_CURVE('',#2156,#2179,#2181,.T.);
#2179 = VERTEX_POINT('',#2180);
#2180 = CARTESIAN_POINT('',(20.5,-18.,5.8));
#2181 = SURFACE_CURVE('',#2182,(#2186,#2193),.PCURVE_S1.);
#2182 = LINE('',#2183,#2184);
#2183 = CARTESIAN_POINT('',(12.5,-18.,5.8));
#2184 = VECTOR('',#2185,1.);
#2185 = DIRECTION('',(1.,0.,0.));
#2186 = PCURVE('',#581,#2187);
#2187 = DEFINITIONAL_REPRESENTATION('',(#2188),#2192);
#2188 = LINE('',#2189,#2190);
#2189 = CARTESIAN_POINT('',(10.,0.));
#2190 = VECTOR('',#2191,1.);
#2191 = DIRECTION('',(0.,1.));
#2192 = ( GEOMETRIC_REPRESENTATION_CONTEXT(2) 
PARAMETRIC_REPRESENTATION_CONTEXT() REPRESENTATION_CONTEXT('2D SPACE',''
  ) );
#2193 = PCURVE('',#2194,#2199);
#2194 = PLANE('',#2195);
#2195 = AXIS2_PLACEMENT_3D('',#2196,#2197,#2198);
#2196 = CARTESIAN_POINT('',(12.5,-18.,5.8));
#2197 = DIRECTION('',(0.,0.,1.));
#2198 = DIRECTION('',(1.,0.,0.));
#2199 = DEFINITIONAL_REPRESENTATION('',(#2200),#2204);
#2200 = LINE('',#2201,#2202);
#2201 = CARTESIAN_POINT('',(0.,0.));
#2202 = VECTOR('',#2203,1.);
#2203 = DIRECTION('',(1.,0.));
#2204 = ( GEOMETRIC_REPRESENTATION_CONTEXT(2) 
PARAMETRIC_REPRESENTATION_CONTEXT() REPRESENTATION_CONTEXT('2D SPACE',''
  ) );
#2205 = ORIENTED_EDGE('',*,*,#2206,.F.);
#2206 = EDGE_CURVE('',#645,#2179,#2207,.T.);
#2207 = SURFACE_CURVE('',#2208,(#2212,#2219),.PCURVE_S1.);
#2208 = LINE('',#2209,#2210);
#2209 = CARTESIAN_POINT('',(20.5,-18.,-4.2));
#2210 = VECTOR('',#2211,1.);
#2211 = DIRECTION('',(0.,0.,1.));
#2212 = PCURVE('',#581,#2213);
#2213 = DEFINITIONAL_REPRESENTATION('',(#2214),#2218);
#2214 = LINE('',#2215,#2216);
#2215 = CARTESIAN_POINT('',(0.,8.));
#2216 = VECTOR('',#2217,1.);
#2217 = DIRECTION('',(1.,0.));
#2218 = ( GEOMETRIC_REPRESENTATION_CONTEXT(2) 
PARAMETRIC_REPRESENTATION_CONTEXT() REPRESENTATION_CONTEXT('2D SPACE',''
  ) );
#2219 = PCURVE('',#659,#2220);
#2220 = DEFINITIONAL_REPRESENTATION('',(#2221),#2225);
#2221 = LINE('',#2222,#2223);
#2222 = CARTESIAN_POINT('',(0.,0.));
#2223 = VECTOR('',#2224,1.);
#2224 = DIRECTION('',(1.,0.));
#2225 = ( GEOMETRIC_REPRESENTATION_CONTEXT(2) 
PARAMETRIC_REPRESENTATION_CONTEXT() REPRESENTATION_CONTEXT('2D SPACE',''
  ) );
#2226 = ORIENTED_EDGE('',*,*,#670,.T.);
#2227 = ORIENTED_EDGE('',*,*,#2058,.T.);
#2228 = ORIENTED_EDGE('',*,*,#1195,.F.);
#2229 = ADVANCED_FACE('',(#2230),#659,.T.);
#2230 = FACE_BOUND('',#2231,.T.);
#2231 = EDGE_LOOP('',(#2232,#2233,#2234,#2257));
#2232 = ORIENTED_EDGE('',*,*,#2206,.F.);
#2233 = ORIENTED_EDGE('',*,*,#644,.T.);
#2234 = ORIENTED_EDGE('',*,*,#2235,.T.);
#2235 = EDGE_CURVE('',#619,#2236,#2238,.T.);
#2236 = VERTEX_POINT('',#2237);
#2237 = CARTESIAN_POINT('',(20.5,-6.,5.8));
#2238 = SURFACE_CURVE('',#2239,(#2243,#2250),.PCURVE_S1.);
#2239 = LINE('',#2240,#2241);
#2240 = CARTESIAN_POINT('',(20.5,-6.,-4.2));
#2241 = VECTOR('',#2242,1.);
#2242 = DIRECTION('',(0.,0.,1.));
#2243 = PCURVE('',#659,#2244);
#2244 = DEFINITIONAL_REPRESENTATION('',(#2245),#2249);
#2245 = LINE('',#2246,#2247);
#2246 = CARTESIAN_POINT('',(0.,-12.));
#2247 = VECTOR('',#2248,1.);
#2248 = DIRECTION('',(1.,0.));
#2249 = ( GEOMETRIC_REPRESENTATION_CONTEXT(2) 
PARAMETRIC_REPRESENTATION_CONTEXT() REPRESENTATION_CONTEXT('2D SPACE',''
  ) );
#2250 = PCURVE('',#633,#2251);
#2251 = DEFINITIONAL_REPRESENTATION('',(#2252),#2256);
#2252 = LINE('',#2253,#2254);
#2253 = CARTESIAN_POINT('',(0.,8.));
#2254 = VECTOR('',#2255,1.);
#2255 = DIRECTION('',(1.,0.));
#2256 = ( GEOMETRIC_REPRESENTATION_CONTEXT(2) 
PARAMETRIC_REPRESENTATION_CONTEXT() REPRESENTATION_CONTEXT('2D SPACE',''
  ) );
#2257 = ORIENTED_EDGE('',*,*,#2258,.F.);
#2258 = EDGE_CURVE('',#2179,#2236,#2259,.T.);
#2259 = SURFACE_CURVE('',#2260,(#2264,#2271),.PCURVE_S1.);
#2260 = LINE('',#2261,#2262);
#2261 = CARTESIAN_POINT('',(20.5,-18.,5.8));
#2262 = VECTOR('',#2263,1.);
#2263 = DIRECTION('',(0.,1.,0.));
#2264 = PCURVE('',#659,#2265);
#2265 = DEFINITIONAL_REPRESENTATION('',(#2266),#2270);
#2266 = LINE('',#2267,#2268);
#2267 = CARTESIAN_POINT('',(10.,0.));
#2268 = VECTOR('',#2269,1.);
#2269 = DIRECTION('',(0.,-1.));
#2270 = ( GEOMETRIC_REPRESENTATION_CONTEXT(2) 
PARAMETRIC_REPRESENTATION_CONTEXT() REPRESENTATION_CONTEXT('2D SPACE',''
  ) );
#2271 = PCURVE('',#2194,#2272);
#2272 = DEFINITIONAL_REPRESENTATION('',(#2273),#2277);
#2273 = LINE('',#2274,#2275);
#2274 = CARTESIAN_POINT('',(8.,0.));
#2275 = VECTOR('',#2276,1.);
#2276 = DIRECTION('',(0.,1.));
#2277 = ( GEOMETRIC_REPRESENTATION_CONTEXT(2) 
PARAMETRIC_REPRESENTATION_CONTEXT() REPRESENTATION_CONTEXT('2D SPACE',''
  ) );
#2278 = ADVANCED_FACE('',(#2279),#607,.F.);
#2279 = FACE_BOUND('',#2280,.F.);
#2280 = EDGE_LOOP('',(#2281,#2282,#2283,#2306));
#2281 = ORIENTED_EDGE('',*,*,#2155,.F.);
#2282 = ORIENTED_EDGE('',*,*,#592,.T.);
#2283 = ORIENTED_EDGE('',*,*,#2284,.T.);
#2284 = EDGE_CURVE('',#593,#2285,#2287,.T.);
#2285 = VERTEX_POINT('',#2286);
#2286 = CARTESIAN_POINT('',(12.5,-6.,5.8));
#2287 = SURFACE_CURVE('',#2288,(#2292,#2299),.PCURVE_S1.);
#2288 = LINE('',#2289,#2290);
#2289 = CARTESIAN_POINT('',(12.5,-6.,-4.2));
#2290 = VECTOR('',#2291,1.);
#2291 = DIRECTION('',(0.,0.,1.));
#2292 = PCURVE('',#607,#2293);
#2293 = DEFINITIONAL_REPRESENTATION('',(#2294),#2298);
#2294 = LINE('',#2295,#2296);
#2295 = CARTESIAN_POINT('',(0.,-12.));
#2296 = VECTOR('',#2297,1.);
#2297 = DIRECTION('',(1.,0.));
#2298 = ( GEOMETRIC_REPRESENTATION_CONTEXT(2) 
PARAMETRIC_REPRESENTATION_CONTEXT() REPRESENTATION_CONTEXT('2D SPACE',''
  ) );
#2299 = PCURVE('',#633,#2300);
#2300 = DEFINITIONAL_REPRESENTATION('',(#2301),#2305);
#2301 = LINE('',#2302,#2303);
#2302 = CARTESIAN_POINT('',(0.,0.));
#2303 = VECTOR('',#2304,1.);
#2304 = DIRECTION('',(1.,0.));
#2305 = ( GEOMETRIC_REPRESENTATION_CONTEXT(2) 
PARAMETRIC_REPRESENTATION_CONTEXT() REPRESENTATION_CONTEXT('2D SPACE',''
  ) );
#2306 = ORIENTED_EDGE('',*,*,#2307,.F.);
#2307 = EDGE_CURVE('',#2156,#2285,#2308,.T.);
#2308 = SURFACE_CURVE('',#2309,(#2313,#2320),.PCURVE_S1.);
#2309 = LINE('',#2310,#2311);
#2310 = CARTESIAN_POINT('',(12.5,-18.,5.8));
#2311 = VECTOR('',#2312,1.);
#2312 = DIRECTION('',(0.,1.,0.));
#2313 = PCURVE('',#607,#2314);
#2314 = DEFINITIONAL_REPRESENTATION('',(#2315),#2319);
#2315 = LINE('',#2316,#2317);
#2316 = CARTESIAN_POINT('',(10.,0.));
#2317 = VECTOR('',#2318,1.);
#2318 = DIRECTION('',(0.,-1.));
#2319 = ( GEOMETRIC_REPRESENTATION_CONTEXT(2) 
PARAMETRIC_REPRESENTATION_CONTEXT() REPRESENTATION_CONTEXT('2D SPACE',''
  ) );
#2320 = PCURVE('',#2194,#2321);
#2321 = DEFINITIONAL_REPRESENTATION('',(#2322),#2326);
#2322 = LINE('',#2323,#2324);
#2323 = CARTESIAN_POINT('',(0.,0.));
#2324 = VECTOR('',#2325,1.);
#2325 = DIRECTION('',(0.,1.));
#2326 = ( GEOMETRIC_REPRESENTATION_CONTEXT(2) 
PARAMETRIC_REPRESENTATION_CONTEXT() REPRESENTATION_CONTEXT('2D SPACE',''
  ) );
#2327 = ADVANCED_FACE('',(#2328),#633,.T.);
#2328 = FACE_BOUND('',#2329,.T.);
#2329 = EDGE_LOOP('',(#2330,#2331,#2332,#2333));
#2330 = ORIENTED_EDGE('',*,*,#2235,.F.);
#2331 = ORIENTED_EDGE('',*,*,#618,.T.);
#2332 = ORIENTED_EDGE('',*,*,#2284,.T.);
#2333 = ORIENTED_EDGE('',*,*,#2334,.T.);
#2334 = EDGE_CURVE('',#2285,#2236,#2335,.T.);
#2335 = SURFACE_CURVE('',#2336,(#2340,#2347),.PCURVE_S1.);
#2336 = LINE('',#2337,#2338);
#2337 = CARTESIAN_POINT('',(12.5,-6.,5.8));
#2338 = VECTOR('',#2339,1.);
#2339 = DIRECTION('',(1.,0.,0.));
#2340 = PCURVE('',#633,#2341);
#2341 = DEFINITIONAL_REPRESENTATION('',(#2342),#2346);
#2342 = LINE('',#2343,#2344);
#2343 = CARTESIAN_POINT('',(10.,0.));
#2344 = VECTOR('',#2345,1.);
#2345 = DIRECTION('',(0.,1.));
#2346 = ( GEOMETRIC_REPRESENTATION_CONTEXT(2) 
PARAMETRIC_REPRESENTATION_CONTEXT() REPRESENTATION_CONTEXT('2D SPACE',''
  ) );
#2347 = PCURVE('',#2194,#2348);
#2348 = DEFINITIONAL_REPRESENTATION('',(#2349),#2353);
#2349 = LINE('',#2350,#2351);
#2350 = CARTESIAN_POINT('',(0.,12.));
#2351 = VECTOR('',#2352,1.);
#2352 = DIRECTION('',(1.,0.));
#2353 = ( GEOMETRIC_REPRESENTATION_CONTEXT(2) 
PARAMETRIC_REPRESENTATION_CONTEXT() REPRESENTATION_CONTEXT('2D SPACE',''
  ) );
#2354 = ADVANCED_FACE('',(#2355),#712,.F.);
#2355 = FACE_BOUND('',#2356,.F.);
#2356 = EDGE_LOOP('',(#2357,#2358,#2379,#2380));
#2357 = ORIENTED_EDGE('',*,*,#1341,.F.);
#2358 = ORIENTED_EDGE('',*,*,#2359,.F.);
#2359 = EDGE_CURVE('',#692,#1342,#2360,.T.);
#2360 = SEAM_CURVE('',#2361,(#2365,#2372),.PCURVE_S1.);
#2361 = LINE('',#2362,#2363);
#2362 = CARTESIAN_POINT('',(-20.1,18.5,0.8));
#2363 = VECTOR('',#2364,1.);
#2364 = DIRECTION('',(0.,0.,-1.));
#2365 = PCURVE('',#712,#2366);
#2366 = DEFINITIONAL_REPRESENTATION('',(#2367),#2371);
#2367 = LINE('',#2368,#2369);
#2368 = CARTESIAN_POINT('',(6.28318530718,-0.));
#2369 = VECTOR('',#2370,1.);
#2370 = DIRECTION('',(0.,1.));
#2371 = ( GEOMETRIC_REPRESENTATION_CONTEXT(2) 
PARAMETRIC_REPRESENTATION_CONTEXT() REPRESENTATION_CONTEXT('2D SPACE',''
  ) );
#2372 = PCURVE('',#712,#2373);
#2373 = DEFINITIONAL_REPRESENTATION('',(#2374),#2378);
#2374 = LINE('',#2375,#2376);
#2375 = CARTESIAN_POINT('',(0.,-0.));
#2376 = VECTOR('',#2377,1.);
#2377 = DIRECTION('',(0.,1.));
#2378 = ( GEOMETRIC_REPRESENTATION_CONTEXT(2) 
PARAMETRIC_REPRESENTATION_CONTEXT() REPRESENTATION_CONTEXT('2D SPACE',''
  ) );
#2379 = ORIENTED_EDGE('',*,*,#691,.T.);
#2380 = ORIENTED_EDGE('',*,*,#2359,.T.);
#2381 = ADVANCED_FACE('',(#2382),#743,.F.);
#2382 = FACE_BOUND('',#2383,.F.);
#2383 = EDGE_LOOP('',(#2384,#2407,#2408,#2431));
#2384 = ORIENTED_EDGE('',*,*,#2385,.F.);
#2385 = EDGE_CURVE('',#727,#2386,#2388,.T.);
#2386 = VERTEX_POINT('',#2387);
#2387 = CARTESIAN_POINT('',(12.5,-3.,13.3));
#2388 = SURFACE_CURVE('',#2389,(#2393,#2400),.PCURVE_S1.);
#2389 = LINE('',#2390,#2391);
#2390 = CARTESIAN_POINT('',(12.5,-3.,-11.7));
#2391 = VECTOR('',#2392,1.);
#2392 = DIRECTION('',(0.,0.,1.));
#2393 = PCURVE('',#743,#2394);
#2394 = DEFINITIONAL_REPRESENTATION('',(#2395),#2399);
#2395 = LINE('',#2396,#2397);
#2396 = CARTESIAN_POINT('',(0.,25.));
#2397 = VECTOR('',#2398,1.);
#2398 = DIRECTION('',(1.,0.));
#2399 = ( GEOMETRIC_REPRESENTATION_CONTEXT(2) 
PARAMETRIC_REPRESENTATION_CONTEXT() REPRESENTATION_CONTEXT('2D SPACE',''
  ) );
#2400 = PCURVE('',#819,#2401);
#2401 = DEFINITIONAL_REPRESENTATION('',(#2402),#2406);
#2402 = LINE('',#2403,#2404);
#2403 = CARTESIAN_POINT('',(0.,0.));
#2404 = VECTOR('',#2405,1.);
#2405 = DIRECTION('',(1.,0.));
#2406 = ( GEOMETRIC_REPRESENTATION_CONTEXT(2) 
PARAMETRIC_REPRESENTATION_CONTEXT() REPRESENTATION_CONTEXT('2D SPACE',''
  ) );
#2407 = ORIENTED_EDGE('',*,*,#726,.T.);
#2408 = ORIENTED_EDGE('',*,*,#2409,.T.);
#2409 = EDGE_CURVE('',#729,#2410,#2412,.T.);
#2410 = VERTEX_POINT('',#2411);
#2411 = CARTESIAN_POINT('',(-12.5,-3.,13.3));
#2412 = SURFACE_CURVE('',#2413,(#2417,#2424),.PCURVE_S1.);
#2413 = LINE('',#2414,#2415);
#2414 = CARTESIAN_POINT('',(-12.5,-3.,-11.7));
#2415 = VECTOR('',#2416,1.);
#2416 = DIRECTION('',(0.,0.,1.));
#2417 = PCURVE('',#743,#2418);
#2418 = DEFINITIONAL_REPRESENTATION('',(#2419),#2423);
#2419 = LINE('',#2420,#2421);
#2420 = CARTESIAN_POINT('',(0.,0.));
#2421 = VECTOR('',#2422,1.);
#2422 = DIRECTION('',(1.,0.));
#2423 = ( GEOMETRIC_REPRESENTATION_CONTEXT(2) 
PARAMETRIC_REPRESENTATION_CONTEXT() REPRESENTATION_CONTEXT('2D SPACE',''
  ) );
#2424 = PCURVE('',#769,#2425);
#2425 = DEFINITIONAL_REPRESENTATION('',(#2426),#2430);
#2426 = LINE('',#2427,#2428);
#2427 = CARTESIAN_POINT('',(0.,0.));
#2428 = VECTOR('',#2429,1.);
#2429 = DIRECTION('',(1.,0.));
#2430 = ( GEOMETRIC_REPRESENTATION_CONTEXT(2) 
PARAMETRIC_REPRESENTATION_CONTEXT() REPRESENTATION_CONTEXT('2D SPACE',''
  ) );
#2431 = ORIENTED_EDGE('',*,*,#2432,.T.);
#2432 = EDGE_CURVE('',#2410,#2386,#2433,.T.);
#2433 = SURFACE_CURVE('',#2434,(#2438,#2445),.PCURVE_S1.);
#2434 = LINE('',#2435,#2436);
#2435 = CARTESIAN_POINT('',(-12.5,-3.,13.3));
#2436 = VECTOR('',#2437,1.);
#2437 = DIRECTION('',(1.,0.,0.));
#2438 = PCURVE('',#743,#2439);
#2439 = DEFINITIONAL_REPRESENTATION('',(#2440),#2444);
#2440 = LINE('',#2441,#2442);
#2441 = CARTESIAN_POINT('',(25.,0.));
#2442 = VECTOR('',#2443,1.);
#2443 = DIRECTION('',(0.,1.));
#2444 = ( GEOMETRIC_REPRESENTATION_CONTEXT(2) 
PARAMETRIC_REPRESENTATION_CONTEXT() REPRESENTATION_CONTEXT('2D SPACE',''
  ) );
#2445 = PCURVE('',#2446,#2451);
#2446 = PLANE('',#2447);
#2447 = AXIS2_PLACEMENT_3D('',#2448,#2449,#2450);
#2448 = CARTESIAN_POINT('',(-12.5,-3.,13.3));
#2449 = DIRECTION('',(0.,0.,1.));
#2450 = DIRECTION('',(1.,0.,0.));
#2451 = DEFINITIONAL_REPRESENTATION('',(#2452),#2456);
#2452 = LINE('',#2453,#2454);
#2453 = CARTESIAN_POINT('',(0.,0.));
#2454 = VECTOR('',#2455,1.);
#2455 = DIRECTION('',(1.,0.));
#2456 = ( GEOMETRIC_REPRESENTATION_CONTEXT(2) 
PARAMETRIC_REPRESENTATION_CONTEXT() REPRESENTATION_CONTEXT('2D SPACE',''
  ) );
#2457 = ADVANCED_FACE('',(#2458),#819,.T.);
#2458 = FACE_BOUND('',#2459,.T.);
#2459 = EDGE_LOOP('',(#2460,#2461,#2462,#2485));
#2460 = ORIENTED_EDGE('',*,*,#2385,.F.);
#2461 = ORIENTED_EDGE('',*,*,#806,.T.);
#2462 = ORIENTED_EDGE('',*,*,#2463,.T.);
#2463 = EDGE_CURVE('',#781,#2464,#2466,.T.);
#2464 = VERTEX_POINT('',#2465);
#2465 = CARTESIAN_POINT('',(12.5,13.,13.3));
#2466 = SURFACE_CURVE('',#2467,(#2471,#2478),.PCURVE_S1.);
#2467 = LINE('',#2468,#2469);
#2468 = CARTESIAN_POINT('',(12.5,13.,-11.7));
#2469 = VECTOR('',#2470,1.);
#2470 = DIRECTION('',(0.,0.,1.));
#2471 = PCURVE('',#819,#2472);
#2472 = DEFINITIONAL_REPRESENTATION('',(#2473),#2477);
#2473 = LINE('',#2474,#2475);
#2474 = CARTESIAN_POINT('',(0.,-16.));
#2475 = VECTOR('',#2476,1.);
#2476 = DIRECTION('',(1.,0.));
#2477 = ( GEOMETRIC_REPRESENTATION_CONTEXT(2) 
PARAMETRIC_REPRESENTATION_CONTEXT() REPRESENTATION_CONTEXT('2D SPACE',''
  ) );
#2478 = PCURVE('',#795,#2479);
#2479 = DEFINITIONAL_REPRESENTATION('',(#2480),#2484);
#2480 = LINE('',#2481,#2482);
#2481 = CARTESIAN_POINT('',(0.,25.));
#2482 = VECTOR('',#2483,1.);
#2483 = DIRECTION('',(1.,0.));
#2484 = ( GEOMETRIC_REPRESENTATION_CONTEXT(2) 
PARAMETRIC_REPRESENTATION_CONTEXT() REPRESENTATION_CONTEXT('2D SPACE',''
  ) );
#2485 = ORIENTED_EDGE('',*,*,#2486,.F.);
#2486 = EDGE_CURVE('',#2386,#2464,#2487,.T.);
#2487 = SURFACE_CURVE('',#2488,(#2492,#2499),.PCURVE_S1.);
#2488 = LINE('',#2489,#2490);
#2489 = CARTESIAN_POINT('',(12.5,-3.,13.3));
#2490 = VECTOR('',#2491,1.);
#2491 = DIRECTION('',(0.,1.,0.));
#2492 = PCURVE('',#819,#2493);
#2493 = DEFINITIONAL_REPRESENTATION('',(#2494),#2498);
#2494 = LINE('',#2495,#2496);
#2495 = CARTESIAN_POINT('',(25.,0.));
#2496 = VECTOR('',#2497,1.);
#2497 = DIRECTION('',(0.,-1.));
#2498 = ( GEOMETRIC_REPRESENTATION_CONTEXT(2) 
PARAMETRIC_REPRESENTATION_CONTEXT() REPRESENTATION_CONTEXT('2D SPACE',''
  ) );
#2499 = PCURVE('',#2446,#2500);
#2500 = DEFINITIONAL_REPRESENTATION('',(#2501),#2505);
#2501 = LINE('',#2502,#2503);
#2502 = CARTESIAN_POINT('',(25.,0.));
#2503 = VECTOR('',#2504,1.);
#2504 = DIRECTION('',(0.,1.));
#2505 = ( GEOMETRIC_REPRESENTATION_CONTEXT(2) 
PARAMETRIC_REPRESENTATION_CONTEXT() REPRESENTATION_CONTEXT('2D SPACE',''
  ) );
#2506 = ADVANCED_FACE('',(#2507),#769,.F.);
#2507 = FACE_BOUND('',#2508,.F.);
#2508 = EDGE_LOOP('',(#2509,#2510,#2511,#2534));
#2509 = ORIENTED_EDGE('',*,*,#2409,.F.);
#2510 = ORIENTED_EDGE('',*,*,#754,.T.);
#2511 = ORIENTED_EDGE('',*,*,#2512,.T.);
#2512 = EDGE_CURVE('',#755,#2513,#2515,.T.);
#2513 = VERTEX_POINT('',#2514);
#2514 = CARTESIAN_POINT('',(-12.5,13.,13.3));
#2515 = SURFACE_CURVE('',#2516,(#2520,#2527),.PCURVE_S1.);
#2516 = LINE('',#2517,#2518);
#2517 = CARTESIAN_POINT('',(-12.5,13.,-11.7));
#2518 = VECTOR('',#2519,1.);
#2519 = DIRECTION('',(0.,0.,1.));
#2520 = PCURVE('',#769,#2521);
#2521 = DEFINITIONAL_REPRESENTATION('',(#2522),#2526);
#2522 = LINE('',#2523,#2524);
#2523 = CARTESIAN_POINT('',(0.,-16.));
#2524 = VECTOR('',#2525,1.);
#2525 = DIRECTION('',(1.,0.));
#2526 = ( GEOMETRIC_REPRESENTATION_CONTEXT(2) 
PARAMETRIC_REPRESENTATION_CONTEXT() REPRESENTATION_CONTEXT('2D SPACE',''
  ) );
#2527 = PCURVE('',#795,#2528);
#2528 = DEFINITIONAL_REPRESENTATION('',(#2529),#2533);
#2529 = LINE('',#2530,#2531);
#2530 = CARTESIAN_POINT('',(0.,0.));
#2531 = VECTOR('',#2532,1.);
#2532 = DIRECTION('',(1.,0.));
#2533 = ( GEOMETRIC_REPRESENTATION_CONTEXT(2) 
PARAMETRIC_REPRESENTATION_CONTEXT() REPRESENTATION_CONTEXT('2D SPACE',''
  ) );
#2534 = ORIENTED_EDGE('',*,*,#2535,.F.);
#2535 = EDGE_CURVE('',#2410,#2513,#2536,.T.);
#2536 = SURFACE_CURVE('',#2537,(#2541,#2548),.PCURVE_S1.);
#2537 = LINE('',#2538,#2539);
#2538 = CARTESIAN_POINT('',(-12.5,-3.,13.3));
#2539 = VECTOR('',#2540,1.);
#2540 = DIRECTION('',(0.,1.,0.));
#2541 = PCURVE('',#769,#2542);
#2542 = DEFINITIONAL_REPRESENTATION('',(#2543),#2547);
#2543 = LINE('',#2544,#2545);
#2544 = CARTESIAN_POINT('',(25.,0.));
#2545 = VECTOR('',#2546,1.);
#2546 = DIRECTION('',(0.,-1.));
#2547 = ( GEOMETRIC_REPRESENTATION_CONTEXT(2) 
PARAMETRIC_REPRESENTATION_CONTEXT() REPRESENTATION_CONTEXT('2D SPACE',''
  ) );
#2548 = PCURVE('',#2446,#2549);
#2549 = DEFINITIONAL_REPRESENTATION('',(#2550),#2554);
#2550 = LINE('',#2551,#2552);
#2551 = CARTESIAN_POINT('',(0.,0.));
#2552 = VECTOR('',#2553,1.);
#2553 = DIRECTION('',(0.,1.));
#2554 = ( GEOMETRIC_REPRESENTATION_CONTEXT(2) 
PARAMETRIC_REPRESENTATION_CONTEXT() REPRESENTATION_CONTEXT('2D SPACE',''
  ) );
#2555 = ADVANCED_FACE('',(#2556),#795,.T.);
#2556 = FACE_BOUND('',#2557,.T.);
#2557 = EDGE_LOOP('',(#2558,#2559,#2560,#2561));
#2558 = ORIENTED_EDGE('',*,*,#2463,.F.);
#2559 = ORIENTED_EDGE('',*,*,#780,.T.);
#2560 = ORIENTED_EDGE('',*,*,#2512,.T.);
#2561 = ORIENTED_EDGE('',*,*,#2562,.T.);
#2562 = EDGE_CURVE('',#2513,#2464,#2563,.T.);
#2563 = SURFACE_CURVE('',#2564,(#2568,#2575),.PCURVE_S1.);
#2564 = LINE('',#2565,#2566);
#2565 = CARTESIAN_POINT('',(-12.5,13.,13.3));
#2566 = VECTOR('',#2567,1.);
#2567 = DIRECTION('',(1.,0.,0.));
#2568 = PCURVE('',#795,#2569);
#2569 = DEFINITIONAL_REPRESENTATION('',(#2570),#2574);
#2570 = LINE('',#2571,#2572);
#2571 = CARTESIAN_POINT('',(25.,0.));
#2572 = VECTOR('',#2573,1.);
#2573 = DIRECTION('',(0.,1.));
#2574 = ( GEOMETRIC_REPRESENTATION_CONTEXT(2) 
PARAMETRIC_REPRESENTATION_CONTEXT() REPRESENTATION_CONTEXT('2D SPACE',''
  ) );
#2575 = PCURVE('',#2446,#2576);
#2576 = DEFINITIONAL_REPRESENTATION('',(#2577),#2581);
#2577 = LINE('',#2578,#2579);
#2578 = CARTESIAN_POINT('',(0.,16.));
#2579 = VECTOR('',#2580,1.);
#2580 = DIRECTION('',(1.,0.));
#2581 = ( GEOMETRIC_REPRESENTATION_CONTEXT(2) 
PARAMETRIC_REPRESENTATION_CONTEXT() REPRESENTATION_CONTEXT('2D SPACE',''
  ) );
#2582 = ADVANCED_FACE('',(#2583),#853,.F.);
#2583 = FACE_BOUND('',#2584,.F.);
#2584 = EDGE_LOOP('',(#2585,#2586,#2607,#2608));
#2585 = ORIENTED_EDGE('',*,*,#1477,.F.);
#2586 = ORIENTED_EDGE('',*,*,#2587,.F.);
#2587 = EDGE_CURVE('',#833,#1478,#2588,.T.);
#2588 = SEAM_CURVE('',#2589,(#2593,#2600),.PCURVE_S1.);
#2589 = LINE('',#2590,#2591);
#2590 = CARTESIAN_POINT('',(16.9,18.5,0.8));
#2591 = VECTOR('',#2592,1.);
#2592 = DIRECTION('',(0.,0.,-1.));
#2593 = PCURVE('',#853,#2594);
#2594 = DEFINITIONAL_REPRESENTATION('',(#2595),#2599);
#2595 = LINE('',#2596,#2597);
#2596 = CARTESIAN_POINT('',(6.28318530718,-0.));
#2597 = VECTOR('',#2598,1.);
#2598 = DIRECTION('',(0.,1.));
#2599 = ( GEOMETRIC_REPRESENTATION_CONTEXT(2) 
PARAMETRIC_REPRESENTATION_CONTEXT() REPRESENTATION_CONTEXT('2D SPACE',''
  ) );
#2600 = PCURVE('',#853,#2601);
#2601 = DEFINITIONAL_REPRESENTATION('',(#2602),#2606);
#2602 = LINE('',#2603,#2604);
#2603 = CARTESIAN_POINT('',(0.,-0.));
#2604 = VECTOR('',#2605,1.);
#2605 = DIRECTION('',(0.,1.));
#2606 = ( GEOMETRIC_REPRESENTATION_CONTEXT(2) 
PARAMETRIC_REPRESENTATION_CONTEXT() REPRESENTATION_CONTEXT('2D SPACE',''
  ) );
#2607 = ORIENTED_EDGE('',*,*,#832,.T.);
#2608 = ORIENTED_EDGE('',*,*,#2587,.T.);
#2609 = ADVANCED_FACE('',(#2610),#1076,.T.);
#2610 = FACE_BOUND('',#2611,.T.);
#2611 = EDGE_LOOP('',(#2612,#2613,#2636,#2657));
#2612 = ORIENTED_EDGE('',*,*,#1558,.F.);
#2613 = ORIENTED_EDGE('',*,*,#2614,.T.);
#2614 = EDGE_CURVE('',#1559,#2615,#2617,.T.);
#2615 = VERTEX_POINT('',#2616);
#2616 = CARTESIAN_POINT('',(-12.5,-6.,-4.2));
#2617 = SURFACE_CURVE('',#2618,(#2622,#2629),.PCURVE_S1.);
#2618 = LINE('',#2619,#2620);
#2619 = CARTESIAN_POINT('',(-12.5,-18.,-4.2));
#2620 = VECTOR('',#2621,1.);
#2621 = DIRECTION('',(0.,1.,0.));
#2622 = PCURVE('',#1076,#2623);
#2623 = DEFINITIONAL_REPRESENTATION('',(#2624),#2628);
#2624 = LINE('',#2625,#2626);
#2625 = CARTESIAN_POINT('',(0.,0.));
#2626 = VECTOR('',#2627,1.);
#2627 = DIRECTION('',(0.,-1.));
#2628 = ( GEOMETRIC_REPRESENTATION_CONTEXT(2) 
PARAMETRIC_REPRESENTATION_CONTEXT() REPRESENTATION_CONTEXT('2D SPACE',''
  ) );
#2629 = PCURVE('',#1597,#2630);
#2630 = DEFINITIONAL_REPRESENTATION('',(#2631),#2635);
#2631 = LINE('',#2632,#2633);
#2632 = CARTESIAN_POINT('',(8.,0.));
#2633 = VECTOR('',#2634,1.);
#2634 = DIRECTION('',(0.,1.));
#2635 = ( GEOMETRIC_REPRESENTATION_CONTEXT(2) 
PARAMETRIC_REPRESENTATION_CONTEXT() REPRESENTATION_CONTEXT('2D SPACE',''
  ) );
#2636 = ORIENTED_EDGE('',*,*,#2637,.T.);
#2637 = EDGE_CURVE('',#2615,#1038,#2638,.T.);
#2638 = SURFACE_CURVE('',#2639,(#2643,#2650),.PCURVE_S1.);
#2639 = LINE('',#2640,#2641);
#2640 = CARTESIAN_POINT('',(-12.5,-6.,-4.2));
#2641 = VECTOR('',#2642,1.);
#2642 = DIRECTION('',(0.,0.,1.));
#2643 = PCURVE('',#1076,#2644);
#2644 = DEFINITIONAL_REPRESENTATION('',(#2645),#2649);
#2645 = LINE('',#2646,#2647);
#2646 = CARTESIAN_POINT('',(0.,-12.));
#2647 = VECTOR('',#2648,1.);
#2648 = DIRECTION('',(1.,0.));
#2649 = ( GEOMETRIC_REPRESENTATION_CONTEXT(2) 
PARAMETRIC_REPRESENTATION_CONTEXT() REPRESENTATION_CONTEXT('2D SPACE',''
  ) );
#2650 = PCURVE('',#1052,#2651);
#2651 = DEFINITIONAL_REPRESENTATION('',(#2652),#2656);
#2652 = LINE('',#2653,#2654);
#2653 = CARTESIAN_POINT('',(0.,8.));
#2654 = VECTOR('',#2655,1.);
#2655 = DIRECTION('',(1.,0.));
#2656 = ( GEOMETRIC_REPRESENTATION_CONTEXT(2) 
PARAMETRIC_REPRESENTATION_CONTEXT() REPRESENTATION_CONTEXT('2D SPACE',''
  ) );
#2657 = ORIENTED_EDGE('',*,*,#1063,.F.);
#2658 = ADVANCED_FACE('',(#2659),#1052,.T.);
#2659 = FACE_BOUND('',#2660,.T.);
#2660 = EDGE_LOOP('',(#2661,#2662,#2685,#2706));
#2661 = ORIENTED_EDGE('',*,*,#2637,.F.);
#2662 = ORIENTED_EDGE('',*,*,#2663,.F.);
#2663 = EDGE_CURVE('',#2664,#2615,#2666,.T.);
#2664 = VERTEX_POINT('',#2665);
#2665 = CARTESIAN_POINT('',(-20.5,-6.,-4.2));
#2666 = SURFACE_CURVE('',#2667,(#2671,#2678),.PCURVE_S1.);
#2667 = LINE('',#2668,#2669);
#2668 = CARTESIAN_POINT('',(-20.5,-6.,-4.2));
#2669 = VECTOR('',#2670,1.);
#2670 = DIRECTION('',(1.,0.,0.));
#2671 = PCURVE('',#1052,#2672);
#2672 = DEFINITIONAL_REPRESENTATION('',(#2673),#2677);
#2673 = LINE('',#2674,#2675);
#2674 = CARTESIAN_POINT('',(0.,0.));
#2675 = VECTOR('',#2676,1.);
#2676 = DIRECTION('',(0.,1.));
#2677 = ( GEOMETRIC_REPRESENTATION_CONTEXT(2) 
PARAMETRIC_REPRESENTATION_CONTEXT() REPRESENTATION_CONTEXT('2D SPACE',''
  ) );
#2678 = PCURVE('',#1597,#2679);
#2679 = DEFINITIONAL_REPRESENTATION('',(#2680),#2684);
#2680 = LINE('',#2681,#2682);
#2681 = CARTESIAN_POINT('',(0.,12.));
#2682 = VECTOR('',#2683,1.);
#2683 = DIRECTION('',(1.,0.));
#2684 = ( GEOMETRIC_REPRESENTATION_CONTEXT(2) 
PARAMETRIC_REPRESENTATION_CONTEXT() REPRESENTATION_CONTEXT('2D SPACE',''
  ) );
#2685 = ORIENTED_EDGE('',*,*,#2686,.T.);
#2686 = EDGE_CURVE('',#2664,#1012,#2687,.T.);
#2687 = SURFACE_CURVE('',#2688,(#2692,#2699),.PCURVE_S1.);
#2688 = LINE('',#2689,#2690);
#2689 = CARTESIAN_POINT('',(-20.5,-6.,-4.2));
#2690 = VECTOR('',#2691,1.);
#2691 = DIRECTION('',(0.,0.,1.));
#2692 = PCURVE('',#1052,#2693);
#2693 = DEFINITIONAL_REPRESENTATION('',(#2694),#2698);
#2694 = LINE('',#2695,#2696);
#2695 = CARTESIAN_POINT('',(0.,0.));
#2696 = VECTOR('',#2697,1.);
#2697 = DIRECTION('',(1.,0.));
#2698 = ( GEOMETRIC_REPRESENTATION_CONTEXT(2) 
PARAMETRIC_REPRESENTATION_CONTEXT() REPRESENTATION_CONTEXT('2D SPACE',''
  ) );
#2699 = PCURVE('',#1026,#2700);
#2700 = DEFINITIONAL_REPRESENTATION('',(#2701),#2705);
#2701 = LINE('',#2702,#2703);
#2702 = CARTESIAN_POINT('',(0.,-12.));
#2703 = VECTOR('',#2704,1.);
#2704 = DIRECTION('',(1.,0.));
#2705 = ( GEOMETRIC_REPRESENTATION_CONTEXT(2) 
PARAMETRIC_REPRESENTATION_CONTEXT() REPRESENTATION_CONTEXT('2D SPACE',''
  ) );
#2706 = ORIENTED_EDGE('',*,*,#1037,.F.);
#2707 = ADVANCED_FACE('',(#2708),#1026,.F.);
#2708 = FACE_BOUND('',#2709,.F.);
#2709 = EDGE_LOOP('',(#2710,#2711,#2732,#2733));
#2710 = ORIENTED_EDGE('',*,*,#1609,.F.);
#2711 = ORIENTED_EDGE('',*,*,#2712,.T.);
#2712 = EDGE_CURVE('',#1582,#2664,#2713,.T.);
#2713 = SURFACE_CURVE('',#2714,(#2718,#2725),.PCURVE_S1.);
#2714 = LINE('',#2715,#2716);
#2715 = CARTESIAN_POINT('',(-20.5,-18.,-4.2));
#2716 = VECTOR('',#2717,1.);
#2717 = DIRECTION('',(0.,1.,0.));
#2718 = PCURVE('',#1026,#2719);
#2719 = DEFINITIONAL_REPRESENTATION('',(#2720),#2724);
#2720 = LINE('',#2721,#2722);
#2721 = CARTESIAN_POINT('',(0.,0.));
#2722 = VECTOR('',#2723,1.);
#2723 = DIRECTION('',(0.,-1.));
#2724 = ( GEOMETRIC_REPRESENTATION_CONTEXT(2) 
PARAMETRIC_REPRESENTATION_CONTEXT() REPRESENTATION_CONTEXT('2D SPACE',''
  ) );
#2725 = PCURVE('',#1597,#2726);
#2726 = DEFINITIONAL_REPRESENTATION('',(#2727),#2731);
#2727 = LINE('',#2728,#2729);
#2728 = CARTESIAN_POINT('',(0.,0.));
#2729 = VECTOR('',#2730,1.);
#2730 = DIRECTION('',(0.,1.));
#2731 = ( GEOMETRIC_REPRESENTATION_CONTEXT(2) 
PARAMETRIC_REPRESENTATION_CONTEXT() REPRESENTATION_CONTEXT('2D SPACE',''
  ) );
#2732 = ORIENTED_EDGE('',*,*,#2686,.T.);
#2733 = ORIENTED_EDGE('',*,*,#1011,.F.);
#2734 = ADVANCED_FACE('',(#2735),#1106,.F.);
#2735 = FACE_BOUND('',#2736,.F.);
#2736 = EDGE_LOOP('',(#2737,#2760,#2788,#2809));
#2737 = ORIENTED_EDGE('',*,*,#2738,.F.);
#2738 = EDGE_CURVE('',#2739,#1090,#2741,.T.);
#2739 = VERTEX_POINT('',#2740);
#2740 = CARTESIAN_POINT('',(7.5,-20.5,-4.2));
#2741 = SURFACE_CURVE('',#2742,(#2746,#2753),.PCURVE_S1.);
#2742 = LINE('',#2743,#2744);
#2743 = CARTESIAN_POINT('',(7.5,-20.5,-4.2));
#2744 = VECTOR('',#2745,1.);
#2745 = DIRECTION('',(0.,0.,1.));
#2746 = PCURVE('',#1106,#2747);
#2747 = DEFINITIONAL_REPRESENTATION('',(#2748),#2752);
#2748 = LINE('',#2749,#2750);
#2749 = CARTESIAN_POINT('',(0.,15.));
#2750 = VECTOR('',#2751,1.);
#2751 = DIRECTION('',(1.,0.));
#2752 = ( GEOMETRIC_REPRESENTATION_CONTEXT(2) 
PARAMETRIC_REPRESENTATION_CONTEXT() REPRESENTATION_CONTEXT('2D SPACE',''
  ) );
#2753 = PCURVE('',#1182,#2754);
#2754 = DEFINITIONAL_REPRESENTATION('',(#2755),#2759);
#2755 = LINE('',#2756,#2757);
#2756 = CARTESIAN_POINT('',(0.,0.));
#2757 = VECTOR('',#2758,1.);
#2758 = DIRECTION('',(1.,0.));
#2759 = ( GEOMETRIC_REPRESENTATION_CONTEXT(2) 
PARAMETRIC_REPRESENTATION_CONTEXT() REPRESENTATION_CONTEXT('2D SPACE',''
  ) );
#2760 = ORIENTED_EDGE('',*,*,#2761,.F.);
#2761 = EDGE_CURVE('',#2762,#2739,#2764,.T.);
#2762 = VERTEX_POINT('',#2763);
#2763 = CARTESIAN_POINT('',(-7.5,-20.5,-4.2));
#2764 = SURFACE_CURVE('',#2765,(#2769,#2776),.PCURVE_S1.);
#2765 = LINE('',#2766,#2767);
#2766 = CARTESIAN_POINT('',(-7.5,-20.5,-4.2));
#2767 = VECTOR('',#2768,1.);
#2768 = DIRECTION('',(1.,0.,0.));
#2769 = PCURVE('',#1106,#2770);
#2770 = DEFINITIONAL_REPRESENTATION('',(#2771),#2775);
#2771 = LINE('',#2772,#2773);
#2772 = CARTESIAN_POINT('',(0.,0.));
#2773 = VECTOR('',#2774,1.);
#2774 = DIRECTION('',(0.,1.));
#2775 = ( GEOMETRIC_REPRESENTATION_CONTEXT(2) 
PARAMETRIC_REPRESENTATION_CONTEXT() REPRESENTATION_CONTEXT('2D SPACE',''
  ) );
#2776 = PCURVE('',#2777,#2782);
#2777 = PLANE('',#2778);
#2778 = AXIS2_PLACEMENT_3D('',#2779,#2780,#2781);
#2779 = CARTESIAN_POINT('',(-7.5,-20.5,-4.2));
#2780 = DIRECTION('',(0.,0.,1.));
#2781 = DIRECTION('',(1.,0.,0.));
#2782 = DEFINITIONAL_REPRESENTATION('',(#2783),#2787);
#2783 = LINE('',#2784,#2785);
#2784 = CARTESIAN_POINT('',(0.,0.));
#2785 = VECTOR('',#2786,1.);
#2786 = DIRECTION('',(1.,0.));
#2787 = ( GEOMETRIC_REPRESENTATION_CONTEXT(2) 
PARAMETRIC_REPRESENTATION_CONTEXT() REPRESENTATION_CONTEXT('2D SPACE',''
  ) );
#2788 = ORIENTED_EDGE('',*,*,#2789,.T.);
#2789 = EDGE_CURVE('',#2762,#1092,#2790,.T.);
#2790 = SURFACE_CURVE('',#2791,(#2795,#2802),.PCURVE_S1.);
#2791 = LINE('',#2792,#2793);
#2792 = CARTESIAN_POINT('',(-7.5,-20.5,-4.2));
#2793 = VECTOR('',#2794,1.);
#2794 = DIRECTION('',(0.,0.,1.));
#2795 = PCURVE('',#1106,#2796);
#2796 = DEFINITIONAL_REPRESENTATION('',(#2797),#2801);
#2797 = LINE('',#2798,#2799);
#2798 = CARTESIAN_POINT('',(0.,0.));
#2799 = VECTOR('',#2800,1.);
#2800 = DIRECTION('',(1.,0.));
#2801 = ( GEOMETRIC_REPRESENTATION_CONTEXT(2) 
PARAMETRIC_REPRESENTATION_CONTEXT() REPRESENTATION_CONTEXT('2D SPACE',''
  ) );
#2802 = PCURVE('',#1132,#2803);
#2803 = DEFINITIONAL_REPRESENTATION('',(#2804),#2808);
#2804 = LINE('',#2805,#2806);
#2805 = CARTESIAN_POINT('',(0.,0.));
#2806 = VECTOR('',#2807,1.);
#2807 = DIRECTION('',(1.,0.));
#2808 = ( GEOMETRIC_REPRESENTATION_CONTEXT(2) 
PARAMETRIC_REPRESENTATION_CONTEXT() REPRESENTATION_CONTEXT('2D SPACE',''
  ) );
#2809 = ORIENTED_EDGE('',*,*,#1089,.F.);
#2810 = ADVANCED_FACE('',(#2811),#1182,.T.);
#2811 = FACE_BOUND('',#2812,.T.);
#2812 = EDGE_LOOP('',(#2813,#2814,#2837,#2858));
#2813 = ORIENTED_EDGE('',*,*,#2738,.F.);
#2814 = ORIENTED_EDGE('',*,*,#2815,.T.);
#2815 = EDGE_CURVE('',#2739,#2816,#2818,.T.);
#2816 = VERTEX_POINT('',#2817);
#2817 = CARTESIAN_POINT('',(7.5,-12.5,-4.2));
#2818 = SURFACE_CURVE('',#2819,(#2823,#2830),.PCURVE_S1.);
#2819 = LINE('',#2820,#2821);
#2820 = CARTESIAN_POINT('',(7.5,-20.5,-4.2));
#2821 = VECTOR('',#2822,1.);
#2822 = DIRECTION('',(0.,1.,0.));
#2823 = PCURVE('',#1182,#2824);
#2824 = DEFINITIONAL_REPRESENTATION('',(#2825),#2829);
#2825 = LINE('',#2826,#2827);
#2826 = CARTESIAN_POINT('',(0.,0.));
#2827 = VECTOR('',#2828,1.);
#2828 = DIRECTION('',(0.,-1.));
#2829 = ( GEOMETRIC_REPRESENTATION_CONTEXT(2) 
PARAMETRIC_REPRESENTATION_CONTEXT() REPRESENTATION_CONTEXT('2D SPACE',''
  ) );
#2830 = PCURVE('',#2777,#2831);
#2831 = DEFINITIONAL_REPRESENTATION('',(#2832),#2836);
#2832 = LINE('',#2833,#2834);
#2833 = CARTESIAN_POINT('',(15.,0.));
#2834 = VECTOR('',#2835,1.);
#2835 = DIRECTION('',(0.,1.));
#2836 = ( GEOMETRIC_REPRESENTATION_CONTEXT(2) 
PARAMETRIC_REPRESENTATION_CONTEXT() REPRESENTATION_CONTEXT('2D SPACE',''
  ) );
#2837 = ORIENTED_EDGE('',*,*,#2838,.T.);
#2838 = EDGE_CURVE('',#2816,#1144,#2839,.T.);
#2839 = SURFACE_CURVE('',#2840,(#2844,#2851),.PCURVE_S1.);
#2840 = LINE('',#2841,#2842);
#2841 = CARTESIAN_POINT('',(7.5,-12.5,-4.2));
#2842 = VECTOR('',#2843,1.);
#2843 = DIRECTION('',(0.,0.,1.));
#2844 = PCURVE('',#1182,#2845);
#2845 = DEFINITIONAL_REPRESENTATION('',(#2846),#2850);
#2846 = LINE('',#2847,#2848);
#2847 = CARTESIAN_POINT('',(0.,-8.));
#2848 = VECTOR('',#2849,1.);
#2849 = DIRECTION('',(1.,0.));
#2850 = ( GEOMETRIC_REPRESENTATION_CONTEXT(2) 
PARAMETRIC_REPRESENTATION_CONTEXT() REPRESENTATION_CONTEXT('2D SPACE',''
  ) );
#2851 = PCURVE('',#1158,#2852);
#2852 = DEFINITIONAL_REPRESENTATION('',(#2853),#2857);
#2853 = LINE('',#2854,#2855);
#2854 = CARTESIAN_POINT('',(0.,15.));
#2855 = VECTOR('',#2856,1.);
#2856 = DIRECTION('',(1.,0.));
#2857 = ( GEOMETRIC_REPRESENTATION_CONTEXT(2) 
PARAMETRIC_REPRESENTATION_CONTEXT() REPRESENTATION_CONTEXT('2D SPACE',''
  ) );
#2858 = ORIENTED_EDGE('',*,*,#1169,.F.);
#2859 = ADVANCED_FACE('',(#2860),#1158,.T.);
#2860 = FACE_BOUND('',#2861,.T.);
#2861 = EDGE_LOOP('',(#2862,#2863,#2886,#2907));
#2862 = ORIENTED_EDGE('',*,*,#2838,.F.);
#2863 = ORIENTED_EDGE('',*,*,#2864,.F.);
#2864 = EDGE_CURVE('',#2865,#2816,#2867,.T.);
#2865 = VERTEX_POINT('',#2866);
#2866 = CARTESIAN_POINT('',(-7.5,-12.5,-4.2));
#2867 = SURFACE_CURVE('',#2868,(#2872,#2879),.PCURVE_S1.);
#2868 = LINE('',#2869,#2870);
#2869 = CARTESIAN_POINT('',(-7.5,-12.5,-4.2));
#2870 = VECTOR('',#2871,1.);
#2871 = DIRECTION('',(1.,0.,0.));
#2872 = PCURVE('',#1158,#2873);
#2873 = DEFINITIONAL_REPRESENTATION('',(#2874),#2878);
#2874 = LINE('',#2875,#2876);
#2875 = CARTESIAN_POINT('',(0.,0.));
#2876 = VECTOR('',#2877,1.);
#2877 = DIRECTION('',(0.,1.));
#2878 = ( GEOMETRIC_REPRESENTATION_CONTEXT(2) 
PARAMETRIC_REPRESENTATION_CONTEXT() REPRESENTATION_CONTEXT('2D SPACE',''
  ) );
#2879 = PCURVE('',#2777,#2880);
#2880 = DEFINITIONAL_REPRESENTATION('',(#2881),#2885);
#2881 = LINE('',#2882,#2883);
#2882 = CARTESIAN_POINT('',(0.,8.));
#2883 = VECTOR('',#2884,1.);
#2884 = DIRECTION('',(1.,0.));
#2885 = ( GEOMETRIC_REPRESENTATION_CONTEXT(2) 
PARAMETRIC_REPRESENTATION_CONTEXT() REPRESENTATION_CONTEXT('2D SPACE',''
  ) );
#2886 = ORIENTED_EDGE('',*,*,#2887,.T.);
#2887 = EDGE_CURVE('',#2865,#1118,#2888,.T.);
#2888 = SURFACE_CURVE('',#2889,(#2893,#2900),.PCURVE_S1.);
#2889 = LINE('',#2890,#2891);
#2890 = CARTESIAN_POINT('',(-7.5,-12.5,-4.2));
#2891 = VECTOR('',#2892,1.);
#2892 = DIRECTION('',(0.,0.,1.));
#2893 = PCURVE('',#1158,#2894);
#2894 = DEFINITIONAL_REPRESENTATION('',(#2895),#2899);
#2895 = LINE('',#2896,#2897);
#2896 = CARTESIAN_POINT('',(0.,0.));
#2897 = VECTOR('',#2898,1.);
#2898 = DIRECTION('',(1.,0.));
#2899 = ( GEOMETRIC_REPRESENTATION_CONTEXT(2) 
PARAMETRIC_REPRESENTATION_CONTEXT() REPRESENTATION_CONTEXT('2D SPACE',''
  ) );
#2900 = PCURVE('',#1132,#2901);
#2901 = DEFINITIONAL_REPRESENTATION('',(#2902),#2906);
#2902 = LINE('',#2903,#2904);
#2903 = CARTESIAN_POINT('',(0.,-8.));
#2904 = VECTOR('',#2905,1.);
#2905 = DIRECTION('',(1.,0.));
#2906 = ( GEOMETRIC_REPRESENTATION_CONTEXT(2) 
PARAMETRIC_REPRESENTATION_CONTEXT() REPRESENTATION_CONTEXT('2D SPACE',''
  ) );
#2907 = ORIENTED_EDGE('',*,*,#1143,.F.);
#2908 = ADVANCED_FACE('',(#2909),#1132,.F.);
#2909 = FACE_BOUND('',#2910,.F.);
#2910 = EDGE_LOOP('',(#2911,#2912,#2933,#2934));
#2911 = ORIENTED_EDGE('',*,*,#2789,.F.);
#2912 = ORIENTED_EDGE('',*,*,#2913,.T.);
#2913 = EDGE_CURVE('',#2762,#2865,#2914,.T.);
#2914 = SURFACE_CURVE('',#2915,(#2919,#2926),.PCURVE_S1.);
#2915 = LINE('',#2916,#2917);
#2916 = CARTESIAN_POINT('',(-7.5,-20.5,-4.2));
#2917 = VECTOR('',#2918,1.);
#2918 = DIRECTION('',(0.,1.,0.));
#2919 = PCURVE('',#1132,#2920);
#2920 = DEFINITIONAL_REPRESENTATION('',(#2921),#2925);
#2921 = LINE('',#2922,#2923);
#2922 = CARTESIAN_POINT('',(0.,0.));
#2923 = VECTOR('',#2924,1.);
#2924 = DIRECTION('',(0.,-1.));
#2925 = ( GEOMETRIC_REPRESENTATION_CONTEXT(2) 
PARAMETRIC_REPRESENTATION_CONTEXT() REPRESENTATION_CONTEXT('2D SPACE',''
  ) );
#2926 = PCURVE('',#2777,#2927);
#2927 = DEFINITIONAL_REPRESENTATION('',(#2928),#2932);
#2928 = LINE('',#2929,#2930);
#2929 = CARTESIAN_POINT('',(0.,0.));
#2930 = VECTOR('',#2931,1.);
#2931 = DIRECTION('',(0.,1.));
#2932 = ( GEOMETRIC_REPRESENTATION_CONTEXT(2) 
PARAMETRIC_REPRESENTATION_CONTEXT() REPRESENTATION_CONTEXT('2D SPACE',''
  ) );
#2933 = ORIENTED_EDGE('',*,*,#2887,.T.);
#2934 = ORIENTED_EDGE('',*,*,#1117,.F.);
#2935 = ADVANCED_FACE('',(#2936),#1328,.T.);
#2936 = FACE_BOUND('',#2937,.T.);
#2937 = EDGE_LOOP('',(#2938,#2939,#2962,#2983));
#2938 = ORIENTED_EDGE('',*,*,#2080,.F.);
#2939 = ORIENTED_EDGE('',*,*,#2940,.T.);
#2940 = EDGE_CURVE('',#2081,#2941,#2943,.T.);
#2941 = VERTEX_POINT('',#2942);
#2942 = CARTESIAN_POINT('',(20.5,-6.,-4.2));
#2943 = SURFACE_CURVE('',#2944,(#2948,#2955),.PCURVE_S1.);
#2944 = LINE('',#2945,#2946);
#2945 = CARTESIAN_POINT('',(20.5,-18.,-4.2));
#2946 = VECTOR('',#2947,1.);
#2947 = DIRECTION('',(0.,1.,0.));
#2948 = PCURVE('',#1328,#2949);
#2949 = DEFINITIONAL_REPRESENTATION('',(#2950),#2954);
#2950 = LINE('',#2951,#2952);
#2951 = CARTESIAN_POINT('',(0.,0.));
#2952 = VECTOR('',#2953,1.);
#2953 = DIRECTION('',(0.,-1.));
#2954 = ( GEOMETRIC_REPRESENTATION_CONTEXT(2) 
PARAMETRIC_REPRESENTATION_CONTEXT() REPRESENTATION_CONTEXT('2D SPACE',''
  ) );
#2955 = PCURVE('',#2119,#2956);
#2956 = DEFINITIONAL_REPRESENTATION('',(#2957),#2961);
#2957 = LINE('',#2958,#2959);
#2958 = CARTESIAN_POINT('',(8.,0.));
#2959 = VECTOR('',#2960,1.);
#2960 = DIRECTION('',(0.,1.));
#2961 = ( GEOMETRIC_REPRESENTATION_CONTEXT(2) 
PARAMETRIC_REPRESENTATION_CONTEXT() REPRESENTATION_CONTEXT('2D SPACE',''
  ) );
#2962 = ORIENTED_EDGE('',*,*,#2963,.T.);
#2963 = EDGE_CURVE('',#2941,#1290,#2964,.T.);
#2964 = SURFACE_CURVE('',#2965,(#2969,#2976),.PCURVE_S1.);
#2965 = LINE('',#2966,#2967);
#2966 = CARTESIAN_POINT('',(20.5,-6.,-4.2));
#2967 = VECTOR('',#2968,1.);
#2968 = DIRECTION('',(0.,0.,1.));
#2969 = PCURVE('',#1328,#2970);
#2970 = DEFINITIONAL_REPRESENTATION('',(#2971),#2975);
#2971 = LINE('',#2972,#2973);
#2972 = CARTESIAN_POINT('',(0.,-12.));
#2973 = VECTOR('',#2974,1.);
#2974 = DIRECTION('',(1.,0.));
#2975 = ( GEOMETRIC_REPRESENTATION_CONTEXT(2) 
PARAMETRIC_REPRESENTATION_CONTEXT() REPRESENTATION_CONTEXT('2D SPACE',''
  ) );
#2976 = PCURVE('',#1304,#2977);
#2977 = DEFINITIONAL_REPRESENTATION('',(#2978),#2982);
#2978 = LINE('',#2979,#2980);
#2979 = CARTESIAN_POINT('',(0.,8.));
#2980 = VECTOR('',#2981,1.);
#2981 = DIRECTION('',(1.,0.));
#2982 = ( GEOMETRIC_REPRESENTATION_CONTEXT(2) 
PARAMETRIC_REPRESENTATION_CONTEXT() REPRESENTATION_CONTEXT('2D SPACE',''
  ) );
#2983 = ORIENTED_EDGE('',*,*,#1315,.F.);
#2984 = ADVANCED_FACE('',(#2985),#1304,.T.);
#2985 = FACE_BOUND('',#2986,.T.);
#2986 = EDGE_LOOP('',(#2987,#2988,#3011,#3032));
#2987 = ORIENTED_EDGE('',*,*,#2963,.F.);
#2988 = ORIENTED_EDGE('',*,*,#2989,.F.);
#2989 = EDGE_CURVE('',#2990,#2941,#2992,.T.);
#2990 = VERTEX_POINT('',#2991);
#2991 = CARTESIAN_POINT('',(12.5,-6.,-4.2));
#2992 = SURFACE_CURVE('',#2993,(#2997,#3004),.PCURVE_S1.);
#2993 = LINE('',#2994,#2995);
#2994 = CARTESIAN_POINT('',(12.5,-6.,-4.2));
#2995 = VECTOR('',#2996,1.);
#2996 = DIRECTION('',(1.,0.,0.));
#2997 = PCURVE('',#1304,#2998);
#2998 = DEFINITIONAL_REPRESENTATION('',(#2999),#3003);
#2999 = LINE('',#3000,#3001);
#3000 = CARTESIAN_POINT('',(0.,0.));
#3001 = VECTOR('',#3002,1.);
#3002 = DIRECTION('',(0.,1.));
#3003 = ( GEOMETRIC_REPRESENTATION_CONTEXT(2) 
PARAMETRIC_REPRESENTATION_CONTEXT() REPRESENTATION_CONTEXT('2D SPACE',''
  ) );
#3004 = PCURVE('',#2119,#3005);
#3005 = DEFINITIONAL_REPRESENTATION('',(#3006),#3010);
#3006 = LINE('',#3007,#3008);
#3007 = CARTESIAN_POINT('',(0.,12.));
#3008 = VECTOR('',#3009,1.);
#3009 = DIRECTION('',(1.,0.));
#3010 = ( GEOMETRIC_REPRESENTATION_CONTEXT(2) 
PARAMETRIC_REPRESENTATION_CONTEXT() REPRESENTATION_CONTEXT('2D SPACE',''
  ) );
#3011 = ORIENTED_EDGE('',*,*,#3012,.T.);
#3012 = EDGE_CURVE('',#2990,#1264,#3013,.T.);
#3013 = SURFACE_CURVE('',#3014,(#3018,#3025),.PCURVE_S1.);
#3014 = LINE('',#3015,#3016);
#3015 = CARTESIAN_POINT('',(12.5,-6.,-4.2));
#3016 = VECTOR('',#3017,1.);
#3017 = DIRECTION('',(0.,0.,1.));
#3018 = PCURVE('',#1304,#3019);
#3019 = DEFINITIONAL_REPRESENTATION('',(#3020),#3024);
#3020 = LINE('',#3021,#3022);
#3021 = CARTESIAN_POINT('',(0.,0.));
#3022 = VECTOR('',#3023,1.);
#3023 = DIRECTION('',(1.,0.));
#3024 = ( GEOMETRIC_REPRESENTATION_CONTEXT(2) 
PARAMETRIC_REPRESENTATION_CONTEXT() REPRESENTATION_CONTEXT('2D SPACE',''
  ) );
#3025 = PCURVE('',#1278,#3026);
#3026 = DEFINITIONAL_REPRESENTATION('',(#3027),#3031);
#3027 = LINE('',#3028,#3029);
#3028 = CARTESIAN_POINT('',(0.,-12.));
#3029 = VECTOR('',#3030,1.);
#3030 = DIRECTION('',(1.,0.));
#3031 = ( GEOMETRIC_REPRESENTATION_CONTEXT(2) 
PARAMETRIC_REPRESENTATION_CONTEXT() REPRESENTATION_CONTEXT('2D SPACE',''
  ) );
#3032 = ORIENTED_EDGE('',*,*,#1289,.F.);
#3033 = ADVANCED_FACE('',(#3034),#1278,.F.);
#3034 = FACE_BOUND('',#3035,.F.);
#3035 = EDGE_LOOP('',(#3036,#3037,#3058,#3059));
#3036 = ORIENTED_EDGE('',*,*,#2131,.F.);
#3037 = ORIENTED_EDGE('',*,*,#3038,.T.);
#3038 = EDGE_CURVE('',#2104,#2990,#3039,.T.);
#3039 = SURFACE_CURVE('',#3040,(#3044,#3051),.PCURVE_S1.);
#3040 = LINE('',#3041,#3042);
#3041 = CARTESIAN_POINT('',(12.5,-18.,-4.2));
#3042 = VECTOR('',#3043,1.);
#3043 = DIRECTION('',(0.,1.,0.));
#3044 = PCURVE('',#1278,#3045);
#3045 = DEFINITIONAL_REPRESENTATION('',(#3046),#3050);
#3046 = LINE('',#3047,#3048);
#3047 = CARTESIAN_POINT('',(0.,0.));
#3048 = VECTOR('',#3049,1.);
#3049 = DIRECTION('',(0.,-1.));
#3050 = ( GEOMETRIC_REPRESENTATION_CONTEXT(2) 
PARAMETRIC_REPRESENTATION_CONTEXT() REPRESENTATION_CONTEXT('2D SPACE',''
  ) );
#3051 = PCURVE('',#2119,#3052);
#3052 = DEFINITIONAL_REPRESENTATION('',(#3053),#3057);
#3053 = LINE('',#3054,#3055);
#3054 = CARTESIAN_POINT('',(0.,0.));
#3055 = VECTOR('',#3056,1.);
#3056 = DIRECTION('',(0.,1.));
#3057 = ( GEOMETRIC_REPRESENTATION_CONTEXT(2) 
PARAMETRIC_REPRESENTATION_CONTEXT() REPRESENTATION_CONTEXT('2D SPACE',''
  ) );
#3058 = ORIENTED_EDGE('',*,*,#3012,.T.);
#3059 = ORIENTED_EDGE('',*,*,#1263,.F.);
#3060 = ADVANCED_FACE('',(#3061),#1388,.F.);
#3061 = FACE_BOUND('',#3062,.F.);
#3062 = EDGE_LOOP('',(#3063,#3086,#3114,#3135));
#3063 = ORIENTED_EDGE('',*,*,#3064,.F.);
#3064 = EDGE_CURVE('',#3065,#1372,#3067,.T.);
#3065 = VERTEX_POINT('',#3066);
#3066 = CARTESIAN_POINT('',(12.5,-3.,-11.7));
#3067 = SURFACE_CURVE('',#3068,(#3072,#3079),.PCURVE_S1.);
#3068 = LINE('',#3069,#3070);
#3069 = CARTESIAN_POINT('',(12.5,-3.,-11.7));
#3070 = VECTOR('',#3071,1.);
#3071 = DIRECTION('',(0.,0.,1.));
#3072 = PCURVE('',#1388,#3073);
#3073 = DEFINITIONAL_REPRESENTATION('',(#3074),#3078);
#3074 = LINE('',#3075,#3076);
#3075 = CARTESIAN_POINT('',(0.,25.));
#3076 = VECTOR('',#3077,1.);
#3077 = DIRECTION('',(1.,0.));
#3078 = ( GEOMETRIC_REPRESENTATION_CONTEXT(2) 
PARAMETRIC_REPRESENTATION_CONTEXT() REPRESENTATION_CONTEXT('2D SPACE',''
  ) );
#3079 = PCURVE('',#1464,#3080);
#3080 = DEFINITIONAL_REPRESENTATION('',(#3081),#3085);
#3081 = LINE('',#3082,#3083);
#3082 = CARTESIAN_POINT('',(0.,0.));
#3083 = VECTOR('',#3084,1.);
#3084 = DIRECTION('',(1.,0.));
#3085 = ( GEOMETRIC_REPRESENTATION_CONTEXT(2) 
PARAMETRIC_REPRESENTATION_CONTEXT() REPRESENTATION_CONTEXT('2D SPACE',''
  ) );
#3086 = ORIENTED_EDGE('',*,*,#3087,.F.);
#3087 = EDGE_CURVE('',#3088,#3065,#3090,.T.);
#3088 = VERTEX_POINT('',#3089);
#3089 = CARTESIAN_POINT('',(-12.5,-3.,-11.7));
#3090 = SURFACE_CURVE('',#3091,(#3095,#3102),.PCURVE_S1.);
#3091 = LINE('',#3092,#3093);
#3092 = CARTESIAN_POINT('',(-12.5,-3.,-11.7));
#3093 = VECTOR('',#3094,1.);
#3094 = DIRECTION('',(1.,0.,0.));
#3095 = PCURVE('',#1388,#3096);
#3096 = DEFINITIONAL_REPRESENTATION('',(#3097),#3101);
#3097 = LINE('',#3098,#3099);
#3098 = CARTESIAN_POINT('',(0.,0.));
#3099 = VECTOR('',#3100,1.);
#3100 = DIRECTION('',(0.,1.));
#3101 = ( GEOMETRIC_REPRESENTATION_CONTEXT(2) 
PARAMETRIC_REPRESENTATION_CONTEXT() REPRESENTATION_CONTEXT('2D SPACE',''
  ) );
#3102 = PCURVE('',#3103,#3108);
#3103 = PLANE('',#3104);
#3104 = AXIS2_PLACEMENT_3D('',#3105,#3106,#3107);
#3105 = CARTESIAN_POINT('',(-12.5,-3.,-11.7));
#3106 = DIRECTION('',(0.,0.,1.));
#3107 = DIRECTION('',(1.,0.,0.));
#3108 = DEFINITIONAL_REPRESENTATION('',(#3109),#3113);
#3109 = LINE('',#3110,#3111);
#3110 = CARTESIAN_POINT('',(0.,0.));
#3111 = VECTOR('',#3112,1.);
#3112 = DIRECTION('',(1.,0.));
#3113 = ( GEOMETRIC_REPRESENTATION_CONTEXT(2) 
PARAMETRIC_REPRESENTATION_CONTEXT() REPRESENTATION_CONTEXT('2D SPACE',''
  ) );
#3114 = ORIENTED_EDGE('',*,*,#3115,.T.);
#3115 = EDGE_CURVE('',#3088,#1374,#3116,.T.);
#3116 = SURFACE_CURVE('',#3117,(#3121,#3128),.PCURVE_S1.);
#3117 = LINE('',#3118,#3119);
#3118 = CARTESIAN_POINT('',(-12.5,-3.,-11.7));
#3119 = VECTOR('',#3120,1.);
#3120 = DIRECTION('',(0.,0.,1.));
#3121 = PCURVE('',#1388,#3122);
#3122 = DEFINITIONAL_REPRESENTATION('',(#3123),#3127);
#3123 = LINE('',#3124,#3125);
#3124 = CARTESIAN_POINT('',(0.,0.));
#3125 = VECTOR('',#3126,1.);
#3126 = DIRECTION('',(1.,0.));
#3127 = ( GEOMETRIC_REPRESENTATION_CONTEXT(2) 
PARAMETRIC_REPRESENTATION_CONTEXT() REPRESENTATION_CONTEXT('2D SPACE',''
  ) );
#3128 = PCURVE('',#1414,#3129);
#3129 = DEFINITIONAL_REPRESENTATION('',(#3130),#3134);
#3130 = LINE('',#3131,#3132);
#3131 = CARTESIAN_POINT('',(0.,0.));
#3132 = VECTOR('',#3133,1.);
#3133 = DIRECTION('',(1.,0.));
#3134 = ( GEOMETRIC_REPRESENTATION_CONTEXT(2) 
PARAMETRIC_REPRESENTATION_CONTEXT() REPRESENTATION_CONTEXT('2D SPACE',''
  ) );
#3135 = ORIENTED_EDGE('',*,*,#1371,.F.);
#3136 = ADVANCED_FACE('',(#3137),#1464,.T.);
#3137 = FACE_BOUND('',#3138,.T.);
#3138 = EDGE_LOOP('',(#3139,#3140,#3163,#3184));
#3139 = ORIENTED_EDGE('',*,*,#3064,.F.);
#3140 = ORIENTED_EDGE('',*,*,#3141,.T.);
#3141 = EDGE_CURVE('',#3065,#3142,#3144,.T.);
#3142 = VERTEX_POINT('',#3143);
#3143 = CARTESIAN_POINT('',(12.5,13.,-11.7));
#3144 = SURFACE_CURVE('',#3145,(#3149,#3156),.PCURVE_S1.);
#3145 = LINE('',#3146,#3147);
#3146 = CARTESIAN_POINT('',(12.5,-3.,-11.7));
#3147 = VECTOR('',#3148,1.);
#3148 = DIRECTION('',(0.,1.,0.));
#3149 = PCURVE('',#1464,#3150);
#3150 = DEFINITIONAL_REPRESENTATION('',(#3151),#3155);
#3151 = LINE('',#3152,#3153);
#3152 = CARTESIAN_POINT('',(0.,0.));
#3153 = VECTOR('',#3154,1.);
#3154 = DIRECTION('',(0.,-1.));
#3155 = ( GEOMETRIC_REPRESENTATION_CONTEXT(2) 
PARAMETRIC_REPRESENTATION_CONTEXT() REPRESENTATION_CONTEXT('2D SPACE',''
  ) );
#3156 = PCURVE('',#3103,#3157);
#3157 = DEFINITIONAL_REPRESENTATION('',(#3158),#3162);
#3158 = LINE('',#3159,#3160);
#3159 = CARTESIAN_POINT('',(25.,0.));
#3160 = VECTOR('',#3161,1.);
#3161 = DIRECTION('',(0.,1.));
#3162 = ( GEOMETRIC_REPRESENTATION_CONTEXT(2) 
PARAMETRIC_REPRESENTATION_CONTEXT() REPRESENTATION_CONTEXT('2D SPACE',''
  ) );
#3163 = ORIENTED_EDGE('',*,*,#3164,.T.);
#3164 = EDGE_CURVE('',#3142,#1426,#3165,.T.);
#3165 = SURFACE_CURVE('',#3166,(#3170,#3177),.PCURVE_S1.);
#3166 = LINE('',#3167,#3168);
#3167 = CARTESIAN_POINT('',(12.5,13.,-11.7));
#3168 = VECTOR('',#3169,1.);
#3169 = DIRECTION('',(0.,0.,1.));
#3170 = PCURVE('',#1464,#3171);
#3171 = DEFINITIONAL_REPRESENTATION('',(#3172),#3176);
#3172 = LINE('',#3173,#3174);
#3173 = CARTESIAN_POINT('',(0.,-16.));
#3174 = VECTOR('',#3175,1.);
#3175 = DIRECTION('',(1.,0.));
#3176 = ( GEOMETRIC_REPRESENTATION_CONTEXT(2) 
PARAMETRIC_REPRESENTATION_CONTEXT() REPRESENTATION_CONTEXT('2D SPACE',''
  ) );
#3177 = PCURVE('',#1440,#3178);
#3178 = DEFINITIONAL_REPRESENTATION('',(#3179),#3183);
#3179 = LINE('',#3180,#3181);
#3180 = CARTESIAN_POINT('',(0.,25.));
#3181 = VECTOR('',#3182,1.);
#3182 = DIRECTION('',(1.,0.));
#3183 = ( GEOMETRIC_REPRESENTATION_CONTEXT(2) 
PARAMETRIC_REPRESENTATION_CONTEXT() REPRESENTATION_CONTEXT('2D SPACE',''
  ) );
#3184 = ORIENTED_EDGE('',*,*,#1451,.F.);
#3185 = ADVANCED_FACE('',(#3186),#1414,.F.);
#3186 = FACE_BOUND('',#3187,.F.);
#3187 = EDGE_LOOP('',(#3188,#3189,#3212,#3233));
#3188 = ORIENTED_EDGE('',*,*,#3115,.F.);
#3189 = ORIENTED_EDGE('',*,*,#3190,.T.);
#3190 = EDGE_CURVE('',#3088,#3191,#3193,.T.);
#3191 = VERTEX_POINT('',#3192);
#3192 = CARTESIAN_POINT('',(-12.5,13.,-11.7));
#3193 = SURFACE_CURVE('',#3194,(#3198,#3205),.PCURVE_S1.);
#3194 = LINE('',#3195,#3196);
#3195 = CARTESIAN_POINT('',(-12.5,-3.,-11.7));
#3196 = VECTOR('',#3197,1.);
#3197 = DIRECTION('',(0.,1.,0.));
#3198 = PCURVE('',#1414,#3199);
#3199 = DEFINITIONAL_REPRESENTATION('',(#3200),#3204);
#3200 = LINE('',#3201,#3202);
#3201 = CARTESIAN_POINT('',(0.,0.));
#3202 = VECTOR('',#3203,1.);
#3203 = DIRECTION('',(0.,-1.));
#3204 = ( GEOMETRIC_REPRESENTATION_CONTEXT(2) 
PARAMETRIC_REPRESENTATION_CONTEXT() REPRESENTATION_CONTEXT('2D SPACE',''
  ) );
#3205 = PCURVE('',#3103,#3206);
#3206 = DEFINITIONAL_REPRESENTATION('',(#3207),#3211);
#3207 = LINE('',#3208,#3209);
#3208 = CARTESIAN_POINT('',(0.,0.));
#3209 = VECTOR('',#3210,1.);
#3210 = DIRECTION('',(0.,1.));
#3211 = ( GEOMETRIC_REPRESENTATION_CONTEXT(2) 
PARAMETRIC_REPRESENTATION_CONTEXT() REPRESENTATION_CONTEXT('2D SPACE',''
  ) );
#3212 = ORIENTED_EDGE('',*,*,#3213,.T.);
#3213 = EDGE_CURVE('',#3191,#1400,#3214,.T.);
#3214 = SURFACE_CURVE('',#3215,(#3219,#3226),.PCURVE_S1.);
#3215 = LINE('',#3216,#3217);
#3216 = CARTESIAN_POINT('',(-12.5,13.,-11.7));
#3217 = VECTOR('',#3218,1.);
#3218 = DIRECTION('',(0.,0.,1.));
#3219 = PCURVE('',#1414,#3220);
#3220 = DEFINITIONAL_REPRESENTATION('',(#3221),#3225);
#3221 = LINE('',#3222,#3223);
#3222 = CARTESIAN_POINT('',(0.,-16.));
#3223 = VECTOR('',#3224,1.);
#3224 = DIRECTION('',(1.,0.));
#3225 = ( GEOMETRIC_REPRESENTATION_CONTEXT(2) 
PARAMETRIC_REPRESENTATION_CONTEXT() REPRESENTATION_CONTEXT('2D SPACE',''
  ) );
#3226 = PCURVE('',#1440,#3227);
#3227 = DEFINITIONAL_REPRESENTATION('',(#3228),#3232);
#3228 = LINE('',#3229,#3230);
#3229 = CARTESIAN_POINT('',(0.,0.));
#3230 = VECTOR('',#3231,1.);
#3231 = DIRECTION('',(1.,0.));
#3232 = ( GEOMETRIC_REPRESENTATION_CONTEXT(2) 
PARAMETRIC_REPRESENTATION_CONTEXT() REPRESENTATION_CONTEXT('2D SPACE',''
  ) );
#3233 = ORIENTED_EDGE('',*,*,#1399,.F.);
#3234 = ADVANCED_FACE('',(#3235),#1440,.T.);
#3235 = FACE_BOUND('',#3236,.T.);
#3236 = EDGE_LOOP('',(#3237,#3238,#3259,#3260));
#3237 = ORIENTED_EDGE('',*,*,#3164,.F.);
#3238 = ORIENTED_EDGE('',*,*,#3239,.F.);
#3239 = EDGE_CURVE('',#3191,#3142,#3240,.T.);
#3240 = SURFACE_CURVE('',#3241,(#3245,#3252),.PCURVE_S1.);
#3241 = LINE('',#3242,#3243);
#3242 = CARTESIAN_POINT('',(-12.5,13.,-11.7));
#3243 = VECTOR('',#3244,1.);
#3244 = DIRECTION('',(1.,0.,0.));
#3245 = PCURVE('',#1440,#3246);
#3246 = DEFINITIONAL_REPRESENTATION('',(#3247),#3251);
#3247 = LINE('',#3248,#3249);
#3248 = CARTESIAN_POINT('',(0.,0.));
#3249 = VECTOR('',#3250,1.);
#3250 = DIRECTION('',(0.,1.));
#3251 = ( GEOMETRIC_REPRESENTATION_CONTEXT(2) 
PARAMETRIC_REPRESENTATION_CONTEXT() REPRESENTATION_CONTEXT('2D SPACE',''
  ) );
#3252 = PCURVE('',#3103,#3253);
#3253 = DEFINITIONAL_REPRESENTATION('',(#3254),#3258);
#3254 = LINE('',#3255,#3256);
#3255 = CARTESIAN_POINT('',(0.,16.));
#3256 = VECTOR('',#3257,1.);
#3257 = DIRECTION('',(1.,0.));
#3258 = ( GEOMETRIC_REPRESENTATION_CONTEXT(2) 
PARAMETRIC_REPRESENTATION_CONTEXT() REPRESENTATION_CONTEXT('2D SPACE',''
  ) );
#3259 = ORIENTED_EDGE('',*,*,#3213,.T.);
#3260 = ORIENTED_EDGE('',*,*,#1425,.F.);
#3261 = ADVANCED_FACE('',(#3262),#1672,.T.);
#3262 = FACE_BOUND('',#3263,.T.);
#3263 = EDGE_LOOP('',(#3264,#3265,#3266,#3267));
#3264 = ORIENTED_EDGE('',*,*,#1785,.F.);
#3265 = ORIENTED_EDGE('',*,*,#1656,.T.);
#3266 = ORIENTED_EDGE('',*,*,#1736,.T.);
#3267 = ORIENTED_EDGE('',*,*,#1812,.F.);
#3268 = ADVANCED_FACE('',(#3269),#1597,.F.);
#3269 = FACE_BOUND('',#3270,.F.);
#3270 = EDGE_LOOP('',(#3271,#3272,#3273,#3274));
#3271 = ORIENTED_EDGE('',*,*,#2712,.F.);
#3272 = ORIENTED_EDGE('',*,*,#1581,.T.);
#3273 = ORIENTED_EDGE('',*,*,#2614,.T.);
#3274 = ORIENTED_EDGE('',*,*,#2663,.F.);
#3275 = ADVANCED_FACE('',(#3276),#1897,.T.);
#3276 = FACE_BOUND('',#3277,.T.);
#3277 = EDGE_LOOP('',(#3278,#3279,#3280,#3281));
#3278 = ORIENTED_EDGE('',*,*,#2013,.F.);
#3279 = ORIENTED_EDGE('',*,*,#1883,.T.);
#3280 = ORIENTED_EDGE('',*,*,#1937,.T.);
#3281 = ORIENTED_EDGE('',*,*,#1986,.F.);
#3282 = ADVANCED_FACE('',(#3283),#2194,.T.);
#3283 = FACE_BOUND('',#3284,.T.);
#3284 = EDGE_LOOP('',(#3285,#3286,#3287,#3288));
#3285 = ORIENTED_EDGE('',*,*,#2307,.F.);
#3286 = ORIENTED_EDGE('',*,*,#2178,.T.);
#3287 = ORIENTED_EDGE('',*,*,#2258,.T.);
#3288 = ORIENTED_EDGE('',*,*,#2334,.F.);
#3289 = ADVANCED_FACE('',(#3290),#2119,.F.);
#3290 = FACE_BOUND('',#3291,.F.);
#3291 = EDGE_LOOP('',(#3292,#3293,#3294,#3295));
#3292 = ORIENTED_EDGE('',*,*,#3038,.F.);
#3293 = ORIENTED_EDGE('',*,*,#2103,.T.);
#3294 = ORIENTED_EDGE('',*,*,#2940,.T.);
#3295 = ORIENTED_EDGE('',*,*,#2989,.F.);
#3296 = ADVANCED_FACE('',(#3297),#2446,.T.);
#3297 = FACE_BOUND('',#3298,.T.);
#3298 = EDGE_LOOP('',(#3299,#3300,#3301,#3302));
#3299 = ORIENTED_EDGE('',*,*,#2535,.F.);
#3300 = ORIENTED_EDGE('',*,*,#2432,.T.);
#3301 = ORIENTED_EDGE('',*,*,#2486,.T.);
#3302 = ORIENTED_EDGE('',*,*,#2562,.F.);
#3303 = ADVANCED_FACE('',(#3304),#2777,.F.);
#3304 = FACE_BOUND('',#3305,.F.);
#3305 = EDGE_LOOP('',(#3306,#3307,#3308,#3309));
#3306 = ORIENTED_EDGE('',*,*,#2913,.F.);
#3307 = ORIENTED_EDGE('',*,*,#2761,.T.);
#3308 = ORIENTED_EDGE('',*,*,#2815,.T.);
#3309 = ORIENTED_EDGE('',*,*,#2864,.F.);
#3310 = ADVANCED_FACE('',(#3311),#3103,.F.);
#3311 = FACE_BOUND('',#3312,.F.);
#3312 = EDGE_LOOP('',(#3313,#3314,#3315,#3316));
#3313 = ORIENTED_EDGE('',*,*,#3190,.F.);
#3314 = ORIENTED_EDGE('',*,*,#3087,.T.);
#3315 = ORIENTED_EDGE('',*,*,#3141,.T.);
#3316 = ORIENTED_EDGE('',*,*,#3239,.F.);
#3317 = ( GEOMETRIC_REPRESENTATION_CONTEXT(3) 
GLOBAL_UNCERTAINTY_ASSIGNED_CONTEXT((#3321)) 
GLOBAL_UNIT_ASSIGNED_CONTEXT((#3318,#3319,#3320)) REPRESENTATION_CONTEXT
('Context #1','3D Context with UNIT and UNCERTAINTY') );
#3318 = ( LENGTH_UNIT() NAMED_UNIT(*) SI_UNIT(.MILLI.,.METRE.) );
#3319 = ( NAMED_UNIT(*) PLANE_ANGLE_UNIT() SI_UNIT($,.RADIAN.) );
#3320 = ( NAMED_UNIT(*) SI_UNIT($,.STERADIAN.) SOLID_ANGLE_UNIT() );
#3321 = UNCERTAINTY_MEASURE_WITH_UNIT(LENGTH_MEASURE(1.E-07),#3318,
  'distance_accuracy_value','confusion accuracy');
#3322 = PRODUCT_RELATED_PRODUCT_CATEGORY('part',$,(#7));
ENDSEC;
END-ISO-10303-21;
